2026-03-19 00:42:03,017 - Server_DefaultID - INFO - Server model moved to device: cuda:0
2026-03-19 00:43:04,806 - Server_DefaultID - INFO - Starting Optimized FedUG Training Process
2026-03-19 00:43:04,807 - Server_DefaultID - INFO - --- Global Round 1/200 ---
2026-03-19 00:43:04,807 - Server_DefaultID - INFO - Selected 30 active clients for round 1.
2026-03-19 00:43:04,807 - Server_DefaultID - INFO - Training client 35 (1/30)...
2026-03-19 00:43:06,886 - Server_DefaultID - INFO - Client 35: Acc=67.60, Loss=-42.4621, NLL=-148.7879, KL=4.9982, AvgS=64.64, ProxLoss=0.0000
2026-03-19 00:43:06,886 - Server_DefaultID - INFO - Training client 87 (2/30)...
2026-03-19 00:43:08,883 - Server_DefaultID - INFO - Client 87: Acc=42.54, Loss=-112.9066, NLL=-388.2412, KL=8.9884, AvgS=166.41, ProxLoss=0.0000
2026-03-19 00:43:08,883 - Server_DefaultID - INFO - Training client 38 (3/30)...
2026-03-19 00:43:09,630 - Server_DefaultID - INFO - Client 38: Acc=56.72, Loss=-27.7076, NLL=-97.4024, KL=3.5620, AvgS=43.08, ProxLoss=0.0000
2026-03-19 00:43:09,630 - Server_DefaultID - INFO - Training client 74 (4/30)...
2026-03-19 00:43:11,823 - Server_DefaultID - INFO - Client 74: Acc=60.39, Loss=-56.7811, NLL=-200.9738, KL=6.0725, AvgS=86.55, ProxLoss=0.0000
2026-03-19 00:43:11,823 - Server_DefaultID - INFO - Training client 17 (5/30)...
2026-03-19 00:43:12,565 - Server_DefaultID - INFO - Client 17: Acc=64.84, Loss=-26.7679, NLL=-96.0389, KL=3.4246, AvgS=42.47, ProxLoss=0.0000
2026-03-19 00:43:12,565 - Server_DefaultID - INFO - Training client 10 (6/30)...
2026-03-19 00:43:13,935 - Server_DefaultID - INFO - Client 10: Acc=54.77, Loss=-56.0123, NLL=-194.8392, KL=6.1230, AvgS=83.96, ProxLoss=0.0000
2026-03-19 00:43:13,935 - Server_DefaultID - INFO - Training client 43 (7/30)...
2026-03-19 00:43:17,093 - Server_DefaultID - INFO - Client 43: Acc=54.26, Loss=-193.6090, NLL=-664.3501, KL=11.3874, AvgS=285.21, ProxLoss=0.0000
2026-03-19 00:43:17,093 - Server_DefaultID - INFO - Training client 91 (8/30)...
2026-03-19 00:43:18,052 - Server_DefaultID - INFO - Client 91: Acc=71.35, Loss=-41.9300, NLL=-150.3754, KL=5.0507, AvgS=65.15, ProxLoss=0.0000
2026-03-19 00:43:18,052 - Server_DefaultID - INFO - Training client 93 (9/30)...
2026-03-19 00:43:18,691 - Server_DefaultID - INFO - Client 93: Acc=51.41, Loss=-26.6563, NLL=-95.4325, KL=3.4760, AvgS=42.11, ProxLoss=0.0000
2026-03-19 00:43:18,691 - Server_DefaultID - INFO - Training client 20 (10/30)...
2026-03-19 00:43:20,637 - Server_DefaultID - INFO - Client 20: Acc=59.58, Loss=-96.5439, NLL=-330.4774, KL=8.1916, AvgS=141.75, ProxLoss=0.0000
2026-03-19 00:43:20,637 - Server_DefaultID - INFO - Training client 21 (11/30)...
2026-03-19 00:43:23,161 - Server_DefaultID - INFO - Client 21: Acc=29.57, Loss=-130.6226, NLL=-450.5982, KL=9.6425, AvgS=193.14, ProxLoss=0.0000
2026-03-19 00:43:23,162 - Server_DefaultID - INFO - Training client 26 (12/30)...
2026-03-19 00:43:27,969 - Server_DefaultID - INFO - Client 26: Acc=32.94, Loss=-310.0403, NLL=-1067.2454, KL=13.5448, AvgS=459.14, ProxLoss=0.0000
2026-03-19 00:43:27,969 - Server_DefaultID - INFO - Training client 83 (13/30)...
2026-03-19 00:43:30,800 - Server_DefaultID - INFO - Client 83: Acc=15.19, Loss=-176.0052, NLL=-611.0897, KL=10.9142, AvgS=262.21, ProxLoss=0.0000
2026-03-19 00:43:30,800 - Server_DefaultID - INFO - Training client 39 (14/30)...
2026-03-19 00:43:34,883 - Server_DefaultID - INFO - Client 39: Acc=49.19, Loss=-307.5289, NLL=-1049.6223, KL=13.4799, AvgS=451.52, ProxLoss=0.0000
2026-03-19 00:43:34,883 - Server_DefaultID - INFO - Training client 30 (15/30)...
2026-03-19 00:43:37,007 - Server_DefaultID - INFO - Client 30: Acc=80.86, Loss=-123.1615, NLL=-433.1421, KL=9.3607, AvgS=185.85, ProxLoss=0.0000
2026-03-19 00:43:37,007 - Server_DefaultID - INFO - Training client 68 (16/30)...
2026-03-19 00:43:39,719 - Server_DefaultID - INFO - Client 68: Acc=70.69, Loss=-156.2273, NLL=-541.9250, KL=10.4285, AvgS=232.49, ProxLoss=0.0000
2026-03-19 00:43:39,719 - Server_DefaultID - INFO - Training client 34 (17/30)...
2026-03-19 00:43:40,688 - Server_DefaultID - INFO - Client 34: Acc=72.08, Loss=-41.7638, NLL=-146.9856, KL=4.9453, AvgS=63.82, ProxLoss=0.0000
2026-03-19 00:43:40,689 - Server_DefaultID - INFO - Training client 18 (18/30)...
2026-03-19 00:43:45,388 - Server_DefaultID - INFO - Client 18: Acc=60.42, Loss=-280.1900, NLL=-955.4354, KL=13.0213, AvgS=410.84, ProxLoss=0.0000
2026-03-19 00:43:45,388 - Server_DefaultID - INFO - Training client 69 (19/30)...
2026-03-19 00:43:46,176 - Server_DefaultID - INFO - Client 69: Acc=31.56, Loss=-26.1902, NLL=-93.8944, KL=3.3891, AvgS=41.46, ProxLoss=0.0000
2026-03-19 00:43:46,176 - Server_DefaultID - INFO - Training client 52 (20/30)...
2026-03-19 00:43:47,205 - Server_DefaultID - INFO - Client 52: Acc=68.23, Loss=-40.6702, NLL=-144.8660, KL=4.8576, AvgS=62.88, ProxLoss=0.0000
2026-03-19 00:43:47,205 - Server_DefaultID - INFO - Training client 57 (21/30)...
2026-03-19 00:43:51,852 - Server_DefaultID - INFO - Client 57: Acc=78.18, Loss=-309.2629, NLL=-1054.8000, KL=13.4389, AvgS=453.79, ProxLoss=0.0000
2026-03-19 00:43:51,852 - Server_DefaultID - INFO - Training client 13 (22/30)...
2026-03-19 00:43:52,344 - Server_DefaultID - INFO - Client 13: Acc=58.75, Loss=-15.9566, NLL=-58.6221, KL=2.0466, AvgS=27.05, ProxLoss=0.0000
2026-03-19 00:43:52,344 - Server_DefaultID - INFO - Training client 89 (23/30)...
2026-03-19 00:43:56,312 - Server_DefaultID - INFO - Client 89: Acc=27.23, Loss=-272.8805, NLL=-938.2447, KL=12.8388, AvgS=403.43, ProxLoss=0.0000
2026-03-19 00:43:56,312 - Server_DefaultID - INFO - Training client 75 (24/30)...
2026-03-19 00:43:58,619 - Server_DefaultID - INFO - Client 75: Acc=76.56, Loss=-130.5440, NLL=-453.1259, KL=9.7109, AvgS=194.27, ProxLoss=0.0000
2026-03-19 00:43:58,619 - Server_DefaultID - INFO - Training client 71 (25/30)...
2026-03-19 00:43:59,405 - Server_DefaultID - INFO - Client 71: Acc=71.41, Loss=-29.1202, NLL=-102.5892, KL=3.7197, AvgS=45.27, ProxLoss=0.0000
2026-03-19 00:43:59,405 - Server_DefaultID - INFO - Training client 8 (26/30)...
2026-03-19 00:44:00,155 - Server_DefaultID - INFO - Client 8: Acc=40.00, Loss=-25.3817, NLL=-92.7443, KL=3.1529, AvgS=40.93, ProxLoss=0.0000
2026-03-19 00:44:00,155 - Server_DefaultID - INFO - Training client 51 (27/30)...
2026-03-19 00:44:00,890 - Server_DefaultID - INFO - Client 51: Acc=50.31, Loss=-26.4859, NLL=-94.4300, KL=3.4044, AvgS=41.77, ProxLoss=0.0000
2026-03-19 00:44:00,890 - Server_DefaultID - INFO - Training client 60 (28/30)...
2026-03-19 00:44:01,850 - Server_DefaultID - INFO - Client 60: Acc=71.15, Loss=-40.6445, NLL=-145.2871, KL=4.8134, AvgS=63.02, ProxLoss=0.0000
2026-03-19 00:44:01,850 - Server_DefaultID - INFO - Training client 19 (29/30)...
2026-03-19 00:44:05,666 - Server_DefaultID - INFO - Client 19: Acc=17.14, Loss=-281.1432, NLL=-967.0335, KL=13.0677, AvgS=415.83, ProxLoss=0.0000
2026-03-19 00:44:05,667 - Server_DefaultID - INFO - Training client 47 (30/30)...
2026-03-19 00:44:07,464 - Server_DefaultID - INFO - Client 47: Acc=38.85, Loss=-94.0441, NLL=-325.4712, KL=8.1956, AvgS=139.48, ProxLoss=0.0000
2026-03-19 00:44:07,851 - Server_DefaultID - WARNING - Global prior extremely imbalanced (max/min=1.0), applied adaptive smoothing lam=0.10.
2026-03-19 00:44:07,852 - Server_DefaultID - INFO - Round [1/200] Summary | Avg Client Train Stats:	Loss [-185.9648]	 Acc [50.59]	NLL [-639.6550]	 KL [10.2019]	AvgS [275.08]	 ProxLoss [0.0000]
GlobalPriorAlpha (first 10): [4.938899993896484, 4.9506001472473145, 4.95550012588501, 5.054599761962891, 5.044300079345703, 5.002299785614014, 4.934500217437744, 5.132999897003174, 4.991199970245361, 4.995200157165527]
Round Time: 63.04s
2026-03-19 00:44:07,854 - Server_DefaultID - INFO - --- Global Round 2/200 ---
2026-03-19 00:44:07,854 - Server_DefaultID - INFO - Selected 30 active clients for round 2.
2026-03-19 00:44:07,854 - Server_DefaultID - INFO - Training client 77 (1/30)...
2026-03-19 00:44:11,985 - Server_DefaultID - INFO - Client 77: Acc=54.71, Loss=-290.0915, NLL=-990.6727, KL=13.2098, AvgS=426.04, ProxLoss=0.0000
2026-03-19 00:44:11,985 - Server_DefaultID - INFO - Training client 28 (2/30)...
2026-03-19 00:44:12,549 - Server_DefaultID - INFO - Client 28: Acc=35.94, Loss=-15.7429, NLL=-58.1010, KL=1.9242, AvgS=26.65, ProxLoss=0.0000
2026-03-19 00:44:12,549 - Server_DefaultID - INFO - Training client 14 (3/30)...
2026-03-19 00:44:15,091 - Server_DefaultID - INFO - Client 14: Acc=75.07, Loss=-151.2650, NLL=-524.7512, KL=10.2862, AvgS=225.15, ProxLoss=0.0000
2026-03-19 00:44:15,092 - Server_DefaultID - INFO - Training client 51 (4/30)...
2026-03-19 00:44:15,790 - Server_DefaultID - INFO - Client 51: Acc=46.09, Loss=-54.2466, NLL=-187.8717, KL=5.9399, AvgS=80.87, ProxLoss=0.0000
2026-03-19 00:44:15,790 - Server_DefaultID - INFO - Training client 85 (5/30)...
2026-03-19 00:44:20,276 - Server_DefaultID - INFO - Client 85: Acc=19.24, Loss=-225.6905, NLL=-781.3865, KL=12.0643, AvgS=335.66, ProxLoss=0.0000
2026-03-19 00:44:20,276 - Server_DefaultID - INFO - Training client 60 (6/30)...
2026-03-19 00:44:21,273 - Server_DefaultID - INFO - Client 60: Acc=62.29, Loss=-84.7985, NLL=-297.2471, KL=7.7987, AvgS=127.44, ProxLoss=0.0000
2026-03-19 00:44:21,274 - Server_DefaultID - INFO - Training client 33 (7/30)...
2026-03-19 00:44:23,366 - Server_DefaultID - INFO - Client 33: Acc=39.51, Loss=-114.9034, NLL=-395.4100, KL=8.9120, AvgS=169.49, ProxLoss=0.0000
2026-03-19 00:44:23,366 - Server_DefaultID - INFO - Training client 23 (8/30)...
2026-03-19 00:44:23,863 - Server_DefaultID - INFO - Client 23: Acc=78.64, Loss=-16.4970, NLL=-59.2775, KL=2.1796, AvgS=27.53, ProxLoss=0.0000
2026-03-19 00:44:23,863 - Server_DefaultID - INFO - Training client 88 (9/30)...
2026-03-19 00:44:25,622 - Server_DefaultID - INFO - Client 88: Acc=40.52, Loss=-91.9616, NLL=-319.7914, KL=7.8543, AvgS=137.19, ProxLoss=0.0000
2026-03-19 00:44:25,623 - Server_DefaultID - INFO - Training client 81 (10/30)...
2026-03-19 00:44:27,537 - Server_DefaultID - INFO - Client 81: Acc=45.18, Loss=-113.3370, NLL=-393.6237, KL=8.9579, AvgS=168.72, ProxLoss=0.0000
2026-03-19 00:44:27,537 - Server_DefaultID - INFO - Training client 6 (11/30)...
2026-03-19 00:44:28,578 - Server_DefaultID - INFO - Client 6: Acc=80.00, Loss=-42.3833, NLL=-149.7699, KL=5.0474, AvgS=65.00, ProxLoss=0.0000
2026-03-19 00:44:28,578 - Server_DefaultID - INFO - Training client 97 (12/30)...
2026-03-19 00:44:35,470 - Server_DefaultID - INFO - Client 97: Acc=99.56, Loss=-342.3695, NLL=-1161.2448, KL=13.9616, AvgS=499.77, ProxLoss=0.0000
2026-03-19 00:44:35,471 - Server_DefaultID - INFO - Training client 34 (13/30)...
2026-03-19 00:44:36,519 - Server_DefaultID - INFO - Client 34: Acc=64.48, Loss=-87.6266, NLL=-302.8143, KL=7.8075, AvgS=129.94, ProxLoss=0.0000
2026-03-19 00:44:36,519 - Server_DefaultID - INFO - Training client 93 (14/30)...
2026-03-19 00:44:37,202 - Server_DefaultID - INFO - Client 93: Acc=43.12, Loss=-55.0314, NLL=-191.4555, KL=6.0024, AvgS=82.38, ProxLoss=0.0000
2026-03-19 00:44:37,202 - Server_DefaultID - INFO - Training client 98 (15/30)...
2026-03-19 00:44:38,302 - Server_DefaultID - INFO - Client 98: Acc=80.10, Loss=-42.4557, NLL=-150.9742, KL=5.0947, AvgS=65.48, ProxLoss=0.0000
2026-03-19 00:44:38,302 - Server_DefaultID - INFO - Training client 32 (16/30)...
2026-03-19 00:44:39,949 - Server_DefaultID - INFO - Client 32: Acc=52.08, Loss=-93.5079, NLL=-324.4488, KL=8.2075, AvgS=139.06, ProxLoss=0.0000
2026-03-19 00:44:39,949 - Server_DefaultID - INFO - Training client 68 (17/30)...
2026-03-19 00:44:42,549 - Server_DefaultID - INFO - Client 68: Acc=67.50, Loss=-333.1683, NLL=-1135.8516, KL=13.8577, AvgS=488.80, ProxLoss=0.0000
2026-03-19 00:44:42,549 - Server_DefaultID - INFO - Training client 21 (18/30)...
2026-03-19 00:44:44,898 - Server_DefaultID - INFO - Client 21: Acc=37.93, Loss=-316.1203, NLL=-1070.1343, KL=13.5773, AvgS=460.40, ProxLoss=0.0000
2026-03-19 00:44:44,898 - Server_DefaultID - INFO - Training client 82 (19/30)...
2026-03-19 00:44:46,531 - Server_DefaultID - INFO - Client 82: Acc=59.19, Loss=-70.2693, NLL=-248.2019, KL=6.9235, AvgS=106.62, ProxLoss=0.0000
2026-03-19 00:44:46,531 - Server_DefaultID - INFO - Training client 73 (20/30)...
2026-03-19 00:44:51,069 - Server_DefaultID - INFO - Client 73: Acc=58.10, Loss=-247.3034, NLL=-848.4932, KL=12.4937, AvgS=364.66, ProxLoss=0.0000
2026-03-19 00:44:51,069 - Server_DefaultID - INFO - Training client 26 (21/30)...
2026-03-19 00:44:55,616 - Server_DefaultID - INFO - Client 26: Acc=94.26, Loss=-343.8365, NLL=-1161.6841, KL=13.9633, AvgS=499.96, ProxLoss=0.0000
2026-03-19 00:44:55,616 - Server_DefaultID - INFO - Training client 46 (22/30)...
2026-03-19 00:44:57,921 - Server_DefaultID - INFO - Client 46: Acc=51.37, Loss=-131.1467, NLL=-453.0273, KL=9.6126, AvgS=194.19, ProxLoss=0.0000
2026-03-19 00:44:57,921 - Server_DefaultID - INFO - Training client 95 (23/30)...
2026-03-19 00:45:00,508 - Server_DefaultID - INFO - Client 95: Acc=58.44, Loss=-151.1970, NLL=-525.5326, KL=10.3196, AvgS=225.42, ProxLoss=0.0000
2026-03-19 00:45:00,508 - Server_DefaultID - INFO - Training client 27 (24/30)...
2026-03-19 00:45:01,499 - Server_DefaultID - INFO - Client 27: Acc=63.54, Loss=-41.9872, NLL=-147.3265, KL=4.9957, AvgS=63.98, ProxLoss=0.0000
2026-03-19 00:45:01,499 - Server_DefaultID - INFO - Training client 31 (25/30)...
2026-03-19 00:45:04,022 - Server_DefaultID - INFO - Client 31: Acc=70.00, Loss=-160.2202, NLL=-550.4793, KL=10.5482, AvgS=236.17, ProxLoss=0.0000
2026-03-19 00:45:04,022 - Server_DefaultID - INFO - Training client 58 (26/30)...
2026-03-19 00:45:06,185 - Server_DefaultID - INFO - Client 58: Acc=60.94, Loss=-106.2331, NLL=-374.6090, KL=8.7694, AvgS=160.57, ProxLoss=0.0000
2026-03-19 00:45:06,185 - Server_DefaultID - INFO - Training client 24 (27/30)...
2026-03-19 00:45:06,744 - Server_DefaultID - INFO - Client 24: Acc=58.12, Loss=-16.8421, NLL=-60.2012, KL=2.2630, AvgS=27.90, ProxLoss=0.0000
2026-03-19 00:45:06,744 - Server_DefaultID - INFO - Training client 76 (28/30)...
2026-03-19 00:45:09,136 - Server_DefaultID - INFO - Client 76: Acc=70.74, Loss=-131.1085, NLL=-448.6047, KL=9.6158, AvgS=192.37, ProxLoss=0.0000
2026-03-19 00:45:09,136 - Server_DefaultID - INFO - Training client 47 (29/30)...
2026-03-19 00:45:10,971 - Server_DefaultID - INFO - Client 47: Acc=32.34, Loss=-219.3959, NLL=-745.2176, KL=11.9171, AvgS=320.04, ProxLoss=0.0000
2026-03-19 00:45:10,971 - Server_DefaultID - INFO - Training client 75 (30/30)...
2026-03-19 00:45:13,297 - Server_DefaultID - INFO - Client 75: Acc=55.78, Loss=-311.5276, NLL=-1062.4597, KL=13.5493, AvgS=457.08, ProxLoss=0.0000
2026-03-19 00:45:13,563 - Server_DefaultID - WARNING - Global prior extremely imbalanced (max/min=1.1), applied adaptive smoothing lam=0.11.
2026-03-19 00:45:13,563 - Server_DefaultID - INFO - Round [2/200] Summary | Avg Client Train Stats:	Loss [-205.5311]	 Acc [62.25]	NLL [-703.1327]	 KL [10.8904]	AvgS [302.29]	 ProxLoss [0.0000]
GlobalPriorAlpha (first 10): [5.04640007019043, 5.3460001945495605, 5.0015997886657715, 4.85860013961792, 4.9527997970581055, 5.094600200653076, 4.833499908447266, 5.3333001136779785, 4.739200115203857, 4.794000148773193]
Round Time: 65.71s
2026-03-19 00:45:13,565 - Server_DefaultID - INFO - --- Global Round 3/200 ---
2026-03-19 00:45:13,566 - Server_DefaultID - INFO - Selected 30 active clients for round 3.
2026-03-19 00:45:13,566 - Server_DefaultID - INFO - Training client 64 (1/30)...
2026-03-19 00:45:14,085 - Server_DefaultID - INFO - Client 64: Acc=69.38, Loss=-16.4342, NLL=-59.5311, KL=2.1780, AvgS=27.60, ProxLoss=0.0000
2026-03-19 00:45:14,085 - Server_DefaultID - INFO - Training client 96 (2/30)...
2026-03-19 00:45:16,455 - Server_DefaultID - INFO - Client 96: Acc=70.56, Loss=-153.4498, NLL=-528.9579, KL=10.2942, AvgS=226.93, ProxLoss=0.0000
2026-03-19 00:45:16,455 - Server_DefaultID - INFO - Training client 48 (3/30)...
2026-03-19 00:45:20,954 - Server_DefaultID - INFO - Client 48: Acc=79.85, Loss=-330.4364, NLL=-1124.2298, KL=13.8065, AvgS=483.78, ProxLoss=0.0000
2026-03-19 00:45:20,954 - Server_DefaultID - INFO - Training client 18 (4/30)...
2026-03-19 00:45:24,882 - Server_DefaultID - INFO - Client 18: Acc=83.88, Loss=-344.8810, NLL=-1161.6272, KL=13.9631, AvgS=499.94, ProxLoss=0.0000
2026-03-19 00:45:24,883 - Server_DefaultID - INFO - Training client 57 (5/30)...
2026-03-19 00:45:29,581 - Server_DefaultID - INFO - Client 57: Acc=93.84, Loss=-344.4243, NLL=-1161.6329, KL=13.9631, AvgS=499.94, ProxLoss=0.0000
2026-03-19 00:45:29,581 - Server_DefaultID - INFO - Training client 53 (6/30)...
2026-03-19 00:45:32,333 - Server_DefaultID - INFO - Client 53: Acc=16.16, Loss=-176.5085, NLL=-611.9379, KL=10.8291, AvgS=262.62, ProxLoss=0.0000
2026-03-19 00:45:32,334 - Server_DefaultID - INFO - Training client 15 (7/30)...
2026-03-19 00:45:33,048 - Server_DefaultID - INFO - Client 15: Acc=69.69, Loss=-27.9111, NLL=-99.5111, KL=3.6289, AvgS=44.09, ProxLoss=0.0000
2026-03-19 00:45:33,049 - Server_DefaultID - INFO - Training client 32 (8/30)...
2026-03-19 00:45:34,705 - Server_DefaultID - INFO - Client 32: Acc=49.38, Loss=-215.8741, NLL=-735.2546, KL=11.8335, AvgS=315.78, ProxLoss=0.0000
2026-03-19 00:45:34,705 - Server_DefaultID - INFO - Training client 63 (9/30)...
2026-03-19 00:45:36,217 - Server_DefaultID - INFO - Client 63: Acc=64.81, Loss=-74.1246, NLL=-260.4978, KL=7.2503, AvgS=111.81, ProxLoss=0.0000
2026-03-19 00:45:36,217 - Server_DefaultID - INFO - Training client 66 (10/30)...
2026-03-19 00:45:39,469 - Server_DefaultID - INFO - Client 66: Acc=52.59, Loss=-118.4392, NLL=-410.0578, KL=9.2613, AvgS=175.68, ProxLoss=0.0000
2026-03-19 00:45:39,470 - Server_DefaultID - INFO - Training client 35 (11/30)...
2026-03-19 00:45:40,577 - Server_DefaultID - INFO - Client 35: Acc=64.69, Loss=-86.4809, NLL=-298.8351, KL=7.8022, AvgS=128.21, ProxLoss=0.0000
2026-03-19 00:45:40,577 - Server_DefaultID - INFO - Training client 43 (12/30)...
2026-03-19 00:45:43,596 - Server_DefaultID - INFO - Client 43: Acc=61.31, Loss=-343.9683, NLL=-1161.0022, KL=13.9606, AvgS=499.67, ProxLoss=0.0000
2026-03-19 00:45:43,596 - Server_DefaultID - INFO - Training client 2 (13/30)...
2026-03-19 00:45:46,121 - Server_DefaultID - INFO - Client 2: Acc=16.11, Loss=-147.6256, NLL=-511.1384, KL=10.0436, AvgS=219.20, ProxLoss=0.0000
2026-03-19 00:45:46,121 - Server_DefaultID - INFO - Training client 52 (14/30)...
2026-03-19 00:45:47,148 - Server_DefaultID - INFO - Client 52: Acc=66.77, Loss=-83.0793, NLL=-290.3212, KL=7.6025, AvgS=124.56, ProxLoss=0.0000
2026-03-19 00:45:47,149 - Server_DefaultID - INFO - Training client 12 (15/30)...
2026-03-19 00:45:48,739 - Server_DefaultID - INFO - Client 12: Acc=50.88, Loss=-73.5435, NLL=-256.3213, KL=7.1110, AvgS=110.03, ProxLoss=0.0000
2026-03-19 00:45:48,739 - Server_DefaultID - INFO - Training client 10 (16/30)...
2026-03-19 00:45:49,958 - Server_DefaultID - INFO - Client 10: Acc=47.19, Loss=-124.3656, NLL=-425.1476, KL=9.4499, AvgS=182.25, ProxLoss=0.0000
2026-03-19 00:45:49,959 - Server_DefaultID - INFO - Training client 97 (17/30)...
2026-03-19 00:45:56,750 - Server_DefaultID - INFO - Client 97: Acc=99.58, Loss=-342.5857, NLL=-1161.7360, KL=13.9635, AvgS=499.99, ProxLoss=0.0000
2026-03-19 00:45:56,750 - Server_DefaultID - INFO - Training client 95 (18/30)...
2026-03-19 00:45:59,315 - Server_DefaultID - INFO - Client 95: Acc=62.05, Loss=-338.0236, NLL=-1149.0180, KL=13.9122, AvgS=494.49, ProxLoss=0.0000
2026-03-19 00:45:59,315 - Server_DefaultID - INFO - Training client 83 (19/30)...
2026-03-19 00:46:01,908 - Server_DefaultID - INFO - Client 83: Acc=99.69, Loss=-337.6430, NLL=-1150.8340, KL=13.9188, AvgS=495.28, ProxLoss=0.0000
2026-03-19 00:46:01,908 - Server_DefaultID - INFO - Training client 24 (20/30)...
2026-03-19 00:46:02,414 - Server_DefaultID - INFO - Client 24: Acc=61.88, Loss=-28.2647, NLL=-98.3921, KL=3.6943, AvgS=43.65, ProxLoss=0.0000
2026-03-19 00:46:02,414 - Server_DefaultID - INFO - Training client 61 (21/30)...
2026-03-19 00:46:03,865 - Server_DefaultID - INFO - Client 61: Acc=61.38, Loss=-76.1693, NLL=-262.6649, KL=7.3067, AvgS=112.80, ProxLoss=0.0000
2026-03-19 00:46:03,865 - Server_DefaultID - INFO - Training client 21 (22/30)...
2026-03-19 00:46:06,089 - Server_DefaultID - INFO - Client 21: Acc=49.77, Loss=-346.0420, NLL=-1161.4418, KL=13.9623, AvgS=499.86, ProxLoss=0.0000
2026-03-19 00:46:06,089 - Server_DefaultID - INFO - Training client 70 (23/30)...
2026-03-19 00:46:07,445 - Server_DefaultID - INFO - Client 70: Acc=60.44, Loss=-73.6760, NLL=-259.9349, KL=7.0489, AvgS=111.63, ProxLoss=0.0000
2026-03-19 00:46:07,445 - Server_DefaultID - INFO - Training client 44 (24/30)...
2026-03-19 00:46:09,984 - Server_DefaultID - INFO - Client 44: Acc=67.33, Loss=-140.1175, NLL=-487.2669, KL=9.9365, AvgS=208.99, ProxLoss=0.0000
2026-03-19 00:46:09,984 - Server_DefaultID - INFO - Training client 69 (25/30)...
2026-03-19 00:46:10,708 - Server_DefaultID - INFO - Client 69: Acc=27.97, Loss=-55.1720, NLL=-192.0650, KL=6.0378, AvgS=82.61, ProxLoss=0.0000
2026-03-19 00:46:10,708 - Server_DefaultID - INFO - Training client 27 (26/30)...
2026-03-19 00:46:12,599 - Server_DefaultID - INFO - Client 27: Acc=45.52, Loss=-84.3400, NLL=-292.9730, KL=7.6921, AvgS=125.70, ProxLoss=0.0000
2026-03-19 00:46:12,599 - Server_DefaultID - INFO - Training client 87 (27/30)...
2026-03-19 00:46:14,576 - Server_DefaultID - INFO - Client 87: Acc=30.40, Loss=-267.1201, NLL=-908.1486, KL=12.8369, AvgS=390.41, ProxLoss=0.0000
2026-03-19 00:46:14,576 - Server_DefaultID - INFO - Training client 51 (28/30)...
2026-03-19 00:46:15,395 - Server_DefaultID - INFO - Client 51: Acc=34.84, Loss=-85.2405, NLL=-293.0624, KL=7.7300, AvgS=125.64, ProxLoss=0.0000
2026-03-19 00:46:15,395 - Server_DefaultID - INFO - Training client 38 (29/30)...
2026-03-19 00:46:16,084 - Server_DefaultID - INFO - Client 38: Acc=52.66, Loss=-55.9053, NLL=-192.5058, KL=6.0591, AvgS=82.91, ProxLoss=0.0000
2026-03-19 00:46:16,084 - Server_DefaultID - INFO - Training client 76 (30/30)...
2026-03-19 00:46:18,259 - Server_DefaultID - INFO - Client 76: Acc=68.55, Loss=-308.8574, NLL=-1045.1599, KL=13.4731, AvgS=449.65, ProxLoss=0.0000
2026-03-19 00:46:18,503 - Server_DefaultID - WARNING - Global prior extremely imbalanced (max/min=1.1), applied adaptive smoothing lam=0.11.
2026-03-19 00:46:18,503 - Server_DefaultID - INFO - Round [3/200] Summary | Avg Client Train Stats:	Loss [-238.7478]	 Acc [66.27]	NLL [-812.1348]	 KL [11.5744]	AvgS [349.30]	 ProxLoss [0.0000]
GlobalPriorAlpha (first 10): [5.144100189208984, 5.1545000076293945, 4.811800003051758, 5.053500175476074, 4.916999816894531, 4.993899822235107, 4.817200183868408, 5.261300086975098, 4.815400123596191, 5.031400203704834]
Round Time: 64.94s
2026-03-19 00:46:18,505 - Server_DefaultID - INFO - --- Global Round 4/200 ---
2026-03-19 00:46:18,505 - Server_DefaultID - INFO - Selected 30 active clients for round 4.
2026-03-19 00:46:18,505 - Server_DefaultID - INFO - Training client 63 (1/30)...
2026-03-19 00:46:19,913 - Server_DefaultID - INFO - Client 63: Acc=59.31, Loss=-165.4557, NLL=-568.9056, KL=10.6901, AvgS=244.09, ProxLoss=0.0000
2026-03-19 00:46:19,914 - Server_DefaultID - INFO - Training client 19 (2/30)...
2026-03-19 00:46:23,759 - Server_DefaultID - INFO - Client 19: Acc=95.36, Loss=-343.2453, NLL=-1161.4626, KL=13.9624, AvgS=499.87, ProxLoss=0.0000
2026-03-19 00:46:23,759 - Server_DefaultID - INFO - Training client 49 (3/30)...
2026-03-19 00:46:25,851 - Server_DefaultID - INFO - Client 49: Acc=60.67, Loss=-110.2431, NLL=-385.5544, KL=8.9436, AvgS=165.32, ProxLoss=0.0000
2026-03-19 00:46:25,852 - Server_DefaultID - INFO - Training client 59 (4/30)...
2026-03-19 00:46:28,104 - Server_DefaultID - INFO - Client 59: Acc=71.22, Loss=-148.7576, NLL=-513.4655, KL=10.2159, AvgS=220.24, ProxLoss=0.0000
2026-03-19 00:46:28,104 - Server_DefaultID - INFO - Training client 57 (5/30)...
2026-03-19 00:46:32,540 - Server_DefaultID - INFO - Client 57: Acc=94.01, Loss=-344.2341, NLL=-1161.5991, KL=13.9629, AvgS=499.93, ProxLoss=0.0000
2026-03-19 00:46:32,540 - Server_DefaultID - INFO - Training client 72 (6/30)...
2026-03-19 00:46:33,660 - Server_DefaultID - INFO - Client 72: Acc=39.45, Loss=-52.2806, NLL=-186.9972, KL=5.8251, AvgS=80.45, ProxLoss=0.0000
2026-03-19 00:46:33,660 - Server_DefaultID - INFO - Training client 52 (7/30)...
2026-03-19 00:46:34,614 - Server_DefaultID - INFO - Client 52: Acc=59.17, Loss=-135.4517, NLL=-466.2578, KL=9.7548, AvgS=199.92, ProxLoss=0.0000
2026-03-19 00:46:34,614 - Server_DefaultID - INFO - Training client 24 (8/30)...
2026-03-19 00:46:35,105 - Server_DefaultID - INFO - Client 24: Acc=62.50, Loss=-40.8569, NLL=-140.9952, KL=4.8867, AvgS=61.37, ProxLoss=0.0000
2026-03-19 00:46:35,105 - Server_DefaultID - INFO - Training client 58 (9/30)...
2026-03-19 00:46:37,073 - Server_DefaultID - INFO - Client 58: Acc=48.88, Loss=-257.7302, NLL=-885.6822, KL=12.6872, AvgS=380.72, ProxLoss=0.0000
2026-03-19 00:46:37,073 - Server_DefaultID - INFO - Training client 37 (10/30)...
2026-03-19 00:46:38,272 - Server_DefaultID - INFO - Client 37: Acc=58.12, Loss=-57.3142, NLL=-201.0718, KL=6.1564, AvgS=86.51, ProxLoss=0.0000
2026-03-19 00:46:38,272 - Server_DefaultID - INFO - Training client 92 (11/30)...
2026-03-19 00:46:39,539 - Server_DefaultID - INFO - Client 92: Acc=68.91, Loss=-55.1622, NLL=-195.4517, KL=5.9452, AvgS=84.08, ProxLoss=0.0000
2026-03-19 00:46:39,539 - Server_DefaultID - INFO - Training client 82 (12/30)...
2026-03-19 00:46:41,022 - Server_DefaultID - INFO - Client 82: Acc=49.25, Loss=-157.5606, NLL=-544.9713, KL=10.4471, AvgS=233.79, ProxLoss=0.0000
2026-03-19 00:46:41,022 - Server_DefaultID - INFO - Training client 60 (13/30)...
2026-03-19 00:46:42,086 - Server_DefaultID - INFO - Client 60: Acc=43.33, Loss=-135.9867, NLL=-470.6609, KL=9.7728, AvgS=201.79, ProxLoss=0.0000
2026-03-19 00:46:42,086 - Server_DefaultID - INFO - Training client 66 (14/30)...
2026-03-19 00:46:44,030 - Server_DefaultID - INFO - Client 66: Acc=58.84, Loss=-267.7308, NLL=-912.4843, KL=12.8326, AvgS=392.26, ProxLoss=0.0000
2026-03-19 00:46:44,030 - Server_DefaultID - INFO - Training client 30 (15/30)...
2026-03-19 00:46:47,036 - Server_DefaultID - INFO - Client 30: Acc=68.91, Loss=-294.1220, NLL=-1008.3571, KL=13.2747, AvgS=433.73, ProxLoss=0.0000
2026-03-19 00:46:47,036 - Server_DefaultID - INFO - Training client 2 (16/30)...
2026-03-19 00:46:49,407 - Server_DefaultID - INFO - Client 2: Acc=53.37, Loss=-318.4183, NLL=-1086.9264, KL=13.6288, AvgS=467.65, ProxLoss=0.0000
2026-03-19 00:46:49,407 - Server_DefaultID - INFO - Training client 0 (17/30)...
2026-03-19 00:46:49,827 - Server_DefaultID - INFO - Client 0: Acc=62.50, Loss=-16.4429, NLL=-59.1238, KL=2.1729, AvgS=27.45, ProxLoss=0.0000
2026-03-19 00:46:49,827 - Server_DefaultID - INFO - Training client 4 (18/30)...
2026-03-19 00:46:51,456 - Server_DefaultID - INFO - Client 4: Acc=61.98, Loss=-92.8654, NLL=-320.2857, KL=8.1130, AvgS=137.34, ProxLoss=0.0000
2026-03-19 00:46:51,456 - Server_DefaultID - INFO - Training client 9 (19/30)...
2026-03-19 00:46:53,348 - Server_DefaultID - INFO - Client 9: Acc=56.74, Loss=-114.8668, NLL=-401.3269, KL=9.1372, AvgS=171.93, ProxLoss=0.0000
2026-03-19 00:46:53,348 - Server_DefaultID - INFO - Training client 7 (20/30)...
2026-03-19 00:46:54,884 - Server_DefaultID - INFO - Client 7: Acc=61.15, Loss=-89.9626, NLL=-315.0599, KL=7.9529, AvgS=135.15, ProxLoss=0.0000
2026-03-19 00:46:54,885 - Server_DefaultID - INFO - Training client 41 (21/30)...
2026-03-19 00:46:57,276 - Server_DefaultID - INFO - Client 41: Acc=56.29, Loss=-133.6917, NLL=-465.6182, KL=9.7425, AvgS=199.64, ProxLoss=0.0000
2026-03-19 00:46:57,276 - Server_DefaultID - INFO - Training client 35 (22/30)...
2026-03-19 00:46:58,330 - Server_DefaultID - INFO - Client 35: Acc=64.06, Loss=-142.7757, NLL=-487.5233, KL=10.0167, AvgS=209.08, ProxLoss=0.0000
2026-03-19 00:46:58,330 - Server_DefaultID - INFO - Training client 93 (23/30)...
2026-03-19 00:46:59,015 - Server_DefaultID - INFO - Client 93: Acc=32.50, Loss=-86.0081, NLL=-297.3328, KL=7.8080, AvgS=127.44, ProxLoss=0.0000
2026-03-19 00:46:59,016 - Server_DefaultID - INFO - Training client 71 (24/30)...
2026-03-19 00:46:59,711 - Server_DefaultID - INFO - Client 71: Acc=66.72, Loss=-56.2272, NLL=-195.0019, KL=6.0356, AvgS=84.03, ProxLoss=0.0000
2026-03-19 00:46:59,711 - Server_DefaultID - INFO - Training client 64 (25/30)...
2026-03-19 00:47:00,227 - Server_DefaultID - INFO - Client 64: Acc=73.44, Loss=-27.6758, NLL=-97.6348, KL=3.5721, AvgS=43.35, ProxLoss=0.0000
2026-03-19 00:47:00,227 - Server_DefaultID - INFO - Training client 23 (26/30)...
2026-03-19 00:47:00,681 - Server_DefaultID - INFO - Client 23: Acc=80.00, Loss=-28.0587, NLL=-99.1269, KL=3.7077, AvgS=43.86, ProxLoss=0.0000
2026-03-19 00:47:00,682 - Server_DefaultID - INFO - Training client 26 (27/30)...
2026-03-19 00:47:05,198 - Server_DefaultID - INFO - Client 26: Acc=94.17, Loss=-343.8576, NLL=-1161.7472, KL=13.9635, AvgS=499.99, ProxLoss=0.0000
2026-03-19 00:47:05,198 - Server_DefaultID - INFO - Training client 33 (28/30)...
2026-03-19 00:47:07,037 - Server_DefaultID - INFO - Client 33: Acc=38.17, Loss=-262.2290, NLL=-894.4172, KL=12.6814, AvgS=384.49, ProxLoss=0.0000
2026-03-19 00:47:07,037 - Server_DefaultID - INFO - Training client 78 (29/30)...
2026-03-19 00:47:14,489 - Server_DefaultID - INFO - Client 78: Acc=83.31, Loss=-344.5167, NLL=-1161.6333, KL=13.9631, AvgS=499.94, ProxLoss=0.0000
2026-03-19 00:47:14,489 - Server_DefaultID - INFO - Training client 85 (30/30)...
2026-03-19 00:47:18,431 - Server_DefaultID - INFO - Client 85: Acc=99.77, Loss=-342.2226, NLL=-1161.4692, KL=13.9624, AvgS=499.87, ProxLoss=0.0000
2026-03-19 00:47:18,673 - Server_DefaultID - WARNING - Global prior extremely imbalanced (max/min=1.1), applied adaptive smoothing lam=0.11.
2026-03-19 00:47:18,673 - Server_DefaultID - INFO - Round [4/200] Summary | Avg Client Train Stats:	Loss [-237.0371]	 Acc [71.44]	NLL [-807.0225]	 KL [11.5767]	AvgS [347.08]	 ProxLoss [0.0000]
GlobalPriorAlpha (first 10): [5.032599925994873, 4.952000141143799, 4.962699890136719, 4.863399982452393, 5.014699935913086, 4.918000221252441, 4.9847002029418945, 5.068600177764893, 5.0065999031066895, 5.196800231933594]
Round Time: 60.17s
2026-03-19 00:47:18,675 - Server_DefaultID - INFO - --- Global Round 5/200 ---
2026-03-19 00:47:18,676 - Server_DefaultID - INFO - Selected 30 active clients for round 5.
2026-03-19 00:47:18,676 - Server_DefaultID - INFO - Training client 75 (1/30)...
2026-03-19 00:47:20,870 - Server_DefaultID - INFO - Client 75: Acc=81.02, Loss=-343.4667, NLL=-1161.5103, KL=13.9626, AvgS=499.89, ProxLoss=0.0000
2026-03-19 00:47:20,870 - Server_DefaultID - INFO - Training client 10 (2/30)...
2026-03-19 00:47:22,141 - Server_DefaultID - INFO - Client 10: Acc=39.45, Loss=-210.1446, NLL=-713.8073, KL=11.7512, AvgS=306.51, ProxLoss=0.0000
2026-03-19 00:47:22,141 - Server_DefaultID - INFO - Training client 98 (3/30)...
2026-03-19 00:47:22,992 - Server_DefaultID - INFO - Client 98: Acc=76.56, Loss=-87.0709, NLL=-304.4440, KL=7.9236, AvgS=130.59, ProxLoss=0.0000
2026-03-19 00:47:22,992 - Server_DefaultID - INFO - Training client 87 (4/30)...
2026-03-19 00:47:24,807 - Server_DefaultID - INFO - Client 87: Acc=32.59, Loss=-345.4824, NLL=-1160.1172, KL=13.9571, AvgS=499.29, ProxLoss=0.0000
2026-03-19 00:47:24,807 - Server_DefaultID - INFO - Training client 47 (5/30)...
2026-03-19 00:47:26,478 - Server_DefaultID - INFO - Client 47: Acc=45.36, Loss=-339.4996, NLL=-1144.6201, KL=13.8942, AvgS=492.59, ProxLoss=0.0000
2026-03-19 00:47:26,479 - Server_DefaultID - INFO - Training client 40 (6/30)...
2026-03-19 00:47:28,067 - Server_DefaultID - INFO - Client 40: Acc=63.02, Loss=-96.2434, NLL=-331.4059, KL=8.2557, AvgS=142.16, ProxLoss=0.0000
2026-03-19 00:47:28,067 - Server_DefaultID - INFO - Training client 33 (7/30)...
2026-03-19 00:47:29,992 - Server_DefaultID - INFO - Client 33: Acc=57.14, Loss=-344.1458, NLL=-1157.5989, KL=13.9468, AvgS=498.20, ProxLoss=0.0000
2026-03-19 00:47:29,992 - Server_DefaultID - INFO - Training client 97 (8/30)...
2026-03-19 00:47:36,166 - Server_DefaultID - INFO - Client 97: Acc=99.56, Loss=-342.4404, NLL=-1161.7090, KL=13.9634, AvgS=499.97, ProxLoss=0.0000
2026-03-19 00:47:36,167 - Server_DefaultID - INFO - Training client 31 (9/30)...
2026-03-19 00:47:38,567 - Server_DefaultID - INFO - Client 31: Acc=64.55, Loss=-336.6518, NLL=-1142.4058, KL=13.8856, AvgS=491.63, ProxLoss=0.0000
2026-03-19 00:47:38,567 - Server_DefaultID - INFO - Training client 38 (10/30)...
2026-03-19 00:47:39,197 - Server_DefaultID - INFO - Client 38: Acc=50.47, Loss=-86.6350, NLL=-295.8535, KL=7.8456, AvgS=126.86, ProxLoss=0.0000
2026-03-19 00:47:39,197 - Server_DefaultID - INFO - Training client 66 (11/30)...
2026-03-19 00:47:41,234 - Server_DefaultID - INFO - Client 66: Acc=88.26, Loss=-342.8943, NLL=-1158.2277, KL=13.9496, AvgS=498.47, ProxLoss=0.0000
2026-03-19 00:47:41,234 - Server_DefaultID - INFO - Training client 12 (12/30)...
2026-03-19 00:47:42,674 - Server_DefaultID - INFO - Client 12: Acc=43.12, Loss=-164.0166, NLL=-559.4243, KL=10.5729, AvgS=240.00, ProxLoss=0.0000
2026-03-19 00:47:42,674 - Server_DefaultID - INFO - Training client 82 (13/30)...
2026-03-19 00:47:44,081 - Server_DefaultID - INFO - Client 82: Acc=39.38, Loss=-272.8279, NLL=-932.2529, KL=12.8762, AvgS=400.85, ProxLoss=0.0000
2026-03-19 00:47:44,081 - Server_DefaultID - INFO - Training client 91 (14/30)...
2026-03-19 00:47:45,142 - Server_DefaultID - INFO - Client 91: Acc=73.02, Loss=-85.9350, NLL=-301.4929, KL=7.9302, AvgS=129.25, ProxLoss=0.0000
2026-03-19 00:47:45,142 - Server_DefaultID - INFO - Training client 89 (15/30)...
2026-03-19 00:47:48,857 - Server_DefaultID - INFO - Client 89: Acc=98.55, Loss=-342.9780, NLL=-1161.5043, KL=13.9626, AvgS=499.89, ProxLoss=0.0000
2026-03-19 00:47:48,857 - Server_DefaultID - INFO - Training client 80 (16/30)...
2026-03-19 00:47:49,322 - Server_DefaultID - INFO - Client 80: Acc=56.56, Loss=-16.3641, NLL=-59.6732, KL=2.1436, AvgS=27.50, ProxLoss=0.0000
2026-03-19 00:47:49,322 - Server_DefaultID - INFO - Training client 44 (17/30)...
2026-03-19 00:47:52,674 - Server_DefaultID - INFO - Client 44: Acc=58.65, Loss=-325.8956, NLL=-1113.0978, KL=13.7612, AvgS=478.99, ProxLoss=0.0000
2026-03-19 00:47:52,674 - Server_DefaultID - INFO - Training client 43 (18/30)...
2026-03-19 00:47:55,523 - Server_DefaultID - INFO - Client 43: Acc=62.10, Loss=-344.1882, NLL=-1161.5777, KL=13.9629, AvgS=499.92, ProxLoss=0.0000
2026-03-19 00:47:55,524 - Server_DefaultID - INFO - Training client 26 (19/30)...
2026-03-19 00:47:59,940 - Server_DefaultID - INFO - Client 26: Acc=94.43, Loss=-343.7948, NLL=-1161.7204, KL=13.9634, AvgS=499.98, ProxLoss=0.0000
2026-03-19 00:47:59,940 - Server_DefaultID - INFO - Training client 21 (20/30)...
2026-03-19 00:48:02,228 - Server_DefaultID - INFO - Client 21: Acc=54.10, Loss=-346.0472, NLL=-1161.6341, KL=13.9631, AvgS=499.94, ProxLoss=0.0000
2026-03-19 00:48:02,229 - Server_DefaultID - INFO - Training client 42 (21/30)...
2026-03-19 00:48:03,812 - Server_DefaultID - INFO - Client 42: Acc=51.09, Loss=-92.1812, NLL=-322.3674, KL=8.1202, AvgS=138.13, ProxLoss=0.0000
2026-03-19 00:48:03,812 - Server_DefaultID - INFO - Training client 84 (22/30)...
2026-03-19 00:48:04,218 - Server_DefaultID - INFO - Client 84: Acc=70.19, Loss=-15.7322, NLL=-57.7126, KL=2.0173, AvgS=26.64, ProxLoss=0.0000
2026-03-19 00:48:04,218 - Server_DefaultID - INFO - Training client 17 (23/30)...
2026-03-19 00:48:04,946 - Server_DefaultID - INFO - Client 17: Acc=61.72, Loss=-53.8578, NLL=-188.6187, KL=5.8819, AvgS=81.25, ProxLoss=0.0000
2026-03-19 00:48:04,946 - Server_DefaultID - INFO - Training client 41 (24/30)...
2026-03-19 00:48:07,120 - Server_DefaultID - INFO - Client 41: Acc=55.55, Loss=-314.1339, NLL=-1072.8079, KL=13.5875, AvgS=461.56, ProxLoss=0.0000
2026-03-19 00:48:07,120 - Server_DefaultID - INFO - Training client 27 (25/30)...
2026-03-19 00:48:08,201 - Server_DefaultID - INFO - Client 27: Acc=53.75, Loss=-140.9241, NLL=-482.1374, KL=9.9341, AvgS=206.76, ProxLoss=0.0000
2026-03-19 00:48:08,201 - Server_DefaultID - INFO - Training client 20 (26/30)...
2026-03-19 00:48:09,808 - Server_DefaultID - INFO - Client 20: Acc=51.09, Loss=-216.0651, NLL=-733.0185, KL=11.7722, AvgS=314.85, ProxLoss=0.0000
2026-03-19 00:48:09,808 - Server_DefaultID - INFO - Training client 93 (27/30)...
2026-03-19 00:48:10,537 - Server_DefaultID - INFO - Client 93: Acc=33.91, Loss=-121.3607, NLL=-415.7243, KL=9.2453, AvgS=178.17, ProxLoss=0.0000
2026-03-19 00:48:10,537 - Server_DefaultID - INFO - Training client 39 (28/30)...
2026-03-19 00:48:14,384 - Server_DefaultID - INFO - Client 39: Acc=67.96, Loss=-344.5987, NLL=-1161.6524, KL=13.9632, AvgS=499.95, ProxLoss=0.0000
2026-03-19 00:48:14,384 - Server_DefaultID - INFO - Training client 54 (29/30)...
2026-03-19 00:48:15,054 - Server_DefaultID - INFO - Client 54: Acc=78.91, Loss=-27.0715, NLL=-97.1978, KL=3.5301, AvgS=43.19, ProxLoss=0.0000
2026-03-19 00:48:15,054 - Server_DefaultID - INFO - Training client 37 (30/30)...
2026-03-19 00:48:16,169 - Server_DefaultID - INFO - Client 37: Acc=52.73, Loss=-126.0352, NLL=-432.3423, KL=9.5053, AvgS=185.31, ProxLoss=0.0000
2026-03-19 00:48:16,486 - Server_DefaultID - WARNING - Global prior extremely imbalanced (max/min=1.0), applied adaptive smoothing lam=0.10.
2026-03-19 00:48:16,487 - Server_DefaultID - INFO - Round [5/200] Summary | Avg Client Train Stats:	Loss [-283.3722]	 Acc [68.77]	NLL [-960.2922]	 KL [12.5992]	AvgS [413.16]	 ProxLoss [0.0000]
GlobalPriorAlpha (first 10): [5.056399822235107, 4.999499797821045, 5.007900238037109, 4.924499988555908, 4.990200042724609, 4.905300140380859, 5.012700080871582, 5.026599884033203, 5.068399906158447, 5.008600234985352]
Round Time: 57.81s
2026-03-19 00:48:16,489 - Server_DefaultID - INFO - --- Global Round 6/200 ---
2026-03-19 00:48:16,490 - Server_DefaultID - INFO - Selected 30 active clients for round 6.
2026-03-19 00:48:16,490 - Server_DefaultID - INFO - Training client 41 (1/30)...
2026-03-19 00:48:18,664 - Server_DefaultID - INFO - Client 41: Acc=54.38, Loss=-343.4626, NLL=-1161.1172, KL=13.9610, AvgS=499.72, ProxLoss=0.0000
2026-03-19 00:48:18,664 - Server_DefaultID - INFO - Training client 57 (2/30)...
2026-03-19 00:48:23,123 - Server_DefaultID - INFO - Client 57: Acc=93.58, Loss=-344.1314, NLL=-1161.5911, KL=13.9629, AvgS=499.92, ProxLoss=0.0000
2026-03-19 00:48:23,123 - Server_DefaultID - INFO - Training client 25 (3/30)...
2026-03-19 00:48:24,585 - Server_DefaultID - INFO - Client 25: Acc=20.00, Loss=-24.7225, NLL=-90.5853, KL=3.0689, AvgS=40.02, ProxLoss=0.0000
2026-03-19 00:48:24,585 - Server_DefaultID - INFO - Training client 92 (4/30)...
2026-03-19 00:48:25,783 - Server_DefaultID - INFO - Client 92: Acc=76.80, Loss=-116.8739, NLL=-406.4546, KL=9.0319, AvgS=174.23, ProxLoss=0.0000
2026-03-19 00:48:25,783 - Server_DefaultID - INFO - Training client 16 (5/30)...
2026-03-19 00:48:26,511 - Server_DefaultID - INFO - Client 16: Acc=72.19, Loss=-27.2129, NLL=-97.7889, KL=3.5516, AvgS=43.33, ProxLoss=0.0000
2026-03-19 00:48:26,511 - Server_DefaultID - INFO - Training client 10 (6/30)...
2026-03-19 00:48:27,743 - Server_DefaultID - INFO - Client 10: Acc=24.14, Loss=-309.2867, NLL=-1046.5320, KL=13.4783, AvgS=450.20, ProxLoss=0.0000
2026-03-19 00:48:27,743 - Server_DefaultID - INFO - Training client 42 (7/30)...
2026-03-19 00:48:29,446 - Server_DefaultID - INFO - Client 42: Acc=47.45, Loss=-207.8122, NLL=-714.0766, KL=11.6439, AvgS=306.63, ProxLoss=0.0000
2026-03-19 00:48:29,446 - Server_DefaultID - INFO - Training client 59 (8/30)...
2026-03-19 00:48:31,810 - Server_DefaultID - INFO - Client 59: Acc=67.08, Loss=-338.7578, NLL=-1147.1228, KL=13.9044, AvgS=493.67, ProxLoss=0.0000
2026-03-19 00:48:31,810 - Server_DefaultID - INFO - Training client 76 (9/30)...
2026-03-19 00:48:34,019 - Server_DefaultID - INFO - Client 76: Acc=68.16, Loss=-345.9143, NLL=-1161.0269, KL=13.9607, AvgS=499.68, ProxLoss=0.0000
2026-03-19 00:48:34,019 - Server_DefaultID - INFO - Training client 43 (10/30)...
2026-03-19 00:48:36,646 - Server_DefaultID - INFO - Client 43: Acc=73.81, Loss=-344.2675, NLL=-1161.6037, KL=13.9630, AvgS=499.93, ProxLoss=0.0000
2026-03-19 00:48:36,646 - Server_DefaultID - INFO - Training client 47 (11/30)...
2026-03-19 00:48:38,121 - Server_DefaultID - INFO - Client 47: Acc=48.96, Loss=-345.5784, NLL=-1161.0763, KL=13.9610, AvgS=499.70, ProxLoss=0.0000
2026-03-19 00:48:38,121 - Server_DefaultID - INFO - Training client 70 (12/30)...
2026-03-19 00:48:39,455 - Server_DefaultID - INFO - Client 70: Acc=66.19, Loss=-165.1205, NLL=-570.2576, KL=10.5568, AvgS=244.70, ProxLoss=0.0000
2026-03-19 00:48:39,455 - Server_DefaultID - INFO - Training client 52 (13/30)...
2026-03-19 00:48:40,333 - Server_DefaultID - INFO - Client 52: Acc=57.92, Loss=-198.6141, NLL=-679.4083, KL=11.4494, AvgS=291.70, ProxLoss=0.0000
2026-03-19 00:48:40,333 - Server_DefaultID - INFO - Training client 7 (14/30)...
2026-03-19 00:48:41,863 - Server_DefaultID - INFO - Client 7: Acc=54.48, Loss=-208.2677, NLL=-713.4287, KL=11.6633, AvgS=306.40, ProxLoss=0.0000
2026-03-19 00:48:41,863 - Server_DefaultID - INFO - Training client 73 (15/30)...
2026-03-19 00:48:44,858 - Server_DefaultID - INFO - Client 73: Acc=73.08, Loss=-343.6754, NLL=-1161.5414, KL=13.9627, AvgS=499.90, ProxLoss=0.0000
2026-03-19 00:48:44,858 - Server_DefaultID - INFO - Training client 99 (16/30)...
2026-03-19 00:48:45,320 - Server_DefaultID - INFO - Client 99: Acc=54.38, Loss=-16.8125, NLL=-60.0572, KL=2.1663, AvgS=27.76, ProxLoss=0.0000
2026-03-19 00:48:45,320 - Server_DefaultID - INFO - Training client 75 (17/30)...
2026-03-19 00:48:47,518 - Server_DefaultID - INFO - Client 75: Acc=85.62, Loss=-343.4505, NLL=-1161.5539, KL=13.9628, AvgS=499.91, ProxLoss=0.0000
2026-03-19 00:48:47,518 - Server_DefaultID - INFO - Training client 38 (18/30)...
2026-03-19 00:48:48,124 - Server_DefaultID - INFO - Client 38: Acc=44.06, Loss=-122.3928, NLL=-416.2394, KL=9.3671, AvgS=178.38, ProxLoss=0.0000
2026-03-19 00:48:48,124 - Server_DefaultID - INFO - Training client 9 (19/30)...
2026-03-19 00:48:50,026 - Server_DefaultID - INFO - Client 9: Acc=56.70, Loss=-271.1548, NLL=-928.8450, KL=12.8932, AvgS=399.33, ProxLoss=0.0000
2026-03-19 00:48:50,026 - Server_DefaultID - INFO - Training client 61 (20/30)...
2026-03-19 00:48:51,504 - Server_DefaultID - INFO - Client 61: Acc=57.12, Loss=-165.4642, NLL=-563.6911, KL=10.6349, AvgS=241.90, ProxLoss=0.0000
2026-03-19 00:48:51,508 - Server_DefaultID - INFO - Training client 2 (21/30)...
2026-03-19 00:48:53,776 - Server_DefaultID - INFO - Client 2: Acc=79.51, Loss=-344.4887, NLL=-1161.4315, KL=13.9623, AvgS=499.85, ProxLoss=0.0000
2026-03-19 00:48:53,777 - Server_DefaultID - INFO - Training client 45 (22/30)...
2026-03-19 00:48:55,968 - Server_DefaultID - INFO - Client 45: Acc=41.21, Loss=-129.8402, NLL=-450.2543, KL=9.2139, AvgS=193.20, ProxLoss=0.0000
2026-03-19 00:48:55,968 - Server_DefaultID - INFO - Training client 44 (23/30)...
2026-03-19 00:48:59,021 - Server_DefaultID - INFO - Client 44: Acc=77.15, Loss=-343.8750, NLL=-1161.1216, KL=13.9610, AvgS=499.72, ProxLoss=0.0000
2026-03-19 00:48:59,021 - Server_DefaultID - INFO - Training client 36 (24/30)...
2026-03-19 00:49:04,395 - Server_DefaultID - INFO - Client 36: Acc=81.40, Loss=-343.1549, NLL=-1161.2998, KL=13.9618, AvgS=499.80, ProxLoss=0.0000
2026-03-19 00:49:04,396 - Server_DefaultID - INFO - Training client 17 (25/30)...
2026-03-19 00:49:05,124 - Server_DefaultID - INFO - Client 17: Acc=57.19, Loss=-85.8549, NLL=-296.3836, KL=7.7721, AvgS=127.09, ProxLoss=0.0000
2026-03-19 00:49:05,124 - Server_DefaultID - INFO - Training client 72 (26/30)...
2026-03-19 00:49:06,204 - Server_DefaultID - INFO - Client 72: Acc=35.70, Loss=-119.5954, NLL=-416.6730, KL=9.2823, AvgS=178.53, ProxLoss=0.0000
2026-03-19 00:49:06,204 - Server_DefaultID - INFO - Training client 23 (27/30)...
2026-03-19 00:49:06,631 - Server_DefaultID - INFO - Client 23: Acc=77.97, Loss=-41.6911, NLL=-146.0266, KL=5.0563, AvgS=63.39, ProxLoss=0.0000
2026-03-19 00:49:06,631 - Server_DefaultID - INFO - Training client 49 (28/30)...
2026-03-19 00:49:08,427 - Server_DefaultID - INFO - Client 49: Acc=65.40, Loss=-262.5538, NLL=-897.0531, KL=12.7580, AvgS=385.68, ProxLoss=0.0000
2026-03-19 00:49:08,428 - Server_DefaultID - INFO - Training client 90 (29/30)...
2026-03-19 00:49:10,678 - Client_90 - WARNING - Client 90: Too few classes (1) or samples (592) for alpha report, returning uniform.
2026-03-19 00:49:10,678 - Server_DefaultID - INFO - Client 90: Acc=28.33, Loss=-155.7980, NLL=-545.0315, KL=10.1506, AvgS=233.89, ProxLoss=0.0000
2026-03-19 00:49:10,678 - Server_DefaultID - INFO - Training client 3 (30/30)...
2026-03-19 00:49:12,283 - Server_DefaultID - INFO - Client 3: Acc=51.30, Loss=-91.9185, NLL=-318.7962, KL=7.9954, AvgS=136.76, ProxLoss=0.0000
2026-03-19 00:49:12,577 - Server_DefaultID - WARNING - Global prior extremely imbalanced (max/min=1.0), applied adaptive smoothing lam=0.10.
2026-03-19 00:49:12,578 - Server_DefaultID - INFO - Round [6/200] Summary | Avg Client Train Stats:	Loss [-269.1664]	 Acc [65.03]	NLL [-913.2924]	 KL [12.3124]	AvgS [392.88]	 ProxLoss [0.0000]
GlobalPriorAlpha (first 10): [5.035399913787842, 4.99370002746582, 5.020299911499023, 4.968599796295166, 4.9918999671936035, 4.934199810028076, 5.003699779510498, 5.005000114440918, 5.01800012588501, 5.029099941253662]
Round Time: 56.09s
2026-03-19 00:49:12,581 - Server_DefaultID - INFO - --- Global Round 7/200 ---
2026-03-19 00:49:12,582 - Server_DefaultID - INFO - Selected 30 active clients for round 7.
2026-03-19 00:49:12,582 - Server_DefaultID - INFO - Training client 80 (1/30)...
2026-03-19 00:49:13,059 - Server_DefaultID - INFO - Client 80: Acc=69.38, Loss=-27.1932, NLL=-96.0658, KL=3.5125, AvgS=42.46, ProxLoss=0.0000
2026-03-19 00:49:13,059 - Server_DefaultID - INFO - Training client 14 (2/30)...
2026-03-19 00:49:15,223 - Server_DefaultID - INFO - Client 14: Acc=69.65, Loss=-334.0071, NLL=-1138.0310, KL=13.8674, AvgS=489.75, ProxLoss=0.0000
2026-03-19 00:49:15,223 - Server_DefaultID - INFO - Training client 91 (3/30)...
2026-03-19 00:49:16,131 - Server_DefaultID - INFO - Client 91: Acc=74.27, Loss=-135.9252, NLL=-470.6890, KL=9.8880, AvgS=201.80, ProxLoss=0.0000
2026-03-19 00:49:16,132 - Server_DefaultID - INFO - Training client 19 (4/30)...
2026-03-19 00:49:19,604 - Server_DefaultID - INFO - Client 19: Acc=95.49, Loss=-343.1875, NLL=-1161.5765, KL=13.9629, AvgS=499.92, ProxLoss=0.0000
2026-03-19 00:49:19,604 - Server_DefaultID - INFO - Training client 49 (5/30)...
2026-03-19 00:49:21,421 - Server_DefaultID - INFO - Client 49: Acc=64.20, Loss=-340.9531, NLL=-1154.8525, KL=13.9358, AvgS=497.01, ProxLoss=0.0000
2026-03-19 00:49:21,421 - Server_DefaultID - INFO - Training client 17 (6/30)...
2026-03-19 00:49:22,136 - Server_DefaultID - INFO - Client 17: Acc=52.97, Loss=-121.7485, NLL=-417.1322, KL=9.2819, AvgS=178.80, ProxLoss=0.0000
2026-03-19 00:49:22,139 - Server_DefaultID - INFO - Training client 33 (7/30)...
2026-03-19 00:49:23,885 - Server_DefaultID - INFO - Client 33: Acc=57.28, Loss=-345.7772, NLL=-1161.2600, KL=13.9615, AvgS=499.78, ProxLoss=0.0000
2026-03-19 00:49:23,885 - Server_DefaultID - INFO - Training client 11 (8/30)...
2026-03-19 00:49:25,425 - Server_DefaultID - INFO - Client 11: Acc=55.47, Loss=-92.0632, NLL=-321.2409, KL=8.1439, AvgS=137.68, ProxLoss=0.0000
2026-03-19 00:49:25,426 - Server_DefaultID - INFO - Training client 1 (9/30)...
2026-03-19 00:49:26,125 - Server_DefaultID - INFO - Client 1: Acc=60.47, Loss=-28.3715, NLL=-100.9153, KL=3.6932, AvgS=44.54, ProxLoss=0.0000
2026-03-19 00:49:26,125 - Server_DefaultID - INFO - Training client 73 (10/30)...
2026-03-19 00:49:29,201 - Server_DefaultID - INFO - Client 73: Acc=80.89, Loss=-343.6991, NLL=-1161.6128, KL=13.9630, AvgS=499.93, ProxLoss=0.0000
2026-03-19 00:49:29,201 - Server_DefaultID - INFO - Training client 63 (11/30)...
2026-03-19 00:49:31,580 - Server_DefaultID - INFO - Client 63: Acc=51.88, Loss=-277.0202, NLL=-944.5077, KL=13.0050, AvgS=406.14, ProxLoss=0.0000
2026-03-19 00:49:31,580 - Server_DefaultID - INFO - Training client 6 (12/30)...
2026-03-19 00:49:32,630 - Server_DefaultID - INFO - Client 6: Acc=76.98, Loss=-86.4252, NLL=-300.2599, KL=7.8865, AvgS=128.81, ProxLoss=0.0000
2026-03-19 00:49:32,630 - Server_DefaultID - INFO - Training client 61 (13/30)...
2026-03-19 00:49:34,036 - Server_DefaultID - INFO - Client 61: Acc=57.94, Loss=-286.0700, NLL=-966.5742, KL=13.0966, AvgS=415.71, ProxLoss=0.0000
2026-03-19 00:49:34,036 - Server_DefaultID - INFO - Training client 81 (14/30)...
2026-03-19 00:49:35,826 - Server_DefaultID - INFO - Client 81: Acc=43.93, Loss=-271.6654, NLL=-926.0508, KL=12.8408, AvgS=398.17, ProxLoss=0.0000
2026-03-19 00:49:35,826 - Server_DefaultID - INFO - Training client 21 (15/30)...
2026-03-19 00:49:37,898 - Server_DefaultID - INFO - Client 21: Acc=57.97, Loss=-345.9864, NLL=-1161.5865, KL=13.9629, AvgS=499.92, ProxLoss=0.0000
2026-03-19 00:49:37,898 - Server_DefaultID - INFO - Training client 92 (16/30)...
2026-03-19 00:49:38,945 - Server_DefaultID - INFO - Client 92: Acc=73.52, Loss=-205.7515, NLL=-703.2304, KL=11.5421, AvgS=301.97, ProxLoss=0.0000
2026-03-19 00:49:38,945 - Server_DefaultID - INFO - Training client 89 (17/30)...
2026-03-19 00:49:42,547 - Server_DefaultID - INFO - Client 89: Acc=98.55, Loss=-343.0462, NLL=-1161.6897, KL=13.9633, AvgS=499.97, ProxLoss=0.0000
2026-03-19 00:49:42,547 - Server_DefaultID - INFO - Training client 98 (18/30)...
2026-03-19 00:49:43,533 - Server_DefaultID - INFO - Client 98: Acc=76.88, Loss=-141.5461, NLL=-489.6297, KL=10.0094, AvgS=210.00, ProxLoss=0.0000
2026-03-19 00:49:43,533 - Server_DefaultID - INFO - Training client 44 (19/30)...
2026-03-19 00:49:45,863 - Server_DefaultID - INFO - Client 44: Acc=82.01, Loss=-344.3148, NLL=-1161.6981, KL=13.9633, AvgS=499.97, ProxLoss=0.0000
2026-03-19 00:49:45,863 - Server_DefaultID - INFO - Training client 18 (20/30)...
2026-03-19 00:49:49,711 - Server_DefaultID - INFO - Client 18: Acc=84.90, Loss=-344.7350, NLL=-1161.5817, KL=13.9629, AvgS=499.92, ProxLoss=0.0000
2026-03-19 00:49:49,711 - Server_DefaultID - INFO - Training client 16 (21/30)...
2026-03-19 00:49:50,362 - Server_DefaultID - INFO - Client 16: Acc=64.06, Loss=-54.8163, NLL=-193.1186, KL=6.0230, AvgS=83.21, ProxLoss=0.0000
2026-03-19 00:49:50,362 - Server_DefaultID - INFO - Training client 72 (22/30)...
2026-03-19 00:49:51,552 - Server_DefaultID - INFO - Client 72: Acc=36.95, Loss=-203.5452, NLL=-699.0118, KL=11.5922, AvgS=300.10, ProxLoss=0.0000
2026-03-19 00:49:51,552 - Server_DefaultID - INFO - Training client 78 (23/30)...
2026-03-19 00:49:59,010 - Server_DefaultID - INFO - Client 78: Acc=91.27, Loss=-344.5619, NLL=-1161.7180, KL=13.9634, AvgS=499.98, ProxLoss=0.0000
2026-03-19 00:49:59,010 - Server_DefaultID - INFO - Training client 58 (24/30)...
2026-03-19 00:50:00,973 - Server_DefaultID - INFO - Client 58: Acc=77.37, Loss=-341.7470, NLL=-1159.1267, KL=13.9532, AvgS=498.86, ProxLoss=0.0000
2026-03-19 00:50:00,973 - Server_DefaultID - INFO - Training client 57 (25/30)...
2026-03-19 00:50:06,252 - Server_DefaultID - INFO - Client 57: Acc=93.79, Loss=-344.1758, NLL=-1161.6499, KL=13.9632, AvgS=499.95, ProxLoss=0.0000
2026-03-19 00:50:06,253 - Server_DefaultID - INFO - Training client 10 (26/30)...
2026-03-19 00:50:07,482 - Server_DefaultID - INFO - Client 10: Acc=38.52, Loss=-344.4990, NLL=-1158.7292, KL=13.9516, AvgS=498.69, ProxLoss=0.0000
2026-03-19 00:50:07,482 - Server_DefaultID - INFO - Training client 65 (27/30)...
2026-03-19 00:50:08,002 - Server_DefaultID - INFO - Client 65: Acc=74.06, Loss=-17.0148, NLL=-60.6400, KL=2.2144, AvgS=28.05, ProxLoss=0.0000
2026-03-19 00:50:08,002 - Server_DefaultID - INFO - Training client 34 (28/30)...
2026-03-19 00:50:08,902 - Server_DefaultID - INFO - Client 34: Acc=65.10, Loss=-143.0601, NLL=-489.6009, KL=9.9605, AvgS=210.01, ProxLoss=0.0000
2026-03-19 00:50:08,902 - Server_DefaultID - INFO - Training client 79 (29/30)...
2026-03-19 00:50:10,324 - Server_DefaultID - INFO - Client 79: Acc=61.44, Loss=-73.1496, NLL=-258.8302, KL=6.2694, AvgS=111.50, ProxLoss=0.0000
2026-03-19 00:50:10,324 - Server_DefaultID - INFO - Training client 2 (30/30)...
2026-03-19 00:50:12,808 - Server_DefaultID - INFO - Client 2: Acc=79.44, Loss=-344.6394, NLL=-1161.6129, KL=13.9630, AvgS=499.93, ProxLoss=0.0000
2026-03-19 00:50:13,074 - Server_DefaultID - WARNING - Global prior extremely imbalanced (max/min=1.0), applied adaptive smoothing lam=0.10.
2026-03-19 00:50:13,074 - Server_DefaultID - INFO - Round [7/200] Summary | Avg Client Train Stats:	Loss [-293.7802]	 Acc [76.11]	NLL [-994.3090]	 KL [12.7931]	AvgS [427.84]	 ProxLoss [0.0000]
GlobalPriorAlpha (first 10): [5.0100998878479, 5.031499862670898, 4.999599933624268, 5.011899948120117, 4.967700004577637, 4.970799922943115, 4.99459981918335, 4.968999862670898, 5.035699844360352, 5.009099960327148]
Round Time: 60.49s
2026-03-19 00:50:13,077 - Server_DefaultID - INFO - --- Global Round 8/200 ---
2026-03-19 00:50:13,077 - Server_DefaultID - INFO - Selected 30 active clients for round 8.
2026-03-19 00:50:13,077 - Server_DefaultID - INFO - Training client 20 (1/30)...
2026-03-19 00:50:14,611 - Server_DefaultID - INFO - Client 20: Acc=51.82, Loss=-333.7864, NLL=-1127.3739, KL=13.8232, AvgS=485.15, ProxLoss=0.0000
2026-03-19 00:50:14,611 - Server_DefaultID - INFO - Training client 97 (2/30)...
2026-03-19 00:50:20,866 - Server_DefaultID - INFO - Client 97: Acc=99.56, Loss=-342.3682, NLL=-1161.7327, KL=13.9635, AvgS=499.98, ProxLoss=0.0000
2026-03-19 00:50:20,866 - Server_DefaultID - INFO - Training client 83 (3/30)...
2026-03-19 00:50:23,428 - Server_DefaultID - INFO - Client 83: Acc=99.72, Loss=-342.1571, NLL=-1161.5933, KL=13.9629, AvgS=499.92, ProxLoss=0.0000
2026-03-19 00:50:23,428 - Server_DefaultID - INFO - Training client 71 (4/30)...
2026-03-19 00:50:24,077 - Server_DefaultID - INFO - Client 71: Acc=66.25, Loss=-88.7033, NLL=-304.2306, KL=7.9355, AvgS=130.47, ProxLoss=0.0000
2026-03-19 00:50:24,077 - Server_DefaultID - INFO - Training client 92 (5/30)...
2026-03-19 00:50:25,255 - Server_DefaultID - INFO - Client 92: Acc=85.70, Loss=-300.5936, NLL=-1021.2721, KL=13.3461, AvgS=439.28, ProxLoss=0.0000
2026-03-19 00:50:25,255 - Server_DefaultID - INFO - Training client 11 (6/30)...
2026-03-19 00:50:26,840 - Server_DefaultID - INFO - Client 11: Acc=50.73, Loss=-215.1592, NLL=-736.6875, KL=11.8853, AvgS=316.37, ProxLoss=0.0000
2026-03-19 00:50:26,840 - Server_DefaultID - INFO - Training client 53 (7/30)...
2026-03-19 00:50:29,352 - Server_DefaultID - INFO - Client 53: Acc=95.81, Loss=-340.2665, NLL=-1152.7843, KL=13.9275, AvgS=496.12, ProxLoss=0.0000
2026-03-19 00:50:29,352 - Server_DefaultID - INFO - Training client 38 (8/30)...
2026-03-19 00:50:29,959 - Server_DefaultID - INFO - Client 38: Acc=47.66, Loss=-162.6784, NLL=-551.1050, KL=10.6181, AvgS=236.36, ProxLoss=0.0000
2026-03-19 00:50:29,959 - Server_DefaultID - INFO - Training client 75 (9/30)...
2026-03-19 00:50:31,996 - Server_DefaultID - INFO - Client 75: Acc=87.89, Loss=-343.3754, NLL=-1161.6654, KL=13.9632, AvgS=499.95, ProxLoss=0.0000
2026-03-19 00:50:31,996 - Server_DefaultID - INFO - Training client 48 (10/30)...
2026-03-19 00:50:36,176 - Server_DefaultID - INFO - Client 48: Acc=86.71, Loss=-344.6120, NLL=-1161.5800, KL=13.9629, AvgS=499.92, ProxLoss=0.0000
2026-03-19 00:50:36,177 - Server_DefaultID - INFO - Training client 34 (11/30)...
2026-03-19 00:50:38,121 - Server_DefaultID - INFO - Client 34: Acc=59.90, Loss=-202.6149, NLL=-690.0997, KL=11.4695, AvgS=296.38, ProxLoss=0.0000
2026-03-19 00:50:38,121 - Server_DefaultID - INFO - Training client 66 (12/30)...
2026-03-19 00:50:40,017 - Server_DefaultID - INFO - Client 66: Acc=88.21, Loss=-344.0410, NLL=-1161.6454, KL=13.9631, AvgS=499.95, ProxLoss=0.0000
2026-03-19 00:50:40,017 - Server_DefaultID - INFO - Training client 16 (13/30)...
2026-03-19 00:50:40,693 - Server_DefaultID - INFO - Client 16: Acc=64.84, Loss=-84.2596, NLL=-293.5498, KL=7.6923, AvgS=125.95, ProxLoss=0.0000
2026-03-19 00:50:40,693 - Server_DefaultID - INFO - Training client 70 (14/30)...
2026-03-19 00:50:42,098 - Server_DefaultID - INFO - Client 70: Acc=62.25, Loss=-271.0318, NLL=-928.2014, KL=12.8790, AvgS=399.07, ProxLoss=0.0000
2026-03-19 00:50:42,098 - Server_DefaultID - INFO - Training client 32 (15/30)...
2026-03-19 00:50:43,663 - Server_DefaultID - INFO - Client 32: Acc=66.51, Loss=-332.6202, NLL=-1127.8950, KL=13.8228, AvgS=485.36, ProxLoss=0.0000
2026-03-19 00:50:43,663 - Server_DefaultID - INFO - Training client 86 (16/30)...
2026-03-19 00:50:44,918 - Server_DefaultID - INFO - Client 86: Acc=69.12, Loss=-74.7804, NLL=-262.0979, KL=7.2678, AvgS=112.49, ProxLoss=0.0000
2026-03-19 00:50:44,918 - Server_DefaultID - INFO - Training client 87 (17/30)...
2026-03-19 00:50:46,705 - Server_DefaultID - INFO - Client 87: Acc=40.58, Loss=-346.2784, NLL=-1161.6769, KL=13.9633, AvgS=499.96, ProxLoss=0.0000
2026-03-19 00:50:46,705 - Server_DefaultID - INFO - Training client 3 (18/30)...
2026-03-19 00:50:48,310 - Server_DefaultID - INFO - Client 3: Acc=42.66, Loss=-220.9027, NLL=-750.9140, KL=11.8486, AvgS=322.59, ProxLoss=0.0000
2026-03-19 00:50:48,310 - Server_DefaultID - INFO - Training client 85 (19/30)...
2026-03-19 00:50:51,472 - Server_DefaultID - INFO - Client 85: Acc=99.74, Loss=-342.2414, NLL=-1161.7570, KL=13.9636, AvgS=499.99, ProxLoss=0.0000
2026-03-19 00:50:51,473 - Server_DefaultID - INFO - Training client 88 (20/30)...
2026-03-19 00:50:53,131 - Server_DefaultID - INFO - Client 88: Acc=35.31, Loss=-217.8404, NLL=-743.3399, KL=11.6548, AvgS=319.35, ProxLoss=0.0000
2026-03-19 00:50:53,131 - Server_DefaultID - INFO - Training client 36 (21/30)...
2026-03-19 00:50:58,700 - Server_DefaultID - INFO - Client 36: Acc=88.89, Loss=-343.3440, NLL=-1161.7311, KL=13.9635, AvgS=499.98, ProxLoss=0.0000
2026-03-19 00:50:58,700 - Server_DefaultID - INFO - Training client 12 (22/30)...
2026-03-19 00:51:00,099 - Server_DefaultID - INFO - Client 12: Acc=44.25, Loss=-283.6989, NLL=-961.5455, KL=13.0762, AvgS=413.50, ProxLoss=0.0000
2026-03-19 00:51:00,100 - Server_DefaultID - INFO - Training client 93 (23/30)...
2026-03-19 00:51:00,841 - Server_DefaultID - INFO - Client 93: Acc=39.53, Loss=-161.8641, NLL=-551.5855, KL=10.5270, AvgS=236.58, ProxLoss=0.0000
2026-03-19 00:51:00,842 - Server_DefaultID - INFO - Training client 58 (24/30)...
2026-03-19 00:51:02,747 - Server_DefaultID - INFO - Client 58: Acc=77.01, Loss=-343.1356, NLL=-1161.4809, KL=13.9625, AvgS=499.88, ProxLoss=0.0000
2026-03-19 00:51:02,748 - Server_DefaultID - INFO - Training client 13 (25/30)...
2026-03-19 00:51:03,180 - Server_DefaultID - INFO - Client 13: Acc=72.19, Loss=-26.2613, NLL=-94.2971, KL=3.3421, AvgS=41.66, ProxLoss=0.0000
2026-03-19 00:51:03,180 - Server_DefaultID - INFO - Training client 40 (26/30)...
2026-03-19 00:51:04,856 - Server_DefaultID - INFO - Client 40: Acc=62.81, Loss=-220.2803, NLL=-748.4642, KL=11.8929, AvgS=321.57, ProxLoss=0.0000
2026-03-19 00:51:04,856 - Server_DefaultID - INFO - Training client 81 (27/30)...
2026-03-19 00:51:06,749 - Server_DefaultID - INFO - Client 81: Acc=73.97, Loss=-343.0640, NLL=-1159.2366, KL=13.9534, AvgS=498.91, ProxLoss=0.0000
2026-03-19 00:51:06,749 - Server_DefaultID - INFO - Training client 25 (28/30)...
2026-03-19 00:51:07,441 - Server_DefaultID - INFO - Client 25: Acc=6.56, Loss=-51.8323, NLL=-183.5712, KL=5.5566, AvgS=79.06, ProxLoss=0.0000
2026-03-19 00:51:07,441 - Server_DefaultID - INFO - Training client 67 (29/30)...
2026-03-19 00:51:09,023 - Server_DefaultID - INFO - Client 67: Acc=61.77, Loss=-96.6788, NLL=-334.2318, KL=8.2516, AvgS=143.37, ProxLoss=0.0000
2026-03-19 00:51:09,023 - Server_DefaultID - INFO - Training client 74 (30/30)...
2026-03-19 00:51:11,063 - Server_DefaultID - INFO - Client 74: Acc=53.98, Loss=-118.6574, NLL=-412.8011, KL=9.1930, AvgS=176.97, ProxLoss=0.0000
2026-03-19 00:51:11,309 - Server_DefaultID - WARNING - Global prior extremely imbalanced (max/min=1.0), applied adaptive smoothing lam=0.10.
2026-03-19 00:51:11,309 - Server_DefaultID - INFO - Round [8/200] Summary | Avg Client Train Stats:	Loss [-287.6455]	 Acc [75.60]	NLL [-975.4629]	 KL [12.7802]	AvgS [419.66]	 ProxLoss [0.0000]
GlobalPriorAlpha (first 10): [5.0, 5.0, 5.0, 5.0, 5.0, 5.0, 5.0, 5.0, 5.0, 5.0]
Round Time: 58.23s
2026-03-19 00:51:11,312 - Server_DefaultID - INFO - --- Global Round 9/200 ---
2026-03-19 00:51:11,312 - Server_DefaultID - INFO - Selected 30 active clients for round 9.
2026-03-19 00:51:11,313 - Server_DefaultID - INFO - Training client 78 (1/30)...
2026-03-19 00:51:18,859 - Server_DefaultID - INFO - Client 78: Acc=93.70, Loss=-344.4356, NLL=-1161.7002, KL=13.9634, AvgS=499.97, ProxLoss=0.0000
2026-03-19 00:51:18,859 - Server_DefaultID - INFO - Training client 12 (2/30)...
2026-03-19 00:51:20,245 - Server_DefaultID - INFO - Client 12: Acc=70.81, Loss=-343.8547, NLL=-1157.0332, KL=13.9448, AvgS=497.95, ProxLoss=0.0000
2026-03-19 00:51:20,246 - Server_DefaultID - INFO - Training client 22 (3/30)...
2026-03-19 00:51:20,872 - Server_DefaultID - INFO - Client 22: Acc=56.56, Loss=-26.6758, NLL=-96.0788, KL=3.2798, AvgS=42.40, ProxLoss=0.0000
2026-03-19 00:51:20,872 - Server_DefaultID - INFO - Training client 11 (4/30)...
2026-03-19 00:51:22,421 - Server_DefaultID - INFO - Client 11: Acc=54.58, Loss=-335.3781, NLL=-1137.3389, KL=13.8639, AvgS=489.44, ProxLoss=0.0000
2026-03-19 00:51:22,422 - Server_DefaultID - INFO - Training client 47 (5/30)...
2026-03-19 00:51:23,989 - Server_DefaultID - INFO - Client 47: Acc=49.79, Loss=-345.6011, NLL=-1161.4715, KL=13.9625, AvgS=499.87, ProxLoss=0.0000
2026-03-19 00:51:23,989 - Server_DefaultID - INFO - Training client 6 (6/30)...
2026-03-19 00:51:24,817 - Server_DefaultID - INFO - Client 6: Acc=61.15, Loss=-139.3999, NLL=-481.5990, KL=9.9430, AvgS=206.53, ProxLoss=0.0000
2026-03-19 00:51:24,817 - Server_DefaultID - INFO - Training client 10 (7/30)...
2026-03-19 00:51:25,969 - Server_DefaultID - INFO - Client 10: Acc=43.12, Loss=-345.7943, NLL=-1161.3434, KL=13.9620, AvgS=499.82, ProxLoss=0.0000
2026-03-19 00:51:25,969 - Server_DefaultID - INFO - Training client 50 (8/30)...
2026-03-19 00:51:30,859 - Server_DefaultID - INFO - Client 50: Acc=82.91, Loss=-332.0177, NLL=-1133.7651, KL=13.8472, AvgS=487.90, ProxLoss=0.0000
2026-03-19 00:51:30,859 - Server_DefaultID - INFO - Training client 75 (9/30)...
2026-03-19 00:51:32,923 - Server_DefaultID - INFO - Client 75: Acc=88.44, Loss=-343.4091, NLL=-1161.6649, KL=13.9632, AvgS=499.95, ProxLoss=0.0000
2026-03-19 00:51:32,923 - Server_DefaultID - INFO - Training client 46 (10/30)...
2026-03-19 00:51:34,899 - Server_DefaultID - INFO - Client 46: Acc=75.00, Loss=-305.7464, NLL=-1040.6253, KL=13.4180, AvgS=447.65, ProxLoss=0.0000
2026-03-19 00:51:34,899 - Server_DefaultID - INFO - Training client 68 (11/30)...
2026-03-19 00:51:37,035 - Server_DefaultID - INFO - Client 68: Acc=60.52, Loss=-342.8601, NLL=-1161.4320, KL=13.9623, AvgS=499.85, ProxLoss=0.0000
2026-03-19 00:51:37,036 - Server_DefaultID - INFO - Training client 86 (12/30)...
2026-03-19 00:51:38,447 - Server_DefaultID - INFO - Client 86: Acc=46.25, Loss=-168.0723, NLL=-577.4025, KL=10.7555, AvgS=247.68, ProxLoss=0.0000
2026-03-19 00:51:38,447 - Server_DefaultID - INFO - Training client 91 (13/30)...
2026-03-19 00:51:39,387 - Server_DefaultID - INFO - Client 91: Acc=65.31, Loss=-203.4309, NLL=-698.5851, KL=11.6596, AvgS=299.95, ProxLoss=0.0000
2026-03-19 00:51:39,387 - Server_DefaultID - INFO - Training client 67 (14/30)...
2026-03-19 00:51:41,029 - Server_DefaultID - INFO - Client 67: Acc=58.12, Loss=-216.7578, NLL=-737.4196, KL=11.7805, AvgS=316.80, ProxLoss=0.0000
2026-03-19 00:51:41,029 - Server_DefaultID - INFO - Training client 1 (15/30)...
2026-03-19 00:51:41,721 - Server_DefaultID - INFO - Client 1: Acc=52.81, Loss=-56.5330, NLL=-197.0704, KL=6.2046, AvgS=84.83, ProxLoss=0.0000
2026-03-19 00:51:41,721 - Server_DefaultID - INFO - Training client 72 (16/30)...
2026-03-19 00:51:43,794 - Server_DefaultID - INFO - Client 72: Acc=50.47, Loss=-296.1731, NLL=-1011.7521, KL=13.2992, AvgS=435.16, ProxLoss=0.0000
2026-03-19 00:51:43,794 - Server_DefaultID - INFO - Training client 89 (17/30)...
2026-03-19 00:51:47,242 - Server_DefaultID - INFO - Client 89: Acc=98.55, Loss=-342.8354, NLL=-1161.5204, KL=13.9626, AvgS=499.89, ProxLoss=0.0000
2026-03-19 00:51:47,242 - Server_DefaultID - INFO - Training client 41 (18/30)...
2026-03-19 00:51:49,404 - Server_DefaultID - INFO - Client 41: Acc=56.17, Loss=-343.5941, NLL=-1161.5059, KL=13.9626, AvgS=499.89, ProxLoss=0.0000
2026-03-19 00:51:49,404 - Server_DefaultID - INFO - Training client 81 (19/30)...
2026-03-19 00:51:51,306 - Server_DefaultID - INFO - Client 81: Acc=74.91, Loss=-344.3235, NLL=-1161.4891, KL=13.9625, AvgS=499.88, ProxLoss=0.0000
2026-03-19 00:51:51,306 - Server_DefaultID - INFO - Training client 25 (20/30)...
2026-03-19 00:51:51,974 - Server_DefaultID - INFO - Client 25: Acc=5.31, Loss=-82.5599, NLL=-287.9071, KL=7.2809, AvgS=123.53, ProxLoss=0.0000
2026-03-19 00:51:51,974 - Server_DefaultID - INFO - Training client 20 (21/30)...
2026-03-19 00:51:53,532 - Server_DefaultID - INFO - Client 20: Acc=52.71, Loss=-346.2488, NLL=-1161.3056, KL=13.9618, AvgS=499.80, ProxLoss=0.0000
2026-03-19 00:51:53,532 - Server_DefaultID - INFO - Training client 49 (22/30)...
2026-03-19 00:51:55,320 - Server_DefaultID - INFO - Client 49: Acc=66.79, Loss=-344.0173, NLL=-1161.5626, KL=13.9628, AvgS=499.91, ProxLoss=0.0000
2026-03-19 00:51:55,320 - Server_DefaultID - INFO - Training client 39 (23/30)...
2026-03-19 00:51:59,149 - Server_DefaultID - INFO - Client 39: Acc=74.02, Loss=-344.4121, NLL=-1161.6805, KL=13.9633, AvgS=499.96, ProxLoss=0.0000
2026-03-19 00:51:59,149 - Server_DefaultID - INFO - Training client 94 (24/30)...
2026-03-19 00:52:01,937 - Server_DefaultID - INFO - Client 94: Acc=65.20, Loss=-211.2921, NLL=-725.3707, KL=11.7704, AvgS=311.53, ProxLoss=0.0000
2026-03-19 00:52:01,937 - Server_DefaultID - INFO - Training client 8 (25/30)...
2026-03-19 00:52:02,688 - Server_DefaultID - INFO - Client 8: Acc=37.81, Loss=-51.6643, NLL=-183.1633, KL=5.6091, AvgS=78.88, ProxLoss=0.0000
2026-03-19 00:52:02,688 - Server_DefaultID - INFO - Training client 3 (26/30)...
2026-03-19 00:52:04,319 - Server_DefaultID - INFO - Client 3: Acc=41.93, Loss=-334.9656, NLL=-1130.3854, KL=13.8328, AvgS=486.44, ProxLoss=0.0000
2026-03-19 00:52:04,319 - Server_DefaultID - INFO - Training client 33 (27/30)...
2026-03-19 00:52:06,274 - Server_DefaultID - INFO - Client 33: Acc=57.01, Loss=-345.8100, NLL=-1161.7017, KL=13.9634, AvgS=499.97, ProxLoss=0.0000
2026-03-19 00:52:06,274 - Server_DefaultID - INFO - Training client 80 (28/30)...
2026-03-19 00:52:06,697 - Server_DefaultID - INFO - Client 80: Acc=64.69, Loss=-40.7395, NLL=-142.4933, KL=4.9078, AvgS=61.79, ProxLoss=0.0000
2026-03-19 00:52:06,697 - Server_DefaultID - INFO - Training client 5 (29/30)...
2026-03-19 00:52:07,185 - Server_DefaultID - INFO - Client 5: Acc=72.19, Loss=-16.6847, NLL=-60.0499, KL=2.1676, AvgS=27.74, ProxLoss=0.0000
2026-03-19 00:52:07,185 - Server_DefaultID - INFO - Training client 87 (30/30)...
2026-03-19 00:52:09,017 - Server_DefaultID - INFO - Client 87: Acc=47.28, Loss=-346.1834, NLL=-1161.4487, KL=13.9624, AvgS=499.86, ProxLoss=0.0000
2026-03-19 00:52:09,346 - Server_DefaultID - WARNING - Global prior extremely imbalanced (max/min=1.0), applied adaptive smoothing lam=0.10.
2026-03-19 00:52:09,347 - Server_DefaultID - INFO - Round [9/200] Summary | Avg Client Train Stats:	Loss [-303.4818]	 Acc [69.13]	NLL [-1027.4491]	 KL [13.0606]	AvgS [442.10]	 ProxLoss [0.0000]
GlobalPriorAlpha (first 10): [5.0, 5.0, 5.0, 5.0, 5.0, 5.0, 5.0, 5.0, 5.0, 5.0]
Round Time: 58.03s
2026-03-19 00:52:09,349 - Server_DefaultID - INFO - --- Global Round 10/200 ---
2026-03-19 00:52:09,350 - Server_DefaultID - INFO - Selected 30 active clients for round 10.
2026-03-19 00:52:09,350 - Server_DefaultID - INFO - Training client 34 (1/30)...
2026-03-19 00:52:10,270 - Server_DefaultID - INFO - Client 34: Acc=58.12, Loss=-271.9654, NLL=-922.8246, KL=12.8359, AvgS=396.81, ProxLoss=0.0000
2026-03-19 00:52:10,270 - Server_DefaultID - INFO - Training client 48 (2/30)...
2026-03-19 00:52:14,493 - Server_DefaultID - INFO - Client 48: Acc=86.69, Loss=-344.5267, NLL=-1161.6553, KL=13.9632, AvgS=499.95, ProxLoss=0.0000
2026-03-19 00:52:14,493 - Server_DefaultID - INFO - Training client 70 (3/30)...
2026-03-19 00:52:16,827 - Server_DefaultID - INFO - Client 70: Acc=54.50, Loss=-338.7355, NLL=-1151.3914, KL=13.9217, AvgS=495.52, ProxLoss=0.0000
2026-03-19 00:52:16,827 - Server_DefaultID - INFO - Training client 16 (4/30)...
2026-03-19 00:52:17,710 - Server_DefaultID - INFO - Client 16: Acc=63.44, Loss=-119.2804, NLL=-411.7974, KL=9.2041, AvgS=176.57, ProxLoss=0.0000
2026-03-19 00:52:17,710 - Server_DefaultID - INFO - Training client 55 (5/30)...
2026-03-19 00:52:24,898 - Server_DefaultID - INFO - Client 55: Acc=84.52, Loss=-345.0427, NLL=-1161.7068, KL=13.9634, AvgS=499.97, ProxLoss=0.0000
2026-03-19 00:52:24,898 - Server_DefaultID - INFO - Training client 47 (6/30)...
2026-03-19 00:52:26,451 - Server_DefaultID - INFO - Client 47: Acc=52.14, Loss=-345.5867, NLL=-1161.5644, KL=13.9628, AvgS=499.91, ProxLoss=0.0000
2026-03-19 00:52:26,451 - Server_DefaultID - INFO - Training client 67 (7/30)...
2026-03-19 00:52:28,051 - Server_DefaultID - INFO - Client 67: Acc=62.29, Loss=-334.0994, NLL=-1129.6477, KL=13.8330, AvgS=486.13, ProxLoss=0.0000
2026-03-19 00:52:28,051 - Server_DefaultID - INFO - Training client 69 (8/30)...
2026-03-19 00:52:28,721 - Server_DefaultID - INFO - Client 69: Acc=33.59, Loss=-86.7871, NLL=-299.0783, KL=7.8707, AvgS=128.18, ProxLoss=0.0000
2026-03-19 00:52:28,722 - Server_DefaultID - INFO - Training client 98 (9/30)...
2026-03-19 00:52:29,568 - Server_DefaultID - INFO - Client 98: Acc=77.19, Loss=-207.7327, NLL=-712.4743, KL=11.7262, AvgS=305.99, ProxLoss=0.0000
2026-03-19 00:52:29,568 - Server_DefaultID - INFO - Training client 4 (10/30)...
2026-03-19 00:52:31,254 - Server_DefaultID - INFO - Client 4: Acc=56.20, Loss=-214.0773, NLL=-728.1379, KL=11.8489, AvgS=312.69, ProxLoss=0.0000
2026-03-19 00:52:31,254 - Server_DefaultID - INFO - Training client 22 (11/30)...
2026-03-19 00:52:31,891 - Server_DefaultID - INFO - Client 22: Acc=47.03, Loss=-53.6932, NLL=-188.6485, KL=5.4535, AvgS=81.38, ProxLoss=0.0000
2026-03-19 00:52:31,891 - Server_DefaultID - INFO - Training client 29 (12/30)...
2026-03-19 00:52:33,009 - Server_DefaultID - INFO - Client 29: Acc=16.25, Loss=-55.1540, NLL=-196.4931, KL=5.9941, AvgS=84.47, ProxLoss=0.0000
2026-03-19 00:52:33,009 - Server_DefaultID - INFO - Training client 45 (13/30)...
2026-03-19 00:52:35,059 - Server_DefaultID - INFO - Client 45: Acc=53.87, Loss=-269.8840, NLL=-922.7089, KL=12.7212, AvgS=396.76, ProxLoss=0.0000
2026-03-19 00:52:35,059 - Server_DefaultID - INFO - Training client 63 (14/30)...
2026-03-19 00:52:36,470 - Server_DefaultID - INFO - Client 63: Acc=60.75, Loss=-343.1945, NLL=-1159.2952, KL=13.9537, AvgS=498.93, ProxLoss=0.0000
2026-03-19 00:52:36,471 - Server_DefaultID - INFO - Training client 86 (15/30)...
2026-03-19 00:52:37,812 - Server_DefaultID - INFO - Client 86: Acc=58.00, Loss=-282.9268, NLL=-964.3224, KL=13.0869, AvgS=414.68, ProxLoss=0.0000
2026-03-19 00:52:37,812 - Server_DefaultID - INFO - Training client 41 (16/30)...
2026-03-19 00:52:39,755 - Server_DefaultID - INFO - Client 41: Acc=61.21, Loss=-343.5474, NLL=-1161.7130, KL=13.9634, AvgS=499.98, ProxLoss=0.0000
2026-03-19 00:52:39,755 - Server_DefaultID - INFO - Training client 36 (17/30)...
2026-03-19 00:52:45,263 - Server_DefaultID - INFO - Client 36: Acc=89.81, Loss=-343.2759, NLL=-1161.7306, KL=13.9635, AvgS=499.98, ProxLoss=0.0000
2026-03-19 00:52:45,264 - Server_DefaultID - INFO - Training client 24 (18/30)...
2026-03-19 00:52:45,826 - Server_DefaultID - INFO - Client 24: Acc=61.56, Loss=-55.6254, NLL=-190.6928, KL=6.1003, AvgS=82.24, ProxLoss=0.0000
2026-03-19 00:52:45,826 - Server_DefaultID - INFO - Training client 66 (19/30)...
2026-03-19 00:52:47,750 - Server_DefaultID - INFO - Client 66: Acc=88.17, Loss=-344.0265, NLL=-1161.7318, KL=13.9635, AvgS=499.98, ProxLoss=0.0000
2026-03-19 00:52:47,750 - Server_DefaultID - INFO - Training client 3 (20/30)...
2026-03-19 00:52:50,349 - Server_DefaultID - INFO - Client 3: Acc=60.16, Loss=-345.9342, NLL=-1161.0253, KL=13.9607, AvgS=499.68, ProxLoss=0.0000
2026-03-19 00:52:50,349 - Server_DefaultID - INFO - Training client 94 (21/30)...
2026-03-19 00:52:53,196 - Server_DefaultID - INFO - Client 94: Acc=64.29, Loss=-343.9259, NLL=-1161.0049, KL=13.9606, AvgS=499.67, ProxLoss=0.0000
2026-03-19 00:52:53,196 - Server_DefaultID - INFO - Training client 64 (22/30)...
2026-03-19 00:52:53,643 - Server_DefaultID - INFO - Client 64: Acc=73.12, Loss=-40.4961, NLL=-141.5283, KL=4.8152, AvgS=61.61, ProxLoss=0.0000
2026-03-19 00:52:53,643 - Server_DefaultID - INFO - Training client 61 (23/30)...
2026-03-19 00:52:55,061 - Server_DefaultID - INFO - Client 61: Acc=44.81, Loss=-343.2504, NLL=-1156.2706, KL=13.9415, AvgS=497.62, ProxLoss=0.0000
2026-03-19 00:52:55,061 - Server_DefaultID - INFO - Training client 33 (24/30)...
2026-03-19 00:52:56,924 - Server_DefaultID - INFO - Client 33: Acc=56.65, Loss=-345.7661, NLL=-1161.6673, KL=13.9632, AvgS=499.96, ProxLoss=0.0000
2026-03-19 00:52:56,924 - Server_DefaultID - INFO - Training client 76 (25/30)...
2026-03-19 00:52:59,014 - Server_DefaultID - INFO - Client 76: Acc=67.93, Loss=-345.9158, NLL=-1161.5930, KL=13.9629, AvgS=499.92, ProxLoss=0.0000
2026-03-19 00:52:59,014 - Server_DefaultID - INFO - Training client 18 (26/30)...
2026-03-19 00:53:02,939 - Server_DefaultID - INFO - Client 18: Acc=84.85, Loss=-344.7164, NLL=-1161.7373, KL=13.9635, AvgS=499.99, ProxLoss=0.0000
2026-03-19 00:53:02,939 - Server_DefaultID - INFO - Training client 25 (27/30)...
2026-03-19 00:53:03,676 - Server_DefaultID - INFO - Client 25: Acc=4.06, Loss=-114.9680, NLL=-398.8682, KL=8.7509, AvgS=171.03, ProxLoss=0.0000
2026-03-19 00:53:03,676 - Server_DefaultID - INFO - Training client 11 (28/30)...
2026-03-19 00:53:05,366 - Server_DefaultID - INFO - Client 11: Acc=86.77, Loss=-344.5565, NLL=-1161.2222, KL=13.9615, AvgS=499.76, ProxLoss=0.0000
2026-03-19 00:53:05,367 - Server_DefaultID - INFO - Training client 99 (29/30)...
2026-03-19 00:53:05,771 - Server_DefaultID - INFO - Client 99: Acc=64.06, Loss=-26.9387, NLL=-94.0165, KL=3.4321, AvgS=41.64, ProxLoss=0.0000
2026-03-19 00:53:05,771 - Server_DefaultID - INFO - Training client 26 (30/30)...
2026-03-19 00:53:09,884 - Server_DefaultID - INFO - Client 26: Acc=95.04, Loss=-343.5943, NLL=-1161.7249, KL=13.9634, AvgS=499.98, ProxLoss=0.0000
2026-03-19 00:53:10,123 - Server_DefaultID - WARNING - Global prior extremely imbalanced (max/min=1.0), applied adaptive smoothing lam=0.10.
2026-03-19 00:53:10,123 - Server_DefaultID - INFO - Round [10/200] Summary | Avg Client Train Stats:	Loss [-310.4239]	 Acc [71.79]	NLL [-1048.9270]	 KL [13.1783]	AvgS [451.37]	 ProxLoss [0.0000]
GlobalPriorAlpha (first 10): [5.0, 5.0, 5.0, 5.0, 5.0, 5.0, 5.0, 5.0, 5.0, 5.0]
Round Time: 60.77s
2026-03-19 00:53:10,123 - Server_DefaultID - INFO - --- Evaluating models at round 10 ---
2026-03-19 00:54:18,776 - Server_DefaultID - INFO - Global Model Evaluation (Round 10): 
  Avg Test Acc: 61.75%
  Avg Test Acc Softmax: 61.75%
  Avg Test Loss: -742.3518
  Avg Test NLL: -751.5026
  Avg Test KL (vs flat prior): 10.7573
  Avg Test S: 323.40
2026-03-19 00:55:23,898 - Server_DefaultID - INFO - Personalized Model Evaluation (Round 10): 
  Avg Test Acc: 63.70%
  Avg Test Acc Softmax: 63.70%
  Avg Test Loss: -777.9692
  Avg Test NLL: -787.3331
  Avg Test KL (vs flat prior): 10.9730
  Avg Test S: 338.85
2026-03-19 00:55:23,898 - Server_DefaultID - INFO - [Metric 1] Personalized Brier Score | Mean: 0.5660
2026-03-19 00:55:23,898 - Server_DefaultID - INFO - [Metric 1] Personalized ECE | Mean: 0.1822
2026-03-19 00:55:23,898 - Server_DefaultID - INFO - [OOD Eval] OOD AUC-ROC (Epistemic): 0.2608
2026-03-19 00:55:23,898 - Server_DefaultID - INFO - [Metric 4] OOD FPR@95%TPR: 0.9021
2026-03-19 00:55:25,385 - Server_DefaultID - INFO - --- Global Round 11/200 ---
2026-03-19 00:55:25,386 - Server_DefaultID - INFO - Selected 30 active clients for round 11.
2026-03-19 00:55:25,386 - Server_DefaultID - INFO - Training client 81 (1/30)...
2026-03-19 00:55:26,904 - Server_DefaultID - INFO - Client 81: Acc=75.31, Loss=-344.2708, NLL=-1161.6690, KL=13.9632, AvgS=499.96, ProxLoss=0.0000
2026-03-19 00:55:26,904 - Server_DefaultID - INFO - Training client 45 (2/30)...
2026-03-19 00:55:28,546 - Server_DefaultID - INFO - Client 45: Acc=59.92, Loss=-340.8862, NLL=-1155.3782, KL=13.9357, AvgS=497.24, ProxLoss=0.0000
2026-03-19 00:55:28,546 - Server_DefaultID - INFO - Training client 99 (3/30)...
2026-03-19 00:55:28,917 - Server_DefaultID - INFO - Client 99: Acc=39.06, Loss=-40.4283, NLL=-139.9039, KL=4.6274, AvgS=60.77, ProxLoss=0.0000
2026-03-19 00:55:28,917 - Server_DefaultID - INFO - Training client 92 (4/30)...
2026-03-19 00:55:29,859 - Server_DefaultID - INFO - Client 92: Acc=95.39, Loss=-341.7906, NLL=-1155.1251, KL=13.9370, AvgS=497.13, ProxLoss=0.0000
2026-03-19 00:55:29,859 - Server_DefaultID - INFO - Training client 41 (5/30)...
2026-03-19 00:55:31,719 - Server_DefaultID - INFO - Client 41: Acc=72.23, Loss=-343.5727, NLL=-1161.3878, KL=13.9621, AvgS=499.84, ProxLoss=0.0000
2026-03-19 00:55:31,720 - Server_DefaultID - INFO - Training client 34 (6/30)...
2026-03-19 00:55:32,552 - Server_DefaultID - INFO - Client 34: Acc=57.81, Loss=-324.0520, NLL=-1097.1170, KL=13.6874, AvgS=472.07, ProxLoss=0.0000
2026-03-19 00:55:32,552 - Server_DefaultID - INFO - Training client 52 (7/30)...
2026-03-19 00:55:33,510 - Server_DefaultID - INFO - Client 52: Acc=58.12, Loss=-273.5825, NLL=-930.5499, KL=12.8973, AvgS=400.12, ProxLoss=0.0000
2026-03-19 00:55:33,510 - Server_DefaultID - INFO - Training client 88 (8/30)...
2026-03-19 00:55:35,834 - Server_DefaultID - INFO - Client 88: Acc=47.97, Loss=-324.5048, NLL=-1100.0399, KL=13.7030, AvgS=473.32, ProxLoss=0.0000
2026-03-19 00:55:35,834 - Server_DefaultID - INFO - Training client 37 (9/30)...
2026-03-19 00:55:36,887 - Server_DefaultID - INFO - Client 37: Acc=51.02, Loss=-211.9387, NLL=-721.1475, KL=11.8111, AvgS=309.67, ProxLoss=0.0000
2026-03-19 00:55:36,887 - Server_DefaultID - INFO - Training client 43 (10/30)...
2026-03-19 00:55:39,260 - Server_DefaultID - INFO - Client 43: Acc=77.13, Loss=-344.1048, NLL=-1161.6358, KL=13.9631, AvgS=499.94, ProxLoss=0.0000
2026-03-19 00:55:39,260 - Server_DefaultID - INFO - Training client 68 (11/30)...
2026-03-19 00:55:41,487 - Server_DefaultID - INFO - Client 68: Acc=74.31, Loss=-342.8700, NLL=-1161.5467, KL=13.9628, AvgS=499.90, ProxLoss=0.0000
2026-03-19 00:55:41,487 - Server_DefaultID - INFO - Training client 90 (12/30)...
2026-03-19 00:55:43,561 - Client_90 - WARNING - Client 90: Too few classes (1) or samples (592) for alpha report, returning uniform.
2026-03-19 00:55:43,561 - Server_DefaultID - INFO - Client 90: Acc=87.33, Loss=-320.2284, NLL=-1097.0014, KL=13.6782, AvgS=472.01, ProxLoss=0.0000
2026-03-19 00:55:43,561 - Server_DefaultID - INFO - Training client 55 (13/30)...
2026-03-19 00:55:49,785 - Server_DefaultID - INFO - Client 55: Acc=84.77, Loss=-345.0417, NLL=-1161.6736, KL=13.9633, AvgS=499.96, ProxLoss=0.0000
2026-03-19 00:55:49,785 - Server_DefaultID - INFO - Training client 16 (14/30)...
2026-03-19 00:55:50,390 - Server_DefaultID - INFO - Client 16: Acc=56.88, Loss=-337.7426, NLL=-1143.1603, KL=13.8531, AvgS=491.97, ProxLoss=0.0000
2026-03-19 00:55:50,390 - Server_DefaultID - INFO - Training client 12 (15/30)...
2026-03-19 00:55:51,548 - Server_DefaultID - INFO - Client 12: Acc=72.31, Loss=-344.9790, NLL=-1158.9922, KL=13.9517, AvgS=498.80, ProxLoss=0.0000
2026-03-19 00:55:51,548 - Server_DefaultID - INFO - Training client 35 (16/30)...
2026-03-19 00:55:52,350 - Server_DefaultID - INFO - Client 35: Acc=58.75, Loss=-204.8005, NLL=-696.9880, KL=11.6089, AvgS=299.29, ProxLoss=0.0000
2026-03-19 00:55:52,350 - Server_DefaultID - INFO - Training client 94 (17/30)...
2026-03-19 00:55:54,687 - Server_DefaultID - INFO - Client 94: Acc=68.81, Loss=-344.2224, NLL=-1161.6950, KL=13.9633, AvgS=499.97, ProxLoss=0.0000
2026-03-19 00:55:54,688 - Server_DefaultID - INFO - Training client 17 (18/30)...
2026-03-19 00:55:55,248 - Server_DefaultID - INFO - Client 17: Acc=77.50, Loss=-341.6517, NLL=-1150.9457, KL=13.9019, AvgS=495.33, ProxLoss=0.0000
2026-03-19 00:55:55,248 - Server_DefaultID - INFO - Training client 96 (19/30)...
2026-03-19 00:55:57,034 - Server_DefaultID - INFO - Client 96: Acc=56.49, Loss=-332.8314, NLL=-1131.6822, KL=13.8414, AvgS=487.00, ProxLoss=0.0000
2026-03-19 00:55:57,034 - Server_DefaultID - INFO - Training client 89 (20/30)...
2026-03-19 00:56:00,102 - Server_DefaultID - INFO - Client 89: Acc=98.55, Loss=-342.8465, NLL=-1161.7094, KL=13.9634, AvgS=499.97, ProxLoss=0.0000
2026-03-19 00:56:00,102 - Server_DefaultID - INFO - Training client 13 (21/30)...
2026-03-19 00:56:00,510 - Server_DefaultID - INFO - Client 13: Acc=44.69, Loss=-254.1656, NLL=-863.9584, KL=11.4227, AvgS=371.88, ProxLoss=0.0000
2026-03-19 00:56:00,510 - Server_DefaultID - INFO - Training client 72 (22/30)...
2026-03-19 00:56:01,659 - Server_DefaultID - INFO - Client 72: Acc=95.16, Loss=-341.4603, NLL=-1156.2634, KL=13.9417, AvgS=497.62, ProxLoss=0.0000
2026-03-19 00:56:01,660 - Server_DefaultID - INFO - Training client 59 (23/30)...
2026-03-19 00:56:03,863 - Server_DefaultID - INFO - Client 59: Acc=71.18, Loss=-344.2940, NLL=-1161.5791, KL=13.9629, AvgS=499.92, ProxLoss=0.0000
2026-03-19 00:56:03,863 - Server_DefaultID - INFO - Training client 10 (24/30)...
2026-03-19 00:56:04,906 - Server_DefaultID - INFO - Client 10: Acc=35.70, Loss=-345.6894, NLL=-1161.6968, KL=13.9633, AvgS=499.97, ProxLoss=0.0000
2026-03-19 00:56:04,906 - Server_DefaultID - INFO - Training client 83 (25/30)...
2026-03-19 00:56:07,200 - Server_DefaultID - INFO - Client 83: Acc=99.69, Loss=-342.0748, NLL=-1161.6355, KL=13.9631, AvgS=499.94, ProxLoss=0.0000
2026-03-19 00:56:07,200 - Server_DefaultID - INFO - Training client 23 (26/30)...
2026-03-19 00:56:07,663 - Server_DefaultID - INFO - Client 23: Acc=80.34, Loss=-55.3616, NLL=-192.8116, KL=6.1259, AvgS=83.10, ProxLoss=0.0000
2026-03-19 00:56:07,664 - Server_DefaultID - INFO - Training client 20 (27/30)...
2026-03-19 00:56:10,265 - Server_DefaultID - INFO - Client 20: Acc=56.67, Loss=-346.3717, NLL=-1161.4134, KL=13.9622, AvgS=499.85, ProxLoss=0.0000
2026-03-19 00:56:10,265 - Server_DefaultID - INFO - Training client 75 (28/30)...
2026-03-19 00:56:12,378 - Server_DefaultID - INFO - Client 75: Acc=89.02, Loss=-343.3240, NLL=-1161.7024, KL=13.9634, AvgS=499.97, ProxLoss=0.0000
2026-03-19 00:56:12,378 - Server_DefaultID - INFO - Training client 14 (29/30)...
2026-03-19 00:56:14,604 - Server_DefaultID - INFO - Client 14: Acc=81.22, Loss=-343.0504, NLL=-1161.7285, KL=13.9635, AvgS=499.98, ProxLoss=0.0000
2026-03-19 00:56:14,604 - Server_DefaultID - INFO - Training client 95 (30/30)...
2026-03-19 00:56:16,863 - Server_DefaultID - INFO - Client 95: Acc=57.50, Loss=-343.2738, NLL=-1161.5829, KL=13.9629, AvgS=499.92, ProxLoss=0.0000
2026-03-19 00:56:17,162 - Server_DefaultID - WARNING - Global prior extremely imbalanced (max/min=1.0), applied adaptive smoothing lam=0.10.
2026-03-19 00:56:17,163 - Server_DefaultID - INFO - Round [11/200] Summary | Avg Client Train Stats:	Loss [-331.4506]	 Acc [74.30]	NLL [-1121.0360]	 KL [13.7184]	AvgS [482.43]	 ProxLoss [0.0000]
GlobalPriorAlpha (first 10): [5.0, 5.0, 5.0, 5.0, 5.0, 5.0, 5.0, 5.0, 5.0, 5.0]
Round Time: 51.78s
2026-03-19 00:56:17,165 - Server_DefaultID - INFO - --- Global Round 12/200 ---
2026-03-19 00:56:17,166 - Server_DefaultID - INFO - Selected 30 active clients for round 12.
2026-03-19 00:56:17,166 - Server_DefaultID - INFO - Training client 64 (1/30)...
2026-03-19 00:56:17,599 - Server_DefaultID - INFO - Client 64: Acc=71.88, Loss=-54.8478, NLL=-190.5803, KL=5.9628, AvgS=82.25, ProxLoss=0.0000
2026-03-19 00:56:17,599 - Server_DefaultID - INFO - Training client 65 (2/30)...
2026-03-19 00:56:18,055 - Server_DefaultID - INFO - Client 65: Acc=75.31, Loss=-28.2476, NLL=-99.0157, KL=3.5570, AvgS=43.81, ProxLoss=0.0000
2026-03-19 00:56:18,056 - Server_DefaultID - INFO - Training client 83 (3/30)...
2026-03-19 00:56:20,575 - Server_DefaultID - INFO - Client 83: Acc=99.69, Loss=-342.0789, NLL=-1161.6972, KL=13.9633, AvgS=499.97, ProxLoss=0.0000
2026-03-19 00:56:20,575 - Server_DefaultID - INFO - Training client 29 (4/30)...
2026-03-19 00:56:21,712 - Server_DefaultID - INFO - Client 29: Acc=7.11, Loss=-121.5041, NLL=-421.5308, KL=9.2401, AvgS=180.65, ProxLoss=0.0000
2026-03-19 00:56:21,712 - Server_DefaultID - INFO - Training client 58 (5/30)...
2026-03-19 00:56:23,492 - Server_DefaultID - INFO - Client 58: Acc=77.50, Loss=-343.0430, NLL=-1161.6757, KL=13.9633, AvgS=499.96, ProxLoss=0.0000
2026-03-19 00:56:23,493 - Server_DefaultID - INFO - Training client 76 (6/30)...
2026-03-19 00:56:25,385 - Server_DefaultID - INFO - Client 76: Acc=73.91, Loss=-345.9571, NLL=-1161.6244, KL=13.9631, AvgS=499.94, ProxLoss=0.0000
2026-03-19 00:56:25,385 - Server_DefaultID - INFO - Training client 94 (7/30)...
2026-03-19 00:56:28,183 - Server_DefaultID - INFO - Client 94: Acc=71.59, Loss=-344.2004, NLL=-1161.7477, KL=13.9635, AvgS=499.99, ProxLoss=0.0000
2026-03-19 00:56:28,183 - Server_DefaultID - INFO - Training client 25 (8/30)...
2026-03-19 00:56:28,809 - Server_DefaultID - INFO - Client 25: Acc=3.28, Loss=-153.8777, NLL=-528.0020, KL=9.9443, AvgS=226.57, ProxLoss=0.0000
2026-03-19 00:56:28,809 - Server_DefaultID - INFO - Training client 28 (9/30)...
2026-03-19 00:56:29,198 - Server_DefaultID - INFO - Client 28: Acc=52.81, Loss=-25.8211, NLL=-92.7959, KL=3.1411, AvgS=41.02, ProxLoss=0.0000
2026-03-19 00:56:29,198 - Server_DefaultID - INFO - Training client 18 (10/30)...
2026-03-19 00:56:32,520 - Server_DefaultID - INFO - Client 18: Acc=86.35, Loss=-344.6327, NLL=-1161.7483, KL=13.9635, AvgS=499.99, ProxLoss=0.0000
2026-03-19 00:56:32,520 - Server_DefaultID - INFO - Training client 85 (11/30)...
2026-03-19 00:56:35,400 - Server_DefaultID - INFO - Client 85: Acc=99.74, Loss=-342.0841, NLL=-1161.7683, KL=13.9636, AvgS=500.00, ProxLoss=0.0000
2026-03-19 00:56:35,400 - Server_DefaultID - INFO - Training client 72 (12/30)...
2026-03-19 00:56:36,434 - Server_DefaultID - INFO - Client 72: Acc=95.08, Loss=-343.2934, NLL=-1161.1153, KL=13.9611, AvgS=499.72, ProxLoss=0.0000
2026-03-19 00:56:36,435 - Server_DefaultID - INFO - Training client 62 (13/30)...
2026-03-19 00:56:37,049 - Server_DefaultID - INFO - Client 62: Acc=61.88, Loss=-26.5571, NLL=-95.9387, KL=3.4480, AvgS=42.24, ProxLoss=0.0000
2026-03-19 00:56:37,049 - Server_DefaultID - INFO - Training client 61 (14/30)...
2026-03-19 00:56:38,378 - Server_DefaultID - INFO - Client 61: Acc=63.69, Loss=-346.0939, NLL=-1161.4950, KL=13.9626, AvgS=499.88, ProxLoss=0.0000
2026-03-19 00:56:38,378 - Server_DefaultID - INFO - Training client 67 (15/30)...
2026-03-19 00:56:39,803 - Server_DefaultID - INFO - Client 67: Acc=64.74, Loss=-344.8474, NLL=-1161.1657, KL=13.9613, AvgS=499.74, ProxLoss=0.0000
2026-03-19 00:56:39,804 - Server_DefaultID - INFO - Training client 26 (16/30)...
2026-03-19 00:56:44,754 - Server_DefaultID - INFO - Client 26: Acc=95.20, Loss=-343.4196, NLL=-1161.6435, KL=13.9631, AvgS=499.95, ProxLoss=0.0000
2026-03-19 00:56:44,754 - Server_DefaultID - INFO - Training client 1 (17/30)...
2026-03-19 00:56:45,459 - Server_DefaultID - INFO - Client 1: Acc=47.81, Loss=-344.7902, NLL=-1161.7699, KL=13.9636, AvgS=500.00, ProxLoss=0.0000
2026-03-19 00:56:45,459 - Server_DefaultID - INFO - Training client 20 (18/30)...
2026-03-19 00:56:47,107 - Server_DefaultID - INFO - Client 20: Acc=60.73, Loss=-346.4148, NLL=-1161.5599, KL=13.9628, AvgS=499.91, ProxLoss=0.0000
2026-03-19 00:56:47,107 - Server_DefaultID - INFO - Training client 36 (19/30)...
2026-03-19 00:56:52,456 - Server_DefaultID - INFO - Client 36: Acc=92.12, Loss=-343.1471, NLL=-1161.6070, KL=13.9630, AvgS=499.93, ProxLoss=0.0000
2026-03-19 00:56:52,456 - Server_DefaultID - INFO - Training client 53 (20/30)...
2026-03-19 00:56:54,720 - Server_DefaultID - INFO - Client 53: Acc=95.97, Loss=-343.7117, NLL=-1161.6044, KL=13.9630, AvgS=499.93, ProxLoss=0.0000
2026-03-19 00:56:54,720 - Server_DefaultID - INFO - Training client 71 (21/30)...
2026-03-19 00:56:55,395 - Server_DefaultID - INFO - Client 71: Acc=66.88, Loss=-122.8382, NLL=-420.0308, KL=9.3236, AvgS=180.09, ProxLoss=0.0000
2026-03-19 00:56:55,395 - Server_DefaultID - INFO - Training client 55 (22/30)...
2026-03-19 00:57:02,335 - Server_DefaultID - INFO - Client 55: Acc=85.78, Loss=-344.8966, NLL=-1161.4433, KL=13.9623, AvgS=499.86, ProxLoss=0.0000
2026-03-19 00:57:02,336 - Server_DefaultID - INFO - Training client 15 (23/30)...
2026-03-19 00:57:03,005 - Server_DefaultID - INFO - Client 15: Acc=53.91, Loss=-342.3408, NLL=-1156.9345, KL=13.9411, AvgS=497.91, ProxLoss=0.0000
2026-03-19 00:57:03,005 - Server_DefaultID - INFO - Training client 57 (24/30)...
2026-03-19 00:57:06,941 - Server_DefaultID - INFO - Client 57: Acc=93.75, Loss=-343.9256, NLL=-1161.7236, KL=13.9634, AvgS=499.98, ProxLoss=0.0000
2026-03-19 00:57:06,941 - Server_DefaultID - INFO - Training client 87 (25/30)...
2026-03-19 00:57:08,725 - Server_DefaultID - INFO - Client 87: Acc=49.24, Loss=-346.0798, NLL=-1161.6050, KL=13.9630, AvgS=499.93, ProxLoss=0.0000
2026-03-19 00:57:08,725 - Server_DefaultID - INFO - Training client 40 (26/30)...
2026-03-19 00:57:10,360 - Server_DefaultID - INFO - Client 40: Acc=59.90, Loss=-337.4432, NLL=-1139.5675, KL=13.8731, AvgS=490.42, ProxLoss=0.0000
2026-03-19 00:57:10,360 - Server_DefaultID - INFO - Training client 59 (27/30)...
2026-03-19 00:57:12,568 - Server_DefaultID - INFO - Client 59: Acc=73.09, Loss=-344.2031, NLL=-1161.4147, KL=13.9622, AvgS=499.85, ProxLoss=0.0000
2026-03-19 00:57:12,568 - Server_DefaultID - INFO - Training client 39 (28/30)...
2026-03-19 00:57:17,312 - Server_DefaultID - INFO - Client 39: Acc=73.67, Loss=-344.3552, NLL=-1161.6758, KL=13.9633, AvgS=499.96, ProxLoss=0.0000
2026-03-19 00:57:17,312 - Server_DefaultID - INFO - Training client 60 (29/30)...
2026-03-19 00:57:18,225 - Server_DefaultID - INFO - Client 60: Acc=44.17, Loss=-200.8335, NLL=-690.2940, KL=11.5216, AvgS=296.38, ProxLoss=0.0000
2026-03-19 00:57:18,225 - Server_DefaultID - INFO - Training client 98 (30/30)...
2026-03-19 00:57:19,102 - Server_DefaultID - INFO - Client 98: Acc=73.96, Loss=-277.3596, NLL=-948.5309, KL=12.9989, AvgS=407.91, ProxLoss=0.0000
2026-03-19 00:57:19,354 - Server_DefaultID - WARNING - Global prior extremely imbalanced (max/min=1.0), applied adaptive smoothing lam=0.10.
2026-03-19 00:57:19,355 - Server_DefaultID - INFO - Round [12/200] Summary | Avg Client Train Stats:	Loss [-324.1634]	 Acc [79.24]	NLL [-1095.1552]	 KL [13.4645]	AvgS [471.31]	 ProxLoss [0.0000]
GlobalPriorAlpha (first 10): [5.0, 5.0, 5.0, 5.0, 5.0, 5.0, 5.0, 5.0, 5.0, 5.0]
Round Time: 62.19s
2026-03-19 00:57:19,357 - Server_DefaultID - INFO - --- Global Round 13/200 ---
2026-03-19 00:57:19,358 - Server_DefaultID - INFO - Selected 30 active clients for round 13.
2026-03-19 00:57:19,358 - Server_DefaultID - INFO - Training client 4 (1/30)...
2026-03-19 00:57:20,963 - Server_DefaultID - INFO - Client 4: Acc=71.30, Loss=-345.8980, NLL=-1161.7625, KL=13.9636, AvgS=500.00, ProxLoss=0.0000
2026-03-19 00:57:20,963 - Server_DefaultID - INFO - Training client 10 (2/30)...
2026-03-19 00:57:22,172 - Server_DefaultID - INFO - Client 10: Acc=49.38, Loss=-345.8503, NLL=-1161.7698, KL=13.9636, AvgS=500.00, ProxLoss=0.0000
2026-03-19 00:57:22,172 - Server_DefaultID - INFO - Training client 12 (3/30)...
2026-03-19 00:57:23,412 - Server_DefaultID - INFO - Client 12: Acc=71.06, Loss=-345.9506, NLL=-1161.7302, KL=13.9635, AvgS=499.98, ProxLoss=0.0000
2026-03-19 00:57:23,412 - Server_DefaultID - INFO - Training client 27 (4/30)...
2026-03-19 00:57:24,341 - Server_DefaultID - INFO - Client 27: Acc=52.81, Loss=-205.7251, NLL=-699.8898, KL=11.5887, AvgS=300.56, ProxLoss=0.0000
2026-03-19 00:57:24,341 - Server_DefaultID - INFO - Training client 65 (5/30)...
2026-03-19 00:57:24,736 - Server_DefaultID - INFO - Client 65: Acc=76.88, Loss=-41.0766, NLL=-142.3877, KL=4.7453, AvgS=61.90, ProxLoss=0.0000
2026-03-19 00:57:24,736 - Server_DefaultID - INFO - Training client 29 (6/30)...
2026-03-19 00:57:25,704 - Server_DefaultID - INFO - Client 29: Acc=4.84, Loss=-204.3747, NLL=-700.5941, KL=11.4834, AvgS=300.83, ProxLoss=0.0000
2026-03-19 00:57:25,704 - Server_DefaultID - INFO - Training client 50 (7/30)...
2026-03-19 00:57:29,995 - Server_DefaultID - INFO - Client 50: Acc=97.47, Loss=-343.1389, NLL=-1161.5403, KL=13.9627, AvgS=499.90, ProxLoss=0.0000
2026-03-19 00:57:29,996 - Server_DefaultID - INFO - Training client 17 (8/30)...
2026-03-19 00:57:30,656 - Server_DefaultID - INFO - Client 17: Acc=78.91, Loss=-345.3512, NLL=-1161.7473, KL=13.9635, AvgS=499.99, ProxLoss=0.0000
2026-03-19 00:57:30,656 - Server_DefaultID - INFO - Training client 94 (9/30)...
2026-03-19 00:57:33,313 - Server_DefaultID - INFO - Client 94: Acc=76.51, Loss=-344.1701, NLL=-1161.6873, KL=13.9633, AvgS=499.96, ProxLoss=0.0000
2026-03-19 00:57:33,313 - Server_DefaultID - INFO - Training client 87 (10/30)...
2026-03-19 00:57:35,132 - Server_DefaultID - INFO - Client 87: Acc=55.04, Loss=-346.1238, NLL=-1161.6239, KL=13.9631, AvgS=499.94, ProxLoss=0.0000
2026-03-19 00:57:35,133 - Server_DefaultID - INFO - Training client 70 (11/30)...
2026-03-19 00:57:36,573 - Server_DefaultID - INFO - Client 70: Acc=73.81, Loss=-343.1239, NLL=-1161.3601, KL=13.9620, AvgS=499.82, ProxLoss=0.0000
2026-03-19 00:57:36,573 - Server_DefaultID - INFO - Training client 0 (12/30)...
2026-03-19 00:57:37,076 - Server_DefaultID - INFO - Client 0: Acc=32.50, Loss=-290.7105, NLL=-982.0733, KL=12.5204, AvgS=422.65, ProxLoss=0.0000
2026-03-19 00:57:37,076 - Server_DefaultID - INFO - Training client 43 (13/30)...
2026-03-19 00:57:39,743 - Server_DefaultID - INFO - Client 43: Acc=80.28, Loss=-344.0186, NLL=-1161.5821, KL=13.9629, AvgS=499.92, ProxLoss=0.0000
2026-03-19 00:57:39,743 - Server_DefaultID - INFO - Training client 14 (14/30)...
2026-03-19 00:57:42,195 - Server_DefaultID - INFO - Client 14: Acc=83.75, Loss=-342.9628, NLL=-1161.7184, KL=13.9634, AvgS=499.98, ProxLoss=0.0000
2026-03-19 00:57:42,195 - Server_DefaultID - INFO - Training client 74 (15/30)...
2026-03-19 00:57:43,366 - Server_DefaultID - INFO - Client 74: Acc=51.72, Loss=-202.5818, NLL=-694.3693, KL=11.4823, AvgS=298.19, ProxLoss=0.0000
2026-03-19 00:57:43,366 - Server_DefaultID - INFO - Training client 61 (16/30)...
2026-03-19 00:57:44,765 - Server_DefaultID - INFO - Client 61: Acc=62.12, Loss=-346.1462, NLL=-1161.5924, KL=13.9629, AvgS=499.92, ProxLoss=0.0000
2026-03-19 00:57:44,765 - Server_DefaultID - INFO - Training client 42 (17/30)...
2026-03-19 00:57:46,409 - Server_DefaultID - INFO - Client 42: Acc=60.94, Loss=-324.3070, NLL=-1105.4802, KL=13.7185, AvgS=475.67, ProxLoss=0.0000
2026-03-19 00:57:46,409 - Server_DefaultID - INFO - Training client 82 (18/30)...
2026-03-19 00:57:47,821 - Server_DefaultID - INFO - Client 82: Acc=86.25, Loss=-340.1397, NLL=-1153.1959, KL=13.9291, AvgS=496.30, ProxLoss=0.0000
2026-03-19 00:57:47,821 - Server_DefaultID - INFO - Training client 48 (19/30)...
2026-03-19 00:57:53,169 - Server_DefaultID - INFO - Client 48: Acc=86.71, Loss=-344.4742, NLL=-1161.6886, KL=13.9633, AvgS=499.97, ProxLoss=0.0000
2026-03-19 00:57:53,169 - Server_DefaultID - INFO - Training client 93 (20/30)...
2026-03-19 00:57:53,979 - Server_DefaultID - INFO - Client 93: Acc=33.28, Loss=-203.3463, NLL=-692.9235, KL=11.5032, AvgS=297.51, ProxLoss=0.0000
2026-03-19 00:57:53,979 - Server_DefaultID - INFO - Training client 31 (21/30)...
2026-03-19 00:57:56,196 - Server_DefaultID - INFO - Client 31: Acc=71.70, Loss=-343.9813, NLL=-1161.5262, KL=13.9627, AvgS=499.89, ProxLoss=0.0000
2026-03-19 00:57:56,196 - Server_DefaultID - INFO - Training client 19 (22/30)...
2026-03-19 00:57:59,578 - Server_DefaultID - INFO - Client 19: Acc=95.25, Loss=-343.0072, NLL=-1161.7231, KL=13.9634, AvgS=499.98, ProxLoss=0.0000
2026-03-19 00:57:59,579 - Server_DefaultID - INFO - Training client 33 (23/30)...
2026-03-19 00:58:01,383 - Server_DefaultID - INFO - Client 33: Acc=57.37, Loss=-345.7434, NLL=-1161.7425, KL=13.9635, AvgS=499.99, ProxLoss=0.0000
2026-03-19 00:58:01,383 - Server_DefaultID - INFO - Training client 79 (24/30)...
2026-03-19 00:58:02,720 - Server_DefaultID - INFO - Client 79: Acc=69.50, Loss=-157.1229, NLL=-543.7150, KL=9.0976, AvgS=233.86, ProxLoss=0.0000
2026-03-19 00:58:02,720 - Server_DefaultID - INFO - Training client 77 (25/30)...
2026-03-19 00:58:06,468 - Server_DefaultID - INFO - Client 77: Acc=90.60, Loss=-343.9796, NLL=-1161.6282, KL=13.9631, AvgS=499.94, ProxLoss=0.0000
2026-03-19 00:58:06,468 - Server_DefaultID - INFO - Training client 56 (26/30)...
2026-03-19 00:58:08,622 - Server_DefaultID - INFO - Client 56: Acc=28.63, Loss=-126.0062, NLL=-439.6583, KL=9.4743, AvgS=188.43, ProxLoss=0.0000
2026-03-19 00:58:08,622 - Server_DefaultID - INFO - Training client 75 (27/30)...
2026-03-19 00:58:10,691 - Server_DefaultID - INFO - Client 75: Acc=89.77, Loss=-343.2925, NLL=-1161.6931, KL=13.9633, AvgS=499.97, ProxLoss=0.0000
2026-03-19 00:58:10,691 - Server_DefaultID - INFO - Training client 15 (28/30)...
2026-03-19 00:58:11,423 - Server_DefaultID - INFO - Client 15: Acc=57.81, Loss=-344.5934, NLL=-1161.6839, KL=13.9633, AvgS=499.96, ProxLoss=0.0000
2026-03-19 00:58:11,423 - Server_DefaultID - INFO - Training client 69 (29/30)...
2026-03-19 00:58:12,188 - Server_DefaultID - INFO - Client 69: Acc=34.38, Loss=-122.2494, NLL=-418.4943, KL=9.3181, AvgS=179.35, ProxLoss=0.0000
2026-03-19 00:58:12,188 - Server_DefaultID - INFO - Training client 97 (30/30)...
2026-03-19 00:58:18,201 - Server_DefaultID - INFO - Client 97: Acc=99.58, Loss=-342.1674, NLL=-1161.7559, KL=13.9636, AvgS=499.99, ProxLoss=0.0000
2026-03-19 00:58:18,519 - Server_DefaultID - WARNING - Global prior extremely imbalanced (max/min=1.0), applied adaptive smoothing lam=0.10.
2026-03-19 00:58:18,520 - Server_DefaultID - INFO - Round [13/200] Summary | Avg Client Train Stats:	Loss [-318.2191]	 Acc [76.39]	NLL [-1076.5924]	 KL [13.4245]	AvgS [463.26]	 ProxLoss [0.0000]
GlobalPriorAlpha (first 10): [5.0, 5.0, 5.0, 5.0, 5.0, 5.0, 5.0, 5.0, 5.0, 5.0]
Round Time: 59.16s
2026-03-19 00:58:18,523 - Server_DefaultID - INFO - --- Global Round 14/200 ---
2026-03-19 00:58:18,524 - Server_DefaultID - INFO - Selected 30 active clients for round 14.
2026-03-19 00:58:18,524 - Server_DefaultID - INFO - Training client 98 (1/30)...
2026-03-19 00:58:19,515 - Server_DefaultID - INFO - Client 98: Acc=80.52, Loss=-332.1964, NLL=-1131.3324, KL=13.8391, AvgS=486.86, ProxLoss=0.0000
2026-03-19 00:58:19,515 - Server_DefaultID - INFO - Training client 32 (2/30)...
2026-03-19 00:58:21,065 - Server_DefaultID - INFO - Client 32: Acc=74.69, Loss=-344.4496, NLL=-1161.1902, KL=13.9613, AvgS=499.75, ProxLoss=0.0000
2026-03-19 00:58:21,065 - Server_DefaultID - INFO - Training client 36 (3/30)...
2026-03-19 00:58:27,931 - Server_DefaultID - INFO - Client 36: Acc=93.75, Loss=-343.1346, NLL=-1161.7252, KL=13.9635, AvgS=499.98, ProxLoss=0.0000
2026-03-19 00:58:27,931 - Server_DefaultID - INFO - Training client 31 (4/30)...
2026-03-19 00:58:30,300 - Server_DefaultID - INFO - Client 31: Acc=73.54, Loss=-344.0580, NLL=-1161.7225, KL=13.9634, AvgS=499.98, ProxLoss=0.0000
2026-03-19 00:58:30,301 - Server_DefaultID - INFO - Training client 66 (5/30)...
2026-03-19 00:58:31,950 - Server_DefaultID - INFO - Client 66: Acc=88.17, Loss=-343.8362, NLL=-1161.5498, KL=13.9628, AvgS=499.91, ProxLoss=0.0000
2026-03-19 00:58:31,950 - Server_DefaultID - INFO - Training client 4 (6/30)...
2026-03-19 00:58:33,482 - Server_DefaultID - INFO - Client 4: Acc=76.67, Loss=-345.8478, NLL=-1161.3903, KL=13.9621, AvgS=499.84, ProxLoss=0.0000
2026-03-19 00:58:33,482 - Server_DefaultID - INFO - Training client 7 (7/30)...
2026-03-19 00:58:35,013 - Server_DefaultID - INFO - Client 7: Acc=58.85, Loss=-344.4477, NLL=-1161.7338, KL=13.9635, AvgS=499.98, ProxLoss=0.0000
2026-03-19 00:58:35,013 - Server_DefaultID - INFO - Training client 17 (8/30)...
2026-03-19 00:58:35,715 - Server_DefaultID - INFO - Client 17: Acc=80.94, Loss=-345.2788, NLL=-1161.7699, KL=13.9636, AvgS=500.00, ProxLoss=0.0000
2026-03-19 00:58:35,715 - Server_DefaultID - INFO - Training client 0 (9/30)...
2026-03-19 00:58:36,103 - Server_DefaultID - INFO - Client 0: Acc=37.81, Loss=-344.6637, NLL=-1161.7699, KL=13.9636, AvgS=500.00, ProxLoss=0.0000
2026-03-19 00:58:36,103 - Server_DefaultID - INFO - Training client 80 (10/30)...
2026-03-19 00:58:36,572 - Server_DefaultID - INFO - Client 80: Acc=67.50, Loss=-55.3665, NLL=-192.1069, KL=6.0526, AvgS=82.72, ProxLoss=0.0000
2026-03-19 00:58:36,572 - Server_DefaultID - INFO - Training client 99 (11/30)...
2026-03-19 00:58:37,017 - Server_DefaultID - INFO - Client 99: Acc=40.00, Loss=-54.8522, NLL=-188.6327, KL=5.7389, AvgS=81.32, ProxLoss=0.0000
2026-03-19 00:58:37,017 - Server_DefaultID - INFO - Training client 73 (12/30)...
2026-03-19 00:58:40,061 - Server_DefaultID - INFO - Client 73: Acc=81.73, Loss=-343.4175, NLL=-1161.6161, KL=13.9630, AvgS=499.93, ProxLoss=0.0000
2026-03-19 00:58:40,061 - Server_DefaultID - INFO - Training client 60 (13/30)...
2026-03-19 00:58:40,911 - Server_DefaultID - INFO - Client 60: Acc=32.19, Loss=-273.3948, NLL=-935.4555, KL=12.9057, AvgS=402.21, ProxLoss=0.0000
2026-03-19 00:58:40,911 - Server_DefaultID - INFO - Training client 40 (14/30)...
2026-03-19 00:58:42,406 - Server_DefaultID - INFO - Client 40: Acc=64.32, Loss=-345.4574, NLL=-1161.3215, KL=13.9619, AvgS=499.81, ProxLoss=0.0000
2026-03-19 00:58:42,406 - Server_DefaultID - INFO - Training client 65 (15/30)...
2026-03-19 00:58:42,794 - Server_DefaultID - INFO - Client 65: Acc=60.62, Loss=-55.8327, NLL=-193.6142, KL=6.0117, AvgS=83.42, ProxLoss=0.0000
2026-03-19 00:58:42,795 - Server_DefaultID - INFO - Training client 39 (16/30)...
2026-03-19 00:58:46,500 - Server_DefaultID - INFO - Client 39: Acc=75.33, Loss=-344.2511, NLL=-1161.6928, KL=13.9633, AvgS=499.97, ProxLoss=0.0000
2026-03-19 00:58:46,500 - Server_DefaultID - INFO - Training client 72 (17/30)...
2026-03-19 00:58:47,624 - Server_DefaultID - INFO - Client 72: Acc=94.92, Loss=-343.3877, NLL=-1161.3111, KL=13.9618, AvgS=499.80, ProxLoss=0.0000
2026-03-19 00:58:47,624 - Server_DefaultID - INFO - Training client 57 (18/30)...
2026-03-19 00:58:51,687 - Server_DefaultID - INFO - Client 57: Acc=94.30, Loss=-343.9229, NLL=-1161.7254, KL=13.9634, AvgS=499.98, ProxLoss=0.0000
2026-03-19 00:58:51,687 - Server_DefaultID - INFO - Training client 81 (19/30)...
2026-03-19 00:58:53,531 - Server_DefaultID - INFO - Client 81: Acc=75.67, Loss=-344.2518, NLL=-1161.7566, KL=13.9636, AvgS=499.99, ProxLoss=0.0000
2026-03-19 00:58:53,531 - Server_DefaultID - INFO - Training client 6 (20/30)...
2026-03-19 00:58:54,380 - Server_DefaultID - INFO - Client 6: Acc=61.77, Loss=-343.2179, NLL=-1160.5873, KL=13.9588, AvgS=499.49, ProxLoss=0.0000
2026-03-19 00:58:54,380 - Server_DefaultID - INFO - Training client 16 (21/30)...
2026-03-19 00:58:56,238 - Server_DefaultID - INFO - Client 16: Acc=61.72, Loss=-343.7732, NLL=-1161.4582, KL=13.9624, AvgS=499.87, ProxLoss=0.0000
2026-03-19 00:58:56,238 - Server_DefaultID - INFO - Training client 51 (22/30)...
2026-03-19 00:58:56,956 - Server_DefaultID - INFO - Client 51: Acc=29.53, Loss=-118.9516, NLL=-406.6699, KL=9.1344, AvgS=174.30, ProxLoss=0.0000
2026-03-19 00:58:56,956 - Server_DefaultID - INFO - Training client 49 (23/30)...
2026-03-19 00:58:58,851 - Server_DefaultID - INFO - Client 49: Acc=75.76, Loss=-343.9491, NLL=-1161.7135, KL=13.9634, AvgS=499.98, ProxLoss=0.0000
2026-03-19 00:58:58,851 - Server_DefaultID - INFO - Training client 61 (24/30)...
2026-03-19 00:59:00,330 - Server_DefaultID - INFO - Client 61: Acc=65.00, Loss=-346.0221, NLL=-1161.5883, KL=13.9629, AvgS=499.92, ProxLoss=0.0000
2026-03-19 00:59:00,330 - Server_DefaultID - INFO - Training client 41 (25/30)...
2026-03-19 00:59:02,496 - Server_DefaultID - INFO - Client 41: Acc=77.38, Loss=-343.6010, NLL=-1161.6741, KL=13.9633, AvgS=499.96, ProxLoss=0.0000
2026-03-19 00:59:02,496 - Server_DefaultID - INFO - Training client 64 (26/30)...
2026-03-19 00:59:02,925 - Server_DefaultID - INFO - Client 64: Acc=66.88, Loss=-68.4845, NLL=-237.7101, KL=6.8067, AvgS=102.23, ProxLoss=0.0000
2026-03-19 00:59:02,925 - Server_DefaultID - INFO - Training client 35 (27/30)...
2026-03-19 00:59:03,754 - Server_DefaultID - INFO - Client 35: Acc=58.65, Loss=-275.5386, NLL=-934.5180, KL=12.9533, AvgS=401.84, ProxLoss=0.0000
2026-03-19 00:59:03,754 - Server_DefaultID - INFO - Training client 5 (28/30)...
2026-03-19 00:59:04,160 - Server_DefaultID - INFO - Client 5: Acc=49.38, Loss=-243.0842, NLL=-820.3684, KL=10.2081, AvgS=353.57, ProxLoss=0.0000
2026-03-19 00:59:04,161 - Server_DefaultID - INFO - Training client 43 (29/30)...
2026-03-19 00:59:06,870 - Server_DefaultID - INFO - Client 43: Acc=80.11, Loss=-344.0447, NLL=-1161.7239, KL=13.9634, AvgS=499.98, ProxLoss=0.0000
2026-03-19 00:59:06,871 - Server_DefaultID - INFO - Training client 77 (30/30)...
2026-03-19 00:59:10,540 - Server_DefaultID - INFO - Client 77: Acc=90.69, Loss=-343.9937, NLL=-1161.7273, KL=13.9635, AvgS=499.98, ProxLoss=0.0000
2026-03-19 00:59:10,862 - Server_DefaultID - WARNING - Global prior extremely imbalanced (max/min=1.0), applied adaptive smoothing lam=0.10.
2026-03-19 00:59:10,862 - Server_DefaultID - INFO - Round [14/200] Summary | Avg Client Train Stats:	Loss [-330.1315]	 Acc [78.05]	NLL [-1115.3324]	 KL [13.6249]	AvgS [480.00]	 ProxLoss [0.0000]
GlobalPriorAlpha (first 10): [5.0, 5.0, 5.0, 5.0, 5.0, 5.0, 5.0, 5.0, 5.0, 5.0]
Round Time: 52.34s
2026-03-19 00:59:10,864 - Server_DefaultID - INFO - --- Global Round 15/200 ---
2026-03-19 00:59:10,865 - Server_DefaultID - INFO - Selected 30 active clients for round 15.
2026-03-19 00:59:10,865 - Server_DefaultID - INFO - Training client 58 (1/30)...
2026-03-19 00:59:12,506 - Server_DefaultID - INFO - Client 58: Acc=78.71, Loss=-342.8439, NLL=-1161.5563, KL=13.9628, AvgS=499.91, ProxLoss=0.0000
2026-03-19 00:59:12,507 - Server_DefaultID - INFO - Training client 37 (2/30)...
2026-03-19 00:59:13,497 - Server_DefaultID - INFO - Client 37: Acc=48.36, Loss=-305.5941, NLL=-1036.9867, KL=13.4358, AvgS=446.09, ProxLoss=0.0000
2026-03-19 00:59:13,497 - Server_DefaultID - INFO - Training client 81 (3/30)...
2026-03-19 00:59:15,331 - Server_DefaultID - INFO - Client 81: Acc=78.71, Loss=-344.2124, NLL=-1161.6778, KL=13.9633, AvgS=499.96, ProxLoss=0.0000
2026-03-19 00:59:15,331 - Server_DefaultID - INFO - Training client 35 (4/30)...
2026-03-19 00:59:16,163 - Server_DefaultID - INFO - Client 35: Acc=51.56, Loss=-332.1566, NLL=-1122.6865, KL=13.8041, AvgS=483.12, ProxLoss=0.0000
2026-03-19 00:59:16,163 - Server_DefaultID - INFO - Training client 63 (5/30)...
2026-03-19 00:59:17,536 - Server_DefaultID - INFO - Client 63: Acc=54.31, Loss=-343.8573, NLL=-1160.8571, KL=13.9600, AvgS=499.61, ProxLoss=0.0000
2026-03-19 00:59:17,536 - Server_DefaultID - INFO - Training client 22 (6/30)...
2026-03-19 00:59:18,150 - Server_DefaultID - INFO - Client 22: Acc=47.34, Loss=-83.4979, NLL=-290.1914, KL=7.2807, AvgS=124.56, ProxLoss=0.0000
2026-03-19 00:59:18,150 - Server_DefaultID - INFO - Training client 93 (7/30)...
2026-03-19 00:59:18,887 - Server_DefaultID - INFO - Client 93: Acc=30.94, Loss=-248.3980, NLL=-843.5881, KL=12.4219, AvgS=362.53, ProxLoss=0.0000
2026-03-19 00:59:18,887 - Server_DefaultID - INFO - Training client 32 (8/30)...
2026-03-19 00:59:20,432 - Server_DefaultID - INFO - Client 32: Acc=74.17, Loss=-344.7202, NLL=-1161.7004, KL=13.9634, AvgS=499.97, ProxLoss=0.0000
2026-03-19 00:59:20,432 - Server_DefaultID - INFO - Training client 68 (9/30)...
2026-03-19 00:59:22,573 - Server_DefaultID - INFO - Client 68: Acc=81.11, Loss=-342.8609, NLL=-1161.7449, KL=13.9635, AvgS=499.99, ProxLoss=0.0000
2026-03-19 00:59:22,573 - Server_DefaultID - INFO - Training client 84 (10/30)...
2026-03-19 00:59:23,005 - Server_DefaultID - INFO - Client 84: Acc=69.43, Loss=-25.2675, NLL=-90.8767, KL=3.2954, AvgS=40.30, ProxLoss=0.0000
2026-03-19 00:59:23,005 - Server_DefaultID - INFO - Training client 74 (11/30)...
2026-03-19 00:59:24,107 - Server_DefaultID - INFO - Client 74: Acc=51.02, Loss=-288.9066, NLL=-984.0253, KL=13.1412, AvgS=423.22, ProxLoss=0.0000
2026-03-19 00:59:24,107 - Server_DefaultID - INFO - Training client 91 (12/30)...
2026-03-19 00:59:24,930 - Server_DefaultID - INFO - Client 91: Acc=60.62, Loss=-276.3402, NLL=-944.8314, KL=13.0108, AvgS=406.28, ProxLoss=0.0000
2026-03-19 00:59:24,930 - Server_DefaultID - INFO - Training client 76 (13/30)...
2026-03-19 00:59:27,117 - Server_DefaultID - INFO - Client 76: Acc=75.43, Loss=-345.8965, NLL=-1161.6712, KL=13.9632, AvgS=499.96, ProxLoss=0.0000
2026-03-19 00:59:27,117 - Server_DefaultID - INFO - Training client 69 (14/30)...
2026-03-19 00:59:27,843 - Server_DefaultID - INFO - Client 69: Acc=39.69, Loss=-161.4152, NLL=-550.2366, KL=10.5444, AvgS=236.00, ProxLoss=0.0000
2026-03-19 00:59:27,843 - Server_DefaultID - INFO - Training client 13 (15/30)...
2026-03-19 00:59:29,427 - Server_DefaultID - INFO - Client 13: Acc=54.69, Loss=-337.6595, NLL=-1142.9111, KL=13.8818, AvgS=491.86, ProxLoss=0.0000
2026-03-19 00:59:29,428 - Server_DefaultID - INFO - Training client 90 (16/30)...
2026-03-19 00:59:31,758 - Client_90 - WARNING - Client 90: Too few classes (1) or samples (592) for alpha report, returning uniform.
2026-03-19 00:59:31,758 - Server_DefaultID - INFO - Client 90: Acc=100.00, Loss=-341.1635, NLL=-1160.4130, KL=13.9581, AvgS=499.41, ProxLoss=0.0000
2026-03-19 00:59:31,758 - Server_DefaultID - INFO - Training client 98 (17/30)...
2026-03-19 00:59:32,738 - Server_DefaultID - INFO - Client 98: Acc=80.31, Loss=-340.9225, NLL=-1157.8708, KL=13.9480, AvgS=498.32, ProxLoss=0.0000
2026-03-19 00:59:32,738 - Server_DefaultID - INFO - Training client 56 (18/30)...
2026-03-19 00:59:34,796 - Server_DefaultID - INFO - Client 56: Acc=42.58, Loss=-298.2861, NLL=-1020.5062, KL=13.3484, AvgS=438.97, ProxLoss=0.0000
2026-03-19 00:59:34,796 - Server_DefaultID - INFO - Training client 67 (19/30)...
2026-03-19 00:59:36,501 - Server_DefaultID - INFO - Client 67: Acc=62.24, Loss=-344.9993, NLL=-1161.5926, KL=13.9629, AvgS=499.92, ProxLoss=0.0000
2026-03-19 00:59:36,502 - Server_DefaultID - INFO - Training client 80 (20/30)...
2026-03-19 00:59:36,906 - Server_DefaultID - INFO - Client 80: Acc=49.06, Loss=-68.7224, NLL=-238.1902, KL=6.8850, AvgS=102.27, ProxLoss=0.0000
2026-03-19 00:59:36,906 - Server_DefaultID - INFO - Training client 5 (21/30)...
2026-03-19 00:59:37,349 - Server_DefaultID - INFO - Client 5: Acc=52.19, Loss=-261.2295, NLL=-881.0001, KL=10.9962, AvgS=379.51, ProxLoss=0.0000
2026-03-19 00:59:37,350 - Server_DefaultID - INFO - Training client 8 (22/30)...
2026-03-19 00:59:38,014 - Server_DefaultID - INFO - Client 8: Acc=87.97, Loss=-344.0464, NLL=-1161.0576, KL=13.9608, AvgS=499.69, ProxLoss=0.0000
2026-03-19 00:59:38,014 - Server_DefaultID - INFO - Training client 52 (23/30)...
2026-03-19 00:59:38,953 - Server_DefaultID - INFO - Client 52: Acc=61.35, Loss=-331.5768, NLL=-1123.9532, KL=13.8099, AvgS=483.67, ProxLoss=0.0000
2026-03-19 00:59:38,953 - Server_DefaultID - INFO - Training client 0 (24/30)...
2026-03-19 00:59:39,374 - Server_DefaultID - INFO - Client 0: Acc=48.12, Loss=-344.5989, NLL=-1161.4483, KL=13.9624, AvgS=499.86, ProxLoss=0.0000
2026-03-19 00:59:39,374 - Server_DefaultID - INFO - Training client 20 (25/30)...
2026-03-19 00:59:40,882 - Server_DefaultID - INFO - Client 20: Acc=61.04, Loss=-346.3018, NLL=-1161.6058, KL=13.9630, AvgS=499.93, ProxLoss=0.0000
2026-03-19 00:59:40,882 - Server_DefaultID - INFO - Training client 49 (26/30)...
2026-03-19 00:59:42,776 - Server_DefaultID - INFO - Client 49: Acc=78.44, Loss=-343.9029, NLL=-1161.6572, KL=13.9632, AvgS=499.95, ProxLoss=0.0000
2026-03-19 00:59:42,776 - Server_DefaultID - INFO - Training client 27 (27/30)...
2026-03-19 00:59:43,627 - Server_DefaultID - INFO - Client 27: Acc=53.23, Loss=-279.9812, NLL=-949.3438, KL=13.0035, AvgS=408.24, ProxLoss=0.0000
2026-03-19 00:59:43,627 - Server_DefaultID - INFO - Training client 62 (28/30)...
2026-03-19 00:59:44,260 - Server_DefaultID - INFO - Client 62: Acc=55.00, Loss=-55.1112, NLL=-192.9732, KL=6.0297, AvgS=82.98, ProxLoss=0.0000
2026-03-19 00:59:44,260 - Server_DefaultID - INFO - Training client 28 (29/30)...
2026-03-19 00:59:44,720 - Server_DefaultID - INFO - Client 28: Acc=42.50, Loss=-38.4792, NLL=-136.5687, KL=4.2102, AvgS=59.43, ProxLoss=0.0000
2026-03-19 00:59:44,720 - Server_DefaultID - INFO - Training client 31 (30/30)...
2026-03-19 00:59:46,931 - Server_DefaultID - INFO - Client 31: Acc=74.48, Loss=-343.9549, NLL=-1161.5519, KL=13.9628, AvgS=499.91, ProxLoss=0.0000
2026-03-19 00:59:47,204 - Server_DefaultID - WARNING - Global prior extremely imbalanced (max/min=1.0), applied adaptive smoothing lam=0.10.
2026-03-19 00:59:47,205 - Server_DefaultID - INFO - Round [15/200] Summary | Avg Client Train Stats:	Loss [-309.5932]	 Acc [66.97]	NLL [-1048.0224]	 KL [13.1762]	AvgS [450.98]	 ProxLoss [0.0000]
GlobalPriorAlpha (first 10): [5.0, 5.0, 5.0, 5.0, 5.0, 5.0, 5.0, 5.0, 5.0, 5.0]
Round Time: 36.34s
2026-03-19 00:59:47,210 - Server_DefaultID - INFO - --- Global Round 16/200 ---
2026-03-19 00:59:47,210 - Server_DefaultID - INFO - Selected 30 active clients for round 16.
2026-03-19 00:59:47,211 - Server_DefaultID - INFO - Training client 91 (1/30)...
2026-03-19 00:59:48,152 - Server_DefaultID - INFO - Client 91: Acc=63.33, Loss=-329.4605, NLL=-1123.2241, KL=13.8079, AvgS=483.35, ProxLoss=0.0000
2026-03-19 00:59:48,152 - Server_DefaultID - INFO - Training client 29 (2/30)...
2026-03-19 00:59:49,219 - Server_DefaultID - INFO - Client 29: Acc=22.27, Loss=-294.3660, NLL=-1004.3867, KL=13.2596, AvgS=431.97, ProxLoss=0.0000
2026-03-19 00:59:49,219 - Server_DefaultID - INFO - Training client 83 (3/30)...
2026-03-19 00:59:51,817 - Server_DefaultID - INFO - Client 83: Acc=99.72, Loss=-341.8430, NLL=-1161.7258, KL=13.9635, AvgS=499.98, ProxLoss=0.0000
2026-03-19 00:59:51,817 - Server_DefaultID - INFO - Training client 94 (4/30)...
2026-03-19 00:59:54,635 - Server_DefaultID - INFO - Client 94: Acc=79.94, Loss=-344.1023, NLL=-1161.6784, KL=13.9633, AvgS=499.96, ProxLoss=0.0000
2026-03-19 00:59:54,635 - Server_DefaultID - INFO - Training client 64 (5/30)...
2026-03-19 00:59:55,070 - Server_DefaultID - INFO - Client 64: Acc=72.19, Loss=-86.5364, NLL=-298.3370, KL=7.8421, AvgS=128.04, ProxLoss=0.0000
2026-03-19 00:59:55,070 - Server_DefaultID - INFO - Training client 17 (6/30)...
2026-03-19 00:59:55,745 - Server_DefaultID - INFO - Client 17: Acc=84.06, Loss=-345.0297, NLL=-1161.6208, KL=13.9631, AvgS=499.94, ProxLoss=0.0000
2026-03-19 00:59:55,745 - Server_DefaultID - INFO - Training client 10 (7/30)...
2026-03-19 00:59:56,907 - Server_DefaultID - INFO - Client 10: Acc=52.50, Loss=-345.8252, NLL=-1161.7297, KL=13.9635, AvgS=499.98, ProxLoss=0.0000
2026-03-19 00:59:56,907 - Server_DefaultID - INFO - Training client 37 (8/30)...
2026-03-19 00:59:58,112 - Server_DefaultID - INFO - Client 37: Acc=78.91, Loss=-342.5535, NLL=-1154.6485, KL=13.9351, AvgS=496.92, ProxLoss=0.0000
2026-03-19 00:59:58,112 - Server_DefaultID - INFO - Training client 27 (9/30)...
2026-03-19 00:59:59,131 - Server_DefaultID - INFO - Client 27: Acc=51.88, Loss=-333.8069, NLL=-1127.9444, KL=13.8239, AvgS=485.39, ProxLoss=0.0000
2026-03-19 00:59:59,131 - Server_DefaultID - INFO - Training client 52 (10/30)...
2026-03-19 01:00:00,047 - Server_DefaultID - INFO - Client 52: Acc=67.08, Loss=-342.7536, NLL=-1158.2354, KL=13.9495, AvgS=498.47, ProxLoss=0.0000
2026-03-19 01:00:00,047 - Server_DefaultID - INFO - Training client 82 (11/30)...
2026-03-19 01:00:01,367 - Server_DefaultID - INFO - Client 82: Acc=86.38, Loss=-343.6287, NLL=-1161.2292, KL=13.9615, AvgS=499.77, ProxLoss=0.0000
2026-03-19 01:00:01,368 - Server_DefaultID - INFO - Training client 48 (12/30)...
2026-03-19 01:00:06,573 - Server_DefaultID - INFO - Client 48: Acc=86.86, Loss=-344.2390, NLL=-1161.4190, KL=13.9622, AvgS=499.85, ProxLoss=0.0000
2026-03-19 01:00:06,573 - Server_DefaultID - INFO - Training client 49 (13/30)...
2026-03-19 01:00:08,282 - Server_DefaultID - INFO - Client 49: Acc=83.79, Loss=-343.9893, NLL=-1161.7164, KL=13.9634, AvgS=499.98, ProxLoss=0.0000
2026-03-19 01:00:08,283 - Server_DefaultID - INFO - Training client 31 (14/30)...
2026-03-19 01:00:10,516 - Server_DefaultID - INFO - Client 31: Acc=74.86, Loss=-343.8986, NLL=-1161.5004, KL=13.9625, AvgS=499.88, ProxLoss=0.0000
2026-03-19 01:00:10,516 - Server_DefaultID - INFO - Training client 41 (15/30)...
2026-03-19 01:00:12,556 - Server_DefaultID - INFO - Client 41: Acc=82.11, Loss=-343.4282, NLL=-1161.6413, KL=13.9631, AvgS=499.94, ProxLoss=0.0000
2026-03-19 01:00:12,556 - Server_DefaultID - INFO - Training client 54 (16/30)...
2026-03-19 01:00:13,263 - Server_DefaultID - INFO - Client 54: Acc=77.97, Loss=-54.4146, NLL=-191.5488, KL=6.0225, AvgS=82.63, ProxLoss=0.0000
2026-03-19 01:00:13,263 - Server_DefaultID - INFO - Training client 38 (17/30)...
2026-03-19 01:00:13,907 - Server_DefaultID - INFO - Client 38: Acc=50.62, Loss=-208.2168, NLL=-703.8198, KL=11.6403, AvgS=302.21, ProxLoss=0.0000
2026-03-19 01:00:13,908 - Server_DefaultID - INFO - Training client 26 (18/30)...
2026-03-19 01:00:17,880 - Server_DefaultID - INFO - Client 26: Acc=95.20, Loss=-343.3407, NLL=-1161.7610, KL=13.9636, AvgS=500.00, ProxLoss=0.0000
2026-03-19 01:00:17,880 - Server_DefaultID - INFO - Training client 77 (19/30)...
2026-03-19 01:00:21,250 - Server_DefaultID - INFO - Client 77: Acc=90.77, Loss=-343.8372, NLL=-1161.5831, KL=13.9629, AvgS=499.92, ProxLoss=0.0000
2026-03-19 01:00:21,250 - Server_DefaultID - INFO - Training client 0 (20/30)...
2026-03-19 01:00:21,638 - Server_DefaultID - INFO - Client 0: Acc=58.75, Loss=-344.7005, NLL=-1161.7699, KL=13.9636, AvgS=500.00, ProxLoss=0.0000
2026-03-19 01:00:21,638 - Server_DefaultID - INFO - Training client 87 (21/30)...
2026-03-19 01:00:23,362 - Server_DefaultID - INFO - Client 87: Acc=62.77, Loss=-346.0689, NLL=-1161.6119, KL=13.9630, AvgS=499.93, ProxLoss=0.0000
2026-03-19 01:00:23,362 - Server_DefaultID - INFO - Training client 72 (22/30)...
2026-03-19 01:00:24,500 - Server_DefaultID - INFO - Client 72: Acc=95.16, Loss=-343.4206, NLL=-1161.7267, KL=13.9635, AvgS=499.98, ProxLoss=0.0000
2026-03-19 01:00:24,500 - Server_DefaultID - INFO - Training client 43 (23/30)...
2026-03-19 01:00:27,303 - Server_DefaultID - INFO - Client 43: Acc=81.65, Loss=-343.9658, NLL=-1161.7165, KL=13.9634, AvgS=499.98, ProxLoss=0.0000
2026-03-19 01:00:27,303 - Server_DefaultID - INFO - Training client 75 (24/30)...
2026-03-19 01:00:29,337 - Server_DefaultID - INFO - Client 75: Acc=90.55, Loss=-343.1142, NLL=-1161.6114, KL=13.9630, AvgS=499.93, ProxLoss=0.0000
2026-03-19 01:00:29,337 - Server_DefaultID - INFO - Training client 80 (25/30)...
2026-03-19 01:00:29,789 - Server_DefaultID - INFO - Client 80: Acc=33.44, Loss=-85.5737, NLL=-296.2814, KL=7.8875, AvgS=126.97, ProxLoss=0.0000
2026-03-19 01:00:29,789 - Server_DefaultID - INFO - Training client 3 (26/30)...
2026-03-19 01:00:31,284 - Server_DefaultID - INFO - Client 3: Acc=60.83, Loss=-345.9715, NLL=-1161.6302, KL=13.9631, AvgS=499.94, ProxLoss=0.0000
2026-03-19 01:00:31,284 - Server_DefaultID - INFO - Training client 32 (27/30)...
2026-03-19 01:00:32,909 - Server_DefaultID - INFO - Client 32: Acc=78.85, Loss=-344.5885, NLL=-1161.3818, KL=13.9621, AvgS=499.83, ProxLoss=0.0000
2026-03-19 01:00:32,909 - Server_DefaultID - INFO - Training client 53 (28/30)...
2026-03-19 01:00:36,559 - Server_DefaultID - INFO - Client 53: Acc=95.91, Loss=-343.3826, NLL=-1161.5134, KL=13.9626, AvgS=499.89, ProxLoss=0.0000
2026-03-19 01:00:36,559 - Server_DefaultID - INFO - Training client 35 (29/30)...
2026-03-19 01:00:37,428 - Server_DefaultID - INFO - Client 35: Acc=59.69, Loss=-343.3908, NLL=-1158.0812, KL=13.9490, AvgS=498.41, ProxLoss=0.0000
2026-03-19 01:00:37,428 - Server_DefaultID - INFO - Training client 57 (30/30)...
2026-03-19 01:00:41,561 - Server_DefaultID - INFO - Client 57: Acc=95.09, Loss=-343.7905, NLL=-1161.7343, KL=13.9635, AvgS=499.98, ProxLoss=0.0000
2026-03-19 01:00:41,861 - Server_DefaultID - WARNING - Global prior extremely imbalanced (max/min=1.0), applied adaptive smoothing lam=0.10.
2026-03-19 01:00:41,862 - Server_DefaultID - INFO - Round [16/200] Summary | Avg Client Train Stats:	Loss [-334.2566]	 Acc [81.54]	NLL [-1129.5396]	 KL [13.7492]	AvgS [486.11]	 ProxLoss [0.0000]
GlobalPriorAlpha (first 10): [5.0, 5.0, 5.0, 5.0, 5.0, 5.0, 5.0, 5.0, 5.0, 5.0]
Round Time: 54.65s
2026-03-19 01:00:41,867 - Server_DefaultID - INFO - --- Global Round 17/200 ---
2026-03-19 01:00:41,867 - Server_DefaultID - INFO - Selected 30 active clients for round 17.
2026-03-19 01:00:41,868 - Server_DefaultID - INFO - Training client 88 (1/30)...
2026-03-19 01:00:43,503 - Server_DefaultID - INFO - Client 88: Acc=57.24, Loss=-344.6606, NLL=-1161.3070, KL=13.9618, AvgS=499.80, ProxLoss=0.0000
2026-03-19 01:00:43,503 - Server_DefaultID - INFO - Training client 99 (2/30)...
2026-03-19 01:00:44,007 - Server_DefaultID - INFO - Client 99: Acc=42.50, Loss=-71.7030, NLL=-244.9522, KL=6.7344, AvgS=105.28, ProxLoss=0.0000
2026-03-19 01:00:44,007 - Server_DefaultID - INFO - Training client 20 (3/30)...
2026-03-19 01:00:45,551 - Server_DefaultID - INFO - Client 20: Acc=62.76, Loss=-346.3280, NLL=-1161.6904, KL=13.9633, AvgS=499.97, ProxLoss=0.0000
2026-03-19 01:00:45,551 - Server_DefaultID - INFO - Training client 10 (4/30)...
2026-03-19 01:00:46,666 - Server_DefaultID - INFO - Client 10: Acc=55.70, Loss=-345.8074, NLL=-1161.7426, KL=13.9635, AvgS=499.99, ProxLoss=0.0000
2026-03-19 01:00:46,666 - Server_DefaultID - INFO - Training client 45 (5/30)...
2026-03-19 01:00:48,642 - Server_DefaultID - INFO - Client 45: Acc=64.80, Loss=-343.8393, NLL=-1161.6944, KL=13.9633, AvgS=499.97, ProxLoss=0.0000
2026-03-19 01:00:48,643 - Server_DefaultID - INFO - Training client 51 (6/30)...
2026-03-19 01:00:49,320 - Server_DefaultID - INFO - Client 51: Acc=30.31, Loss=-159.0315, NLL=-541.2534, KL=10.4556, AvgS=232.14, ProxLoss=0.0000
2026-03-19 01:00:49,320 - Server_DefaultID - INFO - Training client 14 (7/30)...
2026-03-19 01:00:51,502 - Server_DefaultID - INFO - Client 14: Acc=83.92, Loss=-342.8441, NLL=-1161.7691, KL=13.9636, AvgS=500.00, ProxLoss=0.0000
2026-03-19 01:00:51,502 - Server_DefaultID - INFO - Training client 2 (8/30)...
2026-03-19 01:00:53,796 - Server_DefaultID - INFO - Client 2: Acc=79.65, Loss=-344.1105, NLL=-1161.7205, KL=13.9634, AvgS=499.98, ProxLoss=0.0000
2026-03-19 01:00:53,796 - Server_DefaultID - INFO - Training client 52 (9/30)...
2026-03-19 01:00:54,730 - Server_DefaultID - INFO - Client 52: Acc=67.71, Loss=-343.8522, NLL=-1161.1854, KL=13.9613, AvgS=499.75, ProxLoss=0.0000
2026-03-19 01:00:54,730 - Server_DefaultID - INFO - Training client 0 (10/30)...
2026-03-19 01:00:55,229 - Server_DefaultID - INFO - Client 0: Acc=57.19, Loss=-344.1443, NLL=-1160.8167, KL=13.9600, AvgS=499.59, ProxLoss=0.0000
2026-03-19 01:00:55,229 - Server_DefaultID - INFO - Training client 63 (11/30)...
2026-03-19 01:00:56,620 - Server_DefaultID - INFO - Client 63: Acc=47.81, Loss=-344.1677, NLL=-1161.5641, KL=13.9628, AvgS=499.91, ProxLoss=0.0000
2026-03-19 01:00:56,620 - Server_DefaultID - INFO - Training client 37 (12/30)...
2026-03-19 01:00:57,674 - Server_DefaultID - INFO - Client 37: Acc=79.38, Loss=-344.9261, NLL=-1161.2434, KL=13.9616, AvgS=499.77, ProxLoss=0.0000
2026-03-19 01:00:57,674 - Server_DefaultID - INFO - Training client 38 (13/30)...
2026-03-19 01:00:58,294 - Server_DefaultID - INFO - Client 38: Acc=46.25, Loss=-258.4586, NLL=-871.7192, KL=12.6264, AvgS=374.69, ProxLoss=0.0000
2026-03-19 01:00:58,295 - Server_DefaultID - INFO - Training client 96 (14/30)...
2026-03-19 01:01:00,534 - Server_DefaultID - INFO - Client 96: Acc=73.33, Loss=-343.8991, NLL=-1161.5261, KL=13.9627, AvgS=499.89, ProxLoss=0.0000
2026-03-19 01:01:00,535 - Server_DefaultID - INFO - Training client 78 (15/30)...
2026-03-19 01:01:07,467 - Server_DefaultID - INFO - Client 78: Acc=94.01, Loss=-344.1227, NLL=-1161.7043, KL=13.9634, AvgS=499.97, ProxLoss=0.0000
2026-03-19 01:01:07,467 - Server_DefaultID - INFO - Training client 93 (16/30)...
2026-03-19 01:01:08,164 - Server_DefaultID - INFO - Client 93: Acc=35.16, Loss=-296.8297, NLL=-1005.3360, KL=13.2797, AvgS=432.39, ProxLoss=0.0000
2026-03-19 01:01:08,164 - Server_DefaultID - INFO - Training client 57 (17/30)...
2026-03-19 01:01:13,291 - Server_DefaultID - INFO - Client 57: Acc=95.35, Loss=-343.8431, NLL=-1161.7656, KL=13.9636, AvgS=500.00, ProxLoss=0.0000
2026-03-19 01:01:13,292 - Server_DefaultID - INFO - Training client 27 (18/30)...
2026-03-19 01:01:14,166 - Server_DefaultID - INFO - Client 27: Acc=59.58, Loss=-343.7184, NLL=-1158.9622, KL=13.9526, AvgS=498.79, ProxLoss=0.0000
2026-03-19 01:01:14,166 - Server_DefaultID - INFO - Training client 74 (19/30)...
2026-03-19 01:01:15,346 - Server_DefaultID - INFO - Client 74: Acc=51.02, Loss=-339.2406, NLL=-1149.8264, KL=13.9148, AvgS=494.84, ProxLoss=0.0000
2026-03-19 01:01:15,346 - Server_DefaultID - INFO - Training client 69 (20/30)...
2026-03-19 01:01:16,009 - Server_DefaultID - INFO - Client 69: Acc=37.34, Loss=-202.2528, NLL=-687.7877, KL=11.5171, AvgS=295.28, ProxLoss=0.0000
2026-03-19 01:01:16,009 - Server_DefaultID - INFO - Training client 41 (21/30)...
2026-03-19 01:01:17,979 - Server_DefaultID - INFO - Client 41: Acc=82.54, Loss=-343.5903, NLL=-1161.7336, KL=13.9635, AvgS=499.98, ProxLoss=0.0000
2026-03-19 01:01:17,979 - Server_DefaultID - INFO - Training client 89 (22/30)...
2026-03-19 01:01:21,496 - Server_DefaultID - INFO - Client 89: Acc=98.55, Loss=-342.4910, NLL=-1161.4909, KL=13.9625, AvgS=499.88, ProxLoss=0.0000
2026-03-19 01:01:21,496 - Server_DefaultID - INFO - Training client 61 (23/30)...
2026-03-19 01:01:22,875 - Server_DefaultID - INFO - Client 61: Acc=64.25, Loss=-346.0523, NLL=-1161.6950, KL=13.9633, AvgS=499.97, ProxLoss=0.0000
2026-03-19 01:01:22,875 - Server_DefaultID - INFO - Training client 47 (24/30)...
2026-03-19 01:01:24,536 - Server_DefaultID - INFO - Client 47: Acc=53.12, Loss=-345.3841, NLL=-1161.6431, KL=13.9631, AvgS=499.95, ProxLoss=0.0000
2026-03-19 01:01:24,536 - Server_DefaultID - INFO - Training client 77 (25/30)...
2026-03-19 01:01:28,061 - Server_DefaultID - INFO - Client 77: Acc=90.67, Loss=-343.8743, NLL=-1161.7031, KL=13.9634, AvgS=499.97, ProxLoss=0.0000
2026-03-19 01:01:28,061 - Server_DefaultID - INFO - Training client 13 (26/30)...
2026-03-19 01:01:28,553 - Server_DefaultID - INFO - Client 13: Acc=54.06, Loss=-343.2939, NLL=-1160.9510, KL=13.9602, AvgS=499.65, ProxLoss=0.0000
2026-03-19 01:01:28,553 - Server_DefaultID - INFO - Training client 64 (27/30)...
2026-03-19 01:01:29,018 - Server_DefaultID - INFO - Client 64: Acc=67.19, Loss=-102.1099, NLL=-351.3044, KL=8.4590, AvgS=150.72, ProxLoss=0.0000
2026-03-19 01:01:29,018 - Server_DefaultID - INFO - Training client 66 (28/30)...
2026-03-19 01:01:30,819 - Server_DefaultID - INFO - Client 66: Acc=88.39, Loss=-343.6762, NLL=-1161.6683, KL=13.9632, AvgS=499.96, ProxLoss=0.0000
2026-03-19 01:01:30,819 - Server_DefaultID - INFO - Training client 9 (29/30)...
2026-03-19 01:01:32,638 - Server_DefaultID - INFO - Client 9: Acc=97.50, Loss=-342.7414, NLL=-1161.7030, KL=13.9634, AvgS=499.97, ProxLoss=0.0000
2026-03-19 01:01:32,638 - Server_DefaultID - INFO - Training client 28 (30/30)...
2026-03-19 01:01:33,043 - Server_DefaultID - INFO - Client 28: Acc=37.81, Loss=-52.2383, NLL=-183.7881, KL=5.3398, AvgS=79.32, ProxLoss=0.0000
2026-03-19 01:01:33,285 - Server_DefaultID - WARNING - Global prior extremely imbalanced (max/min=1.0), applied adaptive smoothing lam=0.10.
2026-03-19 01:01:33,285 - Server_DefaultID - INFO - Round [17/200] Summary | Avg Client Train Stats:	Loss [-332.0669]	 Acc [77.57]	NLL [-1121.6320]	 KL [13.6950]	AvgS [482.70]	 ProxLoss [0.0000]
GlobalPriorAlpha (first 10): [5.0, 5.0, 5.0, 5.0, 5.0, 5.0, 5.0, 5.0, 5.0, 5.0]
Round Time: 51.42s
2026-03-19 01:01:33,288 - Server_DefaultID - INFO - --- Global Round 18/200 ---
2026-03-19 01:01:33,289 - Server_DefaultID - INFO - Selected 30 active clients for round 18.
2026-03-19 01:01:33,289 - Server_DefaultID - INFO - Training client 65 (1/30)...
2026-03-19 01:01:33,735 - Server_DefaultID - INFO - Client 65: Acc=66.56, Loss=-71.3608, NLL=-245.6726, KL=6.8931, AvgS=105.58, ProxLoss=0.0000
2026-03-19 01:01:33,735 - Server_DefaultID - INFO - Training client 88 (2/30)...
2026-03-19 01:01:35,321 - Server_DefaultID - INFO - Client 88: Acc=57.40, Loss=-344.9242, NLL=-1161.6553, KL=13.9632, AvgS=499.95, ProxLoss=0.0000
2026-03-19 01:01:35,321 - Server_DefaultID - INFO - Training client 34 (3/30)...
2026-03-19 01:01:36,208 - Server_DefaultID - INFO - Client 34: Acc=66.15, Loss=-342.6783, NLL=-1156.8839, KL=13.9441, AvgS=497.89, ProxLoss=0.0000
2026-03-19 01:01:36,208 - Server_DefaultID - INFO - Training client 35 (4/30)...
2026-03-19 01:01:37,110 - Server_DefaultID - INFO - Client 35: Acc=57.08, Loss=-344.7122, NLL=-1160.6026, KL=13.9590, AvgS=499.50, ProxLoss=0.0000
2026-03-19 01:01:37,110 - Server_DefaultID - INFO - Training client 63 (5/30)...
2026-03-19 01:01:38,426 - Server_DefaultID - INFO - Client 63: Acc=58.31, Loss=-344.1088, NLL=-1161.5279, KL=13.9627, AvgS=499.90, ProxLoss=0.0000
2026-03-19 01:01:38,426 - Server_DefaultID - INFO - Training client 19 (6/30)...
2026-03-19 01:01:42,917 - Server_DefaultID - INFO - Client 19: Acc=95.45, Loss=-342.8724, NLL=-1161.7647, KL=13.9636, AvgS=500.00, ProxLoss=0.0000
2026-03-19 01:01:42,917 - Server_DefaultID - INFO - Training client 62 (7/30)...
2026-03-19 01:01:43,578 - Server_DefaultID - INFO - Client 62: Acc=55.00, Loss=-86.6024, NLL=-299.7088, KL=7.8657, AvgS=128.43, ProxLoss=0.0000
2026-03-19 01:01:43,578 - Server_DefaultID - INFO - Training client 14 (8/30)...
2026-03-19 01:01:45,845 - Server_DefaultID - INFO - Client 14: Acc=87.85, Loss=-342.8137, NLL=-1161.7450, KL=13.9635, AvgS=499.99, ProxLoss=0.0000
2026-03-19 01:01:45,845 - Server_DefaultID - INFO - Training client 16 (9/30)...
2026-03-19 01:01:46,603 - Server_DefaultID - INFO - Client 16: Acc=70.31, Loss=-343.5515, NLL=-1161.5222, KL=13.9627, AvgS=499.89, ProxLoss=0.0000
2026-03-19 01:01:46,603 - Server_DefaultID - INFO - Training client 13 (10/30)...
2026-03-19 01:01:47,060 - Server_DefaultID - INFO - Client 13: Acc=55.62, Loss=-342.8865, NLL=-1161.5592, KL=13.9628, AvgS=499.91, ProxLoss=0.0000
2026-03-19 01:01:47,060 - Server_DefaultID - INFO - Training client 43 (11/30)...
2026-03-19 01:01:49,799 - Server_DefaultID - INFO - Client 43: Acc=82.70, Loss=-343.9210, NLL=-1161.7226, KL=13.9634, AvgS=499.98, ProxLoss=0.0000
2026-03-19 01:01:49,799 - Server_DefaultID - INFO - Training client 6 (12/30)...
2026-03-19 01:01:50,645 - Server_DefaultID - INFO - Client 6: Acc=61.67, Loss=-343.9421, NLL=-1161.7295, KL=13.9635, AvgS=499.98, ProxLoss=0.0000
2026-03-19 01:01:50,645 - Server_DefaultID - INFO - Training client 78 (13/30)...
2026-03-19 01:01:57,497 - Server_DefaultID - INFO - Client 78: Acc=94.59, Loss=-344.1202, NLL=-1161.6813, KL=13.9633, AvgS=499.96, ProxLoss=0.0000
2026-03-19 01:01:57,497 - Server_DefaultID - INFO - Training client 91 (14/30)...
2026-03-19 01:01:58,456 - Server_DefaultID - INFO - Client 91: Acc=79.38, Loss=-341.7109, NLL=-1159.5612, KL=13.9548, AvgS=499.05, ProxLoss=0.0000
2026-03-19 01:01:58,456 - Server_DefaultID - INFO - Training client 92 (15/30)...
2026-03-19 01:01:59,616 - Server_DefaultID - INFO - Client 92: Acc=95.23, Loss=-343.5353, NLL=-1161.0330, KL=13.9607, AvgS=499.68, ProxLoss=0.0000
2026-03-19 01:01:59,617 - Server_DefaultID - INFO - Training client 85 (16/30)...
2026-03-19 01:02:02,448 - Server_DefaultID - INFO - Client 85: Acc=99.74, Loss=-341.8300, NLL=-1161.7640, KL=13.9636, AvgS=500.00, ProxLoss=0.0000
2026-03-19 01:02:02,448 - Server_DefaultID - INFO - Training client 77 (17/30)...
2026-03-19 01:02:06,109 - Server_DefaultID - INFO - Client 77: Acc=91.17, Loss=-343.8802, NLL=-1161.7340, KL=13.9635, AvgS=499.98, ProxLoss=0.0000
2026-03-19 01:02:06,109 - Server_DefaultID - INFO - Training client 47 (18/30)...
2026-03-19 01:02:07,684 - Server_DefaultID - INFO - Client 47: Acc=54.95, Loss=-345.3842, NLL=-1161.6503, KL=13.9632, AvgS=499.95, ProxLoss=0.0000
2026-03-19 01:02:07,684 - Server_DefaultID - INFO - Training client 67 (19/30)...
2026-03-19 01:02:09,185 - Server_DefaultID - INFO - Client 67: Acc=61.77, Loss=-344.6600, NLL=-1161.3094, KL=13.9618, AvgS=499.80, ProxLoss=0.0000
2026-03-19 01:02:09,185 - Server_DefaultID - INFO - Training client 61 (20/30)...
2026-03-19 01:02:10,579 - Server_DefaultID - INFO - Client 61: Acc=64.69, Loss=-345.9319, NLL=-1161.7249, KL=13.9635, AvgS=499.98, ProxLoss=0.0000
2026-03-19 01:02:10,579 - Server_DefaultID - INFO - Training client 40 (21/30)...
2026-03-19 01:02:12,202 - Server_DefaultID - INFO - Client 40: Acc=65.05, Loss=-345.4559, NLL=-1161.4496, KL=13.9624, AvgS=499.86, ProxLoss=0.0000
2026-03-19 01:02:12,202 - Server_DefaultID - INFO - Training client 81 (22/30)...
2026-03-19 01:02:13,983 - Server_DefaultID - INFO - Client 81: Acc=77.99, Loss=-344.0162, NLL=-1161.5852, KL=13.9629, AvgS=499.92, ProxLoss=0.0000
2026-03-19 01:02:13,983 - Server_DefaultID - INFO - Training client 8 (23/30)...
2026-03-19 01:02:14,710 - Server_DefaultID - INFO - Client 8: Acc=87.03, Loss=-344.3266, NLL=-1161.7699, KL=13.9636, AvgS=500.00, ProxLoss=0.0000
2026-03-19 01:02:14,710 - Server_DefaultID - INFO - Training client 76 (24/30)...
2026-03-19 01:02:17,934 - Server_DefaultID - INFO - Client 76: Acc=76.56, Loss=-345.7858, NLL=-1161.5527, KL=13.9628, AvgS=499.91, ProxLoss=0.0000
2026-03-19 01:02:17,934 - Server_DefaultID - INFO - Training client 80 (25/30)...
2026-03-19 01:02:18,288 - Server_DefaultID - INFO - Client 80: Acc=23.44, Loss=-101.8333, NLL=-352.6126, KL=8.6249, AvgS=151.07, ProxLoss=0.0000
2026-03-19 01:02:18,288 - Server_DefaultID - INFO - Training client 55 (26/30)...
2026-03-19 01:02:25,528 - Server_DefaultID - INFO - Client 55: Acc=86.00, Loss=-344.7979, NLL=-1161.7070, KL=13.9634, AvgS=499.97, ProxLoss=0.0000
2026-03-19 01:02:25,528 - Server_DefaultID - INFO - Training client 15 (27/30)...
2026-03-19 01:02:26,219 - Server_DefaultID - INFO - Client 15: Acc=70.47, Loss=-344.2548, NLL=-1161.5510, KL=13.9628, AvgS=499.91, ProxLoss=0.0000
2026-03-19 01:02:26,219 - Server_DefaultID - INFO - Training client 24 (28/30)...
2026-03-19 01:02:26,658 - Server_DefaultID - INFO - Client 24: Acc=54.06, Loss=-69.0291, NLL=-236.8095, KL=6.8872, AvgS=101.81, ProxLoss=0.0000
2026-03-19 01:02:26,658 - Server_DefaultID - INFO - Training client 95 (29/30)...
2026-03-19 01:02:28,914 - Server_DefaultID - INFO - Client 95: Acc=62.92, Loss=-342.9094, NLL=-1161.6198, KL=13.9630, AvgS=499.94, ProxLoss=0.0000
2026-03-19 01:02:28,914 - Server_DefaultID - INFO - Training client 33 (30/30)...
2026-03-19 01:02:30,661 - Server_DefaultID - INFO - Client 33: Acc=57.86, Loss=-345.6052, NLL=-1161.7325, KL=13.9635, AvgS=499.98, ProxLoss=0.0000
2026-03-19 01:02:30,990 - Server_DefaultID - WARNING - Global prior extremely imbalanced (max/min=1.0), applied adaptive smoothing lam=0.10.
2026-03-19 01:02:30,990 - Server_DefaultID - INFO - Round [18/200] Summary | Avg Client Train Stats:	Loss [-336.5462]	 Acc [79.52]	NLL [-1136.3552]	 KL [13.7811]	AvgS [489.05]	 ProxLoss [0.0000]
GlobalPriorAlpha (first 10): [5.0, 5.0, 5.0, 5.0, 5.0, 5.0, 5.0, 5.0, 5.0, 5.0]
Round Time: 57.70s
2026-03-19 01:02:30,998 - Server_DefaultID - INFO - --- Global Round 19/200 ---
2026-03-19 01:02:30,998 - Server_DefaultID - INFO - Selected 30 active clients for round 19.
2026-03-19 01:02:30,998 - Server_DefaultID - INFO - Training client 52 (1/30)...
2026-03-19 01:02:31,896 - Server_DefaultID - INFO - Client 52: Acc=67.60, Loss=-343.8869, NLL=-1161.2250, KL=13.9615, AvgS=499.76, ProxLoss=0.0000
2026-03-19 01:02:31,896 - Server_DefaultID - INFO - Training client 76 (2/30)...
2026-03-19 01:02:33,984 - Server_DefaultID - INFO - Client 76: Acc=79.02, Loss=-345.8325, NLL=-1161.7524, KL=13.9636, AvgS=499.99, ProxLoss=0.0000
2026-03-19 01:02:33,984 - Server_DefaultID - INFO - Training client 73 (3/30)...
2026-03-19 01:02:37,164 - Server_DefaultID - INFO - Client 73: Acc=82.43, Loss=-343.1709, NLL=-1161.6548, KL=13.9632, AvgS=499.95, ProxLoss=0.0000
2026-03-19 01:02:37,165 - Server_DefaultID - INFO - Training client 0 (4/30)...
2026-03-19 01:02:37,564 - Server_DefaultID - INFO - Client 0: Acc=62.81, Loss=-344.6066, NLL=-1161.7594, KL=13.9636, AvgS=500.00, ProxLoss=0.0000
2026-03-19 01:02:37,564 - Server_DefaultID - INFO - Training client 83 (5/30)...
2026-03-19 01:02:40,065 - Server_DefaultID - INFO - Client 83: Acc=99.72, Loss=-341.7487, NLL=-1161.6895, KL=13.9633, AvgS=499.97, ProxLoss=0.0000
2026-03-19 01:02:40,065 - Server_DefaultID - INFO - Training client 49 (6/30)...
2026-03-19 01:02:41,897 - Server_DefaultID - INFO - Client 49: Acc=83.97, Loss=-343.8236, NLL=-1161.6811, KL=13.9633, AvgS=499.96, ProxLoss=0.0000
2026-03-19 01:02:41,897 - Server_DefaultID - INFO - Training client 18 (7/30)...
2026-03-19 01:02:45,431 - Server_DefaultID - INFO - Client 18: Acc=87.79, Loss=-344.3969, NLL=-1161.6623, KL=13.9632, AvgS=499.95, ProxLoss=0.0000
2026-03-19 01:02:45,431 - Server_DefaultID - INFO - Training client 22 (8/30)...
2026-03-19 01:02:46,125 - Server_DefaultID - INFO - Client 22: Acc=43.75, Loss=-117.2773, NLL=-404.7619, KL=8.7205, AvgS=173.63, ProxLoss=0.0000
2026-03-19 01:02:46,125 - Server_DefaultID - INFO - Training client 28 (9/30)...
2026-03-19 01:02:46,661 - Server_DefaultID - INFO - Client 28: Acc=32.81, Loss=-66.6273, NLL=-232.6262, KL=6.2530, AvgS=100.06, ProxLoss=0.0000
2026-03-19 01:02:46,661 - Server_DefaultID - INFO - Training client 15 (10/30)...
2026-03-19 01:02:47,399 - Server_DefaultID - INFO - Client 15: Acc=71.72, Loss=-344.4620, NLL=-1161.6425, KL=13.9631, AvgS=499.95, ProxLoss=0.0000
2026-03-19 01:02:47,400 - Server_DefaultID - INFO - Training client 40 (11/30)...
2026-03-19 01:02:49,984 - Server_DefaultID - INFO - Client 40: Acc=67.71, Loss=-345.5872, NLL=-1161.6873, KL=13.9633, AvgS=499.96, ProxLoss=0.0000
2026-03-19 01:02:49,984 - Server_DefaultID - INFO - Training client 23 (12/30)...
2026-03-19 01:02:50,402 - Server_DefaultID - INFO - Client 23: Acc=78.64, Loss=-70.0208, NLL=-243.5092, KL=7.0701, AvgS=104.61, ProxLoss=0.0000
2026-03-19 01:02:50,402 - Server_DefaultID - INFO - Training client 61 (13/30)...
2026-03-19 01:02:51,882 - Server_DefaultID - INFO - Client 61: Acc=71.94, Loss=-346.0256, NLL=-1161.7369, KL=13.9635, AvgS=499.99, ProxLoss=0.0000
2026-03-19 01:02:51,882 - Server_DefaultID - INFO - Training client 97 (14/30)...
2026-03-19 01:02:57,698 - Server_DefaultID - INFO - Client 97: Acc=99.56, Loss=-341.8495, NLL=-1161.7396, KL=13.9635, AvgS=499.99, ProxLoss=0.0000
2026-03-19 01:02:57,699 - Server_DefaultID - INFO - Training client 19 (15/30)...
2026-03-19 01:03:01,085 - Server_DefaultID - INFO - Client 19: Acc=95.74, Loss=-342.8015, NLL=-1161.6929, KL=13.9633, AvgS=499.97, ProxLoss=0.0000
2026-03-19 01:03:01,085 - Server_DefaultID - INFO - Training client 64 (16/30)...
2026-03-19 01:03:01,483 - Server_DefaultID - INFO - Client 64: Acc=71.56, Loss=-121.4076, NLL=-416.2444, KL=9.2547, AvgS=178.55, ProxLoss=0.0000
2026-03-19 01:03:01,483 - Server_DefaultID - INFO - Training client 27 (17/30)...
2026-03-19 01:03:02,415 - Server_DefaultID - INFO - Client 27: Acc=55.10, Loss=-344.8245, NLL=-1161.3191, KL=13.9618, AvgS=499.81, ProxLoss=0.0000
2026-03-19 01:03:02,415 - Server_DefaultID - INFO - Training client 51 (18/30)...
2026-03-19 01:03:03,100 - Server_DefaultID - INFO - Client 51: Acc=37.03, Loss=-204.0098, NLL=-691.8126, KL=11.5136, AvgS=297.05, ProxLoss=0.0000
2026-03-19 01:03:03,100 - Server_DefaultID - INFO - Training client 24 (19/30)...
2026-03-19 01:03:03,545 - Server_DefaultID - INFO - Client 24: Acc=60.62, Loss=-85.4815, NLL=-291.8974, KL=7.8170, AvgS=125.27, ProxLoss=0.0000
2026-03-19 01:03:03,545 - Server_DefaultID - INFO - Training client 30 (20/30)...
2026-03-19 01:03:05,670 - Server_DefaultID - INFO - Client 30: Acc=61.25, Loss=-341.9471, NLL=-1160.5225, KL=13.9587, AvgS=499.46, ProxLoss=0.0000
2026-03-19 01:03:05,671 - Server_DefaultID - INFO - Training client 98 (21/30)...
2026-03-19 01:03:06,585 - Server_DefaultID - INFO - Client 98: Acc=79.79, Loss=-342.4229, NLL=-1161.3184, KL=13.9619, AvgS=499.81, ProxLoss=0.0000
2026-03-19 01:03:06,586 - Server_DefaultID - INFO - Training client 86 (22/30)...
2026-03-19 01:03:07,986 - Server_DefaultID - INFO - Client 86: Acc=59.56, Loss=-341.3028, NLL=-1156.4556, KL=13.9422, AvgS=497.70, ProxLoss=0.0000
2026-03-19 01:03:07,987 - Server_DefaultID - INFO - Training client 53 (23/30)...
2026-03-19 01:03:10,425 - Server_DefaultID - INFO - Client 53: Acc=95.75, Loss=-343.3923, NLL=-1161.6687, KL=13.9632, AvgS=499.96, ProxLoss=0.0000
2026-03-19 01:03:10,426 - Server_DefaultID - INFO - Training client 91 (24/30)...
2026-03-19 01:03:11,372 - Server_DefaultID - INFO - Client 91: Acc=77.71, Loss=-342.5224, NLL=-1161.3927, KL=13.9622, AvgS=499.84, ProxLoss=0.0000
2026-03-19 01:03:11,372 - Server_DefaultID - INFO - Training client 32 (25/30)...
2026-03-19 01:03:12,920 - Server_DefaultID - INFO - Client 32: Acc=81.09, Loss=-344.6101, NLL=-1161.6783, KL=13.9633, AvgS=499.96, ProxLoss=0.0000
2026-03-19 01:03:12,920 - Server_DefaultID - INFO - Training client 58 (26/30)...
2026-03-19 01:03:14,727 - Server_DefaultID - INFO - Client 58: Acc=78.39, Loss=-342.7834, NLL=-1161.6372, KL=13.9631, AvgS=499.94, ProxLoss=0.0000
2026-03-19 01:03:14,727 - Server_DefaultID - INFO - Training client 9 (27/30)...
2026-03-19 01:03:16,654 - Server_DefaultID - INFO - Client 9: Acc=97.59, Loss=-342.8181, NLL=-1161.6908, KL=13.9633, AvgS=499.97, ProxLoss=0.0000
2026-03-19 01:03:16,654 - Server_DefaultID - INFO - Training client 41 (28/30)...
2026-03-19 01:03:18,778 - Server_DefaultID - INFO - Client 41: Acc=87.07, Loss=-343.3886, NLL=-1161.7005, KL=13.9634, AvgS=499.97, ProxLoss=0.0000
2026-03-19 01:03:18,778 - Server_DefaultID - INFO - Training client 72 (29/30)...
2026-03-19 01:03:19,868 - Server_DefaultID - INFO - Client 72: Acc=95.00, Loss=-343.2792, NLL=-1161.6799, KL=13.9633, AvgS=499.96, ProxLoss=0.0000
2026-03-19 01:03:19,868 - Server_DefaultID - INFO - Training client 59 (30/30)...
2026-03-19 01:03:23,164 - Server_DefaultID - INFO - Client 59: Acc=76.28, Loss=-344.0613, NLL=-1161.6349, KL=13.9631, AvgS=499.94, ProxLoss=0.0000
2026-03-19 01:03:23,479 - Server_DefaultID - WARNING - Global prior extremely imbalanced (max/min=1.0), applied adaptive smoothing lam=0.10.
2026-03-19 01:03:23,479 - Server_DefaultID - INFO - Round [19/200] Summary | Avg Client Train Stats:	Loss [-331.5731]	 Acc [83.06]	NLL [-1122.0159]	 KL [13.6857]	AvgS [482.87]	 ProxLoss [0.0000]
GlobalPriorAlpha (first 10): [5.0, 5.0, 5.0, 5.0, 5.0, 5.0, 5.0, 5.0, 5.0, 5.0]
Round Time: 52.48s
2026-03-19 01:03:23,482 - Server_DefaultID - INFO - --- Global Round 20/200 ---
2026-03-19 01:03:23,482 - Server_DefaultID - INFO - Selected 30 active clients for round 20.
2026-03-19 01:03:23,482 - Server_DefaultID - INFO - Training client 13 (1/30)...
2026-03-19 01:03:23,884 - Server_DefaultID - INFO - Client 13: Acc=58.44, Loss=-342.8628, NLL=-1161.3610, KL=13.9620, AvgS=499.82, ProxLoss=0.0000
2026-03-19 01:03:23,884 - Server_DefaultID - INFO - Training client 91 (2/30)...
2026-03-19 01:03:24,836 - Server_DefaultID - INFO - Client 91: Acc=81.35, Loss=-342.6581, NLL=-1161.6963, KL=13.9633, AvgS=499.97, ProxLoss=0.0000
2026-03-19 01:03:24,836 - Server_DefaultID - INFO - Training client 53 (3/30)...
2026-03-19 01:03:27,437 - Server_DefaultID - INFO - Client 53: Acc=95.97, Loss=-343.3295, NLL=-1161.6941, KL=13.9633, AvgS=499.97, ProxLoss=0.0000
2026-03-19 01:03:27,437 - Server_DefaultID - INFO - Training client 26 (4/30)...
2026-03-19 01:03:31,561 - Server_DefaultID - INFO - Client 26: Acc=96.56, Loss=-343.1312, NLL=-1161.6461, KL=13.9631, AvgS=499.95, ProxLoss=0.0000
2026-03-19 01:03:31,562 - Server_DefaultID - INFO - Training client 28 (5/30)...
2026-03-19 01:03:32,092 - Server_DefaultID - INFO - Client 28: Acc=40.31, Loss=-82.5576, NLL=-287.8530, KL=7.3370, AvgS=123.52, ProxLoss=0.0000
2026-03-19 01:03:32,092 - Server_DefaultID - INFO - Training client 7 (6/30)...
2026-03-19 01:03:33,667 - Server_DefaultID - INFO - Client 7: Acc=65.26, Loss=-344.2326, NLL=-1161.6502, KL=13.9631, AvgS=499.95, ProxLoss=0.0000
2026-03-19 01:03:33,667 - Server_DefaultID - INFO - Training client 49 (7/30)...
2026-03-19 01:03:35,489 - Server_DefaultID - INFO - Client 49: Acc=85.00, Loss=-343.8407, NLL=-1161.7304, KL=13.9635, AvgS=499.98, ProxLoss=0.0000
2026-03-19 01:03:35,489 - Server_DefaultID - INFO - Training client 58 (8/30)...
2026-03-19 01:03:37,453 - Server_DefaultID - INFO - Client 58: Acc=78.79, Loss=-342.8135, NLL=-1161.7699, KL=13.9636, AvgS=500.00, ProxLoss=0.0000
2026-03-19 01:03:37,453 - Server_DefaultID - INFO - Training client 86 (9/30)...
2026-03-19 01:03:38,805 - Server_DefaultID - INFO - Client 86: Acc=62.25, Loss=-343.5055, NLL=-1161.1788, KL=13.9613, AvgS=499.75, ProxLoss=0.0000
2026-03-19 01:03:38,805 - Server_DefaultID - INFO - Training client 46 (10/30)...
2026-03-19 01:03:40,797 - Server_DefaultID - INFO - Client 46: Acc=86.64, Loss=-343.6538, NLL=-1160.9171, KL=13.9603, AvgS=499.63, ProxLoss=0.0000
2026-03-19 01:03:40,797 - Server_DefaultID - INFO - Training client 80 (11/30)...
2026-03-19 01:03:41,214 - Server_DefaultID - INFO - Client 80: Acc=48.44, Loss=-121.0410, NLL=-416.1203, KL=9.3513, AvgS=178.34, ProxLoss=0.0000
2026-03-19 01:03:41,214 - Server_DefaultID - INFO - Training client 69 (12/30)...
2026-03-19 01:03:41,864 - Server_DefaultID - INFO - Client 69: Acc=39.38, Loss=-252.8153, NLL=-857.5791, KL=12.5256, AvgS=368.57, ProxLoss=0.0000
2026-03-19 01:03:41,864 - Server_DefaultID - INFO - Training client 67 (13/30)...
2026-03-19 01:03:43,432 - Server_DefaultID - INFO - Client 67: Acc=69.69, Loss=-344.5834, NLL=-1161.3608, KL=13.9617, AvgS=499.82, ProxLoss=0.0000
2026-03-19 01:03:43,432 - Server_DefaultID - INFO - Training client 20 (14/30)...
2026-03-19 01:03:44,937 - Server_DefaultID - INFO - Client 20: Acc=63.85, Loss=-346.2371, NLL=-1161.7070, KL=13.9634, AvgS=499.97, ProxLoss=0.0000
2026-03-19 01:03:44,937 - Server_DefaultID - INFO - Training client 8 (15/30)...
2026-03-19 01:03:45,598 - Server_DefaultID - INFO - Client 8: Acc=87.19, Loss=-344.0299, NLL=-1161.7584, KL=13.9636, AvgS=500.00, ProxLoss=0.0000
2026-03-19 01:03:45,598 - Server_DefaultID - INFO - Training client 59 (16/30)...
2026-03-19 01:03:47,873 - Server_DefaultID - INFO - Client 59: Acc=81.53, Loss=-344.0451, NLL=-1161.5616, KL=13.9628, AvgS=499.91, ProxLoss=0.0000
2026-03-19 01:03:47,873 - Server_DefaultID - INFO - Training client 79 (17/30)...
2026-03-19 01:03:49,161 - Server_DefaultID - INFO - Client 79: Acc=93.50, Loss=-250.3659, NLL=-858.6889, KL=12.0503, AvgS=369.27, ProxLoss=0.0000
2026-03-19 01:03:49,161 - Server_DefaultID - INFO - Training client 68 (18/30)...
2026-03-19 01:03:51,503 - Server_DefaultID - INFO - Client 68: Acc=85.90, Loss=-342.6802, NLL=-1161.7040, KL=13.9634, AvgS=499.97, ProxLoss=0.0000
2026-03-19 01:03:51,504 - Server_DefaultID - INFO - Training client 78 (19/30)...
2026-03-19 01:03:59,500 - Server_DefaultID - INFO - Client 78: Acc=94.68, Loss=-344.0778, NLL=-1161.7354, KL=13.9635, AvgS=499.99, ProxLoss=0.0000
2026-03-19 01:03:59,500 - Server_DefaultID - INFO - Training client 47 (20/30)...
2026-03-19 01:04:01,181 - Server_DefaultID - INFO - Client 47: Acc=57.66, Loss=-345.2742, NLL=-1161.6042, KL=13.9630, AvgS=499.93, ProxLoss=0.0000
2026-03-19 01:04:01,182 - Server_DefaultID - INFO - Training client 9 (21/30)...
2026-03-19 01:04:03,027 - Server_DefaultID - INFO - Client 9: Acc=97.50, Loss=-342.8660, NLL=-1161.7694, KL=13.9636, AvgS=500.00, ProxLoss=0.0000
2026-03-19 01:04:03,027 - Server_DefaultID - INFO - Training client 40 (22/30)...
2026-03-19 01:04:04,715 - Server_DefaultID - INFO - Client 40: Acc=70.52, Loss=-345.5505, NLL=-1161.5593, KL=13.9628, AvgS=499.91, ProxLoss=0.0000
2026-03-19 01:04:04,715 - Server_DefaultID - INFO - Training client 21 (23/30)...
2026-03-19 01:04:06,728 - Server_DefaultID - INFO - Client 21: Acc=58.59, Loss=-345.4765, NLL=-1161.5631, KL=13.9628, AvgS=499.91, ProxLoss=0.0000
2026-03-19 01:04:06,728 - Server_DefaultID - INFO - Training client 16 (24/30)...
2026-03-19 01:04:07,424 - Server_DefaultID - INFO - Client 16: Acc=66.56, Loss=-343.4741, NLL=-1161.7699, KL=13.9636, AvgS=500.00, ProxLoss=0.0000
2026-03-19 01:04:07,424 - Server_DefaultID - INFO - Training client 32 (25/30)...
2026-03-19 01:04:08,966 - Server_DefaultID - INFO - Client 32: Acc=82.14, Loss=-344.4357, NLL=-1161.5503, KL=13.9628, AvgS=499.91, ProxLoss=0.0000
2026-03-19 01:04:08,966 - Server_DefaultID - INFO - Training client 99 (26/30)...
2026-03-19 01:04:09,430 - Server_DefaultID - INFO - Client 99: Acc=36.88, Loss=-87.7905, NLL=-299.1981, KL=7.5707, AvgS=128.41, ProxLoss=0.0000
2026-03-19 01:04:09,431 - Server_DefaultID - INFO - Training client 30 (27/30)...
2026-03-19 01:04:11,564 - Server_DefaultID - INFO - Client 30: Acc=54.88, Loss=-342.3796, NLL=-1161.4720, KL=13.9624, AvgS=499.87, ProxLoss=0.0000
2026-03-19 01:04:11,564 - Server_DefaultID - INFO - Training client 57 (28/30)...
2026-03-19 01:04:15,765 - Server_DefaultID - INFO - Client 57: Acc=95.26, Loss=-343.6903, NLL=-1161.7184, KL=13.9634, AvgS=499.98, ProxLoss=0.0000
2026-03-19 01:04:15,765 - Server_DefaultID - INFO - Training client 50 (29/30)...
2026-03-19 01:04:20,416 - Server_DefaultID - INFO - Client 50: Acc=97.60, Loss=-342.9225, NLL=-1161.6493, KL=13.9631, AvgS=499.95, ProxLoss=0.0000
2026-03-19 01:04:20,417 - Server_DefaultID - INFO - Training client 34 (30/30)...
2026-03-19 01:04:21,397 - Server_DefaultID - INFO - Client 34: Acc=67.60, Loss=-344.1004, NLL=-1160.1233, KL=13.9571, AvgS=499.29, ProxLoss=0.0000
2026-03-19 01:04:21,582 - Server_DefaultID - WARNING - Global prior extremely imbalanced (max/min=1.0), applied adaptive smoothing lam=0.10.
2026-03-19 01:04:21,582 - Server_DefaultID - INFO - Round [20/200] Summary | Avg Client Train Stats:	Loss [-335.1702]	 Acc [82.36]	NLL [-1133.0353]	 KL [13.7734]	AvgS [487.61]	 ProxLoss [0.0000]
GlobalPriorAlpha (first 10): [5.0, 5.0, 5.0, 5.0, 5.0, 5.0, 5.0, 5.0, 5.0, 5.0]
Round Time: 58.10s
2026-03-19 01:04:21,582 - Server_DefaultID - INFO - --- Evaluating models at round 20 ---
2026-03-19 01:05:28,855 - Server_DefaultID - INFO - Global Model Evaluation (Round 20): 
  Avg Test Acc: 68.87%
  Avg Test Acc Softmax: 68.87%
  Avg Test Loss: -1011.0751
  Avg Test NLL: -1022.9048
  Avg Test KL (vs flat prior): 12.9939
  Avg Test S: 440.16
2026-03-19 01:06:34,066 - Server_DefaultID - INFO - Personalized Model Evaluation (Round 20): 
  Avg Test Acc: 72.00%
  Avg Test Acc Softmax: 72.00%
  Avg Test Loss: -1019.5806
  Avg Test NLL: -1031.4689
  Avg Test KL (vs flat prior): 13.0412
  Avg Test S: 443.85
2026-03-19 01:06:34,067 - Server_DefaultID - INFO - [Metric 1] Personalized Brier Score | Mean: 0.4132
2026-03-19 01:06:34,067 - Server_DefaultID - INFO - [Metric 1] Personalized ECE | Mean: 0.1158
2026-03-19 01:06:34,067 - Server_DefaultID - INFO - [OOD Eval] OOD AUC-ROC (Epistemic): 0.1054
2026-03-19 01:06:34,067 - Server_DefaultID - INFO - [Metric 4] OOD FPR@95%TPR: 0.9712
2026-03-19 01:06:35,763 - Server_DefaultID - INFO - --- Global Round 21/200 ---
2026-03-19 01:06:35,763 - Server_DefaultID - INFO - Selected 30 active clients for round 21.
2026-03-19 01:06:35,763 - Server_DefaultID - INFO - Training client 23 (1/30)...
2026-03-19 01:06:36,145 - Server_DefaultID - INFO - Client 23: Acc=75.25, Loss=-84.2385, NLL=-292.0808, KL=7.7323, AvgS=125.34, ProxLoss=0.0000
2026-03-19 01:06:36,145 - Server_DefaultID - INFO - Training client 31 (2/30)...
2026-03-19 01:06:37,823 - Server_DefaultID - INFO - Client 31: Acc=76.18, Loss=-343.7968, NLL=-1161.6337, KL=13.9631, AvgS=499.94, ProxLoss=0.0000
2026-03-19 01:06:37,823 - Server_DefaultID - INFO - Training client 54 (3/30)...
2026-03-19 01:06:38,386 - Server_DefaultID - INFO - Client 54: Acc=71.72, Loss=-84.9501, NLL=-296.8690, KL=7.7705, AvgS=127.42, ProxLoss=0.0000
2026-03-19 01:06:38,386 - Server_DefaultID - INFO - Training client 49 (4/30)...
2026-03-19 01:06:39,847 - Server_DefaultID - INFO - Client 49: Acc=83.39, Loss=-343.7642, NLL=-1161.6784, KL=13.9633, AvgS=499.96, ProxLoss=0.0000
2026-03-19 01:06:39,847 - Server_DefaultID - INFO - Training client 7 (5/30)...
2026-03-19 01:06:41,098 - Server_DefaultID - INFO - Client 7: Acc=51.67, Loss=-343.8526, NLL=-1161.2831, KL=13.9617, AvgS=499.79, ProxLoss=0.0000
2026-03-19 01:06:41,098 - Server_DefaultID - INFO - Training client 4 (6/30)...
2026-03-19 01:06:43,430 - Server_DefaultID - INFO - Client 4: Acc=72.45, Loss=-345.3356, NLL=-1161.4872, KL=13.9625, AvgS=499.88, ProxLoss=0.0000
2026-03-19 01:06:43,430 - Server_DefaultID - INFO - Training client 14 (7/30)...
2026-03-19 01:06:45,473 - Server_DefaultID - INFO - Client 14: Acc=70.10, Loss=-342.3582, NLL=-1161.3700, KL=13.9620, AvgS=499.83, ProxLoss=0.0000
2026-03-19 01:06:45,473 - Server_DefaultID - INFO - Training client 63 (8/30)...
2026-03-19 01:06:46,609 - Server_DefaultID - INFO - Client 63: Acc=58.31, Loss=-344.0673, NLL=-1161.6590, KL=13.9632, AvgS=499.95, ProxLoss=0.0000
2026-03-19 01:06:46,610 - Server_DefaultID - INFO - Training client 77 (9/30)...
2026-03-19 01:06:49,695 - Server_DefaultID - INFO - Client 77: Acc=90.94, Loss=-343.7742, NLL=-1161.7565, KL=13.9636, AvgS=499.99, ProxLoss=0.0000
2026-03-19 01:06:49,695 - Server_DefaultID - INFO - Training client 27 (10/30)...
2026-03-19 01:06:50,535 - Server_DefaultID - INFO - Client 27: Acc=43.96, Loss=-344.4396, NLL=-1160.8123, KL=13.9598, AvgS=499.59, ProxLoss=0.0000
2026-03-19 01:06:50,535 - Server_DefaultID - INFO - Training client 17 (11/30)...
2026-03-19 01:06:51,249 - Server_DefaultID - INFO - Client 17: Acc=79.53, Loss=-319.6326, NLL=-1080.7446, KL=13.5795, AvgS=465.00, ProxLoss=0.0000
2026-03-19 01:06:51,249 - Server_DefaultID - INFO - Training client 84 (12/30)...
2026-03-19 01:06:51,610 - Server_DefaultID - INFO - Client 84: Acc=58.87, Loss=-37.9656, NLL=-135.1079, KL=4.5379, AvgS=58.68, ProxLoss=0.0000
2026-03-19 01:06:51,610 - Server_DefaultID - INFO - Training client 44 (13/30)...
2026-03-19 01:06:53,528 - Server_DefaultID - INFO - Client 44: Acc=87.26, Loss=-343.6697, NLL=-1161.7618, KL=13.9636, AvgS=500.00, ProxLoss=0.0000
2026-03-19 01:06:53,528 - Server_DefaultID - INFO - Training client 15 (14/30)...
2026-03-19 01:06:54,130 - Server_DefaultID - INFO - Client 15: Acc=48.75, Loss=-327.8013, NLL=-1109.4084, KL=13.7315, AvgS=477.39, ProxLoss=0.0000
2026-03-19 01:06:54,130 - Server_DefaultID - INFO - Training client 50 (15/30)...
2026-03-19 01:06:57,962 - Server_DefaultID - INFO - Client 50: Acc=97.45, Loss=-342.8399, NLL=-1161.6949, KL=13.9633, AvgS=499.97, ProxLoss=0.0000
2026-03-19 01:06:57,962 - Server_DefaultID - INFO - Training client 51 (16/30)...
2026-03-19 01:06:58,572 - Server_DefaultID - INFO - Client 51: Acc=31.56, Loss=-252.8587, NLL=-855.4203, KL=12.4813, AvgS=367.67, ProxLoss=0.0000
2026-03-19 01:06:58,572 - Server_DefaultID - INFO - Training client 75 (17/30)...
2026-03-19 01:07:00,438 - Server_DefaultID - INFO - Client 75: Acc=91.02, Loss=-342.9359, NLL=-1161.6665, KL=13.9632, AvgS=499.96, ProxLoss=0.0000
2026-03-19 01:07:00,438 - Server_DefaultID - INFO - Training client 68 (18/30)...
2026-03-19 01:07:02,452 - Server_DefaultID - INFO - Client 68: Acc=87.36, Loss=-342.6655, NLL=-1161.7470, KL=13.9635, AvgS=499.99, ProxLoss=0.0000
2026-03-19 01:07:02,452 - Server_DefaultID - INFO - Training client 29 (19/30)...
2026-03-19 01:07:03,343 - Server_DefaultID - INFO - Client 29: Acc=81.02, Loss=-339.2292, NLL=-1150.6822, KL=13.9176, AvgS=495.21, ProxLoss=0.0000
2026-03-19 01:07:03,344 - Server_DefaultID - INFO - Training client 34 (20/30)...
2026-03-19 01:07:04,156 - Server_DefaultID - INFO - Client 34: Acc=69.17, Loss=-344.5599, NLL=-1161.4022, KL=13.9622, AvgS=499.84, ProxLoss=0.0000
2026-03-19 01:07:04,156 - Server_DefaultID - INFO - Training client 10 (21/30)...
2026-03-19 01:07:05,137 - Server_DefaultID - INFO - Client 10: Acc=37.58, Loss=-341.9815, NLL=-1154.2326, KL=13.9326, AvgS=496.74, ProxLoss=0.0000
2026-03-19 01:07:05,137 - Server_DefaultID - INFO - Training client 25 (22/30)...
2026-03-19 01:07:05,741 - Server_DefaultID - INFO - Client 25: Acc=2.50, Loss=-195.3166, NLL=-669.8887, KL=11.0225, AvgS=287.70, ProxLoss=0.0000
2026-03-19 01:07:05,741 - Server_DefaultID - INFO - Training client 33 (23/30)...
2026-03-19 01:07:07,477 - Server_DefaultID - INFO - Client 33: Acc=58.12, Loss=-345.5222, NLL=-1161.7567, KL=13.9636, AvgS=499.99, ProxLoss=0.0000
2026-03-19 01:07:07,478 - Server_DefaultID - INFO - Training client 18 (24/30)...
2026-03-19 01:07:10,752 - Server_DefaultID - INFO - Client 18: Acc=84.88, Loss=-344.2561, NLL=-1161.6227, KL=13.9630, AvgS=499.94, ProxLoss=0.0000
2026-03-19 01:07:10,752 - Server_DefaultID - INFO - Training client 96 (25/30)...
2026-03-19 01:07:12,763 - Server_DefaultID - INFO - Client 96: Acc=82.12, Loss=-343.9747, NLL=-1161.6407, KL=13.9631, AvgS=499.94, ProxLoss=0.0000
2026-03-19 01:07:12,763 - Server_DefaultID - INFO - Training client 62 (26/30)...
2026-03-19 01:07:13,323 - Server_DefaultID - INFO - Client 62: Acc=54.84, Loss=-121.8552, NLL=-418.8541, KL=9.3383, AvgS=179.48, ProxLoss=0.0000
2026-03-19 01:07:13,323 - Server_DefaultID - INFO - Training client 78 (27/30)...
2026-03-19 01:07:20,862 - Server_DefaultID - INFO - Client 78: Acc=95.20, Loss=-343.9503, NLL=-1161.7029, KL=13.9634, AvgS=499.97, ProxLoss=0.0000
2026-03-19 01:07:20,862 - Server_DefaultID - INFO - Training client 73 (28/30)...
2026-03-19 01:07:23,616 - Server_DefaultID - INFO - Client 73: Acc=84.57, Loss=-343.1351, NLL=-1161.6474, KL=13.9632, AvgS=499.95, ProxLoss=0.0000
2026-03-19 01:07:23,616 - Server_DefaultID - INFO - Training client 83 (29/30)...
2026-03-19 01:07:25,769 - Server_DefaultID - INFO - Client 83: Acc=99.72, Loss=-341.7227, NLL=-1161.7699, KL=13.9636, AvgS=500.00, ProxLoss=0.0000
2026-03-19 01:07:25,769 - Server_DefaultID - INFO - Training client 8 (30/30)...
2026-03-19 01:07:26,315 - Server_DefaultID - INFO - Client 8: Acc=87.03, Loss=-323.2731, NLL=-1096.0469, KL=13.6663, AvgS=471.61, ProxLoss=0.0000
2026-03-19 01:07:26,438 - Server_DefaultID - WARNING - Global prior extremely imbalanced (max/min=1.0), applied adaptive smoothing lam=0.10.
2026-03-19 01:07:26,439 - Server_DefaultID - INFO - Round [21/200] Summary | Avg Client Train Stats:	Loss [-333.5144]	 Acc [80.74]	NLL [-1127.9869]	 KL [13.7415]	AvgS [485.43]	 ProxLoss [0.0000]
GlobalPriorAlpha (first 10): [5.0, 5.0, 5.0, 5.0, 5.0, 5.0, 5.0, 5.0, 5.0, 5.0]
Round Time: 50.68s
2026-03-19 01:07:26,441 - Server_DefaultID - INFO - --- Global Round 22/200 ---
2026-03-19 01:07:26,441 - Server_DefaultID - INFO - Selected 30 active clients for round 22.
2026-03-19 01:07:26,442 - Server_DefaultID - INFO - Training client 80 (1/30)...
2026-03-19 01:07:26,852 - Server_DefaultID - INFO - Client 80: Acc=33.12, Loss=-140.7363, NLL=-482.2534, KL=9.9925, AvgS=206.75, ProxLoss=0.0000
2026-03-19 01:07:26,852 - Server_DefaultID - INFO - Training client 70 (2/30)...
2026-03-19 01:07:28,040 - Server_DefaultID - INFO - Client 70: Acc=76.69, Loss=-342.7234, NLL=-1161.5212, KL=13.9627, AvgS=499.89, ProxLoss=0.0000
2026-03-19 01:07:28,040 - Server_DefaultID - INFO - Training client 49 (3/30)...
2026-03-19 01:07:29,700 - Server_DefaultID - INFO - Client 49: Acc=84.82, Loss=-343.7867, NLL=-1161.7596, KL=13.9636, AvgS=500.00, ProxLoss=0.0000
2026-03-19 01:07:29,701 - Server_DefaultID - INFO - Training client 10 (4/30)...
2026-03-19 01:07:30,696 - Server_DefaultID - INFO - Client 10: Acc=44.69, Loss=-345.2327, NLL=-1161.2680, KL=13.9616, AvgS=499.78, ProxLoss=0.0000
2026-03-19 01:07:30,697 - Server_DefaultID - INFO - Training client 73 (5/30)...
2026-03-19 01:07:33,577 - Server_DefaultID - INFO - Client 73: Acc=85.72, Loss=-343.1898, NLL=-1161.6372, KL=13.9631, AvgS=499.94, ProxLoss=0.0000
2026-03-19 01:07:33,577 - Server_DefaultID - INFO - Training client 60 (6/30)...
2026-03-19 01:07:34,341 - Server_DefaultID - INFO - Client 60: Acc=38.44, Loss=-329.8246, NLL=-1123.5991, KL=13.8043, AvgS=483.50, ProxLoss=0.0000
2026-03-19 01:07:34,342 - Server_DefaultID - INFO - Training client 15 (7/30)...
2026-03-19 01:07:34,858 - Server_DefaultID - INFO - Client 15: Acc=40.78, Loss=-338.9691, NLL=-1147.6841, KL=13.9056, AvgS=493.91, ProxLoss=0.0000
2026-03-19 01:07:34,858 - Server_DefaultID - INFO - Training client 28 (8/30)...
2026-03-19 01:07:35,240 - Server_DefaultID - INFO - Client 28: Acc=42.81, Loss=-100.4556, NLL=-347.6621, KL=8.1030, AvgS=149.12, ProxLoss=0.0000
2026-03-19 01:07:35,240 - Server_DefaultID - INFO - Training client 36 (9/30)...
2026-03-19 01:07:39,876 - Server_DefaultID - INFO - Client 36: Acc=95.23, Loss=-342.8197, NLL=-1161.7253, KL=13.9635, AvgS=499.98, ProxLoss=0.0000
2026-03-19 01:07:39,876 - Server_DefaultID - INFO - Training client 69 (10/30)...
2026-03-19 01:07:40,505 - Server_DefaultID - INFO - Client 69: Acc=46.56, Loss=-303.3174, NLL=-1026.0406, KL=13.3674, AvgS=441.35, ProxLoss=0.0000
2026-03-19 01:07:40,505 - Server_DefaultID - INFO - Training client 16 (11/30)...
2026-03-19 01:07:41,048 - Server_DefaultID - INFO - Client 16: Acc=55.16, Loss=-318.8714, NLL=-1081.7060, KL=13.5822, AvgS=465.43, ProxLoss=0.0000
2026-03-19 01:07:41,048 - Server_DefaultID - INFO - Training client 54 (12/30)...
2026-03-19 01:07:41,601 - Server_DefaultID - INFO - Client 54: Acc=76.25, Loss=-118.1443, NLL=-409.7596, KL=9.2174, AvgS=175.74, ProxLoss=0.0000
2026-03-19 01:07:41,601 - Server_DefaultID - INFO - Training client 99 (13/30)...
2026-03-19 01:07:41,961 - Server_DefaultID - INFO - Client 99: Acc=36.56, Loss=-105.2521, NLL=-358.0422, KL=8.4125, AvgS=153.56, ProxLoss=0.0000
2026-03-19 01:07:41,961 - Server_DefaultID - INFO - Training client 67 (14/30)...
2026-03-19 01:07:43,397 - Server_DefaultID - INFO - Client 67: Acc=72.14, Loss=-344.9186, NLL=-1161.7359, KL=13.9635, AvgS=499.99, ProxLoss=0.0000
2026-03-19 01:07:43,397 - Server_DefaultID - INFO - Training client 61 (15/30)...
2026-03-19 01:07:44,718 - Server_DefaultID - INFO - Client 61: Acc=73.00, Loss=-345.7939, NLL=-1161.4833, KL=13.9624, AvgS=499.88, ProxLoss=0.0000
2026-03-19 01:07:44,718 - Server_DefaultID - INFO - Training client 5 (16/30)...
2026-03-19 01:07:45,066 - Server_DefaultID - INFO - Client 5: Acc=71.25, Loss=-315.9164, NLL=-1065.5154, KL=13.4752, AvgS=458.46, ProxLoss=0.0000
2026-03-19 01:07:45,066 - Server_DefaultID - INFO - Training client 39 (17/30)...
2026-03-19 01:07:49,429 - Server_DefaultID - INFO - Client 39: Acc=75.69, Loss=-343.9747, NLL=-1161.6796, KL=13.9633, AvgS=499.96, ProxLoss=0.0000
2026-03-19 01:07:49,430 - Server_DefaultID - INFO - Training client 13 (18/30)...
2026-03-19 01:07:49,840 - Server_DefaultID - INFO - Client 13: Acc=47.50, Loss=-311.1266, NLL=-1054.9783, KL=13.4119, AvgS=453.91, ProxLoss=0.0000
2026-03-19 01:07:49,840 - Server_DefaultID - INFO - Training client 0 (19/30)...
2026-03-19 01:07:50,292 - Server_DefaultID - INFO - Client 0: Acc=21.25, Loss=-315.7442, NLL=-1067.8014, KL=13.4905, AvgS=459.44, ProxLoss=0.0000
2026-03-19 01:07:50,292 - Server_DefaultID - INFO - Training client 27 (20/30)...
2026-03-19 01:07:51,260 - Server_DefaultID - INFO - Client 27: Acc=61.77, Loss=-344.8739, NLL=-1161.5750, KL=13.9629, AvgS=499.92, ProxLoss=0.0000
2026-03-19 01:07:51,260 - Server_DefaultID - INFO - Training client 82 (21/30)...
2026-03-19 01:07:52,623 - Server_DefaultID - INFO - Client 82: Acc=86.19, Loss=-343.6862, NLL=-1161.3958, KL=13.9621, AvgS=499.84, ProxLoss=0.0000
2026-03-19 01:07:52,623 - Server_DefaultID - INFO - Training client 4 (22/30)...
2026-03-19 01:07:54,191 - Server_DefaultID - INFO - Client 4: Acc=74.01, Loss=-345.5080, NLL=-1161.6067, KL=13.9630, AvgS=499.93, ProxLoss=0.0000
2026-03-19 01:07:54,191 - Server_DefaultID - INFO - Training client 25 (23/30)...
2026-03-19 01:07:54,956 - Server_DefaultID - INFO - Client 25: Acc=3.59, Loss=-241.1584, NLL=-822.8912, KL=12.0759, AvgS=353.67, ProxLoss=0.0000
2026-03-19 01:07:54,956 - Server_DefaultID - INFO - Training client 48 (24/30)...
2026-03-19 01:07:59,003 - Server_DefaultID - INFO - Client 48: Acc=86.78, Loss=-344.0576, NLL=-1161.6702, KL=13.9632, AvgS=499.96, ProxLoss=0.0000
2026-03-19 01:07:59,003 - Server_DefaultID - INFO - Training client 42 (25/30)...
2026-03-19 01:08:00,623 - Server_DefaultID - INFO - Client 42: Acc=90.52, Loss=-343.2082, NLL=-1160.5847, KL=13.9588, AvgS=499.49, ProxLoss=0.0000
2026-03-19 01:08:00,624 - Server_DefaultID - INFO - Training client 31 (26/30)...
2026-03-19 01:08:02,863 - Server_DefaultID - INFO - Client 31: Acc=77.05, Loss=-343.7995, NLL=-1161.7236, KL=13.9634, AvgS=499.98, ProxLoss=0.0000
2026-03-19 01:08:02,863 - Server_DefaultID - INFO - Training client 6 (27/30)...
2026-03-19 01:08:03,746 - Server_DefaultID - INFO - Client 6: Acc=61.25, Loss=-327.2106, NLL=-1112.4751, KL=13.7344, AvgS=478.71, ProxLoss=0.0000
2026-03-19 01:08:03,747 - Server_DefaultID - INFO - Training client 43 (28/30)...
2026-03-19 01:08:06,502 - Server_DefaultID - INFO - Client 43: Acc=82.78, Loss=-343.7480, NLL=-1161.7226, KL=13.9634, AvgS=499.98, ProxLoss=0.0000
2026-03-19 01:08:06,502 - Server_DefaultID - INFO - Training client 98 (29/30)...
2026-03-19 01:08:07,400 - Server_DefaultID - INFO - Client 98: Acc=86.67, Loss=-342.3535, NLL=-1161.4826, KL=13.9625, AvgS=499.88, ProxLoss=0.0000
2026-03-19 01:08:07,400 - Server_DefaultID - INFO - Training client 87 (30/30)...
2026-03-19 01:08:09,283 - Server_DefaultID - INFO - Client 87: Acc=63.84, Loss=-345.7159, NLL=-1161.5750, KL=13.9629, AvgS=499.92, ProxLoss=0.0000
2026-03-19 01:08:09,560 - Server_DefaultID - WARNING - Global prior extremely imbalanced (max/min=1.0), applied adaptive smoothing lam=0.10.
2026-03-19 01:08:09,561 - Server_DefaultID - INFO - Round [22/200] Summary | Avg Client Train Stats:	Loss [-331.2620]	 Acc [75.27]	NLL [-1119.8629]	 KL [13.7063]	AvgS [481.92]	 ProxLoss [0.0000]
GlobalPriorAlpha (first 10): [5.0, 5.0, 5.0, 5.0, 5.0, 5.0, 5.0, 5.0, 5.0, 5.0]
Round Time: 43.12s
2026-03-19 01:08:09,563 - Server_DefaultID - INFO - --- Global Round 23/200 ---
2026-03-19 01:08:09,564 - Server_DefaultID - INFO - Selected 30 active clients for round 23.
2026-03-19 01:08:09,564 - Server_DefaultID - INFO - Training client 82 (1/30)...
2026-03-19 01:08:10,937 - Server_DefaultID - INFO - Client 82: Acc=85.25, Loss=-343.5416, NLL=-1161.5981, KL=13.9630, AvgS=499.93, ProxLoss=0.0000
2026-03-19 01:08:10,937 - Server_DefaultID - INFO - Training client 78 (2/30)...
2026-03-19 01:08:18,296 - Server_DefaultID - INFO - Client 78: Acc=95.47, Loss=-343.9901, NLL=-1161.7600, KL=13.9636, AvgS=500.00, ProxLoss=0.0000
2026-03-19 01:08:18,296 - Server_DefaultID - INFO - Training client 49 (3/30)...
2026-03-19 01:08:20,147 - Server_DefaultID - INFO - Client 49: Acc=87.23, Loss=-343.7543, NLL=-1161.7065, KL=13.9634, AvgS=499.97, ProxLoss=0.0000
2026-03-19 01:08:20,148 - Server_DefaultID - INFO - Training client 75 (4/30)...
2026-03-19 01:08:23,355 - Server_DefaultID - INFO - Client 75: Acc=90.59, Loss=-342.8300, NLL=-1161.6362, KL=13.9631, AvgS=499.94, ProxLoss=0.0000
2026-03-19 01:08:23,355 - Server_DefaultID - INFO - Training client 38 (5/30)...
2026-03-19 01:08:24,039 - Server_DefaultID - INFO - Client 38: Acc=47.66, Loss=-305.5246, NLL=-1030.1824, KL=13.4019, AvgS=443.14, ProxLoss=0.0000
2026-03-19 01:08:24,039 - Server_DefaultID - INFO - Training client 91 (6/30)...
2026-03-19 01:08:24,966 - Server_DefaultID - INFO - Client 91: Acc=81.15, Loss=-342.4270, NLL=-1161.5465, KL=13.9628, AvgS=499.90, ProxLoss=0.0000
2026-03-19 01:08:24,966 - Server_DefaultID - INFO - Training client 41 (7/30)...
2026-03-19 01:08:26,993 - Server_DefaultID - INFO - Client 41: Acc=89.77, Loss=-343.2950, NLL=-1161.6898, KL=13.9633, AvgS=499.97, ProxLoss=0.0000
2026-03-19 01:08:26,993 - Server_DefaultID - INFO - Training client 5 (8/30)...
2026-03-19 01:08:27,426 - Server_DefaultID - INFO - Client 5: Acc=72.19, Loss=-327.3068, NLL=-1103.5774, KL=13.7047, AvgS=474.88, ProxLoss=0.0000
2026-03-19 01:08:27,426 - Server_DefaultID - INFO - Training client 86 (9/30)...
2026-03-19 01:08:28,828 - Server_DefaultID - INFO - Client 86: Acc=70.75, Loss=-343.7260, NLL=-1161.4017, KL=13.9621, AvgS=499.84, ProxLoss=0.0000
2026-03-19 01:08:28,828 - Server_DefaultID - INFO - Training client 88 (10/30)...
2026-03-19 01:08:30,517 - Server_DefaultID - INFO - Client 88: Acc=58.44, Loss=-344.5298, NLL=-1161.3997, KL=13.9622, AvgS=499.84, ProxLoss=0.0000
2026-03-19 01:08:30,517 - Server_DefaultID - INFO - Training client 93 (11/30)...
2026-03-19 01:08:31,159 - Server_DefaultID - INFO - Client 93: Acc=35.31, Loss=-327.3301, NLL=-1107.1141, KL=13.7349, AvgS=476.38, ProxLoss=0.0000
2026-03-19 01:08:31,159 - Server_DefaultID - INFO - Training client 9 (12/30)...
2026-03-19 01:08:33,039 - Server_DefaultID - INFO - Client 9: Acc=97.41, Loss=-342.5798, NLL=-1161.6394, KL=13.9631, AvgS=499.94, ProxLoss=0.0000
2026-03-19 01:08:33,039 - Server_DefaultID - INFO - Training client 43 (13/30)...
2026-03-19 01:08:35,780 - Server_DefaultID - INFO - Client 43: Acc=85.03, Loss=-343.7455, NLL=-1161.7200, KL=13.9634, AvgS=499.98, ProxLoss=0.0000
2026-03-19 01:08:35,780 - Server_DefaultID - INFO - Training client 13 (14/30)...
2026-03-19 01:08:36,284 - Server_DefaultID - INFO - Client 13: Acc=53.44, Loss=-323.1856, NLL=-1095.8196, KL=13.6316, AvgS=471.53, ProxLoss=0.0000
2026-03-19 01:08:36,284 - Server_DefaultID - INFO - Training client 71 (15/30)...
2026-03-19 01:08:36,894 - Server_DefaultID - INFO - Client 71: Acc=65.16, Loss=-161.1603, NLL=-549.2835, KL=10.5061, AvgS=235.65, ProxLoss=0.0000
2026-03-19 01:08:36,894 - Server_DefaultID - INFO - Training client 25 (16/30)...
2026-03-19 01:08:37,637 - Server_DefaultID - INFO - Client 25: Acc=62.66, Loss=-277.8882, NLL=-944.8916, KL=12.8730, AvgS=406.31, ProxLoss=0.0000
2026-03-19 01:08:37,637 - Server_DefaultID - INFO - Training client 19 (17/30)...
2026-03-19 01:08:41,094 - Server_DefaultID - INFO - Client 19: Acc=95.36, Loss=-342.5742, NLL=-1161.7202, KL=13.9634, AvgS=499.98, ProxLoss=0.0000
2026-03-19 01:08:41,094 - Server_DefaultID - INFO - Training client 92 (18/30)...
2026-03-19 01:08:42,289 - Server_DefaultID - INFO - Client 92: Acc=95.23, Loss=-343.8511, NLL=-1161.4639, KL=13.9624, AvgS=499.87, ProxLoss=0.0000
2026-03-19 01:08:42,289 - Server_DefaultID - INFO - Training client 40 (19/30)...
2026-03-19 01:08:43,941 - Server_DefaultID - INFO - Client 40: Acc=70.89, Loss=-345.3113, NLL=-1161.2962, KL=13.9616, AvgS=499.80, ProxLoss=0.0000
2026-03-19 01:08:43,941 - Server_DefaultID - INFO - Training client 60 (20/30)...
2026-03-19 01:08:44,781 - Server_DefaultID - INFO - Client 60: Acc=61.04, Loss=-341.4746, NLL=-1158.0118, KL=13.9486, AvgS=498.38, ProxLoss=0.0000
2026-03-19 01:08:44,781 - Server_DefaultID - INFO - Training client 59 (21/30)...
2026-03-19 01:08:47,116 - Server_DefaultID - INFO - Client 59: Acc=81.63, Loss=-343.8553, NLL=-1161.4644, KL=13.9624, AvgS=499.87, ProxLoss=0.0000
2026-03-19 01:08:47,116 - Server_DefaultID - INFO - Training client 14 (22/30)...
2026-03-19 01:08:49,382 - Server_DefaultID - INFO - Client 14: Acc=80.00, Loss=-342.3756, NLL=-1161.5469, KL=13.9628, AvgS=499.90, ProxLoss=0.0000
2026-03-19 01:08:49,382 - Server_DefaultID - INFO - Training client 28 (23/30)...
2026-03-19 01:08:49,773 - Server_DefaultID - INFO - Client 28: Acc=40.94, Loss=-119.6876, NLL=-412.4615, KL=8.8246, AvgS=176.93, ProxLoss=0.0000
2026-03-19 01:08:49,773 - Server_DefaultID - INFO - Training client 21 (24/30)...
2026-03-19 01:08:51,711 - Server_DefaultID - INFO - Client 21: Acc=62.15, Loss=-345.3542, NLL=-1161.5575, KL=13.9628, AvgS=499.91, ProxLoss=0.0000
2026-03-19 01:08:51,712 - Server_DefaultID - INFO - Training client 83 (25/30)...
2026-03-19 01:08:54,088 - Server_DefaultID - INFO - Client 83: Acc=99.69, Loss=-341.6600, NLL=-1161.7593, KL=13.9636, AvgS=500.00, ProxLoss=0.0000
2026-03-19 01:08:54,088 - Server_DefaultID - INFO - Training client 67 (26/30)...
2026-03-19 01:08:56,633 - Server_DefaultID - INFO - Client 67: Acc=76.56, Loss=-344.7886, NLL=-1161.6716, KL=13.9632, AvgS=499.96, ProxLoss=0.0000
2026-03-19 01:08:56,633 - Server_DefaultID - INFO - Training client 47 (27/30)...
2026-03-19 01:08:58,076 - Server_DefaultID - INFO - Client 47: Acc=61.25, Loss=-345.2567, NLL=-1161.6408, KL=13.9631, AvgS=499.94, ProxLoss=0.0000
2026-03-19 01:08:58,076 - Server_DefaultID - INFO - Training client 51 (28/30)...
2026-03-19 01:08:58,763 - Server_DefaultID - INFO - Client 51: Acc=31.88, Loss=-297.6489, NLL=-1005.5345, KL=13.2371, AvgS=432.50, ProxLoss=0.0000
2026-03-19 01:08:58,764 - Server_DefaultID - INFO - Training client 6 (29/30)...
2026-03-19 01:08:59,614 - Server_DefaultID - INFO - Client 6: Acc=59.69, Loss=-341.8864, NLL=-1157.9788, KL=13.9482, AvgS=498.36, ProxLoss=0.0000
2026-03-19 01:08:59,614 - Server_DefaultID - INFO - Training client 64 (30/30)...
2026-03-19 01:09:00,061 - Server_DefaultID - INFO - Client 64: Acc=69.69, Loss=-139.8338, NLL=-478.5495, KL=9.8516, AvgS=205.31, ProxLoss=0.0000
2026-03-19 01:09:00,216 - Server_DefaultID - WARNING - Global prior extremely imbalanced (max/min=1.0), applied adaptive smoothing lam=0.10.
2026-03-19 01:09:00,217 - Server_DefaultID - INFO - Round [23/200] Summary | Avg Client Train Stats:	Loss [-334.8422]	 Acc [81.23]	NLL [-1132.3571]	 KL [13.7946]	AvgS [487.31]	 ProxLoss [0.0000]
GlobalPriorAlpha (first 10): [5.0, 5.0, 5.0, 5.0, 5.0, 5.0, 5.0, 5.0, 5.0, 5.0]
Round Time: 50.65s
2026-03-19 01:09:00,219 - Server_DefaultID - INFO - --- Global Round 24/200 ---
2026-03-19 01:09:00,220 - Server_DefaultID - INFO - Selected 30 active clients for round 24.
2026-03-19 01:09:00,220 - Server_DefaultID - INFO - Training client 11 (1/30)...
2026-03-19 01:09:01,739 - Server_DefaultID - INFO - Client 11: Acc=86.67, Loss=-344.0248, NLL=-1161.3279, KL=13.9619, AvgS=499.81, ProxLoss=0.0000
2026-03-19 01:09:01,739 - Server_DefaultID - INFO - Training client 85 (2/30)...
2026-03-19 01:09:04,661 - Server_DefaultID - INFO - Client 85: Acc=99.77, Loss=-341.5318, NLL=-1161.7592, KL=13.9636, AvgS=500.00, ProxLoss=0.0000
2026-03-19 01:09:04,661 - Server_DefaultID - INFO - Training client 29 (3/30)...
2026-03-19 01:09:05,835 - Server_DefaultID - INFO - Client 29: Acc=81.02, Loss=-343.0003, NLL=-1160.5855, KL=13.9588, AvgS=499.49, ProxLoss=0.0000
2026-03-19 01:09:05,835 - Server_DefaultID - INFO - Training client 6 (4/30)...
2026-03-19 01:09:06,702 - Server_DefaultID - INFO - Client 6: Acc=60.21, Loss=-343.4453, NLL=-1160.9657, KL=13.9603, AvgS=499.65, ProxLoss=0.0000
2026-03-19 01:09:06,702 - Server_DefaultID - INFO - Training client 43 (5/30)...
2026-03-19 01:09:09,289 - Server_DefaultID - INFO - Client 43: Acc=86.22, Loss=-343.7254, NLL=-1161.7475, KL=13.9635, AvgS=499.99, ProxLoss=0.0000
2026-03-19 01:09:09,289 - Server_DefaultID - INFO - Training client 62 (6/30)...
2026-03-19 01:09:09,951 - Server_DefaultID - INFO - Client 62: Acc=58.75, Loss=-159.4991, NLL=-545.6603, KL=10.4946, AvgS=234.02, ProxLoss=0.0000
2026-03-19 01:09:09,951 - Server_DefaultID - INFO - Training client 33 (7/30)...
2026-03-19 01:09:11,761 - Server_DefaultID - INFO - Client 33: Acc=57.72, Loss=-345.2138, NLL=-1161.7489, KL=13.9635, AvgS=499.99, ProxLoss=0.0000
2026-03-19 01:09:11,761 - Server_DefaultID - INFO - Training client 60 (8/30)...
2026-03-19 01:09:12,636 - Server_DefaultID - INFO - Client 60: Acc=56.88, Loss=-342.5480, NLL=-1160.5209, KL=13.9587, AvgS=499.46, ProxLoss=0.0000
2026-03-19 01:09:12,636 - Server_DefaultID - INFO - Training client 84 (9/30)...
2026-03-19 01:09:13,026 - Server_DefaultID - INFO - Client 84: Acc=51.70, Loss=-53.2712, NLL=-187.8712, KL=5.8864, AvgS=80.83, ProxLoss=0.0000
2026-03-19 01:09:13,026 - Server_DefaultID - INFO - Training client 28 (10/30)...
2026-03-19 01:09:13,499 - Server_DefaultID - INFO - Client 28: Acc=40.00, Loss=-137.8785, NLL=-474.2612, KL=9.3813, AvgS=203.51, ProxLoss=0.0000
2026-03-19 01:09:13,499 - Server_DefaultID - INFO - Training client 92 (11/30)...
2026-03-19 01:09:14,561 - Server_DefaultID - INFO - Client 92: Acc=95.16, Loss=-343.7289, NLL=-1161.6300, KL=13.9631, AvgS=499.94, ProxLoss=0.0000
2026-03-19 01:09:14,561 - Server_DefaultID - INFO - Training client 16 (12/30)...
2026-03-19 01:09:15,175 - Server_DefaultID - INFO - Client 16: Acc=52.97, Loss=-336.2828, NLL=-1141.3005, KL=13.8756, AvgS=491.16, ProxLoss=0.0000
2026-03-19 01:09:15,175 - Server_DefaultID - INFO - Training client 67 (13/30)...
2026-03-19 01:09:16,760 - Server_DefaultID - INFO - Client 67: Acc=75.83, Loss=-344.7575, NLL=-1161.7439, KL=13.9635, AvgS=499.99, ProxLoss=0.0000
2026-03-19 01:09:16,760 - Server_DefaultID - INFO - Training client 96 (14/30)...
2026-03-19 01:09:18,972 - Server_DefaultID - INFO - Client 96: Acc=86.67, Loss=-343.9291, NLL=-1161.7463, KL=13.9635, AvgS=499.99, ProxLoss=0.0000
2026-03-19 01:09:18,972 - Server_DefaultID - INFO - Training client 74 (15/30)...
2026-03-19 01:09:20,165 - Server_DefaultID - INFO - Client 74: Acc=57.03, Loss=-343.3314, NLL=-1160.6896, KL=13.9594, AvgS=499.53, ProxLoss=0.0000
2026-03-19 01:09:20,165 - Server_DefaultID - INFO - Training client 23 (16/30)...
2026-03-19 01:09:20,568 - Server_DefaultID - INFO - Client 23: Acc=73.90, Loss=-103.6927, NLL=-358.3175, KL=8.7243, AvgS=153.62, ProxLoss=0.0000
2026-03-19 01:09:20,568 - Server_DefaultID - INFO - Training client 39 (17/30)...
2026-03-19 01:09:24,095 - Server_DefaultID - INFO - Client 39: Acc=75.85, Loss=-343.8025, NLL=-1161.6442, KL=13.9631, AvgS=499.95, ProxLoss=0.0000
2026-03-19 01:09:24,095 - Server_DefaultID - INFO - Training client 4 (18/30)...
2026-03-19 01:09:25,751 - Server_DefaultID - INFO - Client 4: Acc=76.56, Loss=-345.4839, NLL=-1161.7213, KL=13.9634, AvgS=499.98, ProxLoss=0.0000
2026-03-19 01:09:25,751 - Server_DefaultID - INFO - Training client 93 (19/30)...
2026-03-19 01:09:26,448 - Server_DefaultID - INFO - Client 93: Acc=48.75, Loss=-341.0192, NLL=-1152.2603, KL=13.9254, AvgS=495.89, ProxLoss=0.0000
2026-03-19 01:09:26,448 - Server_DefaultID - INFO - Training client 73 (20/30)...
2026-03-19 01:09:30,596 - Server_DefaultID - INFO - Client 73: Acc=88.03, Loss=-343.1406, NLL=-1161.7343, KL=13.9635, AvgS=499.98, ProxLoss=0.0000
2026-03-19 01:09:30,596 - Server_DefaultID - INFO - Training client 79 (21/30)...
2026-03-19 01:09:31,948 - Server_DefaultID - INFO - Client 79: Acc=93.81, Loss=-306.8144, NLL=-1046.9036, KL=13.3662, AvgS=450.41, ProxLoss=0.0000
2026-03-19 01:09:31,948 - Server_DefaultID - INFO - Training client 66 (22/30)...
2026-03-19 01:09:33,820 - Server_DefaultID - INFO - Client 66: Acc=87.95, Loss=-343.4223, NLL=-1161.7253, KL=13.9634, AvgS=499.98, ProxLoss=0.0000
2026-03-19 01:09:33,820 - Server_DefaultID - INFO - Training client 24 (23/30)...
2026-03-19 01:09:34,243 - Server_DefaultID - INFO - Client 24: Acc=60.31, Loss=-104.1769, NLL=-354.8801, KL=8.6600, AvgS=152.20, ProxLoss=0.0000
2026-03-19 01:09:34,244 - Server_DefaultID - INFO - Training client 51 (24/30)...
2026-03-19 01:09:34,950 - Server_DefaultID - INFO - Client 51: Acc=44.38, Loss=-330.0597, NLL=-1112.6919, KL=13.7571, AvgS=478.80, ProxLoss=0.0000
2026-03-19 01:09:34,950 - Server_DefaultID - INFO - Training client 83 (25/30)...
2026-03-19 01:09:37,370 - Server_DefaultID - INFO - Client 83: Acc=99.69, Loss=-341.5584, NLL=-1161.6978, KL=13.9633, AvgS=499.97, ProxLoss=0.0000
2026-03-19 01:09:37,370 - Server_DefaultID - INFO - Training client 89 (26/30)...
2026-03-19 01:09:40,820 - Server_DefaultID - INFO - Client 89: Acc=98.55, Loss=-342.3301, NLL=-1161.7619, KL=13.9636, AvgS=500.00, ProxLoss=0.0000
2026-03-19 01:09:40,820 - Server_DefaultID - INFO - Training client 69 (27/30)...
2026-03-19 01:09:41,461 - Server_DefaultID - INFO - Client 69: Acc=54.53, Loss=-328.5641, NLL=-1110.2822, KL=13.7430, AvgS=477.75, ProxLoss=0.0000
2026-03-19 01:09:41,461 - Server_DefaultID - INFO - Training client 27 (28/30)...
2026-03-19 01:09:42,333 - Server_DefaultID - INFO - Client 27: Acc=58.54, Loss=-344.5552, NLL=-1161.3147, KL=13.9618, AvgS=499.80, ProxLoss=0.0000
2026-03-19 01:09:42,333 - Server_DefaultID - INFO - Training client 36 (29/30)...
2026-03-19 01:09:47,781 - Server_DefaultID - INFO - Client 36: Acc=96.10, Loss=-342.7721, NLL=-1161.7602, KL=13.9636, AvgS=500.00, ProxLoss=0.0000
2026-03-19 01:09:47,781 - Server_DefaultID - INFO - Training client 72 (30/30)...
2026-03-19 01:09:49,001 - Server_DefaultID - INFO - Client 72: Acc=95.00, Loss=-343.1275, NLL=-1161.7689, KL=13.9636, AvgS=500.00, ProxLoss=0.0000
2026-03-19 01:09:49,196 - Server_DefaultID - WARNING - Global prior extremely imbalanced (max/min=1.0), applied adaptive smoothing lam=0.10.
2026-03-19 01:09:49,196 - Server_DefaultID - INFO - Round [24/200] Summary | Avg Client Train Stats:	Loss [-333.3213]	 Acc [82.97]	NLL [-1128.4117]	 KL [13.7527]	AvgS [485.61]	 ProxLoss [0.0000]
GlobalPriorAlpha (first 10): [5.0, 5.0, 5.0, 5.0, 5.0, 5.0, 5.0, 5.0, 5.0, 5.0]
Round Time: 48.98s
2026-03-19 01:09:49,199 - Server_DefaultID - INFO - --- Global Round 25/200 ---
2026-03-19 01:09:49,199 - Server_DefaultID - INFO - Selected 30 active clients for round 25.
2026-03-19 01:09:49,199 - Server_DefaultID - INFO - Training client 80 (1/30)...
2026-03-19 01:09:49,552 - Server_DefaultID - INFO - Client 80: Acc=33.44, Loss=-157.8805, NLL=-540.0010, KL=10.4627, AvgS=231.60, ProxLoss=0.0000
2026-03-19 01:09:49,553 - Server_DefaultID - INFO - Training client 57 (2/30)...
2026-03-19 01:09:53,740 - Server_DefaultID - INFO - Client 57: Acc=95.37, Loss=-343.4902, NLL=-1161.7591, KL=13.9636, AvgS=500.00, ProxLoss=0.0000
2026-03-19 01:09:53,740 - Server_DefaultID - INFO - Training client 35 (3/30)...
2026-03-19 01:09:54,558 - Server_DefaultID - INFO - Client 35: Acc=56.98, Loss=-344.6301, NLL=-1161.3601, KL=13.9620, AvgS=499.82, ProxLoss=0.0000
2026-03-19 01:09:54,558 - Server_DefaultID - INFO - Training client 49 (4/30)...
2026-03-19 01:09:56,405 - Server_DefaultID - INFO - Client 49: Acc=86.07, Loss=-343.6883, NLL=-1161.7450, KL=13.9635, AvgS=499.99, ProxLoss=0.0000
2026-03-19 01:09:56,406 - Server_DefaultID - INFO - Training client 46 (5/30)...
2026-03-19 01:09:58,428 - Server_DefaultID - INFO - Client 46: Acc=86.88, Loss=-343.6980, NLL=-1161.5713, KL=13.9629, AvgS=499.91, ProxLoss=0.0000
2026-03-19 01:09:58,429 - Server_DefaultID - INFO - Training client 78 (6/30)...
2026-03-19 01:10:05,332 - Server_DefaultID - INFO - Client 78: Acc=95.30, Loss=-343.8408, NLL=-1161.7448, KL=13.9635, AvgS=499.99, ProxLoss=0.0000
2026-03-19 01:10:05,332 - Server_DefaultID - INFO - Training client 66 (7/30)...
2026-03-19 01:10:07,153 - Server_DefaultID - INFO - Client 66: Acc=88.44, Loss=-343.4603, NLL=-1161.7470, KL=13.9635, AvgS=499.99, ProxLoss=0.0000
2026-03-19 01:10:07,153 - Server_DefaultID - INFO - Training client 42 (8/30)...
2026-03-19 01:10:08,666 - Server_DefaultID - INFO - Client 42: Acc=90.89, Loss=-343.6898, NLL=-1161.6622, KL=13.9632, AvgS=499.95, ProxLoss=0.0000
2026-03-19 01:10:08,666 - Server_DefaultID - INFO - Training client 74 (9/30)...
2026-03-19 01:10:09,749 - Server_DefaultID - INFO - Client 74: Acc=58.98, Loss=-343.7914, NLL=-1161.3091, KL=13.9618, AvgS=499.80, ProxLoss=0.0000
2026-03-19 01:10:09,749 - Server_DefaultID - INFO - Training client 22 (10/30)...
2026-03-19 01:10:10,401 - Server_DefaultID - INFO - Client 22: Acc=46.09, Loss=-159.3998, NLL=-546.6707, KL=10.1350, AvgS=234.61, ProxLoss=0.0000
2026-03-19 01:10:10,401 - Server_DefaultID - INFO - Training client 50 (11/30)...
2026-03-19 01:10:15,049 - Server_DefaultID - INFO - Client 50: Acc=97.48, Loss=-342.6280, NLL=-1161.7259, KL=13.9635, AvgS=499.98, ProxLoss=0.0000
2026-03-19 01:10:15,049 - Server_DefaultID - INFO - Training client 99 (12/30)...
2026-03-19 01:10:15,433 - Server_DefaultID - INFO - Client 99: Acc=27.19, Loss=-123.2487, NLL=-418.8051, KL=9.0370, AvgS=179.64, ProxLoss=0.0000
2026-03-19 01:10:15,433 - Server_DefaultID - INFO - Training client 44 (13/30)...
2026-03-19 01:10:19,108 - Server_DefaultID - INFO - Client 44: Acc=90.31, Loss=-343.6079, NLL=-1161.7124, KL=13.9634, AvgS=499.98, ProxLoss=0.0000
2026-03-19 01:10:19,108 - Server_DefaultID - INFO - Training client 33 (14/30)...
2026-03-19 01:10:20,915 - Server_DefaultID - INFO - Client 33: Acc=58.88, Loss=-345.3526, NLL=-1161.7076, KL=13.9634, AvgS=499.97, ProxLoss=0.0000
2026-03-19 01:10:20,915 - Server_DefaultID - INFO - Training client 71 (15/30)...
2026-03-19 01:10:21,591 - Server_DefaultID - INFO - Client 71: Acc=64.38, Loss=-206.0602, NLL=-700.4876, KL=11.5839, AvgS=300.82, ProxLoss=0.0000
2026-03-19 01:10:21,591 - Server_DefaultID - INFO - Training client 89 (16/30)...
2026-03-19 01:10:24,914 - Server_DefaultID - INFO - Client 89: Acc=98.55, Loss=-342.2953, NLL=-1161.7405, KL=13.9635, AvgS=499.99, ProxLoss=0.0000
2026-03-19 01:10:24,915 - Server_DefaultID - INFO - Training client 0 (17/30)...
2026-03-19 01:10:25,316 - Server_DefaultID - INFO - Client 0: Acc=26.56, Loss=-332.1410, NLL=-1123.0983, KL=13.7935, AvgS=483.30, ProxLoss=0.0000
2026-03-19 01:10:25,316 - Server_DefaultID - INFO - Training client 96 (18/30)...
2026-03-19 01:10:27,545 - Server_DefaultID - INFO - Client 96: Acc=87.19, Loss=-344.0094, NLL=-1161.6065, KL=13.9630, AvgS=499.93, ProxLoss=0.0000
2026-03-19 01:10:27,545 - Server_DefaultID - INFO - Training client 3 (19/30)...
2026-03-19 01:10:29,184 - Server_DefaultID - INFO - Client 3: Acc=60.21, Loss=-343.5714, NLL=-1158.1851, KL=13.9488, AvgS=498.45, ProxLoss=0.0000
2026-03-19 01:10:29,184 - Server_DefaultID - INFO - Training client 27 (20/30)...
2026-03-19 01:10:30,028 - Server_DefaultID - INFO - Client 27: Acc=65.21, Loss=-344.7737, NLL=-1161.5637, KL=13.9628, AvgS=499.91, ProxLoss=0.0000
2026-03-19 01:10:30,028 - Server_DefaultID - INFO - Training client 86 (21/30)...
2026-03-19 01:10:31,276 - Server_DefaultID - INFO - Client 86: Acc=72.88, Loss=-343.6602, NLL=-1161.5939, KL=13.9629, AvgS=499.92, ProxLoss=0.0000
2026-03-19 01:10:31,276 - Server_DefaultID - INFO - Training client 36 (22/30)...
2026-03-19 01:10:36,798 - Server_DefaultID - INFO - Client 36: Acc=96.29, Loss=-342.7100, NLL=-1161.7147, KL=13.9634, AvgS=499.98, ProxLoss=0.0000
2026-03-19 01:10:36,798 - Server_DefaultID - INFO - Training client 23 (23/30)...
2026-03-19 01:10:37,188 - Server_DefaultID - INFO - Client 23: Acc=80.68, Loss=-122.3633, NLL=-420.9371, KL=9.4157, AvgS=180.49, ProxLoss=0.0000
2026-03-19 01:10:37,188 - Server_DefaultID - INFO - Training client 53 (24/30)...
2026-03-19 01:10:39,653 - Server_DefaultID - INFO - Client 53: Acc=96.09, Loss=-343.0943, NLL=-1161.6588, KL=13.9632, AvgS=499.95, ProxLoss=0.0000
2026-03-19 01:10:39,653 - Server_DefaultID - INFO - Training client 25 (25/30)...
2026-03-19 01:10:40,353 - Server_DefaultID - INFO - Client 25: Acc=68.44, Loss=-311.8345, NLL=-1059.4667, KL=13.4823, AvgS=455.79, ProxLoss=0.0000
2026-03-19 01:10:40,353 - Server_DefaultID - INFO - Training client 91 (26/30)...
2026-03-19 01:10:41,205 - Server_DefaultID - INFO - Client 91: Acc=86.67, Loss=-342.4835, NLL=-1161.6473, KL=13.9631, AvgS=499.95, ProxLoss=0.0000
2026-03-19 01:10:41,205 - Server_DefaultID - INFO - Training client 92 (27/30)...
2026-03-19 01:10:42,276 - Server_DefaultID - INFO - Client 92: Acc=95.16, Loss=-343.9583, NLL=-1161.6716, KL=13.9632, AvgS=499.96, ProxLoss=0.0000
2026-03-19 01:10:42,276 - Server_DefaultID - INFO - Training client 18 (28/30)...
2026-03-19 01:10:45,879 - Server_DefaultID - INFO - Client 18: Acc=87.27, Loss=-344.1103, NLL=-1161.7470, KL=13.9635, AvgS=499.99, ProxLoss=0.0000
2026-03-19 01:10:45,879 - Server_DefaultID - INFO - Training client 47 (29/30)...
2026-03-19 01:10:47,617 - Server_DefaultID - INFO - Client 47: Acc=62.76, Loss=-345.1616, NLL=-1161.6923, KL=13.9633, AvgS=499.97, ProxLoss=0.0000
2026-03-19 01:10:47,617 - Server_DefaultID - INFO - Training client 75 (30/30)...
2026-03-19 01:10:49,786 - Server_DefaultID - INFO - Client 75: Acc=90.74, Loss=-342.7581, NLL=-1161.6130, KL=13.9630, AvgS=499.93, ProxLoss=0.0000
2026-03-19 01:10:51,099 - Server_DefaultID - WARNING - Global prior extremely imbalanced (max/min=1.0), applied adaptive smoothing lam=0.10.
2026-03-19 01:10:51,100 - Server_DefaultID - INFO - Round [25/200] Summary | Avg Client Train Stats:	Loss [-336.0522]	 Acc [86.34]	NLL [-1136.6916]	 KL [13.8163]	AvgS [489.18]	 ProxLoss [0.0000]
GlobalPriorAlpha (first 10): [5.0, 5.0, 5.0, 5.0, 5.0, 5.0, 5.0, 5.0, 5.0, 5.0]
Round Time: 61.90s
2026-03-19 01:10:51,102 - Server_DefaultID - INFO - --- Global Round 26/200 ---
2026-03-19 01:10:51,103 - Server_DefaultID - INFO - Selected 30 active clients for round 26.
2026-03-19 01:10:51,103 - Server_DefaultID - INFO - Training client 89 (1/30)...
2026-03-19 01:10:54,587 - Server_DefaultID - INFO - Client 89: Acc=98.55, Loss=-342.2276, NLL=-1161.6974, KL=13.9633, AvgS=499.97, ProxLoss=0.0000
2026-03-19 01:10:54,587 - Server_DefaultID - INFO - Training client 46 (2/30)...
2026-03-19 01:10:56,683 - Server_DefaultID - INFO - Client 46: Acc=86.99, Loss=-343.7954, NLL=-1161.6760, KL=13.9633, AvgS=499.96, ProxLoss=0.0000
2026-03-19 01:10:56,683 - Server_DefaultID - INFO - Training client 3 (3/30)...
2026-03-19 01:10:58,272 - Server_DefaultID - INFO - Client 3: Acc=60.16, Loss=-345.4820, NLL=-1161.5794, KL=13.9629, AvgS=499.92, ProxLoss=0.0000
2026-03-19 01:10:58,272 - Server_DefaultID - INFO - Training client 97 (4/30)...
2026-03-19 01:11:04,462 - Server_DefaultID - INFO - Client 97: Acc=99.56, Loss=-341.5959, NLL=-1161.7634, KL=13.9636, AvgS=500.00, ProxLoss=0.0000
2026-03-19 01:11:04,462 - Server_DefaultID - INFO - Training client 14 (5/30)...
2026-03-19 01:11:06,787 - Server_DefaultID - INFO - Client 14: Acc=84.51, Loss=-342.4188, NLL=-1161.6849, KL=13.9633, AvgS=499.96, ProxLoss=0.0000
2026-03-19 01:11:06,788 - Server_DefaultID - INFO - Training client 85 (6/30)...
2026-03-19 01:11:09,653 - Server_DefaultID - INFO - Client 85: Acc=99.82, Loss=-341.4056, NLL=-1161.7110, KL=13.9634, AvgS=499.97, ProxLoss=0.0000
2026-03-19 01:11:09,653 - Server_DefaultID - INFO - Training client 48 (7/30)...
2026-03-19 01:11:13,807 - Server_DefaultID - INFO - Client 48: Acc=86.53, Loss=-343.9653, NLL=-1161.7400, KL=13.9635, AvgS=499.99, ProxLoss=0.0000
2026-03-19 01:11:13,808 - Server_DefaultID - INFO - Training client 99 (8/30)...
2026-03-19 01:11:14,228 - Server_DefaultID - INFO - Client 99: Acc=18.75, Loss=-141.4397, NLL=-479.9955, KL=9.7270, AvgS=205.87, ProxLoss=0.0000
2026-03-19 01:11:14,228 - Server_DefaultID - INFO - Training client 84 (9/30)...
2026-03-19 01:11:14,636 - Server_DefaultID - INFO - Client 84: Acc=53.21, Loss=-68.7543, NLL=-240.8693, KL=6.9170, AvgS=103.33, ProxLoss=0.0000
2026-03-19 01:11:14,636 - Server_DefaultID - INFO - Training client 49 (10/30)...
2026-03-19 01:11:16,513 - Server_DefaultID - INFO - Client 49: Acc=88.17, Loss=-343.6682, NLL=-1161.7569, KL=13.9636, AvgS=499.99, ProxLoss=0.0000
2026-03-19 01:11:16,513 - Server_DefaultID - INFO - Training client 26 (11/30)...
2026-03-19 01:11:20,589 - Server_DefaultID - INFO - Client 26: Acc=97.06, Loss=-342.9806, NLL=-1161.7451, KL=13.9635, AvgS=499.99, ProxLoss=0.0000
2026-03-19 01:11:20,590 - Server_DefaultID - INFO - Training client 31 (12/30)...
2026-03-19 01:11:22,879 - Server_DefaultID - INFO - Client 31: Acc=79.38, Loss=-343.6455, NLL=-1161.7008, KL=13.9634, AvgS=499.97, ProxLoss=0.0000
2026-03-19 01:11:22,879 - Server_DefaultID - INFO - Training client 57 (13/30)...
2026-03-19 01:11:27,799 - Server_DefaultID - INFO - Client 57: Acc=95.88, Loss=-343.4535, NLL=-1161.7556, KL=13.9636, AvgS=499.99, ProxLoss=0.0000
2026-03-19 01:11:27,799 - Server_DefaultID - INFO - Training client 91 (14/30)...
2026-03-19 01:11:28,679 - Server_DefaultID - INFO - Client 91: Acc=87.71, Loss=-342.3713, NLL=-1161.5096, KL=13.9626, AvgS=499.89, ProxLoss=0.0000
2026-03-19 01:11:28,679 - Server_DefaultID - INFO - Training client 19 (15/30)...
2026-03-19 01:11:32,202 - Server_DefaultID - INFO - Client 19: Acc=95.33, Loss=-342.3790, NLL=-1161.5348, KL=13.9627, AvgS=499.90, ProxLoss=0.0000
2026-03-19 01:11:32,202 - Server_DefaultID - INFO - Training client 80 (16/30)...
2026-03-19 01:11:32,587 - Server_DefaultID - INFO - Client 80: Acc=34.69, Loss=-178.7687, NLL=-611.2352, KL=11.0714, AvgS=262.26, ProxLoss=0.0000
2026-03-19 01:11:32,587 - Server_DefaultID - INFO - Training client 90 (17/30)...
2026-03-19 01:11:34,839 - Client_90 - WARNING - Client 90: Too few classes (1) or samples (592) for alpha report, returning uniform.
2026-03-19 01:11:34,839 - Server_DefaultID - INFO - Client 90: Acc=100.00, Loss=-341.2399, NLL=-1161.6929, KL=13.9633, AvgS=499.97, ProxLoss=0.0000
2026-03-19 01:11:34,839 - Server_DefaultID - INFO - Training client 16 (18/30)...
2026-03-19 01:11:35,488 - Server_DefaultID - INFO - Client 16: Acc=56.09, Loss=-342.1832, NLL=-1159.4083, KL=13.9541, AvgS=498.98, ProxLoss=0.0000
2026-03-19 01:11:35,488 - Server_DefaultID - INFO - Training client 23 (19/30)...
2026-03-19 01:11:35,959 - Server_DefaultID - INFO - Client 23: Acc=80.00, Loss=-143.1040, NLL=-491.0363, KL=10.1069, AvgS=210.61, ProxLoss=0.0000
2026-03-19 01:11:35,959 - Server_DefaultID - INFO - Training client 35 (20/30)...
2026-03-19 01:11:36,834 - Server_DefaultID - INFO - Client 35: Acc=60.31, Loss=-344.6516, NLL=-1161.4042, KL=13.9622, AvgS=499.84, ProxLoss=0.0000
2026-03-19 01:11:36,834 - Server_DefaultID - INFO - Training client 7 (21/30)...
2026-03-19 01:11:38,367 - Server_DefaultID - INFO - Client 7: Acc=48.85, Loss=-343.8590, NLL=-1161.7168, KL=13.9634, AvgS=499.98, ProxLoss=0.0000
2026-03-19 01:11:38,367 - Server_DefaultID - INFO - Training client 76 (22/30)...
2026-03-19 01:11:40,501 - Server_DefaultID - INFO - Client 76: Acc=81.41, Loss=-345.6330, NLL=-1161.7336, KL=13.9635, AvgS=499.98, ProxLoss=0.0000
2026-03-19 01:11:40,501 - Server_DefaultID - INFO - Training client 92 (23/30)...
2026-03-19 01:11:41,621 - Server_DefaultID - INFO - Client 92: Acc=95.47, Loss=-343.6174, NLL=-1161.6853, KL=13.9633, AvgS=499.96, ProxLoss=0.0000
2026-03-19 01:11:41,621 - Server_DefaultID - INFO - Training client 61 (24/30)...
2026-03-19 01:11:43,008 - Server_DefaultID - INFO - Client 61: Acc=75.50, Loss=-345.7916, NLL=-1161.6157, KL=13.9630, AvgS=499.93, ProxLoss=0.0000
2026-03-19 01:11:43,008 - Server_DefaultID - INFO - Training client 43 (25/30)...
2026-03-19 01:11:45,663 - Server_DefaultID - INFO - Client 43: Acc=87.02, Loss=-343.6357, NLL=-1161.7197, KL=13.9634, AvgS=499.98, ProxLoss=0.0000
2026-03-19 01:11:45,664 - Server_DefaultID - INFO - Training client 53 (26/30)...
2026-03-19 01:11:48,146 - Server_DefaultID - INFO - Client 53: Acc=95.97, Loss=-343.1753, NLL=-1161.7191, KL=13.9634, AvgS=499.98, ProxLoss=0.0000
2026-03-19 01:11:48,146 - Server_DefaultID - INFO - Training client 73 (27/30)...
2026-03-19 01:11:51,417 - Server_DefaultID - INFO - Client 73: Acc=88.65, Loss=-343.0245, NLL=-1161.6731, KL=13.9633, AvgS=499.96, ProxLoss=0.0000
2026-03-19 01:11:51,417 - Server_DefaultID - INFO - Training client 86 (28/30)...
2026-03-19 01:11:52,753 - Server_DefaultID - INFO - Client 86: Acc=72.31, Loss=-343.5166, NLL=-1161.5501, KL=13.9628, AvgS=499.91, ProxLoss=0.0000
2026-03-19 01:11:52,753 - Server_DefaultID - INFO - Training client 62 (29/30)...
2026-03-19 01:11:53,477 - Server_DefaultID - INFO - Client 62: Acc=54.84, Loss=-200.0271, NLL=-683.1603, KL=11.5194, AvgS=293.27, ProxLoss=0.0000
2026-03-19 01:11:53,477 - Server_DefaultID - INFO - Training client 95 (30/30)...
2026-03-19 01:11:55,775 - Server_DefaultID - INFO - Client 95: Acc=65.28, Loss=-342.6671, NLL=-1161.6253, KL=13.9631, AvgS=499.94, ProxLoss=0.0000
2026-03-19 01:11:56,074 - Server_DefaultID - WARNING - Global prior extremely imbalanced (max/min=1.0), applied adaptive smoothing lam=0.10.
2026-03-19 01:11:56,074 - Server_DefaultID - INFO - Round [26/200] Summary | Avg Client Train Stats:	Loss [-337.9654]	 Acc [86.89]	NLL [-1144.5181]	 KL [13.8617]	AvgS [492.56]	 ProxLoss [0.0000]
GlobalPriorAlpha (first 10): [5.0, 5.0, 5.0, 5.0, 5.0, 5.0, 5.0, 5.0, 5.0, 5.0]
Round Time: 64.97s
2026-03-19 01:11:56,077 - Server_DefaultID - INFO - --- Global Round 27/200 ---
2026-03-19 01:11:56,077 - Server_DefaultID - INFO - Selected 30 active clients for round 27.
2026-03-19 01:11:56,077 - Server_DefaultID - INFO - Training client 75 (1/30)...
2026-03-19 01:11:59,056 - Server_DefaultID - INFO - Client 75: Acc=91.41, Loss=-342.6701, NLL=-1161.5690, KL=13.9628, AvgS=499.91, ProxLoss=0.0000
2026-03-19 01:11:59,056 - Server_DefaultID - INFO - Training client 57 (2/30)...
2026-03-19 01:12:03,360 - Server_DefaultID - INFO - Client 57: Acc=95.74, Loss=-343.4123, NLL=-1161.7356, KL=13.9635, AvgS=499.99, ProxLoss=0.0000
2026-03-19 01:12:03,361 - Server_DefaultID - INFO - Training client 91 (3/30)...
2026-03-19 01:12:04,233 - Server_DefaultID - INFO - Client 91: Acc=89.17, Loss=-342.3733, NLL=-1161.5914, KL=13.9629, AvgS=499.92, ProxLoss=0.0000
2026-03-19 01:12:04,233 - Server_DefaultID - INFO - Training client 34 (4/30)...
2026-03-19 01:12:05,110 - Server_DefaultID - INFO - Client 34: Acc=68.96, Loss=-344.0569, NLL=-1161.3294, KL=13.9618, AvgS=499.81, ProxLoss=0.0000
2026-03-19 01:12:05,110 - Server_DefaultID - INFO - Training client 31 (5/30)...
2026-03-19 01:12:07,353 - Server_DefaultID - INFO - Client 31: Acc=78.72, Loss=-343.5361, NLL=-1161.6067, KL=13.9630, AvgS=499.93, ProxLoss=0.0000
2026-03-19 01:12:07,353 - Server_DefaultID - INFO - Training client 20 (6/30)...
2026-03-19 01:12:08,970 - Server_DefaultID - INFO - Client 20: Acc=65.94, Loss=-345.7867, NLL=-1161.6151, KL=13.9630, AvgS=499.93, ProxLoss=0.0000
2026-03-19 01:12:08,970 - Server_DefaultID - INFO - Training client 35 (7/30)...
2026-03-19 01:12:09,905 - Server_DefaultID - INFO - Client 35: Acc=68.33, Loss=-344.4696, NLL=-1160.9490, KL=13.9604, AvgS=499.65, ProxLoss=0.0000
2026-03-19 01:12:09,905 - Server_DefaultID - INFO - Training client 14 (8/30)...
2026-03-19 01:12:12,164 - Server_DefaultID - INFO - Client 14: Acc=90.56, Loss=-342.4285, NLL=-1161.6450, KL=13.9631, AvgS=499.95, ProxLoss=0.0000
2026-03-19 01:12:12,164 - Server_DefaultID - INFO - Training client 39 (9/30)...
2026-03-19 01:12:15,957 - Server_DefaultID - INFO - Client 39: Acc=77.48, Loss=-343.7470, NLL=-1161.6715, KL=13.9632, AvgS=499.96, ProxLoss=0.0000
2026-03-19 01:12:15,957 - Server_DefaultID - INFO - Training client 48 (10/30)...
2026-03-19 01:12:20,090 - Server_DefaultID - INFO - Client 48: Acc=86.84, Loss=-343.8589, NLL=-1161.7280, KL=13.9635, AvgS=499.98, ProxLoss=0.0000
2026-03-19 01:12:20,090 - Server_DefaultID - INFO - Training client 51 (11/30)...
2026-03-19 01:12:20,766 - Server_DefaultID - INFO - Client 51: Acc=44.69, Loss=-342.8522, NLL=-1154.7158, KL=13.9353, AvgS=496.95, ProxLoss=0.0000
2026-03-19 01:12:20,766 - Server_DefaultID - INFO - Training client 72 (12/30)...
2026-03-19 01:12:22,002 - Server_DefaultID - INFO - Client 72: Acc=95.23, Loss=-342.8597, NLL=-1161.6946, KL=13.9633, AvgS=499.97, ProxLoss=0.0000
2026-03-19 01:12:22,003 - Server_DefaultID - INFO - Training client 41 (13/30)...
2026-03-19 01:12:24,035 - Server_DefaultID - INFO - Client 41: Acc=90.74, Loss=-343.1582, NLL=-1161.6692, KL=13.9632, AvgS=499.96, ProxLoss=0.0000
2026-03-19 01:12:24,035 - Server_DefaultID - INFO - Training client 95 (14/30)...
2026-03-19 01:12:26,438 - Server_DefaultID - INFO - Client 95: Acc=65.35, Loss=-342.6160, NLL=-1161.6425, KL=13.9631, AvgS=499.95, ProxLoss=0.0000
2026-03-19 01:12:26,438 - Server_DefaultID - INFO - Training client 36 (15/30)...
2026-03-19 01:12:33,099 - Server_DefaultID - INFO - Client 36: Acc=96.74, Loss=-342.6059, NLL=-1161.7009, KL=13.9634, AvgS=499.97, ProxLoss=0.0000
2026-03-19 01:12:33,099 - Server_DefaultID - INFO - Training client 78 (16/30)...
2026-03-19 01:12:40,580 - Server_DefaultID - INFO - Client 78: Acc=95.83, Loss=-343.7897, NLL=-1161.7609, KL=13.9636, AvgS=500.00, ProxLoss=0.0000
2026-03-19 01:12:40,580 - Server_DefaultID - INFO - Training client 94 (17/30)...
2026-03-19 01:12:43,480 - Server_DefaultID - INFO - Client 94: Acc=83.04, Loss=-343.6168, NLL=-1161.7101, KL=13.9634, AvgS=499.97, ProxLoss=0.0000
2026-03-19 01:12:43,480 - Server_DefaultID - INFO - Training client 50 (18/30)...
2026-03-19 01:12:48,151 - Server_DefaultID - INFO - Client 50: Acc=97.47, Loss=-342.7076, NLL=-1161.7635, KL=13.9636, AvgS=500.00, ProxLoss=0.0000
2026-03-19 01:12:48,151 - Server_DefaultID - INFO - Training client 84 (19/30)...
2026-03-19 01:12:48,548 - Server_DefaultID - INFO - Client 84: Acc=48.68, Loss=-83.7386, NLL=-291.7866, KL=7.5623, AvgS=125.13, ProxLoss=0.0000
2026-03-19 01:12:48,548 - Server_DefaultID - INFO - Training client 58 (20/30)...
2026-03-19 01:12:50,386 - Server_DefaultID - INFO - Client 58: Acc=81.16, Loss=-342.4998, NLL=-1161.6941, KL=13.9633, AvgS=499.97, ProxLoss=0.0000
2026-03-19 01:12:50,386 - Server_DefaultID - INFO - Training client 44 (21/30)...
2026-03-19 01:12:52,779 - Server_DefaultID - INFO - Client 44: Acc=91.11, Loss=-343.4528, NLL=-1161.5362, KL=13.9627, AvgS=499.90, ProxLoss=0.0000
2026-03-19 01:12:52,779 - Server_DefaultID - INFO - Training client 30 (22/30)...
2026-03-19 01:12:54,926 - Server_DefaultID - INFO - Client 30: Acc=65.39, Loss=-342.0776, NLL=-1161.4077, KL=13.9622, AvgS=499.84, ProxLoss=0.0000
2026-03-19 01:12:54,926 - Server_DefaultID - INFO - Training client 38 (23/30)...
2026-03-19 01:12:55,614 - Server_DefaultID - INFO - Client 38: Acc=48.28, Loss=-332.3330, NLL=-1120.2169, KL=13.7883, AvgS=482.04, ProxLoss=0.0000
2026-03-19 01:12:55,614 - Server_DefaultID - INFO - Training client 71 (24/30)...
2026-03-19 01:12:56,271 - Server_DefaultID - INFO - Client 71: Acc=65.47, Loss=-255.1497, NLL=-864.3402, KL=12.5341, AvgS=371.54, ProxLoss=0.0000
2026-03-19 01:12:56,272 - Server_DefaultID - INFO - Training client 85 (25/30)...
2026-03-19 01:12:59,429 - Server_DefaultID - INFO - Client 85: Acc=99.74, Loss=-341.4272, NLL=-1161.7493, KL=13.9635, AvgS=499.99, ProxLoss=0.0000
2026-03-19 01:12:59,429 - Server_DefaultID - INFO - Training client 90 (26/30)...
2026-03-19 01:13:01,677 - Client_90 - WARNING - Client 90: Too few classes (1) or samples (592) for alpha report, returning uniform.
2026-03-19 01:13:01,677 - Server_DefaultID - INFO - Client 90: Acc=100.00, Loss=-341.2090, NLL=-1161.7338, KL=13.9635, AvgS=499.98, ProxLoss=0.0000
2026-03-19 01:13:01,677 - Server_DefaultID - INFO - Training client 98 (27/30)...
2026-03-19 01:13:02,617 - Server_DefaultID - INFO - Client 98: Acc=89.38, Loss=-342.2175, NLL=-1161.3761, KL=13.9621, AvgS=499.83, ProxLoss=0.0000
2026-03-19 01:13:02,617 - Server_DefaultID - INFO - Training client 77 (28/30)...
2026-03-19 01:13:07,468 - Server_DefaultID - INFO - Client 77: Acc=91.62, Loss=-343.4986, NLL=-1161.7143, KL=13.9634, AvgS=499.98, ProxLoss=0.0000
2026-03-19 01:13:07,468 - Server_DefaultID - INFO - Training client 15 (29/30)...
2026-03-19 01:13:08,085 - Server_DefaultID - INFO - Client 15: Acc=50.94, Loss=-341.3801, NLL=-1155.4662, KL=13.9362, AvgS=497.28, ProxLoss=0.0000
2026-03-19 01:13:08,086 - Server_DefaultID - INFO - Training client 16 (30/30)...
2026-03-19 01:13:08,770 - Server_DefaultID - INFO - Client 16: Acc=54.84, Loss=-342.6844, NLL=-1160.4543, KL=13.9583, AvgS=499.43, ProxLoss=0.0000
2026-03-19 01:13:09,074 - Server_DefaultID - WARNING - Global prior extremely imbalanced (max/min=1.0), applied adaptive smoothing lam=0.10.
2026-03-19 01:13:09,074 - Server_DefaultID - INFO - Round [27/200] Summary | Avg Client Train Stats:	Loss [-341.3549]	 Acc [86.95]	NLL [-1155.6778]	 KL [13.9282]	AvgS [497.37]	 ProxLoss [0.0000]
GlobalPriorAlpha (first 10): [5.0, 5.0, 5.0, 5.0, 5.0, 5.0, 5.0, 5.0, 5.0, 5.0]
Round Time: 73.00s
2026-03-19 01:13:09,077 - Server_DefaultID - INFO - --- Global Round 28/200 ---
2026-03-19 01:13:09,078 - Server_DefaultID - INFO - Selected 30 active clients for round 28.
2026-03-19 01:13:09,078 - Server_DefaultID - INFO - Training client 98 (1/30)...
2026-03-19 01:13:10,011 - Server_DefaultID - INFO - Client 98: Acc=92.19, Loss=-342.0861, NLL=-1161.3774, KL=13.9621, AvgS=499.83, ProxLoss=0.0000
2026-03-19 01:13:10,011 - Server_DefaultID - INFO - Training client 77 (2/30)...
2026-03-19 01:13:13,764 - Server_DefaultID - INFO - Client 77: Acc=91.75, Loss=-343.5145, NLL=-1161.7342, KL=13.9635, AvgS=499.98, ProxLoss=0.0000
2026-03-19 01:13:13,764 - Server_DefaultID - INFO - Training client 15 (3/30)...
2026-03-19 01:13:14,455 - Server_DefaultID - INFO - Client 15: Acc=50.31, Loss=-343.3698, NLL=-1160.5946, KL=13.9590, AvgS=499.49, ProxLoss=0.0000
2026-03-19 01:13:14,455 - Server_DefaultID - INFO - Training client 82 (4/30)...
2026-03-19 01:13:15,903 - Server_DefaultID - INFO - Client 82: Acc=85.81, Loss=-343.5828, NLL=-1161.7477, KL=13.9635, AvgS=499.99, ProxLoss=0.0000
2026-03-19 01:13:15,903 - Server_DefaultID - INFO - Training client 25 (5/30)...
2026-03-19 01:13:16,478 - Server_DefaultID - INFO - Client 25: Acc=81.72, Loss=-329.1269, NLL=-1117.9012, KL=13.7694, AvgS=481.04, ProxLoss=0.0000
2026-03-19 01:13:16,478 - Server_DefaultID - INFO - Training client 95 (6/30)...
2026-03-19 01:13:18,840 - Server_DefaultID - INFO - Client 95: Acc=65.14, Loss=-342.4741, NLL=-1161.7064, KL=13.9634, AvgS=499.97, ProxLoss=0.0000
2026-03-19 01:13:18,840 - Server_DefaultID - INFO - Training client 18 (7/30)...
2026-03-19 01:13:22,423 - Server_DefaultID - INFO - Client 18: Acc=88.65, Loss=-344.0581, NLL=-1161.7492, KL=13.9635, AvgS=499.99, ProxLoss=0.0000
2026-03-19 01:13:22,423 - Server_DefaultID - INFO - Training client 88 (8/30)...
2026-03-19 01:13:24,091 - Server_DefaultID - INFO - Client 88: Acc=58.33, Loss=-344.5063, NLL=-1161.7452, KL=13.9635, AvgS=499.99, ProxLoss=0.0000
2026-03-19 01:13:24,091 - Server_DefaultID - INFO - Training client 73 (9/30)...
2026-03-19 01:13:27,363 - Server_DefaultID - INFO - Client 73: Acc=89.25, Loss=-342.9406, NLL=-1161.7386, KL=13.9635, AvgS=499.99, ProxLoss=0.0000
2026-03-19 01:13:27,363 - Server_DefaultID - INFO - Training client 14 (10/30)...
2026-03-19 01:13:29,590 - Server_DefaultID - INFO - Client 14: Acc=91.84, Loss=-342.4500, NLL=-1161.7692, KL=13.9636, AvgS=500.00, ProxLoss=0.0000
2026-03-19 01:13:29,590 - Server_DefaultID - INFO - Training client 70 (11/30)...
2026-03-19 01:13:30,872 - Server_DefaultID - INFO - Client 70: Acc=78.94, Loss=-342.5466, NLL=-1161.1325, KL=13.9609, AvgS=499.72, ProxLoss=0.0000
2026-03-19 01:13:30,872 - Server_DefaultID - INFO - Training client 47 (12/30)...
2026-03-19 01:13:32,428 - Server_DefaultID - INFO - Client 47: Acc=64.84, Loss=-345.0173, NLL=-1161.5360, KL=13.9627, AvgS=499.90, ProxLoss=0.0000
2026-03-19 01:13:32,428 - Server_DefaultID - INFO - Training client 50 (13/30)...
2026-03-19 01:13:38,100 - Server_DefaultID - INFO - Client 50: Acc=97.45, Loss=-342.6618, NLL=-1161.7470, KL=13.9635, AvgS=499.99, ProxLoss=0.0000
2026-03-19 01:13:38,100 - Server_DefaultID - INFO - Training client 81 (14/30)...
2026-03-19 01:13:39,991 - Server_DefaultID - INFO - Client 81: Acc=78.39, Loss=-343.7167, NLL=-1161.7652, KL=13.9636, AvgS=500.00, ProxLoss=0.0000
2026-03-19 01:13:39,992 - Server_DefaultID - INFO - Training client 90 (15/30)...
2026-03-19 01:13:42,211 - Client_90 - WARNING - Client 90: Too few classes (1) or samples (592) for alpha report, returning uniform.
2026-03-19 01:13:42,211 - Server_DefaultID - INFO - Client 90: Acc=100.00, Loss=-341.1846, NLL=-1161.7480, KL=13.9635, AvgS=499.99, ProxLoss=0.0000
2026-03-19 01:13:42,212 - Server_DefaultID - INFO - Training client 65 (16/30)...
2026-03-19 01:13:42,626 - Server_DefaultID - INFO - Client 65: Acc=66.56, Loss=-87.7381, NLL=-301.4828, KL=7.8324, AvgS=129.34, ProxLoss=0.0000
2026-03-19 01:13:42,626 - Server_DefaultID - INFO - Training client 40 (17/30)...
2026-03-19 01:13:44,247 - Server_DefaultID - INFO - Client 40: Acc=72.97, Loss=-345.2983, NLL=-1161.7126, KL=13.9634, AvgS=499.98, ProxLoss=0.0000
2026-03-19 01:13:44,247 - Server_DefaultID - INFO - Training client 68 (18/30)...
2026-03-19 01:13:46,515 - Server_DefaultID - INFO - Client 68: Acc=89.58, Loss=-342.3214, NLL=-1161.5833, KL=13.9629, AvgS=499.92, ProxLoss=0.0000
2026-03-19 01:13:46,515 - Server_DefaultID - INFO - Training client 3 (19/30)...
2026-03-19 01:13:48,163 - Server_DefaultID - INFO - Client 3: Acc=63.75, Loss=-345.4062, NLL=-1161.6652, KL=13.9632, AvgS=499.95, ProxLoss=0.0000
2026-03-19 01:13:48,163 - Server_DefaultID - INFO - Training client 46 (20/30)...
2026-03-19 01:13:50,171 - Server_DefaultID - INFO - Client 46: Acc=87.07, Loss=-343.6986, NLL=-1161.7482, KL=13.9635, AvgS=499.99, ProxLoss=0.0000
2026-03-19 01:13:50,172 - Server_DefaultID - INFO - Training client 91 (21/30)...
2026-03-19 01:13:51,088 - Server_DefaultID - INFO - Client 91: Acc=89.90, Loss=-342.2440, NLL=-1161.3256, KL=13.9618, AvgS=499.81, ProxLoss=0.0000
2026-03-19 01:13:51,088 - Server_DefaultID - INFO - Training client 33 (22/30)...
2026-03-19 01:13:52,916 - Server_DefaultID - INFO - Client 33: Acc=58.44, Loss=-345.1639, NLL=-1161.5430, KL=13.9627, AvgS=499.90, ProxLoss=0.0000
2026-03-19 01:13:52,917 - Server_DefaultID - INFO - Training client 62 (23/30)...
2026-03-19 01:13:53,527 - Server_DefaultID - INFO - Client 62: Acc=56.41, Loss=-245.9984, NLL=-837.1370, KL=12.4043, AvgS=359.74, ProxLoss=0.0000
2026-03-19 01:13:53,527 - Server_DefaultID - INFO - Training client 74 (24/30)...
2026-03-19 01:13:54,753 - Server_DefaultID - INFO - Client 74: Acc=61.17, Loss=-343.5086, NLL=-1161.0704, KL=13.9607, AvgS=499.70, ProxLoss=0.0000
2026-03-19 01:13:54,753 - Server_DefaultID - INFO - Training client 28 (25/30)...
2026-03-19 01:13:55,153 - Server_DefaultID - INFO - Client 28: Acc=44.38, Loss=-157.6169, NLL=-541.2046, KL=10.0639, AvgS=232.27, ProxLoss=0.0000
2026-03-19 01:13:55,153 - Server_DefaultID - INFO - Training client 26 (26/30)...
2026-03-19 01:13:59,396 - Server_DefaultID - INFO - Client 26: Acc=97.15, Loss=-342.8441, NLL=-1161.7550, KL=13.9636, AvgS=499.99, ProxLoss=0.0000
2026-03-19 01:13:59,396 - Server_DefaultID - INFO - Training client 34 (27/30)...
2026-03-19 01:14:00,334 - Server_DefaultID - INFO - Client 34: Acc=70.10, Loss=-344.6233, NLL=-1161.6826, KL=13.9633, AvgS=499.96, ProxLoss=0.0000
2026-03-19 01:14:00,334 - Server_DefaultID - INFO - Training client 64 (28/30)...
2026-03-19 01:14:00,695 - Server_DefaultID - INFO - Client 64: Acc=71.25, Loss=-162.2465, NLL=-554.4506, KL=10.5314, AvgS=237.95, ProxLoss=0.0000
2026-03-19 01:14:00,695 - Server_DefaultID - INFO - Training client 66 (29/30)...
2026-03-19 01:14:02,536 - Server_DefaultID - INFO - Client 66: Acc=88.26, Loss=-343.1360, NLL=-1161.6249, KL=13.9631, AvgS=499.94, ProxLoss=0.0000
2026-03-19 01:14:02,536 - Server_DefaultID - INFO - Training client 42 (30/30)...
2026-03-19 01:14:04,048 - Server_DefaultID - INFO - Client 42: Acc=90.83, Loss=-343.5761, NLL=-1161.7363, KL=13.9635, AvgS=499.99, ProxLoss=0.0000
2026-03-19 01:14:04,344 - Server_DefaultID - WARNING - Global prior extremely imbalanced (max/min=1.0), applied adaptive smoothing lam=0.10.
2026-03-19 01:14:04,345 - Server_DefaultID - INFO - Round [28/200] Summary | Avg Client Train Stats:	Loss [-337.9119]	 Acc [83.32]	NLL [-1143.5992]	 KL [13.8554]	AvgS [492.16]	 ProxLoss [0.0000]
GlobalPriorAlpha (first 10): [5.0, 5.0, 5.0, 5.0, 5.0, 5.0, 5.0, 5.0, 5.0, 5.0]
Round Time: 55.27s
2026-03-19 01:14:04,347 - Server_DefaultID - INFO - --- Global Round 29/200 ---
2026-03-19 01:14:04,347 - Server_DefaultID - INFO - Selected 30 active clients for round 29.
2026-03-19 01:14:04,347 - Server_DefaultID - INFO - Training client 36 (1/30)...
2026-03-19 01:14:10,921 - Server_DefaultID - INFO - Client 36: Acc=97.69, Loss=-342.5621, NLL=-1161.7369, KL=13.9635, AvgS=499.99, ProxLoss=0.0000
2026-03-19 01:14:10,921 - Server_DefaultID - INFO - Training client 2 (2/30)...
2026-03-19 01:14:13,244 - Server_DefaultID - INFO - Client 2: Acc=79.20, Loss=-343.4240, NLL=-1161.4952, KL=13.9625, AvgS=499.88, ProxLoss=0.0000
2026-03-19 01:14:13,244 - Server_DefaultID - INFO - Training client 30 (3/30)...
2026-03-19 01:14:15,300 - Server_DefaultID - INFO - Client 30: Acc=80.94, Loss=-342.0372, NLL=-1161.3063, KL=13.9618, AvgS=499.80, ProxLoss=0.0000
2026-03-19 01:14:15,301 - Server_DefaultID - INFO - Training client 46 (4/30)...
2026-03-19 01:14:17,258 - Server_DefaultID - INFO - Client 46: Acc=86.45, Loss=-343.5228, NLL=-1161.4994, KL=13.9626, AvgS=499.88, ProxLoss=0.0000
2026-03-19 01:14:17,258 - Server_DefaultID - INFO - Training client 43 (5/30)...
2026-03-19 01:14:20,022 - Server_DefaultID - INFO - Client 43: Acc=88.86, Loss=-343.5397, NLL=-1161.7282, KL=13.9635, AvgS=499.98, ProxLoss=0.0000
2026-03-19 01:14:20,022 - Server_DefaultID - INFO - Training client 76 (6/30)...
2026-03-19 01:14:21,957 - Server_DefaultID - INFO - Client 76: Acc=82.23, Loss=-345.4056, NLL=-1161.6241, KL=13.9630, AvgS=499.94, ProxLoss=0.0000
2026-03-19 01:14:21,957 - Server_DefaultID - INFO - Training client 87 (7/30)...
2026-03-19 01:14:23,735 - Server_DefaultID - INFO - Client 87: Acc=67.46, Loss=-345.4586, NLL=-1161.5522, KL=13.9628, AvgS=499.91, ProxLoss=0.0000
2026-03-19 01:14:23,735 - Server_DefaultID - INFO - Training client 41 (8/30)...
2026-03-19 01:14:25,690 - Server_DefaultID - INFO - Client 41: Acc=92.66, Loss=-343.0850, NLL=-1161.7330, KL=13.9635, AvgS=499.98, ProxLoss=0.0000
2026-03-19 01:14:25,690 - Server_DefaultID - INFO - Training client 90 (9/30)...
2026-03-19 01:14:27,879 - Client_90 - WARNING - Client 90: Too few classes (1) or samples (592) for alpha report, returning uniform.
2026-03-19 01:14:27,879 - Server_DefaultID - INFO - Client 90: Acc=100.00, Loss=-341.1421, NLL=-1161.7512, KL=13.9636, AvgS=499.99, ProxLoss=0.0000
2026-03-19 01:14:27,879 - Server_DefaultID - INFO - Training client 84 (10/30)...
2026-03-19 01:14:28,256 - Server_DefaultID - INFO - Client 84: Acc=52.08, Loss=-100.6337, NLL=-349.4237, KL=8.4863, AvgS=149.72, ProxLoss=0.0000
2026-03-19 01:14:28,257 - Server_DefaultID - INFO - Training client 74 (11/30)...
2026-03-19 01:14:29,396 - Server_DefaultID - INFO - Client 74: Acc=65.78, Loss=-343.5825, NLL=-1161.1127, KL=13.9610, AvgS=499.72, ProxLoss=0.0000
2026-03-19 01:14:29,396 - Server_DefaultID - INFO - Training client 42 (12/30)...
2026-03-19 01:14:30,973 - Server_DefaultID - INFO - Client 42: Acc=90.73, Loss=-343.5835, NLL=-1161.6032, KL=13.9630, AvgS=499.93, ProxLoss=0.0000
2026-03-19 01:14:30,973 - Server_DefaultID - INFO - Training client 54 (13/30)...
2026-03-19 01:14:31,628 - Server_DefaultID - INFO - Client 54: Acc=72.19, Loss=-154.7967, NLL=-534.3806, KL=10.2970, AvgS=229.35, ProxLoss=0.0000
2026-03-19 01:14:31,628 - Server_DefaultID - INFO - Training client 16 (14/30)...
2026-03-19 01:14:32,322 - Server_DefaultID - INFO - Client 16: Acc=53.28, Loss=-342.2542, NLL=-1159.1495, KL=13.9527, AvgS=498.87, ProxLoss=0.0000
2026-03-19 01:14:32,322 - Server_DefaultID - INFO - Training client 38 (15/30)...
2026-03-19 01:14:33,042 - Server_DefaultID - INFO - Client 38: Acc=52.34, Loss=-344.5573, NLL=-1159.3214, KL=13.9540, AvgS=498.94, ProxLoss=0.0000
2026-03-19 01:14:33,042 - Server_DefaultID - INFO - Training client 24 (16/30)...
2026-03-19 01:14:33,466 - Server_DefaultID - INFO - Client 24: Acc=56.88, Loss=-120.6692, NLL=-410.6681, KL=9.2774, AvgS=176.11, ProxLoss=0.0000
2026-03-19 01:14:33,467 - Server_DefaultID - INFO - Training client 44 (17/30)...
2026-03-19 01:14:35,797 - Server_DefaultID - INFO - Client 44: Acc=91.94, Loss=-343.4115, NLL=-1161.7217, KL=13.9634, AvgS=499.98, ProxLoss=0.0000
2026-03-19 01:14:35,798 - Server_DefaultID - INFO - Training client 62 (18/30)...
2026-03-19 01:14:36,537 - Server_DefaultID - INFO - Client 62: Acc=56.88, Loss=-297.6430, NLL=-1009.2349, KL=13.3022, AvgS=434.08, ProxLoss=0.0000
2026-03-19 01:14:36,537 - Server_DefaultID - INFO - Training client 69 (19/30)...
2026-03-19 01:14:37,204 - Server_DefaultID - INFO - Client 69: Acc=56.09, Loss=-341.0632, NLL=-1151.4923, KL=13.9217, AvgS=495.56, ProxLoss=0.0000
2026-03-19 01:14:37,204 - Server_DefaultID - INFO - Training client 58 (20/30)...
2026-03-19 01:14:39,064 - Server_DefaultID - INFO - Client 58: Acc=80.13, Loss=-342.4052, NLL=-1161.6907, KL=13.9633, AvgS=499.97, ProxLoss=0.0000
2026-03-19 01:14:39,064 - Server_DefaultID - INFO - Training client 6 (21/30)...
2026-03-19 01:14:39,914 - Server_DefaultID - INFO - Client 6: Acc=77.19, Loss=-343.3524, NLL=-1161.5064, KL=13.9626, AvgS=499.89, ProxLoss=0.0000
2026-03-19 01:14:39,915 - Server_DefaultID - INFO - Training client 39 (22/30)...
2026-03-19 01:14:44,632 - Server_DefaultID - INFO - Client 39: Acc=78.85, Loss=-343.7617, NLL=-1161.7603, KL=13.9636, AvgS=500.00, ProxLoss=0.0000
2026-03-19 01:14:44,632 - Server_DefaultID - INFO - Training client 4 (23/30)...
2026-03-19 01:14:46,192 - Server_DefaultID - INFO - Client 4: Acc=76.98, Loss=-345.2718, NLL=-1161.7032, KL=13.9634, AvgS=499.97, ProxLoss=0.0000
2026-03-19 01:14:46,192 - Server_DefaultID - INFO - Training client 60 (24/30)...
2026-03-19 01:14:47,106 - Server_DefaultID - INFO - Client 60: Acc=63.23, Loss=-342.6823, NLL=-1161.4007, KL=13.9622, AvgS=499.84, ProxLoss=0.0000
2026-03-19 01:14:47,106 - Server_DefaultID - INFO - Training client 13 (25/30)...
2026-03-19 01:14:47,522 - Server_DefaultID - INFO - Client 13: Acc=55.31, Loss=-331.8289, NLL=-1127.0377, KL=13.8090, AvgS=485.00, ProxLoss=0.0000
2026-03-19 01:14:47,522 - Server_DefaultID - INFO - Training client 67 (26/30)...
2026-03-19 01:14:49,171 - Server_DefaultID - INFO - Client 67: Acc=78.33, Loss=-344.4865, NLL=-1161.5827, KL=13.9629, AvgS=499.92, ProxLoss=0.0000
2026-03-19 01:14:49,171 - Server_DefaultID - INFO - Training client 50 (27/30)...
2026-03-19 01:14:54,069 - Server_DefaultID - INFO - Client 50: Acc=97.37, Loss=-342.5596, NLL=-1161.7648, KL=13.9636, AvgS=500.00, ProxLoss=0.0000
2026-03-19 01:14:54,069 - Server_DefaultID - INFO - Training client 64 (28/30)...
2026-03-19 01:14:54,609 - Server_DefaultID - INFO - Client 64: Acc=68.12, Loss=-182.7333, NLL=-623.6090, KL=11.0920, AvgS=267.72, ProxLoss=0.0000
2026-03-19 01:14:54,609 - Server_DefaultID - INFO - Training client 45 (29/30)...
2026-03-19 01:14:56,612 - Server_DefaultID - INFO - Client 45: Acc=66.72, Loss=-343.3393, NLL=-1161.5321, KL=13.9627, AvgS=499.90, ProxLoss=0.0000
2026-03-19 01:14:56,612 - Server_DefaultID - INFO - Training client 21 (30/30)...
2026-03-19 01:14:58,737 - Server_DefaultID - INFO - Client 21: Acc=64.49, Loss=-345.1161, NLL=-1161.5819, KL=13.9629, AvgS=499.92, ProxLoss=0.0000
2026-03-19 01:14:58,984 - Server_DefaultID - WARNING - Global prior extremely imbalanced (max/min=1.0), applied adaptive smoothing lam=0.10.
2026-03-19 01:14:58,985 - Server_DefaultID - INFO - Round [29/200] Summary | Avg Client Train Stats:	Loss [-337.2728]	 Acc [82.32]	NLL [-1141.1620]	 KL [13.8439]	AvgS [491.11]	 ProxLoss [0.0000]
GlobalPriorAlpha (first 10): [5.0, 5.0, 5.0, 5.0, 5.0, 5.0, 5.0, 5.0, 5.0, 5.0]
Round Time: 54.64s
2026-03-19 01:14:58,988 - Server_DefaultID - INFO - --- Global Round 30/200 ---
2026-03-19 01:14:58,989 - Server_DefaultID - INFO - Selected 30 active clients for round 30.
2026-03-19 01:14:58,989 - Server_DefaultID - INFO - Training client 5 (1/30)...
2026-03-19 01:14:59,415 - Server_DefaultID - INFO - Client 5: Acc=73.12, Loss=-339.0717, NLL=-1144.4429, KL=13.8879, AvgS=492.52, ProxLoss=0.0000
2026-03-19 01:14:59,416 - Server_DefaultID - INFO - Training client 81 (2/30)...
2026-03-19 01:15:01,358 - Server_DefaultID - INFO - Client 81: Acc=78.57, Loss=-343.5625, NLL=-1161.6442, KL=13.9631, AvgS=499.95, ProxLoss=0.0000
2026-03-19 01:15:01,358 - Server_DefaultID - INFO - Training client 11 (3/30)...
2026-03-19 01:15:02,942 - Server_DefaultID - INFO - Client 11: Acc=86.35, Loss=-343.9710, NLL=-1161.5495, KL=13.9628, AvgS=499.90, ProxLoss=0.0000
2026-03-19 01:15:02,942 - Server_DefaultID - INFO - Training client 30 (4/30)...
2026-03-19 01:15:05,025 - Server_DefaultID - INFO - Client 30: Acc=86.72, Loss=-342.2810, NLL=-1161.7364, KL=13.9635, AvgS=499.99, ProxLoss=0.0000
2026-03-19 01:15:05,025 - Server_DefaultID - INFO - Training client 76 (5/30)...
2026-03-19 01:15:07,062 - Server_DefaultID - INFO - Client 76: Acc=84.30, Loss=-345.3493, NLL=-1161.6533, KL=13.9632, AvgS=499.95, ProxLoss=0.0000
2026-03-19 01:15:07,062 - Server_DefaultID - INFO - Training client 36 (6/30)...
2026-03-19 01:15:12,577 - Server_DefaultID - INFO - Client 36: Acc=97.68, Loss=-342.5270, NLL=-1161.7463, KL=13.9635, AvgS=499.99, ProxLoss=0.0000
2026-03-19 01:15:12,577 - Server_DefaultID - INFO - Training client 33 (7/30)...
2026-03-19 01:15:14,398 - Server_DefaultID - INFO - Client 33: Acc=58.48, Loss=-344.9932, NLL=-1161.6011, KL=13.9630, AvgS=499.93, ProxLoss=0.0000
2026-03-19 01:15:14,398 - Server_DefaultID - INFO - Training client 43 (8/30)...
2026-03-19 01:15:18,193 - Server_DefaultID - INFO - Client 43: Acc=89.77, Loss=-343.5128, NLL=-1161.7503, KL=13.9635, AvgS=499.99, ProxLoss=0.0000
2026-03-19 01:15:18,193 - Server_DefaultID - INFO - Training client 90 (9/30)...
2026-03-19 01:15:20,511 - Client_90 - WARNING - Client 90: Too few classes (1) or samples (592) for alpha report, returning uniform.
2026-03-19 01:15:20,512 - Server_DefaultID - INFO - Client 90: Acc=100.00, Loss=-341.0146, NLL=-1161.5595, KL=13.9628, AvgS=499.91, ProxLoss=0.0000
2026-03-19 01:15:20,512 - Server_DefaultID - INFO - Training client 75 (10/30)...
2026-03-19 01:15:22,650 - Server_DefaultID - INFO - Client 75: Acc=91.48, Loss=-342.5667, NLL=-1161.7273, KL=13.9635, AvgS=499.98, ProxLoss=0.0000
2026-03-19 01:15:22,650 - Server_DefaultID - INFO - Training client 19 (11/30)...
2026-03-19 01:15:26,063 - Server_DefaultID - INFO - Client 19: Acc=95.76, Loss=-342.3140, NLL=-1161.6831, KL=13.9633, AvgS=499.96, ProxLoss=0.0000
2026-03-19 01:15:26,063 - Server_DefaultID - INFO - Training client 29 (12/30)...
2026-03-19 01:15:27,199 - Server_DefaultID - INFO - Client 29: Acc=81.88, Loss=-343.1050, NLL=-1161.3272, KL=13.9618, AvgS=499.81, ProxLoss=0.0000
2026-03-19 01:15:27,199 - Server_DefaultID - INFO - Training client 21 (13/30)...
2026-03-19 01:15:29,279 - Server_DefaultID - INFO - Client 21: Acc=65.66, Loss=-345.2248, NLL=-1161.7049, KL=13.9634, AvgS=499.97, ProxLoss=0.0000
2026-03-19 01:15:29,279 - Server_DefaultID - INFO - Training client 38 (14/30)...
2026-03-19 01:15:29,921 - Server_DefaultID - INFO - Client 38: Acc=44.84, Loss=-344.6137, NLL=-1159.9630, KL=13.9565, AvgS=499.22, ProxLoss=0.0000
2026-03-19 01:15:29,921 - Server_DefaultID - INFO - Training client 12 (15/30)...
2026-03-19 01:15:31,186 - Server_DefaultID - INFO - Client 12: Acc=72.12, Loss=-341.8548, NLL=-1153.5891, KL=13.9291, AvgS=496.47, ProxLoss=0.0000
2026-03-19 01:15:31,186 - Server_DefaultID - INFO - Training client 26 (16/30)...
2026-03-19 01:15:35,457 - Server_DefaultID - INFO - Client 26: Acc=97.43, Loss=-342.7668, NLL=-1161.7085, KL=13.9634, AvgS=499.97, ProxLoss=0.0000
2026-03-19 01:15:35,458 - Server_DefaultID - INFO - Training client 14 (17/30)...
2026-03-19 01:15:37,755 - Server_DefaultID - INFO - Client 14: Acc=92.43, Loss=-342.3646, NLL=-1161.7648, KL=13.9636, AvgS=500.00, ProxLoss=0.0000
2026-03-19 01:15:37,755 - Server_DefaultID - INFO - Training client 77 (18/30)...
2026-03-19 01:15:41,298 - Server_DefaultID - INFO - Client 77: Acc=92.38, Loss=-343.3988, NLL=-1161.7511, KL=13.9636, AvgS=499.99, ProxLoss=0.0000
2026-03-19 01:15:41,298 - Server_DefaultID - INFO - Training client 53 (19/30)...
2026-03-19 01:15:43,765 - Server_DefaultID - INFO - Client 53: Acc=95.88, Loss=-343.0252, NLL=-1161.7480, KL=13.9635, AvgS=499.99, ProxLoss=0.0000
2026-03-19 01:15:43,765 - Server_DefaultID - INFO - Training client 1 (20/30)...
2026-03-19 01:15:44,495 - Server_DefaultID - INFO - Client 1: Acc=48.28, Loss=-323.9545, NLL=-1098.0590, KL=13.6725, AvgS=472.48, ProxLoss=0.0000
2026-03-19 01:15:44,495 - Server_DefaultID - INFO - Training client 85 (21/30)...
2026-03-19 01:15:47,639 - Server_DefaultID - INFO - Client 85: Acc=99.71, Loss=-341.3276, NLL=-1161.7584, KL=13.9636, AvgS=500.00, ProxLoss=0.0000
2026-03-19 01:15:47,640 - Server_DefaultID - INFO - Training client 50 (22/30)...
2026-03-19 01:15:53,362 - Server_DefaultID - INFO - Client 50: Acc=97.40, Loss=-342.4913, NLL=-1161.7452, KL=13.9635, AvgS=499.99, ProxLoss=0.0000
2026-03-19 01:15:53,362 - Server_DefaultID - INFO - Training client 64 (23/30)...
2026-03-19 01:15:53,794 - Server_DefaultID - INFO - Client 64: Acc=68.12, Loss=-206.0479, NLL=-701.8693, KL=11.6252, AvgS=301.45, ProxLoss=0.0000
2026-03-19 01:15:53,794 - Server_DefaultID - INFO - Training client 37 (24/30)...
2026-03-19 01:15:54,939 - Server_DefaultID - INFO - Client 37: Acc=78.83, Loss=-344.6533, NLL=-1161.6289, KL=13.9631, AvgS=499.94, ProxLoss=0.0000
2026-03-19 01:15:54,940 - Server_DefaultID - INFO - Training client 51 (25/30)...
2026-03-19 01:15:55,599 - Server_DefaultID - INFO - Client 51: Acc=43.44, Loss=-344.2268, NLL=-1158.7837, KL=13.9513, AvgS=498.71, ProxLoss=0.0000
2026-03-19 01:15:55,600 - Server_DefaultID - INFO - Training client 10 (26/30)...
2026-03-19 01:15:56,820 - Server_DefaultID - INFO - Client 10: Acc=50.70, Loss=-345.0191, NLL=-1161.7094, KL=13.9634, AvgS=499.97, ProxLoss=0.0000
2026-03-19 01:15:56,821 - Server_DefaultID - INFO - Training client 2 (27/30)...
2026-03-19 01:15:59,139 - Server_DefaultID - INFO - Client 2: Acc=79.62, Loss=-343.5701, NLL=-1161.6713, KL=13.9632, AvgS=499.96, ProxLoss=0.0000
2026-03-19 01:15:59,139 - Server_DefaultID - INFO - Training client 70 (28/30)...
2026-03-19 01:16:00,512 - Server_DefaultID - INFO - Client 70: Acc=78.94, Loss=-342.5816, NLL=-1161.5357, KL=13.9627, AvgS=499.90, ProxLoss=0.0000
2026-03-19 01:16:00,513 - Server_DefaultID - INFO - Training client 6 (29/30)...
2026-03-19 01:16:01,370 - Server_DefaultID - INFO - Client 6: Acc=80.42, Loss=-343.3720, NLL=-1161.5438, KL=13.9627, AvgS=499.90, ProxLoss=0.0000
2026-03-19 01:16:01,370 - Server_DefaultID - INFO - Training client 16 (30/30)...
2026-03-19 01:16:01,997 - Server_DefaultID - INFO - Client 16: Acc=59.84, Loss=-342.8182, NLL=-1161.2764, KL=13.9617, AvgS=499.79, ProxLoss=0.0000
2026-03-19 01:16:02,305 - Server_DefaultID - WARNING - Global prior extremely imbalanced (max/min=1.0), applied adaptive smoothing lam=0.10.
2026-03-19 01:16:02,305 - Server_DefaultID - INFO - Round [30/200] Summary | Avg Client Train Stats:	Loss [-341.9401]	 Acc [87.01]	NLL [-1157.7740]	 KL [13.9440]	AvgS [498.27]	 ProxLoss [0.0000]
GlobalPriorAlpha (first 10): [5.0, 5.0, 5.0, 5.0, 5.0, 5.0, 5.0, 5.0, 5.0, 5.0]
Round Time: 63.32s
2026-03-19 01:16:02,306 - Server_DefaultID - INFO - --- Evaluating models at round 30 ---
2026-03-19 01:17:08,769 - Server_DefaultID - INFO - Global Model Evaluation (Round 30): 
  Avg Test Acc: 72.32%
  Avg Test Acc Softmax: 72.32%
  Avg Test Loss: -1065.3819
  Avg Test NLL: -1078.3213
  Avg Test KL (vs flat prior): 13.4326
  Avg Test S: 464.01
2026-03-19 01:18:14,667 - Server_DefaultID - INFO - Personalized Model Evaluation (Round 30): 
  Avg Test Acc: 73.46%
  Avg Test Acc Softmax: 73.46%
  Avg Test Loss: -1071.3263
  Avg Test NLL: -1084.3163
  Avg Test KL (vs flat prior): 13.4806
  Avg Test S: 466.59
2026-03-19 01:18:14,667 - Server_DefaultID - INFO - [Metric 1] Personalized Brier Score | Mean: 0.3785
2026-03-19 01:18:14,667 - Server_DefaultID - INFO - [Metric 1] Personalized ECE | Mean: 0.0931
2026-03-19 01:18:14,667 - Server_DefaultID - INFO - [OOD Eval] OOD AUC-ROC (Epistemic): 0.0695
2026-03-19 01:18:14,667 - Server_DefaultID - INFO - [Metric 4] OOD FPR@95%TPR: 0.9788
2026-03-19 01:18:16,169 - Server_DefaultID - INFO - --- Global Round 31/200 ---
2026-03-19 01:18:16,170 - Server_DefaultID - INFO - Selected 30 active clients for round 31.
2026-03-19 01:18:16,170 - Server_DefaultID - INFO - Training client 94 (1/30)...
2026-03-19 01:18:18,163 - Server_DefaultID - INFO - Client 94: Acc=83.75, Loss=-343.4722, NLL=-1161.6263, KL=13.9631, AvgS=499.94, ProxLoss=0.0000
2026-03-19 01:18:18,163 - Server_DefaultID - INFO - Training client 22 (2/30)...
2026-03-19 01:18:18,726 - Server_DefaultID - INFO - Client 22: Acc=46.25, Loss=-199.9810, NLL=-683.7645, KL=11.1094, AvgS=293.70, ProxLoss=0.0000
2026-03-19 01:18:18,726 - Server_DefaultID - INFO - Training client 34 (3/30)...
2026-03-19 01:18:19,443 - Server_DefaultID - INFO - Client 34: Acc=72.29, Loss=-343.9795, NLL=-1161.3271, KL=13.9618, AvgS=499.81, ProxLoss=0.0000
2026-03-19 01:18:19,444 - Server_DefaultID - INFO - Training client 11 (4/30)...
2026-03-19 01:18:20,658 - Server_DefaultID - INFO - Client 11: Acc=88.75, Loss=-343.7251, NLL=-1161.7446, KL=13.9635, AvgS=499.99, ProxLoss=0.0000
2026-03-19 01:18:20,658 - Server_DefaultID - INFO - Training client 67 (5/30)...
2026-03-19 01:18:21,886 - Server_DefaultID - INFO - Client 67: Acc=78.39, Loss=-344.4853, NLL=-1161.5941, KL=13.9629, AvgS=499.92, ProxLoss=0.0000
2026-03-19 01:18:21,887 - Server_DefaultID - INFO - Training client 26 (6/30)...
2026-03-19 01:18:25,001 - Server_DefaultID - INFO - Client 26: Acc=97.85, Loss=-342.7471, NLL=-1161.7655, KL=13.9636, AvgS=500.00, ProxLoss=0.0000
2026-03-19 01:18:25,002 - Server_DefaultID - INFO - Training client 39 (7/30)...
2026-03-19 01:18:27,751 - Server_DefaultID - INFO - Client 39: Acc=79.38, Loss=-343.6761, NLL=-1161.7345, KL=13.9635, AvgS=499.98, ProxLoss=0.0000
2026-03-19 01:18:27,751 - Server_DefaultID - INFO - Training client 6 (8/30)...
2026-03-19 01:18:28,471 - Server_DefaultID - INFO - Client 6: Acc=60.21, Loss=-343.2080, NLL=-1161.6138, KL=13.9630, AvgS=499.93, ProxLoss=0.0000
2026-03-19 01:18:28,472 - Server_DefaultID - INFO - Training client 73 (9/30)...
2026-03-19 01:18:31,043 - Server_DefaultID - INFO - Client 73: Acc=91.51, Loss=-342.8970, NLL=-1161.7133, KL=13.9634, AvgS=499.98, ProxLoss=0.0000
2026-03-19 01:18:31,043 - Server_DefaultID - INFO - Training client 87 (10/30)...
2026-03-19 01:18:32,355 - Server_DefaultID - INFO - Client 87: Acc=70.58, Loss=-345.5134, NLL=-1161.6756, KL=13.9633, AvgS=499.96, ProxLoss=0.0000
2026-03-19 01:18:32,355 - Server_DefaultID - INFO - Training client 81 (11/30)...
2026-03-19 01:18:33,855 - Server_DefaultID - INFO - Client 81: Acc=80.36, Loss=-343.5540, NLL=-1161.6999, KL=13.9634, AvgS=499.97, ProxLoss=0.0000
2026-03-19 01:18:33,855 - Server_DefaultID - INFO - Training client 18 (12/30)...
2026-03-19 01:18:38,329 - Server_DefaultID - INFO - Client 18: Acc=88.06, Loss=-343.9320, NLL=-1161.7523, KL=13.9636, AvgS=499.99, ProxLoss=0.0000
2026-03-19 01:18:38,329 - Server_DefaultID - INFO - Training client 93 (13/30)...
2026-03-19 01:18:38,934 - Server_DefaultID - INFO - Client 93: Acc=50.62, Loss=-342.9307, NLL=-1158.1000, KL=13.9490, AvgS=498.42, ProxLoss=0.0000
2026-03-19 01:18:38,934 - Server_DefaultID - INFO - Training client 3 (14/30)...
2026-03-19 01:18:40,354 - Server_DefaultID - INFO - Client 3: Acc=65.31, Loss=-345.3269, NLL=-1161.6940, KL=13.9633, AvgS=499.97, ProxLoss=0.0000
2026-03-19 01:18:40,354 - Server_DefaultID - INFO - Training client 13 (15/30)...
2026-03-19 01:18:40,770 - Server_DefaultID - INFO - Client 13: Acc=55.31, Loss=-295.8396, NLL=-1004.7822, KL=12.9553, AvgS=432.30, ProxLoss=0.0000
2026-03-19 01:18:40,770 - Server_DefaultID - INFO - Training client 70 (16/30)...
2026-03-19 01:18:41,941 - Server_DefaultID - INFO - Client 70: Acc=81.31, Loss=-342.5772, NLL=-1161.7036, KL=13.9634, AvgS=499.97, ProxLoss=0.0000
2026-03-19 01:18:41,941 - Server_DefaultID - INFO - Training client 92 (17/30)...
2026-03-19 01:18:42,990 - Server_DefaultID - INFO - Client 92: Acc=95.08, Loss=-343.6395, NLL=-1161.7185, KL=13.9634, AvgS=499.98, ProxLoss=0.0000
2026-03-19 01:18:42,990 - Server_DefaultID - INFO - Training client 44 (18/30)...
2026-03-19 01:18:45,143 - Server_DefaultID - INFO - Client 44: Acc=92.08, Loss=-343.3367, NLL=-1161.7411, KL=13.9635, AvgS=499.99, ProxLoss=0.0000
2026-03-19 01:18:45,143 - Server_DefaultID - INFO - Training client 80 (19/30)...
2026-03-19 01:18:45,532 - Server_DefaultID - INFO - Client 80: Acc=40.31, Loss=-199.7322, NLL=-682.6076, KL=11.5403, AvgS=293.05, ProxLoss=0.0000
2026-03-19 01:18:45,532 - Server_DefaultID - INFO - Training client 59 (20/30)...
2026-03-19 01:18:47,555 - Server_DefaultID - INFO - Client 59: Acc=85.03, Loss=-343.5695, NLL=-1161.6149, KL=13.9630, AvgS=499.93, ProxLoss=0.0000
2026-03-19 01:18:47,555 - Server_DefaultID - INFO - Training client 63 (21/30)...
2026-03-19 01:18:48,749 - Server_DefaultID - INFO - Client 63: Acc=59.31, Loss=-343.5920, NLL=-1161.7078, KL=13.9634, AvgS=499.97, ProxLoss=0.0000
2026-03-19 01:18:48,749 - Server_DefaultID - INFO - Training client 17 (22/30)...
2026-03-19 01:18:49,229 - Server_DefaultID - INFO - Client 17: Acc=79.53, Loss=-344.6353, NLL=-1161.7699, KL=13.9636, AvgS=500.00, ProxLoss=0.0000
2026-03-19 01:18:49,229 - Server_DefaultID - INFO - Training client 20 (23/30)...
2026-03-19 01:18:50,481 - Server_DefaultID - INFO - Client 20: Acc=66.67, Loss=-345.7897, NLL=-1161.6483, KL=13.9632, AvgS=499.95, ProxLoss=0.0000
2026-03-19 01:18:50,481 - Server_DefaultID - INFO - Training client 27 (24/30)...
2026-03-19 01:18:51,180 - Server_DefaultID - INFO - Client 27: Acc=69.79, Loss=-344.5050, NLL=-1161.3082, KL=13.9618, AvgS=499.80, ProxLoss=0.0000
2026-03-19 01:18:51,180 - Server_DefaultID - INFO - Training client 76 (25/30)...
2026-03-19 01:18:52,991 - Server_DefaultID - INFO - Client 76: Acc=86.80, Loss=-345.4473, NLL=-1161.7600, KL=13.9636, AvgS=500.00, ProxLoss=0.0000
2026-03-19 01:18:52,991 - Server_DefaultID - INFO - Training client 32 (26/30)...
2026-03-19 01:18:54,375 - Server_DefaultID - INFO - Client 32: Acc=84.69, Loss=-344.0021, NLL=-1161.5931, KL=13.9629, AvgS=499.92, ProxLoss=0.0000
2026-03-19 01:18:54,375 - Server_DefaultID - INFO - Training client 41 (27/30)...
2026-03-19 01:18:56,173 - Server_DefaultID - INFO - Client 41: Acc=93.24, Loss=-342.9971, NLL=-1161.7680, KL=13.9636, AvgS=500.00, ProxLoss=0.0000
2026-03-19 01:18:56,173 - Server_DefaultID - INFO - Training client 65 (28/30)...
2026-03-19 01:18:56,515 - Server_DefaultID - INFO - Client 65: Acc=65.00, Loss=-107.5506, NLL=-368.3274, KL=8.7447, AvgS=157.93, ProxLoss=0.0000
2026-03-19 01:18:56,516 - Server_DefaultID - INFO - Training client 10 (29/30)...
2026-03-19 01:18:57,580 - Server_DefaultID - INFO - Client 10: Acc=38.91, Loss=-345.0280, NLL=-1161.6963, KL=13.9633, AvgS=499.97, ProxLoss=0.0000
2026-03-19 01:18:57,580 - Server_DefaultID - INFO - Training client 50 (30/30)...
2026-03-19 01:19:01,574 - Server_DefaultID - INFO - Client 50: Acc=97.55, Loss=-342.4797, NLL=-1161.7544, KL=13.9636, AvgS=499.99, ProxLoss=0.0000
2026-03-19 01:19:01,702 - Server_DefaultID - WARNING - Global prior extremely imbalanced (max/min=1.0), applied adaptive smoothing lam=0.10.
2026-03-19 01:19:01,703 - Server_DefaultID - INFO - Round [31/200] Summary | Avg Client Train Stats:	Loss [-339.3611]	 Acc [82.40]	NLL [-1147.2528]	 KL [13.8776]	AvgS [493.74]	 ProxLoss [0.0000]
GlobalPriorAlpha (first 10): [5.0, 5.0, 5.0, 5.0, 5.0, 5.0, 5.0, 5.0, 5.0, 5.0]
Round Time: 45.53s
2026-03-19 01:19:01,705 - Server_DefaultID - INFO - --- Global Round 32/200 ---
2026-03-19 01:19:01,706 - Server_DefaultID - INFO - Selected 30 active clients for round 32.
2026-03-19 01:19:01,706 - Server_DefaultID - INFO - Training client 87 (1/30)...
2026-03-19 01:19:03,320 - Server_DefaultID - INFO - Client 87: Acc=76.25, Loss=-345.5451, NLL=-1161.7228, KL=13.9634, AvgS=499.98, ProxLoss=0.0000
2026-03-19 01:19:03,321 - Server_DefaultID - INFO - Training client 85 (2/30)...
2026-03-19 01:19:05,682 - Server_DefaultID - INFO - Client 85: Acc=99.79, Loss=-341.2054, NLL=-1161.7699, KL=13.9636, AvgS=500.00, ProxLoss=0.0000
2026-03-19 01:19:05,682 - Server_DefaultID - INFO - Training client 84 (3/30)...
2026-03-19 01:19:06,034 - Server_DefaultID - INFO - Client 84: Acc=55.09, Loss=-118.9888, NLL=-411.7425, KL=9.1809, AvgS=176.47, ProxLoss=0.0000
2026-03-19 01:19:06,034 - Server_DefaultID - INFO - Training client 27 (4/30)...
2026-03-19 01:19:06,734 - Server_DefaultID - INFO - Client 27: Acc=70.10, Loss=-344.6488, NLL=-1161.6715, KL=13.9632, AvgS=499.96, ProxLoss=0.0000
2026-03-19 01:19:06,735 - Server_DefaultID - INFO - Training client 5 (5/30)...
2026-03-19 01:19:07,126 - Server_DefaultID - INFO - Client 5: Acc=71.25, Loss=-326.5140, NLL=-1103.4641, KL=13.6828, AvgS=474.82, ProxLoss=0.0000
2026-03-19 01:19:07,126 - Server_DefaultID - INFO - Training client 11 (6/30)...
2026-03-19 01:19:08,499 - Server_DefaultID - INFO - Client 11: Acc=91.25, Loss=-343.8089, NLL=-1161.4629, KL=13.9624, AvgS=499.87, ProxLoss=0.0000
2026-03-19 01:19:08,500 - Server_DefaultID - INFO - Training client 33 (7/30)...
2026-03-19 01:19:11,335 - Server_DefaultID - INFO - Client 33: Acc=59.60, Loss=-344.9985, NLL=-1161.7010, KL=13.9634, AvgS=499.97, ProxLoss=0.0000
2026-03-19 01:19:11,335 - Server_DefaultID - INFO - Training client 6 (8/30)...
2026-03-19 01:19:12,138 - Server_DefaultID - INFO - Client 6: Acc=70.52, Loss=-343.1783, NLL=-1161.2199, KL=13.9614, AvgS=499.76, ProxLoss=0.0000
2026-03-19 01:19:12,138 - Server_DefaultID - INFO - Training client 63 (9/30)...
2026-03-19 01:19:13,421 - Server_DefaultID - INFO - Client 63: Acc=66.38, Loss=-343.5265, NLL=-1161.5213, KL=13.9626, AvgS=499.89, ProxLoss=0.0000
2026-03-19 01:19:13,421 - Server_DefaultID - INFO - Training client 79 (10/30)...
2026-03-19 01:19:14,605 - Server_DefaultID - INFO - Client 79: Acc=94.00, Loss=-338.4390, NLL=-1152.1640, KL=13.9227, AvgS=495.85, ProxLoss=0.0000
2026-03-19 01:19:14,606 - Server_DefaultID - INFO - Training client 47 (11/30)...
2026-03-19 01:19:15,992 - Server_DefaultID - INFO - Client 47: Acc=69.84, Loss=-345.0005, NLL=-1161.5984, KL=13.9629, AvgS=499.93, ProxLoss=0.0000
2026-03-19 01:19:15,992 - Server_DefaultID - INFO - Training client 38 (12/30)...
2026-03-19 01:19:16,552 - Server_DefaultID - INFO - Client 38: Acc=46.41, Loss=-345.1811, NLL=-1160.9205, KL=13.9603, AvgS=499.63, ProxLoss=0.0000
2026-03-19 01:19:16,552 - Server_DefaultID - INFO - Training client 67 (13/30)...
2026-03-19 01:19:17,919 - Server_DefaultID - INFO - Client 67: Acc=82.08, Loss=-344.5716, NLL=-1161.7420, KL=13.9635, AvgS=499.99, ProxLoss=0.0000
2026-03-19 01:19:17,919 - Server_DefaultID - INFO - Training client 72 (14/30)...
2026-03-19 01:19:18,922 - Server_DefaultID - INFO - Client 72: Acc=95.00, Loss=-342.5993, NLL=-1161.6193, KL=13.9630, AvgS=499.94, ProxLoss=0.0000
2026-03-19 01:19:18,922 - Server_DefaultID - INFO - Training client 97 (15/30)...
2026-03-19 01:19:23,634 - Server_DefaultID - INFO - Client 97: Acc=99.56, Loss=-341.3457, NLL=-1161.7636, KL=13.9636, AvgS=500.00, ProxLoss=0.0000
2026-03-19 01:19:23,635 - Server_DefaultID - INFO - Training client 89 (16/30)...
2026-03-19 01:19:26,376 - Server_DefaultID - INFO - Client 89: Acc=98.50, Loss=-341.9822, NLL=-1161.7342, KL=13.9635, AvgS=499.98, ProxLoss=0.0000
2026-03-19 01:19:26,376 - Server_DefaultID - INFO - Training client 16 (17/30)...
2026-03-19 01:19:26,950 - Server_DefaultID - INFO - Client 16: Acc=59.22, Loss=-342.9089, NLL=-1161.7695, KL=13.9636, AvgS=500.00, ProxLoss=0.0000
2026-03-19 01:19:26,950 - Server_DefaultID - INFO - Training client 45 (18/30)...
2026-03-19 01:19:28,874 - Server_DefaultID - INFO - Client 45: Acc=67.85, Loss=-343.2788, NLL=-1161.6540, KL=13.9632, AvgS=499.95, ProxLoss=0.0000
2026-03-19 01:19:28,874 - Server_DefaultID - INFO - Training client 31 (19/30)...
2026-03-19 01:19:30,851 - Server_DefaultID - INFO - Client 31: Acc=80.76, Loss=-343.4469, NLL=-1161.7422, KL=13.9635, AvgS=499.99, ProxLoss=0.0000
2026-03-19 01:19:30,851 - Server_DefaultID - INFO - Training client 98 (20/30)...
2026-03-19 01:19:31,729 - Server_DefaultID - INFO - Client 98: Acc=92.40, Loss=-342.2026, NLL=-1161.6230, KL=13.9631, AvgS=499.94, ProxLoss=0.0000
2026-03-19 01:19:31,729 - Server_DefaultID - INFO - Training client 60 (21/30)...
2026-03-19 01:19:32,489 - Server_DefaultID - INFO - Client 60: Acc=62.19, Loss=-342.4151, NLL=-1160.9734, KL=13.9604, AvgS=499.66, ProxLoss=0.0000
2026-03-19 01:19:32,489 - Server_DefaultID - INFO - Training client 35 (22/30)...
2026-03-19 01:19:33,530 - Server_DefaultID - INFO - Client 35: Acc=69.17, Loss=-344.4768, NLL=-1161.5063, KL=13.9626, AvgS=499.89, ProxLoss=0.0000
2026-03-19 01:19:33,530 - Server_DefaultID - INFO - Training client 80 (23/30)...
2026-03-19 01:19:33,889 - Server_DefaultID - INFO - Client 80: Acc=50.94, Loss=-226.2845, NLL=-769.3227, KL=12.0963, AvgS=330.46, ProxLoss=0.0000
2026-03-19 01:19:33,889 - Server_DefaultID - INFO - Training client 21 (24/30)...
2026-03-19 01:19:35,799 - Server_DefaultID - INFO - Client 21: Acc=66.13, Loss=-345.1171, NLL=-1161.6836, KL=13.9633, AvgS=499.96, ProxLoss=0.0000
2026-03-19 01:19:35,799 - Server_DefaultID - INFO - Training client 34 (25/30)...
2026-03-19 01:19:36,617 - Server_DefaultID - INFO - Client 34: Acc=72.19, Loss=-343.9561, NLL=-1161.7462, KL=13.9635, AvgS=499.99, ProxLoss=0.0000
2026-03-19 01:19:36,618 - Server_DefaultID - INFO - Training client 20 (26/30)...
2026-03-19 01:19:37,988 - Server_DefaultID - INFO - Client 20: Acc=67.92, Loss=-345.7339, NLL=-1161.7033, KL=13.9634, AvgS=499.97, ProxLoss=0.0000
2026-03-19 01:19:37,988 - Server_DefaultID - INFO - Training client 14 (27/30)...
2026-03-19 01:19:40,173 - Server_DefaultID - INFO - Client 14: Acc=87.29, Loss=-342.2061, NLL=-1161.7286, KL=13.9635, AvgS=499.98, ProxLoss=0.0000
2026-03-19 01:19:40,173 - Server_DefaultID - INFO - Training client 36 (28/30)...
2026-03-19 01:19:46,448 - Server_DefaultID - INFO - Client 36: Acc=97.84, Loss=-342.4447, NLL=-1161.7375, KL=13.9635, AvgS=499.99, ProxLoss=0.0000
2026-03-19 01:19:46,448 - Server_DefaultID - INFO - Training client 62 (29/30)...
2026-03-19 01:19:47,107 - Server_DefaultID - INFO - Client 62: Acc=79.22, Loss=-329.4895, NLL=-1115.8302, KL=13.7748, AvgS=480.15, ProxLoss=0.0000
2026-03-19 01:19:47,107 - Server_DefaultID - INFO - Training client 28 (30/30)...
2026-03-19 01:19:47,538 - Server_DefaultID - INFO - Client 28: Acc=40.00, Loss=-181.4917, NLL=-622.0338, KL=10.6155, AvgS=267.12, ProxLoss=0.0000
2026-03-19 01:19:47,734 - Server_DefaultID - WARNING - Global prior extremely imbalanced (max/min=1.0), applied adaptive smoothing lam=0.10.
2026-03-19 01:19:47,735 - Server_DefaultID - INFO - Round [32/200] Summary | Avg Client Train Stats:	Loss [-339.3495]	 Acc [83.36]	NLL [-1149.2648]	 KL [13.8925]	AvgS [494.60]	 ProxLoss [0.0000]
GlobalPriorAlpha (first 10): [5.0, 5.0, 5.0, 5.0, 5.0, 5.0, 5.0, 5.0, 5.0, 5.0]
Round Time: 46.03s
2026-03-19 01:19:47,738 - Server_DefaultID - INFO - --- Global Round 33/200 ---
2026-03-19 01:19:47,739 - Server_DefaultID - INFO - Selected 30 active clients for round 33.
2026-03-19 01:19:47,739 - Server_DefaultID - INFO - Training client 72 (1/30)...
2026-03-19 01:19:48,829 - Server_DefaultID - INFO - Client 72: Acc=95.08, Loss=-342.3119, NLL=-1161.1141, KL=13.9610, AvgS=499.72, ProxLoss=0.0000
2026-03-19 01:19:48,830 - Server_DefaultID - INFO - Training client 27 (2/30)...
2026-03-19 01:19:49,692 - Server_DefaultID - INFO - Client 27: Acc=72.71, Loss=-344.6674, NLL=-1161.7270, KL=13.9635, AvgS=499.98, ProxLoss=0.0000
2026-03-19 01:19:49,692 - Server_DefaultID - INFO - Training client 90 (3/30)...
2026-03-19 01:19:51,612 - Client_90 - WARNING - Client 90: Too few classes (1) or samples (592) for alpha report, returning uniform.
2026-03-19 01:19:51,612 - Server_DefaultID - INFO - Client 90: Acc=100.00, Loss=-340.9785, NLL=-1161.7643, KL=13.9636, AvgS=500.00, ProxLoss=0.0000
2026-03-19 01:19:51,612 - Server_DefaultID - INFO - Training client 25 (4/30)...
2026-03-19 01:19:52,325 - Server_DefaultID - INFO - Client 25: Acc=94.69, Loss=-340.9038, NLL=-1154.4746, KL=13.9334, AvgS=496.85, ProxLoss=0.0000
2026-03-19 01:19:52,325 - Server_DefaultID - INFO - Training client 81 (5/30)...
2026-03-19 01:19:53,946 - Server_DefaultID - INFO - Client 81: Acc=82.59, Loss=-343.5505, NLL=-1161.7362, KL=13.9635, AvgS=499.99, ProxLoss=0.0000
2026-03-19 01:19:53,946 - Server_DefaultID - INFO - Training client 1 (6/30)...
2026-03-19 01:19:54,556 - Server_DefaultID - INFO - Client 1: Acc=42.66, Loss=-342.0373, NLL=-1157.5140, KL=13.9459, AvgS=498.16, ProxLoss=0.0000
2026-03-19 01:19:54,557 - Server_DefaultID - INFO - Training client 63 (7/30)...
2026-03-19 01:19:55,772 - Server_DefaultID - INFO - Client 63: Acc=66.88, Loss=-343.5947, NLL=-1161.5813, KL=13.9629, AvgS=499.92, ProxLoss=0.0000
2026-03-19 01:19:55,772 - Server_DefaultID - INFO - Training client 3 (8/30)...
2026-03-19 01:19:57,173 - Server_DefaultID - INFO - Client 3: Acc=68.02, Loss=-345.3367, NLL=-1161.6868, KL=13.9633, AvgS=499.96, ProxLoss=0.0000
2026-03-19 01:19:57,173 - Server_DefaultID - INFO - Training client 59 (9/30)...
2026-03-19 01:19:59,150 - Server_DefaultID - INFO - Client 59: Acc=85.35, Loss=-343.6105, NLL=-1161.7320, KL=13.9635, AvgS=499.98, ProxLoss=0.0000
2026-03-19 01:19:59,150 - Server_DefaultID - INFO - Training client 41 (10/30)...
2026-03-19 01:20:00,971 - Server_DefaultID - INFO - Client 41: Acc=95.04, Loss=-342.9619, NLL=-1161.7581, KL=13.9636, AvgS=499.99, ProxLoss=0.0000
2026-03-19 01:20:00,971 - Server_DefaultID - INFO - Training client 49 (11/30)...
2026-03-19 01:20:02,987 - Server_DefaultID - INFO - Client 49: Acc=89.64, Loss=-343.3138, NLL=-1161.7145, KL=13.9634, AvgS=499.98, ProxLoss=0.0000
2026-03-19 01:20:02,987 - Server_DefaultID - INFO - Training client 7 (12/30)...
2026-03-19 01:20:04,614 - Server_DefaultID - INFO - Client 7: Acc=53.07, Loss=-343.6739, NLL=-1161.7198, KL=13.9634, AvgS=499.98, ProxLoss=0.0000
2026-03-19 01:20:04,614 - Server_DefaultID - INFO - Training client 75 (13/30)...
2026-03-19 01:20:06,671 - Server_DefaultID - INFO - Client 75: Acc=92.46, Loss=-342.4736, NLL=-1161.7027, KL=13.9634, AvgS=499.97, ProxLoss=0.0000
2026-03-19 01:20:06,671 - Server_DefaultID - INFO - Training client 39 (14/30)...
2026-03-19 01:20:10,421 - Server_DefaultID - INFO - Client 39: Acc=81.62, Loss=-343.6559, NLL=-1161.7491, KL=13.9635, AvgS=499.99, ProxLoss=0.0000
2026-03-19 01:20:10,421 - Server_DefaultID - INFO - Training client 32 (15/30)...
2026-03-19 01:20:12,196 - Server_DefaultID - INFO - Client 32: Acc=84.22, Loss=-343.8958, NLL=-1161.6028, KL=13.9630, AvgS=499.93, ProxLoss=0.0000
2026-03-19 01:20:12,196 - Server_DefaultID - INFO - Training client 64 (16/30)...
2026-03-19 01:20:12,675 - Server_DefaultID - INFO - Client 64: Acc=70.62, Loss=-226.5926, NLL=-770.9377, KL=12.0034, AvgS=331.27, ProxLoss=0.0000
2026-03-19 01:20:12,676 - Server_DefaultID - INFO - Training client 15 (17/30)...
2026-03-19 01:20:13,338 - Server_DefaultID - INFO - Client 15: Acc=52.19, Loss=-342.1885, NLL=-1157.7593, KL=13.9459, AvgS=498.27, ProxLoss=0.0000
2026-03-19 01:20:13,338 - Server_DefaultID - INFO - Training client 38 (18/30)...
2026-03-19 01:20:14,028 - Server_DefaultID - INFO - Client 38: Acc=43.28, Loss=-345.4512, NLL=-1161.6708, KL=13.9632, AvgS=499.96, ProxLoss=0.0000
2026-03-19 01:20:14,028 - Server_DefaultID - INFO - Training client 35 (19/30)...
2026-03-19 01:20:14,942 - Server_DefaultID - INFO - Client 35: Acc=72.19, Loss=-344.6649, NLL=-1161.5255, KL=13.9627, AvgS=499.89, ProxLoss=0.0000
2026-03-19 01:20:14,942 - Server_DefaultID - INFO - Training client 96 (20/30)...
2026-03-19 01:20:18,685 - Server_DefaultID - INFO - Client 96: Acc=87.26, Loss=-343.5446, NLL=-1161.6029, KL=13.9630, AvgS=499.93, ProxLoss=0.0000
2026-03-19 01:20:18,685 - Server_DefaultID - INFO - Training client 86 (21/30)...
2026-03-19 01:20:20,252 - Server_DefaultID - INFO - Client 86: Acc=80.06, Loss=-343.5100, NLL=-1161.7014, KL=13.9634, AvgS=499.97, ProxLoss=0.0000
2026-03-19 01:20:20,253 - Server_DefaultID - INFO - Training client 55 (22/30)...
2026-03-19 01:20:27,827 - Server_DefaultID - INFO - Client 55: Acc=86.27, Loss=-344.1281, NLL=-1161.7515, KL=13.9636, AvgS=499.99, ProxLoss=0.0000
2026-03-19 01:20:27,827 - Server_DefaultID - INFO - Training client 67 (23/30)...
2026-03-19 01:20:29,452 - Server_DefaultID - INFO - Client 67: Acc=83.23, Loss=-344.4156, NLL=-1161.7112, KL=13.9634, AvgS=499.97, ProxLoss=0.0000
2026-03-19 01:20:29,452 - Server_DefaultID - INFO - Training client 95 (24/30)...
2026-03-19 01:20:31,902 - Server_DefaultID - INFO - Client 95: Acc=68.47, Loss=-342.4402, NLL=-1161.7431, KL=13.9635, AvgS=499.99, ProxLoss=0.0000
2026-03-19 01:20:31,902 - Server_DefaultID - INFO - Training client 33 (25/30)...
2026-03-19 01:20:33,764 - Server_DefaultID - INFO - Client 33: Acc=59.20, Loss=-345.0635, NLL=-1161.7274, KL=13.9635, AvgS=499.98, ProxLoss=0.0000
2026-03-19 01:20:33,764 - Server_DefaultID - INFO - Training client 71 (26/30)...
2026-03-19 01:20:34,525 - Server_DefaultID - INFO - Client 71: Acc=68.28, Loss=-299.6472, NLL=-1014.8448, KL=13.3085, AvgS=436.53, ProxLoss=0.0000
2026-03-19 01:20:34,525 - Server_DefaultID - INFO - Training client 22 (27/30)...
2026-03-19 01:20:35,330 - Server_DefaultID - INFO - Client 22: Acc=55.00, Loss=-247.3430, NLL=-843.1230, KL=12.2529, AvgS=362.39, ProxLoss=0.0000
2026-03-19 01:20:35,330 - Server_DefaultID - INFO - Training client 30 (28/30)...
2026-03-19 01:20:37,526 - Server_DefaultID - INFO - Client 30: Acc=90.47, Loss=-342.1790, NLL=-1161.6828, KL=13.9633, AvgS=499.96, ProxLoss=0.0000
2026-03-19 01:20:37,526 - Server_DefaultID - INFO - Training client 12 (29/30)...
2026-03-19 01:20:38,903 - Server_DefaultID - INFO - Client 12: Acc=72.81, Loss=-345.1016, NLL=-1161.6399, KL=13.9631, AvgS=499.94, ProxLoss=0.0000
2026-03-19 01:20:38,903 - Server_DefaultID - INFO - Training client 88 (30/30)...
2026-03-19 01:20:40,483 - Server_DefaultID - INFO - Client 88: Acc=60.16, Loss=-344.2042, NLL=-1161.7270, KL=13.9635, AvgS=499.98, ProxLoss=0.0000
2026-03-19 01:20:40,641 - Server_DefaultID - WARNING - Global prior extremely imbalanced (max/min=1.0), applied adaptive smoothing lam=0.10.
2026-03-19 01:20:40,641 - Server_DefaultID - INFO - Round [33/200] Summary | Avg Client Train Stats:	Loss [-340.7706]	 Acc [79.66]	NLL [-1152.3277]	 KL [13.9161]	AvgS [495.92]	 ProxLoss [0.0000]
GlobalPriorAlpha (first 10): [5.0, 5.0, 5.0, 5.0, 5.0, 5.0, 5.0, 5.0, 5.0, 5.0]
Round Time: 52.90s
2026-03-19 01:20:40,644 - Server_DefaultID - INFO - --- Global Round 34/200 ---
2026-03-19 01:20:40,645 - Server_DefaultID - INFO - Selected 30 active clients for round 34.
2026-03-19 01:20:40,645 - Server_DefaultID - INFO - Training client 98 (1/30)...
2026-03-19 01:20:41,574 - Server_DefaultID - INFO - Client 98: Acc=91.67, Loss=-342.1151, NLL=-1161.6390, KL=13.9631, AvgS=499.94, ProxLoss=0.0000
2026-03-19 01:20:41,574 - Server_DefaultID - INFO - Training client 31 (2/30)...
2026-03-19 01:20:43,973 - Server_DefaultID - INFO - Client 31: Acc=81.42, Loss=-343.3240, NLL=-1161.6515, KL=13.9632, AvgS=499.95, ProxLoss=0.0000
2026-03-19 01:20:43,974 - Server_DefaultID - INFO - Training client 86 (3/30)...
2026-03-19 01:20:45,252 - Server_DefaultID - INFO - Client 86: Acc=80.12, Loss=-343.5821, NLL=-1161.6835, KL=13.9633, AvgS=499.96, ProxLoss=0.0000
2026-03-19 01:20:45,252 - Server_DefaultID - INFO - Training client 13 (4/30)...
2026-03-19 01:20:45,786 - Server_DefaultID - INFO - Client 13: Acc=54.06, Loss=-341.4776, NLL=-1157.9696, KL=13.9481, AvgS=498.36, ProxLoss=0.0000
2026-03-19 01:20:45,787 - Server_DefaultID - INFO - Training client 16 (5/30)...
2026-03-19 01:20:46,437 - Server_DefaultID - INFO - Client 16: Acc=65.00, Loss=-342.9359, NLL=-1161.6256, KL=13.9631, AvgS=499.94, ProxLoss=0.0000
2026-03-19 01:20:46,437 - Server_DefaultID - INFO - Training client 55 (6/30)...
2026-03-19 01:20:54,997 - Server_DefaultID - INFO - Client 55: Acc=86.83, Loss=-344.0876, NLL=-1161.7212, KL=13.9634, AvgS=499.98, ProxLoss=0.0000
2026-03-19 01:20:54,998 - Server_DefaultID - INFO - Training client 15 (7/30)...
2026-03-19 01:20:55,771 - Server_DefaultID - INFO - Client 15: Acc=58.91, Loss=-343.3483, NLL=-1160.9633, KL=13.9604, AvgS=499.65, ProxLoss=0.0000
2026-03-19 01:20:55,771 - Server_DefaultID - INFO - Training client 32 (8/30)...
2026-03-19 01:20:57,481 - Server_DefaultID - INFO - Client 32: Acc=85.99, Loss=-344.0336, NLL=-1161.7023, KL=13.9634, AvgS=499.97, ProxLoss=0.0000
2026-03-19 01:20:57,481 - Server_DefaultID - INFO - Training client 82 (9/30)...
2026-03-19 01:20:58,830 - Server_DefaultID - INFO - Client 82: Acc=85.81, Loss=-343.1314, NLL=-1161.4182, KL=13.9622, AvgS=499.85, ProxLoss=0.0000
2026-03-19 01:20:58,830 - Server_DefaultID - INFO - Training client 3 (10/30)...
2026-03-19 01:21:00,425 - Server_DefaultID - INFO - Client 3: Acc=68.80, Loss=-345.3425, NLL=-1161.7648, KL=13.9636, AvgS=500.00, ProxLoss=0.0000
2026-03-19 01:21:00,425 - Server_DefaultID - INFO - Training client 61 (11/30)...
2026-03-19 01:21:01,854 - Server_DefaultID - INFO - Client 61: Acc=78.38, Loss=-345.4539, NLL=-1161.6378, KL=13.9631, AvgS=499.94, ProxLoss=0.0000
2026-03-19 01:21:01,854 - Server_DefaultID - INFO - Training client 93 (12/30)...
2026-03-19 01:21:02,593 - Server_DefaultID - INFO - Client 93: Acc=49.84, Loss=-343.5877, NLL=-1160.2946, KL=13.9577, AvgS=499.36, ProxLoss=0.0000
2026-03-19 01:21:02,594 - Server_DefaultID - INFO - Training client 38 (13/30)...
2026-03-19 01:21:03,268 - Server_DefaultID - INFO - Client 38: Acc=47.34, Loss=-345.4510, NLL=-1161.2829, KL=13.9617, AvgS=499.79, ProxLoss=0.0000
2026-03-19 01:21:03,268 - Server_DefaultID - INFO - Training client 74 (14/30)...
2026-03-19 01:21:04,438 - Server_DefaultID - INFO - Client 74: Acc=66.64, Loss=-343.4694, NLL=-1161.5183, KL=13.9626, AvgS=499.89, ProxLoss=0.0000
2026-03-19 01:21:04,438 - Server_DefaultID - INFO - Training client 21 (15/30)...
2026-03-19 01:21:06,448 - Server_DefaultID - INFO - Client 21: Acc=70.39, Loss=-345.0491, NLL=-1161.6800, KL=13.9633, AvgS=499.96, ProxLoss=0.0000
2026-03-19 01:21:06,448 - Server_DefaultID - INFO - Training client 46 (16/30)...
2026-03-19 01:21:08,361 - Server_DefaultID - INFO - Client 46: Acc=86.95, Loss=-343.4817, NLL=-1161.6968, KL=13.9633, AvgS=499.97, ProxLoss=0.0000
2026-03-19 01:21:08,361 - Server_DefaultID - INFO - Training client 65 (17/30)...
2026-03-19 01:21:08,746 - Server_DefaultID - INFO - Client 65: Acc=65.31, Loss=-125.2269, NLL=-428.2356, KL=9.3454, AvgS=183.66, ProxLoss=0.0000
2026-03-19 01:21:08,746 - Server_DefaultID - INFO - Training client 96 (18/30)...
2026-03-19 01:21:10,753 - Server_DefaultID - INFO - Client 96: Acc=90.87, Loss=-343.6350, NLL=-1161.7134, KL=13.9634, AvgS=499.98, ProxLoss=0.0000
2026-03-19 01:21:10,753 - Server_DefaultID - INFO - Training client 63 (19/30)...
2026-03-19 01:21:12,096 - Server_DefaultID - INFO - Client 63: Acc=66.88, Loss=-343.6380, NLL=-1161.7465, KL=13.9635, AvgS=499.99, ProxLoss=0.0000
2026-03-19 01:21:12,097 - Server_DefaultID - INFO - Training client 22 (20/30)...
2026-03-19 01:21:12,795 - Server_DefaultID - INFO - Client 22: Acc=62.66, Loss=-284.2292, NLL=-966.1657, KL=13.0042, AvgS=415.49, ProxLoss=0.0000
2026-03-19 01:21:12,795 - Server_DefaultID - INFO - Training client 91 (21/30)...
2026-03-19 01:21:13,685 - Server_DefaultID - INFO - Client 91: Acc=90.83, Loss=-342.0395, NLL=-1161.4894, KL=13.9625, AvgS=499.88, ProxLoss=0.0000
2026-03-19 01:21:13,685 - Server_DefaultID - INFO - Training client 99 (22/30)...
2026-03-19 01:21:14,164 - Server_DefaultID - INFO - Client 99: Acc=28.12, Loss=-161.9044, NLL=-548.7141, KL=10.1564, AvgS=235.52, ProxLoss=0.0000
2026-03-19 01:21:14,164 - Server_DefaultID - INFO - Training client 64 (23/30)...
2026-03-19 01:21:14,671 - Server_DefaultID - INFO - Client 64: Acc=67.19, Loss=-254.2610, NLL=-864.2385, KL=12.5360, AvgS=371.55, ProxLoss=0.0000
2026-03-19 01:21:14,671 - Server_DefaultID - INFO - Training client 27 (24/30)...
2026-03-19 01:21:15,715 - Server_DefaultID - INFO - Client 27: Acc=74.79, Loss=-344.6165, NLL=-1161.6396, KL=13.9631, AvgS=499.94, ProxLoss=0.0000
2026-03-19 01:21:15,715 - Server_DefaultID - INFO - Training client 58 (25/30)...
2026-03-19 01:21:17,588 - Server_DefaultID - INFO - Client 58: Acc=77.59, Loss=-342.1076, NLL=-1161.6157, KL=13.9630, AvgS=499.93, ProxLoss=0.0000
2026-03-19 01:21:17,588 - Server_DefaultID - INFO - Training client 44 (26/30)...
2026-03-19 01:21:19,948 - Server_DefaultID - INFO - Client 44: Acc=92.47, Loss=-343.1494, NLL=-1161.6570, KL=13.9632, AvgS=499.95, ProxLoss=0.0000
2026-03-19 01:21:19,948 - Server_DefaultID - INFO - Training client 52 (27/30)...
2026-03-19 01:21:20,824 - Server_DefaultID - INFO - Client 52: Acc=65.21, Loss=-343.4096, NLL=-1161.2359, KL=13.9615, AvgS=499.77, ProxLoss=0.0000
2026-03-19 01:21:20,824 - Server_DefaultID - INFO - Training client 83 (28/30)...
2026-03-19 01:21:23,437 - Server_DefaultID - INFO - Client 83: Acc=99.72, Loss=-341.0075, NLL=-1161.4038, KL=13.9621, AvgS=499.84, ProxLoss=0.0000
2026-03-19 01:21:23,437 - Server_DefaultID - INFO - Training client 29 (29/30)...
2026-03-19 01:21:25,773 - Server_DefaultID - INFO - Client 29: Acc=81.09, Loss=-342.9784, NLL=-1161.4196, KL=13.9622, AvgS=499.85, ProxLoss=0.0000
2026-03-19 01:21:25,773 - Server_DefaultID - INFO - Training client 49 (30/30)...
2026-03-19 01:21:27,730 - Server_DefaultID - INFO - Client 49: Acc=91.61, Loss=-343.3364, NLL=-1161.6993, KL=13.9633, AvgS=499.97, ProxLoss=0.0000
2026-03-19 01:21:28,005 - Server_DefaultID - WARNING - Global prior extremely imbalanced (max/min=1.0), applied adaptive smoothing lam=0.10.
2026-03-19 01:21:28,011 - Server_DefaultID - INFO - Round [34/200] Summary | Avg Client Train Stats:	Loss [-338.9555]	 Acc [80.81]	NLL [-1146.2784]	 KL [13.8751]	AvgS [493.31]	 ProxLoss [0.0000]
GlobalPriorAlpha (first 10): [5.0, 5.0, 5.0, 5.0, 5.0, 5.0, 5.0, 5.0, 5.0, 5.0]
Round Time: 47.36s
2026-03-19 01:21:28,019 - Server_DefaultID - INFO - --- Global Round 35/200 ---
2026-03-19 01:21:28,022 - Server_DefaultID - INFO - Selected 30 active clients for round 35.
2026-03-19 01:21:28,028 - Server_DefaultID - INFO - Training client 76 (1/30)...
2026-03-19 01:21:30,237 - Server_DefaultID - INFO - Client 76: Acc=88.36, Loss=-345.2002, NLL=-1161.6361, KL=13.9631, AvgS=499.94, ProxLoss=0.0000
2026-03-19 01:21:30,237 - Server_DefaultID - INFO - Training client 47 (2/30)...
2026-03-19 01:21:31,868 - Server_DefaultID - INFO - Client 47: Acc=75.05, Loss=-344.9546, NLL=-1161.7181, KL=13.9634, AvgS=499.98, ProxLoss=0.0000
2026-03-19 01:21:31,869 - Server_DefaultID - INFO - Training client 34 (3/30)...
2026-03-19 01:21:32,941 - Server_DefaultID - INFO - Client 34: Acc=75.52, Loss=-344.2050, NLL=-1161.5337, KL=13.9627, AvgS=499.90, ProxLoss=0.0000
2026-03-19 01:21:32,941 - Server_DefaultID - INFO - Training client 20 (4/30)...
2026-03-19 01:21:34,569 - Server_DefaultID - INFO - Client 20: Acc=70.89, Loss=-345.6436, NLL=-1161.7152, KL=13.9634, AvgS=499.98, ProxLoss=0.0000
2026-03-19 01:21:34,569 - Server_DefaultID - INFO - Training client 5 (5/30)...
2026-03-19 01:21:35,155 - Server_DefaultID - INFO - Client 5: Acc=71.25, Loss=-344.3646, NLL=-1161.6896, KL=13.9633, AvgS=499.97, ProxLoss=0.0000
2026-03-19 01:21:35,156 - Server_DefaultID - INFO - Training client 78 (6/30)...
2026-03-19 01:21:41,986 - Server_DefaultID - INFO - Client 78: Acc=95.72, Loss=-343.4129, NLL=-1161.7527, KL=13.9636, AvgS=499.99, ProxLoss=0.0000
2026-03-19 01:21:41,986 - Server_DefaultID - INFO - Training client 31 (7/30)...
2026-03-19 01:21:44,257 - Server_DefaultID - INFO - Client 31: Acc=82.99, Loss=-343.2765, NLL=-1161.6358, KL=13.9631, AvgS=499.94, ProxLoss=0.0000
2026-03-19 01:21:44,257 - Server_DefaultID - INFO - Training client 55 (8/30)...
2026-03-19 01:21:51,378 - Server_DefaultID - INFO - Client 55: Acc=87.98, Loss=-344.1226, NLL=-1161.7349, KL=13.9635, AvgS=499.98, ProxLoss=0.0000
2026-03-19 01:21:51,378 - Server_DefaultID - INFO - Training client 94 (9/30)...
2026-03-19 01:21:54,125 - Server_DefaultID - INFO - Client 94: Acc=86.70, Loss=-343.4276, NLL=-1161.7328, KL=13.9635, AvgS=499.98, ProxLoss=0.0000
2026-03-19 01:21:54,125 - Server_DefaultID - INFO - Training client 7 (10/30)...
2026-03-19 01:21:55,871 - Server_DefaultID - INFO - Client 7: Acc=62.81, Loss=-343.5045, NLL=-1161.7224, KL=13.9634, AvgS=499.98, ProxLoss=0.0000
2026-03-19 01:21:55,871 - Server_DefaultID - INFO - Training client 71 (11/30)...
2026-03-19 01:21:56,615 - Server_DefaultID - INFO - Client 71: Acc=69.22, Loss=-326.9530, NLL=-1107.0617, KL=13.7322, AvgS=476.37, ProxLoss=0.0000
2026-03-19 01:21:56,615 - Server_DefaultID - INFO - Training client 67 (12/30)...
2026-03-19 01:21:59,502 - Server_DefaultID - INFO - Client 67: Acc=81.61, Loss=-344.4091, NLL=-1161.7267, KL=13.9635, AvgS=499.98, ProxLoss=0.0000
2026-03-19 01:21:59,502 - Server_DefaultID - INFO - Training client 24 (13/30)...
2026-03-19 01:22:00,027 - Server_DefaultID - INFO - Client 24: Acc=57.81, Loss=-140.1332, NLL=-476.3765, KL=9.9276, AvgS=204.34, ProxLoss=0.0000
2026-03-19 01:22:00,027 - Server_DefaultID - INFO - Training client 28 (14/30)...
2026-03-19 01:22:00,562 - Server_DefaultID - INFO - Client 28: Acc=50.31, Loss=-204.2045, NLL=-698.0365, KL=11.2662, AvgS=299.83, ProxLoss=0.0000
2026-03-19 01:22:00,563 - Server_DefaultID - INFO - Training client 63 (15/30)...
2026-03-19 01:22:01,991 - Server_DefaultID - INFO - Client 63: Acc=70.56, Loss=-343.4166, NLL=-1161.6314, KL=13.9631, AvgS=499.94, ProxLoss=0.0000
2026-03-19 01:22:01,991 - Server_DefaultID - INFO - Training client 25 (16/30)...
2026-03-19 01:22:02,701 - Server_DefaultID - INFO - Client 25: Acc=95.62, Loss=-342.5102, NLL=-1159.6977, KL=13.9554, AvgS=499.11, ProxLoss=0.0000
2026-03-19 01:22:02,701 - Server_DefaultID - INFO - Training client 87 (17/30)...
2026-03-19 01:22:04,537 - Server_DefaultID - INFO - Client 87: Acc=76.83, Loss=-345.3588, NLL=-1161.6176, KL=13.9630, AvgS=499.93, ProxLoss=0.0000
2026-03-19 01:22:04,537 - Server_DefaultID - INFO - Training client 99 (18/30)...
2026-03-19 01:22:05,029 - Server_DefaultID - INFO - Client 99: Acc=17.50, Loss=-183.9738, NLL=-623.6735, KL=10.9261, AvgS=267.71, ProxLoss=0.0000
2026-03-19 01:22:05,029 - Server_DefaultID - INFO - Training client 85 (19/30)...
2026-03-19 01:22:08,087 - Server_DefaultID - INFO - Client 85: Acc=99.77, Loss=-341.0860, NLL=-1161.7506, KL=13.9635, AvgS=499.99, ProxLoss=0.0000
2026-03-19 01:22:08,087 - Server_DefaultID - INFO - Training client 42 (20/30)...
2026-03-19 01:22:09,854 - Server_DefaultID - INFO - Client 42: Acc=90.57, Loss=-343.4359, NLL=-1161.5840, KL=13.9629, AvgS=499.92, ProxLoss=0.0000
2026-03-19 01:22:09,854 - Server_DefaultID - INFO - Training client 12 (21/30)...
2026-03-19 01:22:11,275 - Server_DefaultID - INFO - Client 12: Acc=77.75, Loss=-345.1532, NLL=-1161.7541, KL=13.9636, AvgS=499.99, ProxLoss=0.0000
2026-03-19 01:22:11,275 - Server_DefaultID - INFO - Training client 74 (22/30)...
2026-03-19 01:22:12,625 - Server_DefaultID - INFO - Client 74: Acc=68.67, Loss=-343.5297, NLL=-1161.6888, KL=13.9633, AvgS=499.97, ProxLoss=0.0000
2026-03-19 01:22:12,625 - Server_DefaultID - INFO - Training client 1 (23/30)...
2026-03-19 01:22:13,381 - Server_DefaultID - INFO - Client 1: Acc=47.34, Loss=-343.5569, NLL=-1160.8903, KL=13.9600, AvgS=499.62, ProxLoss=0.0000
2026-03-19 01:22:13,381 - Server_DefaultID - INFO - Training client 40 (24/30)...
2026-03-19 01:22:14,875 - Server_DefaultID - INFO - Client 40: Acc=74.06, Loss=-345.1233, NLL=-1161.7242, KL=13.9634, AvgS=499.98, ProxLoss=0.0000
2026-03-19 01:22:14,875 - Server_DefaultID - INFO - Training client 9 (25/30)...
2026-03-19 01:22:16,644 - Server_DefaultID - INFO - Client 9: Acc=97.46, Loss=-342.1835, NLL=-1161.7138, KL=13.9634, AvgS=499.98, ProxLoss=0.0000
2026-03-19 01:22:16,645 - Server_DefaultID - INFO - Training client 95 (26/30)...
2026-03-19 01:22:19,032 - Server_DefaultID - INFO - Client 95: Acc=73.33, Loss=-342.3654, NLL=-1161.6450, KL=13.9631, AvgS=499.95, ProxLoss=0.0000
2026-03-19 01:22:19,032 - Server_DefaultID - INFO - Training client 6 (27/30)...
2026-03-19 01:22:20,063 - Server_DefaultID - INFO - Client 6: Acc=80.94, Loss=-343.1030, NLL=-1161.4335, KL=13.9623, AvgS=499.86, ProxLoss=0.0000
2026-03-19 01:22:20,063 - Server_DefaultID - INFO - Training client 97 (28/30)...
2026-03-19 01:22:26,413 - Server_DefaultID - INFO - Client 97: Acc=99.56, Loss=-341.2262, NLL=-1161.7548, KL=13.9636, AvgS=499.99, ProxLoss=0.0000
2026-03-19 01:22:26,413 - Server_DefaultID - INFO - Training client 33 (29/30)...
2026-03-19 01:22:28,382 - Server_DefaultID - INFO - Client 33: Acc=61.74, Loss=-344.8972, NLL=-1161.7060, KL=13.9634, AvgS=499.97, ProxLoss=0.0000
2026-03-19 01:22:28,382 - Server_DefaultID - INFO - Training client 96 (30/30)...
2026-03-19 01:22:30,874 - Server_DefaultID - INFO - Client 96: Acc=91.63, Loss=-343.4703, NLL=-1161.7336, KL=13.9635, AvgS=499.98, ProxLoss=0.0000
2026-03-19 01:22:31,181 - Server_DefaultID - WARNING - Global prior extremely imbalanced (max/min=1.0), applied adaptive smoothing lam=0.10.
2026-03-19 01:22:31,182 - Server_DefaultID - INFO - Round [35/200] Summary | Avg Client Train Stats:	Loss [-339.9190]	 Acc [84.62]	NLL [-1149.8092]	 KL [13.8955]	AvgS [494.84]	 ProxLoss [0.0000]
GlobalPriorAlpha (first 10): [5.0, 5.0, 5.0, 5.0, 5.0, 5.0, 5.0, 5.0, 5.0, 5.0]
Round Time: 63.16s
2026-03-19 01:22:31,185 - Server_DefaultID - INFO - --- Global Round 36/200 ---
2026-03-19 01:22:31,185 - Server_DefaultID - INFO - Selected 30 active clients for round 36.
2026-03-19 01:22:31,185 - Server_DefaultID - INFO - Training client 88 (1/30)...
2026-03-19 01:22:32,873 - Server_DefaultID - INFO - Client 88: Acc=59.17, Loss=-344.1851, NLL=-1161.5379, KL=13.9627, AvgS=499.90, ProxLoss=0.0000
2026-03-19 01:22:32,873 - Server_DefaultID - INFO - Training client 62 (2/30)...
2026-03-19 01:22:33,532 - Server_DefaultID - INFO - Client 62: Acc=90.16, Loss=-341.7041, NLL=-1155.6659, KL=13.9391, AvgS=497.36, ProxLoss=0.0000
2026-03-19 01:22:33,532 - Server_DefaultID - INFO - Training client 20 (3/30)...
2026-03-19 01:22:35,325 - Server_DefaultID - INFO - Client 20: Acc=71.41, Loss=-345.7524, NLL=-1161.7029, KL=13.9634, AvgS=499.97, ProxLoss=0.0000
2026-03-19 01:22:35,325 - Server_DefaultID - INFO - Training client 36 (4/30)...
2026-03-19 01:22:40,969 - Server_DefaultID - INFO - Client 36: Acc=98.21, Loss=-342.2976, NLL=-1161.7638, KL=13.9636, AvgS=500.00, ProxLoss=0.0000
2026-03-19 01:22:40,969 - Server_DefaultID - INFO - Training client 98 (5/30)...
2026-03-19 01:22:41,989 - Server_DefaultID - INFO - Client 98: Acc=92.08, Loss=-341.9821, NLL=-1161.5902, KL=13.9629, AvgS=499.92, ProxLoss=0.0000
2026-03-19 01:22:41,989 - Server_DefaultID - INFO - Training client 4 (6/30)...
2026-03-19 01:22:43,945 - Server_DefaultID - INFO - Client 4: Acc=72.66, Loss=-344.9943, NLL=-1161.7681, KL=13.9636, AvgS=500.00, ProxLoss=0.0000
2026-03-19 01:22:43,945 - Server_DefaultID - INFO - Training client 32 (7/30)...
2026-03-19 01:22:45,761 - Server_DefaultID - INFO - Client 32: Acc=87.86, Loss=-343.9896, NLL=-1161.5586, KL=13.9628, AvgS=499.91, ProxLoss=0.0000
2026-03-19 01:22:45,761 - Server_DefaultID - INFO - Training client 10 (8/30)...
2026-03-19 01:22:48,396 - Server_DefaultID - INFO - Client 10: Acc=57.42, Loss=-344.9669, NLL=-1161.6873, KL=13.9633, AvgS=499.96, ProxLoss=0.0000
2026-03-19 01:22:48,396 - Server_DefaultID - INFO - Training client 80 (9/30)...
2026-03-19 01:22:48,991 - Server_DefaultID - INFO - Client 80: Acc=60.00, Loss=-254.2729, NLL=-864.0733, KL=12.6079, AvgS=371.39, ProxLoss=0.0000
2026-03-19 01:22:48,991 - Server_DefaultID - INFO - Training client 43 (10/30)...
2026-03-19 01:22:52,437 - Server_DefaultID - INFO - Client 43: Acc=90.65, Loss=-343.2742, NLL=-1161.7376, KL=13.9635, AvgS=499.99, ProxLoss=0.0000
2026-03-19 01:22:52,438 - Server_DefaultID - INFO - Training client 40 (11/30)...
2026-03-19 01:22:54,382 - Server_DefaultID - INFO - Client 40: Acc=75.94, Loss=-345.1002, NLL=-1161.6494, KL=13.9632, AvgS=499.95, ProxLoss=0.0000
2026-03-19 01:22:54,382 - Server_DefaultID - INFO - Training client 17 (12/30)...
2026-03-19 01:22:55,039 - Server_DefaultID - INFO - Client 17: Acc=82.34, Loss=-344.2016, NLL=-1161.2177, KL=13.9615, AvgS=499.76, ProxLoss=0.0000
2026-03-19 01:22:55,039 - Server_DefaultID - INFO - Training client 99 (13/30)...
2026-03-19 01:22:55,525 - Server_DefaultID - INFO - Client 99: Acc=14.69, Loss=-204.8663, NLL=-694.2344, KL=11.1957, AvgS=298.23, ProxLoss=0.0000
2026-03-19 01:22:55,525 - Server_DefaultID - INFO - Training client 65 (14/30)...
2026-03-19 01:22:56,135 - Server_DefaultID - INFO - Client 65: Acc=65.31, Loss=-145.9884, NLL=-498.1464, KL=10.0190, AvgS=213.70, ProxLoss=0.0000
2026-03-19 01:22:56,135 - Server_DefaultID - INFO - Training client 78 (15/30)...
2026-03-19 01:23:04,094 - Server_DefaultID - INFO - Client 78: Acc=95.77, Loss=-343.4391, NLL=-1161.7629, KL=13.9636, AvgS=500.00, ProxLoss=0.0000
2026-03-19 01:23:04,094 - Server_DefaultID - INFO - Training client 90 (16/30)...
2026-03-19 01:23:06,568 - Client_90 - WARNING - Client 90: Too few classes (1) or samples (592) for alpha report, returning uniform.
2026-03-19 01:23:06,568 - Server_DefaultID - INFO - Client 90: Acc=100.00, Loss=-340.8150, NLL=-1161.6983, KL=13.9633, AvgS=499.97, ProxLoss=0.0000
2026-03-19 01:23:06,568 - Server_DefaultID - INFO - Training client 22 (17/30)...
2026-03-19 01:23:07,246 - Server_DefaultID - INFO - Client 22: Acc=72.66, Loss=-309.6323, NLL=-1049.9212, KL=13.4337, AvgS=451.68, ProxLoss=0.0000
2026-03-19 01:23:07,246 - Server_DefaultID - INFO - Training client 69 (18/30)...
2026-03-19 01:23:08,005 - Server_DefaultID - INFO - Client 69: Acc=54.84, Loss=-342.6794, NLL=-1157.3065, KL=13.9456, AvgS=498.07, ProxLoss=0.0000
2026-03-19 01:23:08,006 - Server_DefaultID - INFO - Training client 85 (19/30)...
2026-03-19 01:23:11,100 - Server_DefaultID - INFO - Client 85: Acc=99.74, Loss=-341.0676, NLL=-1161.7574, KL=13.9636, AvgS=499.99, ProxLoss=0.0000
2026-03-19 01:23:11,100 - Server_DefaultID - INFO - Training client 83 (20/30)...
2026-03-19 01:23:13,944 - Server_DefaultID - INFO - Client 83: Acc=99.69, Loss=-341.0643, NLL=-1161.7345, KL=13.9635, AvgS=499.98, ProxLoss=0.0000
2026-03-19 01:23:13,944 - Server_DefaultID - INFO - Training client 35 (21/30)...
2026-03-19 01:23:14,916 - Server_DefaultID - INFO - Client 35: Acc=72.40, Loss=-344.4486, NLL=-1161.5294, KL=13.9626, AvgS=499.90, ProxLoss=0.0000
2026-03-19 01:23:14,916 - Server_DefaultID - INFO - Training client 89 (22/30)...
2026-03-19 01:23:18,567 - Server_DefaultID - INFO - Client 89: Acc=98.50, Loss=-341.8038, NLL=-1161.7651, KL=13.9636, AvgS=500.00, ProxLoss=0.0000
2026-03-19 01:23:18,567 - Server_DefaultID - INFO - Training client 75 (23/30)...
2026-03-19 01:23:21,669 - Server_DefaultID - INFO - Client 75: Acc=92.70, Loss=-342.3862, NLL=-1161.7490, KL=13.9635, AvgS=499.99, ProxLoss=0.0000
2026-03-19 01:23:21,669 - Server_DefaultID - INFO - Training client 56 (24/30)...
2026-03-19 01:23:23,956 - Server_DefaultID - INFO - Client 56: Acc=84.41, Loss=-342.8138, NLL=-1160.9564, KL=13.9603, AvgS=499.65, ProxLoss=0.0000
2026-03-19 01:23:23,957 - Server_DefaultID - INFO - Training client 3 (25/30)...
2026-03-19 01:23:25,722 - Server_DefaultID - INFO - Client 3: Acc=73.70, Loss=-345.3124, NLL=-1161.7651, KL=13.9636, AvgS=500.00, ProxLoss=0.0000
2026-03-19 01:23:25,722 - Server_DefaultID - INFO - Training client 55 (26/30)...
2026-03-19 01:23:33,114 - Server_DefaultID - INFO - Client 55: Acc=87.93, Loss=-344.0806, NLL=-1161.7396, KL=13.9635, AvgS=499.99, ProxLoss=0.0000
2026-03-19 01:23:33,114 - Server_DefaultID - INFO - Training client 29 (27/30)...
2026-03-19 01:23:34,315 - Server_DefaultID - INFO - Client 29: Acc=80.70, Loss=-342.9400, NLL=-1161.5304, KL=13.9627, AvgS=499.90, ProxLoss=0.0000
2026-03-19 01:23:34,315 - Server_DefaultID - INFO - Training client 58 (28/30)...
2026-03-19 01:23:36,367 - Server_DefaultID - INFO - Client 58: Acc=79.06, Loss=-342.1382, NLL=-1161.7345, KL=13.9635, AvgS=499.98, ProxLoss=0.0000
2026-03-19 01:23:36,367 - Server_DefaultID - INFO - Training client 12 (29/30)...
2026-03-19 01:23:37,945 - Server_DefaultID - INFO - Client 12: Acc=79.50, Loss=-345.1273, NLL=-1161.7460, KL=13.9635, AvgS=499.99, ProxLoss=0.0000
2026-03-19 01:23:37,945 - Server_DefaultID - INFO - Training client 28 (30/30)...
2026-03-19 01:23:38,385 - Server_DefaultID - INFO - Client 28: Acc=48.12, Loss=-223.5475, NLL=-764.2523, KL=11.5392, AvgS=328.46, ProxLoss=0.0000
2026-03-19 01:23:38,687 - Server_DefaultID - WARNING - Global prior extremely imbalanced (max/min=1.0), applied adaptive smoothing lam=0.10.
2026-03-19 01:23:38,688 - Server_DefaultID - INFO - Round [36/200] Summary | Avg Client Train Stats:	Loss [-339.5008]	 Acc [87.02]	NLL [-1149.4279]	 KL [13.8945]	AvgS [494.67]	 ProxLoss [0.0000]
GlobalPriorAlpha (first 10): [5.0, 5.0, 5.0, 5.0, 5.0, 5.0, 5.0, 5.0, 5.0, 5.0]
Round Time: 67.50s
2026-03-19 01:23:38,691 - Server_DefaultID - INFO - --- Global Round 37/200 ---
2026-03-19 01:23:38,692 - Server_DefaultID - INFO - Selected 30 active clients for round 37.
2026-03-19 01:23:38,692 - Server_DefaultID - INFO - Training client 92 (1/30)...
2026-03-19 01:23:39,921 - Server_DefaultID - INFO - Client 92: Acc=95.31, Loss=-343.0983, NLL=-1161.4885, KL=13.9625, AvgS=499.88, ProxLoss=0.0000
2026-03-19 01:23:39,922 - Server_DefaultID - INFO - Training client 85 (2/30)...
2026-03-19 01:23:42,969 - Server_DefaultID - INFO - Client 85: Acc=99.74, Loss=-341.0211, NLL=-1161.7515, KL=13.9636, AvgS=499.99, ProxLoss=0.0000
2026-03-19 01:23:42,969 - Server_DefaultID - INFO - Training client 32 (3/30)...
2026-03-19 01:23:44,631 - Server_DefaultID - INFO - Client 32: Acc=88.65, Loss=-343.8918, NLL=-1161.7107, KL=13.9634, AvgS=499.97, ProxLoss=0.0000
2026-03-19 01:23:44,632 - Server_DefaultID - INFO - Training client 83 (4/30)...
2026-03-19 01:23:47,202 - Server_DefaultID - INFO - Client 83: Acc=99.78, Loss=-340.9867, NLL=-1161.7518, KL=13.9636, AvgS=499.99, ProxLoss=0.0000
2026-03-19 01:23:47,202 - Server_DefaultID - INFO - Training client 46 (5/30)...
2026-03-19 01:23:49,337 - Server_DefaultID - INFO - Client 46: Acc=87.23, Loss=-343.2210, NLL=-1161.6126, KL=13.9630, AvgS=499.93, ProxLoss=0.0000
2026-03-19 01:23:49,337 - Server_DefaultID - INFO - Training client 15 (6/30)...
2026-03-19 01:23:50,048 - Server_DefaultID - INFO - Client 15: Acc=66.09, Loss=-343.7003, NLL=-1161.7447, KL=13.9635, AvgS=499.99, ProxLoss=0.0000
2026-03-19 01:23:50,048 - Server_DefaultID - INFO - Training client 25 (7/30)...
2026-03-19 01:23:50,712 - Server_DefaultID - INFO - Client 25: Acc=94.53, Loss=-343.1258, NLL=-1160.1942, KL=13.9573, AvgS=499.32, ProxLoss=0.0000
2026-03-19 01:23:50,713 - Server_DefaultID - INFO - Training client 59 (8/30)...
2026-03-19 01:23:54,136 - Server_DefaultID - INFO - Client 59: Acc=86.25, Loss=-343.4306, NLL=-1161.7016, KL=13.9634, AvgS=499.97, ProxLoss=0.0000
2026-03-19 01:23:54,136 - Server_DefaultID - INFO - Training client 68 (9/30)...
2026-03-19 01:23:56,583 - Server_DefaultID - INFO - Client 68: Acc=88.58, Loss=-341.9042, NLL=-1161.5132, KL=13.9626, AvgS=499.89, ProxLoss=0.0000
2026-03-19 01:23:56,583 - Server_DefaultID - INFO - Training client 89 (10/30)...
2026-03-19 01:24:00,153 - Server_DefaultID - INFO - Client 89: Acc=98.62, Loss=-341.7073, NLL=-1161.7424, KL=13.9635, AvgS=499.99, ProxLoss=0.0000
2026-03-19 01:24:00,153 - Server_DefaultID - INFO - Training client 7 (11/30)...
2026-03-19 01:24:01,728 - Server_DefaultID - INFO - Client 7: Acc=67.19, Loss=-343.5234, NLL=-1161.7388, KL=13.9635, AvgS=499.99, ProxLoss=0.0000
2026-03-19 01:24:01,728 - Server_DefaultID - INFO - Training client 41 (12/30)...
2026-03-19 01:24:03,701 - Server_DefaultID - INFO - Client 41: Acc=95.82, Loss=-342.8220, NLL=-1161.7622, KL=13.9636, AvgS=500.00, ProxLoss=0.0000
2026-03-19 01:24:03,701 - Server_DefaultID - INFO - Training client 1 (13/30)...
2026-03-19 01:24:04,303 - Server_DefaultID - INFO - Client 1: Acc=56.25, Loss=-343.7834, NLL=-1161.6180, KL=13.9630, AvgS=499.93, ProxLoss=0.0000
2026-03-19 01:24:04,303 - Server_DefaultID - INFO - Training client 66 (14/30)...
2026-03-19 01:24:06,164 - Server_DefaultID - INFO - Client 66: Acc=88.48, Loss=-342.8765, NLL=-1161.7173, KL=13.9634, AvgS=499.98, ProxLoss=0.0000
2026-03-19 01:24:06,164 - Server_DefaultID - INFO - Training client 39 (15/30)...
2026-03-19 01:24:10,070 - Server_DefaultID - INFO - Client 39: Acc=83.50, Loss=-343.5000, NLL=-1161.7441, KL=13.9635, AvgS=499.99, ProxLoss=0.0000
2026-03-19 01:24:10,070 - Server_DefaultID - INFO - Training client 90 (16/30)...
2026-03-19 01:24:12,588 - Client_90 - WARNING - Client 90: Too few classes (1) or samples (592) for alpha report, returning uniform.
2026-03-19 01:24:12,588 - Server_DefaultID - INFO - Client 90: Acc=100.00, Loss=-340.7882, NLL=-1161.7006, KL=13.9634, AvgS=499.97, ProxLoss=0.0000
2026-03-19 01:24:12,588 - Server_DefaultID - INFO - Training client 13 (17/30)...
2026-03-19 01:24:13,167 - Server_DefaultID - INFO - Client 13: Acc=56.25, Loss=-342.1619, NLL=-1161.0597, KL=13.9607, AvgS=499.69, ProxLoss=0.0000
2026-03-19 01:24:13,167 - Server_DefaultID - INFO - Training client 77 (18/30)...
2026-03-19 01:24:17,059 - Server_DefaultID - INFO - Client 77: Acc=92.52, Loss=-343.0174, NLL=-1161.3920, KL=13.9621, AvgS=499.84, ProxLoss=0.0000
2026-03-19 01:24:17,059 - Server_DefaultID - INFO - Training client 73 (19/30)...
2026-03-19 01:24:20,314 - Server_DefaultID - INFO - Client 73: Acc=92.86, Loss=-342.7029, NLL=-1161.7655, KL=13.9636, AvgS=500.00, ProxLoss=0.0000
2026-03-19 01:24:20,314 - Server_DefaultID - INFO - Training client 12 (20/30)...
2026-03-19 01:24:21,724 - Server_DefaultID - INFO - Client 12: Acc=82.31, Loss=-345.1352, NLL=-1161.7699, KL=13.9636, AvgS=500.00, ProxLoss=0.0000
2026-03-19 01:24:21,724 - Server_DefaultID - INFO - Training client 2 (21/30)...
2026-03-19 01:24:24,070 - Server_DefaultID - INFO - Client 2: Acc=79.41, Loss=-343.3912, NLL=-1161.7697, KL=13.9636, AvgS=500.00, ProxLoss=0.0000
2026-03-19 01:24:24,070 - Server_DefaultID - INFO - Training client 76 (22/30)...
2026-03-19 01:24:27,442 - Server_DefaultID - INFO - Client 76: Acc=89.49, Loss=-345.3009, NLL=-1161.7261, KL=13.9635, AvgS=499.98, ProxLoss=0.0000
2026-03-19 01:24:27,442 - Server_DefaultID - INFO - Training client 16 (23/30)...
2026-03-19 01:24:28,146 - Server_DefaultID - INFO - Client 16: Acc=68.28, Loss=-342.6671, NLL=-1161.3047, KL=13.9618, AvgS=499.80, ProxLoss=0.0000
2026-03-19 01:24:28,146 - Server_DefaultID - INFO - Training client 24 (24/30)...
2026-03-19 01:24:28,629 - Server_DefaultID - INFO - Client 24: Acc=57.19, Loss=-160.4223, NLL=-544.6933, KL=10.4834, AvgS=233.74, ProxLoss=0.0000
2026-03-19 01:24:28,629 - Server_DefaultID - INFO - Training client 10 (25/30)...
2026-03-19 01:24:29,895 - Server_DefaultID - INFO - Client 10: Acc=63.98, Loss=-344.9504, NLL=-1161.7637, KL=13.9636, AvgS=500.00, ProxLoss=0.0000
2026-03-19 01:24:29,895 - Server_DefaultID - INFO - Training client 40 (26/30)...
2026-03-19 01:24:31,543 - Server_DefaultID - INFO - Client 40: Acc=75.83, Loss=-344.9995, NLL=-1161.6979, KL=13.9633, AvgS=499.97, ProxLoss=0.0000
2026-03-19 01:24:31,543 - Server_DefaultID - INFO - Training client 57 (27/30)...
2026-03-19 01:24:35,711 - Server_DefaultID - INFO - Client 57: Acc=96.07, Loss=-343.0225, NLL=-1161.7541, KL=13.9636, AvgS=499.99, ProxLoss=0.0000
2026-03-19 01:24:35,711 - Server_DefaultID - INFO - Training client 78 (28/30)...
2026-03-19 01:24:42,829 - Server_DefaultID - INFO - Client 78: Acc=95.55, Loss=-343.4090, NLL=-1161.7625, KL=13.9636, AvgS=500.00, ProxLoss=0.0000
2026-03-19 01:24:42,829 - Server_DefaultID - INFO - Training client 63 (29/30)...
2026-03-19 01:24:44,178 - Server_DefaultID - INFO - Client 63: Acc=74.00, Loss=-343.6140, NLL=-1161.7457, KL=13.9635, AvgS=499.99, ProxLoss=0.0000
2026-03-19 01:24:44,178 - Server_DefaultID - INFO - Training client 21 (30/30)...
2026-03-19 01:24:46,185 - Server_DefaultID - INFO - Client 21: Acc=73.52, Loss=-345.0128, NLL=-1161.7363, KL=13.9635, AvgS=499.99, ProxLoss=0.0000
2026-03-19 01:24:46,404 - Server_DefaultID - WARNING - Global prior extremely imbalanced (max/min=1.0), applied adaptive smoothing lam=0.10.
2026-03-19 01:24:46,404 - Server_DefaultID - INFO - Round [37/200] Summary | Avg Client Train Stats:	Loss [-342.0079]	 Acc [88.70]	NLL [-1158.1576]	 KL [13.9434]	AvgS [498.44]	 ProxLoss [0.0000]
GlobalPriorAlpha (first 10): [5.0, 5.0, 5.0, 5.0, 5.0, 5.0, 5.0, 5.0, 5.0, 5.0]
Round Time: 67.71s
2026-03-19 01:24:46,408 - Server_DefaultID - INFO - --- Global Round 38/200 ---
2026-03-19 01:24:46,409 - Server_DefaultID - INFO - Selected 30 active clients for round 38.
2026-03-19 01:24:46,409 - Server_DefaultID - INFO - Training client 51 (1/30)...
2026-03-19 01:24:47,123 - Server_DefaultID - INFO - Client 51: Acc=43.28, Loss=-344.5761, NLL=-1161.0098, KL=13.9606, AvgS=499.67, ProxLoss=0.0000
2026-03-19 01:24:47,124 - Server_DefaultID - INFO - Training client 43 (2/30)...
2026-03-19 01:24:50,158 - Server_DefaultID - INFO - Client 43: Acc=91.22, Loss=-343.1860, NLL=-1161.7190, KL=13.9634, AvgS=499.98, ProxLoss=0.0000
2026-03-19 01:24:50,158 - Server_DefaultID - INFO - Training client 74 (3/30)...
2026-03-19 01:24:51,322 - Server_DefaultID - INFO - Client 74: Acc=69.92, Loss=-343.4535, NLL=-1161.6791, KL=13.9633, AvgS=499.96, ProxLoss=0.0000
2026-03-19 01:24:51,322 - Server_DefaultID - INFO - Training client 88 (4/30)...
2026-03-19 01:24:52,866 - Server_DefaultID - INFO - Client 88: Acc=59.22, Loss=-344.2446, NLL=-1161.7165, KL=13.9634, AvgS=499.98, ProxLoss=0.0000
2026-03-19 01:24:52,867 - Server_DefaultID - INFO - Training client 38 (5/30)...
2026-03-19 01:24:53,665 - Server_DefaultID - INFO - Client 38: Acc=55.78, Loss=-345.4790, NLL=-1161.6522, KL=13.9632, AvgS=499.95, ProxLoss=0.0000
2026-03-19 01:24:53,665 - Server_DefaultID - INFO - Training client 87 (6/30)...
2026-03-19 01:24:55,663 - Server_DefaultID - INFO - Client 87: Acc=83.39, Loss=-345.3902, NLL=-1161.4638, KL=13.9624, AvgS=499.87, ProxLoss=0.0000
2026-03-19 01:24:55,663 - Server_DefaultID - INFO - Training client 72 (7/30)...
2026-03-19 01:24:56,764 - Server_DefaultID - INFO - Client 72: Acc=95.16, Loss=-342.4137, NLL=-1161.6440, KL=13.9631, AvgS=499.95, ProxLoss=0.0000
2026-03-19 01:24:56,764 - Server_DefaultID - INFO - Training client 75 (8/30)...
2026-03-19 01:24:58,881 - Server_DefaultID - INFO - Client 75: Acc=92.85, Loss=-342.3133, NLL=-1161.7489, KL=13.9635, AvgS=499.99, ProxLoss=0.0000
2026-03-19 01:24:58,881 - Server_DefaultID - INFO - Training client 39 (9/30)...
2026-03-19 01:25:03,775 - Server_DefaultID - INFO - Client 39: Acc=84.21, Loss=-343.4164, NLL=-1161.7532, KL=13.9636, AvgS=499.99, ProxLoss=0.0000
2026-03-19 01:25:03,776 - Server_DefaultID - INFO - Training client 15 (10/30)...
2026-03-19 01:25:04,458 - Server_DefaultID - INFO - Client 15: Acc=69.22, Loss=-343.2715, NLL=-1161.4587, KL=13.9624, AvgS=499.87, ProxLoss=0.0000
2026-03-19 01:25:04,458 - Server_DefaultID - INFO - Training client 30 (11/30)...
2026-03-19 01:25:06,730 - Server_DefaultID - INFO - Client 30: Acc=93.20, Loss=-341.9034, NLL=-1161.4206, KL=13.9621, AvgS=499.85, ProxLoss=0.0000
2026-03-19 01:25:06,730 - Server_DefaultID - INFO - Training client 44 (12/30)...
2026-03-19 01:25:09,020 - Server_DefaultID - INFO - Client 44: Acc=93.99, Loss=-342.9994, NLL=-1161.5982, KL=13.9630, AvgS=499.93, ProxLoss=0.0000
2026-03-19 01:25:09,020 - Server_DefaultID - INFO - Training client 57 (13/30)...
2026-03-19 01:25:13,088 - Server_DefaultID - INFO - Client 57: Acc=95.72, Loss=-342.9567, NLL=-1161.7451, KL=13.9635, AvgS=499.99, ProxLoss=0.0000
2026-03-19 01:25:13,088 - Server_DefaultID - INFO - Training client 27 (14/30)...
2026-03-19 01:25:13,985 - Server_DefaultID - INFO - Client 27: Acc=74.69, Loss=-344.2685, NLL=-1161.2445, KL=13.9615, AvgS=499.77, ProxLoss=0.0000
2026-03-19 01:25:13,985 - Server_DefaultID - INFO - Training client 94 (15/30)...
2026-03-19 01:25:16,694 - Server_DefaultID - INFO - Client 94: Acc=88.41, Loss=-343.2738, NLL=-1161.7315, KL=13.9635, AvgS=499.98, ProxLoss=0.0000
2026-03-19 01:25:16,694 - Server_DefaultID - INFO - Training client 97 (16/30)...
2026-03-19 01:25:22,667 - Server_DefaultID - INFO - Client 97: Acc=99.58, Loss=-341.1110, NLL=-1161.7527, KL=13.9636, AvgS=499.99, ProxLoss=0.0000
2026-03-19 01:25:22,667 - Server_DefaultID - INFO - Training client 41 (17/30)...
2026-03-19 01:25:24,829 - Server_DefaultID - INFO - Client 41: Acc=95.86, Loss=-342.8340, NLL=-1161.7270, KL=13.9635, AvgS=499.98, ProxLoss=0.0000
2026-03-19 01:25:24,829 - Server_DefaultID - INFO - Training client 18 (18/30)...
2026-03-19 01:25:28,651 - Server_DefaultID - INFO - Client 18: Acc=89.46, Loss=-343.6800, NLL=-1161.7661, KL=13.9636, AvgS=500.00, ProxLoss=0.0000
2026-03-19 01:25:28,651 - Server_DefaultID - INFO - Training client 22 (19/30)...
2026-03-19 01:25:29,325 - Server_DefaultID - INFO - Client 22: Acc=72.34, Loss=-329.8040, NLL=-1118.5795, KL=13.7763, AvgS=481.33, ProxLoss=0.0000
2026-03-19 01:25:29,325 - Server_DefaultID - INFO - Training client 81 (20/30)...
2026-03-19 01:25:31,232 - Server_DefaultID - INFO - Client 81: Acc=85.40, Loss=-343.2724, NLL=-1161.6874, KL=13.9633, AvgS=499.96, ProxLoss=0.0000
2026-03-19 01:25:31,232 - Server_DefaultID - INFO - Training client 62 (21/30)...
2026-03-19 01:25:31,952 - Server_DefaultID - INFO - Client 62: Acc=88.75, Loss=-342.5440, NLL=-1158.2570, KL=13.9490, AvgS=498.48, ProxLoss=0.0000
2026-03-19 01:25:31,952 - Server_DefaultID - INFO - Training client 86 (22/30)...
2026-03-19 01:25:33,322 - Server_DefaultID - INFO - Client 86: Acc=82.44, Loss=-343.2736, NLL=-1161.6172, KL=13.9630, AvgS=499.93, ProxLoss=0.0000
2026-03-19 01:25:33,322 - Server_DefaultID - INFO - Training client 6 (23/30)...
2026-03-19 01:25:34,255 - Server_DefaultID - INFO - Client 6: Acc=82.81, Loss=-343.0967, NLL=-1161.6371, KL=13.9631, AvgS=499.94, ProxLoss=0.0000
2026-03-19 01:25:34,255 - Server_DefaultID - INFO - Training client 42 (24/30)...
2026-03-19 01:25:35,951 - Server_DefaultID - INFO - Client 42: Acc=90.57, Loss=-343.2808, NLL=-1161.7650, KL=13.9636, AvgS=500.00, ProxLoss=0.0000
2026-03-19 01:25:35,952 - Server_DefaultID - INFO - Training client 80 (25/30)...
2026-03-19 01:25:36,362 - Server_DefaultID - INFO - Client 80: Acc=56.88, Loss=-278.4271, NLL=-945.3768, KL=13.0197, AvgS=406.51, ProxLoss=0.0000
2026-03-19 01:25:36,362 - Server_DefaultID - INFO - Training client 98 (26/30)...
2026-03-19 01:25:37,283 - Server_DefaultID - INFO - Client 98: Acc=93.85, Loss=-341.9250, NLL=-1161.5893, KL=13.9629, AvgS=499.92, ProxLoss=0.0000
2026-03-19 01:25:37,283 - Server_DefaultID - INFO - Training client 5 (27/30)...
2026-03-19 01:25:37,737 - Server_DefaultID - INFO - Client 5: Acc=70.00, Loss=-344.5737, NLL=-1161.2913, KL=13.9617, AvgS=499.79, ProxLoss=0.0000
2026-03-19 01:25:37,738 - Server_DefaultID - INFO - Training client 55 (28/30)...
2026-03-19 01:25:45,341 - Server_DefaultID - INFO - Client 55: Acc=88.41, Loss=-343.9966, NLL=-1161.7447, KL=13.9635, AvgS=499.99, ProxLoss=0.0000
2026-03-19 01:25:45,341 - Server_DefaultID - INFO - Training client 37 (29/30)...
2026-03-19 01:25:46,556 - Server_DefaultID - INFO - Client 37: Acc=78.83, Loss=-344.2108, NLL=-1161.5440, KL=13.9627, AvgS=499.90, ProxLoss=0.0000
2026-03-19 01:25:46,556 - Server_DefaultID - INFO - Training client 13 (30/30)...
2026-03-19 01:25:47,008 - Server_DefaultID - INFO - Client 13: Acc=57.81, Loss=-342.3054, NLL=-1161.5245, KL=13.9627, AvgS=499.89, ProxLoss=0.0000
2026-03-19 01:25:47,243 - Server_DefaultID - WARNING - Global prior extremely imbalanced (max/min=1.0), applied adaptive smoothing lam=0.10.
2026-03-19 01:25:47,243 - Server_DefaultID - INFO - Round [38/200] Summary | Avg Client Train Stats:	Loss [-342.5473]	 Acc [87.50]	NLL [-1159.6544]	 KL [13.9545]	AvgS [499.09]	 ProxLoss [0.0000]
GlobalPriorAlpha (first 10): [5.0, 5.0, 5.0, 5.0, 5.0, 5.0, 5.0, 5.0, 5.0, 5.0]
Round Time: 60.83s
2026-03-19 01:25:47,246 - Server_DefaultID - INFO - --- Global Round 39/200 ---
2026-03-19 01:25:47,246 - Server_DefaultID - INFO - Selected 30 active clients for round 39.
2026-03-19 01:25:47,247 - Server_DefaultID - INFO - Training client 55 (1/30)...
2026-03-19 01:25:56,341 - Server_DefaultID - INFO - Client 55: Acc=88.38, Loss=-343.9711, NLL=-1161.7509, KL=13.9636, AvgS=499.99, ProxLoss=0.0000
2026-03-19 01:25:56,342 - Server_DefaultID - INFO - Training client 1 (2/30)...
2026-03-19 01:25:56,951 - Server_DefaultID - INFO - Client 1: Acc=63.91, Loss=-343.7867, NLL=-1161.7140, KL=13.9634, AvgS=499.98, ProxLoss=0.0000
2026-03-19 01:25:56,951 - Server_DefaultID - INFO - Training client 58 (3/30)...
2026-03-19 01:25:58,956 - Server_DefaultID - INFO - Client 58: Acc=80.80, Loss=-341.9665, NLL=-1161.6148, KL=13.9630, AvgS=499.93, ProxLoss=0.0000
2026-03-19 01:25:58,956 - Server_DefaultID - INFO - Training client 68 (4/30)...
2026-03-19 01:26:01,149 - Server_DefaultID - INFO - Client 68: Acc=91.39, Loss=-341.8913, NLL=-1161.6090, KL=13.9630, AvgS=499.93, ProxLoss=0.0000
2026-03-19 01:26:01,149 - Server_DefaultID - INFO - Training client 94 (5/30)...
2026-03-19 01:26:03,820 - Server_DefaultID - INFO - Client 94: Acc=90.00, Loss=-343.2669, NLL=-1161.5852, KL=13.9629, AvgS=499.92, ProxLoss=0.0000
2026-03-19 01:26:03,820 - Server_DefaultID - INFO - Training client 75 (6/30)...
2026-03-19 01:26:05,932 - Server_DefaultID - INFO - Client 75: Acc=93.71, Loss=-342.2359, NLL=-1161.6731, KL=13.9632, AvgS=499.96, ProxLoss=0.0000
2026-03-19 01:26:05,932 - Server_DefaultID - INFO - Training client 42 (7/30)...
2026-03-19 01:26:07,560 - Server_DefaultID - INFO - Client 42: Acc=90.62, Loss=-343.2160, NLL=-1161.7495, KL=13.9635, AvgS=499.99, ProxLoss=0.0000
2026-03-19 01:26:07,560 - Server_DefaultID - INFO - Training client 64 (8/30)...
2026-03-19 01:26:07,951 - Server_DefaultID - INFO - Client 64: Acc=64.38, Loss=-276.8970, NLL=-942.3075, KL=12.9943, AvgS=405.23, ProxLoss=0.0000
2026-03-19 01:26:07,951 - Server_DefaultID - INFO - Training client 7 (9/30)...
2026-03-19 01:26:09,458 - Server_DefaultID - INFO - Client 7: Acc=70.62, Loss=-343.5106, NLL=-1161.7090, KL=13.9634, AvgS=499.97, ProxLoss=0.0000
2026-03-19 01:26:09,459 - Server_DefaultID - INFO - Training client 36 (10/30)...
2026-03-19 01:26:14,715 - Server_DefaultID - INFO - Client 36: Acc=98.32, Loss=-342.1657, NLL=-1161.7631, KL=13.9636, AvgS=500.00, ProxLoss=0.0000
2026-03-19 01:26:14,715 - Server_DefaultID - INFO - Training client 71 (11/30)...
2026-03-19 01:26:15,392 - Server_DefaultID - INFO - Client 71: Acc=71.09, Loss=-340.8500, NLL=-1152.1480, KL=13.9242, AvgS=495.84, ProxLoss=0.0000
2026-03-19 01:26:15,392 - Server_DefaultID - INFO - Training client 84 (12/30)...
2026-03-19 01:26:15,813 - Server_DefaultID - INFO - Client 84: Acc=50.94, Loss=-138.4848, NLL=-478.6011, KL=9.9037, AvgS=205.16, ProxLoss=0.0000
2026-03-19 01:26:15,813 - Server_DefaultID - INFO - Training client 60 (13/30)...
2026-03-19 01:26:16,669 - Server_DefaultID - INFO - Client 60: Acc=62.40, Loss=-342.3322, NLL=-1161.6311, KL=13.9631, AvgS=499.94, ProxLoss=0.0000
2026-03-19 01:26:16,669 - Server_DefaultID - INFO - Training client 45 (14/30)...
2026-03-19 01:26:18,669 - Server_DefaultID - INFO - Client 45: Acc=68.95, Loss=-343.0049, NLL=-1161.6810, KL=13.9633, AvgS=499.96, ProxLoss=0.0000
2026-03-19 01:26:18,669 - Server_DefaultID - INFO - Training client 49 (15/30)...
2026-03-19 01:26:20,493 - Server_DefaultID - INFO - Client 49: Acc=92.41, Loss=-343.1595, NLL=-1161.7398, KL=13.9635, AvgS=499.99, ProxLoss=0.0000
2026-03-19 01:26:20,494 - Server_DefaultID - INFO - Training client 40 (16/30)...
2026-03-19 01:26:22,930 - Server_DefaultID - INFO - Client 40: Acc=78.07, Loss=-344.8770, NLL=-1161.5758, KL=13.9629, AvgS=499.92, ProxLoss=0.0000
2026-03-19 01:26:22,931 - Server_DefaultID - INFO - Training client 11 (17/30)...
2026-03-19 01:26:24,591 - Server_DefaultID - INFO - Client 11: Acc=91.82, Loss=-343.7300, NLL=-1161.7699, KL=13.9636, AvgS=500.00, ProxLoss=0.0000
2026-03-19 01:26:24,591 - Server_DefaultID - INFO - Training client 15 (18/30)...
2026-03-19 01:26:25,309 - Server_DefaultID - INFO - Client 15: Acc=73.28, Loss=-343.6847, NLL=-1161.7513, KL=13.9636, AvgS=499.99, ProxLoss=0.0000
2026-03-19 01:26:25,309 - Server_DefaultID - INFO - Training client 65 (19/30)...
2026-03-19 01:26:25,748 - Server_DefaultID - INFO - Client 65: Acc=66.25, Loss=-166.0836, NLL=-565.7850, KL=10.5837, AvgS=242.81, ProxLoss=0.0000
2026-03-19 01:26:25,748 - Server_DefaultID - INFO - Training client 21 (20/30)...
2026-03-19 01:26:27,758 - Server_DefaultID - INFO - Client 21: Acc=76.60, Loss=-344.9874, NLL=-1161.7302, KL=13.9635, AvgS=499.98, ProxLoss=0.0000
2026-03-19 01:26:27,758 - Server_DefaultID - INFO - Training client 31 (21/30)...
2026-03-19 01:26:30,025 - Server_DefaultID - INFO - Client 31: Acc=85.62, Loss=-343.1704, NLL=-1161.7216, KL=13.9634, AvgS=499.98, ProxLoss=0.0000
2026-03-19 01:26:30,025 - Server_DefaultID - INFO - Training client 9 (22/30)...
2026-03-19 01:26:31,731 - Server_DefaultID - INFO - Client 9: Acc=97.50, Loss=-342.0779, NLL=-1161.7660, KL=13.9636, AvgS=500.00, ProxLoss=0.0000
2026-03-19 01:26:31,731 - Server_DefaultID - INFO - Training client 13 (23/30)...
2026-03-19 01:26:32,130 - Server_DefaultID - INFO - Client 13: Acc=59.06, Loss=-342.5476, NLL=-1161.4996, KL=13.9626, AvgS=499.88, ProxLoss=0.0000
2026-03-19 01:26:32,131 - Server_DefaultID - INFO - Training client 24 (24/30)...
2026-03-19 01:26:32,531 - Server_DefaultID - INFO - Client 24: Acc=54.69, Loss=-179.8197, NLL=-610.2098, KL=10.9788, AvgS=261.95, ProxLoss=0.0000
2026-03-19 01:26:32,531 - Server_DefaultID - INFO - Training client 92 (25/30)...
2026-03-19 01:26:33,587 - Server_DefaultID - INFO - Client 92: Acc=95.39, Loss=-343.4955, NLL=-1161.7699, KL=13.9636, AvgS=500.00, ProxLoss=0.0000
2026-03-19 01:26:33,587 - Server_DefaultID - INFO - Training client 82 (26/30)...
2026-03-19 01:26:34,952 - Server_DefaultID - INFO - Client 82: Acc=86.31, Loss=-342.9396, NLL=-1161.2934, KL=13.9617, AvgS=499.79, ProxLoss=0.0000
2026-03-19 01:26:34,953 - Server_DefaultID - INFO - Training client 38 (27/30)...
2026-03-19 01:26:35,705 - Server_DefaultID - INFO - Client 38: Acc=61.41, Loss=-345.4019, NLL=-1161.4861, KL=13.9625, AvgS=499.88, ProxLoss=0.0000
2026-03-19 01:26:35,705 - Server_DefaultID - INFO - Training client 76 (28/30)...
2026-03-19 01:26:37,854 - Server_DefaultID - INFO - Client 76: Acc=91.88, Loss=-345.2611, NLL=-1161.7261, KL=13.9635, AvgS=499.98, ProxLoss=0.0000
2026-03-19 01:26:37,854 - Server_DefaultID - INFO - Training client 26 (29/30)...
2026-03-19 01:26:41,910 - Server_DefaultID - INFO - Client 26: Acc=97.65, Loss=-342.3830, NLL=-1161.7244, KL=13.9634, AvgS=499.98, ProxLoss=0.0000
2026-03-19 01:26:41,910 - Server_DefaultID - INFO - Training client 46 (30/30)...
2026-03-19 01:26:43,913 - Server_DefaultID - INFO - Client 46: Acc=86.68, Loss=-343.3080, NLL=-1161.7065, KL=13.9634, AvgS=499.97, ProxLoss=0.0000
2026-03-19 01:26:44,183 - Server_DefaultID - WARNING - Global prior extremely imbalanced (max/min=1.0), applied adaptive smoothing lam=0.10.
2026-03-19 01:26:44,183 - Server_DefaultID - INFO - Round [39/200] Summary | Avg Client Train Stats:	Loss [-339.9997]	 Acc [86.75]	NLL [-1150.9655]	 KL [13.9050]	AvgS [495.34]	 ProxLoss [0.0000]
GlobalPriorAlpha (first 10): [5.0, 5.0, 5.0, 5.0, 5.0, 5.0, 5.0, 5.0, 5.0, 5.0]
Round Time: 56.94s
2026-03-19 01:26:44,186 - Server_DefaultID - INFO - --- Global Round 40/200 ---
2026-03-19 01:26:44,186 - Server_DefaultID - INFO - Selected 30 active clients for round 40.
2026-03-19 01:26:44,186 - Server_DefaultID - INFO - Training client 71 (1/30)...
2026-03-19 01:26:44,871 - Server_DefaultID - INFO - Client 71: Acc=66.25, Loss=-343.1092, NLL=-1159.4932, KL=13.9546, AvgS=499.02, ProxLoss=0.0000
2026-03-19 01:26:44,871 - Server_DefaultID - INFO - Training client 66 (2/30)...
2026-03-19 01:26:46,871 - Server_DefaultID - INFO - Client 66: Acc=88.53, Loss=-342.8866, NLL=-1161.7533, KL=13.9636, AvgS=499.99, ProxLoss=0.0000
2026-03-19 01:26:46,872 - Server_DefaultID - INFO - Training client 81 (3/30)...
2026-03-19 01:26:48,772 - Server_DefaultID - INFO - Client 81: Acc=87.05, Loss=-343.2024, NLL=-1161.5359, KL=13.9627, AvgS=499.90, ProxLoss=0.0000
2026-03-19 01:26:48,772 - Server_DefaultID - INFO - Training client 62 (4/30)...
2026-03-19 01:26:49,515 - Server_DefaultID - INFO - Client 62: Acc=90.47, Loss=-342.9100, NLL=-1160.3313, KL=13.9579, AvgS=499.38, ProxLoss=0.0000
2026-03-19 01:26:49,516 - Server_DefaultID - INFO - Training client 11 (5/30)...
2026-03-19 01:26:51,075 - Server_DefaultID - INFO - Client 11: Acc=92.40, Loss=-343.5815, NLL=-1161.7650, KL=13.9636, AvgS=500.00, ProxLoss=0.0000
2026-03-19 01:26:51,075 - Server_DefaultID - INFO - Training client 55 (6/30)...
2026-03-19 01:26:59,454 - Server_DefaultID - INFO - Client 55: Acc=89.61, Loss=-343.9370, NLL=-1161.7181, KL=13.9634, AvgS=499.98, ProxLoss=0.0000
2026-03-19 01:26:59,455 - Server_DefaultID - INFO - Training client 60 (7/30)...
2026-03-19 01:27:00,374 - Server_DefaultID - INFO - Client 60: Acc=62.92, Loss=-342.5211, NLL=-1161.7531, KL=13.9636, AvgS=499.99, ProxLoss=0.0000
2026-03-19 01:27:00,374 - Server_DefaultID - INFO - Training client 84 (8/30)...
2026-03-19 01:27:00,796 - Server_DefaultID - INFO - Client 84: Acc=47.55, Loss=-158.4784, NLL=-545.8312, KL=10.3863, AvgS=234.14, ProxLoss=0.0000
2026-03-19 01:27:00,796 - Server_DefaultID - INFO - Training client 80 (9/30)...
2026-03-19 01:27:01,205 - Server_DefaultID - INFO - Client 80: Acc=58.44, Loss=-304.1224, NLL=-1031.2648, KL=13.4127, AvgS=443.62, ProxLoss=0.0000
2026-03-19 01:27:01,206 - Server_DefaultID - INFO - Training client 9 (10/30)...
2026-03-19 01:27:02,925 - Server_DefaultID - INFO - Client 9: Acc=97.59, Loss=-341.9779, NLL=-1161.7496, KL=13.9635, AvgS=499.99, ProxLoss=0.0000
2026-03-19 01:27:02,926 - Server_DefaultID - INFO - Training client 22 (11/30)...
2026-03-19 01:27:03,573 - Server_DefaultID - INFO - Client 22: Acc=91.56, Loss=-340.2311, NLL=-1151.3604, KL=13.9193, AvgS=495.50, ProxLoss=0.0000
2026-03-19 01:27:03,574 - Server_DefaultID - INFO - Training client 34 (12/30)...
2026-03-19 01:27:04,447 - Server_DefaultID - INFO - Client 34: Acc=75.31, Loss=-343.9372, NLL=-1161.3322, KL=13.9618, AvgS=499.81, ProxLoss=0.0000
2026-03-19 01:27:04,447 - Server_DefaultID - INFO - Training client 99 (13/30)...
2026-03-19 01:27:04,799 - Server_DefaultID - INFO - Client 99: Acc=17.50, Loss=-228.3727, NLL=-772.3664, KL=11.7340, AvgS=331.92, ProxLoss=0.0000
2026-03-19 01:27:04,799 - Server_DefaultID - INFO - Training client 2 (14/30)...
2026-03-19 01:27:06,879 - Server_DefaultID - INFO - Client 2: Acc=79.55, Loss=-343.3008, NLL=-1161.7699, KL=13.9636, AvgS=500.00, ProxLoss=0.0000
2026-03-19 01:27:06,879 - Server_DefaultID - INFO - Training client 78 (15/30)...
2026-03-19 01:27:13,842 - Server_DefaultID - INFO - Client 78: Acc=95.82, Loss=-343.2377, NLL=-1161.7617, KL=13.9636, AvgS=500.00, ProxLoss=0.0000
2026-03-19 01:27:13,843 - Server_DefaultID - INFO - Training client 47 (16/30)...
2026-03-19 01:27:15,451 - Server_DefaultID - INFO - Client 47: Acc=80.42, Loss=-344.7819, NLL=-1161.7194, KL=13.9634, AvgS=499.98, ProxLoss=0.0000
2026-03-19 01:27:15,451 - Server_DefaultID - INFO - Training client 18 (17/30)...
2026-03-19 01:27:19,453 - Server_DefaultID - INFO - Client 18: Acc=91.83, Loss=-343.6070, NLL=-1161.7611, KL=13.9636, AvgS=500.00, ProxLoss=0.0000
2026-03-19 01:27:19,453 - Server_DefaultID - INFO - Training client 38 (18/30)...
2026-03-19 01:27:20,124 - Server_DefaultID - INFO - Client 38: Acc=64.22, Loss=-345.3290, NLL=-1161.4668, KL=13.9624, AvgS=499.87, ProxLoss=0.0000
2026-03-19 01:27:20,124 - Server_DefaultID - INFO - Training client 13 (19/30)...
2026-03-19 01:27:20,530 - Server_DefaultID - INFO - Client 13: Acc=63.44, Loss=-342.3357, NLL=-1161.6002, KL=13.9630, AvgS=499.93, ProxLoss=0.0000
2026-03-19 01:27:20,530 - Server_DefaultID - INFO - Training client 17 (20/30)...
2026-03-19 01:27:21,254 - Server_DefaultID - INFO - Client 17: Acc=81.72, Loss=-344.4207, NLL=-1161.7377, KL=13.9635, AvgS=499.99, ProxLoss=0.0000
2026-03-19 01:27:21,254 - Server_DefaultID - INFO - Training client 65 (21/30)...
2026-03-19 01:27:21,674 - Server_DefaultID - INFO - Client 65: Acc=65.31, Loss=-188.9751, NLL=-643.3775, KL=11.1857, AvgS=276.23, ProxLoss=0.0000
2026-03-19 01:27:21,674 - Server_DefaultID - INFO - Training client 83 (22/30)...
2026-03-19 01:27:24,230 - Server_DefaultID - INFO - Client 83: Acc=99.69, Loss=-340.9482, NLL=-1161.7483, KL=13.9635, AvgS=499.99, ProxLoss=0.0000
2026-03-19 01:27:24,231 - Server_DefaultID - INFO - Training client 6 (23/30)...
2026-03-19 01:27:25,147 - Server_DefaultID - INFO - Client 6: Acc=87.40, Loss=-343.1756, NLL=-1161.5528, KL=13.9628, AvgS=499.91, ProxLoss=0.0000
2026-03-19 01:27:25,147 - Server_DefaultID - INFO - Training client 58 (24/30)...
2026-03-19 01:27:27,064 - Server_DefaultID - INFO - Client 58: Acc=81.12, Loss=-341.9457, NLL=-1161.6609, KL=13.9632, AvgS=499.95, ProxLoss=0.0000
2026-03-19 01:27:27,064 - Server_DefaultID - INFO - Training client 48 (25/30)...
2026-03-19 01:27:31,385 - Server_DefaultID - INFO - Client 48: Acc=86.69, Loss=-343.4077, NLL=-1161.7572, KL=13.9636, AvgS=499.99, ProxLoss=0.0000
2026-03-19 01:27:31,385 - Server_DefaultID - INFO - Training client 16 (26/30)...
2026-03-19 01:27:32,098 - Server_DefaultID - INFO - Client 16: Acc=68.91, Loss=-342.9012, NLL=-1161.7699, KL=13.9636, AvgS=500.00, ProxLoss=0.0000
2026-03-19 01:27:32,099 - Server_DefaultID - INFO - Training client 92 (27/30)...
2026-03-19 01:27:33,337 - Server_DefaultID - INFO - Client 92: Acc=95.08, Loss=-342.9729, NLL=-1161.7004, KL=13.9633, AvgS=499.97, ProxLoss=0.0000
2026-03-19 01:27:33,337 - Server_DefaultID - INFO - Training client 56 (28/30)...
2026-03-19 01:27:35,489 - Server_DefaultID - INFO - Client 56: Acc=84.22, Loss=-342.9331, NLL=-1161.4149, KL=13.9623, AvgS=499.85, ProxLoss=0.0000
2026-03-19 01:27:35,489 - Server_DefaultID - INFO - Training client 95 (29/30)...
2026-03-19 01:27:37,832 - Server_DefaultID - INFO - Client 95: Acc=71.32, Loss=-342.1695, NLL=-1161.6908, KL=13.9633, AvgS=499.97, ProxLoss=0.0000
2026-03-19 01:27:37,832 - Server_DefaultID - INFO - Training client 31 (30/30)...
2026-03-19 01:27:40,280 - Server_DefaultID - INFO - Client 31: Acc=83.72, Loss=-343.1129, NLL=-1161.7043, KL=13.9634, AvgS=499.97, ProxLoss=0.0000
2026-03-19 01:27:40,624 - Server_DefaultID - WARNING - Global prior extremely imbalanced (max/min=1.0), applied adaptive smoothing lam=0.10.
2026-03-19 01:27:40,624 - Server_DefaultID - INFO - Round [40/200] Summary | Avg Client Train Stats:	Loss [-340.6051]	 Acc [86.17]	NLL [-1153.0530]	 KL [13.9162]	AvgS [496.24]	 ProxLoss [0.0000]
GlobalPriorAlpha (first 10): [5.0, 5.0, 5.0, 5.0, 5.0, 5.0, 5.0, 5.0, 5.0, 5.0]
Round Time: 56.44s
2026-03-19 01:27:40,624 - Server_DefaultID - INFO - --- Evaluating models at round 40 ---
2026-03-19 01:28:49,316 - Server_DefaultID - INFO - Global Model Evaluation (Round 40): 
  Avg Test Acc: 74.04%
  Avg Test Acc Softmax: 74.04%
  Avg Test Loss: -1100.5077
  Avg Test NLL: -1114.3382
  Avg Test KL (vs flat prior): 13.6963
  Avg Test S: 479.53
2026-03-19 01:29:57,338 - Server_DefaultID - INFO - Personalized Model Evaluation (Round 40): 
  Avg Test Acc: 76.88%
  Avg Test Acc Softmax: 76.88%
  Avg Test Loss: -1105.4516
  Avg Test NLL: -1119.3212
  Avg Test KL (vs flat prior): 13.7297
  Avg Test S: 481.68
2026-03-19 01:29:57,338 - Server_DefaultID - INFO - [Metric 1] Personalized Brier Score | Mean: 0.3387
2026-03-19 01:29:57,338 - Server_DefaultID - INFO - [Metric 1] Personalized ECE | Mean: 0.0948
2026-03-19 01:29:57,338 - Server_DefaultID - INFO - [OOD Eval] OOD AUC-ROC (Epistemic): 0.0549
2026-03-19 01:29:57,338 - Server_DefaultID - INFO - [Metric 4] OOD FPR@95%TPR: 0.9772
2026-03-19 01:29:58,833 - Server_DefaultID - INFO - --- Global Round 41/200 ---
2026-03-19 01:29:58,833 - Server_DefaultID - INFO - Selected 30 active clients for round 41.
2026-03-19 01:29:58,833 - Server_DefaultID - INFO - Training client 34 (1/30)...
2026-03-19 01:29:59,606 - Server_DefaultID - INFO - Client 34: Acc=75.52, Loss=-344.2920, NLL=-1161.7253, KL=13.9635, AvgS=499.98, ProxLoss=0.0000
2026-03-19 01:29:59,606 - Server_DefaultID - INFO - Training client 23 (2/30)...
2026-03-19 01:29:59,992 - Server_DefaultID - INFO - Client 23: Acc=79.32, Loss=-162.9130, NLL=-559.5062, KL=10.6827, AvgS=240.07, ProxLoss=0.0000
2026-03-19 01:29:59,992 - Server_DefaultID - INFO - Training client 64 (3/30)...
2026-03-19 01:30:00,381 - Server_DefaultID - INFO - Client 64: Acc=55.62, Loss=-297.1338, NLL=-1010.8327, KL=13.3109, AvgS=434.82, ProxLoss=0.0000
2026-03-19 01:30:00,382 - Server_DefaultID - INFO - Training client 56 (4/30)...
2026-03-19 01:30:02,166 - Server_DefaultID - INFO - Client 56: Acc=84.73, Loss=-343.0171, NLL=-1161.6744, KL=13.9633, AvgS=499.96, ProxLoss=0.0000
2026-03-19 01:30:02,167 - Server_DefaultID - INFO - Training client 77 (5/30)...
2026-03-19 01:30:04,905 - Server_DefaultID - INFO - Client 77: Acc=93.10, Loss=-342.8937, NLL=-1161.7275, KL=13.9635, AvgS=499.98, ProxLoss=0.0000
2026-03-19 01:30:04,905 - Server_DefaultID - INFO - Training client 82 (6/30)...
2026-03-19 01:30:06,064 - Server_DefaultID - INFO - Client 82: Acc=90.38, Loss=-343.0034, NLL=-1161.6516, KL=13.9632, AvgS=499.95, ProxLoss=0.0000
2026-03-19 01:30:06,064 - Server_DefaultID - INFO - Training client 54 (7/30)...
2026-03-19 01:30:06,604 - Server_DefaultID - INFO - Client 54: Acc=70.00, Loss=-196.1671, NLL=-674.7911, KL=11.3921, AvgS=289.81, ProxLoss=0.0000
2026-03-19 01:30:06,604 - Server_DefaultID - INFO - Training client 13 (8/30)...
2026-03-19 01:30:06,924 - Server_DefaultID - INFO - Client 13: Acc=48.44, Loss=-341.1314, NLL=-1158.8295, KL=13.9520, AvgS=498.73, ProxLoss=0.0000
2026-03-19 01:30:06,924 - Server_DefaultID - INFO - Training client 19 (9/30)...
2026-03-19 01:30:09,459 - Server_DefaultID - INFO - Client 19: Acc=95.40, Loss=-341.7860, NLL=-1161.7607, KL=13.9636, AvgS=500.00, ProxLoss=0.0000
2026-03-19 01:30:09,459 - Server_DefaultID - INFO - Training client 4 (10/30)...
2026-03-19 01:30:10,689 - Server_DefaultID - INFO - Client 4: Acc=66.93, Loss=-344.6147, NLL=-1161.6211, KL=13.9630, AvgS=499.94, ProxLoss=0.0000
2026-03-19 01:30:10,689 - Server_DefaultID - INFO - Training client 87 (11/30)...
2026-03-19 01:30:11,943 - Server_DefaultID - INFO - Client 87: Acc=85.98, Loss=-345.2834, NLL=-1161.6558, KL=13.9632, AvgS=499.95, ProxLoss=0.0000
2026-03-19 01:30:11,943 - Server_DefaultID - INFO - Training client 57 (12/30)...
2026-03-19 01:30:15,064 - Server_DefaultID - INFO - Client 57: Acc=96.16, Loss=-342.7936, NLL=-1161.7291, KL=13.9635, AvgS=499.98, ProxLoss=0.0000
2026-03-19 01:30:15,064 - Server_DefaultID - INFO - Training client 75 (13/30)...
2026-03-19 01:30:16,734 - Server_DefaultID - INFO - Client 75: Acc=93.71, Loss=-342.2059, NLL=-1161.7388, KL=13.9635, AvgS=499.99, ProxLoss=0.0000
2026-03-19 01:30:16,734 - Server_DefaultID - INFO - Training client 41 (14/30)...
2026-03-19 01:30:18,369 - Server_DefaultID - INFO - Client 41: Acc=95.66, Loss=-342.6414, NLL=-1161.6416, KL=13.9631, AvgS=499.94, ProxLoss=0.0000
2026-03-19 01:30:18,369 - Server_DefaultID - INFO - Training client 47 (15/30)...
2026-03-19 01:30:19,611 - Server_DefaultID - INFO - Client 47: Acc=83.44, Loss=-344.8464, NLL=-1161.7517, KL=13.9636, AvgS=499.99, ProxLoss=0.0000
2026-03-19 01:30:19,611 - Server_DefaultID - INFO - Training client 17 (16/30)...
2026-03-19 01:30:20,124 - Server_DefaultID - INFO - Client 17: Acc=81.25, Loss=-343.2357, NLL=-1160.3479, KL=13.9580, AvgS=499.39, ProxLoss=0.0000
2026-03-19 01:30:20,126 - Server_DefaultID - INFO - Training client 90 (17/30)...
2026-03-19 01:30:21,787 - Client_90 - WARNING - Client 90: Too few classes (1) or samples (592) for alpha report, returning uniform.
2026-03-19 01:30:21,787 - Server_DefaultID - INFO - Client 90: Acc=100.00, Loss=-340.6290, NLL=-1161.7364, KL=13.9635, AvgS=499.99, ProxLoss=0.0000
2026-03-19 01:30:21,787 - Server_DefaultID - INFO - Training client 25 (18/30)...
2026-03-19 01:30:22,505 - Server_DefaultID - INFO - Client 25: Acc=96.09, Loss=-342.4138, NLL=-1161.3705, KL=13.9620, AvgS=499.83, ProxLoss=0.0000
2026-03-19 01:30:22,506 - Server_DefaultID - INFO - Training client 59 (19/30)...
2026-03-19 01:30:24,765 - Server_DefaultID - INFO - Client 59: Acc=88.85, Loss=-343.3255, NLL=-1161.7225, KL=13.9634, AvgS=499.98, ProxLoss=0.0000
2026-03-19 01:30:24,765 - Server_DefaultID - INFO - Training client 38 (20/30)...
2026-03-19 01:30:25,408 - Server_DefaultID - INFO - Client 38: Acc=64.22, Loss=-345.2973, NLL=-1161.4107, KL=13.9622, AvgS=499.85, ProxLoss=0.0000
2026-03-19 01:30:25,408 - Server_DefaultID - INFO - Training client 74 (21/30)...
2026-03-19 01:30:26,444 - Server_DefaultID - INFO - Client 74: Acc=69.45, Loss=-343.1819, NLL=-1161.4148, KL=13.9622, AvgS=499.85, ProxLoss=0.0000
2026-03-19 01:30:26,444 - Server_DefaultID - INFO - Training client 63 (22/30)...
2026-03-19 01:30:27,768 - Server_DefaultID - INFO - Client 63: Acc=77.75, Loss=-343.3660, NLL=-1161.5763, KL=13.9629, AvgS=499.92, ProxLoss=0.0000
2026-03-19 01:30:27,768 - Server_DefaultID - INFO - Training client 16 (23/30)...
2026-03-19 01:30:28,526 - Server_DefaultID - INFO - Client 16: Acc=57.81, Loss=-342.0471, NLL=-1160.5851, KL=13.9590, AvgS=499.49, ProxLoss=0.0000
2026-03-19 01:30:28,527 - Server_DefaultID - INFO - Training client 37 (24/30)...
2026-03-19 01:30:30,481 - Server_DefaultID - INFO - Client 37: Acc=81.25, Loss=-344.3637, NLL=-1161.7644, KL=13.9636, AvgS=500.00, ProxLoss=0.0000
2026-03-19 01:30:30,481 - Server_DefaultID - INFO - Training client 18 (25/30)...
2026-03-19 01:30:33,723 - Server_DefaultID - INFO - Client 18: Acc=88.71, Loss=-343.4380, NLL=-1161.6895, KL=13.9633, AvgS=499.97, ProxLoss=0.0000
2026-03-19 01:30:33,723 - Server_DefaultID - INFO - Training client 28 (26/30)...
2026-03-19 01:30:34,104 - Server_DefaultID - INFO - Client 28: Acc=62.81, Loss=-249.2612, NLL=-849.4422, KL=12.3214, AvgS=365.11, ProxLoss=0.0000
2026-03-19 01:30:34,104 - Server_DefaultID - INFO - Training client 67 (27/30)...
2026-03-19 01:30:35,500 - Server_DefaultID - INFO - Client 67: Acc=85.21, Loss=-344.1965, NLL=-1161.7472, KL=13.9635, AvgS=499.99, ProxLoss=0.0000
2026-03-19 01:30:35,500 - Server_DefaultID - INFO - Training client 3 (28/30)...
2026-03-19 01:30:36,809 - Server_DefaultID - INFO - Client 3: Acc=60.26, Loss=-344.9269, NLL=-1161.7318, KL=13.9635, AvgS=499.98, ProxLoss=0.0000
2026-03-19 01:30:36,809 - Server_DefaultID - INFO - Training client 29 (29/30)...
2026-03-19 01:30:37,827 - Server_DefaultID - INFO - Client 29: Acc=81.64, Loss=-342.8706, NLL=-1161.7240, KL=13.9634, AvgS=499.98, ProxLoss=0.0000
2026-03-19 01:30:37,827 - Server_DefaultID - INFO - Training client 98 (30/30)...
2026-03-19 01:30:38,659 - Server_DefaultID - INFO - Client 98: Acc=95.31, Loss=-341.8173, NLL=-1161.5255, KL=13.9626, AvgS=499.89, ProxLoss=0.0000
2026-03-19 01:30:38,823 - Server_DefaultID - WARNING - Global prior extremely imbalanced (max/min=1.0), applied adaptive smoothing lam=0.10.
2026-03-19 01:30:38,824 - Server_DefaultID - INFO - Round [41/200] Summary | Avg Client Train Stats:	Loss [-339.3607]	 Acc [86.09]	NLL [-1149.1800]	 KL [13.8982]	AvgS [494.57]	 ProxLoss [0.0000]
GlobalPriorAlpha (first 10): [5.0, 5.0, 5.0, 5.0, 5.0, 5.0, 5.0, 5.0, 5.0, 5.0]
Round Time: 39.99s
2026-03-19 01:30:38,826 - Server_DefaultID - INFO - --- Global Round 42/200 ---
2026-03-19 01:30:38,826 - Server_DefaultID - INFO - Selected 30 active clients for round 42.
2026-03-19 01:30:38,827 - Server_DefaultID - INFO - Training client 82 (1/30)...
2026-03-19 01:30:40,059 - Server_DefaultID - INFO - Client 82: Acc=91.12, Loss=-343.0050, NLL=-1161.6834, KL=13.9633, AvgS=499.96, ProxLoss=0.0000
2026-03-19 01:30:40,059 - Server_DefaultID - INFO - Training client 20 (2/30)...
2026-03-19 01:30:41,515 - Server_DefaultID - INFO - Client 20: Acc=73.70, Loss=-345.5045, NLL=-1161.7344, KL=13.9635, AvgS=499.98, ProxLoss=0.0000
2026-03-19 01:30:41,515 - Server_DefaultID - INFO - Training client 62 (3/30)...
2026-03-19 01:30:42,087 - Server_DefaultID - INFO - Client 62: Acc=90.16, Loss=-343.8785, NLL=-1161.3483, KL=13.9620, AvgS=499.82, ProxLoss=0.0000
2026-03-19 01:30:42,087 - Server_DefaultID - INFO - Training client 76 (4/30)...
2026-03-19 01:30:43,866 - Server_DefaultID - INFO - Client 76: Acc=92.81, Loss=-345.0293, NLL=-1161.7271, KL=13.9635, AvgS=499.98, ProxLoss=0.0000
2026-03-19 01:30:43,866 - Server_DefaultID - INFO - Training client 12 (5/30)...
2026-03-19 01:30:45,057 - Server_DefaultID - INFO - Client 12: Acc=73.31, Loss=-344.5488, NLL=-1161.6992, KL=13.9634, AvgS=499.97, ProxLoss=0.0000
2026-03-19 01:30:45,057 - Server_DefaultID - INFO - Training client 6 (6/30)...
2026-03-19 01:30:45,889 - Server_DefaultID - INFO - Client 6: Acc=58.33, Loss=-342.9714, NLL=-1161.4803, KL=13.9625, AvgS=499.88, ProxLoss=0.0000
2026-03-19 01:30:45,889 - Server_DefaultID - INFO - Training client 66 (7/30)...
2026-03-19 01:30:47,484 - Server_DefaultID - INFO - Client 66: Acc=88.44, Loss=-342.8628, NLL=-1161.6767, KL=13.9633, AvgS=499.96, ProxLoss=0.0000
2026-03-19 01:30:47,484 - Server_DefaultID - INFO - Training client 81 (8/30)...
2026-03-19 01:30:49,080 - Server_DefaultID - INFO - Client 81: Acc=87.46, Loss=-343.1810, NLL=-1161.7218, KL=13.9634, AvgS=499.98, ProxLoss=0.0000
2026-03-19 01:30:49,080 - Server_DefaultID - INFO - Training client 95 (9/30)...
2026-03-19 01:30:51,033 - Server_DefaultID - INFO - Client 95: Acc=76.18, Loss=-342.0292, NLL=-1161.6863, KL=13.9633, AvgS=499.96, ProxLoss=0.0000
2026-03-19 01:30:51,033 - Server_DefaultID - INFO - Training client 9 (10/30)...
2026-03-19 01:30:52,584 - Server_DefaultID - INFO - Client 9: Acc=97.41, Loss=-341.8416, NLL=-1161.6401, KL=13.9631, AvgS=499.94, ProxLoss=0.0000
2026-03-19 01:30:52,584 - Server_DefaultID - INFO - Training client 58 (11/30)...
2026-03-19 01:30:54,048 - Server_DefaultID - INFO - Client 58: Acc=79.55, Loss=-341.8960, NLL=-1161.7268, KL=13.9635, AvgS=499.98, ProxLoss=0.0000
2026-03-19 01:30:54,048 - Server_DefaultID - INFO - Training client 59 (12/30)...
2026-03-19 01:30:55,959 - Server_DefaultID - INFO - Client 59: Acc=89.69, Loss=-343.3235, NLL=-1161.7586, KL=13.9636, AvgS=500.00, ProxLoss=0.0000
2026-03-19 01:30:55,959 - Server_DefaultID - INFO - Training client 27 (13/30)...
2026-03-19 01:30:56,817 - Server_DefaultID - INFO - Client 27: Acc=78.02, Loss=-344.0516, NLL=-1161.2460, KL=13.9616, AvgS=499.77, ProxLoss=0.0000
2026-03-19 01:30:56,817 - Server_DefaultID - INFO - Training client 92 (14/30)...
2026-03-19 01:30:57,787 - Server_DefaultID - INFO - Client 92: Acc=95.23, Loss=-342.9442, NLL=-1161.7314, KL=13.9635, AvgS=499.98, ProxLoss=0.0000
2026-03-19 01:30:57,788 - Server_DefaultID - INFO - Training client 19 (15/30)...
2026-03-19 01:31:00,882 - Server_DefaultID - INFO - Client 19: Acc=95.92, Loss=-341.7909, NLL=-1161.7697, KL=13.9636, AvgS=500.00, ProxLoss=0.0000
2026-03-19 01:31:00,882 - Server_DefaultID - INFO - Training client 71 (16/30)...
2026-03-19 01:31:01,435 - Server_DefaultID - INFO - Client 71: Acc=70.62, Loss=-343.7389, NLL=-1160.6823, KL=13.9593, AvgS=499.53, ProxLoss=0.0000
2026-03-19 01:31:01,436 - Server_DefaultID - INFO - Training client 1 (17/30)...
2026-03-19 01:31:02,906 - Server_DefaultID - INFO - Client 1: Acc=35.00, Loss=-342.5897, NLL=-1160.1707, KL=13.9573, AvgS=499.31, ProxLoss=0.0000
2026-03-19 01:31:02,906 - Server_DefaultID - INFO - Training client 48 (18/30)...
2026-03-19 01:31:06,462 - Server_DefaultID - INFO - Client 48: Acc=86.78, Loss=-343.3779, NLL=-1161.7653, KL=13.9636, AvgS=500.00, ProxLoss=0.0000
2026-03-19 01:31:06,463 - Server_DefaultID - INFO - Training client 69 (19/30)...
2026-03-19 01:31:07,105 - Server_DefaultID - INFO - Client 69: Acc=57.81, Loss=-343.4896, NLL=-1160.2672, KL=13.9577, AvgS=499.35, ProxLoss=0.0000
2026-03-19 01:31:07,105 - Server_DefaultID - INFO - Training client 40 (20/30)...
2026-03-19 01:31:08,545 - Server_DefaultID - INFO - Client 40: Acc=79.48, Loss=-344.8114, NLL=-1161.7174, KL=13.9634, AvgS=499.98, ProxLoss=0.0000
2026-03-19 01:31:08,545 - Server_DefaultID - INFO - Training client 38 (21/30)...
2026-03-19 01:31:09,155 - Server_DefaultID - INFO - Client 38: Acc=64.84, Loss=-344.8651, NLL=-1161.1451, KL=13.9612, AvgS=499.73, ProxLoss=0.0000
2026-03-19 01:31:09,155 - Server_DefaultID - INFO - Training client 68 (22/30)...
2026-03-19 01:31:11,196 - Server_DefaultID - INFO - Client 68: Acc=92.60, Loss=-341.8547, NLL=-1161.7581, KL=13.9636, AvgS=499.99, ProxLoss=0.0000
2026-03-19 01:31:11,196 - Server_DefaultID - INFO - Training client 30 (23/30)...
2026-03-19 01:31:12,928 - Server_DefaultID - INFO - Client 30: Acc=94.61, Loss=-341.8342, NLL=-1161.6836, KL=13.9633, AvgS=499.96, ProxLoss=0.0000
2026-03-19 01:31:12,928 - Server_DefaultID - INFO - Training client 88 (24/30)...
2026-03-19 01:31:14,324 - Server_DefaultID - INFO - Client 88: Acc=59.01, Loss=-343.9190, NLL=-1161.5545, KL=13.9628, AvgS=499.91, ProxLoss=0.0000
2026-03-19 01:31:14,324 - Server_DefaultID - INFO - Training client 72 (25/30)...
2026-03-19 01:31:15,277 - Server_DefaultID - INFO - Client 72: Acc=95.16, Loss=-342.3231, NLL=-1161.7342, KL=13.9635, AvgS=499.98, ProxLoss=0.0000
2026-03-19 01:31:15,277 - Server_DefaultID - INFO - Training client 57 (26/30)...
2026-03-19 01:31:18,990 - Server_DefaultID - INFO - Client 57: Acc=95.90, Loss=-342.6650, NLL=-1161.7446, KL=13.9635, AvgS=499.99, ProxLoss=0.0000
2026-03-19 01:31:18,990 - Server_DefaultID - INFO - Training client 85 (27/30)...
2026-03-19 01:31:21,510 - Server_DefaultID - INFO - Client 85: Acc=99.77, Loss=-340.7954, NLL=-1161.7529, KL=13.9636, AvgS=499.99, ProxLoss=0.0000
2026-03-19 01:31:21,510 - Server_DefaultID - INFO - Training client 22 (28/30)...
2026-03-19 01:31:22,106 - Server_DefaultID - INFO - Client 22: Acc=91.72, Loss=-342.6851, NLL=-1160.2422, KL=13.9575, AvgS=499.34, ProxLoss=0.0000
2026-03-19 01:31:22,106 - Server_DefaultID - INFO - Training client 44 (29/30)...
2026-03-19 01:31:24,115 - Server_DefaultID - INFO - Client 44: Acc=93.92, Loss=-342.8414, NLL=-1161.6031, KL=13.9629, AvgS=499.93, ProxLoss=0.0000
2026-03-19 01:31:24,116 - Server_DefaultID - INFO - Training client 29 (30/30)...
2026-03-19 01:31:25,183 - Server_DefaultID - INFO - Client 29: Acc=81.17, Loss=-342.7011, NLL=-1161.5986, KL=13.9630, AvgS=499.93, ProxLoss=0.0000
2026-03-19 01:31:25,353 - Server_DefaultID - WARNING - Global prior extremely imbalanced (max/min=1.0), applied adaptive smoothing lam=0.10.
2026-03-19 01:31:25,353 - Server_DefaultID - INFO - Round [42/200] Summary | Avg Client Train Stats:	Loss [-342.8879]	 Acc [86.53]	NLL [-1161.6257]	 KL [13.9631]	AvgS [499.94]	 ProxLoss [0.0000]
GlobalPriorAlpha (first 10): [5.0, 5.0, 5.0, 5.0, 5.0, 5.0, 5.0, 5.0, 5.0, 5.0]
Round Time: 46.53s
2026-03-19 01:31:25,356 - Server_DefaultID - INFO - --- Global Round 43/200 ---
2026-03-19 01:31:25,357 - Server_DefaultID - INFO - Selected 30 active clients for round 43.
2026-03-19 01:31:25,357 - Server_DefaultID - INFO - Training client 6 (1/30)...
2026-03-19 01:31:26,174 - Server_DefaultID - INFO - Client 6: Acc=83.12, Loss=-342.8645, NLL=-1161.7291, KL=13.9635, AvgS=499.98, ProxLoss=0.0000
2026-03-19 01:31:26,174 - Server_DefaultID - INFO - Training client 40 (2/30)...
2026-03-19 01:31:27,616 - Server_DefaultID - INFO - Client 40: Acc=83.65, Loss=-344.8041, NLL=-1161.7656, KL=13.9636, AvgS=500.00, ProxLoss=0.0000
2026-03-19 01:31:27,616 - Server_DefaultID - INFO - Training client 23 (3/30)...
2026-03-19 01:31:27,985 - Server_DefaultID - INFO - Client 23: Acc=78.98, Loss=-183.8307, NLL=-630.3825, KL=11.2077, AvgS=270.61, ProxLoss=0.0000
2026-03-19 01:31:27,985 - Server_DefaultID - INFO - Training client 87 (4/30)...
2026-03-19 01:31:29,625 - Server_DefaultID - INFO - Client 87: Acc=88.93, Loss=-345.2075, NLL=-1161.6500, KL=13.9632, AvgS=499.95, ProxLoss=0.0000
2026-03-19 01:31:29,625 - Server_DefaultID - INFO - Training client 5 (5/30)...
2026-03-19 01:31:29,991 - Server_DefaultID - INFO - Client 5: Acc=70.62, Loss=-343.3579, NLL=-1158.5932, KL=13.9510, AvgS=498.63, ProxLoss=0.0000
2026-03-19 01:31:29,991 - Server_DefaultID - INFO - Training client 10 (6/30)...
2026-03-19 01:31:31,022 - Server_DefaultID - INFO - Client 10: Acc=35.86, Loss=-344.4679, NLL=-1161.6865, KL=13.9633, AvgS=499.96, ProxLoss=0.0000
2026-03-19 01:31:31,022 - Server_DefaultID - INFO - Training client 48 (7/30)...
2026-03-19 01:31:34,577 - Server_DefaultID - INFO - Client 48: Acc=87.35, Loss=-343.2601, NLL=-1161.7699, KL=13.9636, AvgS=500.00, ProxLoss=0.0000
2026-03-19 01:31:34,577 - Server_DefaultID - INFO - Training client 26 (8/30)...
2026-03-19 01:31:38,840 - Server_DefaultID - INFO - Client 26: Acc=98.33, Loss=-342.2810, NLL=-1161.7459, KL=13.9635, AvgS=499.99, ProxLoss=0.0000
2026-03-19 01:31:38,840 - Server_DefaultID - INFO - Training client 22 (9/30)...
2026-03-19 01:31:39,411 - Server_DefaultID - INFO - Client 22: Acc=92.34, Loss=-342.9394, NLL=-1160.4940, KL=13.9585, AvgS=499.45, ProxLoss=0.0000
2026-03-19 01:31:39,411 - Server_DefaultID - INFO - Training client 94 (10/30)...
2026-03-19 01:31:41,798 - Server_DefaultID - INFO - Client 94: Acc=92.33, Loss=-343.1912, NLL=-1161.7463, KL=13.9635, AvgS=499.99, ProxLoss=0.0000
2026-03-19 01:31:41,798 - Server_DefaultID - INFO - Training client 50 (11/30)...
2026-03-19 01:31:45,680 - Server_DefaultID - INFO - Client 50: Acc=97.32, Loss=-342.0714, NLL=-1161.7500, KL=13.9635, AvgS=499.99, ProxLoss=0.0000
2026-03-19 01:31:45,680 - Server_DefaultID - INFO - Training client 89 (12/30)...
2026-03-19 01:31:48,446 - Server_DefaultID - INFO - Client 89: Acc=98.64, Loss=-341.5629, NLL=-1161.7520, KL=13.9636, AvgS=499.99, ProxLoss=0.0000
2026-03-19 01:31:48,446 - Server_DefaultID - INFO - Training client 57 (13/30)...
2026-03-19 01:31:51,829 - Server_DefaultID - INFO - Client 57: Acc=97.00, Loss=-342.8788, NLL=-1161.7653, KL=13.9636, AvgS=500.00, ProxLoss=0.0000
2026-03-19 01:31:51,829 - Server_DefaultID - INFO - Training client 47 (14/30)...
2026-03-19 01:31:53,201 - Server_DefaultID - INFO - Client 47: Acc=88.75, Loss=-344.7072, NLL=-1161.6915, KL=13.9633, AvgS=499.97, ProxLoss=0.0000
2026-03-19 01:31:53,201 - Server_DefaultID - INFO - Training client 69 (15/30)...
2026-03-19 01:31:53,982 - Server_DefaultID - INFO - Client 69: Acc=58.44, Loss=-343.6138, NLL=-1161.1026, KL=13.9610, AvgS=499.71, ProxLoss=0.0000
2026-03-19 01:31:53,982 - Server_DefaultID - INFO - Training client 92 (16/30)...
2026-03-19 01:31:54,978 - Server_DefaultID - INFO - Client 92: Acc=95.00, Loss=-342.9918, NLL=-1161.1694, KL=13.9611, AvgS=499.74, ProxLoss=0.0000
2026-03-19 01:31:54,978 - Server_DefaultID - INFO - Training client 36 (17/30)...
2026-03-19 01:31:59,621 - Server_DefaultID - INFO - Client 36: Acc=98.72, Loss=-342.0091, NLL=-1161.7521, KL=13.9636, AvgS=499.99, ProxLoss=0.0000
2026-03-19 01:31:59,621 - Server_DefaultID - INFO - Training client 8 (18/30)...
2026-03-19 01:32:00,221 - Server_DefaultID - INFO - Client 8: Acc=88.28, Loss=-342.6709, NLL=-1160.6083, KL=13.9590, AvgS=499.50, ProxLoss=0.0000
2026-03-19 01:32:00,221 - Server_DefaultID - INFO - Training client 21 (19/30)...
2026-03-19 01:32:01,960 - Server_DefaultID - INFO - Client 21: Acc=82.30, Loss=-344.8055, NLL=-1161.6745, KL=13.9633, AvgS=499.96, ProxLoss=0.0000
2026-03-19 01:32:01,960 - Server_DefaultID - INFO - Training client 35 (20/30)...
2026-03-19 01:32:02,808 - Server_DefaultID - INFO - Client 35: Acc=72.81, Loss=-344.2470, NLL=-1161.6135, KL=13.9630, AvgS=499.93, ProxLoss=0.0000
2026-03-19 01:32:02,808 - Server_DefaultID - INFO - Training client 7 (21/30)...
2026-03-19 01:32:04,267 - Server_DefaultID - INFO - Client 7: Acc=51.93, Loss=-343.1848, NLL=-1161.6472, KL=13.9632, AvgS=499.95, ProxLoss=0.0000
2026-03-19 01:32:04,267 - Server_DefaultID - INFO - Training client 32 (22/30)...
2026-03-19 01:32:05,728 - Server_DefaultID - INFO - Client 32: Acc=88.91, Loss=-343.5847, NLL=-1161.3902, KL=13.9621, AvgS=499.84, ProxLoss=0.0000
2026-03-19 01:32:05,729 - Server_DefaultID - INFO - Training client 64 (23/30)...
2026-03-19 01:32:06,076 - Server_DefaultID - INFO - Client 64: Acc=63.44, Loss=-319.3178, NLL=-1083.8673, KL=13.6414, AvgS=466.38, ProxLoss=0.0000
2026-03-19 01:32:06,076 - Server_DefaultID - INFO - Training client 25 (24/30)...
2026-03-19 01:32:06,626 - Server_DefaultID - INFO - Client 25: Acc=94.69, Loss=-343.4818, NLL=-1161.6136, KL=13.9630, AvgS=499.93, ProxLoss=0.0000
2026-03-19 01:32:06,626 - Server_DefaultID - INFO - Training client 91 (25/30)...
2026-03-19 01:32:07,489 - Server_DefaultID - INFO - Client 91: Acc=91.15, Loss=-341.7972, NLL=-1161.7699, KL=13.9636, AvgS=500.00, ProxLoss=0.0000
2026-03-19 01:32:07,490 - Server_DefaultID - INFO - Training client 72 (26/30)...
2026-03-19 01:32:09,448 - Server_DefaultID - INFO - Client 72: Acc=94.92, Loss=-342.3791, NLL=-1161.7618, KL=13.9636, AvgS=500.00, ProxLoss=0.0000
2026-03-19 01:32:09,448 - Server_DefaultID - INFO - Training client 85 (27/30)...
2026-03-19 01:32:12,052 - Server_DefaultID - INFO - Client 85: Acc=99.74, Loss=-340.7321, NLL=-1161.6461, KL=13.9631, AvgS=499.95, ProxLoss=0.0000
2026-03-19 01:32:12,052 - Server_DefaultID - INFO - Training client 53 (28/30)...
2026-03-19 01:32:14,404 - Server_DefaultID - INFO - Client 53: Acc=95.91, Loss=-342.4095, NLL=-1161.6761, KL=13.9633, AvgS=499.96, ProxLoss=0.0000
2026-03-19 01:32:14,404 - Server_DefaultID - INFO - Training client 62 (29/30)...
2026-03-19 01:32:15,062 - Server_DefaultID - INFO - Client 62: Acc=90.16, Loss=-343.7334, NLL=-1161.3980, KL=13.9622, AvgS=499.84, ProxLoss=0.0000
2026-03-19 01:32:15,062 - Server_DefaultID - INFO - Training client 0 (30/30)...
2026-03-19 01:32:15,398 - Server_DefaultID - INFO - Client 0: Acc=40.00, Loss=-342.2947, NLL=-1158.9854, KL=13.9527, AvgS=498.80, ProxLoss=0.0000
2026-03-19 01:32:15,562 - Server_DefaultID - WARNING - Global prior extremely imbalanced (max/min=1.0), applied adaptive smoothing lam=0.10.
2026-03-19 01:32:15,562 - Server_DefaultID - INFO - Round [43/200] Summary | Avg Client Train Stats:	Loss [-341.9993]	 Acc [90.21]	NLL [-1158.9061]	 KL [13.9495]	AvgS [498.76]	 ProxLoss [0.0000]
GlobalPriorAlpha (first 10): [5.0, 5.0, 5.0, 5.0, 5.0, 5.0, 5.0, 5.0, 5.0, 5.0]
Round Time: 50.21s
2026-03-19 01:32:15,566 - Server_DefaultID - INFO - --- Global Round 44/200 ---
2026-03-19 01:32:15,566 - Server_DefaultID - INFO - Selected 30 active clients for round 44.
2026-03-19 01:32:15,567 - Server_DefaultID - INFO - Training client 51 (1/30)...
2026-03-19 01:32:16,137 - Server_DefaultID - INFO - Client 51: Acc=50.16, Loss=-344.5700, NLL=-1160.8577, KL=13.9600, AvgS=499.61, ProxLoss=0.0000
2026-03-19 01:32:16,137 - Server_DefaultID - INFO - Training client 86 (2/30)...
2026-03-19 01:32:17,358 - Server_DefaultID - INFO - Client 86: Acc=84.12, Loss=-343.2780, NLL=-1161.7303, KL=13.9635, AvgS=499.98, ProxLoss=0.0000
2026-03-19 01:32:17,359 - Server_DefaultID - INFO - Training client 4 (3/30)...
2026-03-19 01:32:18,693 - Server_DefaultID - INFO - Client 4: Acc=75.26, Loss=-344.7109, NLL=-1161.7351, KL=13.9635, AvgS=499.98, ProxLoss=0.0000
2026-03-19 01:32:18,694 - Server_DefaultID - INFO - Training client 50 (4/30)...
2026-03-19 01:32:23,315 - Server_DefaultID - INFO - Client 50: Acc=97.50, Loss=-341.9811, NLL=-1161.7652, KL=13.9636, AvgS=500.00, ProxLoss=0.0000
2026-03-19 01:32:23,315 - Server_DefaultID - INFO - Training client 54 (5/30)...
2026-03-19 01:32:23,956 - Server_DefaultID - INFO - Client 54: Acc=73.91, Loss=-240.8171, NLL=-825.9826, KL=12.2667, AvgS=355.06, ProxLoss=0.0000
2026-03-19 01:32:23,956 - Server_DefaultID - INFO - Training client 79 (6/30)...
2026-03-19 01:32:25,333 - Server_DefaultID - INFO - Client 79: Acc=94.06, Loss=-341.4802, NLL=-1161.3045, KL=13.9617, AvgS=499.80, ProxLoss=0.0000
2026-03-19 01:32:25,333 - Server_DefaultID - INFO - Training client 75 (7/30)...
2026-03-19 01:32:27,442 - Server_DefaultID - INFO - Client 75: Acc=94.61, Loss=-342.0614, NLL=-1161.7435, KL=13.9635, AvgS=499.99, ProxLoss=0.0000
2026-03-19 01:32:27,443 - Server_DefaultID - INFO - Training client 41 (8/30)...
2026-03-19 01:32:29,529 - Server_DefaultID - INFO - Client 41: Acc=96.56, Loss=-342.5024, NLL=-1161.7317, KL=13.9635, AvgS=499.98, ProxLoss=0.0000
2026-03-19 01:32:29,529 - Server_DefaultID - INFO - Training client 61 (9/30)...
2026-03-19 01:32:30,912 - Server_DefaultID - INFO - Client 61: Acc=80.50, Loss=-345.1136, NLL=-1161.6923, KL=13.9633, AvgS=499.97, ProxLoss=0.0000
2026-03-19 01:32:30,912 - Server_DefaultID - INFO - Training client 7 (10/30)...
2026-03-19 01:32:32,315 - Server_DefaultID - INFO - Client 7: Acc=63.07, Loss=-343.1202, NLL=-1161.6741, KL=13.9633, AvgS=499.96, ProxLoss=0.0000
2026-03-19 01:32:32,315 - Server_DefaultID - INFO - Training client 24 (11/30)...
2026-03-19 01:32:32,761 - Server_DefaultID - INFO - Client 24: Acc=53.75, Loss=-204.8596, NLL=-694.1948, KL=11.5956, AvgS=298.14, ProxLoss=0.0000
2026-03-19 01:32:32,761 - Server_DefaultID - INFO - Training client 48 (12/30)...
2026-03-19 01:32:36,903 - Server_DefaultID - INFO - Client 48: Acc=87.96, Loss=-343.3219, NLL=-1161.7266, KL=13.9635, AvgS=499.98, ProxLoss=0.0000
2026-03-19 01:32:36,903 - Server_DefaultID - INFO - Training client 0 (13/30)...
2026-03-19 01:32:37,331 - Server_DefaultID - INFO - Client 0: Acc=48.12, Loss=-342.9971, NLL=-1160.7405, KL=13.9596, AvgS=499.56, ProxLoss=0.0000
2026-03-19 01:32:37,331 - Server_DefaultID - INFO - Training client 85 (14/30)...
2026-03-19 01:32:40,433 - Server_DefaultID - INFO - Client 85: Acc=99.77, Loss=-340.6932, NLL=-1161.7600, KL=13.9636, AvgS=500.00, ProxLoss=0.0000
2026-03-19 01:32:40,433 - Server_DefaultID - INFO - Training client 84 (15/30)...
2026-03-19 01:32:40,945 - Server_DefaultID - INFO - Client 84: Acc=53.21, Loss=-177.3669, NLL=-609.9966, KL=10.9507, AvgS=261.75, ProxLoss=0.0000
2026-03-19 01:32:40,945 - Server_DefaultID - INFO - Training client 47 (16/30)...
2026-03-19 01:32:43,242 - Server_DefaultID - INFO - Client 47: Acc=90.68, Loss=-344.7731, NLL=-1161.7500, KL=13.9635, AvgS=499.99, ProxLoss=0.0000
2026-03-19 01:32:43,242 - Server_DefaultID - INFO - Training client 52 (17/30)...
2026-03-19 01:32:44,146 - Server_DefaultID - INFO - Client 52: Acc=71.56, Loss=-343.1057, NLL=-1161.6799, KL=13.9633, AvgS=499.96, ProxLoss=0.0000
2026-03-19 01:32:44,146 - Server_DefaultID - INFO - Training client 5 (18/30)...
2026-03-19 01:32:44,535 - Server_DefaultID - INFO - Client 5: Acc=69.69, Loss=-343.3573, NLL=-1159.5851, KL=13.9550, AvgS=499.06, ProxLoss=0.0000
2026-03-19 01:32:44,535 - Server_DefaultID - INFO - Training client 49 (19/30)...
2026-03-19 01:32:46,405 - Server_DefaultID - INFO - Client 49: Acc=93.17, Loss=-342.9418, NLL=-1161.6936, KL=13.9633, AvgS=499.97, ProxLoss=0.0000
2026-03-19 01:32:46,406 - Server_DefaultID - INFO - Training client 36 (20/30)...
2026-03-19 01:32:51,901 - Server_DefaultID - INFO - Client 36: Acc=98.52, Loss=-341.9552, NLL=-1161.7568, KL=13.9636, AvgS=499.99, ProxLoss=0.0000
2026-03-19 01:32:51,901 - Server_DefaultID - INFO - Training client 45 (21/30)...
2026-03-19 01:32:53,886 - Server_DefaultID - INFO - Client 45: Acc=68.32, Loss=-342.7991, NLL=-1161.7112, KL=13.9634, AvgS=499.97, ProxLoss=0.0000
2026-03-19 01:32:53,886 - Server_DefaultID - INFO - Training client 90 (22/30)...
2026-03-19 01:32:56,021 - Client_90 - WARNING - Client 90: Too few classes (1) or samples (592) for alpha report, returning uniform.
2026-03-19 01:32:56,021 - Server_DefaultID - INFO - Client 90: Acc=100.00, Loss=-340.4787, NLL=-1161.6750, KL=13.9633, AvgS=499.96, ProxLoss=0.0000
2026-03-19 01:32:56,021 - Server_DefaultID - INFO - Training client 16 (23/30)...
2026-03-19 01:32:56,627 - Server_DefaultID - INFO - Client 16: Acc=53.28, Loss=-342.4291, NLL=-1161.6379, KL=13.9631, AvgS=499.94, ProxLoss=0.0000
2026-03-19 01:32:56,627 - Server_DefaultID - INFO - Training client 3 (24/30)...
2026-03-19 01:32:58,186 - Server_DefaultID - INFO - Client 3: Acc=65.57, Loss=-344.8330, NLL=-1161.6556, KL=13.9632, AvgS=499.95, ProxLoss=0.0000
2026-03-19 01:32:58,186 - Server_DefaultID - INFO - Training client 98 (25/30)...
2026-03-19 01:32:59,078 - Server_DefaultID - INFO - Client 98: Acc=93.33, Loss=-341.7695, NLL=-1161.7641, KL=13.9636, AvgS=500.00, ProxLoss=0.0000
2026-03-19 01:32:59,078 - Server_DefaultID - INFO - Training client 29 (26/30)...
2026-03-19 01:33:00,267 - Server_DefaultID - INFO - Client 29: Acc=81.33, Loss=-342.6995, NLL=-1161.6762, KL=13.9633, AvgS=499.96, ProxLoss=0.0000
2026-03-19 01:33:00,267 - Server_DefaultID - INFO - Training client 77 (27/30)...
2026-03-19 01:33:04,077 - Server_DefaultID - INFO - Client 77: Acc=92.71, Loss=-342.8306, NLL=-1161.7244, KL=13.9634, AvgS=499.98, ProxLoss=0.0000
2026-03-19 01:33:04,077 - Server_DefaultID - INFO - Training client 58 (28/30)...
2026-03-19 01:33:05,888 - Server_DefaultID - INFO - Client 58: Acc=80.71, Loss=-341.8344, NLL=-1161.7627, KL=13.9636, AvgS=500.00, ProxLoss=0.0000
2026-03-19 01:33:05,888 - Server_DefaultID - INFO - Training client 81 (29/30)...
2026-03-19 01:33:07,643 - Server_DefaultID - INFO - Client 81: Acc=88.04, Loss=-343.0564, NLL=-1161.7387, KL=13.9635, AvgS=499.99, ProxLoss=0.0000
2026-03-19 01:33:07,643 - Server_DefaultID - INFO - Training client 95 (30/30)...
2026-03-19 01:33:10,010 - Server_DefaultID - INFO - Client 95: Acc=77.40, Loss=-342.0133, NLL=-1161.7565, KL=13.9636, AvgS=499.99, ProxLoss=0.0000
2026-03-19 01:33:10,326 - Server_DefaultID - WARNING - Global prior extremely imbalanced (max/min=1.0), applied adaptive smoothing lam=0.10.
2026-03-19 01:33:10,326 - Server_DefaultID - INFO - Round [44/200] Summary | Avg Client Train Stats:	Loss [-340.1183]	 Acc [87.13]	NLL [-1153.4658]	 KL [13.9209]	AvgS [496.42]	 ProxLoss [0.0000]
GlobalPriorAlpha (first 10): [5.0, 5.0, 5.0, 5.0, 5.0, 5.0, 5.0, 5.0, 5.0, 5.0]
Round Time: 54.76s
2026-03-19 01:33:10,328 - Server_DefaultID - INFO - --- Global Round 45/200 ---
2026-03-19 01:33:10,329 - Server_DefaultID - INFO - Selected 30 active clients for round 45.
2026-03-19 01:33:10,329 - Server_DefaultID - INFO - Training client 57 (1/30)...
2026-03-19 01:33:15,471 - Server_DefaultID - INFO - Client 57: Acc=97.02, Loss=-342.6792, NLL=-1161.7596, KL=13.9636, AvgS=500.00, ProxLoss=0.0000
2026-03-19 01:33:15,472 - Server_DefaultID - INFO - Training client 75 (2/30)...
2026-03-19 01:33:17,504 - Server_DefaultID - INFO - Client 75: Acc=95.39, Loss=-342.0416, NLL=-1161.7640, KL=13.9636, AvgS=500.00, ProxLoss=0.0000
2026-03-19 01:33:17,504 - Server_DefaultID - INFO - Training client 25 (3/30)...
2026-03-19 01:33:18,114 - Server_DefaultID - INFO - Client 25: Acc=96.09, Loss=-342.6021, NLL=-1161.2681, KL=13.9616, AvgS=499.78, ProxLoss=0.0000
2026-03-19 01:33:18,114 - Server_DefaultID - INFO - Training client 99 (4/30)...
2026-03-19 01:33:18,526 - Server_DefaultID - INFO - Client 99: Acc=19.06, Loss=-252.2645, NLL=-852.9146, KL=12.3663, AvgS=366.61, ProxLoss=0.0000
2026-03-19 01:33:18,526 - Server_DefaultID - INFO - Training client 31 (5/30)...
2026-03-19 01:33:20,802 - Server_DefaultID - INFO - Client 31: Acc=87.67, Loss=-342.9333, NLL=-1161.6302, KL=13.9631, AvgS=499.94, ProxLoss=0.0000
2026-03-19 01:33:20,803 - Server_DefaultID - INFO - Training client 35 (6/30)...
2026-03-19 01:33:21,668 - Server_DefaultID - INFO - Client 35: Acc=72.92, Loss=-344.2273, NLL=-1161.6480, KL=13.9632, AvgS=499.95, ProxLoss=0.0000
2026-03-19 01:33:21,668 - Server_DefaultID - INFO - Training client 14 (7/30)...
2026-03-19 01:33:24,063 - Server_DefaultID - INFO - Client 14: Acc=81.88, Loss=-341.5957, NLL=-1161.6671, KL=13.9632, AvgS=499.96, ProxLoss=0.0000
2026-03-19 01:33:24,063 - Server_DefaultID - INFO - Training client 84 (8/30)...
2026-03-19 01:33:24,803 - Server_DefaultID - INFO - Client 84: Acc=54.34, Loss=-198.4326, NLL=-680.8922, KL=11.4488, AvgS=292.32, ProxLoss=0.0000
2026-03-19 01:33:24,804 - Server_DefaultID - INFO - Training client 88 (9/30)...
2026-03-19 01:33:26,389 - Server_DefaultID - INFO - Client 88: Acc=61.56, Loss=-343.8554, NLL=-1161.7387, KL=13.9635, AvgS=499.99, ProxLoss=0.0000
2026-03-19 01:33:26,389 - Server_DefaultID - INFO - Training client 46 (10/30)...
2026-03-19 01:33:28,359 - Server_DefaultID - INFO - Client 46: Acc=87.70, Loss=-342.9950, NLL=-1161.7652, KL=13.9636, AvgS=500.00, ProxLoss=0.0000
2026-03-19 01:33:28,359 - Server_DefaultID - INFO - Training client 90 (11/30)...
2026-03-19 01:33:30,481 - Client_90 - WARNING - Client 90: Too few classes (1) or samples (592) for alpha report, returning uniform.
2026-03-19 01:33:30,481 - Server_DefaultID - INFO - Client 90: Acc=100.00, Loss=-340.4015, NLL=-1161.6130, KL=13.9630, AvgS=499.93, ProxLoss=0.0000
2026-03-19 01:33:30,481 - Server_DefaultID - INFO - Training client 12 (12/30)...
2026-03-19 01:33:31,761 - Server_DefaultID - INFO - Client 12: Acc=72.75, Loss=-344.5632, NLL=-1161.7646, KL=13.9636, AvgS=500.00, ProxLoss=0.0000
2026-03-19 01:33:31,761 - Server_DefaultID - INFO - Training client 60 (13/30)...
2026-03-19 01:33:32,717 - Server_DefaultID - INFO - Client 60: Acc=68.85, Loss=-342.2171, NLL=-1161.7306, KL=13.9635, AvgS=499.98, ProxLoss=0.0000
2026-03-19 01:33:32,717 - Server_DefaultID - INFO - Training client 39 (14/30)...
2026-03-19 01:33:36,507 - Server_DefaultID - INFO - Client 39: Acc=86.38, Loss=-343.1192, NLL=-1161.7652, KL=13.9636, AvgS=500.00, ProxLoss=0.0000
2026-03-19 01:33:36,507 - Server_DefaultID - INFO - Training client 17 (15/30)...
2026-03-19 01:33:37,213 - Server_DefaultID - INFO - Client 17: Acc=76.25, Loss=-343.4432, NLL=-1160.8270, KL=13.9599, AvgS=499.59, ProxLoss=0.0000
2026-03-19 01:33:37,213 - Server_DefaultID - INFO - Training client 89 (16/30)...
2026-03-19 01:33:40,793 - Server_DefaultID - INFO - Client 89: Acc=98.64, Loss=-341.4514, NLL=-1161.7596, KL=13.9636, AvgS=500.00, ProxLoss=0.0000
2026-03-19 01:33:40,794 - Server_DefaultID - INFO - Training client 58 (17/30)...
2026-03-19 01:33:42,564 - Server_DefaultID - INFO - Client 58: Acc=80.45, Loss=-341.7149, NLL=-1161.7270, KL=13.9635, AvgS=499.98, ProxLoss=0.0000
2026-03-19 01:33:42,564 - Server_DefaultID - INFO - Training client 7 (18/30)...
2026-03-19 01:33:44,157 - Server_DefaultID - INFO - Client 7: Acc=71.61, Loss=-343.1832, NLL=-1161.6947, KL=13.9633, AvgS=499.97, ProxLoss=0.0000
2026-03-19 01:33:44,157 - Server_DefaultID - INFO - Training client 98 (19/30)...
2026-03-19 01:33:45,070 - Server_DefaultID - INFO - Client 98: Acc=95.52, Loss=-341.5921, NLL=-1161.4294, KL=13.9623, AvgS=499.85, ProxLoss=0.0000
2026-03-19 01:33:45,070 - Server_DefaultID - INFO - Training client 33 (20/30)...
2026-03-19 01:33:47,072 - Server_DefaultID - INFO - Client 33: Acc=64.38, Loss=-344.5207, NLL=-1161.6955, KL=13.9633, AvgS=499.97, ProxLoss=0.0000
2026-03-19 01:33:47,072 - Server_DefaultID - INFO - Training client 52 (21/30)...
2026-03-19 01:33:48,904 - Server_DefaultID - INFO - Client 52: Acc=71.98, Loss=-342.9762, NLL=-1161.6787, KL=13.9633, AvgS=499.96, ProxLoss=0.0000
2026-03-19 01:33:48,904 - Server_DefaultID - INFO - Training client 8 (22/30)...
2026-03-19 01:33:49,607 - Server_DefaultID - INFO - Client 8: Acc=88.12, Loss=-342.6272, NLL=-1160.5464, KL=13.9587, AvgS=499.47, ProxLoss=0.0000
2026-03-19 01:33:49,607 - Server_DefaultID - INFO - Training client 77 (23/30)...
2026-03-19 01:33:53,247 - Server_DefaultID - INFO - Client 77: Acc=93.46, Loss=-342.8040, NLL=-1161.7672, KL=13.9636, AvgS=500.00, ProxLoss=0.0000
2026-03-19 01:33:53,247 - Server_DefaultID - INFO - Training client 37 (24/30)...
2026-03-19 01:33:54,387 - Server_DefaultID - INFO - Client 37: Acc=80.23, Loss=-344.0964, NLL=-1161.7043, KL=13.9634, AvgS=499.97, ProxLoss=0.0000
2026-03-19 01:33:54,387 - Server_DefaultID - INFO - Training client 67 (25/30)...
2026-03-19 01:33:55,891 - Server_DefaultID - INFO - Client 67: Acc=86.56, Loss=-343.9546, NLL=-1161.6778, KL=13.9633, AvgS=499.96, ProxLoss=0.0000
2026-03-19 01:33:55,891 - Server_DefaultID - INFO - Training client 72 (26/30)...
2026-03-19 01:33:57,116 - Server_DefaultID - INFO - Client 72: Acc=95.39, Loss=-342.3586, NLL=-1161.7274, KL=13.9635, AvgS=499.98, ProxLoss=0.0000
2026-03-19 01:33:57,116 - Server_DefaultID - INFO - Training client 68 (27/30)...
2026-03-19 01:33:59,459 - Server_DefaultID - INFO - Client 68: Acc=94.90, Loss=-341.7585, NLL=-1161.7520, KL=13.9636, AvgS=499.99, ProxLoss=0.0000
2026-03-19 01:33:59,459 - Server_DefaultID - INFO - Training client 86 (28/30)...
2026-03-19 01:34:00,898 - Server_DefaultID - INFO - Client 86: Acc=85.69, Loss=-343.0076, NLL=-1161.6126, KL=13.9630, AvgS=499.93, ProxLoss=0.0000
2026-03-19 01:34:00,898 - Server_DefaultID - INFO - Training client 54 (29/30)...
2026-03-19 01:34:01,503 - Server_DefaultID - INFO - Client 54: Acc=72.03, Loss=-290.5575, NLL=-992.4034, KL=13.1876, AvgS=426.88, ProxLoss=0.0000
2026-03-19 01:34:01,503 - Server_DefaultID - INFO - Training client 83 (30/30)...
2026-03-19 01:34:04,051 - Server_DefaultID - INFO - Client 83: Acc=99.69, Loss=-340.5986, NLL=-1161.5325, KL=13.9627, AvgS=499.90, ProxLoss=0.0000
2026-03-19 01:34:04,373 - Server_DefaultID - WARNING - Global prior extremely imbalanced (max/min=1.0), applied adaptive smoothing lam=0.10.
2026-03-19 01:34:04,373 - Server_DefaultID - INFO - Round [45/200] Summary | Avg Client Train Stats:	Loss [-340.8140]	 Acc [86.61]	NLL [-1155.8540]	 KL [13.9340]	AvgS [497.45]	 ProxLoss [0.0000]
GlobalPriorAlpha (first 10): [5.0, 5.0, 5.0, 5.0, 5.0, 5.0, 5.0, 5.0, 5.0, 5.0]
Round Time: 54.04s
2026-03-19 01:34:04,376 - Server_DefaultID - INFO - --- Global Round 46/200 ---
2026-03-19 01:34:04,376 - Server_DefaultID - INFO - Selected 30 active clients for round 46.
2026-03-19 01:34:04,376 - Server_DefaultID - INFO - Training client 51 (1/30)...
2026-03-19 01:34:05,095 - Server_DefaultID - INFO - Client 51: Acc=47.34, Loss=-344.4118, NLL=-1160.7076, KL=13.9594, AvgS=499.54, ProxLoss=0.0000
2026-03-19 01:34:05,095 - Server_DefaultID - INFO - Training client 84 (2/30)...
2026-03-19 01:34:05,548 - Server_DefaultID - INFO - Client 84: Acc=58.87, Loss=-221.1974, NLL=-757.3826, KL=11.9526, AvgS=325.31, ProxLoss=0.0000
2026-03-19 01:34:05,549 - Server_DefaultID - INFO - Training client 87 (3/30)...
2026-03-19 01:34:07,442 - Server_DefaultID - INFO - Client 87: Acc=91.38, Loss=-345.2598, NLL=-1161.6804, KL=13.9633, AvgS=499.96, ProxLoss=0.0000
2026-03-19 01:34:07,442 - Server_DefaultID - INFO - Training client 80 (4/30)...
2026-03-19 01:34:07,866 - Server_DefaultID - INFO - Client 80: Acc=60.31, Loss=-323.2671, NLL=-1095.2945, KL=13.6903, AvgS=471.29, ProxLoss=0.0000
2026-03-19 01:34:07,866 - Server_DefaultID - INFO - Training client 82 (5/30)...
2026-03-19 01:34:09,188 - Server_DefaultID - INFO - Client 82: Acc=92.94, Loss=-342.6793, NLL=-1161.4191, KL=13.9622, AvgS=499.85, ProxLoss=0.0000
2026-03-19 01:34:09,188 - Server_DefaultID - INFO - Training client 64 (6/30)...
2026-03-19 01:34:09,632 - Server_DefaultID - INFO - Client 64: Acc=54.69, Loss=-326.2805, NLL=-1108.7140, KL=13.7441, AvgS=477.08, ProxLoss=0.0000
2026-03-19 01:34:09,632 - Server_DefaultID - INFO - Training client 66 (7/30)...
2026-03-19 01:34:11,421 - Server_DefaultID - INFO - Client 66: Acc=89.87, Loss=-342.4999, NLL=-1161.7000, KL=13.9634, AvgS=499.97, ProxLoss=0.0000
2026-03-19 01:34:11,421 - Server_DefaultID - INFO - Training client 5 (8/30)...
2026-03-19 01:34:11,921 - Server_DefaultID - INFO - Client 5: Acc=71.56, Loss=-343.8731, NLL=-1160.9178, KL=13.9603, AvgS=499.63, ProxLoss=0.0000
2026-03-19 01:34:11,922 - Server_DefaultID - INFO - Training client 16 (9/30)...
2026-03-19 01:34:12,614 - Server_DefaultID - INFO - Client 16: Acc=54.53, Loss=-342.5542, NLL=-1161.7510, KL=13.9636, AvgS=499.99, ProxLoss=0.0000
2026-03-19 01:34:12,614 - Server_DefaultID - INFO - Training client 0 (10/30)...
2026-03-19 01:34:13,056 - Server_DefaultID - INFO - Client 0: Acc=39.38, Loss=-342.9833, NLL=-1161.1232, KL=13.9611, AvgS=499.72, ProxLoss=0.0000
2026-03-19 01:34:13,056 - Server_DefaultID - INFO - Training client 69 (11/30)...
2026-03-19 01:34:13,815 - Server_DefaultID - INFO - Client 69: Acc=55.94, Loss=-343.4780, NLL=-1160.2656, KL=13.9572, AvgS=499.35, ProxLoss=0.0000
2026-03-19 01:34:13,816 - Server_DefaultID - INFO - Training client 54 (12/30)...
2026-03-19 01:34:14,502 - Server_DefaultID - INFO - Client 54: Acc=76.09, Loss=-326.6941, NLL=-1113.2966, KL=13.7627, AvgS=479.07, ProxLoss=0.0000
2026-03-19 01:34:14,502 - Server_DefaultID - INFO - Training client 57 (13/30)...
2026-03-19 01:34:18,619 - Server_DefaultID - INFO - Client 57: Acc=97.15, Loss=-342.5999, NLL=-1161.7519, KL=13.9636, AvgS=499.99, ProxLoss=0.0000
2026-03-19 01:34:18,619 - Server_DefaultID - INFO - Training client 86 (14/30)...
2026-03-19 01:34:20,006 - Server_DefaultID - INFO - Client 86: Acc=84.69, Loss=-343.1506, NLL=-1161.7497, KL=13.9635, AvgS=499.99, ProxLoss=0.0000
2026-03-19 01:34:20,006 - Server_DefaultID - INFO - Training client 85 (15/30)...
2026-03-19 01:34:24,116 - Server_DefaultID - INFO - Client 85: Acc=99.74, Loss=-340.6625, NLL=-1161.7691, KL=13.9636, AvgS=500.00, ProxLoss=0.0000
2026-03-19 01:34:24,116 - Server_DefaultID - INFO - Training client 28 (16/30)...
2026-03-19 01:34:24,529 - Server_DefaultID - INFO - Client 28: Acc=65.62, Loss=-266.1203, NLL=-906.1152, KL=12.6149, AvgS=389.59, ProxLoss=0.0000
2026-03-19 01:34:24,529 - Server_DefaultID - INFO - Training client 93 (17/30)...
2026-03-19 01:34:25,180 - Server_DefaultID - INFO - Client 93: Acc=48.75, Loss=-343.6083, NLL=-1161.2585, KL=13.9616, AvgS=499.78, ProxLoss=0.0000
2026-03-19 01:34:25,180 - Server_DefaultID - INFO - Training client 35 (18/30)...
2026-03-19 01:34:26,130 - Server_DefaultID - INFO - Client 35: Acc=78.54, Loss=-344.0844, NLL=-1161.5989, KL=13.9630, AvgS=499.93, ProxLoss=0.0000
2026-03-19 01:34:26,131 - Server_DefaultID - INFO - Training client 48 (19/30)...
2026-03-19 01:34:30,216 - Server_DefaultID - INFO - Client 48: Acc=88.68, Loss=-343.1647, NLL=-1161.7339, KL=13.9635, AvgS=499.98, ProxLoss=0.0000
2026-03-19 01:34:30,216 - Server_DefaultID - INFO - Training client 31 (20/30)...
2026-03-19 01:34:32,491 - Server_DefaultID - INFO - Client 31: Acc=90.00, Loss=-342.9139, NLL=-1161.7298, KL=13.9635, AvgS=499.98, ProxLoss=0.0000
2026-03-19 01:34:32,491 - Server_DefaultID - INFO - Training client 89 (21/30)...
2026-03-19 01:34:35,926 - Server_DefaultID - INFO - Client 89: Acc=98.68, Loss=-341.3493, NLL=-1161.7650, KL=13.9636, AvgS=500.00, ProxLoss=0.0000
2026-03-19 01:34:35,927 - Server_DefaultID - INFO - Training client 37 (22/30)...
2026-03-19 01:34:37,150 - Server_DefaultID - INFO - Client 37: Acc=80.16, Loss=-344.0058, NLL=-1161.5811, KL=13.9629, AvgS=499.92, ProxLoss=0.0000
2026-03-19 01:34:37,150 - Server_DefaultID - INFO - Training client 8 (23/30)...
2026-03-19 01:34:37,746 - Server_DefaultID - INFO - Client 8: Acc=88.12, Loss=-342.7216, NLL=-1160.8084, KL=13.9598, AvgS=499.58, ProxLoss=0.0000
2026-03-19 01:34:37,746 - Server_DefaultID - INFO - Training client 95 (24/30)...
2026-03-19 01:34:40,162 - Server_DefaultID - INFO - Client 95: Acc=77.85, Loss=-341.9477, NLL=-1161.7153, KL=13.9634, AvgS=499.98, ProxLoss=0.0000
2026-03-19 01:34:40,163 - Server_DefaultID - INFO - Training client 42 (25/30)...
2026-03-19 01:34:41,716 - Server_DefaultID - INFO - Client 42: Acc=90.73, Loss=-342.7168, NLL=-1161.5623, KL=13.9628, AvgS=499.91, ProxLoss=0.0000
2026-03-19 01:34:41,716 - Server_DefaultID - INFO - Training client 60 (26/30)...
2026-03-19 01:34:42,589 - Server_DefaultID - INFO - Client 60: Acc=70.10, Loss=-342.2668, NLL=-1161.5773, KL=13.9629, AvgS=499.92, ProxLoss=0.0000
2026-03-19 01:34:42,590 - Server_DefaultID - INFO - Training client 12 (27/30)...
2026-03-19 01:34:43,977 - Server_DefaultID - INFO - Client 12: Acc=76.00, Loss=-344.6780, NLL=-1161.7542, KL=13.9636, AvgS=499.99, ProxLoss=0.0000
2026-03-19 01:34:43,977 - Server_DefaultID - INFO - Training client 11 (28/30)...
2026-03-19 01:34:45,629 - Server_DefaultID - INFO - Client 11: Acc=89.95, Loss=-343.3556, NLL=-1161.6996, KL=13.9634, AvgS=499.97, ProxLoss=0.0000
2026-03-19 01:34:45,629 - Server_DefaultID - INFO - Training client 1 (29/30)...
2026-03-19 01:34:46,251 - Server_DefaultID - INFO - Client 1: Acc=51.41, Loss=-343.0597, NLL=-1160.8894, KL=13.9602, AvgS=499.62, ProxLoss=0.0000
2026-03-19 01:34:46,251 - Server_DefaultID - INFO - Training client 32 (30/30)...
2026-03-19 01:34:47,949 - Server_DefaultID - INFO - Client 32: Acc=90.21, Loss=-343.5846, NLL=-1161.7134, KL=13.9634, AvgS=499.98, ProxLoss=0.0000
2026-03-19 01:34:48,140 - Server_DefaultID - WARNING - Global prior extremely imbalanced (max/min=1.0), applied adaptive smoothing lam=0.10.
2026-03-19 01:34:48,140 - Server_DefaultID - INFO - Round [46/200] Summary | Avg Client Train Stats:	Loss [-340.8051]	 Acc [85.50]	NLL [-1155.0576]	 KL [13.9310]	AvgS [497.10]	 ProxLoss [0.0000]
GlobalPriorAlpha (first 10): [5.0, 5.0, 5.0, 5.0, 5.0, 5.0, 5.0, 5.0, 5.0, 5.0]
Round Time: 43.76s
2026-03-19 01:34:48,143 - Server_DefaultID - INFO - --- Global Round 47/200 ---
2026-03-19 01:34:48,143 - Server_DefaultID - INFO - Selected 30 active clients for round 47.
2026-03-19 01:34:48,143 - Server_DefaultID - INFO - Training client 19 (1/30)...
2026-03-19 01:34:51,649 - Server_DefaultID - INFO - Client 19: Acc=95.67, Loss=-341.6159, NLL=-1161.7446, KL=13.9635, AvgS=499.99, ProxLoss=0.0000
2026-03-19 01:34:51,649 - Server_DefaultID - INFO - Training client 90 (2/30)...
2026-03-19 01:34:54,814 - Client_90 - WARNING - Client 90: Too few classes (1) or samples (592) for alpha report, returning uniform.
2026-03-19 01:34:54,814 - Server_DefaultID - INFO - Client 90: Acc=100.00, Loss=-340.3858, NLL=-1161.7370, KL=13.9635, AvgS=499.99, ProxLoss=0.0000
2026-03-19 01:34:54,814 - Server_DefaultID - INFO - Training client 4 (3/30)...
2026-03-19 01:34:56,519 - Server_DefaultID - INFO - Client 4: Acc=79.01, Loss=-344.5821, NLL=-1161.6702, KL=13.9632, AvgS=499.96, ProxLoss=0.0000
2026-03-19 01:34:56,519 - Server_DefaultID - INFO - Training client 46 (4/30)...
2026-03-19 01:34:58,635 - Server_DefaultID - INFO - Client 46: Acc=87.46, Loss=-342.8935, NLL=-1161.7331, KL=13.9635, AvgS=499.98, ProxLoss=0.0000
2026-03-19 01:34:58,636 - Server_DefaultID - INFO - Training client 97 (5/30)...
2026-03-19 01:35:04,866 - Server_DefaultID - INFO - Client 97: Acc=99.56, Loss=-340.7077, NLL=-1161.7476, KL=13.9635, AvgS=499.99, ProxLoss=0.0000
2026-03-19 01:35:04,866 - Server_DefaultID - INFO - Training client 6 (6/30)...
2026-03-19 01:35:05,656 - Server_DefaultID - INFO - Client 6: Acc=88.02, Loss=-342.4254, NLL=-1161.5783, KL=13.9629, AvgS=499.92, ProxLoss=0.0000
2026-03-19 01:35:05,656 - Server_DefaultID - INFO - Training client 96 (7/30)...
2026-03-19 01:35:07,810 - Server_DefaultID - INFO - Client 96: Acc=92.60, Loss=-342.9993, NLL=-1161.6987, KL=13.9634, AvgS=499.97, ProxLoss=0.0000
2026-03-19 01:35:07,810 - Server_DefaultID - INFO - Training client 62 (8/30)...
2026-03-19 01:35:08,510 - Server_DefaultID - INFO - Client 62: Acc=90.00, Loss=-343.2731, NLL=-1161.6234, KL=13.9631, AvgS=499.94, ProxLoss=0.0000
2026-03-19 01:35:08,510 - Server_DefaultID - INFO - Training client 63 (9/30)...
2026-03-19 01:35:09,930 - Server_DefaultID - INFO - Client 63: Acc=74.94, Loss=-343.1957, NLL=-1161.7412, KL=13.9635, AvgS=499.99, ProxLoss=0.0000
2026-03-19 01:35:09,931 - Server_DefaultID - INFO - Training client 64 (10/30)...
2026-03-19 01:35:10,389 - Server_DefaultID - INFO - Client 64: Acc=63.12, Loss=-334.0382, NLL=-1132.5929, KL=13.8440, AvgS=487.40, ProxLoss=0.0000
2026-03-19 01:35:10,389 - Server_DefaultID - INFO - Training client 8 (11/30)...
2026-03-19 01:35:11,023 - Server_DefaultID - INFO - Client 8: Acc=87.66, Loss=-342.8217, NLL=-1161.7229, KL=13.9634, AvgS=499.98, ProxLoss=0.0000
2026-03-19 01:35:11,023 - Server_DefaultID - INFO - Training client 67 (12/30)...
2026-03-19 01:35:12,621 - Server_DefaultID - INFO - Client 67: Acc=88.07, Loss=-343.9156, NLL=-1161.6945, KL=13.9633, AvgS=499.97, ProxLoss=0.0000
2026-03-19 01:35:12,621 - Server_DefaultID - INFO - Training client 51 (13/30)...
2026-03-19 01:35:13,247 - Server_DefaultID - INFO - Client 51: Acc=52.66, Loss=-344.8630, NLL=-1161.4499, KL=13.9624, AvgS=499.86, ProxLoss=0.0000
2026-03-19 01:35:13,247 - Server_DefaultID - INFO - Training client 71 (14/30)...
2026-03-19 01:35:13,847 - Server_DefaultID - INFO - Client 71: Acc=65.31, Loss=-343.8217, NLL=-1161.4095, KL=13.9622, AvgS=499.84, ProxLoss=0.0000
2026-03-19 01:35:13,847 - Server_DefaultID - INFO - Training client 39 (15/30)...
2026-03-19 01:35:17,658 - Server_DefaultID - INFO - Client 39: Acc=88.94, Loss=-343.1071, NLL=-1161.7488, KL=13.9635, AvgS=499.99, ProxLoss=0.0000
2026-03-19 01:35:17,658 - Server_DefaultID - INFO - Training client 24 (16/30)...
2026-03-19 01:35:18,095 - Server_DefaultID - INFO - Client 24: Acc=56.56, Loss=-227.4262, NLL=-770.4463, KL=12.0398, AvgS=331.05, ProxLoss=0.0000
2026-03-19 01:35:18,095 - Server_DefaultID - INFO - Training client 44 (17/30)...
2026-03-19 01:35:20,443 - Server_DefaultID - INFO - Client 44: Acc=94.86, Loss=-342.7468, NLL=-1161.7399, KL=13.9635, AvgS=499.99, ProxLoss=0.0000
2026-03-19 01:35:20,444 - Server_DefaultID - INFO - Training client 91 (18/30)...
2026-03-19 01:35:21,320 - Server_DefaultID - INFO - Client 91: Acc=91.25, Loss=-341.2527, NLL=-1160.6712, KL=13.9589, AvgS=499.53, ProxLoss=0.0000
2026-03-19 01:35:21,320 - Server_DefaultID - INFO - Training client 9 (19/30)...
2026-03-19 01:35:23,104 - Server_DefaultID - INFO - Client 9: Acc=97.59, Loss=-341.4153, NLL=-1161.7697, KL=13.9636, AvgS=500.00, ProxLoss=0.0000
2026-03-19 01:35:23,104 - Server_DefaultID - INFO - Training client 61 (20/30)...
2026-03-19 01:35:24,541 - Server_DefaultID - INFO - Client 61: Acc=79.06, Loss=-344.9893, NLL=-1161.5385, KL=13.9627, AvgS=499.90, ProxLoss=0.0000
2026-03-19 01:35:24,541 - Server_DefaultID - INFO - Training client 32 (21/30)...
2026-03-19 01:35:26,195 - Server_DefaultID - INFO - Client 32: Acc=92.71, Loss=-343.5595, NLL=-1161.6418, KL=13.9631, AvgS=499.94, ProxLoss=0.0000
2026-03-19 01:35:26,196 - Server_DefaultID - INFO - Training client 22 (22/30)...
2026-03-19 01:35:27,825 - Server_DefaultID - INFO - Client 22: Acc=90.94, Loss=-343.1156, NLL=-1161.1629, KL=13.9612, AvgS=499.74, ProxLoss=0.0000
2026-03-19 01:35:27,825 - Server_DefaultID - INFO - Training client 65 (23/30)...
2026-03-19 01:35:28,259 - Server_DefaultID - INFO - Client 65: Acc=64.06, Loss=-211.5568, NLL=-719.5302, KL=11.6963, AvgS=309.06, ProxLoss=0.0000
2026-03-19 01:35:28,259 - Server_DefaultID - INFO - Training client 57 (24/30)...
2026-03-19 01:35:32,527 - Server_DefaultID - INFO - Client 57: Acc=97.37, Loss=-342.6653, NLL=-1161.7233, KL=13.9634, AvgS=499.98, ProxLoss=0.0000
2026-03-19 01:35:32,527 - Server_DefaultID - INFO - Training client 83 (25/30)...
2026-03-19 01:35:35,105 - Server_DefaultID - INFO - Client 83: Acc=99.69, Loss=-340.6555, NLL=-1161.7496, KL=13.9635, AvgS=499.99, ProxLoss=0.0000
2026-03-19 01:35:35,105 - Server_DefaultID - INFO - Training client 5 (26/30)...
2026-03-19 01:35:35,539 - Server_DefaultID - INFO - Client 5: Acc=69.38, Loss=-344.1093, NLL=-1161.6049, KL=13.9630, AvgS=499.93, ProxLoss=0.0000
2026-03-19 01:35:35,539 - Server_DefaultID - INFO - Training client 34 (27/30)...
2026-03-19 01:35:36,533 - Server_DefaultID - INFO - Client 34: Acc=78.75, Loss=-343.6795, NLL=-1161.6546, KL=13.9632, AvgS=499.95, ProxLoss=0.0000
2026-03-19 01:35:36,533 - Server_DefaultID - INFO - Training client 3 (28/30)...
2026-03-19 01:35:38,089 - Server_DefaultID - INFO - Client 3: Acc=71.04, Loss=-344.8067, NLL=-1161.7577, KL=13.9636, AvgS=499.99, ProxLoss=0.0000
2026-03-19 01:35:38,089 - Server_DefaultID - INFO - Training client 42 (29/30)...
2026-03-19 01:35:39,674 - Server_DefaultID - INFO - Client 42: Acc=90.78, Loss=-342.8057, NLL=-1161.6589, KL=13.9632, AvgS=499.95, ProxLoss=0.0000
2026-03-19 01:35:39,674 - Server_DefaultID - INFO - Training client 82 (30/30)...
2026-03-19 01:35:41,049 - Server_DefaultID - INFO - Client 82: Acc=92.31, Loss=-342.6768, NLL=-1161.6440, KL=13.9631, AvgS=499.95, ProxLoss=0.0000
2026-03-19 01:35:41,363 - Server_DefaultID - WARNING - Global prior extremely imbalanced (max/min=1.0), applied adaptive smoothing lam=0.10.
2026-03-19 01:35:41,363 - Server_DefaultID - INFO - Round [47/200] Summary | Avg Client Train Stats:	Loss [-340.8969]	 Acc [90.45]	NLL [-1156.3060]	 KL [13.9366]	AvgS [497.64]	 ProxLoss [0.0000]
GlobalPriorAlpha (first 10): [5.0, 5.0, 5.0, 5.0, 5.0, 5.0, 5.0, 5.0, 5.0, 5.0]
Round Time: 53.22s
2026-03-19 01:35:41,366 - Server_DefaultID - INFO - --- Global Round 48/200 ---
2026-03-19 01:35:41,366 - Server_DefaultID - INFO - Selected 30 active clients for round 48.
2026-03-19 01:35:41,366 - Server_DefaultID - INFO - Training client 72 (1/30)...
2026-03-19 01:35:42,515 - Server_DefaultID - INFO - Client 72: Acc=95.08, Loss=-342.0629, NLL=-1161.6025, KL=13.9630, AvgS=499.93, ProxLoss=0.0000
2026-03-19 01:35:42,515 - Server_DefaultID - INFO - Training client 15 (2/30)...
2026-03-19 01:35:43,104 - Server_DefaultID - INFO - Client 15: Acc=56.72, Loss=-343.1622, NLL=-1161.4579, KL=13.9624, AvgS=499.87, ProxLoss=0.0000
2026-03-19 01:35:43,104 - Server_DefaultID - INFO - Training client 19 (3/30)...
2026-03-19 01:35:46,472 - Server_DefaultID - INFO - Client 19: Acc=97.10, Loss=-341.6345, NLL=-1161.7603, KL=13.9636, AvgS=500.00, ProxLoss=0.0000
2026-03-19 01:35:46,472 - Server_DefaultID - INFO - Training client 21 (4/30)...
2026-03-19 01:35:48,558 - Server_DefaultID - INFO - Client 21: Acc=84.61, Loss=-344.6449, NLL=-1161.7021, KL=13.9634, AvgS=499.97, ProxLoss=0.0000
2026-03-19 01:35:48,558 - Server_DefaultID - INFO - Training client 47 (5/30)...
2026-03-19 01:35:50,145 - Server_DefaultID - INFO - Client 47: Acc=93.70, Loss=-344.5983, NLL=-1161.6614, KL=13.9632, AvgS=499.95, ProxLoss=0.0000
2026-03-19 01:35:50,145 - Server_DefaultID - INFO - Training client 10 (6/30)...
2026-03-19 01:35:51,349 - Server_DefaultID - INFO - Client 10: Acc=41.64, Loss=-344.2275, NLL=-1161.6227, KL=13.9631, AvgS=499.94, ProxLoss=0.0000
2026-03-19 01:35:51,349 - Server_DefaultID - INFO - Training client 26 (7/30)...
2026-03-19 01:35:55,321 - Server_DefaultID - INFO - Client 26: Acc=98.00, Loss=-342.0156, NLL=-1161.7549, KL=13.9636, AvgS=499.99, ProxLoss=0.0000
2026-03-19 01:35:55,321 - Server_DefaultID - INFO - Training client 43 (8/30)...
2026-03-19 01:35:58,035 - Server_DefaultID - INFO - Client 43: Acc=92.64, Loss=-342.8057, NLL=-1161.7690, KL=13.9636, AvgS=500.00, ProxLoss=0.0000
2026-03-19 01:35:58,035 - Server_DefaultID - INFO - Training client 8 (9/30)...
2026-03-19 01:35:58,683 - Server_DefaultID - INFO - Client 8: Acc=87.66, Loss=-342.7331, NLL=-1161.7597, KL=13.9636, AvgS=500.00, ProxLoss=0.0000
2026-03-19 01:35:58,684 - Server_DefaultID - INFO - Training client 53 (10/30)...
2026-03-19 01:36:02,074 - Server_DefaultID - INFO - Client 53: Acc=95.59, Loss=-342.1146, NLL=-1161.7367, KL=13.9635, AvgS=499.99, ProxLoss=0.0000
2026-03-19 01:36:02,074 - Server_DefaultID - INFO - Training client 97 (11/30)...
2026-03-19 01:36:08,222 - Server_DefaultID - INFO - Client 97: Acc=99.56, Loss=-340.6889, NLL=-1161.7528, KL=13.9636, AvgS=499.99, ProxLoss=0.0000
2026-03-19 01:36:08,222 - Server_DefaultID - INFO - Training client 96 (12/30)...
2026-03-19 01:36:10,397 - Server_DefaultID - INFO - Client 96: Acc=93.47, Loss=-342.9824, NLL=-1161.7284, KL=13.9635, AvgS=499.98, ProxLoss=0.0000
2026-03-19 01:36:10,398 - Server_DefaultID - INFO - Training client 31 (13/30)...
2026-03-19 01:36:12,606 - Server_DefaultID - INFO - Client 31: Acc=92.92, Loss=-342.9141, NLL=-1161.7695, KL=13.9636, AvgS=500.00, ProxLoss=0.0000
2026-03-19 01:36:12,606 - Server_DefaultID - INFO - Training client 82 (14/30)...
2026-03-19 01:36:13,973 - Server_DefaultID - INFO - Client 82: Acc=93.56, Loss=-342.7332, NLL=-1161.6793, KL=13.9633, AvgS=499.96, ProxLoss=0.0000
2026-03-19 01:36:13,973 - Server_DefaultID - INFO - Training client 83 (15/30)...
2026-03-19 01:36:16,558 - Server_DefaultID - INFO - Client 83: Acc=99.72, Loss=-340.5654, NLL=-1161.7692, KL=13.9636, AvgS=500.00, ProxLoss=0.0000
2026-03-19 01:36:16,558 - Server_DefaultID - INFO - Training client 59 (16/30)...
2026-03-19 01:36:18,752 - Server_DefaultID - INFO - Client 59: Acc=92.99, Loss=-343.0791, NLL=-1161.6681, KL=13.9632, AvgS=499.96, ProxLoss=0.0000
2026-03-19 01:36:18,752 - Server_DefaultID - INFO - Training client 68 (17/30)...
2026-03-19 01:36:20,890 - Server_DefaultID - INFO - Client 68: Acc=96.53, Loss=-341.6548, NLL=-1161.7669, KL=13.9636, AvgS=500.00, ProxLoss=0.0000
2026-03-19 01:36:20,890 - Server_DefaultID - INFO - Training client 38 (18/30)...
2026-03-19 01:36:21,521 - Server_DefaultID - INFO - Client 38: Acc=65.94, Loss=-345.0954, NLL=-1161.3757, KL=13.9621, AvgS=499.83, ProxLoss=0.0000
2026-03-19 01:36:21,521 - Server_DefaultID - INFO - Training client 49 (19/30)...
2026-03-19 01:36:23,405 - Server_DefaultID - INFO - Client 49: Acc=95.27, Loss=-342.7937, NLL=-1161.6827, KL=13.9633, AvgS=499.96, ProxLoss=0.0000
2026-03-19 01:36:23,405 - Server_DefaultID - INFO - Training client 89 (20/30)...
2026-03-19 01:36:27,100 - Server_DefaultID - INFO - Client 89: Acc=98.73, Loss=-341.2829, NLL=-1161.7417, KL=13.9635, AvgS=499.99, ProxLoss=0.0000
2026-03-19 01:36:27,100 - Server_DefaultID - INFO - Training client 7 (21/30)...
2026-03-19 01:36:28,670 - Server_DefaultID - INFO - Client 7: Acc=72.92, Loss=-343.1398, NLL=-1161.7674, KL=13.9636, AvgS=500.00, ProxLoss=0.0000
2026-03-19 01:36:28,671 - Server_DefaultID - INFO - Training client 84 (22/30)...
2026-03-19 01:36:29,049 - Server_DefaultID - INFO - Client 84: Acc=50.94, Loss=-247.5349, NLL=-846.3594, KL=12.3939, AvgS=363.75, ProxLoss=0.0000
2026-03-19 01:36:29,049 - Server_DefaultID - INFO - Training client 42 (23/30)...
2026-03-19 01:36:30,599 - Server_DefaultID - INFO - Client 42: Acc=90.68, Loss=-342.7901, NLL=-1161.7199, KL=13.9634, AvgS=499.98, ProxLoss=0.0000
2026-03-19 01:36:30,599 - Server_DefaultID - INFO - Training client 55 (24/30)...
2026-03-19 01:36:38,780 - Server_DefaultID - INFO - Client 55: Acc=90.59, Loss=-343.6042, NLL=-1161.7283, KL=13.9635, AvgS=499.98, ProxLoss=0.0000
2026-03-19 01:36:38,780 - Server_DefaultID - INFO - Training client 51 (25/30)...
2026-03-19 01:36:39,463 - Server_DefaultID - INFO - Client 51: Acc=53.28, Loss=-344.7828, NLL=-1161.4919, KL=13.9626, AvgS=499.88, ProxLoss=0.0000
2026-03-19 01:36:39,463 - Server_DefaultID - INFO - Training client 88 (26/30)...
2026-03-19 01:36:41,088 - Server_DefaultID - INFO - Client 88: Acc=61.98, Loss=-343.7857, NLL=-1161.7506, KL=13.9635, AvgS=499.99, ProxLoss=0.0000
2026-03-19 01:36:41,088 - Server_DefaultID - INFO - Training client 71 (27/30)...
2026-03-19 01:36:41,774 - Server_DefaultID - INFO - Client 71: Acc=71.72, Loss=-343.8740, NLL=-1161.3602, KL=13.9620, AvgS=499.82, ProxLoss=0.0000
2026-03-19 01:36:41,774 - Server_DefaultID - INFO - Training client 12 (28/30)...
2026-03-19 01:36:43,236 - Server_DefaultID - INFO - Client 12: Acc=80.44, Loss=-344.5355, NLL=-1161.7338, KL=13.9635, AvgS=499.98, ProxLoss=0.0000
2026-03-19 01:36:43,236 - Server_DefaultID - INFO - Training client 69 (29/30)...
2026-03-19 01:36:43,844 - Server_DefaultID - INFO - Client 69: Acc=56.56, Loss=-343.8346, NLL=-1161.3816, KL=13.9621, AvgS=499.83, ProxLoss=0.0000
2026-03-19 01:36:43,845 - Server_DefaultID - INFO - Training client 95 (30/30)...
2026-03-19 01:36:46,118 - Server_DefaultID - INFO - Client 95: Acc=79.62, Loss=-341.8812, NLL=-1161.7236, KL=13.9634, AvgS=499.98, ProxLoss=0.0000
2026-03-19 01:36:46,362 - Server_DefaultID - WARNING - Global prior extremely imbalanced (max/min=1.0), applied adaptive smoothing lam=0.10.
2026-03-19 01:36:46,362 - Server_DefaultID - INFO - Round [48/200] Summary | Avg Client Train Stats:	Loss [-342.2629]	 Acc [89.86]	NLL [-1160.7189]	 KL [13.9585]	AvgS [499.55]	 ProxLoss [0.0000]
GlobalPriorAlpha (first 10): [5.0, 5.0, 5.0, 5.0, 5.0, 5.0, 5.0, 5.0, 5.0, 5.0]
Round Time: 65.00s
2026-03-19 01:36:46,365 - Server_DefaultID - INFO - --- Global Round 49/200 ---
2026-03-19 01:36:46,365 - Server_DefaultID - INFO - Selected 30 active clients for round 49.
2026-03-19 01:36:46,365 - Server_DefaultID - INFO - Training client 98 (1/30)...
2026-03-19 01:36:47,255 - Server_DefaultID - INFO - Client 98: Acc=94.48, Loss=-341.4301, NLL=-1161.6437, KL=13.9631, AvgS=499.95, ProxLoss=0.0000
2026-03-19 01:36:47,255 - Server_DefaultID - INFO - Training client 61 (2/30)...
2026-03-19 01:36:48,578 - Server_DefaultID - INFO - Client 61: Acc=82.88, Loss=-344.9043, NLL=-1161.6194, KL=13.9630, AvgS=499.94, ProxLoss=0.0000
2026-03-19 01:36:48,578 - Server_DefaultID - INFO - Training client 71 (3/30)...
2026-03-19 01:36:49,204 - Server_DefaultID - INFO - Client 71: Acc=75.16, Loss=-344.0026, NLL=-1161.5281, KL=13.9627, AvgS=499.90, ProxLoss=0.0000
2026-03-19 01:36:49,204 - Server_DefaultID - INFO - Training client 36 (4/30)...
2026-03-19 01:36:54,378 - Server_DefaultID - INFO - Client 36: Acc=98.80, Loss=-341.7637, NLL=-1161.7622, KL=13.9636, AvgS=500.00, ProxLoss=0.0000
2026-03-19 01:36:54,378 - Server_DefaultID - INFO - Training client 2 (5/30)...
2026-03-19 01:36:56,567 - Server_DefaultID - INFO - Client 2: Acc=79.17, Loss=-342.7227, NLL=-1161.5603, KL=13.9628, AvgS=499.91, ProxLoss=0.0000
2026-03-19 01:36:56,567 - Server_DefaultID - INFO - Training client 45 (6/30)...
2026-03-19 01:36:58,745 - Server_DefaultID - INFO - Client 45: Acc=67.66, Loss=-342.5891, NLL=-1161.7105, KL=13.9634, AvgS=499.97, ProxLoss=0.0000
2026-03-19 01:36:58,745 - Server_DefaultID - INFO - Training client 62 (7/30)...
2026-03-19 01:36:59,395 - Server_DefaultID - INFO - Client 62: Acc=90.47, Loss=-343.6316, NLL=-1161.6424, KL=13.9631, AvgS=499.95, ProxLoss=0.0000
2026-03-19 01:36:59,395 - Server_DefaultID - INFO - Training client 88 (8/30)...
2026-03-19 01:37:00,931 - Server_DefaultID - INFO - Client 88: Acc=62.60, Loss=-343.7071, NLL=-1161.7386, KL=13.9635, AvgS=499.99, ProxLoss=0.0000
2026-03-19 01:37:00,932 - Server_DefaultID - INFO - Training client 35 (9/30)...
2026-03-19 01:37:01,882 - Server_DefaultID - INFO - Client 35: Acc=78.33, Loss=-344.1812, NLL=-1161.6645, KL=13.9632, AvgS=499.95, ProxLoss=0.0000
2026-03-19 01:37:01,882 - Server_DefaultID - INFO - Training client 9 (10/30)...
2026-03-19 01:37:03,713 - Server_DefaultID - INFO - Client 9: Acc=97.46, Loss=-341.5291, NLL=-1161.7607, KL=13.9636, AvgS=500.00, ProxLoss=0.0000
2026-03-19 01:37:03,713 - Server_DefaultID - INFO - Training client 94 (11/30)...
2026-03-19 01:37:07,501 - Server_DefaultID - INFO - Client 94: Acc=93.44, Loss=-342.8174, NLL=-1161.6727, KL=13.9632, AvgS=499.96, ProxLoss=0.0000
2026-03-19 01:37:07,501 - Server_DefaultID - INFO - Training client 22 (12/30)...
2026-03-19 01:37:08,222 - Server_DefaultID - INFO - Client 22: Acc=92.19, Loss=-342.9249, NLL=-1161.0768, KL=13.9609, AvgS=499.70, ProxLoss=0.0000
2026-03-19 01:37:08,223 - Server_DefaultID - INFO - Training client 84 (13/30)...
2026-03-19 01:37:08,625 - Server_DefaultID - INFO - Client 84: Acc=55.47, Loss=-271.5894, NLL=-927.1473, KL=12.8480, AvgS=398.63, ProxLoss=0.0000
2026-03-19 01:37:08,626 - Server_DefaultID - INFO - Training client 70 (14/30)...
2026-03-19 01:37:10,152 - Server_DefaultID - INFO - Client 70: Acc=85.44, Loss=-341.7779, NLL=-1161.6285, KL=13.9631, AvgS=499.94, ProxLoss=0.0000
2026-03-19 01:37:10,152 - Server_DefaultID - INFO - Training client 66 (15/30)...
2026-03-19 01:37:11,798 - Server_DefaultID - INFO - Client 66: Acc=90.13, Loss=-342.5049, NLL=-1161.7547, KL=13.9636, AvgS=499.99, ProxLoss=0.0000
2026-03-19 01:37:11,798 - Server_DefaultID - INFO - Training client 93 (16/30)...
2026-03-19 01:37:12,441 - Server_DefaultID - INFO - Client 93: Acc=51.88, Loss=-343.4132, NLL=-1161.3241, KL=13.9619, AvgS=499.81, ProxLoss=0.0000
2026-03-19 01:37:12,441 - Server_DefaultID - INFO - Training client 53 (17/30)...
2026-03-19 01:37:14,917 - Server_DefaultID - INFO - Client 53: Acc=95.62, Loss=-342.2735, NLL=-1161.7623, KL=13.9636, AvgS=500.00, ProxLoss=0.0000
2026-03-19 01:37:14,917 - Server_DefaultID - INFO - Training client 0 (18/30)...
2026-03-19 01:37:15,379 - Server_DefaultID - INFO - Client 0: Acc=40.94, Loss=-342.9512, NLL=-1161.0646, KL=13.9609, AvgS=499.70, ProxLoss=0.0000
2026-03-19 01:37:15,379 - Server_DefaultID - INFO - Training client 52 (19/30)...
2026-03-19 01:37:16,296 - Server_DefaultID - INFO - Client 52: Acc=70.83, Loss=-343.0021, NLL=-1161.7307, KL=13.9635, AvgS=499.98, ProxLoss=0.0000
2026-03-19 01:37:16,296 - Server_DefaultID - INFO - Training client 42 (20/30)...
2026-03-19 01:37:17,703 - Server_DefaultID - INFO - Client 42: Acc=90.10, Loss=-342.5890, NLL=-1161.6849, KL=13.9633, AvgS=499.96, ProxLoss=0.0000
2026-03-19 01:37:17,703 - Server_DefaultID - INFO - Training client 30 (21/30)...
2026-03-19 01:37:19,700 - Server_DefaultID - INFO - Client 30: Acc=94.92, Loss=-341.5006, NLL=-1161.6106, KL=13.9630, AvgS=499.93, ProxLoss=0.0000
2026-03-19 01:37:19,700 - Server_DefaultID - INFO - Training client 13 (22/30)...
2026-03-19 01:37:20,155 - Server_DefaultID - INFO - Client 13: Acc=48.44, Loss=-341.0382, NLL=-1159.9477, KL=13.9564, AvgS=499.21, ProxLoss=0.0000
2026-03-19 01:37:20,155 - Server_DefaultID - INFO - Training client 76 (23/30)...
2026-03-19 01:37:22,277 - Server_DefaultID - INFO - Client 76: Acc=94.38, Loss=-344.8201, NLL=-1161.7048, KL=13.9634, AvgS=499.97, ProxLoss=0.0000
2026-03-19 01:37:22,277 - Server_DefaultID - INFO - Training client 83 (24/30)...
2026-03-19 01:37:24,871 - Server_DefaultID - INFO - Client 83: Acc=99.75, Loss=-340.4900, NLL=-1161.7416, KL=13.9635, AvgS=499.99, ProxLoss=0.0000
2026-03-19 01:37:24,871 - Server_DefaultID - INFO - Training client 28 (25/30)...
2026-03-19 01:37:25,307 - Server_DefaultID - INFO - Client 28: Acc=70.62, Loss=-284.5827, NLL=-966.9583, KL=13.0103, AvgS=415.84, ProxLoss=0.0000
2026-03-19 01:37:25,308 - Server_DefaultID - INFO - Training client 27 (26/30)...
2026-03-19 01:37:26,226 - Server_DefaultID - INFO - Client 27: Acc=77.29, Loss=-344.0439, NLL=-1161.5905, KL=13.9629, AvgS=499.92, ProxLoss=0.0000
2026-03-19 01:37:26,226 - Server_DefaultID - INFO - Training client 86 (27/30)...
2026-03-19 01:37:27,596 - Server_DefaultID - INFO - Client 86: Acc=86.06, Loss=-342.9967, NLL=-1161.6706, KL=13.9632, AvgS=499.96, ProxLoss=0.0000
2026-03-19 01:37:27,597 - Server_DefaultID - INFO - Training client 44 (28/30)...
2026-03-19 01:37:29,858 - Server_DefaultID - INFO - Client 44: Acc=96.42, Loss=-342.6264, NLL=-1161.7063, KL=13.9634, AvgS=499.97, ProxLoss=0.0000
2026-03-19 01:37:29,858 - Server_DefaultID - INFO - Training client 72 (29/30)...
2026-03-19 01:37:30,948 - Server_DefaultID - INFO - Client 72: Acc=95.08, Loss=-342.1408, NLL=-1161.7420, KL=13.9635, AvgS=499.99, ProxLoss=0.0000
2026-03-19 01:37:30,948 - Server_DefaultID - INFO - Training client 26 (30/30)...
2026-03-19 01:37:35,063 - Server_DefaultID - INFO - Client 26: Acc=98.53, Loss=-341.9957, NLL=-1161.7564, KL=13.9636, AvgS=499.99, ProxLoss=0.0000
2026-03-19 01:37:35,343 - Server_DefaultID - WARNING - Global prior extremely imbalanced (max/min=1.0), applied adaptive smoothing lam=0.10.
2026-03-19 01:37:35,343 - Server_DefaultID - INFO - Round [49/200] Summary | Avg Client Train Stats:	Loss [-341.6530]	 Acc [88.81]	NLL [-1158.8441]	 KL [13.9495]	AvgS [498.74]	 ProxLoss [0.0000]
GlobalPriorAlpha (first 10): [5.0, 5.0, 5.0, 5.0, 5.0, 5.0, 5.0, 5.0, 5.0, 5.0]
Round Time: 48.98s
2026-03-19 01:37:35,347 - Server_DefaultID - INFO - --- Global Round 50/200 ---
2026-03-19 01:37:35,347 - Server_DefaultID - INFO - Selected 30 active clients for round 50.
2026-03-19 01:37:35,347 - Server_DefaultID - INFO - Training client 51 (1/30)...
2026-03-19 01:37:36,093 - Server_DefaultID - INFO - Client 51: Acc=51.88, Loss=-344.4508, NLL=-1161.3685, KL=13.9621, AvgS=499.83, ProxLoss=0.0000
2026-03-19 01:37:36,093 - Server_DefaultID - INFO - Training client 43 (2/30)...
2026-03-19 01:37:38,761 - Server_DefaultID - INFO - Client 43: Acc=93.95, Loss=-342.7252, NLL=-1161.7607, KL=13.9636, AvgS=500.00, ProxLoss=0.0000
2026-03-19 01:37:38,761 - Server_DefaultID - INFO - Training client 76 (3/30)...
2026-03-19 01:37:41,692 - Server_DefaultID - INFO - Client 76: Acc=95.55, Loss=-344.8188, NLL=-1161.7476, KL=13.9635, AvgS=499.99, ProxLoss=0.0000
2026-03-19 01:37:41,692 - Server_DefaultID - INFO - Training client 81 (4/30)...
2026-03-19 01:37:43,498 - Server_DefaultID - INFO - Client 81: Acc=90.71, Loss=-342.7782, NLL=-1161.5937, KL=13.9629, AvgS=499.92, ProxLoss=0.0000
2026-03-19 01:37:43,498 - Server_DefaultID - INFO - Training client 36 (5/30)...
2026-03-19 01:37:48,945 - Server_DefaultID - INFO - Client 36: Acc=97.92, Loss=-341.6842, NLL=-1161.7365, KL=13.9635, AvgS=499.99, ProxLoss=0.0000
2026-03-19 01:37:48,945 - Server_DefaultID - INFO - Training client 40 (6/30)...
2026-03-19 01:37:50,430 - Server_DefaultID - INFO - Client 40: Acc=85.00, Loss=-344.4901, NLL=-1161.7480, KL=13.9635, AvgS=499.99, ProxLoss=0.0000
2026-03-19 01:37:50,430 - Server_DefaultID - INFO - Training client 16 (7/30)...
2026-03-19 01:37:51,072 - Server_DefaultID - INFO - Client 16: Acc=57.19, Loss=-342.3232, NLL=-1161.5473, KL=13.9628, AvgS=499.90, ProxLoss=0.0000
2026-03-19 01:37:51,072 - Server_DefaultID - INFO - Training client 48 (8/30)...
2026-03-19 01:37:55,350 - Server_DefaultID - INFO - Client 48: Acc=89.43, Loss=-342.9705, NLL=-1161.7520, KL=13.9636, AvgS=499.99, ProxLoss=0.0000
2026-03-19 01:37:55,350 - Server_DefaultID - INFO - Training client 47 (9/30)...
2026-03-19 01:37:57,005 - Server_DefaultID - INFO - Client 47: Acc=93.59, Loss=-344.5463, NLL=-1161.7441, KL=13.9635, AvgS=499.99, ProxLoss=0.0000
2026-03-19 01:37:57,005 - Server_DefaultID - INFO - Training client 77 (10/30)...
2026-03-19 01:38:00,696 - Server_DefaultID - INFO - Client 77: Acc=94.56, Loss=-342.4963, NLL=-1161.7057, KL=13.9634, AvgS=499.97, ProxLoss=0.0000
2026-03-19 01:38:00,696 - Server_DefaultID - INFO - Training client 30 (11/30)...
2026-03-19 01:38:02,747 - Server_DefaultID - INFO - Client 30: Acc=95.74, Loss=-341.4636, NLL=-1161.6096, KL=13.9630, AvgS=499.93, ProxLoss=0.0000
2026-03-19 01:38:02,747 - Server_DefaultID - INFO - Training client 41 (12/30)...
2026-03-19 01:38:04,777 - Server_DefaultID - INFO - Client 41: Acc=97.50, Loss=-342.1975, NLL=-1161.7044, KL=13.9634, AvgS=499.97, ProxLoss=0.0000
2026-03-19 01:38:04,777 - Server_DefaultID - INFO - Training client 39 (13/30)...
2026-03-19 01:38:08,453 - Server_DefaultID - INFO - Client 39: Acc=91.46, Loss=-342.9835, NLL=-1161.6998, KL=13.9634, AvgS=499.97, ProxLoss=0.0000
2026-03-19 01:38:08,453 - Server_DefaultID - INFO - Training client 14 (14/30)...
2026-03-19 01:38:10,880 - Server_DefaultID - INFO - Client 14: Acc=89.97, Loss=-341.5090, NLL=-1161.7683, KL=13.9636, AvgS=500.00, ProxLoss=0.0000
2026-03-19 01:38:10,880 - Server_DefaultID - INFO - Training client 7 (15/30)...
2026-03-19 01:38:12,425 - Server_DefaultID - INFO - Client 7: Acc=77.24, Loss=-343.1579, NLL=-1161.7637, KL=13.9636, AvgS=500.00, ProxLoss=0.0000
2026-03-19 01:38:12,425 - Server_DefaultID - INFO - Training client 44 (16/30)...
2026-03-19 01:38:15,787 - Server_DefaultID - INFO - Client 44: Acc=96.28, Loss=-342.6849, NLL=-1161.7668, KL=13.9636, AvgS=500.00, ProxLoss=0.0000
2026-03-19 01:38:15,787 - Server_DefaultID - INFO - Training client 89 (17/30)...
2026-03-19 01:38:19,211 - Server_DefaultID - INFO - Client 89: Acc=98.91, Loss=-341.1553, NLL=-1161.7534, KL=13.9636, AvgS=499.99, ProxLoss=0.0000
2026-03-19 01:38:19,211 - Server_DefaultID - INFO - Training client 88 (18/30)...
2026-03-19 01:38:20,905 - Server_DefaultID - INFO - Client 88: Acc=61.35, Loss=-343.6604, NLL=-1161.7159, KL=13.9634, AvgS=499.98, ProxLoss=0.0000
2026-03-19 01:38:20,905 - Server_DefaultID - INFO - Training client 69 (19/30)...
2026-03-19 01:38:21,607 - Server_DefaultID - INFO - Client 69: Acc=57.97, Loss=-343.6113, NLL=-1161.4889, KL=13.9625, AvgS=499.88, ProxLoss=0.0000
2026-03-19 01:38:21,607 - Server_DefaultID - INFO - Training client 62 (20/30)...
2026-03-19 01:38:22,202 - Server_DefaultID - INFO - Client 62: Acc=89.06, Loss=-343.5014, NLL=-1161.0188, KL=13.9607, AvgS=499.68, ProxLoss=0.0000
2026-03-19 01:38:22,202 - Server_DefaultID - INFO - Training client 80 (21/30)...
2026-03-19 01:38:22,621 - Server_DefaultID - INFO - Client 80: Acc=40.94, Loss=-328.6459, NLL=-1114.0423, KL=13.7631, AvgS=479.37, ProxLoss=0.0000
2026-03-19 01:38:22,621 - Server_DefaultID - INFO - Training client 12 (22/30)...
2026-03-19 01:38:23,904 - Server_DefaultID - INFO - Client 12: Acc=81.75, Loss=-344.5822, NLL=-1161.7504, KL=13.9635, AvgS=499.99, ProxLoss=0.0000
2026-03-19 01:38:23,904 - Server_DefaultID - INFO - Training client 94 (23/30)...
2026-03-19 01:38:26,343 - Server_DefaultID - INFO - Client 94: Acc=95.23, Loss=-342.8755, NLL=-1161.7319, KL=13.9635, AvgS=499.98, ProxLoss=0.0000
2026-03-19 01:38:26,343 - Server_DefaultID - INFO - Training client 63 (24/30)...
2026-03-19 01:38:27,601 - Server_DefaultID - INFO - Client 63: Acc=81.75, Loss=-343.0950, NLL=-1161.6761, KL=13.9633, AvgS=499.96, ProxLoss=0.0000
2026-03-19 01:38:27,601 - Server_DefaultID - INFO - Training client 10 (25/30)...
2026-03-19 01:38:28,769 - Server_DefaultID - INFO - Client 10: Acc=53.44, Loss=-344.3680, NLL=-1161.7244, KL=13.9634, AvgS=499.98, ProxLoss=0.0000
2026-03-19 01:38:28,769 - Server_DefaultID - INFO - Training client 31 (26/30)...
2026-03-19 01:38:31,096 - Server_DefaultID - INFO - Client 31: Acc=93.47, Loss=-342.8242, NLL=-1161.7366, KL=13.9635, AvgS=499.99, ProxLoss=0.0000
2026-03-19 01:38:31,096 - Server_DefaultID - INFO - Training client 54 (27/30)...
2026-03-19 01:38:31,779 - Server_DefaultID - INFO - Client 54: Acc=72.34, Loss=-338.6150, NLL=-1154.0156, KL=13.9324, AvgS=496.65, ProxLoss=0.0000
2026-03-19 01:38:31,779 - Server_DefaultID - INFO - Training client 1 (28/30)...
2026-03-19 01:38:32,428 - Server_DefaultID - INFO - Client 1: Acc=55.31, Loss=-343.1935, NLL=-1161.6712, KL=13.9632, AvgS=499.96, ProxLoss=0.0000
2026-03-19 01:38:32,428 - Server_DefaultID - INFO - Training client 22 (29/30)...
2026-03-19 01:38:33,122 - Server_DefaultID - INFO - Client 22: Acc=91.88, Loss=-343.3340, NLL=-1161.3946, KL=13.9621, AvgS=499.84, ProxLoss=0.0000
2026-03-19 01:38:33,122 - Server_DefaultID - INFO - Training client 67 (30/30)...
2026-03-19 01:38:34,787 - Server_DefaultID - INFO - Client 67: Acc=91.82, Loss=-343.7703, NLL=-1161.6127, KL=13.9630, AvgS=499.93, ProxLoss=0.0000
2026-03-19 01:38:35,020 - Server_DefaultID - WARNING - Global prior extremely imbalanced (max/min=1.0), applied adaptive smoothing lam=0.10.
2026-03-19 01:38:35,020 - Server_DefaultID - INFO - Round [50/200] Summary | Avg Client Train Stats:	Loss [-342.6804]	 Acc [89.06]	NLL [-1161.3112]	 KL [13.9617]	AvgS [499.80]	 ProxLoss [0.0000]
GlobalPriorAlpha (first 10): [5.0, 5.0, 5.0, 5.0, 5.0, 5.0, 5.0, 5.0, 5.0, 5.0]
Round Time: 59.67s
2026-03-19 01:38:35,020 - Server_DefaultID - INFO - --- Evaluating models at round 50 ---
2026-03-19 01:39:44,015 - Server_DefaultID - INFO - Global Model Evaluation (Round 50): 
  Avg Test Acc: 76.07%
  Avg Test Acc Softmax: 76.07%
  Avg Test Loss: -1119.2777
  Avg Test NLL: -1133.9714
  Avg Test KL (vs flat prior): 13.8155
  Avg Test S: 488.00
2026-03-19 01:40:51,367 - Server_DefaultID - INFO - Personalized Model Evaluation (Round 50): 
  Avg Test Acc: 76.94%
  Avg Test Acc Softmax: 76.94%
  Avg Test Loss: -1124.3074
  Avg Test NLL: -1139.0353
  Avg Test KL (vs flat prior): 13.8493
  Avg Test S: 490.18
2026-03-19 01:40:51,367 - Server_DefaultID - INFO - [Metric 1] Personalized Brier Score | Mean: 0.3306
2026-03-19 01:40:51,367 - Server_DefaultID - INFO - [Metric 1] Personalized ECE | Mean: 0.0984
2026-03-19 01:40:51,367 - Server_DefaultID - INFO - [OOD Eval] OOD AUC-ROC (Epistemic): 0.0512
2026-03-19 01:40:51,367 - Server_DefaultID - INFO - [Metric 4] OOD FPR@95%TPR: 0.9830
2026-03-19 01:40:52,706 - Server_DefaultID - INFO - --- Global Round 51/200 ---
2026-03-19 01:40:52,707 - Server_DefaultID - INFO - Selected 30 active clients for round 51.
2026-03-19 01:40:52,707 - Server_DefaultID - INFO - Training client 79 (1/30)...
2026-03-19 01:40:53,930 - Server_DefaultID - INFO - Client 79: Acc=94.00, Loss=-341.4289, NLL=-1161.6935, KL=13.9633, AvgS=499.97, ProxLoss=0.0000
2026-03-19 01:40:53,930 - Server_DefaultID - INFO - Training client 22 (2/30)...
2026-03-19 01:40:54,678 - Server_DefaultID - INFO - Client 22: Acc=91.41, Loss=-343.3952, NLL=-1161.2278, KL=13.9614, AvgS=499.77, ProxLoss=0.0000
2026-03-19 01:40:54,678 - Server_DefaultID - INFO - Training client 8 (3/30)...
2026-03-19 01:40:55,275 - Server_DefaultID - INFO - Client 8: Acc=87.34, Loss=-342.4495, NLL=-1161.5141, KL=13.9626, AvgS=499.89, ProxLoss=0.0000
2026-03-19 01:40:55,275 - Server_DefaultID - INFO - Training client 74 (4/30)...
2026-03-19 01:40:56,181 - Server_DefaultID - INFO - Client 74: Acc=66.88, Loss=-342.8453, NLL=-1161.7353, KL=13.9635, AvgS=499.99, ProxLoss=0.0000
2026-03-19 01:40:56,181 - Server_DefaultID - INFO - Training client 63 (5/30)...
2026-03-19 01:40:57,310 - Server_DefaultID - INFO - Client 63: Acc=85.06, Loss=-343.0715, NLL=-1161.6832, KL=13.9633, AvgS=499.96, ProxLoss=0.0000
2026-03-19 01:40:57,310 - Server_DefaultID - INFO - Training client 25 (6/30)...
2026-03-19 01:40:57,903 - Server_DefaultID - INFO - Client 25: Acc=95.31, Loss=-342.7790, NLL=-1161.4598, KL=13.9624, AvgS=499.87, ProxLoss=0.0000
2026-03-19 01:40:57,903 - Server_DefaultID - INFO - Training client 57 (7/30)...
2026-03-19 01:41:02,663 - Server_DefaultID - INFO - Client 57: Acc=98.12, Loss=-342.3898, NLL=-1161.6723, KL=13.9632, AvgS=499.96, ProxLoss=0.0000
2026-03-19 01:41:02,663 - Server_DefaultID - INFO - Training client 82 (8/30)...
2026-03-19 01:41:03,899 - Server_DefaultID - INFO - Client 82: Acc=94.69, Loss=-342.4322, NLL=-1161.7127, KL=13.9634, AvgS=499.98, ProxLoss=0.0000
2026-03-19 01:41:03,899 - Server_DefaultID - INFO - Training client 15 (9/30)...
2026-03-19 01:41:04,583 - Server_DefaultID - INFO - Client 15: Acc=42.50, Loss=-342.7855, NLL=-1161.3753, KL=13.9620, AvgS=499.83, ProxLoss=0.0000
2026-03-19 01:41:04,583 - Server_DefaultID - INFO - Training client 5 (10/30)...
2026-03-19 01:41:05,038 - Server_DefaultID - INFO - Client 5: Acc=69.38, Loss=-343.3154, NLL=-1160.1671, KL=13.9573, AvgS=499.31, ProxLoss=0.0000
2026-03-19 01:41:05,038 - Server_DefaultID - INFO - Training client 32 (11/30)...
2026-03-19 01:41:06,526 - Server_DefaultID - INFO - Client 32: Acc=92.97, Loss=-343.4004, NLL=-1161.5714, KL=13.9629, AvgS=499.91, ProxLoss=0.0000
2026-03-19 01:41:06,527 - Server_DefaultID - INFO - Training client 66 (12/30)...
2026-03-19 01:41:08,255 - Server_DefaultID - INFO - Client 66: Acc=91.34, Loss=-342.4843, NLL=-1161.7670, KL=13.9636, AvgS=500.00, ProxLoss=0.0000
2026-03-19 01:41:08,255 - Server_DefaultID - INFO - Training client 50 (13/30)...
2026-03-19 01:41:12,238 - Server_DefaultID - INFO - Client 50: Acc=97.38, Loss=-341.6100, NLL=-1161.7574, KL=13.9636, AvgS=499.99, ProxLoss=0.0000
2026-03-19 01:41:12,241 - Server_DefaultID - INFO - Training client 2 (14/30)...
2026-03-19 01:41:14,242 - Server_DefaultID - INFO - Client 2: Acc=78.85, Loss=-342.7253, NLL=-1161.7040, KL=13.9634, AvgS=499.97, ProxLoss=0.0000
2026-03-19 01:41:14,242 - Server_DefaultID - INFO - Training client 48 (15/30)...
2026-03-19 01:41:17,966 - Server_DefaultID - INFO - Client 48: Acc=90.85, Loss=-342.9653, NLL=-1161.7482, KL=13.9635, AvgS=499.99, ProxLoss=0.0000
2026-03-19 01:41:17,966 - Server_DefaultID - INFO - Training client 0 (16/30)...
2026-03-19 01:41:18,361 - Server_DefaultID - INFO - Client 0: Acc=32.19, Loss=-342.5061, NLL=-1159.9174, KL=13.9561, AvgS=499.20, ProxLoss=0.0000
2026-03-19 01:41:18,362 - Server_DefaultID - INFO - Training client 16 (17/30)...
2026-03-19 01:41:18,897 - Server_DefaultID - INFO - Client 16: Acc=51.25, Loss=-341.7426, NLL=-1160.0788, KL=13.9564, AvgS=499.27, ProxLoss=0.0000
2026-03-19 01:41:18,897 - Server_DefaultID - INFO - Training client 89 (18/30)...
2026-03-19 01:41:22,148 - Server_DefaultID - INFO - Client 89: Acc=98.93, Loss=-341.2265, NLL=-1161.7665, KL=13.9636, AvgS=500.00, ProxLoss=0.0000
2026-03-19 01:41:22,148 - Server_DefaultID - INFO - Training client 38 (19/30)...
2026-03-19 01:41:22,763 - Server_DefaultID - INFO - Client 38: Acc=67.66, Loss=-345.0392, NLL=-1161.5308, KL=13.9627, AvgS=499.90, ProxLoss=0.0000
2026-03-19 01:41:22,763 - Server_DefaultID - INFO - Training client 14 (20/30)...
2026-03-19 01:41:24,742 - Server_DefaultID - INFO - Client 14: Acc=77.05, Loss=-341.3481, NLL=-1161.7345, KL=13.9635, AvgS=499.98, ProxLoss=0.0000
2026-03-19 01:41:24,742 - Server_DefaultID - INFO - Training client 91 (21/30)...
2026-03-19 01:41:25,599 - Server_DefaultID - INFO - Client 91: Acc=92.19, Loss=-341.3209, NLL=-1161.6209, KL=13.9630, AvgS=499.94, ProxLoss=0.0000
2026-03-19 01:41:25,599 - Server_DefaultID - INFO - Training client 12 (22/30)...
2026-03-19 01:41:26,979 - Server_DefaultID - INFO - Client 12: Acc=72.62, Loss=-344.2591, NLL=-1161.6753, KL=13.9632, AvgS=499.96, ProxLoss=0.0000
2026-03-19 01:41:26,979 - Server_DefaultID - INFO - Training client 28 (23/30)...
2026-03-19 01:41:27,420 - Server_DefaultID - INFO - Client 28: Acc=68.75, Loss=-296.3613, NLL=-1009.7618, KL=13.2226, AvgS=434.33, ProxLoss=0.0000
2026-03-19 01:41:27,420 - Server_DefaultID - INFO - Training client 49 (24/30)...
2026-03-19 01:41:29,324 - Server_DefaultID - INFO - Client 49: Acc=95.58, Loss=-342.7137, NLL=-1161.7693, KL=13.9636, AvgS=500.00, ProxLoss=0.0000
2026-03-19 01:41:29,324 - Server_DefaultID - INFO - Training client 78 (25/30)...
2026-03-19 01:41:37,694 - Server_DefaultID - INFO - Client 78: Acc=96.29, Loss=-342.7687, NLL=-1161.7456, KL=13.9635, AvgS=499.99, ProxLoss=0.0000
2026-03-19 01:41:37,694 - Server_DefaultID - INFO - Training client 84 (26/30)...
2026-03-19 01:41:38,071 - Server_DefaultID - INFO - Client 84: Acc=55.85, Loss=-287.1064, NLL=-979.3119, KL=13.1010, AvgS=421.17, ProxLoss=0.0000
2026-03-19 01:41:38,071 - Server_DefaultID - INFO - Training client 30 (27/30)...
2026-03-19 01:41:39,892 - Server_DefaultID - INFO - Client 30: Acc=95.94, Loss=-341.4992, NLL=-1161.6970, KL=13.9633, AvgS=499.97, ProxLoss=0.0000
2026-03-19 01:41:39,892 - Server_DefaultID - INFO - Training client 76 (28/30)...
2026-03-19 01:41:41,665 - Server_DefaultID - INFO - Client 76: Acc=95.55, Loss=-344.7807, NLL=-1161.7263, KL=13.9635, AvgS=499.98, ProxLoss=0.0000
2026-03-19 01:41:41,666 - Server_DefaultID - INFO - Training client 87 (29/30)...
2026-03-19 01:41:43,231 - Server_DefaultID - INFO - Client 87: Acc=93.93, Loss=-345.0229, NLL=-1161.6626, KL=13.9632, AvgS=499.95, ProxLoss=0.0000
2026-03-19 01:41:43,231 - Server_DefaultID - INFO - Training client 7 (30/30)...
2026-03-19 01:41:44,559 - Server_DefaultID - INFO - Client 7: Acc=52.45, Loss=-342.8280, NLL=-1161.5540, KL=13.9628, AvgS=499.91, ProxLoss=0.0000
2026-03-19 01:41:44,702 - Server_DefaultID - WARNING - Global prior extremely imbalanced (max/min=1.0), applied adaptive smoothing lam=0.10.
2026-03-19 01:41:44,703 - Server_DefaultID - INFO - Round [51/200] Summary | Avg Client Train Stats:	Loss [-342.0045]	 Acc [88.82]	NLL [-1159.6896]	 KL [13.9537]	AvgS [499.10]	 ProxLoss [0.0000]
GlobalPriorAlpha (first 10): [5.0, 5.0, 5.0, 5.0, 5.0, 5.0, 5.0, 5.0, 5.0, 5.0]
Round Time: 52.00s
2026-03-19 01:41:44,705 - Server_DefaultID - INFO - --- Global Round 52/200 ---
2026-03-19 01:41:44,705 - Server_DefaultID - INFO - Selected 30 active clients for round 52.
2026-03-19 01:41:44,705 - Server_DefaultID - INFO - Training client 50 (1/30)...
2026-03-19 01:41:48,466 - Server_DefaultID - INFO - Client 50: Acc=97.60, Loss=-341.6126, NLL=-1161.7419, KL=13.9635, AvgS=499.99, ProxLoss=0.0000
2026-03-19 01:41:48,467 - Server_DefaultID - INFO - Training client 17 (2/30)...
2026-03-19 01:41:49,152 - Server_DefaultID - INFO - Client 17: Acc=79.06, Loss=-342.4848, NLL=-1159.1152, KL=13.9529, AvgS=498.86, ProxLoss=0.0000
2026-03-19 01:41:49,152 - Server_DefaultID - INFO - Training client 32 (3/30)...
2026-03-19 01:41:50,465 - Server_DefaultID - INFO - Client 32: Acc=94.38, Loss=-343.4393, NLL=-1161.7092, KL=13.9634, AvgS=499.97, ProxLoss=0.0000
2026-03-19 01:41:50,465 - Server_DefaultID - INFO - Training client 31 (4/30)...
2026-03-19 01:41:52,514 - Server_DefaultID - INFO - Client 31: Acc=94.31, Loss=-342.6956, NLL=-1161.7146, KL=13.9634, AvgS=499.98, ProxLoss=0.0000
2026-03-19 01:41:52,514 - Server_DefaultID - INFO - Training client 59 (5/30)...
2026-03-19 01:41:54,417 - Server_DefaultID - INFO - Client 59: Acc=92.53, Loss=-342.9600, NLL=-1161.7332, KL=13.9635, AvgS=499.98, ProxLoss=0.0000
2026-03-19 01:41:54,417 - Server_DefaultID - INFO - Training client 78 (6/30)...
2026-03-19 01:42:00,562 - Server_DefaultID - INFO - Client 78: Acc=96.55, Loss=-342.7267, NLL=-1161.7435, KL=13.9635, AvgS=499.99, ProxLoss=0.0000
2026-03-19 01:42:00,562 - Server_DefaultID - INFO - Training client 4 (7/30)...
2026-03-19 01:42:02,012 - Server_DefaultID - INFO - Client 4: Acc=66.61, Loss=-344.2297, NLL=-1161.7237, KL=13.9634, AvgS=499.98, ProxLoss=0.0000
2026-03-19 01:42:02,012 - Server_DefaultID - INFO - Training client 39 (8/30)...
2026-03-19 01:42:05,301 - Server_DefaultID - INFO - Client 39: Acc=91.94, Loss=-342.9482, NLL=-1161.7611, KL=13.9636, AvgS=500.00, ProxLoss=0.0000
2026-03-19 01:42:05,301 - Server_DefaultID - INFO - Training client 68 (9/30)...
2026-03-19 01:42:08,642 - Server_DefaultID - INFO - Client 68: Acc=97.08, Loss=-341.4838, NLL=-1161.7471, KL=13.9635, AvgS=499.99, ProxLoss=0.0000
2026-03-19 01:42:08,642 - Server_DefaultID - INFO - Training client 94 (10/30)...
2026-03-19 01:42:11,162 - Server_DefaultID - INFO - Client 94: Acc=95.80, Loss=-342.7982, NLL=-1161.7195, KL=13.9634, AvgS=499.98, ProxLoss=0.0000
2026-03-19 01:42:11,162 - Server_DefaultID - INFO - Training client 83 (11/30)...
2026-03-19 01:42:13,267 - Server_DefaultID - INFO - Client 83: Acc=99.72, Loss=-340.4194, NLL=-1161.7606, KL=13.9636, AvgS=500.00, ProxLoss=0.0000
2026-03-19 01:42:13,268 - Server_DefaultID - INFO - Training client 42 (12/30)...
2026-03-19 01:42:14,634 - Server_DefaultID - INFO - Client 42: Acc=90.21, Loss=-342.6589, NLL=-1161.6426, KL=13.9631, AvgS=499.95, ProxLoss=0.0000
2026-03-19 01:42:14,634 - Server_DefaultID - INFO - Training client 14 (13/30)...
2026-03-19 01:42:16,472 - Server_DefaultID - INFO - Client 14: Acc=85.42, Loss=-341.3389, NLL=-1161.6588, KL=13.9632, AvgS=499.95, ProxLoss=0.0000
2026-03-19 01:42:16,472 - Server_DefaultID - INFO - Training client 7 (14/30)...
2026-03-19 01:42:17,783 - Server_DefaultID - INFO - Client 7: Acc=65.57, Loss=-342.9099, NLL=-1161.7602, KL=13.9636, AvgS=500.00, ProxLoss=0.0000
2026-03-19 01:42:17,783 - Server_DefaultID - INFO - Training client 1 (15/30)...
2026-03-19 01:42:18,344 - Server_DefaultID - INFO - Client 1: Acc=39.53, Loss=-341.6712, NLL=-1158.7551, KL=13.9513, AvgS=498.70, ProxLoss=0.0000
2026-03-19 01:42:18,344 - Server_DefaultID - INFO - Training client 57 (16/30)...
2026-03-19 01:42:21,855 - Server_DefaultID - INFO - Client 57: Acc=98.14, Loss=-342.4515, NLL=-1161.7604, KL=13.9636, AvgS=500.00, ProxLoss=0.0000
2026-03-19 01:42:21,855 - Server_DefaultID - INFO - Training client 41 (17/30)...
2026-03-19 01:42:23,820 - Server_DefaultID - INFO - Client 41: Acc=97.62, Loss=-342.1650, NLL=-1161.7595, KL=13.9636, AvgS=500.00, ProxLoss=0.0000
2026-03-19 01:42:23,820 - Server_DefaultID - INFO - Training client 46 (18/30)...
2026-03-19 01:42:25,660 - Server_DefaultID - INFO - Client 46: Acc=87.66, Loss=-342.7711, NLL=-1161.7681, KL=13.9636, AvgS=500.00, ProxLoss=0.0000
2026-03-19 01:42:25,660 - Server_DefaultID - INFO - Training client 12 (19/30)...
2026-03-19 01:42:26,796 - Server_DefaultID - INFO - Client 12: Acc=72.19, Loss=-344.1752, NLL=-1161.7694, KL=13.9636, AvgS=500.00, ProxLoss=0.0000
2026-03-19 01:42:26,796 - Server_DefaultID - INFO - Training client 87 (20/30)...
2026-03-19 01:42:28,408 - Server_DefaultID - INFO - Client 87: Acc=94.15, Loss=-344.9770, NLL=-1161.7540, KL=13.9636, AvgS=499.99, ProxLoss=0.0000
2026-03-19 01:42:28,408 - Server_DefaultID - INFO - Training client 24 (21/30)...
2026-03-19 01:42:28,790 - Server_DefaultID - INFO - Client 24: Acc=56.56, Loss=-249.7688, NLL=-845.5374, KL=12.4710, AvgS=363.46, ProxLoss=0.0000
2026-03-19 01:42:28,790 - Server_DefaultID - INFO - Training client 89 (22/30)...
2026-03-19 01:42:31,713 - Server_DefaultID - INFO - Client 89: Acc=98.71, Loss=-341.1498, NLL=-1161.7664, KL=13.9636, AvgS=500.00, ProxLoss=0.0000
2026-03-19 01:42:31,713 - Server_DefaultID - INFO - Training client 28 (23/30)...
2026-03-19 01:42:32,041 - Server_DefaultID - INFO - Client 28: Acc=71.56, Loss=-315.4973, NLL=-1071.9542, KL=13.5512, AvgS=461.19, ProxLoss=0.0000
2026-03-19 01:42:32,041 - Server_DefaultID - INFO - Training client 38 (24/30)...
2026-03-19 01:42:32,622 - Server_DefaultID - INFO - Client 38: Acc=66.25, Loss=-345.0891, NLL=-1161.7185, KL=13.9634, AvgS=499.98, ProxLoss=0.0000
2026-03-19 01:42:32,622 - Server_DefaultID - INFO - Training client 2 (25/30)...
2026-03-19 01:42:34,585 - Server_DefaultID - INFO - Client 2: Acc=79.76, Loss=-342.7275, NLL=-1161.7356, KL=13.9635, AvgS=499.99, ProxLoss=0.0000
2026-03-19 01:42:34,585 - Server_DefaultID - INFO - Training client 91 (26/30)...
2026-03-19 01:42:35,389 - Server_DefaultID - INFO - Client 91: Acc=90.52, Loss=-341.3879, NLL=-1161.7030, KL=13.9634, AvgS=499.97, ProxLoss=0.0000
2026-03-19 01:42:35,389 - Server_DefaultID - INFO - Training client 37 (27/30)...
2026-03-19 01:42:36,382 - Server_DefaultID - INFO - Client 37: Acc=82.50, Loss=-343.8876, NLL=-1161.7419, KL=13.9635, AvgS=499.99, ProxLoss=0.0000
2026-03-19 01:42:36,383 - Server_DefaultID - INFO - Training client 43 (28/30)...
2026-03-19 01:42:38,752 - Server_DefaultID - INFO - Client 43: Acc=94.72, Loss=-342.6536, NLL=-1161.7585, KL=13.9636, AvgS=500.00, ProxLoss=0.0000
2026-03-19 01:42:38,752 - Server_DefaultID - INFO - Training client 30 (29/30)...
2026-03-19 01:42:40,555 - Server_DefaultID - INFO - Client 30: Acc=96.56, Loss=-341.4512, NLL=-1161.6843, KL=13.9633, AvgS=499.96, ProxLoss=0.0000
2026-03-19 01:42:40,555 - Server_DefaultID - INFO - Training client 72 (30/30)...
2026-03-19 01:42:42,835 - Server_DefaultID - INFO - Client 72: Acc=95.08, Loss=-342.1436, NLL=-1161.7611, KL=13.9636, AvgS=500.00, ProxLoss=0.0000
2026-03-19 01:42:43,021 - Server_DefaultID - WARNING - Global prior extremely imbalanced (max/min=1.0), applied adaptive smoothing lam=0.10.
2026-03-19 01:42:43,022 - Server_DefaultID - INFO - Round [52/200] Summary | Avg Client Train Stats:	Loss [-341.7490]	 Acc [91.19]	NLL [-1159.2681]	 KL [13.9520]	AvgS [498.92]	 ProxLoss [0.0000]
GlobalPriorAlpha (first 10): [5.0, 5.0, 5.0, 5.0, 5.0, 5.0, 5.0, 5.0, 5.0, 5.0]
Round Time: 58.32s
2026-03-19 01:42:43,024 - Server_DefaultID - INFO - --- Global Round 53/200 ---
2026-03-19 01:42:43,025 - Server_DefaultID - INFO - Selected 30 active clients for round 53.
2026-03-19 01:42:43,025 - Server_DefaultID - INFO - Training client 32 (1/30)...
2026-03-19 01:42:44,440 - Server_DefaultID - INFO - Client 32: Acc=96.04, Loss=-343.3701, NLL=-1161.7320, KL=13.9635, AvgS=499.98, ProxLoss=0.0000
2026-03-19 01:42:44,440 - Server_DefaultID - INFO - Training client 31 (2/30)...
2026-03-19 01:42:46,433 - Server_DefaultID - INFO - Client 31: Acc=95.45, Loss=-342.7063, NLL=-1161.7090, KL=13.9634, AvgS=499.97, ProxLoss=0.0000
2026-03-19 01:42:46,433 - Server_DefaultID - INFO - Training client 45 (3/30)...
2026-03-19 01:42:48,174 - Server_DefaultID - INFO - Client 45: Acc=68.67, Loss=-342.4176, NLL=-1161.7305, KL=13.9635, AvgS=499.98, ProxLoss=0.0000
2026-03-19 01:42:48,174 - Server_DefaultID - INFO - Training client 14 (4/30)...
2026-03-19 01:42:50,191 - Server_DefaultID - INFO - Client 14: Acc=90.38, Loss=-341.3475, NLL=-1161.6871, KL=13.9633, AvgS=499.96, ProxLoss=0.0000
2026-03-19 01:42:50,191 - Server_DefaultID - INFO - Training client 59 (5/30)...
2026-03-19 01:42:52,150 - Server_DefaultID - INFO - Client 59: Acc=94.13, Loss=-342.9106, NLL=-1161.7612, KL=13.9636, AvgS=500.00, ProxLoss=0.0000
2026-03-19 01:42:52,150 - Server_DefaultID - INFO - Training client 47 (6/30)...
2026-03-19 01:42:53,597 - Server_DefaultID - INFO - Client 47: Acc=93.28, Loss=-344.3842, NLL=-1161.7332, KL=13.9635, AvgS=499.98, ProxLoss=0.0000
2026-03-19 01:42:53,597 - Server_DefaultID - INFO - Training client 80 (7/30)...
2026-03-19 01:42:53,978 - Server_DefaultID - INFO - Client 80: Acc=61.56, Loss=-338.9875, NLL=-1148.0388, KL=13.9091, AvgS=494.07, ProxLoss=0.0000
2026-03-19 01:42:53,978 - Server_DefaultID - INFO - Training client 85 (8/30)...
2026-03-19 01:42:56,528 - Server_DefaultID - INFO - Client 85: Acc=99.77, Loss=-340.3307, NLL=-1161.7244, KL=13.9634, AvgS=499.98, ProxLoss=0.0000
2026-03-19 01:42:56,528 - Server_DefaultID - INFO - Training client 89 (9/30)...
2026-03-19 01:42:59,534 - Server_DefaultID - INFO - Client 89: Acc=98.84, Loss=-341.0221, NLL=-1161.7132, KL=13.9634, AvgS=499.98, ProxLoss=0.0000
2026-03-19 01:42:59,535 - Server_DefaultID - INFO - Training client 19 (10/30)...
2026-03-19 01:43:02,434 - Server_DefaultID - INFO - Client 19: Acc=95.62, Loss=-341.3100, NLL=-1161.7594, KL=13.9636, AvgS=500.00, ProxLoss=0.0000
2026-03-19 01:43:02,434 - Server_DefaultID - INFO - Training client 43 (11/30)...
2026-03-19 01:43:04,912 - Server_DefaultID - INFO - Client 43: Acc=96.96, Loss=-342.6373, NLL=-1161.7499, KL=13.9635, AvgS=499.99, ProxLoss=0.0000
2026-03-19 01:43:04,913 - Server_DefaultID - INFO - Training client 21 (12/30)...
2026-03-19 01:43:06,699 - Server_DefaultID - INFO - Client 21: Acc=87.11, Loss=-344.4764, NLL=-1161.7275, KL=13.9635, AvgS=499.98, ProxLoss=0.0000
2026-03-19 01:43:06,699 - Server_DefaultID - INFO - Training client 23 (13/30)...
2026-03-19 01:43:07,043 - Server_DefaultID - INFO - Client 23: Acc=79.66, Loss=-207.1710, NLL=-710.0905, KL=11.7518, AvgS=304.97, ProxLoss=0.0000
2026-03-19 01:43:07,043 - Server_DefaultID - INFO - Training client 76 (14/30)...
2026-03-19 01:43:08,875 - Server_DefaultID - INFO - Client 76: Acc=96.48, Loss=-344.7125, NLL=-1161.7556, KL=13.9636, AvgS=499.99, ProxLoss=0.0000
2026-03-19 01:43:08,875 - Server_DefaultID - INFO - Training client 22 (15/30)...
2026-03-19 01:43:09,522 - Server_DefaultID - INFO - Client 22: Acc=91.88, Loss=-343.1083, NLL=-1161.5783, KL=13.9629, AvgS=499.92, ProxLoss=0.0000
2026-03-19 01:43:09,522 - Server_DefaultID - INFO - Training client 72 (16/30)...
2026-03-19 01:43:10,501 - Server_DefaultID - INFO - Client 72: Acc=95.00, Loss=-341.9145, NLL=-1161.4517, KL=13.9624, AvgS=499.86, ProxLoss=0.0000
2026-03-19 01:43:10,501 - Server_DefaultID - INFO - Training client 33 (17/30)...
2026-03-19 01:43:12,127 - Server_DefaultID - INFO - Client 33: Acc=67.72, Loss=-344.2405, NLL=-1161.7043, KL=13.9634, AvgS=499.97, ProxLoss=0.0000
2026-03-19 01:43:12,127 - Server_DefaultID - INFO - Training client 29 (18/30)...
2026-03-19 01:43:13,104 - Server_DefaultID - INFO - Client 29: Acc=81.41, Loss=-342.2254, NLL=-1161.4599, KL=13.9624, AvgS=499.87, ProxLoss=0.0000
2026-03-19 01:43:13,104 - Server_DefaultID - INFO - Training client 42 (19/30)...
2026-03-19 01:43:15,466 - Server_DefaultID - INFO - Client 42: Acc=90.21, Loss=-342.5906, NLL=-1161.7699, KL=13.9636, AvgS=500.00, ProxLoss=0.0000
2026-03-19 01:43:15,466 - Server_DefaultID - INFO - Training client 79 (20/30)...
2026-03-19 01:43:16,658 - Server_DefaultID - INFO - Client 79: Acc=93.75, Loss=-341.3466, NLL=-1161.7410, KL=13.9635, AvgS=499.99, ProxLoss=0.0000
2026-03-19 01:43:16,658 - Server_DefaultID - INFO - Training client 60 (21/30)...
2026-03-19 01:43:17,575 - Server_DefaultID - INFO - Client 60: Acc=76.46, Loss=-341.7082, NLL=-1161.5810, KL=13.9629, AvgS=499.92, ProxLoss=0.0000
2026-03-19 01:43:17,575 - Server_DefaultID - INFO - Training client 8 (22/30)...
2026-03-19 01:43:18,204 - Server_DefaultID - INFO - Client 8: Acc=89.53, Loss=-342.4927, NLL=-1161.4146, KL=13.9622, AvgS=499.85, ProxLoss=0.0000
2026-03-19 01:43:18,204 - Server_DefaultID - INFO - Training client 5 (23/30)...
2026-03-19 01:43:18,542 - Server_DefaultID - INFO - Client 5: Acc=70.62, Loss=-343.6055, NLL=-1161.6567, KL=13.9632, AvgS=499.95, ProxLoss=0.0000
2026-03-19 01:43:18,542 - Server_DefaultID - INFO - Training client 67 (24/30)...
2026-03-19 01:43:19,974 - Server_DefaultID - INFO - Client 67: Acc=91.82, Loss=-343.7514, NLL=-1161.7693, KL=13.9636, AvgS=500.00, ProxLoss=0.0000
2026-03-19 01:43:19,974 - Server_DefaultID - INFO - Training client 69 (25/30)...
2026-03-19 01:43:20,606 - Server_DefaultID - INFO - Client 69: Acc=58.28, Loss=-343.6659, NLL=-1161.2304, KL=13.9616, AvgS=499.77, ProxLoss=0.0000
2026-03-19 01:43:20,606 - Server_DefaultID - INFO - Training client 49 (26/30)...
2026-03-19 01:43:22,210 - Server_DefaultID - INFO - Client 49: Acc=95.71, Loss=-342.6238, NLL=-1161.7618, KL=13.9636, AvgS=500.00, ProxLoss=0.0000
2026-03-19 01:43:22,210 - Server_DefaultID - INFO - Training client 4 (27/30)...
2026-03-19 01:43:23,567 - Server_DefaultID - INFO - Client 4: Acc=73.85, Loss=-344.1931, NLL=-1161.7261, KL=13.9635, AvgS=499.98, ProxLoss=0.0000
2026-03-19 01:43:23,567 - Server_DefaultID - INFO - Training client 36 (28/30)...
2026-03-19 01:43:28,471 - Server_DefaultID - INFO - Client 36: Acc=98.60, Loss=-341.5902, NLL=-1161.7568, KL=13.9636, AvgS=499.99, ProxLoss=0.0000
2026-03-19 01:43:28,471 - Server_DefaultID - INFO - Training client 2 (29/30)...
2026-03-19 01:43:30,555 - Server_DefaultID - INFO - Client 2: Acc=79.72, Loss=-342.7269, NLL=-1161.7297, KL=13.9635, AvgS=499.98, ProxLoss=0.0000
2026-03-19 01:43:30,555 - Server_DefaultID - INFO - Training client 20 (30/30)...
2026-03-19 01:43:31,971 - Server_DefaultID - INFO - Client 20: Acc=74.84, Loss=-344.9361, NLL=-1161.6936, KL=13.9633, AvgS=499.97, ProxLoss=0.0000
2026-03-19 01:43:32,150 - Server_DefaultID - WARNING - Global prior extremely imbalanced (max/min=1.0), applied adaptive smoothing lam=0.10.
2026-03-19 01:43:32,150 - Server_DefaultID - INFO - Round [53/200] Summary | Avg Client Train Stats:	Loss [-341.9453]	 Acc [90.03]	NLL [-1159.7526]	 KL [13.9539]	AvgS [499.13]	 ProxLoss [0.0000]
GlobalPriorAlpha (first 10): [5.0, 5.0, 5.0, 5.0, 5.0, 5.0, 5.0, 5.0, 5.0, 5.0]
Round Time: 49.13s
2026-03-19 01:43:32,153 - Server_DefaultID - INFO - --- Global Round 54/200 ---
2026-03-19 01:43:32,153 - Server_DefaultID - INFO - Selected 30 active clients for round 54.
2026-03-19 01:43:32,153 - Server_DefaultID - INFO - Training client 7 (1/30)...
2026-03-19 01:43:33,608 - Server_DefaultID - INFO - Client 7: Acc=67.50, Loss=-342.8304, NLL=-1161.7193, KL=13.9634, AvgS=499.98, ProxLoss=0.0000
2026-03-19 01:43:33,608 - Server_DefaultID - INFO - Training client 89 (2/30)...
2026-03-19 01:43:36,712 - Server_DefaultID - INFO - Client 89: Acc=99.08, Loss=-341.1094, NLL=-1161.7569, KL=13.9636, AvgS=499.99, ProxLoss=0.0000
2026-03-19 01:43:36,712 - Server_DefaultID - INFO - Training client 11 (3/30)...
2026-03-19 01:43:38,226 - Server_DefaultID - INFO - Client 11: Acc=86.67, Loss=-342.8742, NLL=-1161.5991, KL=13.9630, AvgS=499.93, ProxLoss=0.0000
2026-03-19 01:43:38,226 - Server_DefaultID - INFO - Training client 0 (4/30)...
2026-03-19 01:43:38,575 - Server_DefaultID - INFO - Client 0: Acc=38.44, Loss=-342.8044, NLL=-1161.4473, KL=13.9624, AvgS=499.86, ProxLoss=0.0000
2026-03-19 01:43:38,575 - Server_DefaultID - INFO - Training client 86 (5/30)...
2026-03-19 01:43:39,735 - Server_DefaultID - INFO - Client 86: Acc=86.25, Loss=-342.6915, NLL=-1161.7220, KL=13.9634, AvgS=499.98, ProxLoss=0.0000
2026-03-19 01:43:39,735 - Server_DefaultID - INFO - Training client 22 (6/30)...
2026-03-19 01:43:40,448 - Server_DefaultID - INFO - Client 22: Acc=91.25, Loss=-343.1646, NLL=-1161.1090, KL=13.9610, AvgS=499.72, ProxLoss=0.0000
2026-03-19 01:43:40,448 - Server_DefaultID - INFO - Training client 67 (7/30)...
2026-03-19 01:43:41,806 - Server_DefaultID - INFO - Client 67: Acc=94.17, Loss=-343.6798, NLL=-1161.7275, KL=13.9635, AvgS=499.98, ProxLoss=0.0000
2026-03-19 01:43:41,806 - Server_DefaultID - INFO - Training client 61 (8/30)...
2026-03-19 01:43:42,994 - Server_DefaultID - INFO - Client 61: Acc=85.56, Loss=-344.7557, NLL=-1161.6785, KL=13.9633, AvgS=499.96, ProxLoss=0.0000
2026-03-19 01:43:42,994 - Server_DefaultID - INFO - Training client 74 (9/30)...
2026-03-19 01:43:43,978 - Server_DefaultID - INFO - Client 74: Acc=72.50, Loss=-342.6735, NLL=-1161.5926, KL=13.9629, AvgS=499.92, ProxLoss=0.0000
2026-03-19 01:43:43,978 - Server_DefaultID - INFO - Training client 30 (10/30)...
2026-03-19 01:43:45,695 - Server_DefaultID - INFO - Client 30: Acc=97.46, Loss=-341.4024, NLL=-1161.7350, KL=13.9635, AvgS=499.98, ProxLoss=0.0000
2026-03-19 01:43:45,696 - Server_DefaultID - INFO - Training client 55 (11/30)...
2026-03-19 01:43:53,021 - Server_DefaultID - INFO - Client 55: Acc=91.62, Loss=-343.4050, NLL=-1161.7472, KL=13.9635, AvgS=499.99, ProxLoss=0.0000
2026-03-19 01:43:53,022 - Server_DefaultID - INFO - Training client 76 (12/30)...
2026-03-19 01:43:54,697 - Server_DefaultID - INFO - Client 76: Acc=96.21, Loss=-344.6467, NLL=-1161.7529, KL=13.9636, AvgS=499.99, ProxLoss=0.0000
2026-03-19 01:43:54,697 - Server_DefaultID - INFO - Training client 82 (13/30)...
2026-03-19 01:43:55,917 - Server_DefaultID - INFO - Client 82: Acc=93.38, Loss=-342.4664, NLL=-1161.7698, KL=13.9636, AvgS=500.00, ProxLoss=0.0000
2026-03-19 01:43:55,917 - Server_DefaultID - INFO - Training client 45 (14/30)...
2026-03-19 01:43:57,951 - Server_DefaultID - INFO - Client 45: Acc=71.60, Loss=-342.3622, NLL=-1161.6224, KL=13.9631, AvgS=499.94, ProxLoss=0.0000
2026-03-19 01:43:57,951 - Server_DefaultID - INFO - Training client 79 (15/30)...
2026-03-19 01:43:59,369 - Server_DefaultID - INFO - Client 79: Acc=93.88, Loss=-341.2661, NLL=-1161.6467, KL=13.9631, AvgS=499.95, ProxLoss=0.0000
2026-03-19 01:43:59,369 - Server_DefaultID - INFO - Training client 62 (16/30)...
2026-03-19 01:44:00,090 - Server_DefaultID - INFO - Client 62: Acc=90.94, Loss=-342.8882, NLL=-1161.5243, KL=13.9627, AvgS=499.89, ProxLoss=0.0000
2026-03-19 01:44:00,090 - Server_DefaultID - INFO - Training client 12 (17/30)...
2026-03-19 01:44:01,519 - Server_DefaultID - INFO - Client 12: Acc=71.94, Loss=-344.2522, NLL=-1161.7607, KL=13.9636, AvgS=500.00, ProxLoss=0.0000
2026-03-19 01:44:01,519 - Server_DefaultID - INFO - Training client 1 (18/30)...
2026-03-19 01:44:02,188 - Server_DefaultID - INFO - Client 1: Acc=47.34, Loss=-342.9215, NLL=-1161.6095, KL=13.9630, AvgS=499.93, ProxLoss=0.0000
2026-03-19 01:44:02,188 - Server_DefaultID - INFO - Training client 48 (19/30)...
2026-03-19 01:44:06,282 - Server_DefaultID - INFO - Client 48: Acc=91.64, Loss=-342.9763, NLL=-1161.7647, KL=13.9636, AvgS=500.00, ProxLoss=0.0000
2026-03-19 01:44:06,282 - Server_DefaultID - INFO - Training client 19 (20/30)...
2026-03-19 01:44:09,704 - Server_DefaultID - INFO - Client 19: Acc=95.38, Loss=-341.1839, NLL=-1161.5093, KL=13.9626, AvgS=499.89, ProxLoss=0.0000
2026-03-19 01:44:09,704 - Server_DefaultID - INFO - Training client 29 (21/30)...
2026-03-19 01:44:10,863 - Server_DefaultID - INFO - Client 29: Acc=81.72, Loss=-342.1411, NLL=-1161.5599, KL=13.9628, AvgS=499.91, ProxLoss=0.0000
2026-03-19 01:44:10,863 - Server_DefaultID - INFO - Training client 27 (22/30)...
2026-03-19 01:44:11,774 - Server_DefaultID - INFO - Client 27: Acc=81.88, Loss=-343.8831, NLL=-1161.6576, KL=13.9632, AvgS=499.95, ProxLoss=0.0000
2026-03-19 01:44:11,774 - Server_DefaultID - INFO - Training client 60 (23/30)...
2026-03-19 01:44:12,639 - Server_DefaultID - INFO - Client 60: Acc=76.56, Loss=-341.8691, NLL=-1161.5396, KL=13.9627, AvgS=499.90, ProxLoss=0.0000
2026-03-19 01:44:12,640 - Server_DefaultID - INFO - Training client 47 (24/30)...
2026-03-19 01:44:14,242 - Server_DefaultID - INFO - Client 47: Acc=95.89, Loss=-344.4059, NLL=-1161.7137, KL=13.9634, AvgS=499.98, ProxLoss=0.0000
2026-03-19 01:44:14,242 - Server_DefaultID - INFO - Training client 84 (25/30)...
2026-03-19 01:44:14,720 - Server_DefaultID - INFO - Client 84: Acc=65.66, Loss=-310.0826, NLL=-1056.3010, KL=13.5051, AvgS=454.42, ProxLoss=0.0000
2026-03-19 01:44:14,720 - Server_DefaultID - INFO - Training client 99 (26/30)...
2026-03-19 01:44:15,079 - Server_DefaultID - INFO - Client 99: Acc=18.75, Loss=-273.5656, NLL=-925.2991, KL=12.7512, AvgS=397.87, ProxLoss=0.0000
2026-03-19 01:44:15,079 - Server_DefaultID - INFO - Training client 26 (27/30)...
2026-03-19 01:44:19,260 - Server_DefaultID - INFO - Client 26: Acc=98.73, Loss=-341.8173, NLL=-1161.7568, KL=13.9636, AvgS=499.99, ProxLoss=0.0000
2026-03-19 01:44:19,260 - Server_DefaultID - INFO - Training client 54 (28/30)...
2026-03-19 01:44:19,935 - Server_DefaultID - INFO - Client 54: Acc=72.66, Loss=-339.8928, NLL=-1157.3316, KL=13.9457, AvgS=498.08, ProxLoss=0.0000
2026-03-19 01:44:19,935 - Server_DefaultID - INFO - Training client 36 (29/30)...
2026-03-19 01:44:26,746 - Server_DefaultID - INFO - Client 36: Acc=98.76, Loss=-341.5413, NLL=-1161.7582, KL=13.9636, AvgS=499.99, ProxLoss=0.0000
2026-03-19 01:44:26,746 - Server_DefaultID - INFO - Training client 17 (30/30)...
2026-03-19 01:44:27,417 - Server_DefaultID - INFO - Client 17: Acc=79.69, Loss=-343.4808, NLL=-1161.4213, KL=13.9622, AvgS=499.85, ProxLoss=0.0000
2026-03-19 01:44:27,650 - Server_DefaultID - WARNING - Global prior extremely imbalanced (max/min=1.0), applied adaptive smoothing lam=0.10.
2026-03-19 01:44:27,650 - Server_DefaultID - INFO - Round [54/200] Summary | Avg Client Train Stats:	Loss [-341.9756]	 Acc [89.39]	NLL [-1159.6467]	 KL [13.9532]	AvgS [499.08]	 ProxLoss [0.0000]
GlobalPriorAlpha (first 10): [5.0, 5.0, 5.0, 5.0, 5.0, 5.0, 5.0, 5.0, 5.0, 5.0]
Round Time: 55.50s
2026-03-19 01:44:27,653 - Server_DefaultID - INFO - --- Global Round 55/200 ---
2026-03-19 01:44:27,653 - Server_DefaultID - INFO - Selected 30 active clients for round 55.
2026-03-19 01:44:27,653 - Server_DefaultID - INFO - Training client 56 (1/30)...
2026-03-19 01:44:29,667 - Server_DefaultID - INFO - Client 56: Acc=85.66, Loss=-342.4038, NLL=-1161.5240, KL=13.9626, AvgS=499.89, ProxLoss=0.0000
2026-03-19 01:44:29,667 - Server_DefaultID - INFO - Training client 33 (2/30)...
2026-03-19 01:44:31,475 - Server_DefaultID - INFO - Client 33: Acc=69.46, Loss=-344.2671, NLL=-1161.7540, KL=13.9636, AvgS=499.99, ProxLoss=0.0000
2026-03-19 01:44:31,475 - Server_DefaultID - INFO - Training client 10 (3/30)...
2026-03-19 01:44:32,431 - Server_DefaultID - INFO - Client 10: Acc=39.14, Loss=-343.9931, NLL=-1161.7360, KL=13.9635, AvgS=499.99, ProxLoss=0.0000
2026-03-19 01:44:32,431 - Server_DefaultID - INFO - Training client 0 (4/30)...
2026-03-19 01:44:32,883 - Server_DefaultID - INFO - Client 0: Acc=52.50, Loss=-342.9982, NLL=-1161.5832, KL=13.9629, AvgS=499.92, ProxLoss=0.0000
2026-03-19 01:44:32,883 - Server_DefaultID - INFO - Training client 43 (5/30)...
2026-03-19 01:44:35,579 - Server_DefaultID - INFO - Client 43: Acc=96.22, Loss=-342.5495, NLL=-1161.7648, KL=13.9636, AvgS=500.00, ProxLoss=0.0000
2026-03-19 01:44:35,580 - Server_DefaultID - INFO - Training client 13 (6/30)...
2026-03-19 01:44:36,021 - Server_DefaultID - INFO - Client 13: Acc=46.56, Loss=-340.4386, NLL=-1157.4195, KL=13.9447, AvgS=498.12, ProxLoss=0.0000
2026-03-19 01:44:36,021 - Server_DefaultID - INFO - Training client 11 (7/30)...
2026-03-19 01:44:37,671 - Server_DefaultID - INFO - Client 11: Acc=88.59, Loss=-342.9428, NLL=-1161.7004, KL=13.9634, AvgS=499.97, ProxLoss=0.0000
2026-03-19 01:44:37,671 - Server_DefaultID - INFO - Training client 44 (8/30)...
2026-03-19 01:44:40,169 - Server_DefaultID - INFO - Client 44: Acc=97.19, Loss=-342.4063, NLL=-1161.7582, KL=13.9636, AvgS=499.99, ProxLoss=0.0000
2026-03-19 01:44:40,170 - Server_DefaultID - INFO - Training client 22 (9/30)...
2026-03-19 01:44:40,932 - Server_DefaultID - INFO - Client 22: Acc=92.19, Loss=-343.1495, NLL=-1161.0802, KL=13.9608, AvgS=499.70, ProxLoss=0.0000
2026-03-19 01:44:40,933 - Server_DefaultID - INFO - Training client 82 (10/30)...
2026-03-19 01:44:42,341 - Server_DefaultID - INFO - Client 82: Acc=94.00, Loss=-342.5068, NLL=-1161.5584, KL=13.9628, AvgS=499.91, ProxLoss=0.0000
2026-03-19 01:44:42,342 - Server_DefaultID - INFO - Training client 42 (11/30)...
2026-03-19 01:44:43,936 - Server_DefaultID - INFO - Client 42: Acc=90.83, Loss=-342.5116, NLL=-1161.7444, KL=13.9635, AvgS=499.99, ProxLoss=0.0000
2026-03-19 01:44:43,936 - Server_DefaultID - INFO - Training client 47 (12/30)...
2026-03-19 01:44:45,526 - Server_DefaultID - INFO - Client 47: Acc=96.51, Loss=-344.2713, NLL=-1161.7148, KL=13.9634, AvgS=499.98, ProxLoss=0.0000
2026-03-19 01:44:45,526 - Server_DefaultID - INFO - Training client 1 (13/30)...
2026-03-19 01:44:46,186 - Server_DefaultID - INFO - Client 1: Acc=56.41, Loss=-343.0395, NLL=-1161.7030, KL=13.9634, AvgS=499.97, ProxLoss=0.0000
2026-03-19 01:44:46,186 - Server_DefaultID - INFO - Training client 86 (14/30)...
2026-03-19 01:44:47,491 - Server_DefaultID - INFO - Client 86: Acc=88.12, Loss=-342.4946, NLL=-1161.6582, KL=13.9632, AvgS=499.95, ProxLoss=0.0000
2026-03-19 01:44:47,492 - Server_DefaultID - INFO - Training client 30 (15/30)...
2026-03-19 01:44:49,419 - Server_DefaultID - INFO - Client 30: Acc=97.27, Loss=-341.3549, NLL=-1161.7110, KL=13.9634, AvgS=499.97, ProxLoss=0.0000
2026-03-19 01:44:49,419 - Server_DefaultID - INFO - Training client 97 (16/30)...
2026-03-19 01:44:56,500 - Server_DefaultID - INFO - Client 97: Acc=99.58, Loss=-340.3971, NLL=-1161.7697, KL=13.9636, AvgS=500.00, ProxLoss=0.0000
2026-03-19 01:44:56,500 - Server_DefaultID - INFO - Training client 7 (17/30)...
2026-03-19 01:44:58,010 - Server_DefaultID - INFO - Client 7: Acc=70.89, Loss=-342.8588, NLL=-1161.7345, KL=13.9635, AvgS=499.98, ProxLoss=0.0000
2026-03-19 01:44:58,010 - Server_DefaultID - INFO - Training client 58 (18/30)...
2026-03-19 01:44:59,821 - Server_DefaultID - INFO - Client 58: Acc=79.38, Loss=-341.3735, NLL=-1161.7562, KL=13.9636, AvgS=499.99, ProxLoss=0.0000
2026-03-19 01:44:59,821 - Server_DefaultID - INFO - Training client 93 (19/30)...
2026-03-19 01:45:00,469 - Server_DefaultID - INFO - Client 93: Acc=52.03, Loss=-343.2729, NLL=-1161.4619, KL=13.9624, AvgS=499.87, ProxLoss=0.0000
2026-03-19 01:45:00,469 - Server_DefaultID - INFO - Training client 99 (20/30)...
2026-03-19 01:45:00,864 - Server_DefaultID - INFO - Client 99: Acc=26.25, Loss=-296.6192, NLL=-1002.4792, KL=13.2318, AvgS=431.17, ProxLoss=0.0000
2026-03-19 01:45:00,864 - Server_DefaultID - INFO - Training client 70 (21/30)...
2026-03-19 01:45:02,158 - Server_DefaultID - INFO - Client 70: Acc=86.12, Loss=-341.6566, NLL=-1161.7371, KL=13.9635, AvgS=499.99, ProxLoss=0.0000
2026-03-19 01:45:02,158 - Server_DefaultID - INFO - Training client 71 (22/30)...
2026-03-19 01:45:02,805 - Server_DefaultID - INFO - Client 71: Acc=75.47, Loss=-343.5102, NLL=-1161.2980, KL=13.9618, AvgS=499.80, ProxLoss=0.0000
2026-03-19 01:45:02,805 - Server_DefaultID - INFO - Training client 39 (23/30)...
2026-03-19 01:45:06,363 - Server_DefaultID - INFO - Client 39: Acc=95.08, Loss=-342.7607, NLL=-1161.7285, KL=13.9635, AvgS=499.98, ProxLoss=0.0000
2026-03-19 01:45:06,363 - Server_DefaultID - INFO - Training client 38 (24/30)...
2026-03-19 01:45:07,100 - Server_DefaultID - INFO - Client 38: Acc=69.22, Loss=-345.0248, NLL=-1161.5789, KL=13.9629, AvgS=499.92, ProxLoss=0.0000
2026-03-19 01:45:07,100 - Server_DefaultID - INFO - Training client 57 (25/30)...
2026-03-19 01:45:11,142 - Server_DefaultID - INFO - Client 57: Acc=97.98, Loss=-342.2260, NLL=-1161.7542, KL=13.9636, AvgS=499.99, ProxLoss=0.0000
2026-03-19 01:45:11,142 - Server_DefaultID - INFO - Training client 67 (26/30)...
2026-03-19 01:45:12,744 - Server_DefaultID - INFO - Client 67: Acc=94.74, Loss=-343.6836, NLL=-1161.7581, KL=13.9636, AvgS=499.99, ProxLoss=0.0000
2026-03-19 01:45:12,744 - Server_DefaultID - INFO - Training client 35 (27/30)...
2026-03-19 01:45:13,618 - Server_DefaultID - INFO - Client 35: Acc=79.48, Loss=-343.8999, NLL=-1161.6236, KL=13.9631, AvgS=499.94, ProxLoss=0.0000
2026-03-19 01:45:13,618 - Server_DefaultID - INFO - Training client 40 (28/30)...
2026-03-19 01:45:15,098 - Server_DefaultID - INFO - Client 40: Acc=88.02, Loss=-344.4055, NLL=-1161.6713, KL=13.9632, AvgS=499.96, ProxLoss=0.0000
2026-03-19 01:45:15,098 - Server_DefaultID - INFO - Training client 23 (29/30)...
2026-03-19 01:45:15,492 - Server_DefaultID - INFO - Client 23: Acc=80.34, Loss=-228.8529, NLL=-783.0904, KL=12.1613, AvgS=336.48, ProxLoss=0.0000
2026-03-19 01:45:15,492 - Server_DefaultID - INFO - Training client 19 (30/30)...
2026-03-19 01:45:18,808 - Server_DefaultID - INFO - Client 19: Acc=95.00, Loss=-341.2633, NLL=-1161.7512, KL=13.9636, AvgS=499.99, ProxLoss=0.0000
2026-03-19 01:45:19,059 - Server_DefaultID - WARNING - Global prior extremely imbalanced (max/min=1.0), applied adaptive smoothing lam=0.10.
2026-03-19 01:45:19,059 - Server_DefaultID - INFO - Round [55/200] Summary | Avg Client Train Stats:	Loss [-341.5251]	 Acc [88.27]	NLL [-1158.7705]	 KL [13.9496]	AvgS [498.70]	 ProxLoss [0.0000]
GlobalPriorAlpha (first 10): [5.0, 5.0, 5.0, 5.0, 5.0, 5.0, 5.0, 5.0, 5.0, 5.0]
Round Time: 51.41s
2026-03-19 01:45:19,067 - Server_DefaultID - INFO - --- Global Round 56/200 ---
2026-03-19 01:45:19,067 - Server_DefaultID - INFO - Selected 30 active clients for round 56.
2026-03-19 01:45:19,068 - Server_DefaultID - INFO - Training client 98 (1/30)...
2026-03-19 01:45:20,140 - Server_DefaultID - INFO - Client 98: Acc=95.83, Loss=-341.2488, NLL=-1161.6779, KL=13.9633, AvgS=499.96, ProxLoss=0.0000
2026-03-19 01:45:20,140 - Server_DefaultID - INFO - Training client 51 (2/30)...
2026-03-19 01:45:20,755 - Server_DefaultID - INFO - Client 51: Acc=57.81, Loss=-344.2990, NLL=-1161.2187, KL=13.9614, AvgS=499.76, ProxLoss=0.0000
2026-03-19 01:45:20,756 - Server_DefaultID - INFO - Training client 55 (3/30)...
2026-03-19 01:45:28,138 - Server_DefaultID - INFO - Client 55: Acc=92.35, Loss=-343.2710, NLL=-1161.7611, KL=13.9636, AvgS=500.00, ProxLoss=0.0000
2026-03-19 01:45:28,138 - Server_DefaultID - INFO - Training client 60 (4/30)...
2026-03-19 01:45:28,981 - Server_DefaultID - INFO - Client 60: Acc=85.52, Loss=-341.8348, NLL=-1161.6518, KL=13.9632, AvgS=499.95, ProxLoss=0.0000
2026-03-19 01:45:28,981 - Server_DefaultID - INFO - Training client 20 (5/30)...
2026-03-19 01:45:30,725 - Server_DefaultID - INFO - Client 20: Acc=76.56, Loss=-344.8858, NLL=-1161.6679, KL=13.9632, AvgS=499.96, ProxLoss=0.0000
2026-03-19 01:45:30,725 - Server_DefaultID - INFO - Training client 63 (6/30)...
2026-03-19 01:45:32,057 - Server_DefaultID - INFO - Client 63: Acc=85.75, Loss=-342.9044, NLL=-1161.7568, KL=13.9636, AvgS=499.99, ProxLoss=0.0000
2026-03-19 01:45:32,058 - Server_DefaultID - INFO - Training client 3 (7/30)...
2026-03-19 01:45:33,679 - Server_DefaultID - INFO - Client 3: Acc=66.25, Loss=-344.3038, NLL=-1161.7358, KL=13.9635, AvgS=499.99, ProxLoss=0.0000
2026-03-19 01:45:33,679 - Server_DefaultID - INFO - Training client 71 (8/30)...
2026-03-19 01:45:34,338 - Server_DefaultID - INFO - Client 71: Acc=77.50, Loss=-343.3679, NLL=-1161.3244, KL=13.9619, AvgS=499.81, ProxLoss=0.0000
2026-03-19 01:45:34,338 - Server_DefaultID - INFO - Training client 44 (9/30)...
2026-03-19 01:45:36,616 - Server_DefaultID - INFO - Client 44: Acc=96.56, Loss=-342.4689, NLL=-1161.7647, KL=13.9636, AvgS=500.00, ProxLoss=0.0000
2026-03-19 01:45:36,616 - Server_DefaultID - INFO - Training client 0 (10/30)...
2026-03-19 01:45:37,107 - Server_DefaultID - INFO - Client 0: Acc=58.12, Loss=-343.0217, NLL=-1161.6043, KL=13.9630, AvgS=499.93, ProxLoss=0.0000
2026-03-19 01:45:37,107 - Server_DefaultID - INFO - Training client 6 (11/30)...
2026-03-19 01:45:37,946 - Server_DefaultID - INFO - Client 6: Acc=55.31, Loss=-342.0240, NLL=-1161.6806, KL=13.9633, AvgS=499.96, ProxLoss=0.0000
2026-03-19 01:45:37,947 - Server_DefaultID - INFO - Training client 47 (12/30)...
2026-03-19 01:45:39,529 - Server_DefaultID - INFO - Client 47: Acc=96.77, Loss=-344.3338, NLL=-1161.7292, KL=13.9635, AvgS=499.98, ProxLoss=0.0000
2026-03-19 01:45:39,529 - Server_DefaultID - INFO - Training client 91 (13/30)...
2026-03-19 01:45:40,399 - Server_DefaultID - INFO - Client 91: Acc=93.12, Loss=-341.1690, NLL=-1161.6606, KL=13.9632, AvgS=499.95, ProxLoss=0.0000
2026-03-19 01:45:40,399 - Server_DefaultID - INFO - Training client 65 (14/30)...
2026-03-19 01:45:40,939 - Server_DefaultID - INFO - Client 65: Acc=65.00, Loss=-236.8707, NLL=-805.3856, KL=12.2252, AvgS=346.10, ProxLoss=0.0000
2026-03-19 01:45:40,939 - Server_DefaultID - INFO - Training client 50 (15/30)...
2026-03-19 01:45:47,324 - Server_DefaultID - INFO - Client 50: Acc=97.50, Loss=-341.4264, NLL=-1161.7486, KL=13.9635, AvgS=499.99, ProxLoss=0.0000
2026-03-19 01:45:47,324 - Server_DefaultID - INFO - Training client 58 (16/30)...
2026-03-19 01:45:49,220 - Server_DefaultID - INFO - Client 58: Acc=82.23, Loss=-341.2903, NLL=-1161.7319, KL=13.9635, AvgS=499.98, ProxLoss=0.0000
2026-03-19 01:45:49,220 - Server_DefaultID - INFO - Training client 33 (17/30)...
2026-03-19 01:45:51,142 - Server_DefaultID - INFO - Client 33: Acc=72.95, Loss=-344.1591, NLL=-1161.7567, KL=13.9636, AvgS=499.99, ProxLoss=0.0000
2026-03-19 01:45:51,142 - Server_DefaultID - INFO - Training client 96 (18/30)...
2026-03-19 01:45:53,402 - Server_DefaultID - INFO - Client 96: Acc=94.34, Loss=-342.6099, NLL=-1161.6529, KL=13.9632, AvgS=499.95, ProxLoss=0.0000
2026-03-19 01:45:53,402 - Server_DefaultID - INFO - Training client 9 (19/30)...
2026-03-19 01:45:55,270 - Server_DefaultID - INFO - Client 9: Acc=97.50, Loss=-341.3753, NLL=-1161.7314, KL=13.9635, AvgS=499.98, ProxLoss=0.0000
2026-03-19 01:45:55,270 - Server_DefaultID - INFO - Training client 76 (20/30)...
2026-03-19 01:45:57,394 - Server_DefaultID - INFO - Client 76: Acc=97.11, Loss=-344.4381, NLL=-1161.7483, KL=13.9635, AvgS=499.99, ProxLoss=0.0000
2026-03-19 01:45:57,394 - Server_DefaultID - INFO - Training client 12 (21/30)...
2026-03-19 01:45:58,721 - Server_DefaultID - INFO - Client 12: Acc=72.62, Loss=-344.1109, NLL=-1161.7639, KL=13.9636, AvgS=500.00, ProxLoss=0.0000
2026-03-19 01:45:58,721 - Server_DefaultID - INFO - Training client 82 (22/30)...
2026-03-19 01:46:00,084 - Server_DefaultID - INFO - Client 82: Acc=94.75, Loss=-342.1610, NLL=-1161.6753, KL=13.9633, AvgS=499.96, ProxLoss=0.0000
2026-03-19 01:46:00,085 - Server_DefaultID - INFO - Training client 59 (23/30)...
2026-03-19 01:46:02,396 - Server_DefaultID - INFO - Client 59: Acc=95.83, Loss=-342.8180, NLL=-1161.7694, KL=13.9636, AvgS=500.00, ProxLoss=0.0000
2026-03-19 01:46:02,396 - Server_DefaultID - INFO - Training client 53 (24/30)...
2026-03-19 01:46:05,025 - Server_DefaultID - INFO - Client 53: Acc=96.16, Loss=-341.7602, NLL=-1161.7440, KL=13.9635, AvgS=499.99, ProxLoss=0.0000
2026-03-19 01:46:05,025 - Server_DefaultID - INFO - Training client 72 (25/30)...
2026-03-19 01:46:06,144 - Server_DefaultID - INFO - Client 72: Acc=95.16, Loss=-341.9211, NLL=-1161.6469, KL=13.9631, AvgS=499.95, ProxLoss=0.0000
2026-03-19 01:46:06,144 - Server_DefaultID - INFO - Training client 46 (26/30)...
2026-03-19 01:46:08,256 - Server_DefaultID - INFO - Client 46: Acc=88.16, Loss=-342.5448, NLL=-1161.6864, KL=13.9633, AvgS=499.96, ProxLoss=0.0000
2026-03-19 01:46:08,256 - Server_DefaultID - INFO - Training client 8 (27/30)...
2026-03-19 01:46:08,861 - Server_DefaultID - INFO - Client 8: Acc=87.50, Loss=-342.4483, NLL=-1161.6933, KL=13.9633, AvgS=499.97, ProxLoss=0.0000
2026-03-19 01:46:08,861 - Server_DefaultID - INFO - Training client 43 (28/30)...
2026-03-19 01:46:11,591 - Server_DefaultID - INFO - Client 43: Acc=95.88, Loss=-342.5063, NLL=-1161.7689, KL=13.9636, AvgS=500.00, ProxLoss=0.0000
2026-03-19 01:46:11,591 - Server_DefaultID - INFO - Training client 80 (29/30)...
2026-03-19 01:46:12,048 - Server_DefaultID - INFO - Client 80: Acc=61.88, Loss=-341.2318, NLL=-1155.2708, KL=13.9375, AvgS=497.19, ProxLoss=0.0000
2026-03-19 01:46:12,048 - Server_DefaultID - INFO - Training client 7 (30/30)...
2026-03-19 01:46:13,655 - Server_DefaultID - INFO - Client 7: Acc=73.59, Loss=-342.8299, NLL=-1161.7263, KL=13.9635, AvgS=499.98, ProxLoss=0.0000
2026-03-19 01:46:13,903 - Server_DefaultID - WARNING - Global prior extremely imbalanced (max/min=1.0), applied adaptive smoothing lam=0.10.
2026-03-19 01:46:13,903 - Server_DefaultID - INFO - Round [56/200] Summary | Avg Client Train Stats:	Loss [-342.1951]	 Acc [88.83]	NLL [-1159.8960]	 KL [13.9546]	AvgS [499.19]	 ProxLoss [0.0000]
GlobalPriorAlpha (first 10): [5.0, 5.0, 5.0, 5.0, 5.0, 5.0, 5.0, 5.0, 5.0, 5.0]
Round Time: 54.84s
2026-03-19 01:46:13,906 - Server_DefaultID - INFO - --- Global Round 57/200 ---
2026-03-19 01:46:13,906 - Server_DefaultID - INFO - Selected 30 active clients for round 57.
2026-03-19 01:46:13,906 - Server_DefaultID - INFO - Training client 92 (1/30)...
2026-03-19 01:46:15,041 - Server_DefaultID - INFO - Client 92: Acc=95.31, Loss=-342.0990, NLL=-1161.5464, KL=13.9628, AvgS=499.90, ProxLoss=0.0000
2026-03-19 01:46:15,041 - Server_DefaultID - INFO - Training client 40 (2/30)...
2026-03-19 01:46:16,624 - Server_DefaultID - INFO - Client 40: Acc=89.53, Loss=-344.3001, NLL=-1161.7591, KL=13.9636, AvgS=500.00, ProxLoss=0.0000
2026-03-19 01:46:16,624 - Server_DefaultID - INFO - Training client 50 (3/30)...
2026-03-19 01:46:22,285 - Server_DefaultID - INFO - Client 50: Acc=97.52, Loss=-341.4399, NLL=-1161.7534, KL=13.9636, AvgS=499.99, ProxLoss=0.0000
2026-03-19 01:46:22,285 - Server_DefaultID - INFO - Training client 9 (4/30)...
2026-03-19 01:46:24,136 - Server_DefaultID - INFO - Client 9: Acc=97.50, Loss=-341.2089, NLL=-1161.6797, KL=13.9633, AvgS=499.96, ProxLoss=0.0000
2026-03-19 01:46:24,136 - Server_DefaultID - INFO - Training client 7 (5/30)...
2026-03-19 01:46:25,734 - Server_DefaultID - INFO - Client 7: Acc=75.16, Loss=-342.6566, NLL=-1161.7213, KL=13.9634, AvgS=499.98, ProxLoss=0.0000
2026-03-19 01:46:25,734 - Server_DefaultID - INFO - Training client 94 (6/30)...
2026-03-19 01:46:28,468 - Server_DefaultID - INFO - Client 94: Acc=96.59, Loss=-342.6316, NLL=-1161.7262, KL=13.9635, AvgS=499.98, ProxLoss=0.0000
2026-03-19 01:46:28,468 - Server_DefaultID - INFO - Training client 77 (7/30)...
2026-03-19 01:46:32,239 - Server_DefaultID - INFO - Client 77: Acc=94.79, Loss=-342.3136, NLL=-1161.7517, KL=13.9636, AvgS=499.99, ProxLoss=0.0000
2026-03-19 01:46:32,239 - Server_DefaultID - INFO - Training client 81 (8/30)...
2026-03-19 01:46:34,116 - Server_DefaultID - INFO - Client 81: Acc=93.97, Loss=-342.5533, NLL=-1161.6998, KL=13.9634, AvgS=499.97, ProxLoss=0.0000
2026-03-19 01:46:34,117 - Server_DefaultID - INFO - Training client 30 (9/30)...
2026-03-19 01:46:36,152 - Server_DefaultID - INFO - Client 30: Acc=98.12, Loss=-341.3057, NLL=-1161.7697, KL=13.9636, AvgS=500.00, ProxLoss=0.0000
2026-03-19 01:46:36,152 - Server_DefaultID - INFO - Training client 97 (10/30)...
2026-03-19 01:46:42,231 - Server_DefaultID - INFO - Client 97: Acc=99.56, Loss=-340.3332, NLL=-1161.7686, KL=13.9636, AvgS=500.00, ProxLoss=0.0000
2026-03-19 01:46:42,232 - Server_DefaultID - INFO - Training client 4 (11/30)...
2026-03-19 01:46:43,821 - Server_DefaultID - INFO - Client 4: Acc=78.33, Loss=-344.1580, NLL=-1161.7225, KL=13.9634, AvgS=499.98, ProxLoss=0.0000
2026-03-19 01:46:43,821 - Server_DefaultID - INFO - Training client 42 (12/30)...
2026-03-19 01:46:45,362 - Server_DefaultID - INFO - Client 42: Acc=90.42, Loss=-342.5578, NLL=-1161.7600, KL=13.9636, AvgS=500.00, ProxLoss=0.0000
2026-03-19 01:46:45,362 - Server_DefaultID - INFO - Training client 72 (13/30)...
2026-03-19 01:46:46,517 - Server_DefaultID - INFO - Client 72: Acc=95.16, Loss=-341.6179, NLL=-1161.7035, KL=13.9634, AvgS=499.97, ProxLoss=0.0000
2026-03-19 01:46:46,517 - Server_DefaultID - INFO - Training client 23 (14/30)...
2026-03-19 01:46:47,002 - Server_DefaultID - INFO - Client 23: Acc=80.68, Loss=-255.6973, NLL=-873.5632, KL=12.6682, AvgS=375.54, ProxLoss=0.0000
2026-03-19 01:46:47,002 - Server_DefaultID - INFO - Training client 93 (15/30)...
2026-03-19 01:46:47,659 - Server_DefaultID - INFO - Client 93: Acc=52.19, Loss=-343.0685, NLL=-1161.3505, KL=13.9620, AvgS=499.82, ProxLoss=0.0000
2026-03-19 01:46:47,659 - Server_DefaultID - INFO - Training client 76 (16/30)...
2026-03-19 01:46:49,644 - Server_DefaultID - INFO - Client 76: Acc=97.34, Loss=-344.5307, NLL=-1161.7676, KL=13.9636, AvgS=500.00, ProxLoss=0.0000
2026-03-19 01:46:49,644 - Server_DefaultID - INFO - Training client 38 (17/30)...
2026-03-19 01:46:50,287 - Server_DefaultID - INFO - Client 38: Acc=72.03, Loss=-344.7796, NLL=-1161.5981, KL=13.9630, AvgS=499.93, ProxLoss=0.0000
2026-03-19 01:46:50,287 - Server_DefaultID - INFO - Training client 53 (18/30)...
2026-03-19 01:46:53,805 - Server_DefaultID - INFO - Client 53: Acc=96.53, Loss=-341.8832, NLL=-1161.7604, KL=13.9636, AvgS=500.00, ProxLoss=0.0000
2026-03-19 01:46:53,805 - Server_DefaultID - INFO - Training client 24 (19/30)...
2026-03-19 01:46:54,368 - Server_DefaultID - INFO - Client 24: Acc=57.19, Loss=-275.2848, NLL=-931.2547, KL=12.9272, AvgS=400.47, ProxLoss=0.0000
2026-03-19 01:46:54,369 - Server_DefaultID - INFO - Training client 15 (20/30)...
2026-03-19 01:46:55,128 - Server_DefaultID - INFO - Client 15: Acc=41.09, Loss=-342.2100, NLL=-1160.8276, KL=13.9598, AvgS=499.59, ProxLoss=0.0000
2026-03-19 01:46:55,129 - Server_DefaultID - INFO - Training client 85 (21/30)...
2026-03-19 01:46:57,975 - Server_DefaultID - INFO - Client 85: Acc=99.74, Loss=-340.1845, NLL=-1161.7334, KL=13.9635, AvgS=499.98, ProxLoss=0.0000
2026-03-19 01:46:57,975 - Server_DefaultID - INFO - Training client 22 (22/30)...
2026-03-19 01:46:58,670 - Server_DefaultID - INFO - Client 22: Acc=92.66, Loss=-342.1652, NLL=-1161.3865, KL=13.9621, AvgS=499.83, ProxLoss=0.0000
2026-03-19 01:46:58,670 - Server_DefaultID - INFO - Training client 18 (23/30)...
2026-03-19 01:47:02,404 - Server_DefaultID - INFO - Client 18: Acc=84.29, Loss=-342.7728, NLL=-1161.7673, KL=13.9636, AvgS=500.00, ProxLoss=0.0000
2026-03-19 01:47:02,404 - Server_DefaultID - INFO - Training client 21 (24/30)...
2026-03-19 01:47:04,437 - Server_DefaultID - INFO - Client 21: Acc=89.96, Loss=-344.3200, NLL=-1161.7127, KL=13.9634, AvgS=499.98, ProxLoss=0.0000
2026-03-19 01:47:04,438 - Server_DefaultID - INFO - Training client 11 (25/30)...
2026-03-19 01:47:06,076 - Server_DefaultID - INFO - Client 11: Acc=91.88, Loss=-342.9048, NLL=-1161.7309, KL=13.9635, AvgS=499.98, ProxLoss=0.0000
2026-03-19 01:47:06,076 - Server_DefaultID - INFO - Training client 29 (26/30)...
2026-03-19 01:47:07,200 - Server_DefaultID - INFO - Client 29: Acc=81.88, Loss=-342.1472, NLL=-1161.6729, KL=13.9632, AvgS=499.96, ProxLoss=0.0000
2026-03-19 01:47:07,200 - Server_DefaultID - INFO - Training client 60 (27/30)...
2026-03-19 01:47:08,116 - Server_DefaultID - INFO - Client 60: Acc=85.73, Loss=-341.7286, NLL=-1161.2898, KL=13.9617, AvgS=499.79, ProxLoss=0.0000
2026-03-19 01:47:08,117 - Server_DefaultID - INFO - Training client 28 (28/30)...
2026-03-19 01:47:08,510 - Server_DefaultID - INFO - Client 28: Acc=69.38, Loss=-315.9726, NLL=-1076.4161, KL=13.5728, AvgS=463.11, ProxLoss=0.0000
2026-03-19 01:47:08,511 - Server_DefaultID - INFO - Training client 14 (29/30)...
2026-03-19 01:47:10,877 - Server_DefaultID - INFO - Client 14: Acc=92.74, Loss=-341.2278, NLL=-1161.7359, KL=13.9635, AvgS=499.99, ProxLoss=0.0000
2026-03-19 01:47:10,877 - Server_DefaultID - INFO - Training client 83 (30/30)...
2026-03-19 01:47:13,623 - Server_DefaultID - INFO - Client 83: Acc=99.69, Loss=-340.2384, NLL=-1161.7555, KL=13.9636, AvgS=499.99, ProxLoss=0.0000
2026-03-19 01:47:13,853 - Server_DefaultID - WARNING - Global prior extremely imbalanced (max/min=1.0), applied adaptive smoothing lam=0.10.
2026-03-19 01:47:13,853 - Server_DefaultID - INFO - Round [57/200] Summary | Avg Client Train Stats:	Loss [-341.0450]	 Acc [92.08]	NLL [-1158.4188]	 KL [13.9485]	AvgS [498.55]	 ProxLoss [0.0000]
GlobalPriorAlpha (first 10): [5.0, 5.0, 5.0, 5.0, 5.0, 5.0, 5.0, 5.0, 5.0, 5.0]
Round Time: 59.95s
2026-03-19 01:47:13,855 - Server_DefaultID - INFO - --- Global Round 58/200 ---
2026-03-19 01:47:13,856 - Server_DefaultID - INFO - Selected 30 active clients for round 58.
2026-03-19 01:47:13,856 - Server_DefaultID - INFO - Training client 89 (1/30)...
2026-03-19 01:47:17,326 - Server_DefaultID - INFO - Client 89: Acc=99.04, Loss=-340.8952, NLL=-1161.7305, KL=13.9635, AvgS=499.98, ProxLoss=0.0000
2026-03-19 01:47:17,326 - Server_DefaultID - INFO - Training client 14 (2/30)...
2026-03-19 01:47:19,606 - Server_DefaultID - INFO - Client 14: Acc=93.96, Loss=-341.1955, NLL=-1161.7369, KL=13.9635, AvgS=499.99, ProxLoss=0.0000
2026-03-19 01:47:19,606 - Server_DefaultID - INFO - Training client 3 (3/30)...
2026-03-19 01:47:21,233 - Server_DefaultID - INFO - Client 3: Acc=67.86, Loss=-344.2626, NLL=-1161.7480, KL=13.9635, AvgS=499.99, ProxLoss=0.0000
2026-03-19 01:47:21,233 - Server_DefaultID - INFO - Training client 74 (4/30)...
2026-03-19 01:47:22,379 - Server_DefaultID - INFO - Client 74: Acc=74.84, Loss=-342.6957, NLL=-1161.6789, KL=13.9633, AvgS=499.96, ProxLoss=0.0000
2026-03-19 01:47:22,379 - Server_DefaultID - INFO - Training client 52 (5/30)...
2026-03-19 01:47:23,281 - Server_DefaultID - INFO - Client 52: Acc=74.17, Loss=-342.4066, NLL=-1161.4019, KL=13.9622, AvgS=499.84, ProxLoss=0.0000
2026-03-19 01:47:23,281 - Server_DefaultID - INFO - Training client 68 (6/30)...
2026-03-19 01:47:26,681 - Server_DefaultID - INFO - Client 68: Acc=97.88, Loss=-341.2368, NLL=-1161.7269, KL=13.9635, AvgS=499.98, ProxLoss=0.0000
2026-03-19 01:47:26,681 - Server_DefaultID - INFO - Training client 67 (7/30)...
2026-03-19 01:47:28,265 - Server_DefaultID - INFO - Client 67: Acc=96.61, Loss=-343.6865, NLL=-1161.7632, KL=13.9636, AvgS=500.00, ProxLoss=0.0000
2026-03-19 01:47:28,265 - Server_DefaultID - INFO - Training client 75 (8/30)...
2026-03-19 01:47:30,305 - Server_DefaultID - INFO - Client 75: Acc=95.90, Loss=-341.4194, NLL=-1161.6841, KL=13.9633, AvgS=499.96, ProxLoss=0.0000
2026-03-19 01:47:30,305 - Server_DefaultID - INFO - Training client 64 (9/30)...
2026-03-19 01:47:30,717 - Server_DefaultID - INFO - Client 64: Acc=67.81, Loss=-340.3273, NLL=-1153.9278, KL=13.9322, AvgS=496.61, ProxLoss=0.0000
2026-03-19 01:47:30,718 - Server_DefaultID - INFO - Training client 79 (10/30)...
2026-03-19 01:47:32,021 - Server_DefaultID - INFO - Client 79: Acc=93.75, Loss=-341.0725, NLL=-1161.7699, KL=13.9636, AvgS=500.00, ProxLoss=0.0000
2026-03-19 01:47:32,021 - Server_DefaultID - INFO - Training client 82 (11/30)...
2026-03-19 01:47:33,322 - Server_DefaultID - INFO - Client 82: Acc=95.75, Loss=-342.2237, NLL=-1161.7482, KL=13.9635, AvgS=499.99, ProxLoss=0.0000
2026-03-19 01:47:33,322 - Server_DefaultID - INFO - Training client 5 (12/30)...
2026-03-19 01:47:33,771 - Server_DefaultID - INFO - Client 5: Acc=71.25, Loss=-343.9198, NLL=-1161.6147, KL=13.9630, AvgS=499.93, ProxLoss=0.0000
2026-03-19 01:47:33,771 - Server_DefaultID - INFO - Training client 71 (13/30)...
2026-03-19 01:47:34,425 - Server_DefaultID - INFO - Client 71: Acc=77.81, Loss=-343.2955, NLL=-1161.2802, KL=13.9617, AvgS=499.79, ProxLoss=0.0000
2026-03-19 01:47:34,425 - Server_DefaultID - INFO - Training client 4 (14/30)...
2026-03-19 01:47:36,029 - Server_DefaultID - INFO - Client 4: Acc=79.17, Loss=-344.1247, NLL=-1161.7699, KL=13.9636, AvgS=500.00, ProxLoss=0.0000
2026-03-19 01:47:36,029 - Server_DefaultID - INFO - Training client 29 (15/30)...
2026-03-19 01:47:37,120 - Server_DefaultID - INFO - Client 29: Acc=81.48, Loss=-342.1478, NLL=-1161.6942, KL=13.9633, AvgS=499.97, ProxLoss=0.0000
2026-03-19 01:47:37,121 - Server_DefaultID - INFO - Training client 21 (16/30)...
2026-03-19 01:47:39,166 - Server_DefaultID - INFO - Client 21: Acc=92.23, Loss=-344.3523, NLL=-1161.7127, KL=13.9634, AvgS=499.98, ProxLoss=0.0000
2026-03-19 01:47:39,166 - Server_DefaultID - INFO - Training client 94 (17/30)...
2026-03-19 01:47:42,126 - Server_DefaultID - INFO - Client 94: Acc=96.62, Loss=-342.5612, NLL=-1161.7227, KL=13.9634, AvgS=499.98, ProxLoss=0.0000
2026-03-19 01:47:42,126 - Server_DefaultID - INFO - Training client 40 (18/30)...
2026-03-19 01:47:43,751 - Server_DefaultID - INFO - Client 40: Acc=89.64, Loss=-344.2845, NLL=-1161.7152, KL=13.9634, AvgS=499.98, ProxLoss=0.0000
2026-03-19 01:47:43,751 - Server_DefaultID - INFO - Training client 20 (19/30)...
2026-03-19 01:47:45,379 - Server_DefaultID - INFO - Client 20: Acc=81.51, Loss=-344.8232, NLL=-1161.6963, KL=13.9633, AvgS=499.97, ProxLoss=0.0000
2026-03-19 01:47:45,379 - Server_DefaultID - INFO - Training client 54 (20/30)...
2026-03-19 01:47:46,099 - Server_DefaultID - INFO - Client 54: Acc=77.81, Loss=-341.3943, NLL=-1160.5687, KL=13.9588, AvgS=499.48, ProxLoss=0.0000
2026-03-19 01:47:46,100 - Server_DefaultID - INFO - Training client 42 (21/30)...
2026-03-19 01:47:47,800 - Server_DefaultID - INFO - Client 42: Acc=91.56, Loss=-342.4659, NLL=-1161.7066, KL=13.9634, AvgS=499.97, ProxLoss=0.0000
2026-03-19 01:47:47,800 - Server_DefaultID - INFO - Training client 76 (22/30)...
2026-03-19 01:47:50,015 - Server_DefaultID - INFO - Client 76: Acc=97.07, Loss=-344.4533, NLL=-1161.7620, KL=13.9636, AvgS=500.00, ProxLoss=0.0000
2026-03-19 01:47:50,015 - Server_DefaultID - INFO - Training client 26 (23/30)...
2026-03-19 01:47:54,451 - Server_DefaultID - INFO - Client 26: Acc=98.47, Loss=-341.6249, NLL=-1161.7697, KL=13.9636, AvgS=500.00, ProxLoss=0.0000
2026-03-19 01:47:54,451 - Server_DefaultID - INFO - Training client 34 (24/30)...
2026-03-19 01:47:55,292 - Server_DefaultID - INFO - Client 34: Acc=78.85, Loss=-343.5244, NLL=-1161.7699, KL=13.9636, AvgS=500.00, ProxLoss=0.0000
2026-03-19 01:47:55,293 - Server_DefaultID - INFO - Training client 17 (25/30)...
2026-03-19 01:47:56,011 - Server_DefaultID - INFO - Client 17: Acc=82.50, Loss=-343.4335, NLL=-1161.6072, KL=13.9630, AvgS=499.93, ProxLoss=0.0000
2026-03-19 01:47:56,011 - Server_DefaultID - INFO - Training client 7 (26/30)...
2026-03-19 01:47:58,711 - Server_DefaultID - INFO - Client 7: Acc=76.82, Loss=-342.7916, NLL=-1161.6995, KL=13.9634, AvgS=499.97, ProxLoss=0.0000
2026-03-19 01:47:58,711 - Server_DefaultID - INFO - Training client 46 (27/30)...
2026-03-19 01:48:00,923 - Server_DefaultID - INFO - Client 46: Acc=88.01, Loss=-342.4531, NLL=-1161.7487, KL=13.9635, AvgS=499.99, ProxLoss=0.0000
2026-03-19 01:48:00,923 - Server_DefaultID - INFO - Training client 78 (28/30)...
2026-03-19 01:48:08,017 - Server_DefaultID - INFO - Client 78: Acc=96.38, Loss=-342.4644, NLL=-1161.7438, KL=13.9635, AvgS=499.99, ProxLoss=0.0000
2026-03-19 01:48:08,017 - Server_DefaultID - INFO - Training client 19 (29/30)...
2026-03-19 01:48:11,706 - Server_DefaultID - INFO - Client 19: Acc=95.45, Loss=-341.1047, NLL=-1161.7673, KL=13.9636, AvgS=500.00, ProxLoss=0.0000
2026-03-19 01:48:11,706 - Server_DefaultID - INFO - Training client 8 (30/30)...
2026-03-19 01:48:12,402 - Server_DefaultID - INFO - Client 8: Acc=87.34, Loss=-342.4074, NLL=-1161.7581, KL=13.9636, AvgS=499.99, ProxLoss=0.0000
2026-03-19 01:48:12,605 - Server_DefaultID - WARNING - Global prior extremely imbalanced (max/min=1.0), applied adaptive smoothing lam=0.10.
2026-03-19 01:48:12,605 - Server_DefaultID - INFO - Round [58/200] Summary | Avg Client Train Stats:	Loss [-342.4553]	 Acc [91.19]	NLL [-1161.6572]	 KL [13.9632]	AvgS [499.95]	 ProxLoss [0.0000]
GlobalPriorAlpha (first 10): [5.0, 5.0, 5.0, 5.0, 5.0, 5.0, 5.0, 5.0, 5.0, 5.0]
Round Time: 58.75s
2026-03-19 01:48:12,608 - Server_DefaultID - INFO - --- Global Round 59/200 ---
2026-03-19 01:48:12,609 - Server_DefaultID - INFO - Selected 30 active clients for round 59.
2026-03-19 01:48:12,609 - Server_DefaultID - INFO - Training client 39 (1/30)...
2026-03-19 01:48:16,487 - Server_DefaultID - INFO - Client 39: Acc=95.17, Loss=-342.7041, NLL=-1161.7165, KL=13.9634, AvgS=499.98, ProxLoss=0.0000
2026-03-19 01:48:16,488 - Server_DefaultID - INFO - Training client 71 (2/30)...
2026-03-19 01:48:17,159 - Server_DefaultID - INFO - Client 71: Acc=78.28, Loss=-343.3839, NLL=-1161.3451, KL=13.9619, AvgS=499.82, ProxLoss=0.0000
2026-03-19 01:48:17,159 - Server_DefaultID - INFO - Training client 12 (3/30)...
2026-03-19 01:48:18,581 - Server_DefaultID - INFO - Client 12: Acc=72.00, Loss=-343.9521, NLL=-1161.6723, KL=13.9632, AvgS=499.96, ProxLoss=0.0000
2026-03-19 01:48:18,581 - Server_DefaultID - INFO - Training client 0 (4/30)...
2026-03-19 01:48:19,071 - Server_DefaultID - INFO - Client 0: Acc=63.44, Loss=-342.9135, NLL=-1161.7187, KL=13.9634, AvgS=499.98, ProxLoss=0.0000
2026-03-19 01:48:19,071 - Server_DefaultID - INFO - Training client 41 (5/30)...
2026-03-19 01:48:21,138 - Server_DefaultID - INFO - Client 41: Acc=97.38, Loss=-341.9292, NLL=-1161.7267, KL=13.9635, AvgS=499.98, ProxLoss=0.0000
2026-03-19 01:48:21,138 - Server_DefaultID - INFO - Training client 11 (6/30)...
2026-03-19 01:48:22,784 - Server_DefaultID - INFO - Client 11: Acc=92.50, Loss=-342.9842, NLL=-1161.7594, KL=13.9636, AvgS=500.00, ProxLoss=0.0000
2026-03-19 01:48:22,784 - Server_DefaultID - INFO - Training client 62 (7/30)...
2026-03-19 01:48:23,404 - Server_DefaultID - INFO - Client 62: Acc=88.91, Loss=-343.1935, NLL=-1161.7252, KL=13.9635, AvgS=499.98, ProxLoss=0.0000
2026-03-19 01:48:23,404 - Server_DefaultID - INFO - Training client 73 (8/30)...
2026-03-19 01:48:26,654 - Server_DefaultID - INFO - Client 73: Acc=92.98, Loss=-341.7780, NLL=-1161.7461, KL=13.9635, AvgS=499.99, ProxLoss=0.0000
2026-03-19 01:48:26,654 - Server_DefaultID - INFO - Training client 91 (9/30)...
2026-03-19 01:48:27,590 - Server_DefaultID - INFO - Client 91: Acc=94.48, Loss=-341.0361, NLL=-1161.6647, KL=13.9632, AvgS=499.95, ProxLoss=0.0000
2026-03-19 01:48:27,590 - Server_DefaultID - INFO - Training client 93 (10/30)...
2026-03-19 01:48:28,222 - Server_DefaultID - INFO - Client 93: Acc=51.88, Loss=-342.9991, NLL=-1161.3209, KL=13.9619, AvgS=499.81, ProxLoss=0.0000
2026-03-19 01:48:28,222 - Server_DefaultID - INFO - Training client 64 (11/30)...
2026-03-19 01:48:28,608 - Server_DefaultID - INFO - Client 64: Acc=67.19, Loss=-340.1477, NLL=-1154.5306, KL=13.9349, AvgS=496.87, ProxLoss=0.0000
2026-03-19 01:48:28,608 - Server_DefaultID - INFO - Training client 33 (12/30)...
2026-03-19 01:48:31,615 - Server_DefaultID - INFO - Client 33: Acc=77.63, Loss=-344.1586, NLL=-1161.7521, KL=13.9636, AvgS=499.99, ProxLoss=0.0000
2026-03-19 01:48:31,615 - Server_DefaultID - INFO - Training client 79 (13/30)...
2026-03-19 01:48:32,982 - Server_DefaultID - INFO - Client 79: Acc=94.25, Loss=-341.0857, NLL=-1161.6502, KL=13.9632, AvgS=499.95, ProxLoss=0.0000
2026-03-19 01:48:32,982 - Server_DefaultID - INFO - Training client 61 (14/30)...
2026-03-19 01:48:34,365 - Server_DefaultID - INFO - Client 61: Acc=85.25, Loss=-344.4751, NLL=-1161.5671, KL=13.9628, AvgS=499.91, ProxLoss=0.0000
2026-03-19 01:48:34,365 - Server_DefaultID - INFO - Training client 18 (15/30)...
2026-03-19 01:48:38,183 - Server_DefaultID - INFO - Client 18: Acc=87.44, Loss=-342.7387, NLL=-1161.7504, KL=13.9635, AvgS=499.99, ProxLoss=0.0000
2026-03-19 01:48:38,183 - Server_DefaultID - INFO - Training client 80 (16/30)...
2026-03-19 01:48:38,605 - Server_DefaultID - INFO - Client 80: Acc=65.00, Loss=-342.7405, NLL=-1159.9641, KL=13.9565, AvgS=499.22, ProxLoss=0.0000
2026-03-19 01:48:38,605 - Server_DefaultID - INFO - Training client 90 (17/30)...
2026-03-19 01:48:41,008 - Client_90 - WARNING - Client 90: Too few classes (1) or samples (592) for alpha report, returning uniform.
2026-03-19 01:48:41,008 - Server_DefaultID - INFO - Client 90: Acc=100.00, Loss=-339.8783, NLL=-1161.7322, KL=13.9635, AvgS=499.98, ProxLoss=0.0000
2026-03-19 01:48:41,008 - Server_DefaultID - INFO - Training client 2 (18/30)...
2026-03-19 01:48:43,335 - Server_DefaultID - INFO - Client 2: Acc=80.52, Loss=-342.4231, NLL=-1161.7519, KL=13.9636, AvgS=499.99, ProxLoss=0.0000
2026-03-19 01:48:43,335 - Server_DefaultID - INFO - Training client 86 (19/30)...
2026-03-19 01:48:44,730 - Server_DefaultID - INFO - Client 86: Acc=88.56, Loss=-342.4054, NLL=-1161.5410, KL=13.9627, AvgS=499.90, ProxLoss=0.0000
2026-03-19 01:48:44,730 - Server_DefaultID - INFO - Training client 56 (20/30)...
2026-03-19 01:48:46,884 - Server_DefaultID - INFO - Client 56: Acc=86.64, Loss=-342.2252, NLL=-1161.6048, KL=13.9630, AvgS=499.93, ProxLoss=0.0000
2026-03-19 01:48:46,884 - Server_DefaultID - INFO - Training client 1 (21/30)...
2026-03-19 01:48:47,588 - Server_DefaultID - INFO - Client 1: Acc=62.97, Loss=-342.9640, NLL=-1161.6420, KL=13.9631, AvgS=499.95, ProxLoss=0.0000
2026-03-19 01:48:47,588 - Server_DefaultID - INFO - Training client 58 (22/30)...
2026-03-19 01:48:49,406 - Server_DefaultID - INFO - Client 58: Acc=81.96, Loss=-341.2174, NLL=-1161.7653, KL=13.9636, AvgS=500.00, ProxLoss=0.0000
2026-03-19 01:48:49,406 - Server_DefaultID - INFO - Training client 89 (23/30)...
2026-03-19 01:48:52,899 - Server_DefaultID - INFO - Client 89: Acc=99.06, Loss=-340.9301, NLL=-1161.7654, KL=13.9636, AvgS=500.00, ProxLoss=0.0000
2026-03-19 01:48:52,899 - Server_DefaultID - INFO - Training client 57 (24/30)...
2026-03-19 01:48:56,954 - Server_DefaultID - INFO - Client 57: Acc=98.29, Loss=-342.1471, NLL=-1161.7454, KL=13.9635, AvgS=499.99, ProxLoss=0.0000
2026-03-19 01:48:56,954 - Server_DefaultID - INFO - Training client 36 (25/30)...
2026-03-19 01:49:02,531 - Server_DefaultID - INFO - Client 36: Acc=98.67, Loss=-341.3329, NLL=-1161.7665, KL=13.9636, AvgS=500.00, ProxLoss=0.0000
2026-03-19 01:49:02,531 - Server_DefaultID - INFO - Training client 4 (26/30)...
2026-03-19 01:49:04,161 - Server_DefaultID - INFO - Client 4: Acc=80.78, Loss=-344.1742, NLL=-1161.7699, KL=13.9636, AvgS=500.00, ProxLoss=0.0000
2026-03-19 01:49:04,161 - Server_DefaultID - INFO - Training client 52 (27/30)...
2026-03-19 01:49:04,967 - Server_DefaultID - INFO - Client 52: Acc=72.19, Loss=-342.5614, NLL=-1161.7699, KL=13.9636, AvgS=500.00, ProxLoss=0.0000
2026-03-19 01:49:04,967 - Server_DefaultID - INFO - Training client 92 (28/30)...
2026-03-19 01:49:06,145 - Server_DefaultID - INFO - Client 92: Acc=95.08, Loss=-342.4140, NLL=-1161.6709, KL=13.9632, AvgS=499.96, ProxLoss=0.0000
2026-03-19 01:49:06,145 - Server_DefaultID - INFO - Training client 48 (29/30)...
2026-03-19 01:49:10,509 - Server_DefaultID - INFO - Client 48: Acc=92.90, Loss=-342.6276, NLL=-1161.7254, KL=13.9635, AvgS=499.98, ProxLoss=0.0000
2026-03-19 01:49:10,509 - Server_DefaultID - INFO - Training client 45 (30/30)...
2026-03-19 01:49:12,580 - Server_DefaultID - INFO - Client 45: Acc=73.16, Loss=-342.1345, NLL=-1161.5913, KL=13.9629, AvgS=499.92, ProxLoss=0.0000
2026-03-19 01:49:12,854 - Server_DefaultID - WARNING - Global prior extremely imbalanced (max/min=1.0), applied adaptive smoothing lam=0.10.
2026-03-19 01:49:12,855 - Server_DefaultID - INFO - Round [59/200] Summary | Avg Client Train Stats:	Loss [-342.2225]	 Acc [89.42]	NLL [-1161.6480]	 KL [13.9631]	AvgS [499.95]	 ProxLoss [0.0000]
GlobalPriorAlpha (first 10): [5.0, 5.0, 5.0, 5.0, 5.0, 5.0, 5.0, 5.0, 5.0, 5.0]
Round Time: 60.25s
2026-03-19 01:49:12,857 - Server_DefaultID - INFO - --- Global Round 60/200 ---
2026-03-19 01:49:12,857 - Server_DefaultID - INFO - Selected 30 active clients for round 60.
2026-03-19 01:49:12,858 - Server_DefaultID - INFO - Training client 74 (1/30)...
2026-03-19 01:49:14,055 - Server_DefaultID - INFO - Client 74: Acc=77.42, Loss=-342.6012, NLL=-1161.7421, KL=13.9635, AvgS=499.99, ProxLoss=0.0000
2026-03-19 01:49:14,055 - Server_DefaultID - INFO - Training client 73 (2/30)...
2026-03-19 01:49:17,432 - Server_DefaultID - INFO - Client 73: Acc=95.43, Loss=-341.7151, NLL=-1161.7209, KL=13.9634, AvgS=499.98, ProxLoss=0.0000
2026-03-19 01:49:17,432 - Server_DefaultID - INFO - Training client 66 (3/30)...
2026-03-19 01:49:19,301 - Server_DefaultID - INFO - Client 66: Acc=91.61, Loss=-342.0190, NLL=-1161.6264, KL=13.9631, AvgS=499.94, ProxLoss=0.0000
2026-03-19 01:49:19,301 - Server_DefaultID - INFO - Training client 86 (4/30)...
2026-03-19 01:49:22,358 - Server_DefaultID - INFO - Client 86: Acc=90.19, Loss=-342.4277, NLL=-1161.6386, KL=13.9631, AvgS=499.94, ProxLoss=0.0000
2026-03-19 01:49:22,358 - Server_DefaultID - INFO - Training client 39 (5/30)...
2026-03-19 01:49:26,165 - Server_DefaultID - INFO - Client 39: Acc=95.54, Loss=-342.6361, NLL=-1161.7571, KL=13.9636, AvgS=499.99, ProxLoss=0.0000
2026-03-19 01:49:26,165 - Server_DefaultID - INFO - Training client 58 (6/30)...
2026-03-19 01:49:28,003 - Server_DefaultID - INFO - Client 58: Acc=82.63, Loss=-341.1376, NLL=-1161.7672, KL=13.9636, AvgS=500.00, ProxLoss=0.0000
2026-03-19 01:49:28,003 - Server_DefaultID - INFO - Training client 12 (7/30)...
2026-03-19 01:49:29,431 - Server_DefaultID - INFO - Client 12: Acc=74.06, Loss=-344.1204, NLL=-1161.7519, KL=13.9636, AvgS=499.99, ProxLoss=0.0000
2026-03-19 01:49:29,431 - Server_DefaultID - INFO - Training client 10 (8/30)...
2026-03-19 01:49:30,663 - Server_DefaultID - INFO - Client 10: Acc=47.03, Loss=-343.7998, NLL=-1161.6221, KL=13.9630, AvgS=499.94, ProxLoss=0.0000
2026-03-19 01:49:30,663 - Server_DefaultID - INFO - Training client 37 (9/30)...
2026-03-19 01:49:31,896 - Server_DefaultID - INFO - Client 37: Acc=81.88, Loss=-343.5417, NLL=-1161.6810, KL=13.9633, AvgS=499.96, ProxLoss=0.0000
2026-03-19 01:49:31,896 - Server_DefaultID - INFO - Training client 3 (10/30)...
2026-03-19 01:49:33,506 - Server_DefaultID - INFO - Client 3: Acc=68.44, Loss=-344.2927, NLL=-1161.7375, KL=13.9635, AvgS=499.99, ProxLoss=0.0000
2026-03-19 01:49:33,506 - Server_DefaultID - INFO - Training client 52 (11/30)...
2026-03-19 01:49:34,416 - Server_DefaultID - INFO - Client 52: Acc=75.62, Loss=-342.1865, NLL=-1161.0396, KL=13.9605, AvgS=499.68, ProxLoss=0.0000
2026-03-19 01:49:34,416 - Server_DefaultID - INFO - Training client 67 (12/30)...
2026-03-19 01:49:36,035 - Server_DefaultID - INFO - Client 67: Acc=95.89, Loss=-343.5434, NLL=-1161.7536, KL=13.9636, AvgS=499.99, ProxLoss=0.0000
2026-03-19 01:49:36,035 - Server_DefaultID - INFO - Training client 29 (13/30)...
2026-03-19 01:49:37,179 - Server_DefaultID - INFO - Client 29: Acc=81.80, Loss=-342.0287, NLL=-1161.7020, KL=13.9634, AvgS=499.97, ProxLoss=0.0000
2026-03-19 01:49:37,179 - Server_DefaultID - INFO - Training client 76 (14/30)...
2026-03-19 01:49:39,245 - Server_DefaultID - INFO - Client 76: Acc=97.23, Loss=-344.3489, NLL=-1161.7637, KL=13.9636, AvgS=500.00, ProxLoss=0.0000
2026-03-19 01:49:39,245 - Server_DefaultID - INFO - Training client 61 (15/30)...
2026-03-19 01:49:40,673 - Server_DefaultID - INFO - Client 61: Acc=89.75, Loss=-344.5312, NLL=-1161.5014, KL=13.9626, AvgS=499.88, ProxLoss=0.0000
2026-03-19 01:49:40,673 - Server_DefaultID - INFO - Training client 92 (16/30)...
2026-03-19 01:49:41,779 - Server_DefaultID - INFO - Client 92: Acc=95.70, Loss=-342.1890, NLL=-1161.3963, KL=13.9621, AvgS=499.84, ProxLoss=0.0000
2026-03-19 01:49:41,780 - Server_DefaultID - INFO - Training client 42 (17/30)...
2026-03-19 01:49:43,349 - Server_DefaultID - INFO - Client 42: Acc=91.67, Loss=-342.3607, NLL=-1161.7607, KL=13.9636, AvgS=500.00, ProxLoss=0.0000
2026-03-19 01:49:43,349 - Server_DefaultID - INFO - Training client 84 (18/30)...
2026-03-19 01:49:43,751 - Server_DefaultID - INFO - Client 84: Acc=60.38, Loss=-324.2000, NLL=-1104.8733, KL=13.7225, AvgS=475.41, ProxLoss=0.0000
2026-03-19 01:49:43,751 - Server_DefaultID - INFO - Training client 8 (19/30)...
2026-03-19 01:49:44,391 - Server_DefaultID - INFO - Client 8: Acc=86.72, Loss=-342.4583, NLL=-1161.6699, KL=13.9632, AvgS=499.96, ProxLoss=0.0000
2026-03-19 01:49:44,391 - Server_DefaultID - INFO - Training client 24 (20/30)...
2026-03-19 01:49:44,811 - Server_DefaultID - INFO - Client 24: Acc=55.00, Loss=-298.3964, NLL=-1009.4233, KL=13.3057, AvgS=434.23, ProxLoss=0.0000
2026-03-19 01:49:44,811 - Server_DefaultID - INFO - Training client 49 (21/30)...
2026-03-19 01:49:46,670 - Server_DefaultID - INFO - Client 49: Acc=96.25, Loss=-342.3289, NLL=-1161.7546, KL=13.9636, AvgS=499.99, ProxLoss=0.0000
2026-03-19 01:49:46,670 - Server_DefaultID - INFO - Training client 28 (22/30)...
2026-03-19 01:49:47,107 - Server_DefaultID - INFO - Client 28: Acc=74.38, Loss=-329.4524, NLL=-1119.5075, KL=13.7826, AvgS=481.73, ProxLoss=0.0000
2026-03-19 01:49:47,107 - Server_DefaultID - INFO - Training client 38 (23/30)...
2026-03-19 01:49:47,737 - Server_DefaultID - INFO - Client 38: Acc=72.19, Loss=-344.5751, NLL=-1161.1316, KL=13.9610, AvgS=499.72, ProxLoss=0.0000
2026-03-19 01:49:47,737 - Server_DefaultID - INFO - Training client 82 (24/30)...
2026-03-19 01:49:49,097 - Server_DefaultID - INFO - Client 82: Acc=95.38, Loss=-342.2834, NLL=-1161.7699, KL=13.9636, AvgS=500.00, ProxLoss=0.0000
2026-03-19 01:49:49,097 - Server_DefaultID - INFO - Training client 22 (25/30)...
2026-03-19 01:49:49,772 - Server_DefaultID - INFO - Client 22: Acc=92.66, Loss=-342.6478, NLL=-1161.3046, KL=13.9618, AvgS=499.80, ProxLoss=0.0000
2026-03-19 01:49:49,772 - Server_DefaultID - INFO - Training client 57 (26/30)...
2026-03-19 01:49:54,104 - Server_DefaultID - INFO - Client 57: Acc=98.16, Loss=-342.0134, NLL=-1161.7611, KL=13.9636, AvgS=500.00, ProxLoss=0.0000
2026-03-19 01:49:54,104 - Server_DefaultID - INFO - Training client 34 (27/30)...
2026-03-19 01:49:54,968 - Server_DefaultID - INFO - Client 34: Acc=80.83, Loss=-343.1157, NLL=-1161.3021, KL=13.9615, AvgS=499.80, ProxLoss=0.0000
2026-03-19 01:49:54,968 - Server_DefaultID - INFO - Training client 94 (28/30)...
2026-03-19 01:49:57,713 - Server_DefaultID - INFO - Client 94: Acc=96.82, Loss=-342.4806, NLL=-1161.7339, KL=13.9635, AvgS=499.98, ProxLoss=0.0000
2026-03-19 01:49:57,713 - Server_DefaultID - INFO - Training client 95 (29/30)...
2026-03-19 01:49:59,980 - Server_DefaultID - INFO - Client 95: Acc=83.12, Loss=-341.3510, NLL=-1161.7331, KL=13.9635, AvgS=499.98, ProxLoss=0.0000
2026-03-19 01:49:59,980 - Server_DefaultID - INFO - Training client 77 (30/30)...
2026-03-19 01:50:03,669 - Server_DefaultID - INFO - Client 77: Acc=95.60, Loss=-342.1564, NLL=-1161.7327, KL=13.9635, AvgS=499.98, ProxLoss=0.0000
2026-03-19 01:50:03,955 - Server_DefaultID - WARNING - Global prior extremely imbalanced (max/min=1.0), applied adaptive smoothing lam=0.10.
2026-03-19 01:50:03,956 - Server_DefaultID - INFO - Round [60/200] Summary | Avg Client Train Stats:	Loss [-342.0623]	 Acc [88.85]	NLL [-1159.8884]	 KL [13.9556]	AvgS [499.19]	 ProxLoss [0.0000]
GlobalPriorAlpha (first 10): [5.0, 5.0, 5.0, 5.0, 5.0, 5.0, 5.0, 5.0, 5.0, 5.0]
Round Time: 51.10s
2026-03-19 01:50:03,956 - Server_DefaultID - INFO - --- Evaluating models at round 60 ---
2026-03-19 01:51:13,654 - Server_DefaultID - INFO - Global Model Evaluation (Round 60): 
  Avg Test Acc: 76.05%
  Avg Test Acc Softmax: 76.05%
  Avg Test Loss: -1127.3204
  Avg Test NLL: -1142.7697
  Avg Test KL (vs flat prior): 13.8695
  Avg Test S: 491.80
2026-03-19 01:52:22,293 - Server_DefaultID - INFO - Personalized Model Evaluation (Round 60): 
  Avg Test Acc: 77.55%
  Avg Test Acc Softmax: 77.55%
  Avg Test Loss: -1131.9798
  Avg Test NLL: -1147.4570
  Avg Test KL (vs flat prior): 13.8941
  Avg Test S: 493.82
2026-03-19 01:52:22,293 - Server_DefaultID - INFO - [Metric 1] Personalized Brier Score | Mean: 0.3264
2026-03-19 01:52:22,293 - Server_DefaultID - INFO - [Metric 1] Personalized ECE | Mean: 0.1036
2026-03-19 01:52:22,293 - Server_DefaultID - INFO - [OOD Eval] OOD AUC-ROC (Epistemic): 0.0307
2026-03-19 01:52:22,293 - Server_DefaultID - INFO - [Metric 4] OOD FPR@95%TPR: 0.9876
2026-03-19 01:52:24,994 - Server_DefaultID - INFO - --- Global Round 61/200 ---
2026-03-19 01:52:24,995 - Server_DefaultID - INFO - Selected 30 active clients for round 61.
2026-03-19 01:52:24,995 - Server_DefaultID - INFO - Training client 51 (1/30)...
2026-03-19 01:52:25,574 - Server_DefaultID - INFO - Client 51: Acc=57.97, Loss=-343.9012, NLL=-1160.9312, KL=13.9603, AvgS=499.64, ProxLoss=0.0000
2026-03-19 01:52:25,574 - Server_DefaultID - INFO - Training client 69 (2/30)...
2026-03-19 01:52:26,241 - Server_DefaultID - INFO - Client 69: Acc=57.81, Loss=-343.4135, NLL=-1161.5729, KL=13.9629, AvgS=499.92, ProxLoss=0.0000
2026-03-19 01:52:26,241 - Server_DefaultID - INFO - Training client 95 (3/30)...
2026-03-19 01:52:28,235 - Server_DefaultID - INFO - Client 95: Acc=86.53, Loss=-341.3574, NLL=-1161.7033, KL=13.9634, AvgS=499.97, ProxLoss=0.0000
2026-03-19 01:52:28,235 - Server_DefaultID - INFO - Training client 19 (4/30)...
2026-03-19 01:52:31,398 - Server_DefaultID - INFO - Client 19: Acc=95.42, Loss=-341.0542, NLL=-1161.7484, KL=13.9635, AvgS=499.99, ProxLoss=0.0000
2026-03-19 01:52:31,398 - Server_DefaultID - INFO - Training client 41 (5/30)...
2026-03-19 01:52:33,131 - Server_DefaultID - INFO - Client 41: Acc=98.09, Loss=-341.7688, NLL=-1161.7606, KL=13.9636, AvgS=500.00, ProxLoss=0.0000
2026-03-19 01:52:33,131 - Server_DefaultID - INFO - Training client 16 (6/30)...
2026-03-19 01:52:33,702 - Server_DefaultID - INFO - Client 16: Acc=55.16, Loss=-341.9227, NLL=-1161.6697, KL=13.9632, AvgS=499.96, ProxLoss=0.0000
2026-03-19 01:52:33,702 - Server_DefaultID - INFO - Training client 20 (7/30)...
2026-03-19 01:52:35,151 - Server_DefaultID - INFO - Client 20: Acc=85.62, Loss=-344.8272, NLL=-1161.7542, KL=13.9636, AvgS=499.99, ProxLoss=0.0000
2026-03-19 01:52:35,151 - Server_DefaultID - INFO - Training client 47 (8/30)...
2026-03-19 01:52:36,617 - Server_DefaultID - INFO - Client 47: Acc=97.19, Loss=-344.0942, NLL=-1161.7415, KL=13.9635, AvgS=499.99, ProxLoss=0.0000
2026-03-19 01:52:36,617 - Server_DefaultID - INFO - Training client 45 (9/30)...
2026-03-19 01:52:38,416 - Server_DefaultID - INFO - Client 45: Acc=74.06, Loss=-342.1785, NLL=-1161.7463, KL=13.9635, AvgS=499.99, ProxLoss=0.0000
2026-03-19 01:52:38,416 - Server_DefaultID - INFO - Training client 93 (10/30)...
2026-03-19 01:52:38,957 - Server_DefaultID - INFO - Client 93: Acc=52.81, Loss=-343.1499, NLL=-1161.5155, KL=13.9626, AvgS=499.89, ProxLoss=0.0000
2026-03-19 01:52:38,957 - Server_DefaultID - INFO - Training client 9 (11/30)...
2026-03-19 01:52:40,535 - Server_DefaultID - INFO - Client 9: Acc=97.50, Loss=-341.1991, NLL=-1161.7254, KL=13.9635, AvgS=499.98, ProxLoss=0.0000
2026-03-19 01:52:40,535 - Server_DefaultID - INFO - Training client 7 (12/30)...
2026-03-19 01:52:41,949 - Server_DefaultID - INFO - Client 7: Acc=47.24, Loss=-342.3753, NLL=-1161.7072, KL=13.9634, AvgS=499.97, ProxLoss=0.0000
2026-03-19 01:52:41,949 - Server_DefaultID - INFO - Training client 56 (13/30)...
2026-03-19 01:52:43,728 - Server_DefaultID - INFO - Client 56: Acc=87.42, Loss=-342.2199, NLL=-1161.6677, KL=13.9632, AvgS=499.96, ProxLoss=0.0000
2026-03-19 01:52:43,728 - Server_DefaultID - INFO - Training client 17 (14/30)...
2026-03-19 01:52:44,327 - Server_DefaultID - INFO - Client 17: Acc=82.34, Loss=-343.0845, NLL=-1161.1070, KL=13.9610, AvgS=499.71, ProxLoss=0.0000
2026-03-19 01:52:44,327 - Server_DefaultID - INFO - Training client 1 (15/30)...
2026-03-19 01:52:44,940 - Server_DefaultID - INFO - Client 1: Acc=43.75, Loss=-342.5485, NLL=-1161.3793, KL=13.9621, AvgS=499.83, ProxLoss=0.0000
2026-03-19 01:52:44,940 - Server_DefaultID - INFO - Training client 13 (16/30)...
2026-03-19 01:52:45,306 - Server_DefaultID - INFO - Client 13: Acc=51.25, Loss=-341.0771, NLL=-1160.4271, KL=13.9584, AvgS=499.42, ProxLoss=0.0000
2026-03-19 01:52:45,306 - Server_DefaultID - INFO - Training client 14 (17/30)...
2026-03-19 01:52:47,291 - Server_DefaultID - INFO - Client 14: Acc=86.56, Loss=-341.0029, NLL=-1161.7403, KL=13.9635, AvgS=499.99, ProxLoss=0.0000
2026-03-19 01:52:47,291 - Server_DefaultID - INFO - Training client 6 (18/30)...
2026-03-19 01:52:48,087 - Server_DefaultID - INFO - Client 6: Acc=57.60, Loss=-341.7283, NLL=-1161.1598, KL=13.9612, AvgS=499.74, ProxLoss=0.0000
2026-03-19 01:52:48,087 - Server_DefaultID - INFO - Training client 81 (19/30)...
2026-03-19 01:52:49,713 - Server_DefaultID - INFO - Client 81: Acc=94.82, Loss=-342.4332, NLL=-1161.7189, KL=13.9634, AvgS=499.98, ProxLoss=0.0000
2026-03-19 01:52:49,714 - Server_DefaultID - INFO - Training client 30 (20/30)...
2026-03-19 01:52:51,467 - Server_DefaultID - INFO - Client 30: Acc=98.01, Loss=-341.0965, NLL=-1161.6825, KL=13.9633, AvgS=499.96, ProxLoss=0.0000
2026-03-19 01:52:51,468 - Server_DefaultID - INFO - Training client 97 (21/30)...
2026-03-19 01:52:58,114 - Server_DefaultID - INFO - Client 97: Acc=99.56, Loss=-340.1430, NLL=-1161.7649, KL=13.9636, AvgS=500.00, ProxLoss=0.0000
2026-03-19 01:52:58,115 - Server_DefaultID - INFO - Training client 73 (22/30)...
2026-03-19 01:53:01,444 - Server_DefaultID - INFO - Client 73: Acc=96.90, Loss=-341.7793, NLL=-1161.7414, KL=13.9635, AvgS=499.99, ProxLoss=0.0000
2026-03-19 01:53:01,444 - Server_DefaultID - INFO - Training client 60 (23/30)...
2026-03-19 01:53:02,380 - Server_DefaultID - INFO - Client 60: Acc=87.50, Loss=-341.8865, NLL=-1161.6954, KL=13.9633, AvgS=499.97, ProxLoss=0.0000
2026-03-19 01:53:02,380 - Server_DefaultID - INFO - Training client 27 (24/30)...
2026-03-19 01:53:03,266 - Server_DefaultID - INFO - Client 27: Acc=85.52, Loss=-343.6189, NLL=-1161.6716, KL=13.9633, AvgS=499.96, ProxLoss=0.0000
2026-03-19 01:53:03,266 - Server_DefaultID - INFO - Training client 52 (25/30)...
2026-03-19 01:53:04,162 - Server_DefaultID - INFO - Client 52: Acc=78.54, Loss=-342.4775, NLL=-1161.4866, KL=13.9625, AvgS=499.88, ProxLoss=0.0000
2026-03-19 01:53:04,162 - Server_DefaultID - INFO - Training client 2 (26/30)...
2026-03-19 01:53:06,516 - Server_DefaultID - INFO - Client 2: Acc=79.86, Loss=-342.2981, NLL=-1161.7239, KL=13.9634, AvgS=499.98, ProxLoss=0.0000
2026-03-19 01:53:06,516 - Server_DefaultID - INFO - Training client 50 (27/30)...
2026-03-19 01:53:11,150 - Server_DefaultID - INFO - Client 50: Acc=97.45, Loss=-341.3502, NLL=-1161.7515, KL=13.9636, AvgS=499.99, ProxLoss=0.0000
2026-03-19 01:53:11,150 - Server_DefaultID - INFO - Training client 15 (28/30)...
2026-03-19 01:53:11,930 - Server_DefaultID - INFO - Client 15: Acc=44.06, Loss=-342.5118, NLL=-1161.5082, KL=13.9626, AvgS=499.89, ProxLoss=0.0000
2026-03-19 01:53:11,935 - Server_DefaultID - INFO - Training client 49 (29/30)...
2026-03-19 01:53:13,797 - Server_DefaultID - INFO - Client 49: Acc=97.05, Loss=-342.3235, NLL=-1161.7699, KL=13.9636, AvgS=500.00, ProxLoss=0.0000
2026-03-19 01:53:13,797 - Server_DefaultID - INFO - Training client 38 (30/30)...
2026-03-19 01:53:14,407 - Server_DefaultID - INFO - Client 38: Acc=71.56, Loss=-344.8036, NLL=-1161.6609, KL=13.9632, AvgS=499.95, ProxLoss=0.0000
2026-03-19 01:53:14,580 - Server_DefaultID - WARNING - Global prior extremely imbalanced (max/min=1.0), applied adaptive smoothing lam=0.10.
2026-03-19 01:53:14,581 - Server_DefaultID - INFO - Round [61/200] Summary | Avg Client Train Stats:	Loss [-341.8266]	 Acc [87.24]	NLL [-1161.6863]	 KL [13.9633]	AvgS [499.96]	 ProxLoss [0.0000]
GlobalPriorAlpha (first 10): [5.0, 5.0, 5.0, 5.0, 5.0, 5.0, 5.0, 5.0, 5.0, 5.0]
Round Time: 49.59s
2026-03-19 01:53:14,584 - Server_DefaultID - INFO - --- Global Round 62/200 ---
2026-03-19 01:53:14,584 - Server_DefaultID - INFO - Selected 30 active clients for round 62.
2026-03-19 01:53:14,585 - Server_DefaultID - INFO - Training client 88 (1/30)...
2026-03-19 01:53:16,157 - Server_DefaultID - INFO - Client 88: Acc=63.70, Loss=-343.2408, NLL=-1161.7047, KL=13.9634, AvgS=499.97, ProxLoss=0.0000
2026-03-19 01:53:16,157 - Server_DefaultID - INFO - Training client 99 (2/30)...
2026-03-19 01:53:16,684 - Server_DefaultID - INFO - Client 99: Acc=31.56, Loss=-310.5246, NLL=-1049.6903, KL=13.4670, AvgS=451.57, ProxLoss=0.0000
2026-03-19 01:53:16,685 - Server_DefaultID - INFO - Training client 54 (3/30)...
2026-03-19 01:53:17,312 - Server_DefaultID - INFO - Client 54: Acc=76.72, Loss=-341.3022, NLL=-1160.7505, KL=13.9596, AvgS=499.56, ProxLoss=0.0000
2026-03-19 01:53:17,312 - Server_DefaultID - INFO - Training client 29 (4/30)...
2026-03-19 01:53:18,430 - Server_DefaultID - INFO - Client 29: Acc=81.17, Loss=-341.9011, NLL=-1161.6569, KL=13.9632, AvgS=499.95, ProxLoss=0.0000
2026-03-19 01:53:18,430 - Server_DefaultID - INFO - Training client 27 (5/30)...
2026-03-19 01:53:19,272 - Server_DefaultID - INFO - Client 27: Acc=84.69, Loss=-343.5893, NLL=-1161.6642, KL=13.9632, AvgS=499.95, ProxLoss=0.0000
2026-03-19 01:53:19,273 - Server_DefaultID - INFO - Training client 80 (6/30)...
2026-03-19 01:53:19,652 - Server_DefaultID - INFO - Client 80: Acc=67.50, Loss=-341.6602, NLL=-1158.4335, KL=13.9505, AvgS=498.56, ProxLoss=0.0000
2026-03-19 01:53:19,652 - Server_DefaultID - INFO - Training client 50 (7/30)...
2026-03-19 01:53:24,120 - Server_DefaultID - INFO - Client 50: Acc=97.53, Loss=-341.1888, NLL=-1161.7517, KL=13.9636, AvgS=499.99, ProxLoss=0.0000
2026-03-19 01:53:24,120 - Server_DefaultID - INFO - Training client 41 (8/30)...
2026-03-19 01:53:26,326 - Server_DefaultID - INFO - Client 41: Acc=98.16, Loss=-341.8603, NLL=-1161.7640, KL=13.9636, AvgS=500.00, ProxLoss=0.0000
2026-03-19 01:53:26,326 - Server_DefaultID - INFO - Training client 98 (9/30)...
2026-03-19 01:53:27,202 - Server_DefaultID - INFO - Client 98: Acc=94.58, Loss=-340.9127, NLL=-1161.6158, KL=13.9630, AvgS=499.93, ProxLoss=0.0000
2026-03-19 01:53:27,202 - Server_DefaultID - INFO - Training client 11 (10/30)...
2026-03-19 01:53:28,697 - Server_DefaultID - INFO - Client 11: Acc=86.61, Loss=-342.7663, NLL=-1161.7248, KL=13.9635, AvgS=499.98, ProxLoss=0.0000
2026-03-19 01:53:28,697 - Server_DefaultID - INFO - Training client 36 (11/30)...
2026-03-19 01:53:35,643 - Server_DefaultID - INFO - Client 36: Acc=98.71, Loss=-341.1946, NLL=-1161.7358, KL=13.9635, AvgS=499.99, ProxLoss=0.0000
2026-03-19 01:53:35,643 - Server_DefaultID - INFO - Training client 5 (12/30)...
2026-03-19 01:53:36,077 - Server_DefaultID - INFO - Client 5: Acc=72.81, Loss=-342.3147, NLL=-1158.1419, KL=13.9490, AvgS=498.43, ProxLoss=0.0000
2026-03-19 01:53:36,077 - Server_DefaultID - INFO - Training client 73 (13/30)...
2026-03-19 01:53:39,284 - Server_DefaultID - INFO - Client 73: Acc=97.14, Loss=-341.6366, NLL=-1161.7177, KL=13.9634, AvgS=499.98, ProxLoss=0.0000
2026-03-19 01:53:39,284 - Server_DefaultID - INFO - Training client 78 (14/30)...
2026-03-19 01:53:45,882 - Server_DefaultID - INFO - Client 78: Acc=96.82, Loss=-342.3184, NLL=-1161.7587, KL=13.9636, AvgS=500.00, ProxLoss=0.0000
2026-03-19 01:53:45,882 - Server_DefaultID - INFO - Training client 62 (15/30)...
2026-03-19 01:53:46,479 - Server_DefaultID - INFO - Client 62: Acc=89.06, Loss=-342.8965, NLL=-1161.4935, KL=13.9626, AvgS=499.88, ProxLoss=0.0000
2026-03-19 01:53:46,479 - Server_DefaultID - INFO - Training client 83 (16/30)...
2026-03-19 01:53:48,677 - Server_DefaultID - INFO - Client 83: Acc=99.72, Loss=-339.9811, NLL=-1161.7126, KL=13.9634, AvgS=499.98, ProxLoss=0.0000
2026-03-19 01:53:48,677 - Server_DefaultID - INFO - Training client 22 (17/30)...
2026-03-19 01:53:49,193 - Server_DefaultID - INFO - Client 22: Acc=93.59, Loss=-342.3107, NLL=-1161.1620, KL=13.9612, AvgS=499.74, ProxLoss=0.0000
2026-03-19 01:53:49,193 - Server_DefaultID - INFO - Training client 91 (18/30)...
2026-03-19 01:53:49,961 - Server_DefaultID - INFO - Client 91: Acc=92.08, Loss=-341.0314, NLL=-1161.7699, KL=13.9636, AvgS=500.00, ProxLoss=0.0000
2026-03-19 01:53:49,961 - Server_DefaultID - INFO - Training client 37 (19/30)...
2026-03-19 01:53:50,945 - Server_DefaultID - INFO - Client 37: Acc=83.59, Loss=-343.5958, NLL=-1161.7399, KL=13.9635, AvgS=499.99, ProxLoss=0.0000
2026-03-19 01:53:50,946 - Server_DefaultID - INFO - Training client 39 (20/30)...
2026-03-19 01:53:54,221 - Server_DefaultID - INFO - Client 39: Acc=96.33, Loss=-342.5716, NLL=-1161.7432, KL=13.9635, AvgS=499.99, ProxLoss=0.0000
2026-03-19 01:53:54,221 - Server_DefaultID - INFO - Training client 81 (21/30)...
2026-03-19 01:53:55,868 - Server_DefaultID - INFO - Client 81: Acc=95.62, Loss=-342.4226, NLL=-1161.6738, KL=13.9633, AvgS=499.96, ProxLoss=0.0000
2026-03-19 01:53:55,868 - Server_DefaultID - INFO - Training client 43 (22/30)...
2026-03-19 01:53:58,192 - Server_DefaultID - INFO - Client 43: Acc=96.28, Loss=-342.2599, NLL=-1161.7682, KL=13.9636, AvgS=500.00, ProxLoss=0.0000
2026-03-19 01:53:58,192 - Server_DefaultID - INFO - Training client 52 (23/30)...
2026-03-19 01:53:58,984 - Server_DefaultID - INFO - Client 52: Acc=80.73, Loss=-342.4411, NLL=-1161.7488, KL=13.9635, AvgS=499.99, ProxLoss=0.0000
2026-03-19 01:53:58,984 - Server_DefaultID - INFO - Training client 2 (24/30)...
2026-03-19 01:54:01,054 - Server_DefaultID - INFO - Client 2: Acc=79.38, Loss=-342.3143, NLL=-1161.7576, KL=13.9636, AvgS=499.99, ProxLoss=0.0000
2026-03-19 01:54:01,054 - Server_DefaultID - INFO - Training client 72 (25/30)...
2026-03-19 01:54:02,026 - Server_DefaultID - INFO - Client 72: Acc=95.08, Loss=-341.5672, NLL=-1161.7681, KL=13.9636, AvgS=500.00, ProxLoss=0.0000
2026-03-19 01:54:02,026 - Server_DefaultID - INFO - Training client 26 (26/30)...
2026-03-19 01:54:06,561 - Server_DefaultID - INFO - Client 26: Acc=98.73, Loss=-341.4599, NLL=-1161.7294, KL=13.9635, AvgS=499.98, ProxLoss=0.0000
2026-03-19 01:54:06,561 - Server_DefaultID - INFO - Training client 75 (27/30)...
2026-03-19 01:54:08,446 - Server_DefaultID - INFO - Client 75: Acc=97.46, Loss=-341.3213, NLL=-1161.7626, KL=13.9636, AvgS=500.00, ProxLoss=0.0000
2026-03-19 01:54:08,446 - Server_DefaultID - INFO - Training client 31 (28/30)...
2026-03-19 01:54:10,377 - Server_DefaultID - INFO - Client 31: Acc=95.42, Loss=-342.3230, NLL=-1161.7208, KL=13.9634, AvgS=499.98, ProxLoss=0.0000
2026-03-19 01:54:10,378 - Server_DefaultID - INFO - Training client 95 (29/30)...
2026-03-19 01:54:12,490 - Server_DefaultID - INFO - Client 95: Acc=88.37, Loss=-341.3183, NLL=-1161.7121, KL=13.9634, AvgS=499.98, ProxLoss=0.0000
2026-03-19 01:54:12,490 - Server_DefaultID - INFO - Training client 1 (30/30)...
2026-03-19 01:54:13,056 - Server_DefaultID - INFO - Client 1: Acc=57.66, Loss=-342.6920, NLL=-1161.5398, KL=13.9627, AvgS=499.90, ProxLoss=0.0000
2026-03-19 01:54:13,200 - Server_DefaultID - WARNING - Global prior extremely imbalanced (max/min=1.0), applied adaptive smoothing lam=0.10.
2026-03-19 01:54:13,200 - Server_DefaultID - INFO - Round [62/200] Summary | Avg Client Train Stats:	Loss [-341.6689]	 Acc [92.69]	NLL [-1160.9720]	 KL [13.9601]	AvgS [499.66]	 ProxLoss [0.0000]
GlobalPriorAlpha (first 10): [5.0, 5.0, 5.0, 5.0, 5.0, 5.0, 5.0, 5.0, 5.0, 5.0]
Round Time: 58.62s
2026-03-19 01:54:13,202 - Server_DefaultID - INFO - --- Global Round 63/200 ---
2026-03-19 01:54:13,203 - Server_DefaultID - INFO - Selected 30 active clients for round 63.
2026-03-19 01:54:13,203 - Server_DefaultID - INFO - Training client 46 (1/30)...
2026-03-19 01:54:14,955 - Server_DefaultID - INFO - Client 46: Acc=88.52, Loss=-342.2689, NLL=-1161.7224, KL=13.9634, AvgS=499.98, ProxLoss=0.0000
2026-03-19 01:54:14,955 - Server_DefaultID - INFO - Training client 92 (2/30)...
2026-03-19 01:54:15,902 - Server_DefaultID - INFO - Client 92: Acc=95.23, Loss=-342.2530, NLL=-1161.7317, KL=13.9635, AvgS=499.98, ProxLoss=0.0000
2026-03-19 01:54:15,902 - Server_DefaultID - INFO - Training client 37 (3/30)...
2026-03-19 01:54:16,781 - Server_DefaultID - INFO - Client 37: Acc=84.61, Loss=-343.0522, NLL=-1161.1377, KL=13.9611, AvgS=499.73, ProxLoss=0.0000
2026-03-19 01:54:16,781 - Server_DefaultID - INFO - Training client 74 (4/30)...
2026-03-19 01:54:17,755 - Server_DefaultID - INFO - Client 74: Acc=78.91, Loss=-342.5533, NLL=-1161.7494, KL=13.9635, AvgS=499.99, ProxLoss=0.0000
2026-03-19 01:54:17,755 - Server_DefaultID - INFO - Training client 71 (5/30)...
2026-03-19 01:54:18,311 - Server_DefaultID - INFO - Client 71: Acc=75.16, Loss=-343.1359, NLL=-1161.3161, KL=13.9618, AvgS=499.80, ProxLoss=0.0000
2026-03-19 01:54:18,311 - Server_DefaultID - INFO - Training client 14 (6/30)...
2026-03-19 01:54:20,323 - Server_DefaultID - INFO - Client 14: Acc=91.22, Loss=-340.9494, NLL=-1161.7296, KL=13.9635, AvgS=499.98, ProxLoss=0.0000
2026-03-19 01:54:20,323 - Server_DefaultID - INFO - Training client 5 (7/30)...
2026-03-19 01:54:20,718 - Server_DefaultID - INFO - Client 5: Acc=70.31, Loss=-343.4729, NLL=-1161.2057, KL=13.9615, AvgS=499.76, ProxLoss=0.0000
2026-03-19 01:54:20,719 - Server_DefaultID - INFO - Training client 90 (8/30)...
2026-03-19 01:54:22,692 - Client_90 - WARNING - Client 90: Too few classes (1) or samples (592) for alpha report, returning uniform.
2026-03-19 01:54:22,693 - Server_DefaultID - INFO - Client 90: Acc=100.00, Loss=-339.7199, NLL=-1161.7520, KL=13.9636, AvgS=499.99, ProxLoss=0.0000
2026-03-19 01:54:22,693 - Server_DefaultID - INFO - Training client 29 (9/30)...
2026-03-19 01:54:23,751 - Server_DefaultID - INFO - Client 29: Acc=81.09, Loss=-341.9151, NLL=-1161.6417, KL=13.9631, AvgS=499.94, ProxLoss=0.0000
2026-03-19 01:54:23,751 - Server_DefaultID - INFO - Training client 59 (10/30)...
2026-03-19 01:54:25,553 - Server_DefaultID - INFO - Client 59: Acc=95.97, Loss=-342.5133, NLL=-1161.7597, KL=13.9636, AvgS=500.00, ProxLoss=0.0000
2026-03-19 01:54:25,553 - Server_DefaultID - INFO - Training client 39 (11/30)...
2026-03-19 01:54:28,550 - Server_DefaultID - INFO - Client 39: Acc=96.29, Loss=-342.5964, NLL=-1161.7508, KL=13.9636, AvgS=499.99, ProxLoss=0.0000
2026-03-19 01:54:28,550 - Server_DefaultID - INFO - Training client 88 (12/30)...
2026-03-19 01:54:29,939 - Server_DefaultID - INFO - Client 88: Acc=66.41, Loss=-342.9392, NLL=-1161.7674, KL=13.9636, AvgS=500.00, ProxLoss=0.0000
2026-03-19 01:54:29,939 - Server_DefaultID - INFO - Training client 40 (13/30)...
2026-03-19 01:54:31,255 - Server_DefaultID - INFO - Client 40: Acc=93.54, Loss=-344.0712, NLL=-1161.6721, KL=13.9633, AvgS=499.96, ProxLoss=0.0000
2026-03-19 01:54:31,256 - Server_DefaultID - INFO - Training client 77 (14/30)...
2026-03-19 01:54:34,405 - Server_DefaultID - INFO - Client 77: Acc=95.92, Loss=-342.0808, NLL=-1161.7507, KL=13.9635, AvgS=499.99, ProxLoss=0.0000
2026-03-19 01:54:34,405 - Server_DefaultID - INFO - Training client 15 (15/30)...
2026-03-19 01:54:35,023 - Server_DefaultID - INFO - Client 15: Acc=57.81, Loss=-342.0613, NLL=-1160.3077, KL=13.9577, AvgS=499.37, ProxLoss=0.0000
2026-03-19 01:54:35,024 - Server_DefaultID - INFO - Training client 72 (16/30)...
2026-03-19 01:54:36,069 - Server_DefaultID - INFO - Client 72: Acc=95.08, Loss=-341.6976, NLL=-1161.7411, KL=13.9635, AvgS=499.99, ProxLoss=0.0000
2026-03-19 01:54:36,069 - Server_DefaultID - INFO - Training client 10 (17/30)...
2026-03-19 01:54:38,553 - Server_DefaultID - INFO - Client 10: Acc=34.77, Loss=-343.4990, NLL=-1161.3775, KL=13.9620, AvgS=499.83, ProxLoss=0.0000
2026-03-19 01:54:38,553 - Server_DefaultID - INFO - Training client 53 (18/30)...
2026-03-19 01:54:40,767 - Server_DefaultID - INFO - Client 53: Acc=96.75, Loss=-341.6968, NLL=-1161.7655, KL=13.9636, AvgS=500.00, ProxLoss=0.0000
2026-03-19 01:54:40,767 - Server_DefaultID - INFO - Training client 31 (19/30)...
2026-03-19 01:54:42,766 - Server_DefaultID - INFO - Client 31: Acc=96.35, Loss=-342.3161, NLL=-1161.7354, KL=13.9635, AvgS=499.99, ProxLoss=0.0000
2026-03-19 01:54:42,766 - Server_DefaultID - INFO - Training client 21 (20/30)...
2026-03-19 01:54:44,485 - Server_DefaultID - INFO - Client 21: Acc=93.09, Loss=-344.1590, NLL=-1161.7260, KL=13.9635, AvgS=499.98, ProxLoss=0.0000
2026-03-19 01:54:44,485 - Server_DefaultID - INFO - Training client 19 (21/30)...
2026-03-19 01:54:47,298 - Server_DefaultID - INFO - Client 19: Acc=96.21, Loss=-341.0046, NLL=-1161.7425, KL=13.9635, AvgS=499.99, ProxLoss=0.0000
2026-03-19 01:54:47,298 - Server_DefaultID - INFO - Training client 80 (22/30)...
2026-03-19 01:54:47,717 - Server_DefaultID - INFO - Client 80: Acc=62.19, Loss=-342.5681, NLL=-1159.7492, KL=13.9558, AvgS=499.13, ProxLoss=0.0000
2026-03-19 01:54:47,717 - Server_DefaultID - INFO - Training client 20 (23/30)...
2026-03-19 01:54:48,992 - Server_DefaultID - INFO - Client 20: Acc=86.93, Loss=-344.7448, NLL=-1161.7512, KL=13.9636, AvgS=499.99, ProxLoss=0.0000
2026-03-19 01:54:48,992 - Server_DefaultID - INFO - Training client 75 (24/30)...
2026-03-19 01:54:50,775 - Server_DefaultID - INFO - Client 75: Acc=97.03, Loss=-341.2955, NLL=-1161.7550, KL=13.9636, AvgS=499.99, ProxLoss=0.0000
2026-03-19 01:54:50,775 - Server_DefaultID - INFO - Training client 36 (25/30)...
2026-03-19 01:54:55,550 - Server_DefaultID - INFO - Client 36: Acc=98.95, Loss=-341.1496, NLL=-1161.7235, KL=13.9634, AvgS=499.98, ProxLoss=0.0000
2026-03-19 01:54:55,550 - Server_DefaultID - INFO - Training client 91 (26/30)...
2026-03-19 01:54:56,341 - Server_DefaultID - INFO - Client 91: Acc=93.65, Loss=-340.6497, NLL=-1161.0740, KL=13.9609, AvgS=499.70, ProxLoss=0.0000
2026-03-19 01:54:56,341 - Server_DefaultID - INFO - Training client 55 (27/30)...
2026-03-19 01:55:02,392 - Server_DefaultID - INFO - Client 55: Acc=92.92, Loss=-342.9952, NLL=-1161.7478, KL=13.9635, AvgS=499.99, ProxLoss=0.0000
2026-03-19 01:55:02,392 - Server_DefaultID - INFO - Training client 64 (28/30)...
2026-03-19 01:55:02,788 - Server_DefaultID - INFO - Client 64: Acc=63.44, Loss=-339.9321, NLL=-1153.2042, KL=13.9292, AvgS=496.30, ProxLoss=0.0000
2026-03-19 01:55:02,788 - Server_DefaultID - INFO - Training client 66 (29/30)...
2026-03-19 01:55:04,391 - Server_DefaultID - INFO - Client 66: Acc=92.28, Loss=-341.9117, NLL=-1161.7137, KL=13.9634, AvgS=499.98, ProxLoss=0.0000
2026-03-19 01:55:04,391 - Server_DefaultID - INFO - Training client 42 (30/30)...
2026-03-19 01:55:05,724 - Server_DefaultID - INFO - Client 42: Acc=91.20, Loss=-342.2536, NLL=-1161.7520, KL=13.9636, AvgS=499.99, ProxLoss=0.0000
2026-03-19 01:55:05,860 - Server_DefaultID - WARNING - Global prior extremely imbalanced (max/min=1.0), applied adaptive smoothing lam=0.10.
2026-03-19 01:55:05,860 - Server_DefaultID - INFO - Round [63/200] Summary | Avg Client Train Stats:	Loss [-342.1795]	 Acc [91.05]	NLL [-1161.6193]	 KL [13.9630]	AvgS [499.94]	 ProxLoss [0.0000]
GlobalPriorAlpha (first 10): [5.0, 5.0, 5.0, 5.0, 5.0, 5.0, 5.0, 5.0, 5.0, 5.0]
Round Time: 52.66s
2026-03-19 01:55:05,863 - Server_DefaultID - INFO - --- Global Round 64/200 ---
2026-03-19 01:55:05,863 - Server_DefaultID - INFO - Selected 30 active clients for round 64.
2026-03-19 01:55:05,863 - Server_DefaultID - INFO - Training client 65 (1/30)...
2026-03-19 01:55:06,252 - Server_DefaultID - INFO - Client 65: Acc=65.62, Loss=-259.9601, NLL=-884.4019, KL=12.6305, AvgS=380.22, ProxLoss=0.0000
2026-03-19 01:55:06,252 - Server_DefaultID - INFO - Training client 60 (2/30)...
2026-03-19 01:55:06,980 - Server_DefaultID - INFO - Client 60: Acc=79.17, Loss=-341.3243, NLL=-1161.6827, KL=13.9633, AvgS=499.96, ProxLoss=0.0000
2026-03-19 01:55:06,980 - Server_DefaultID - INFO - Training client 14 (3/30)...
2026-03-19 01:55:09,066 - Server_DefaultID - INFO - Client 14: Acc=94.27, Loss=-340.9457, NLL=-1161.7624, KL=13.9636, AvgS=500.00, ProxLoss=0.0000
2026-03-19 01:55:09,066 - Server_DefaultID - INFO - Training client 30 (4/30)...
2026-03-19 01:55:12,085 - Server_DefaultID - INFO - Client 30: Acc=98.12, Loss=-340.9986, NLL=-1161.7447, KL=13.9635, AvgS=499.99, ProxLoss=0.0000
2026-03-19 01:55:12,085 - Server_DefaultID - INFO - Training client 32 (5/30)...
2026-03-19 01:55:13,464 - Server_DefaultID - INFO - Client 32: Acc=95.36, Loss=-342.9258, NLL=-1161.7155, KL=13.9634, AvgS=499.98, ProxLoss=0.0000
2026-03-19 01:55:13,464 - Server_DefaultID - INFO - Training client 9 (6/30)...
2026-03-19 01:55:14,973 - Server_DefaultID - INFO - Client 9: Acc=97.50, Loss=-340.7004, NLL=-1161.6307, KL=13.9631, AvgS=499.94, ProxLoss=0.0000
2026-03-19 01:55:14,973 - Server_DefaultID - INFO - Training client 56 (7/30)...
2026-03-19 01:55:16,761 - Server_DefaultID - INFO - Client 56: Acc=87.97, Loss=-342.1757, NLL=-1161.7481, KL=13.9635, AvgS=499.99, ProxLoss=0.0000
2026-03-19 01:55:16,761 - Server_DefaultID - INFO - Training client 10 (8/30)...
2026-03-19 01:55:17,739 - Server_DefaultID - INFO - Client 10: Acc=40.47, Loss=-343.6433, NLL=-1161.6651, KL=13.9632, AvgS=499.95, ProxLoss=0.0000
2026-03-19 01:55:17,739 - Server_DefaultID - INFO - Training client 68 (9/30)...
2026-03-19 01:55:19,738 - Server_DefaultID - INFO - Client 68: Acc=98.33, Loss=-341.0005, NLL=-1161.7428, KL=13.9635, AvgS=499.99, ProxLoss=0.0000
2026-03-19 01:55:19,738 - Server_DefaultID - INFO - Training client 95 (10/30)...
2026-03-19 01:55:21,671 - Server_DefaultID - INFO - Client 95: Acc=92.15, Loss=-341.3358, NLL=-1161.7386, KL=13.9635, AvgS=499.99, ProxLoss=0.0000
2026-03-19 01:55:21,672 - Server_DefaultID - INFO - Training client 45 (11/30)...
2026-03-19 01:55:23,382 - Server_DefaultID - INFO - Client 45: Acc=74.53, Loss=-342.0524, NLL=-1161.7413, KL=13.9635, AvgS=499.99, ProxLoss=0.0000
2026-03-19 01:55:23,382 - Server_DefaultID - INFO - Training client 67 (12/30)...
2026-03-19 01:55:24,772 - Server_DefaultID - INFO - Client 67: Acc=95.78, Loss=-343.3691, NLL=-1161.7500, KL=13.9635, AvgS=499.99, ProxLoss=0.0000
2026-03-19 01:55:24,772 - Server_DefaultID - INFO - Training client 21 (13/30)...
2026-03-19 01:55:26,598 - Server_DefaultID - INFO - Client 21: Acc=93.79, Loss=-344.1178, NLL=-1161.7210, KL=13.9634, AvgS=499.98, ProxLoss=0.0000
2026-03-19 01:55:26,598 - Server_DefaultID - INFO - Training client 39 (14/30)...
2026-03-19 01:55:29,771 - Server_DefaultID - INFO - Client 39: Acc=96.19, Loss=-342.4949, NLL=-1161.7406, KL=13.9635, AvgS=499.99, ProxLoss=0.0000
2026-03-19 01:55:29,771 - Server_DefaultID - INFO - Training client 16 (15/30)...
2026-03-19 01:55:30,379 - Server_DefaultID - INFO - Client 16: Acc=62.50, Loss=-341.6287, NLL=-1161.2615, KL=13.9616, AvgS=499.78, ProxLoss=0.0000
2026-03-19 01:55:30,379 - Server_DefaultID - INFO - Training client 92 (16/30)...
2026-03-19 01:55:31,232 - Server_DefaultID - INFO - Client 92: Acc=95.31, Loss=-342.3394, NLL=-1161.7079, KL=13.9634, AvgS=499.97, ProxLoss=0.0000
2026-03-19 01:55:31,232 - Server_DefaultID - INFO - Training client 73 (17/30)...
2026-03-19 01:55:34,060 - Server_DefaultID - INFO - Client 73: Acc=96.97, Loss=-341.6410, NLL=-1161.7666, KL=13.9636, AvgS=500.00, ProxLoss=0.0000
2026-03-19 01:55:34,060 - Server_DefaultID - INFO - Training client 33 (18/30)...
2026-03-19 01:55:35,611 - Server_DefaultID - INFO - Client 33: Acc=80.62, Loss=-343.9525, NLL=-1161.7241, KL=13.9635, AvgS=499.98, ProxLoss=0.0000
2026-03-19 01:55:35,611 - Server_DefaultID - INFO - Training client 38 (19/30)...
2026-03-19 01:55:36,161 - Server_DefaultID - INFO - Client 38: Acc=77.81, Loss=-344.7302, NLL=-1161.6420, KL=13.9631, AvgS=499.95, ProxLoss=0.0000
2026-03-19 01:55:36,161 - Server_DefaultID - INFO - Training client 36 (20/30)...
2026-03-19 01:55:40,892 - Server_DefaultID - INFO - Client 36: Acc=99.02, Loss=-341.1350, NLL=-1161.7472, KL=13.9635, AvgS=499.99, ProxLoss=0.0000
2026-03-19 01:55:40,893 - Server_DefaultID - INFO - Training client 63 (21/30)...
2026-03-19 01:55:42,055 - Server_DefaultID - INFO - Client 63: Acc=88.69, Loss=-342.6028, NLL=-1161.7383, KL=13.9635, AvgS=499.99, ProxLoss=0.0000
2026-03-19 01:55:42,055 - Server_DefaultID - INFO - Training client 97 (22/30)...
2026-03-19 01:55:48,686 - Server_DefaultID - INFO - Client 97: Acc=99.56, Loss=-340.0070, NLL=-1161.7645, KL=13.9636, AvgS=500.00, ProxLoss=0.0000
2026-03-19 01:55:48,687 - Server_DefaultID - INFO - Training client 8 (23/30)...
2026-03-19 01:55:49,258 - Server_DefaultID - INFO - Client 8: Acc=87.81, Loss=-341.7333, NLL=-1161.1398, KL=13.9611, AvgS=499.73, ProxLoss=0.0000
2026-03-19 01:55:49,258 - Server_DefaultID - INFO - Training client 83 (24/30)...
2026-03-19 01:55:51,507 - Server_DefaultID - INFO - Client 83: Acc=99.69, Loss=-339.9055, NLL=-1161.7511, KL=13.9636, AvgS=499.99, ProxLoss=0.0000
2026-03-19 01:55:51,508 - Server_DefaultID - INFO - Training client 6 (25/30)...
2026-03-19 01:55:52,380 - Server_DefaultID - INFO - Client 6: Acc=58.54, Loss=-341.9519, NLL=-1161.3992, KL=13.9622, AvgS=499.84, ProxLoss=0.0000
2026-03-19 01:55:52,380 - Server_DefaultID - INFO - Training client 72 (26/30)...
2026-03-19 01:55:53,354 - Server_DefaultID - INFO - Client 72: Acc=95.39, Loss=-341.5079, NLL=-1161.6553, KL=13.9632, AvgS=499.95, ProxLoss=0.0000
2026-03-19 01:55:53,354 - Server_DefaultID - INFO - Training client 57 (27/30)...
2026-03-19 01:55:56,765 - Server_DefaultID - INFO - Client 57: Acc=98.40, Loss=-341.8765, NLL=-1161.7246, KL=13.9634, AvgS=499.98, ProxLoss=0.0000
2026-03-19 01:55:56,765 - Server_DefaultID - INFO - Training client 48 (28/30)...
2026-03-19 01:56:00,323 - Server_DefaultID - INFO - Client 48: Acc=93.18, Loss=-342.4976, NLL=-1161.7419, KL=13.9635, AvgS=499.99, ProxLoss=0.0000
2026-03-19 01:56:00,323 - Server_DefaultID - INFO - Training client 79 (29/30)...
2026-03-19 01:56:01,648 - Server_DefaultID - INFO - Client 79: Acc=93.81, Loss=-340.8127, NLL=-1161.5976, KL=13.9630, AvgS=499.93, ProxLoss=0.0000
2026-03-19 01:56:01,648 - Server_DefaultID - INFO - Training client 19 (30/30)...
2026-03-19 01:56:05,027 - Server_DefaultID - INFO - Client 19: Acc=96.27, Loss=-340.9103, NLL=-1161.7562, KL=13.9636, AvgS=499.99, ProxLoss=0.0000
2026-03-19 01:56:05,282 - Server_DefaultID - WARNING - Global prior extremely imbalanced (max/min=1.0), applied adaptive smoothing lam=0.10.
2026-03-19 01:56:05,282 - Server_DefaultID - INFO - Round [64/200] Summary | Avg Client Train Stats:	Loss [-341.3472]	 Acc [92.71]	NLL [-1160.6222]	 KL [13.9582]	AvgS [499.50]	 ProxLoss [0.0000]
GlobalPriorAlpha (first 10): [5.0, 5.0, 5.0, 5.0, 5.0, 5.0, 5.0, 5.0, 5.0, 5.0]
Round Time: 59.42s
2026-03-19 01:56:05,286 - Server_DefaultID - INFO - --- Global Round 65/200 ---
2026-03-19 01:56:05,287 - Server_DefaultID - INFO - Selected 30 active clients for round 65.
2026-03-19 01:56:05,287 - Server_DefaultID - INFO - Training client 94 (1/30)...
2026-03-19 01:56:08,086 - Server_DefaultID - INFO - Client 94: Acc=97.59, Loss=-342.2383, NLL=-1161.7508, KL=13.9636, AvgS=499.99, ProxLoss=0.0000
2026-03-19 01:56:08,086 - Server_DefaultID - INFO - Training client 67 (2/30)...
2026-03-19 01:56:09,627 - Server_DefaultID - INFO - Client 67: Acc=97.08, Loss=-343.3615, NLL=-1161.7444, KL=13.9635, AvgS=499.99, ProxLoss=0.0000
2026-03-19 01:56:09,627 - Server_DefaultID - INFO - Training client 72 (3/30)...
2026-03-19 01:56:10,738 - Server_DefaultID - INFO - Client 72: Acc=95.23, Loss=-341.5556, NLL=-1161.5900, KL=13.9629, AvgS=499.92, ProxLoss=0.0000
2026-03-19 01:56:10,738 - Server_DefaultID - INFO - Training client 98 (4/30)...
2026-03-19 01:56:11,726 - Server_DefaultID - INFO - Client 98: Acc=95.83, Loss=-340.7316, NLL=-1161.3797, KL=13.9621, AvgS=499.83, ProxLoss=0.0000
2026-03-19 01:56:11,726 - Server_DefaultID - INFO - Training client 71 (5/30)...
2026-03-19 01:56:12,437 - Server_DefaultID - INFO - Client 71: Acc=81.72, Loss=-343.3538, NLL=-1161.7131, KL=13.9634, AvgS=499.98, ProxLoss=0.0000
2026-03-19 01:56:12,438 - Server_DefaultID - INFO - Training client 5 (6/30)...
2026-03-19 01:56:13,003 - Server_DefaultID - INFO - Client 5: Acc=71.56, Loss=-343.2834, NLL=-1161.7137, KL=13.9634, AvgS=499.98, ProxLoss=0.0000
2026-03-19 01:56:13,004 - Server_DefaultID - INFO - Training client 79 (7/30)...
2026-03-19 01:56:14,354 - Server_DefaultID - INFO - Client 79: Acc=93.75, Loss=-340.8628, NLL=-1161.7327, KL=13.9635, AvgS=499.98, ProxLoss=0.0000
2026-03-19 01:56:14,354 - Server_DefaultID - INFO - Training client 35 (8/30)...
2026-03-19 01:56:15,201 - Server_DefaultID - INFO - Client 35: Acc=81.98, Loss=-343.5055, NLL=-1161.5627, KL=13.9628, AvgS=499.91, ProxLoss=0.0000
2026-03-19 01:56:15,201 - Server_DefaultID - INFO - Training client 3 (9/30)...
2026-03-19 01:56:16,789 - Server_DefaultID - INFO - Client 3: Acc=59.90, Loss=-343.8284, NLL=-1161.5638, KL=13.9628, AvgS=499.91, ProxLoss=0.0000
2026-03-19 01:56:16,789 - Server_DefaultID - INFO - Training client 96 (10/30)...
2026-03-19 01:56:20,303 - Server_DefaultID - INFO - Client 96: Acc=95.31, Loss=-342.3123, NLL=-1161.7167, KL=13.9634, AvgS=499.98, ProxLoss=0.0000
2026-03-19 01:56:20,303 - Server_DefaultID - INFO - Training client 44 (11/30)...
2026-03-19 01:56:22,496 - Server_DefaultID - INFO - Client 44: Acc=97.67, Loss=-342.0019, NLL=-1161.6620, KL=13.9632, AvgS=499.95, ProxLoss=0.0000
2026-03-19 01:56:22,496 - Server_DefaultID - INFO - Training client 82 (12/30)...
2026-03-19 01:56:23,776 - Server_DefaultID - INFO - Client 82: Acc=96.94, Loss=-342.1270, NLL=-1161.7497, KL=13.9635, AvgS=499.99, ProxLoss=0.0000
2026-03-19 01:56:23,777 - Server_DefaultID - INFO - Training client 37 (13/30)...
2026-03-19 01:56:24,838 - Server_DefaultID - INFO - Client 37: Acc=86.48, Loss=-343.1733, NLL=-1161.3995, KL=13.9620, AvgS=499.84, ProxLoss=0.0000
2026-03-19 01:56:24,838 - Server_DefaultID - INFO - Training client 34 (14/30)...
2026-03-19 01:56:25,673 - Server_DefaultID - INFO - Client 34: Acc=79.38, Loss=-342.8350, NLL=-1161.6468, KL=13.9631, AvgS=499.95, ProxLoss=0.0000
2026-03-19 01:56:25,673 - Server_DefaultID - INFO - Training client 65 (15/30)...
2026-03-19 01:56:26,068 - Server_DefaultID - INFO - Client 65: Acc=60.62, Loss=-282.0052, NLL=-958.6836, KL=13.0493, AvgS=412.28, ProxLoss=0.0000
2026-03-19 01:56:26,068 - Server_DefaultID - INFO - Training client 27 (16/30)...
2026-03-19 01:56:26,820 - Server_DefaultID - INFO - Client 27: Acc=87.19, Loss=-343.4089, NLL=-1161.6029, KL=13.9630, AvgS=499.93, ProxLoss=0.0000
2026-03-19 01:56:26,820 - Server_DefaultID - INFO - Training client 81 (17/30)...
2026-03-19 01:56:28,465 - Server_DefaultID - INFO - Client 81: Acc=95.36, Loss=-342.3124, NLL=-1161.5811, KL=13.9629, AvgS=499.92, ProxLoss=0.0000
2026-03-19 01:56:28,466 - Server_DefaultID - INFO - Training client 92 (18/30)...
2026-03-19 01:56:29,570 - Server_DefaultID - INFO - Client 92: Acc=95.55, Loss=-342.2170, NLL=-1161.7297, KL=13.9635, AvgS=499.98, ProxLoss=0.0000
2026-03-19 01:56:29,570 - Server_DefaultID - INFO - Training client 17 (19/30)...
2026-03-19 01:56:30,189 - Server_DefaultID - INFO - Client 17: Acc=82.50, Loss=-343.1130, NLL=-1161.6875, KL=13.9633, AvgS=499.96, ProxLoss=0.0000
2026-03-19 01:56:30,190 - Server_DefaultID - INFO - Training client 30 (20/30)...
2026-03-19 01:56:32,144 - Server_DefaultID - INFO - Client 30: Acc=98.52, Loss=-340.9334, NLL=-1161.6814, KL=13.9633, AvgS=499.96, ProxLoss=0.0000
2026-03-19 01:56:32,144 - Server_DefaultID - INFO - Training client 87 (21/30)...
2026-03-19 01:56:33,863 - Server_DefaultID - INFO - Client 87: Acc=95.62, Loss=-344.4201, NLL=-1161.7125, KL=13.9634, AvgS=499.98, ProxLoss=0.0000
2026-03-19 01:56:33,863 - Server_DefaultID - INFO - Training client 45 (22/30)...
2026-03-19 01:56:35,831 - Server_DefaultID - INFO - Client 45: Acc=76.21, Loss=-341.9962, NLL=-1161.7371, KL=13.9635, AvgS=499.99, ProxLoss=0.0000
2026-03-19 01:56:35,831 - Server_DefaultID - INFO - Training client 70 (23/30)...
2026-03-19 01:56:37,177 - Server_DefaultID - INFO - Client 70: Acc=86.44, Loss=-341.1622, NLL=-1161.7699, KL=13.9636, AvgS=500.00, ProxLoss=0.0000
2026-03-19 01:56:37,177 - Server_DefaultID - INFO - Training client 75 (24/30)...
2026-03-19 01:56:39,201 - Server_DefaultID - INFO - Client 75: Acc=97.11, Loss=-341.2498, NLL=-1161.7578, KL=13.9636, AvgS=499.99, ProxLoss=0.0000
2026-03-19 01:56:39,201 - Server_DefaultID - INFO - Training client 63 (25/30)...
2026-03-19 01:56:40,557 - Server_DefaultID - INFO - Client 63: Acc=92.25, Loss=-342.5986, NLL=-1161.7351, KL=13.9635, AvgS=499.99, ProxLoss=0.0000
2026-03-19 01:56:40,557 - Server_DefaultID - INFO - Training client 2 (26/30)...
2026-03-19 01:56:42,752 - Server_DefaultID - INFO - Client 2: Acc=80.28, Loss=-342.2153, NLL=-1161.7671, KL=13.9636, AvgS=500.00, ProxLoss=0.0000
2026-03-19 01:56:42,752 - Server_DefaultID - INFO - Training client 93 (27/30)...
2026-03-19 01:56:43,437 - Server_DefaultID - INFO - Client 93: Acc=56.72, Loss=-342.7080, NLL=-1161.2920, KL=13.9618, AvgS=499.79, ProxLoss=0.0000
2026-03-19 01:56:43,437 - Server_DefaultID - INFO - Training client 26 (28/30)...
2026-03-19 01:56:47,424 - Server_DefaultID - INFO - Client 26: Acc=98.49, Loss=-341.3503, NLL=-1161.7671, KL=13.9636, AvgS=500.00, ProxLoss=0.0000
2026-03-19 01:56:47,425 - Server_DefaultID - INFO - Training client 52 (29/30)...
2026-03-19 01:56:48,410 - Server_DefaultID - INFO - Client 52: Acc=81.88, Loss=-342.1825, NLL=-1161.5847, KL=13.9629, AvgS=499.92, ProxLoss=0.0000
2026-03-19 01:56:48,410 - Server_DefaultID - INFO - Training client 7 (30/30)...
2026-03-19 01:56:50,055 - Server_DefaultID - INFO - Client 7: Acc=50.89, Loss=-342.3276, NLL=-1161.7118, KL=13.9634, AvgS=499.97, ProxLoss=0.0000
2026-03-19 01:56:50,368 - Server_DefaultID - WARNING - Global prior extremely imbalanced (max/min=1.0), applied adaptive smoothing lam=0.10.
2026-03-19 01:56:50,368 - Server_DefaultID - INFO - Round [65/200] Summary | Avg Client Train Stats:	Loss [-341.8572]	 Acc [88.83]	NLL [-1160.4805]	 KL [13.9579]	AvgS [499.44]	 ProxLoss [0.0000]
GlobalPriorAlpha (first 10): [5.0, 5.0, 5.0, 5.0, 5.0, 5.0, 5.0, 5.0, 5.0, 5.0]
Round Time: 45.08s
2026-03-19 01:56:50,372 - Server_DefaultID - INFO - --- Global Round 66/200 ---
2026-03-19 01:56:50,373 - Server_DefaultID - INFO - Selected 30 active clients for round 66.
2026-03-19 01:56:50,373 - Server_DefaultID - INFO - Training client 21 (1/30)...
2026-03-19 01:56:53,745 - Server_DefaultID - INFO - Client 21: Acc=95.31, Loss=-344.0722, NLL=-1161.7119, KL=13.9634, AvgS=499.98, ProxLoss=0.0000
2026-03-19 01:56:53,745 - Server_DefaultID - INFO - Training client 31 (2/30)...
2026-03-19 01:56:56,041 - Server_DefaultID - INFO - Client 31: Acc=96.77, Loss=-342.2050, NLL=-1161.7601, KL=13.9636, AvgS=500.00, ProxLoss=0.0000
2026-03-19 01:56:56,041 - Server_DefaultID - INFO - Training client 25 (3/30)...
2026-03-19 01:56:56,722 - Server_DefaultID - INFO - Client 25: Acc=96.56, Loss=-341.4524, NLL=-1161.4710, KL=13.9624, AvgS=499.87, ProxLoss=0.0000
2026-03-19 01:56:56,722 - Server_DefaultID - INFO - Training client 46 (4/30)...
2026-03-19 01:56:58,582 - Server_DefaultID - INFO - Client 46: Acc=90.16, Loss=-342.2046, NLL=-1161.7004, KL=13.9634, AvgS=499.97, ProxLoss=0.0000
2026-03-19 01:56:58,583 - Server_DefaultID - INFO - Training client 8 (5/30)...
2026-03-19 01:56:59,220 - Server_DefaultID - INFO - Client 8: Acc=87.50, Loss=-342.0616, NLL=-1161.6543, KL=13.9632, AvgS=499.95, ProxLoss=0.0000
2026-03-19 01:56:59,220 - Server_DefaultID - INFO - Training client 76 (6/30)...
2026-03-19 01:57:01,234 - Server_DefaultID - INFO - Client 76: Acc=97.58, Loss=-344.2289, NLL=-1161.7599, KL=13.9636, AvgS=500.00, ProxLoss=0.0000
2026-03-19 01:57:01,234 - Server_DefaultID - INFO - Training client 95 (7/30)...
2026-03-19 01:57:03,529 - Server_DefaultID - INFO - Client 95: Acc=93.09, Loss=-341.3013, NLL=-1161.7681, KL=13.9636, AvgS=500.00, ProxLoss=0.0000
2026-03-19 01:57:03,529 - Server_DefaultID - INFO - Training client 11 (8/30)...
2026-03-19 01:57:05,210 - Server_DefaultID - INFO - Client 11: Acc=91.25, Loss=-342.4421, NLL=-1161.7630, KL=13.9636, AvgS=500.00, ProxLoss=0.0000
2026-03-19 01:57:05,210 - Server_DefaultID - INFO - Training client 70 (9/30)...
2026-03-19 01:57:06,674 - Server_DefaultID - INFO - Client 70: Acc=86.69, Loss=-341.2310, NLL=-1161.7185, KL=13.9634, AvgS=499.98, ProxLoss=0.0000
2026-03-19 01:57:06,674 - Server_DefaultID - INFO - Training client 52 (10/30)...
2026-03-19 01:57:07,563 - Server_DefaultID - INFO - Client 52: Acc=83.23, Loss=-342.2296, NLL=-1161.6983, KL=13.9633, AvgS=499.97, ProxLoss=0.0000
2026-03-19 01:57:07,564 - Server_DefaultID - INFO - Training client 45 (11/30)...
2026-03-19 01:57:09,610 - Server_DefaultID - INFO - Client 45: Acc=78.71, Loss=-342.0057, NLL=-1161.7427, KL=13.9635, AvgS=499.99, ProxLoss=0.0000
2026-03-19 01:57:09,610 - Server_DefaultID - INFO - Training client 58 (12/30)...
2026-03-19 01:57:11,329 - Server_DefaultID - INFO - Client 58: Acc=83.21, Loss=-340.9135, NLL=-1161.7672, KL=13.9636, AvgS=500.00, ProxLoss=0.0000
2026-03-19 01:57:11,329 - Server_DefaultID - INFO - Training client 20 (13/30)...
2026-03-19 01:57:12,837 - Server_DefaultID - INFO - Client 20: Acc=88.75, Loss=-344.6391, NLL=-1161.7416, KL=13.9635, AvgS=499.99, ProxLoss=0.0000
2026-03-19 01:57:12,837 - Server_DefaultID - INFO - Training client 77 (14/30)...
2026-03-19 01:57:16,583 - Server_DefaultID - INFO - Client 77: Acc=96.27, Loss=-341.9241, NLL=-1161.7473, KL=13.9635, AvgS=499.99, ProxLoss=0.0000
2026-03-19 01:57:16,583 - Server_DefaultID - INFO - Training client 93 (15/30)...
2026-03-19 01:57:17,203 - Server_DefaultID - INFO - Client 93: Acc=52.66, Loss=-342.8611, NLL=-1161.7504, KL=13.9635, AvgS=499.99, ProxLoss=0.0000
2026-03-19 01:57:17,204 - Server_DefaultID - INFO - Training client 7 (16/30)...
2026-03-19 01:57:18,740 - Server_DefaultID - INFO - Client 7: Acc=52.60, Loss=-342.3215, NLL=-1161.7660, KL=13.9636, AvgS=500.00, ProxLoss=0.0000
2026-03-19 01:57:18,740 - Server_DefaultID - INFO - Training client 17 (17/30)...
2026-03-19 01:57:19,522 - Server_DefaultID - INFO - Client 17: Acc=82.34, Loss=-343.0893, NLL=-1161.2522, KL=13.9615, AvgS=499.78, ProxLoss=0.0000
2026-03-19 01:57:19,522 - Server_DefaultID - INFO - Training client 80 (18/30)...
2026-03-19 01:57:19,907 - Server_DefaultID - INFO - Client 80: Acc=64.69, Loss=-342.8334, NLL=-1161.2170, KL=13.9615, AvgS=499.76, ProxLoss=0.0000
2026-03-19 01:57:19,908 - Server_DefaultID - INFO - Training client 43 (19/30)...
2026-03-19 01:57:22,857 - Server_DefaultID - INFO - Client 43: Acc=96.73, Loss=-342.0915, NLL=-1161.7686, KL=13.9636, AvgS=500.00, ProxLoss=0.0000
2026-03-19 01:57:22,857 - Server_DefaultID - INFO - Training client 51 (20/30)...
2026-03-19 01:57:23,587 - Server_DefaultID - INFO - Client 51: Acc=61.72, Loss=-343.9966, NLL=-1161.5098, KL=13.9626, AvgS=499.89, ProxLoss=0.0000
2026-03-19 01:57:23,587 - Server_DefaultID - INFO - Training client 3 (21/30)...
2026-03-19 01:57:26,394 - Server_DefaultID - INFO - Client 3: Acc=65.68, Loss=-343.8693, NLL=-1161.7379, KL=13.9635, AvgS=499.99, ProxLoss=0.0000
2026-03-19 01:57:26,394 - Server_DefaultID - INFO - Training client 55 (22/30)...
2026-03-19 01:57:33,558 - Server_DefaultID - INFO - Client 55: Acc=93.80, Loss=-342.9112, NLL=-1161.7536, KL=13.9636, AvgS=499.99, ProxLoss=0.0000
2026-03-19 01:57:33,559 - Server_DefaultID - INFO - Training client 89 (23/30)...
2026-03-19 01:57:37,057 - Server_DefaultID - INFO - Client 89: Acc=99.17, Loss=-340.6038, NLL=-1161.7694, KL=13.9636, AvgS=500.00, ProxLoss=0.0000
2026-03-19 01:57:37,057 - Server_DefaultID - INFO - Training client 15 (24/30)...
2026-03-19 01:57:37,850 - Server_DefaultID - INFO - Client 15: Acc=64.53, Loss=-342.3787, NLL=-1161.7209, KL=13.9634, AvgS=499.98, ProxLoss=0.0000
2026-03-19 01:57:37,850 - Server_DefaultID - INFO - Training client 48 (25/30)...
2026-03-19 01:57:42,022 - Server_DefaultID - INFO - Client 48: Acc=94.50, Loss=-342.4284, NLL=-1161.7387, KL=13.9635, AvgS=499.99, ProxLoss=0.0000
2026-03-19 01:57:42,023 - Server_DefaultID - INFO - Training client 29 (26/30)...
2026-03-19 01:57:43,160 - Server_DefaultID - INFO - Client 29: Acc=81.17, Loss=-341.8446, NLL=-1161.7547, KL=13.9636, AvgS=499.99, ProxLoss=0.0000
2026-03-19 01:57:43,160 - Server_DefaultID - INFO - Training client 63 (27/30)...
2026-03-19 01:57:44,551 - Server_DefaultID - INFO - Client 63: Acc=93.31, Loss=-342.5635, NLL=-1161.7508, KL=13.9636, AvgS=499.99, ProxLoss=0.0000
2026-03-19 01:57:44,551 - Server_DefaultID - INFO - Training client 42 (28/30)...
2026-03-19 01:57:46,339 - Server_DefaultID - INFO - Client 42: Acc=92.19, Loss=-342.1523, NLL=-1161.6839, KL=13.9633, AvgS=499.96, ProxLoss=0.0000
2026-03-19 01:57:46,339 - Server_DefaultID - INFO - Training client 19 (29/30)...
2026-03-19 01:57:49,786 - Server_DefaultID - INFO - Client 19: Acc=97.03, Loss=-340.8594, NLL=-1161.7645, KL=13.9636, AvgS=500.00, ProxLoss=0.0000
2026-03-19 01:57:49,786 - Server_DefaultID - INFO - Training client 27 (30/30)...
2026-03-19 01:57:50,615 - Server_DefaultID - INFO - Client 27: Acc=88.12, Loss=-343.5027, NLL=-1161.7007, KL=13.9634, AvgS=499.97, ProxLoss=0.0000
2026-03-19 01:57:50,931 - Server_DefaultID - WARNING - Global prior extremely imbalanced (max/min=1.0), applied adaptive smoothing lam=0.10.
2026-03-19 01:57:50,932 - Server_DefaultID - INFO - Round [66/200] Summary | Avg Client Train Stats:	Loss [-342.3063]	 Acc [89.85]	NLL [-1161.7327]	 KL [13.9635]	AvgS [499.98]	 ProxLoss [0.0000]
GlobalPriorAlpha (first 10): [5.0, 5.0, 5.0, 5.0, 5.0, 5.0, 5.0, 5.0, 5.0, 5.0]
Round Time: 60.56s
2026-03-19 01:57:50,934 - Server_DefaultID - INFO - --- Global Round 67/200 ---
2026-03-19 01:57:50,935 - Server_DefaultID - INFO - Selected 30 active clients for round 67.
2026-03-19 01:57:50,935 - Server_DefaultID - INFO - Training client 42 (1/30)...
2026-03-19 01:57:52,543 - Server_DefaultID - INFO - Client 42: Acc=92.92, Loss=-342.1758, NLL=-1161.7441, KL=13.9635, AvgS=499.99, ProxLoss=0.0000
2026-03-19 01:57:52,543 - Server_DefaultID - INFO - Training client 14 (2/30)...
2026-03-19 01:57:54,744 - Server_DefaultID - INFO - Client 14: Acc=95.42, Loss=-340.8504, NLL=-1161.7699, KL=13.9636, AvgS=500.00, ProxLoss=0.0000
2026-03-19 01:57:54,744 - Server_DefaultID - INFO - Training client 98 (3/30)...
2026-03-19 01:57:55,698 - Server_DefaultID - INFO - Client 98: Acc=96.25, Loss=-340.8481, NLL=-1161.7684, KL=13.9636, AvgS=500.00, ProxLoss=0.0000
2026-03-19 01:57:55,698 - Server_DefaultID - INFO - Training client 68 (4/30)...
2026-03-19 01:57:59,307 - Server_DefaultID - INFO - Client 68: Acc=98.65, Loss=-340.8788, NLL=-1161.7358, KL=13.9635, AvgS=499.99, ProxLoss=0.0000
2026-03-19 01:57:59,307 - Server_DefaultID - INFO - Training client 31 (5/30)...
2026-03-19 01:58:01,592 - Server_DefaultID - INFO - Client 31: Acc=97.08, Loss=-342.1645, NLL=-1161.7501, KL=13.9635, AvgS=499.99, ProxLoss=0.0000
2026-03-19 01:58:01,592 - Server_DefaultID - INFO - Training client 21 (6/30)...
2026-03-19 01:58:03,699 - Server_DefaultID - INFO - Client 21: Acc=94.96, Loss=-344.0237, NLL=-1161.7387, KL=13.9635, AvgS=499.99, ProxLoss=0.0000
2026-03-19 01:58:03,699 - Server_DefaultID - INFO - Training client 46 (7/30)...
2026-03-19 01:58:05,739 - Server_DefaultID - INFO - Client 46: Acc=89.92, Loss=-342.0619, NLL=-1161.6714, KL=13.9632, AvgS=499.96, ProxLoss=0.0000
2026-03-19 01:58:05,739 - Server_DefaultID - INFO - Training client 4 (8/30)...
2026-03-19 01:58:07,318 - Server_DefaultID - INFO - Client 4: Acc=66.20, Loss=-343.5655, NLL=-1161.6555, KL=13.9632, AvgS=499.95, ProxLoss=0.0000
2026-03-19 01:58:07,318 - Server_DefaultID - INFO - Training client 7 (9/30)...
2026-03-19 01:58:08,870 - Server_DefaultID - INFO - Client 7: Acc=65.89, Loss=-342.1447, NLL=-1161.7235, KL=13.9634, AvgS=499.98, ProxLoss=0.0000
2026-03-19 01:58:08,870 - Server_DefaultID - INFO - Training client 6 (10/30)...
2026-03-19 01:58:09,744 - Server_DefaultID - INFO - Client 6: Acc=80.62, Loss=-341.8674, NLL=-1161.5750, KL=13.9629, AvgS=499.92, ProxLoss=0.0000
2026-03-19 01:58:09,744 - Server_DefaultID - INFO - Training client 76 (11/30)...
2026-03-19 01:58:11,721 - Server_DefaultID - INFO - Client 76: Acc=97.34, Loss=-344.0543, NLL=-1161.7386, KL=13.9635, AvgS=499.99, ProxLoss=0.0000
2026-03-19 01:58:11,721 - Server_DefaultID - INFO - Training client 85 (12/30)...
2026-03-19 01:58:14,736 - Server_DefaultID - INFO - Client 85: Acc=99.74, Loss=-339.7549, NLL=-1161.7542, KL=13.9636, AvgS=499.99, ProxLoss=0.0000
2026-03-19 01:58:14,736 - Server_DefaultID - INFO - Training client 73 (13/30)...
2026-03-19 01:58:18,059 - Server_DefaultID - INFO - Client 73: Acc=97.72, Loss=-341.5138, NLL=-1161.7342, KL=13.9635, AvgS=499.98, ProxLoss=0.0000
2026-03-19 01:58:18,059 - Server_DefaultID - INFO - Training client 19 (14/30)...
2026-03-19 01:58:21,569 - Server_DefaultID - INFO - Client 19: Acc=97.41, Loss=-340.8158, NLL=-1161.7574, KL=13.9636, AvgS=499.99, ProxLoss=0.0000
2026-03-19 01:58:21,569 - Server_DefaultID - INFO - Training client 65 (15/30)...
2026-03-19 01:58:22,059 - Server_DefaultID - INFO - Client 65: Acc=64.06, Loss=-303.1544, NLL=-1028.9649, KL=13.3810, AvgS=442.63, ProxLoss=0.0000
2026-03-19 01:58:22,059 - Server_DefaultID - INFO - Training client 47 (16/30)...
2026-03-19 01:58:23,754 - Server_DefaultID - INFO - Client 47: Acc=96.51, Loss=-343.7733, NLL=-1161.7576, KL=13.9636, AvgS=499.99, ProxLoss=0.0000
2026-03-19 01:58:23,754 - Server_DefaultID - INFO - Training client 71 (17/30)...
2026-03-19 01:58:24,423 - Server_DefaultID - INFO - Client 71: Acc=80.94, Loss=-343.2035, NLL=-1161.7691, KL=13.9636, AvgS=500.00, ProxLoss=0.0000
2026-03-19 01:58:24,423 - Server_DefaultID - INFO - Training client 92 (18/30)...
2026-03-19 01:58:25,562 - Server_DefaultID - INFO - Client 92: Acc=95.86, Loss=-341.9662, NLL=-1161.6686, KL=13.9632, AvgS=499.96, ProxLoss=0.0000
2026-03-19 01:58:25,562 - Server_DefaultID - INFO - Training client 80 (19/30)...
2026-03-19 01:58:26,001 - Server_DefaultID - INFO - Client 80: Acc=58.75, Loss=-341.9649, NLL=-1158.5600, KL=13.9512, AvgS=498.62, ProxLoss=0.0000
2026-03-19 01:58:26,002 - Server_DefaultID - INFO - Training client 77 (20/30)...
2026-03-19 01:58:29,749 - Server_DefaultID - INFO - Client 77: Acc=97.38, Loss=-341.9578, NLL=-1161.7510, KL=13.9636, AvgS=499.99, ProxLoss=0.0000
2026-03-19 01:58:29,749 - Server_DefaultID - INFO - Training client 9 (21/30)...
2026-03-19 01:58:32,974 - Server_DefaultID - INFO - Client 9: Acc=97.41, Loss=-340.8461, NLL=-1161.7397, KL=13.9635, AvgS=499.99, ProxLoss=0.0000
2026-03-19 01:58:32,974 - Server_DefaultID - INFO - Training client 55 (22/30)...
2026-03-19 01:58:40,286 - Server_DefaultID - INFO - Client 55: Acc=94.28, Loss=-342.8380, NLL=-1161.7325, KL=13.9635, AvgS=499.98, ProxLoss=0.0000
2026-03-19 01:58:40,286 - Server_DefaultID - INFO - Training client 58 (23/30)...
2026-03-19 01:58:42,319 - Server_DefaultID - INFO - Client 58: Acc=83.21, Loss=-340.8533, NLL=-1161.7636, KL=13.9636, AvgS=500.00, ProxLoss=0.0000
2026-03-19 01:58:42,319 - Server_DefaultID - INFO - Training client 1 (24/30)...
2026-03-19 01:58:43,008 - Server_DefaultID - INFO - Client 1: Acc=60.94, Loss=-342.4998, NLL=-1161.5227, KL=13.9627, AvgS=499.89, ProxLoss=0.0000
2026-03-19 01:58:43,008 - Server_DefaultID - INFO - Training client 72 (25/30)...
2026-03-19 01:58:44,302 - Server_DefaultID - INFO - Client 72: Acc=95.70, Loss=-341.3527, NLL=-1161.7325, KL=13.9635, AvgS=499.98, ProxLoss=0.0000
2026-03-19 01:58:44,302 - Server_DefaultID - INFO - Training client 67 (26/30)...
2026-03-19 01:58:46,062 - Server_DefaultID - INFO - Client 67: Acc=96.20, Loss=-343.1613, NLL=-1161.7260, KL=13.9635, AvgS=499.98, ProxLoss=0.0000
2026-03-19 01:58:46,062 - Server_DefaultID - INFO - Training client 81 (27/30)...
2026-03-19 01:58:47,985 - Server_DefaultID - INFO - Client 81: Acc=96.65, Loss=-342.3119, NLL=-1161.7688, KL=13.9636, AvgS=500.00, ProxLoss=0.0000
2026-03-19 01:58:47,985 - Server_DefaultID - INFO - Training client 25 (28/30)...
2026-03-19 01:58:48,709 - Server_DefaultID - INFO - Client 25: Acc=95.94, Loss=-341.5397, NLL=-1161.1323, KL=13.9611, AvgS=499.73, ProxLoss=0.0000
2026-03-19 01:58:48,709 - Server_DefaultID - INFO - Training client 52 (29/30)...
2026-03-19 01:58:49,681 - Server_DefaultID - INFO - Client 52: Acc=85.00, Loss=-342.4310, NLL=-1161.6474, KL=13.9632, AvgS=499.95, ProxLoss=0.0000
2026-03-19 01:58:49,684 - Server_DefaultID - INFO - Training client 54 (30/30)...
2026-03-19 01:58:50,297 - Server_DefaultID - INFO - Client 54: Acc=73.91, Loss=-340.8679, NLL=-1160.8353, KL=13.9600, AvgS=499.60, ProxLoss=0.0000
2026-03-19 01:58:50,564 - Server_DefaultID - WARNING - Global prior extremely imbalanced (max/min=1.0), applied adaptive smoothing lam=0.10.
2026-03-19 01:58:50,564 - Server_DefaultID - INFO - Round [67/200] Summary | Avg Client Train Stats:	Loss [-341.8135]	 Acc [92.53]	NLL [-1161.0779]	 KL [13.9606]	AvgS [499.70]	 ProxLoss [0.0000]
GlobalPriorAlpha (first 10): [5.0, 5.0, 5.0, 5.0, 5.0, 5.0, 5.0, 5.0, 5.0, 5.0]
Round Time: 59.63s
2026-03-19 01:58:50,567 - Server_DefaultID - INFO - --- Global Round 68/200 ---
2026-03-19 01:58:50,567 - Server_DefaultID - INFO - Selected 30 active clients for round 68.
2026-03-19 01:58:50,567 - Server_DefaultID - INFO - Training client 63 (1/30)...
2026-03-19 01:58:52,270 - Server_DefaultID - INFO - Client 63: Acc=94.38, Loss=-342.5657, NLL=-1161.7610, KL=13.9636, AvgS=500.00, ProxLoss=0.0000
2026-03-19 01:58:52,270 - Server_DefaultID - INFO - Training client 8 (2/30)...
2026-03-19 01:58:52,895 - Server_DefaultID - INFO - Client 8: Acc=87.34, Loss=-341.8752, NLL=-1161.4901, KL=13.9625, AvgS=499.88, ProxLoss=0.0000
2026-03-19 01:58:52,895 - Server_DefaultID - INFO - Training client 17 (3/30)...
2026-03-19 01:58:53,582 - Server_DefaultID - INFO - Client 17: Acc=84.38, Loss=-343.0020, NLL=-1161.4034, KL=13.9622, AvgS=499.84, ProxLoss=0.0000
2026-03-19 01:58:53,582 - Server_DefaultID - INFO - Training client 78 (4/30)...
2026-03-19 01:59:00,818 - Server_DefaultID - INFO - Client 78: Acc=96.91, Loss=-342.1275, NLL=-1161.7578, KL=13.9636, AvgS=499.99, ProxLoss=0.0000
2026-03-19 01:59:00,818 - Server_DefaultID - INFO - Training client 0 (5/30)...
2026-03-19 01:59:01,231 - Server_DefaultID - INFO - Client 0: Acc=33.44, Loss=-342.2714, NLL=-1161.4585, KL=13.9624, AvgS=499.87, ProxLoss=0.0000
2026-03-19 01:59:01,231 - Server_DefaultID - INFO - Training client 9 (6/30)...
2026-03-19 01:59:03,103 - Server_DefaultID - INFO - Client 9: Acc=97.63, Loss=-340.6669, NLL=-1161.7695, KL=13.9636, AvgS=500.00, ProxLoss=0.0000
2026-03-19 01:59:03,104 - Server_DefaultID - INFO - Training client 53 (7/30)...
2026-03-19 01:59:06,864 - Server_DefaultID - INFO - Client 53: Acc=97.44, Loss=-341.3550, NLL=-1161.7402, KL=13.9635, AvgS=499.99, ProxLoss=0.0000
2026-03-19 01:59:06,864 - Server_DefaultID - INFO - Training client 80 (8/30)...
2026-03-19 01:59:07,271 - Server_DefaultID - INFO - Client 80: Acc=66.56, Loss=-342.7279, NLL=-1160.4343, KL=13.9584, AvgS=499.42, ProxLoss=0.0000
2026-03-19 01:59:07,271 - Server_DefaultID - INFO - Training client 50 (9/30)...
2026-03-19 01:59:12,094 - Server_DefaultID - INFO - Client 50: Acc=97.47, Loss=-340.9337, NLL=-1161.7664, KL=13.9636, AvgS=500.00, ProxLoss=0.0000
2026-03-19 01:59:12,094 - Server_DefaultID - INFO - Training client 46 (10/30)...
2026-03-19 01:59:14,173 - Server_DefaultID - INFO - Client 46: Acc=90.98, Loss=-342.1665, NLL=-1161.7343, KL=13.9635, AvgS=499.98, ProxLoss=0.0000
2026-03-19 01:59:14,174 - Server_DefaultID - INFO - Training client 41 (11/30)...
2026-03-19 01:59:16,321 - Server_DefaultID - INFO - Client 41: Acc=98.32, Loss=-341.6631, NLL=-1161.7226, KL=13.9634, AvgS=499.98, ProxLoss=0.0000
2026-03-19 01:59:16,321 - Server_DefaultID - INFO - Training client 40 (12/30)...
2026-03-19 01:59:17,880 - Server_DefaultID - INFO - Client 40: Acc=93.49, Loss=-343.8383, NLL=-1161.6608, KL=13.9632, AvgS=499.95, ProxLoss=0.0000
2026-03-19 01:59:17,881 - Server_DefaultID - INFO - Training client 93 (13/30)...
2026-03-19 01:59:18,577 - Server_DefaultID - INFO - Client 93: Acc=57.34, Loss=-342.8085, NLL=-1161.4929, KL=13.9626, AvgS=499.88, ProxLoss=0.0000
2026-03-19 01:59:18,577 - Server_DefaultID - INFO - Training client 32 (14/30)...
2026-03-19 01:59:20,165 - Server_DefaultID - INFO - Client 32: Acc=95.57, Loss=-342.7310, NLL=-1161.7268, KL=13.9635, AvgS=499.98, ProxLoss=0.0000
2026-03-19 01:59:20,165 - Server_DefaultID - INFO - Training client 64 (15/30)...
2026-03-19 01:59:20,588 - Server_DefaultID - INFO - Client 64: Acc=65.94, Loss=-341.6931, NLL=-1159.3740, KL=13.9542, AvgS=498.97, ProxLoss=0.0000
2026-03-19 01:59:20,588 - Server_DefaultID - INFO - Training client 66 (16/30)...
2026-03-19 01:59:22,514 - Server_DefaultID - INFO - Client 66: Acc=92.23, Loss=-341.6223, NLL=-1161.7696, KL=13.9636, AvgS=500.00, ProxLoss=0.0000
2026-03-19 01:59:22,515 - Server_DefaultID - INFO - Training client 13 (17/30)...
2026-03-19 01:59:23,003 - Server_DefaultID - INFO - Client 13: Acc=52.19, Loss=-341.2625, NLL=-1161.1916, KL=13.9614, AvgS=499.75, ProxLoss=0.0000
2026-03-19 01:59:23,003 - Server_DefaultID - INFO - Training client 76 (18/30)...
2026-03-19 01:59:25,277 - Server_DefaultID - INFO - Client 76: Acc=97.38, Loss=-344.0197, NLL=-1161.7520, KL=13.9636, AvgS=499.99, ProxLoss=0.0000
2026-03-19 01:59:25,277 - Server_DefaultID - INFO - Training client 39 (19/30)...
2026-03-19 01:59:28,985 - Server_DefaultID - INFO - Client 39: Acc=96.54, Loss=-342.3095, NLL=-1161.7529, KL=13.9636, AvgS=499.99, ProxLoss=0.0000
2026-03-19 01:59:28,985 - Server_DefaultID - INFO - Training client 67 (20/30)...
2026-03-19 01:59:30,662 - Server_DefaultID - INFO - Client 67: Acc=96.41, Loss=-343.1419, NLL=-1161.7340, KL=13.9635, AvgS=499.98, ProxLoss=0.0000
2026-03-19 01:59:30,662 - Server_DefaultID - INFO - Training client 60 (21/30)...
2026-03-19 01:59:31,787 - Server_DefaultID - INFO - Client 60: Acc=86.25, Loss=-341.3175, NLL=-1161.3224, KL=13.9619, AvgS=499.81, ProxLoss=0.0000
2026-03-19 01:59:31,787 - Server_DefaultID - INFO - Training client 99 (22/30)...
2026-03-19 01:59:32,218 - Server_DefaultID - INFO - Client 99: Acc=31.88, Loss=-323.8742, NLL=-1094.5592, KL=13.6625, AvgS=470.96, ProxLoss=0.0000
2026-03-19 01:59:32,218 - Server_DefaultID - INFO - Training client 35 (23/30)...
2026-03-19 01:59:33,265 - Server_DefaultID - INFO - Client 35: Acc=85.31, Loss=-343.3182, NLL=-1161.7639, KL=13.9636, AvgS=500.00, ProxLoss=0.0000
2026-03-19 01:59:33,265 - Server_DefaultID - INFO - Training client 11 (24/30)...
2026-03-19 01:59:34,921 - Server_DefaultID - INFO - Client 11: Acc=91.67, Loss=-342.5457, NLL=-1161.7480, KL=13.9635, AvgS=499.99, ProxLoss=0.0000
2026-03-19 01:59:34,921 - Server_DefaultID - INFO - Training client 77 (25/30)...
2026-03-19 01:59:40,126 - Server_DefaultID - INFO - Client 77: Acc=97.73, Loss=-341.9107, NLL=-1161.7529, KL=13.9636, AvgS=499.99, ProxLoss=0.0000
2026-03-19 01:59:40,126 - Server_DefaultID - INFO - Training client 15 (26/30)...
2026-03-19 01:59:40,841 - Server_DefaultID - INFO - Client 15: Acc=68.44, Loss=-342.3119, NLL=-1161.4659, KL=13.9624, AvgS=499.87, ProxLoss=0.0000
2026-03-19 01:59:40,841 - Server_DefaultID - INFO - Training client 72 (27/30)...
2026-03-19 01:59:42,055 - Server_DefaultID - INFO - Client 72: Acc=96.72, Loss=-341.3490, NLL=-1161.7575, KL=13.9636, AvgS=499.99, ProxLoss=0.0000
2026-03-19 01:59:42,055 - Server_DefaultID - INFO - Training client 27 (28/30)...
2026-03-19 01:59:42,904 - Server_DefaultID - INFO - Client 27: Acc=90.42, Loss=-343.2153, NLL=-1161.4567, KL=13.9624, AvgS=499.87, ProxLoss=0.0000
2026-03-19 01:59:42,904 - Server_DefaultID - INFO - Training client 24 (29/30)...
2026-03-19 01:59:43,340 - Server_DefaultID - INFO - Client 24: Acc=54.06, Loss=-318.1825, NLL=-1076.5483, KL=13.6012, AvgS=463.21, ProxLoss=0.0000
2026-03-19 01:59:43,340 - Server_DefaultID - INFO - Training client 52 (30/30)...
2026-03-19 01:59:44,354 - Server_DefaultID - INFO - Client 52: Acc=84.38, Loss=-342.0398, NLL=-1161.6717, KL=13.9632, AvgS=499.96, ProxLoss=0.0000
2026-03-19 01:59:44,622 - Server_DefaultID - WARNING - Global prior extremely imbalanced (max/min=1.0), applied adaptive smoothing lam=0.10.
2026-03-19 01:59:44,632 - Server_DefaultID - INFO - Round [68/200] Summary | Avg Client Train Stats:	Loss [-341.7811]	 Acc [92.52]	NLL [-1160.5232]	 KL [13.9582]	AvgS [499.46]	 ProxLoss [0.0000]
GlobalPriorAlpha (first 10): [5.0, 5.0, 5.0, 5.0, 5.0, 5.0, 5.0, 5.0, 5.0, 5.0]
Round Time: 54.06s
2026-03-19 01:59:44,635 - Server_DefaultID - INFO - --- Global Round 69/200 ---
2026-03-19 01:59:44,636 - Server_DefaultID - INFO - Selected 30 active clients for round 69.
2026-03-19 01:59:44,636 - Server_DefaultID - INFO - Training client 48 (1/30)...
2026-03-19 01:59:48,905 - Server_DefaultID - INFO - Client 48: Acc=94.76, Loss=-342.3243, NLL=-1161.7609, KL=13.9636, AvgS=500.00, ProxLoss=0.0000
2026-03-19 01:59:48,906 - Server_DefaultID - INFO - Training client 53 (2/30)...
2026-03-19 01:59:51,582 - Server_DefaultID - INFO - Client 53: Acc=97.59, Loss=-341.3588, NLL=-1161.7535, KL=13.9636, AvgS=499.99, ProxLoss=0.0000
2026-03-19 01:59:51,582 - Server_DefaultID - INFO - Training client 46 (3/30)...
2026-03-19 01:59:53,613 - Server_DefaultID - INFO - Client 46: Acc=91.37, Loss=-342.0281, NLL=-1161.7336, KL=13.9635, AvgS=499.98, ProxLoss=0.0000
2026-03-19 01:59:53,613 - Server_DefaultID - INFO - Training client 54 (4/30)...
2026-03-19 01:59:54,265 - Server_DefaultID - INFO - Client 54: Acc=79.38, Loss=-340.9989, NLL=-1160.7968, KL=13.9597, AvgS=499.58, ProxLoss=0.0000
2026-03-19 01:59:54,266 - Server_DefaultID - INFO - Training client 43 (5/30)...
2026-03-19 01:59:57,067 - Server_DefaultID - INFO - Client 43: Acc=97.59, Loss=-341.9868, NLL=-1161.7636, KL=13.9636, AvgS=500.00, ProxLoss=0.0000
2026-03-19 01:59:57,067 - Server_DefaultID - INFO - Training client 1 (6/30)...
2026-03-19 01:59:57,974 - Server_DefaultID - INFO - Client 1: Acc=66.09, Loss=-342.5998, NLL=-1161.7236, KL=13.9634, AvgS=499.98, ProxLoss=0.0000
2026-03-19 01:59:57,975 - Server_DefaultID - INFO - Training client 79 (7/30)...
2026-03-19 01:59:59,407 - Server_DefaultID - INFO - Client 79: Acc=93.88, Loss=-340.6835, NLL=-1161.6811, KL=13.9633, AvgS=499.96, ProxLoss=0.0000
2026-03-19 01:59:59,407 - Server_DefaultID - INFO - Training client 10 (8/30)...
2026-03-19 02:00:00,686 - Server_DefaultID - INFO - Client 10: Acc=50.78, Loss=-343.5029, NLL=-1161.7565, KL=13.9636, AvgS=499.99, ProxLoss=0.0000
2026-03-19 02:00:00,686 - Server_DefaultID - INFO - Training client 83 (9/30)...
2026-03-19 02:00:03,185 - Server_DefaultID - INFO - Client 83: Acc=99.75, Loss=-339.6823, NLL=-1161.7545, KL=13.9636, AvgS=499.99, ProxLoss=0.0000
2026-03-19 02:00:03,185 - Server_DefaultID - INFO - Training client 24 (10/30)...
2026-03-19 02:00:03,602 - Server_DefaultID - INFO - Client 24: Acc=51.88, Loss=-332.4384, NLL=-1124.1280, KL=13.8091, AvgS=483.75, ProxLoss=0.0000
2026-03-19 02:00:03,602 - Server_DefaultID - INFO - Training client 74 (11/30)...
2026-03-19 02:00:04,721 - Server_DefaultID - INFO - Client 74: Acc=81.48, Loss=-342.0694, NLL=-1161.5925, KL=13.9629, AvgS=499.92, ProxLoss=0.0000
2026-03-19 02:00:04,721 - Server_DefaultID - INFO - Training client 65 (12/30)...
2026-03-19 02:00:05,195 - Server_DefaultID - INFO - Client 65: Acc=61.56, Loss=-323.8446, NLL=-1099.0104, KL=13.7055, AvgS=472.90, ProxLoss=0.0000
2026-03-19 02:00:05,195 - Server_DefaultID - INFO - Training client 22 (13/30)...
2026-03-19 02:00:05,826 - Server_DefaultID - INFO - Client 22: Acc=92.81, Loss=-342.5241, NLL=-1161.7210, KL=13.9634, AvgS=499.98, ProxLoss=0.0000
2026-03-19 02:00:05,827 - Server_DefaultID - INFO - Training client 88 (14/30)...
2026-03-19 02:00:07,484 - Server_DefaultID - INFO - Client 88: Acc=70.42, Loss=-342.8463, NLL=-1161.6643, KL=13.9632, AvgS=499.95, ProxLoss=0.0000
2026-03-19 02:00:07,484 - Server_DefaultID - INFO - Training client 90 (15/30)...
2026-03-19 02:00:09,749 - Client_90 - WARNING - Client 90: Too few classes (1) or samples (592) for alpha report, returning uniform.
2026-03-19 02:00:09,749 - Server_DefaultID - INFO - Client 90: Acc=100.00, Loss=-339.4644, NLL=-1161.7269, KL=13.9635, AvgS=499.98, ProxLoss=0.0000
2026-03-19 02:00:09,749 - Server_DefaultID - INFO - Training client 47 (16/30)...
2026-03-19 02:00:11,411 - Server_DefaultID - INFO - Client 47: Acc=96.35, Loss=-343.8433, NLL=-1161.6960, KL=13.9633, AvgS=499.97, ProxLoss=0.0000
2026-03-19 02:00:11,412 - Server_DefaultID - INFO - Training client 39 (17/30)...
2026-03-19 02:00:16,522 - Server_DefaultID - INFO - Client 39: Acc=97.17, Loss=-342.2811, NLL=-1161.7447, KL=13.9635, AvgS=499.99, ProxLoss=0.0000
2026-03-19 02:00:16,523 - Server_DefaultID - INFO - Training client 77 (18/30)...
2026-03-19 02:00:20,231 - Server_DefaultID - INFO - Client 77: Acc=97.27, Loss=-341.8648, NLL=-1161.7354, KL=13.9635, AvgS=499.99, ProxLoss=0.0000
2026-03-19 02:00:20,231 - Server_DefaultID - INFO - Training client 28 (19/30)...
2026-03-19 02:00:20,674 - Server_DefaultID - INFO - Client 28: Acc=85.31, Loss=-334.2901, NLL=-1138.1014, KL=13.8669, AvgS=489.78, ProxLoss=0.0000
2026-03-19 02:00:20,674 - Server_DefaultID - INFO - Training client 51 (20/30)...
2026-03-19 02:00:21,319 - Server_DefaultID - INFO - Client 51: Acc=61.88, Loss=-344.0434, NLL=-1161.5738, KL=13.9629, AvgS=499.92, ProxLoss=0.0000
2026-03-19 02:00:21,319 - Server_DefaultID - INFO - Training client 36 (21/30)...
2026-03-19 02:00:26,815 - Server_DefaultID - INFO - Client 36: Acc=98.75, Loss=-340.9206, NLL=-1161.7509, KL=13.9636, AvgS=499.99, ProxLoss=0.0000
2026-03-19 02:00:26,815 - Server_DefaultID - INFO - Training client 86 (22/30)...
2026-03-19 02:00:28,154 - Server_DefaultID - INFO - Client 86: Acc=92.81, Loss=-341.9248, NLL=-1161.7053, KL=13.9634, AvgS=499.97, ProxLoss=0.0000
2026-03-19 02:00:28,154 - Server_DefaultID - INFO - Training client 61 (23/30)...
2026-03-19 02:00:29,565 - Server_DefaultID - INFO - Client 61: Acc=89.25, Loss=-344.0973, NLL=-1161.6810, KL=13.9633, AvgS=499.96, ProxLoss=0.0000
2026-03-19 02:00:29,565 - Server_DefaultID - INFO - Training client 71 (24/30)...
2026-03-19 02:00:30,257 - Server_DefaultID - INFO - Client 71: Acc=80.62, Loss=-342.9714, NLL=-1161.4220, KL=13.9623, AvgS=499.85, ProxLoss=0.0000
2026-03-19 02:00:30,257 - Server_DefaultID - INFO - Training client 32 (25/30)...
2026-03-19 02:00:31,950 - Server_DefaultID - INFO - Client 32: Acc=95.89, Loss=-342.7925, NLL=-1161.7228, KL=13.9634, AvgS=499.98, ProxLoss=0.0000
2026-03-19 02:00:31,950 - Server_DefaultID - INFO - Training client 70 (26/30)...
2026-03-19 02:00:33,299 - Server_DefaultID - INFO - Client 70: Acc=89.62, Loss=-340.8470, NLL=-1161.5798, KL=13.9629, AvgS=499.92, ProxLoss=0.0000
2026-03-19 02:00:33,299 - Server_DefaultID - INFO - Training client 34 (27/30)...
2026-03-19 02:00:34,166 - Server_DefaultID - INFO - Client 34: Acc=82.50, Loss=-343.1285, NLL=-1161.6260, KL=13.9631, AvgS=499.94, ProxLoss=0.0000
2026-03-19 02:00:34,166 - Server_DefaultID - INFO - Training client 72 (28/30)...
2026-03-19 02:00:35,268 - Server_DefaultID - INFO - Client 72: Acc=96.88, Loss=-341.4406, NLL=-1161.7699, KL=13.9636, AvgS=500.00, ProxLoss=0.0000
2026-03-19 02:00:35,268 - Server_DefaultID - INFO - Training client 96 (29/30)...
2026-03-19 02:00:37,640 - Server_DefaultID - INFO - Client 96: Acc=96.94, Loss=-342.1213, NLL=-1161.7522, KL=13.9636, AvgS=499.99, ProxLoss=0.0000
2026-03-19 02:00:37,640 - Server_DefaultID - INFO - Training client 14 (30/30)...
2026-03-19 02:00:39,867 - Server_DefaultID - INFO - Client 14: Acc=95.24, Loss=-340.7762, NLL=-1161.7699, KL=13.9636, AvgS=500.00, ProxLoss=0.0000
2026-03-19 02:00:40,132 - Server_DefaultID - WARNING - Global prior extremely imbalanced (max/min=1.0), applied adaptive smoothing lam=0.10.
2026-03-19 02:00:40,132 - Server_DefaultID - INFO - Round [69/200] Summary | Avg Client Train Stats:	Loss [-341.5665]	 Acc [92.34]	NLL [-1160.9475]	 KL [13.9603]	AvgS [499.64]	 ProxLoss [0.0000]
GlobalPriorAlpha (first 10): [5.0, 5.0, 5.0, 5.0, 5.0, 5.0, 5.0, 5.0, 5.0, 5.0]
Round Time: 55.50s
2026-03-19 02:00:40,136 - Server_DefaultID - INFO - --- Global Round 70/200 ---
2026-03-19 02:00:40,136 - Server_DefaultID - INFO - Selected 30 active clients for round 70.
2026-03-19 02:00:40,137 - Server_DefaultID - INFO - Training client 0 (1/30)...
2026-03-19 02:00:40,579 - Server_DefaultID - INFO - Client 0: Acc=32.19, Loss=-342.1346, NLL=-1161.2844, KL=13.9617, AvgS=499.79, ProxLoss=0.0000
2026-03-19 02:00:40,579 - Server_DefaultID - INFO - Training client 8 (2/30)...
2026-03-19 02:00:41,254 - Server_DefaultID - INFO - Client 8: Acc=87.81, Loss=-342.1088, NLL=-1161.7500, KL=13.9635, AvgS=499.99, ProxLoss=0.0000
2026-03-19 02:00:41,254 - Server_DefaultID - INFO - Training client 28 (3/30)...
2026-03-19 02:00:41,700 - Server_DefaultID - INFO - Client 28: Acc=91.88, Loss=-339.3586, NLL=-1152.7622, KL=13.9260, AvgS=496.11, ProxLoss=0.0000
2026-03-19 02:00:41,701 - Server_DefaultID - INFO - Training client 27 (4/30)...
2026-03-19 02:00:42,656 - Server_DefaultID - INFO - Client 27: Acc=90.94, Loss=-343.2741, NLL=-1161.6372, KL=13.9631, AvgS=499.94, ProxLoss=0.0000
2026-03-19 02:00:42,656 - Server_DefaultID - INFO - Training client 62 (5/30)...
2026-03-19 02:00:43,286 - Server_DefaultID - INFO - Client 62: Acc=89.06, Loss=-342.5732, NLL=-1161.3756, KL=13.9621, AvgS=499.83, ProxLoss=0.0000
2026-03-19 02:00:43,287 - Server_DefaultID - INFO - Training client 1 (6/30)...
2026-03-19 02:00:43,925 - Server_DefaultID - INFO - Client 1: Acc=73.91, Loss=-342.6484, NLL=-1161.7214, KL=13.9634, AvgS=499.98, ProxLoss=0.0000
2026-03-19 02:00:43,925 - Server_DefaultID - INFO - Training client 63 (7/30)...
2026-03-19 02:00:45,304 - Server_DefaultID - INFO - Client 63: Acc=96.25, Loss=-342.2894, NLL=-1161.6507, KL=13.9632, AvgS=499.95, ProxLoss=0.0000
2026-03-19 02:00:45,304 - Server_DefaultID - INFO - Training client 38 (8/30)...
2026-03-19 02:00:47,249 - Server_DefaultID - INFO - Client 38: Acc=78.75, Loss=-344.3773, NLL=-1161.6296, KL=13.9631, AvgS=499.94, ProxLoss=0.0000
2026-03-19 02:00:47,249 - Server_DefaultID - INFO - Training client 3 (9/30)...
2026-03-19 02:00:48,861 - Server_DefaultID - INFO - Client 3: Acc=71.09, Loss=-343.7310, NLL=-1161.7196, KL=13.9634, AvgS=499.98, ProxLoss=0.0000
2026-03-19 02:00:48,861 - Server_DefaultID - INFO - Training client 68 (10/30)...
2026-03-19 02:00:51,147 - Server_DefaultID - INFO - Client 68: Acc=98.99, Loss=-340.7577, NLL=-1161.7422, KL=13.9635, AvgS=499.99, ProxLoss=0.0000
2026-03-19 02:00:51,147 - Server_DefaultID - INFO - Training client 82 (11/30)...
2026-03-19 02:00:52,441 - Server_DefaultID - INFO - Client 82: Acc=96.12, Loss=-341.6098, NLL=-1161.7021, KL=13.9634, AvgS=499.97, ProxLoss=0.0000
2026-03-19 02:00:52,442 - Server_DefaultID - INFO - Training client 77 (12/30)...
2026-03-19 02:00:56,030 - Server_DefaultID - INFO - Client 77: Acc=97.62, Loss=-341.8573, NLL=-1161.7326, KL=13.9635, AvgS=499.98, ProxLoss=0.0000
2026-03-19 02:00:56,030 - Server_DefaultID - INFO - Training client 14 (13/30)...
2026-03-19 02:00:58,275 - Server_DefaultID - INFO - Client 14: Acc=95.80, Loss=-340.7283, NLL=-1161.7501, KL=13.9635, AvgS=499.99, ProxLoss=0.0000
2026-03-19 02:00:58,276 - Server_DefaultID - INFO - Training client 36 (14/30)...
2026-03-19 02:01:03,423 - Server_DefaultID - INFO - Client 36: Acc=99.21, Loss=-340.8824, NLL=-1161.7419, KL=13.9635, AvgS=499.99, ProxLoss=0.0000
2026-03-19 02:01:03,423 - Server_DefaultID - INFO - Training client 42 (15/30)...
2026-03-19 02:01:05,020 - Server_DefaultID - INFO - Client 42: Acc=93.28, Loss=-342.0019, NLL=-1161.7200, KL=13.9634, AvgS=499.98, ProxLoss=0.0000
2026-03-19 02:01:05,020 - Server_DefaultID - INFO - Training client 83 (16/30)...
2026-03-19 02:01:07,573 - Server_DefaultID - INFO - Client 83: Acc=99.69, Loss=-339.6918, NLL=-1161.7553, KL=13.9636, AvgS=499.99, ProxLoss=0.0000
2026-03-19 02:01:07,573 - Server_DefaultID - INFO - Training client 59 (17/30)...
2026-03-19 02:01:09,741 - Server_DefaultID - INFO - Client 59: Acc=95.97, Loss=-342.2060, NLL=-1161.7424, KL=13.9635, AvgS=499.99, ProxLoss=0.0000
2026-03-19 02:01:09,741 - Server_DefaultID - INFO - Training client 88 (18/30)...
2026-03-19 02:01:11,266 - Server_DefaultID - INFO - Client 88: Acc=72.55, Loss=-342.8003, NLL=-1161.7126, KL=13.9634, AvgS=499.98, ProxLoss=0.0000
2026-03-19 02:01:11,266 - Server_DefaultID - INFO - Training client 52 (19/30)...
2026-03-19 02:01:12,159 - Server_DefaultID - INFO - Client 52: Acc=84.38, Loss=-342.3332, NLL=-1161.7312, KL=13.9635, AvgS=499.98, ProxLoss=0.0000
2026-03-19 02:01:12,159 - Server_DefaultID - INFO - Training client 80 (20/30)...
2026-03-19 02:01:12,569 - Server_DefaultID - INFO - Client 80: Acc=65.00, Loss=-342.5464, NLL=-1160.7662, KL=13.9597, AvgS=499.57, ProxLoss=0.0000
2026-03-19 02:01:12,569 - Server_DefaultID - INFO - Training client 65 (21/30)...
2026-03-19 02:01:12,994 - Server_DefaultID - INFO - Client 65: Acc=61.25, Loss=-335.2797, NLL=-1136.6504, KL=13.8625, AvgS=489.15, ProxLoss=0.0000
2026-03-19 02:01:12,994 - Server_DefaultID - INFO - Training client 50 (22/30)...
2026-03-19 02:01:17,429 - Server_DefaultID - INFO - Client 50: Acc=97.63, Loss=-340.8554, NLL=-1161.7698, KL=13.9636, AvgS=500.00, ProxLoss=0.0000
2026-03-19 02:01:17,429 - Server_DefaultID - INFO - Training client 79 (23/30)...
2026-03-19 02:01:18,853 - Server_DefaultID - INFO - Client 79: Acc=93.62, Loss=-340.5862, NLL=-1161.5564, KL=13.9628, AvgS=499.91, ProxLoss=0.0000
2026-03-19 02:01:18,853 - Server_DefaultID - INFO - Training client 53 (24/30)...
2026-03-19 02:01:21,335 - Server_DefaultID - INFO - Client 53: Acc=97.81, Loss=-341.3177, NLL=-1161.7521, KL=13.9636, AvgS=499.99, ProxLoss=0.0000
2026-03-19 02:01:21,335 - Server_DefaultID - INFO - Training client 4 (25/30)...
2026-03-19 02:01:22,924 - Server_DefaultID - INFO - Client 4: Acc=70.78, Loss=-343.5228, NLL=-1161.7548, KL=13.9636, AvgS=499.99, ProxLoss=0.0000
2026-03-19 02:01:22,924 - Server_DefaultID - INFO - Training client 73 (26/30)...
2026-03-19 02:01:26,227 - Server_DefaultID - INFO - Client 73: Acc=97.79, Loss=-341.3982, NLL=-1161.7615, KL=13.9636, AvgS=500.00, ProxLoss=0.0000
2026-03-19 02:01:26,227 - Server_DefaultID - INFO - Training client 22 (27/30)...
2026-03-19 02:01:26,827 - Server_DefaultID - INFO - Client 22: Acc=92.19, Loss=-342.3918, NLL=-1161.1634, KL=13.9612, AvgS=499.74, ProxLoss=0.0000
2026-03-19 02:01:26,827 - Server_DefaultID - INFO - Training client 12 (28/30)...
2026-03-19 02:01:28,207 - Server_DefaultID - INFO - Client 12: Acc=72.88, Loss=-343.4161, NLL=-1161.5634, KL=13.9628, AvgS=499.91, ProxLoss=0.0000
2026-03-19 02:01:28,207 - Server_DefaultID - INFO - Training client 95 (29/30)...
2026-03-19 02:01:30,545 - Server_DefaultID - INFO - Client 95: Acc=95.56, Loss=-341.1167, NLL=-1161.7628, KL=13.9636, AvgS=500.00, ProxLoss=0.0000
2026-03-19 02:01:30,545 - Server_DefaultID - INFO - Training client 69 (30/30)...
2026-03-19 02:01:31,275 - Server_DefaultID - INFO - Client 69: Acc=60.16, Loss=-342.8569, NLL=-1161.4545, KL=13.9624, AvgS=499.86, ProxLoss=0.0000
2026-03-19 02:01:31,568 - Server_DefaultID - WARNING - Global prior extremely imbalanced (max/min=1.0), applied adaptive smoothing lam=0.10.
2026-03-19 02:01:31,568 - Server_DefaultID - INFO - Round [70/200] Summary | Avg Client Train Stats:	Loss [-341.5618]	 Acc [91.90]	NLL [-1161.4942]	 KL [13.9625]	AvgS [499.88]	 ProxLoss [0.0000]
GlobalPriorAlpha (first 10): [5.0, 5.0, 5.0, 5.0, 5.0, 5.0, 5.0, 5.0, 5.0, 5.0]
Round Time: 51.43s
2026-03-19 02:01:31,568 - Server_DefaultID - INFO - --- Evaluating models at round 70 ---
2026-03-19 02:02:42,877 - Server_DefaultID - INFO - Global Model Evaluation (Round 70): 
  Avg Test Acc: 75.42%
  Avg Test Acc Softmax: 75.42%
  Avg Test Loss: -1134.4196
  Avg Test NLL: -1150.5904
  Avg Test KL (vs flat prior): 13.9101
  Avg Test S: 495.17
2026-03-19 02:03:50,750 - Server_DefaultID - INFO - Personalized Model Evaluation (Round 70): 
  Avg Test Acc: 77.69%
  Avg Test Acc Softmax: 77.69%
  Avg Test Loss: -1138.2805
  Avg Test NLL: -1154.4728
  Avg Test KL (vs flat prior): 13.9299
  Avg Test S: 496.85
2026-03-19 02:03:50,750 - Server_DefaultID - INFO - [Metric 1] Personalized Brier Score | Mean: 0.3255
2026-03-19 02:03:50,750 - Server_DefaultID - INFO - [Metric 1] Personalized ECE | Mean: 0.1069
2026-03-19 02:03:50,750 - Server_DefaultID - INFO - [OOD Eval] OOD AUC-ROC (Epistemic): 0.0281
2026-03-19 02:03:50,750 - Server_DefaultID - INFO - [Metric 4] OOD FPR@95%TPR: 0.9844
2026-03-19 02:03:52,177 - Server_DefaultID - INFO - --- Global Round 71/200 ---
2026-03-19 02:03:52,178 - Server_DefaultID - INFO - Selected 30 active clients for round 71.
2026-03-19 02:03:52,178 - Server_DefaultID - INFO - Training client 37 (1/30)...
2026-03-19 02:03:53,250 - Server_DefaultID - INFO - Client 37: Acc=85.94, Loss=-343.0853, NLL=-1161.7547, KL=13.9636, AvgS=499.99, ProxLoss=0.0000
2026-03-19 02:03:53,250 - Server_DefaultID - INFO - Training client 79 (2/30)...
2026-03-19 02:03:54,485 - Server_DefaultID - INFO - Client 79: Acc=93.75, Loss=-340.6358, NLL=-1161.7699, KL=13.9636, AvgS=500.00, ProxLoss=0.0000
2026-03-19 02:03:54,485 - Server_DefaultID - INFO - Training client 14 (3/30)...
2026-03-19 02:03:56,517 - Server_DefaultID - INFO - Client 14: Acc=86.08, Loss=-340.5468, NLL=-1161.7069, KL=13.9634, AvgS=499.97, ProxLoss=0.0000
2026-03-19 02:03:56,517 - Server_DefaultID - INFO - Training client 11 (4/30)...
2026-03-19 02:03:57,955 - Server_DefaultID - INFO - Client 11: Acc=87.19, Loss=-342.2660, NLL=-1161.7469, KL=13.9635, AvgS=499.99, ProxLoss=0.0000
2026-03-19 02:03:57,955 - Server_DefaultID - INFO - Training client 45 (5/30)...
2026-03-19 02:03:59,689 - Server_DefaultID - INFO - Client 45: Acc=82.19, Loss=-341.8215, NLL=-1161.7133, KL=13.9634, AvgS=499.98, ProxLoss=0.0000
2026-03-19 02:03:59,689 - Server_DefaultID - INFO - Training client 17 (6/30)...
2026-03-19 02:04:00,247 - Server_DefaultID - INFO - Client 17: Acc=78.28, Loss=-342.7375, NLL=-1161.2443, KL=13.9616, AvgS=499.77, ProxLoss=0.0000
2026-03-19 02:04:00,247 - Server_DefaultID - INFO - Training client 73 (7/30)...
2026-03-19 02:04:03,125 - Server_DefaultID - INFO - Client 73: Acc=98.32, Loss=-341.2917, NLL=-1161.7103, KL=13.9634, AvgS=499.97, ProxLoss=0.0000
2026-03-19 02:04:03,125 - Server_DefaultID - INFO - Training client 23 (8/30)...
2026-03-19 02:04:03,543 - Server_DefaultID - INFO - Client 23: Acc=83.05, Loss=-279.8806, NLL=-956.4206, KL=13.0758, AvgS=411.33, ProxLoss=0.0000
2026-03-19 02:04:03,544 - Server_DefaultID - INFO - Training client 21 (9/30)...
2026-03-19 02:04:05,383 - Server_DefaultID - INFO - Client 21: Acc=96.05, Loss=-343.8618, NLL=-1161.7418, KL=13.9635, AvgS=499.99, ProxLoss=0.0000
2026-03-19 02:04:05,383 - Server_DefaultID - INFO - Training client 83 (10/30)...
2026-03-19 02:04:07,588 - Server_DefaultID - INFO - Client 83: Acc=99.72, Loss=-339.5988, NLL=-1161.7604, KL=13.9636, AvgS=500.00, ProxLoss=0.0000
2026-03-19 02:04:07,588 - Server_DefaultID - INFO - Training client 15 (11/30)...
2026-03-19 02:04:08,263 - Server_DefaultID - INFO - Client 15: Acc=52.03, Loss=-342.0500, NLL=-1161.4601, KL=13.9624, AvgS=499.87, ProxLoss=0.0000
2026-03-19 02:04:08,263 - Server_DefaultID - INFO - Training client 42 (12/30)...
2026-03-19 02:04:09,732 - Server_DefaultID - INFO - Client 42: Acc=93.33, Loss=-341.8652, NLL=-1161.7581, KL=13.9636, AvgS=499.99, ProxLoss=0.0000
2026-03-19 02:04:09,732 - Server_DefaultID - INFO - Training client 52 (13/30)...
2026-03-19 02:04:10,522 - Server_DefaultID - INFO - Client 52: Acc=86.04, Loss=-341.9171, NLL=-1161.6234, KL=13.9631, AvgS=499.94, ProxLoss=0.0000
2026-03-19 02:04:10,522 - Server_DefaultID - INFO - Training client 2 (14/30)...
2026-03-19 02:04:12,463 - Server_DefaultID - INFO - Client 2: Acc=79.24, Loss=-341.8519, NLL=-1161.6112, KL=13.9630, AvgS=499.93, ProxLoss=0.0000
2026-03-19 02:04:12,463 - Server_DefaultID - INFO - Training client 66 (15/30)...
2026-03-19 02:04:14,156 - Server_DefaultID - INFO - Client 66: Acc=93.97, Loss=-341.6564, NLL=-1161.7653, KL=13.9636, AvgS=500.00, ProxLoss=0.0000
2026-03-19 02:04:14,156 - Server_DefaultID - INFO - Training client 47 (16/30)...
2026-03-19 02:04:15,520 - Server_DefaultID - INFO - Client 47: Acc=96.72, Loss=-343.7043, NLL=-1161.7646, KL=13.9636, AvgS=500.00, ProxLoss=0.0000
2026-03-19 02:04:15,520 - Server_DefaultID - INFO - Training client 30 (17/30)...
2026-03-19 02:04:17,303 - Server_DefaultID - INFO - Client 30: Acc=98.52, Loss=-340.7213, NLL=-1161.7654, KL=13.9636, AvgS=500.00, ProxLoss=0.0000
2026-03-19 02:04:17,303 - Server_DefaultID - INFO - Training client 75 (18/30)...
2026-03-19 02:04:20,113 - Server_DefaultID - INFO - Client 75: Acc=96.91, Loss=-340.9859, NLL=-1161.7542, KL=13.9636, AvgS=499.99, ProxLoss=0.0000
2026-03-19 02:04:20,113 - Server_DefaultID - INFO - Training client 82 (19/30)...
2026-03-19 02:04:21,287 - Server_DefaultID - INFO - Client 82: Acc=97.06, Loss=-342.0544, NLL=-1161.7699, KL=13.9636, AvgS=500.00, ProxLoss=0.0000
2026-03-19 02:04:21,287 - Server_DefaultID - INFO - Training client 51 (20/30)...
2026-03-19 02:04:21,830 - Server_DefaultID - INFO - Client 51: Acc=64.38, Loss=-343.8226, NLL=-1161.2786, KL=13.9617, AvgS=499.79, ProxLoss=0.0000
2026-03-19 02:04:21,830 - Server_DefaultID - INFO - Training client 48 (21/30)...
2026-03-19 02:04:25,238 - Server_DefaultID - INFO - Client 48: Acc=95.06, Loss=-342.1901, NLL=-1161.7452, KL=13.9635, AvgS=499.99, ProxLoss=0.0000
2026-03-19 02:04:25,238 - Server_DefaultID - INFO - Training client 93 (22/30)...
2026-03-19 02:04:25,815 - Server_DefaultID - INFO - Client 93: Acc=63.44, Loss=-342.7937, NLL=-1161.4890, KL=13.9625, AvgS=499.88, ProxLoss=0.0000
2026-03-19 02:04:25,815 - Server_DefaultID - INFO - Training client 41 (23/30)...
2026-03-19 02:04:27,683 - Server_DefaultID - INFO - Client 41: Acc=98.12, Loss=-341.4415, NLL=-1161.7546, KL=13.9636, AvgS=499.99, ProxLoss=0.0000
2026-03-19 02:04:27,683 - Server_DefaultID - INFO - Training client 58 (24/30)...
2026-03-19 02:04:29,507 - Server_DefaultID - INFO - Client 58: Acc=84.15, Loss=-340.6966, NLL=-1161.7685, KL=13.9636, AvgS=500.00, ProxLoss=0.0000
2026-03-19 02:04:29,507 - Server_DefaultID - INFO - Training client 59 (25/30)...
2026-03-19 02:04:31,716 - Server_DefaultID - INFO - Client 59: Acc=97.19, Loss=-342.2158, NLL=-1161.7397, KL=13.9635, AvgS=499.99, ProxLoss=0.0000
2026-03-19 02:04:31,716 - Server_DefaultID - INFO - Training client 27 (26/30)...
2026-03-19 02:04:32,551 - Server_DefaultID - INFO - Client 27: Acc=91.88, Loss=-343.2673, NLL=-1161.5328, KL=13.9627, AvgS=499.90, ProxLoss=0.0000
2026-03-19 02:04:32,551 - Server_DefaultID - INFO - Training client 61 (27/30)...
2026-03-19 02:04:33,879 - Server_DefaultID - INFO - Client 61: Acc=92.88, Loss=-344.0881, NLL=-1161.7168, KL=13.9634, AvgS=499.98, ProxLoss=0.0000
2026-03-19 02:04:33,879 - Server_DefaultID - INFO - Training client 60 (28/30)...
2026-03-19 02:04:34,779 - Server_DefaultID - INFO - Client 60: Acc=85.21, Loss=-341.4090, NLL=-1161.7028, KL=13.9634, AvgS=499.97, ProxLoss=0.0000
2026-03-19 02:04:34,779 - Server_DefaultID - INFO - Training client 7 (29/30)...
2026-03-19 02:04:36,339 - Server_DefaultID - INFO - Client 7: Acc=51.67, Loss=-342.0236, NLL=-1161.7264, KL=13.9635, AvgS=499.98, ProxLoss=0.0000
2026-03-19 02:04:36,339 - Server_DefaultID - INFO - Training client 35 (30/30)...
2026-03-19 02:04:37,298 - Server_DefaultID - INFO - Client 35: Acc=89.38, Loss=-343.2519, NLL=-1161.6730, KL=13.9633, AvgS=499.96, ProxLoss=0.0000
2026-03-19 02:04:37,559 - Server_DefaultID - WARNING - Global prior extremely imbalanced (max/min=1.0), applied adaptive smoothing lam=0.10.
2026-03-19 02:04:37,559 - Server_DefaultID - INFO - Round [71/200] Summary | Avg Client Train Stats:	Loss [-341.5478]	 Acc [89.93]	NLL [-1160.7626]	 KL [13.9593]	AvgS [499.57]	 ProxLoss [0.0000]
GlobalPriorAlpha (first 10): [5.0, 5.0, 5.0, 5.0, 5.0, 5.0, 5.0, 5.0, 5.0, 5.0]
Round Time: 45.38s
2026-03-19 02:04:37,569 - Server_DefaultID - INFO - --- Global Round 72/200 ---
2026-03-19 02:04:37,570 - Server_DefaultID - INFO - Selected 30 active clients for round 72.
2026-03-19 02:04:37,571 - Server_DefaultID - INFO - Training client 91 (1/30)...
2026-03-19 02:04:38,484 - Server_DefaultID - INFO - Client 91: Acc=92.29, Loss=-340.3016, NLL=-1161.2631, KL=13.9616, AvgS=499.78, ProxLoss=0.0000
2026-03-19 02:04:38,484 - Server_DefaultID - INFO - Training client 68 (2/30)...
2026-03-19 02:04:40,723 - Server_DefaultID - INFO - Client 68: Acc=98.65, Loss=-340.6531, NLL=-1161.7199, KL=13.9634, AvgS=499.98, ProxLoss=0.0000
2026-03-19 02:04:40,724 - Server_DefaultID - INFO - Training client 34 (3/30)...
2026-03-19 02:04:41,610 - Server_DefaultID - INFO - Client 34: Acc=83.33, Loss=-342.7527, NLL=-1161.6510, KL=13.9632, AvgS=499.95, ProxLoss=0.0000
2026-03-19 02:04:41,610 - Server_DefaultID - INFO - Training client 51 (4/30)...
2026-03-19 02:04:42,409 - Server_DefaultID - INFO - Client 51: Acc=66.88, Loss=-343.4496, NLL=-1160.9442, KL=13.9601, AvgS=499.64, ProxLoss=0.0000
2026-03-19 02:04:42,409 - Server_DefaultID - INFO - Training client 78 (5/30)...
2026-03-19 02:04:49,439 - Server_DefaultID - INFO - Client 78: Acc=97.18, Loss=-341.8821, NLL=-1161.7464, KL=13.9635, AvgS=499.99, ProxLoss=0.0000
2026-03-19 02:04:49,439 - Server_DefaultID - INFO - Training client 50 (6/30)...
2026-03-19 02:04:54,948 - Server_DefaultID - INFO - Client 50: Acc=97.55, Loss=-340.8169, NLL=-1161.7595, KL=13.9636, AvgS=500.00, ProxLoss=0.0000
2026-03-19 02:04:54,948 - Server_DefaultID - INFO - Training client 63 (7/30)...
2026-03-19 02:04:56,104 - Server_DefaultID - INFO - Client 63: Acc=97.56, Loss=-342.3827, NLL=-1161.6801, KL=13.9633, AvgS=499.96, ProxLoss=0.0000
2026-03-19 02:04:56,104 - Server_DefaultID - INFO - Training client 66 (8/30)...
2026-03-19 02:04:57,623 - Server_DefaultID - INFO - Client 66: Acc=94.87, Loss=-341.4261, NLL=-1161.6513, KL=13.9632, AvgS=499.95, ProxLoss=0.0000
2026-03-19 02:04:57,623 - Server_DefaultID - INFO - Training client 79 (9/30)...
2026-03-19 02:04:58,929 - Server_DefaultID - INFO - Client 79: Acc=94.19, Loss=-340.6032, NLL=-1161.7669, KL=13.9636, AvgS=500.00, ProxLoss=0.0000
2026-03-19 02:04:58,930 - Server_DefaultID - INFO - Training client 83 (10/30)...
2026-03-19 02:05:01,368 - Server_DefaultID - INFO - Client 83: Acc=99.72, Loss=-339.5837, NLL=-1161.7596, KL=13.9636, AvgS=500.00, ProxLoss=0.0000
2026-03-19 02:05:01,368 - Server_DefaultID - INFO - Training client 70 (11/30)...
2026-03-19 02:05:02,617 - Server_DefaultID - INFO - Client 70: Acc=87.12, Loss=-340.8202, NLL=-1161.6760, KL=13.9633, AvgS=499.96, ProxLoss=0.0000
2026-03-19 02:05:02,617 - Server_DefaultID - INFO - Training client 59 (12/30)...
2026-03-19 02:05:04,718 - Server_DefaultID - INFO - Client 59: Acc=97.12, Loss=-342.1562, NLL=-1161.7525, KL=13.9636, AvgS=499.99, ProxLoss=0.0000
2026-03-19 02:05:04,718 - Server_DefaultID - INFO - Training client 52 (13/30)...
2026-03-19 02:05:05,586 - Server_DefaultID - INFO - Client 52: Acc=89.69, Loss=-342.0342, NLL=-1161.6169, KL=13.9630, AvgS=499.93, ProxLoss=0.0000
2026-03-19 02:05:05,586 - Server_DefaultID - INFO - Training client 23 (14/30)...
2026-03-19 02:05:06,061 - Server_DefaultID - INFO - Client 23: Acc=82.03, Loss=-306.2032, NLL=-1045.0019, KL=13.4764, AvgS=449.59, ProxLoss=0.0000
2026-03-19 02:05:06,061 - Server_DefaultID - INFO - Training client 17 (15/30)...
2026-03-19 02:05:06,759 - Server_DefaultID - INFO - Client 17: Acc=79.38, Loss=-342.8027, NLL=-1161.6252, KL=13.9631, AvgS=499.94, ProxLoss=0.0000
2026-03-19 02:05:06,759 - Server_DefaultID - INFO - Training client 15 (16/30)...
2026-03-19 02:05:07,575 - Server_DefaultID - INFO - Client 15: Acc=60.31, Loss=-342.2504, NLL=-1161.5171, KL=13.9626, AvgS=499.89, ProxLoss=0.0000
2026-03-19 02:05:07,575 - Server_DefaultID - INFO - Training client 40 (17/30)...
2026-03-19 02:05:09,179 - Server_DefaultID - INFO - Client 40: Acc=95.05, Loss=-343.8004, NLL=-1161.7361, KL=13.9635, AvgS=499.99, ProxLoss=0.0000
2026-03-19 02:05:09,179 - Server_DefaultID - INFO - Training client 32 (18/30)...
2026-03-19 02:05:10,774 - Server_DefaultID - INFO - Client 32: Acc=97.60, Loss=-342.6290, NLL=-1161.7334, KL=13.9635, AvgS=499.98, ProxLoss=0.0000
2026-03-19 02:05:10,774 - Server_DefaultID - INFO - Training client 98 (19/30)...
2026-03-19 02:05:11,594 - Server_DefaultID - INFO - Client 98: Acc=96.56, Loss=-340.5535, NLL=-1161.6426, KL=13.9631, AvgS=499.95, ProxLoss=0.0000
2026-03-19 02:05:11,595 - Server_DefaultID - INFO - Training client 58 (20/30)...
2026-03-19 02:05:13,405 - Server_DefaultID - INFO - Client 58: Acc=84.51, Loss=-340.6859, NLL=-1161.7567, KL=13.9636, AvgS=499.99, ProxLoss=0.0000
2026-03-19 02:05:13,405 - Server_DefaultID - INFO - Training client 61 (21/30)...
2026-03-19 02:05:14,778 - Server_DefaultID - INFO - Client 61: Acc=92.62, Loss=-344.0867, NLL=-1161.6926, KL=13.9633, AvgS=499.97, ProxLoss=0.0000
2026-03-19 02:05:14,778 - Server_DefaultID - INFO - Training client 28 (22/30)...
2026-03-19 02:05:15,237 - Server_DefaultID - INFO - Client 28: Acc=94.06, Loss=-338.9896, NLL=-1156.6844, KL=13.9424, AvgS=497.80, ProxLoss=0.0000
2026-03-19 02:05:15,237 - Server_DefaultID - INFO - Training client 41 (23/30)...
2026-03-19 02:05:17,414 - Server_DefaultID - INFO - Client 41: Acc=98.36, Loss=-341.4559, NLL=-1161.7655, KL=13.9636, AvgS=500.00, ProxLoss=0.0000
2026-03-19 02:05:17,414 - Server_DefaultID - INFO - Training client 14 (24/30)...
2026-03-19 02:05:19,614 - Server_DefaultID - INFO - Client 14: Acc=91.98, Loss=-340.6003, NLL=-1161.7424, KL=13.9635, AvgS=499.99, ProxLoss=0.0000
2026-03-19 02:05:19,615 - Server_DefaultID - INFO - Training client 56 (25/30)...
2026-03-19 02:05:21,763 - Server_DefaultID - INFO - Client 56: Acc=88.59, Loss=-341.7660, NLL=-1161.7038, KL=13.9634, AvgS=499.97, ProxLoss=0.0000
2026-03-19 02:05:21,764 - Server_DefaultID - INFO - Training client 22 (26/30)...
2026-03-19 02:05:22,386 - Server_DefaultID - INFO - Client 22: Acc=93.28, Loss=-342.2234, NLL=-1161.5998, KL=13.9630, AvgS=499.93, ProxLoss=0.0000
2026-03-19 02:05:22,386 - Server_DefaultID - INFO - Training client 33 (27/30)...
2026-03-19 02:05:25,286 - Server_DefaultID - INFO - Client 33: Acc=84.64, Loss=-343.6186, NLL=-1161.6732, KL=13.9633, AvgS=499.96, ProxLoss=0.0000
2026-03-19 02:05:25,287 - Server_DefaultID - INFO - Training client 0 (28/30)...
2026-03-19 02:05:25,791 - Server_DefaultID - INFO - Client 0: Acc=38.75, Loss=-340.4078, NLL=-1156.9501, KL=13.9441, AvgS=497.92, ProxLoss=0.0000
2026-03-19 02:05:25,791 - Server_DefaultID - INFO - Training client 77 (29/30)...
2026-03-19 02:05:29,454 - Server_DefaultID - INFO - Client 77: Acc=97.96, Loss=-341.7246, NLL=-1161.7453, KL=13.9635, AvgS=499.99, ProxLoss=0.0000
2026-03-19 02:05:29,454 - Server_DefaultID - INFO - Training client 20 (30/30)...
2026-03-19 02:05:31,263 - Server_DefaultID - INFO - Client 20: Acc=89.90, Loss=-344.4814, NLL=-1161.7456, KL=13.9635, AvgS=499.99, ProxLoss=0.0000
2026-03-19 02:05:31,567 - Server_DefaultID - WARNING - Global prior extremely imbalanced (max/min=1.0), applied adaptive smoothing lam=0.10.
2026-03-19 02:05:31,568 - Server_DefaultID - INFO - Round [72/200] Summary | Avg Client Train Stats:	Loss [-341.5103]	 Acc [93.47]	NLL [-1161.1392]	 KL [13.9610]	AvgS [499.73]	 ProxLoss [0.0000]
GlobalPriorAlpha (first 10): [5.0, 5.0, 5.0, 5.0, 5.0, 5.0, 5.0, 5.0, 5.0, 5.0]
Round Time: 54.00s
2026-03-19 02:05:31,571 - Server_DefaultID - INFO - --- Global Round 73/200 ---
2026-03-19 02:05:31,571 - Server_DefaultID - INFO - Selected 30 active clients for round 73.
2026-03-19 02:05:31,571 - Server_DefaultID - INFO - Training client 92 (1/30)...
2026-03-19 02:05:32,796 - Server_DefaultID - INFO - Client 92: Acc=95.31, Loss=-341.8454, NLL=-1161.7357, KL=13.9635, AvgS=499.99, ProxLoss=0.0000
2026-03-19 02:05:32,796 - Server_DefaultID - INFO - Training client 77 (2/30)...
2026-03-19 02:05:36,644 - Server_DefaultID - INFO - Client 77: Acc=98.08, Loss=-341.5918, NLL=-1161.7123, KL=13.9634, AvgS=499.98, ProxLoss=0.0000
2026-03-19 02:05:36,647 - Server_DefaultID - INFO - Training client 95 (3/30)...
2026-03-19 02:05:38,767 - Server_DefaultID - INFO - Client 95: Acc=96.11, Loss=-340.9820, NLL=-1161.7398, KL=13.9635, AvgS=499.99, ProxLoss=0.0000
2026-03-19 02:05:38,767 - Server_DefaultID - INFO - Training client 20 (4/30)...
2026-03-19 02:05:40,459 - Server_DefaultID - INFO - Client 20: Acc=93.49, Loss=-344.4522, NLL=-1161.7458, KL=13.9635, AvgS=499.99, ProxLoss=0.0000
2026-03-19 02:05:40,459 - Server_DefaultID - INFO - Training client 43 (5/30)...
2026-03-19 02:05:43,548 - Server_DefaultID - INFO - Client 43: Acc=97.39, Loss=-341.8165, NLL=-1161.7614, KL=13.9636, AvgS=500.00, ProxLoss=0.0000
2026-03-19 02:05:43,549 - Server_DefaultID - INFO - Training client 89 (6/30)...
2026-03-19 02:05:46,830 - Server_DefaultID - INFO - Client 89: Acc=99.22, Loss=-340.3113, NLL=-1161.7568, KL=13.9636, AvgS=499.99, ProxLoss=0.0000
2026-03-19 02:05:46,830 - Server_DefaultID - INFO - Training client 51 (7/30)...
2026-03-19 02:05:47,586 - Server_DefaultID - INFO - Client 51: Acc=72.97, Loss=-343.8665, NLL=-1161.5750, KL=13.9629, AvgS=499.92, ProxLoss=0.0000
2026-03-19 02:05:47,587 - Server_DefaultID - INFO - Training client 85 (8/30)...
2026-03-19 02:05:50,683 - Server_DefaultID - INFO - Client 85: Acc=99.77, Loss=-339.4631, NLL=-1161.7688, KL=13.9636, AvgS=500.00, ProxLoss=0.0000
2026-03-19 02:05:50,683 - Server_DefaultID - INFO - Training client 53 (9/30)...
2026-03-19 02:05:53,071 - Server_DefaultID - INFO - Client 53: Acc=97.78, Loss=-341.2970, NLL=-1161.7589, KL=13.9636, AvgS=500.00, ProxLoss=0.0000
2026-03-19 02:05:53,071 - Server_DefaultID - INFO - Training client 49 (10/30)...
2026-03-19 02:05:54,926 - Server_DefaultID - INFO - Client 49: Acc=97.86, Loss=-341.8172, NLL=-1161.7575, KL=13.9636, AvgS=499.99, ProxLoss=0.0000
2026-03-19 02:05:54,926 - Server_DefaultID - INFO - Training client 2 (11/30)...
2026-03-19 02:05:57,197 - Server_DefaultID - INFO - Client 2: Acc=79.13, Loss=-341.8489, NLL=-1161.7593, KL=13.9636, AvgS=500.00, ProxLoss=0.0000
2026-03-19 02:05:57,197 - Server_DefaultID - INFO - Training client 94 (12/30)...
2026-03-19 02:06:00,895 - Server_DefaultID - INFO - Client 94: Acc=97.39, Loss=-341.9945, NLL=-1161.7261, KL=13.9635, AvgS=499.98, ProxLoss=0.0000
2026-03-19 02:06:00,895 - Server_DefaultID - INFO - Training client 44 (13/30)...
2026-03-19 02:06:02,907 - Server_DefaultID - INFO - Client 44: Acc=98.12, Loss=-341.7824, NLL=-1161.7193, KL=13.9634, AvgS=499.98, ProxLoss=0.0000
2026-03-19 02:06:02,907 - Server_DefaultID - INFO - Training client 38 (14/30)...
2026-03-19 02:06:03,531 - Server_DefaultID - INFO - Client 38: Acc=81.72, Loss=-344.1921, NLL=-1161.6338, KL=13.9631, AvgS=499.94, ProxLoss=0.0000
2026-03-19 02:06:03,532 - Server_DefaultID - INFO - Training client 70 (15/30)...
2026-03-19 02:06:04,745 - Server_DefaultID - INFO - Client 70: Acc=90.75, Loss=-340.9128, NLL=-1161.7116, KL=13.9634, AvgS=499.97, ProxLoss=0.0000
2026-03-19 02:06:04,745 - Server_DefaultID - INFO - Training client 47 (16/30)...
2026-03-19 02:06:06,178 - Server_DefaultID - INFO - Client 47: Acc=97.34, Loss=-343.6101, NLL=-1161.7226, KL=13.9634, AvgS=499.98, ProxLoss=0.0000
2026-03-19 02:06:06,178 - Server_DefaultID - INFO - Training client 68 (17/30)...
2026-03-19 02:06:08,489 - Server_DefaultID - INFO - Client 68: Acc=98.85, Loss=-340.6215, NLL=-1161.7197, KL=13.9634, AvgS=499.98, ProxLoss=0.0000
2026-03-19 02:06:08,489 - Server_DefaultID - INFO - Training client 73 (18/30)...
2026-03-19 02:06:11,319 - Server_DefaultID - INFO - Client 73: Acc=98.37, Loss=-341.2223, NLL=-1161.7360, KL=13.9635, AvgS=499.99, ProxLoss=0.0000
2026-03-19 02:06:11,319 - Server_DefaultID - INFO - Training client 91 (19/30)...
2026-03-19 02:06:12,152 - Server_DefaultID - INFO - Client 91: Acc=95.83, Loss=-340.4855, NLL=-1161.5077, KL=13.9626, AvgS=499.89, ProxLoss=0.0000
2026-03-19 02:06:12,152 - Server_DefaultID - INFO - Training client 41 (20/30)...
2026-03-19 02:06:14,079 - Server_DefaultID - INFO - Client 41: Acc=97.89, Loss=-341.3427, NLL=-1161.7481, KL=13.9635, AvgS=499.99, ProxLoss=0.0000
2026-03-19 02:06:14,079 - Server_DefaultID - INFO - Training client 17 (21/30)...
2026-03-19 02:06:14,668 - Server_DefaultID - INFO - Client 17: Acc=80.16, Loss=-342.9400, NLL=-1161.7041, KL=13.9634, AvgS=499.97, ProxLoss=0.0000
2026-03-19 02:06:14,669 - Server_DefaultID - INFO - Training client 93 (22/30)...
2026-03-19 02:06:15,440 - Server_DefaultID - INFO - Client 93: Acc=60.16, Loss=-342.6664, NLL=-1161.4242, KL=13.9622, AvgS=499.85, ProxLoss=0.0000
2026-03-19 02:06:15,440 - Server_DefaultID - INFO - Training client 19 (23/30)...
2026-03-19 02:06:18,560 - Server_DefaultID - INFO - Client 19: Acc=95.45, Loss=-340.5246, NLL=-1161.7251, KL=13.9635, AvgS=499.98, ProxLoss=0.0000
2026-03-19 02:06:18,560 - Server_DefaultID - INFO - Training client 3 (24/30)...
2026-03-19 02:06:20,091 - Server_DefaultID - INFO - Client 3: Acc=64.06, Loss=-343.6535, NLL=-1161.7215, KL=13.9634, AvgS=499.98, ProxLoss=0.0000
2026-03-19 02:06:20,091 - Server_DefaultID - INFO - Training client 12 (25/30)...
2026-03-19 02:06:21,538 - Server_DefaultID - INFO - Client 12: Acc=72.69, Loss=-343.4812, NLL=-1161.7300, KL=13.9635, AvgS=499.98, ProxLoss=0.0000
2026-03-19 02:06:21,538 - Server_DefaultID - INFO - Training client 42 (26/30)...
2026-03-19 02:06:22,899 - Server_DefaultID - INFO - Client 42: Acc=95.21, Loss=-341.7593, NLL=-1161.7463, KL=13.9635, AvgS=499.99, ProxLoss=0.0000
2026-03-19 02:06:22,899 - Server_DefaultID - INFO - Training client 80 (27/30)...
2026-03-19 02:06:23,383 - Server_DefaultID - INFO - Client 80: Acc=66.25, Loss=-342.1084, NLL=-1159.9486, KL=13.9564, AvgS=499.22, ProxLoss=0.0000
2026-03-19 02:06:23,383 - Server_DefaultID - INFO - Training client 71 (28/30)...
2026-03-19 02:06:23,969 - Server_DefaultID - INFO - Client 71: Acc=82.19, Loss=-343.1803, NLL=-1161.7696, KL=13.9636, AvgS=500.00, ProxLoss=0.0000
2026-03-19 02:06:23,970 - Server_DefaultID - INFO - Training client 39 (29/30)...
2026-03-19 02:06:27,289 - Server_DefaultID - INFO - Client 39: Acc=97.38, Loss=-342.1468, NLL=-1161.7292, KL=13.9635, AvgS=499.98, ProxLoss=0.0000
2026-03-19 02:06:27,289 - Server_DefaultID - INFO - Training client 96 (30/30)...
2026-03-19 02:06:29,568 - Server_DefaultID - INFO - Client 96: Acc=96.98, Loss=-342.0941, NLL=-1161.7454, KL=13.9635, AvgS=499.99, ProxLoss=0.0000
2026-03-19 02:06:29,699 - Server_DefaultID - WARNING - Global prior extremely imbalanced (max/min=1.0), applied adaptive smoothing lam=0.10.
2026-03-19 02:06:29,699 - Server_DefaultID - INFO - Round [73/200] Summary | Avg Client Train Stats:	Loss [-341.6299]	 Acc [93.86]	NLL [-1161.7178]	 KL [13.9634]	AvgS [499.98]	 ProxLoss [0.0000]
GlobalPriorAlpha (first 10): [5.0, 5.0, 5.0, 5.0, 5.0, 5.0, 5.0, 5.0, 5.0, 5.0]
Round Time: 58.13s
2026-03-19 02:06:29,702 - Server_DefaultID - INFO - --- Global Round 74/200 ---
2026-03-19 02:06:29,703 - Server_DefaultID - INFO - Selected 30 active clients for round 74.
2026-03-19 02:06:29,703 - Server_DefaultID - INFO - Training client 72 (1/30)...
2026-03-19 02:06:30,827 - Server_DefaultID - INFO - Client 72: Acc=96.80, Loss=-341.1731, NLL=-1161.7103, KL=13.9634, AvgS=499.97, ProxLoss=0.0000
2026-03-19 02:06:30,827 - Server_DefaultID - INFO - Training client 82 (2/30)...
2026-03-19 02:06:33,200 - Server_DefaultID - INFO - Client 82: Acc=97.06, Loss=-341.6984, NLL=-1161.7380, KL=13.9635, AvgS=499.99, ProxLoss=0.0000
2026-03-19 02:06:33,201 - Server_DefaultID - INFO - Training client 66 (3/30)...
2026-03-19 02:06:34,900 - Server_DefaultID - INFO - Client 66: Acc=96.56, Loss=-341.3946, NLL=-1161.7267, KL=13.9635, AvgS=499.98, ProxLoss=0.0000
2026-03-19 02:06:34,900 - Server_DefaultID - INFO - Training client 12 (4/30)...
2026-03-19 02:06:36,103 - Server_DefaultID - INFO - Client 12: Acc=72.62, Loss=-343.5249, NLL=-1161.7330, KL=13.9635, AvgS=499.98, ProxLoss=0.0000
2026-03-19 02:06:36,103 - Server_DefaultID - INFO - Training client 84 (5/30)...
2026-03-19 02:06:36,491 - Server_DefaultID - INFO - Client 84: Acc=66.04, Loss=-330.6346, NLL=-1127.5835, KL=13.8233, AvgS=485.23, ProxLoss=0.0000
2026-03-19 02:06:36,491 - Server_DefaultID - INFO - Training client 6 (6/30)...
2026-03-19 02:06:37,217 - Server_DefaultID - INFO - Client 6: Acc=58.44, Loss=-341.5427, NLL=-1161.6683, KL=13.9632, AvgS=499.96, ProxLoss=0.0000
2026-03-19 02:06:37,217 - Server_DefaultID - INFO - Training client 24 (7/30)...
2026-03-19 02:06:37,630 - Server_DefaultID - INFO - Client 24: Acc=51.56, Loss=-339.3489, NLL=-1147.4833, KL=13.9056, AvgS=493.83, ProxLoss=0.0000
2026-03-19 02:06:37,630 - Server_DefaultID - INFO - Training client 45 (8/30)...
2026-03-19 02:06:39,478 - Server_DefaultID - INFO - Client 45: Acc=85.20, Loss=-341.6327, NLL=-1161.6194, KL=13.9630, AvgS=499.94, ProxLoss=0.0000
2026-03-19 02:06:39,478 - Server_DefaultID - INFO - Training client 38 (9/30)...
2026-03-19 02:06:40,074 - Server_DefaultID - INFO - Client 38: Acc=83.59, Loss=-344.3980, NLL=-1161.7558, KL=13.9636, AvgS=499.99, ProxLoss=0.0000
2026-03-19 02:06:40,074 - Server_DefaultID - INFO - Training client 1 (10/30)...
2026-03-19 02:06:40,650 - Server_DefaultID - INFO - Client 1: Acc=50.78, Loss=-342.0280, NLL=-1161.5310, KL=13.9627, AvgS=499.90, ProxLoss=0.0000
2026-03-19 02:06:40,650 - Server_DefaultID - INFO - Training client 78 (11/30)...
2026-03-19 02:06:47,217 - Server_DefaultID - INFO - Client 78: Acc=97.06, Loss=-341.8337, NLL=-1161.7517, KL=13.9636, AvgS=499.99, ProxLoss=0.0000
2026-03-19 02:06:47,217 - Server_DefaultID - INFO - Training client 85 (12/30)...
2026-03-19 02:06:50,008 - Server_DefaultID - INFO - Client 85: Acc=99.74, Loss=-339.4641, NLL=-1161.7325, KL=13.9635, AvgS=499.98, ProxLoss=0.0000
2026-03-19 02:06:50,008 - Server_DefaultID - INFO - Training client 19 (13/30)...
2026-03-19 02:06:53,292 - Server_DefaultID - INFO - Client 19: Acc=95.47, Loss=-340.4765, NLL=-1161.7692, KL=13.9636, AvgS=500.00, ProxLoss=0.0000
2026-03-19 02:06:53,292 - Server_DefaultID - INFO - Training client 75 (14/30)...
2026-03-19 02:06:55,286 - Server_DefaultID - INFO - Client 75: Acc=97.70, Loss=-340.8875, NLL=-1161.7699, KL=13.9636, AvgS=500.00, ProxLoss=0.0000
2026-03-19 02:06:55,286 - Server_DefaultID - INFO - Training client 59 (15/30)...
2026-03-19 02:06:57,660 - Server_DefaultID - INFO - Client 59: Acc=97.57, Loss=-342.0602, NLL=-1161.7528, KL=13.9636, AvgS=499.99, ProxLoss=0.0000
2026-03-19 02:06:57,660 - Server_DefaultID - INFO - Training client 48 (16/30)...
2026-03-19 02:07:01,564 - Server_DefaultID - INFO - Client 48: Acc=96.29, Loss=-342.0624, NLL=-1161.7314, KL=13.9635, AvgS=499.98, ProxLoss=0.0000
2026-03-19 02:07:01,564 - Server_DefaultID - INFO - Training client 0 (17/30)...
2026-03-19 02:07:02,041 - Server_DefaultID - INFO - Client 0: Acc=40.94, Loss=-341.7540, NLL=-1160.5390, KL=13.9585, AvgS=499.47, ProxLoss=0.0000
2026-03-19 02:07:02,041 - Server_DefaultID - INFO - Training client 20 (18/30)...
2026-03-19 02:07:03,702 - Server_DefaultID - INFO - Client 20: Acc=94.11, Loss=-344.4401, NLL=-1161.7689, KL=13.9636, AvgS=500.00, ProxLoss=0.0000
2026-03-19 02:07:03,702 - Server_DefaultID - INFO - Training client 91 (19/30)...
2026-03-19 02:07:05,844 - Server_DefaultID - INFO - Client 91: Acc=96.46, Loss=-340.3931, NLL=-1161.3973, KL=13.9622, AvgS=499.84, ProxLoss=0.0000
2026-03-19 02:07:05,844 - Server_DefaultID - INFO - Training client 92 (20/30)...
2026-03-19 02:07:07,034 - Server_DefaultID - INFO - Client 92: Acc=96.88, Loss=-341.6732, NLL=-1161.6358, KL=13.9631, AvgS=499.94, ProxLoss=0.0000
2026-03-19 02:07:07,034 - Server_DefaultID - INFO - Training client 77 (21/30)...
2026-03-19 02:07:10,287 - Server_DefaultID - INFO - Client 77: Acc=98.52, Loss=-341.6324, NLL=-1161.7494, KL=13.9635, AvgS=499.99, ProxLoss=0.0000
2026-03-19 02:07:10,287 - Server_DefaultID - INFO - Training client 25 (22/30)...
2026-03-19 02:07:10,992 - Server_DefaultID - INFO - Client 25: Acc=95.00, Loss=-341.4535, NLL=-1161.5446, KL=13.9628, AvgS=499.90, ProxLoss=0.0000
2026-03-19 02:07:10,992 - Server_DefaultID - INFO - Training client 90 (23/30)...
2026-03-19 02:07:13,265 - Client_90 - WARNING - Client 90: Too few classes (1) or samples (592) for alpha report, returning uniform.
2026-03-19 02:07:13,265 - Server_DefaultID - INFO - Client 90: Acc=100.00, Loss=-339.2670, NLL=-1161.7684, KL=13.9636, AvgS=500.00, ProxLoss=0.0000
2026-03-19 02:07:13,265 - Server_DefaultID - INFO - Training client 87 (24/30)...
2026-03-19 02:07:15,225 - Server_DefaultID - INFO - Client 87: Acc=96.92, Loss=-344.1127, NLL=-1161.6990, KL=13.9634, AvgS=499.97, ProxLoss=0.0000
2026-03-19 02:07:15,225 - Server_DefaultID - INFO - Training client 88 (25/30)...
2026-03-19 02:07:16,791 - Server_DefaultID - INFO - Client 88: Acc=75.94, Loss=-342.7774, NLL=-1161.7544, KL=13.9636, AvgS=499.99, ProxLoss=0.0000
2026-03-19 02:07:16,791 - Server_DefaultID - INFO - Training client 11 (26/30)...
2026-03-19 02:07:18,297 - Server_DefaultID - INFO - Client 11: Acc=90.05, Loss=-342.1893, NLL=-1161.7530, KL=13.9636, AvgS=499.99, ProxLoss=0.0000
2026-03-19 02:07:18,297 - Server_DefaultID - INFO - Training client 16 (27/30)...
2026-03-19 02:07:18,986 - Server_DefaultID - INFO - Client 16: Acc=51.41, Loss=-341.0848, NLL=-1161.1907, KL=13.9614, AvgS=499.75, ProxLoss=0.0000
2026-03-19 02:07:18,986 - Server_DefaultID - INFO - Training client 76 (28/30)...
2026-03-19 02:07:20,960 - Server_DefaultID - INFO - Client 76: Acc=97.62, Loss=-343.8130, NLL=-1161.7646, KL=13.9636, AvgS=500.00, ProxLoss=0.0000
2026-03-19 02:07:20,961 - Server_DefaultID - INFO - Training client 55 (29/30)...
2026-03-19 02:07:27,788 - Server_DefaultID - INFO - Client 55: Acc=95.29, Loss=-342.5953, NLL=-1161.7385, KL=13.9635, AvgS=499.99, ProxLoss=0.0000
2026-03-19 02:07:27,788 - Server_DefaultID - INFO - Training client 95 (30/30)...
2026-03-19 02:07:29,964 - Server_DefaultID - INFO - Client 95: Acc=96.46, Loss=-340.9485, NLL=-1161.7407, KL=13.9635, AvgS=499.99, ProxLoss=0.0000
2026-03-19 02:07:30,103 - Server_DefaultID - WARNING - Global prior extremely imbalanced (max/min=1.0), applied adaptive smoothing lam=0.10.
2026-03-19 02:07:30,104 - Server_DefaultID - INFO - Round [74/200] Summary | Avg Client Train Stats:	Loss [-341.7538]	 Acc [92.97]	NLL [-1161.5201]	 KL [13.9626]	AvgS [499.89]	 ProxLoss [0.0000]
GlobalPriorAlpha (first 10): [5.0, 5.0, 5.0, 5.0, 5.0, 5.0, 5.0, 5.0, 5.0, 5.0]
Round Time: 60.40s
2026-03-19 02:07:30,107 - Server_DefaultID - INFO - --- Global Round 75/200 ---
2026-03-19 02:07:30,107 - Server_DefaultID - INFO - Selected 30 active clients for round 75.
2026-03-19 02:07:30,107 - Server_DefaultID - INFO - Training client 62 (1/30)...
2026-03-19 02:07:30,740 - Server_DefaultID - INFO - Client 62: Acc=89.84, Loss=-342.0145, NLL=-1159.9479, KL=13.9555, AvgS=499.21, ProxLoss=0.0000
2026-03-19 02:07:30,740 - Server_DefaultID - INFO - Training client 27 (2/30)...
2026-03-19 02:07:31,597 - Server_DefaultID - INFO - Client 27: Acc=94.48, Loss=-343.0397, NLL=-1161.5436, KL=13.9627, AvgS=499.90, ProxLoss=0.0000
2026-03-19 02:07:31,598 - Server_DefaultID - INFO - Training client 70 (3/30)...
2026-03-19 02:07:32,950 - Server_DefaultID - INFO - Client 70: Acc=90.88, Loss=-340.8264, NLL=-1161.6584, KL=13.9632, AvgS=499.95, ProxLoss=0.0000
2026-03-19 02:07:32,950 - Server_DefaultID - INFO - Training client 14 (4/30)...
2026-03-19 02:07:34,935 - Server_DefaultID - INFO - Client 14: Acc=93.61, Loss=-340.4807, NLL=-1161.7240, KL=13.9634, AvgS=499.98, ProxLoss=0.0000
2026-03-19 02:07:34,935 - Server_DefaultID - INFO - Training client 77 (5/30)...
2026-03-19 02:07:39,575 - Server_DefaultID - INFO - Client 77: Acc=98.60, Loss=-341.5843, NLL=-1161.7296, KL=13.9635, AvgS=499.98, ProxLoss=0.0000
2026-03-19 02:07:39,575 - Server_DefaultID - INFO - Training client 81 (6/30)...
2026-03-19 02:07:41,414 - Server_DefaultID - INFO - Client 81: Acc=97.50, Loss=-341.9469, NLL=-1161.7576, KL=13.9636, AvgS=499.99, ProxLoss=0.0000
2026-03-19 02:07:41,414 - Server_DefaultID - INFO - Training client 80 (7/30)...
2026-03-19 02:07:41,873 - Server_DefaultID - INFO - Client 80: Acc=70.62, Loss=-342.6187, NLL=-1161.0742, KL=13.9609, AvgS=499.70, ProxLoss=0.0000
2026-03-19 02:07:41,873 - Server_DefaultID - INFO - Training client 79 (8/30)...
2026-03-19 02:07:43,270 - Server_DefaultID - INFO - Client 79: Acc=94.19, Loss=-340.4750, NLL=-1161.7598, KL=13.9636, AvgS=500.00, ProxLoss=0.0000
2026-03-19 02:07:43,271 - Server_DefaultID - INFO - Training client 72 (9/30)...
2026-03-19 02:07:44,312 - Server_DefaultID - INFO - Client 72: Acc=96.88, Loss=-340.9314, NLL=-1161.6505, KL=13.9632, AvgS=499.95, ProxLoss=0.0000
2026-03-19 02:07:44,312 - Server_DefaultID - INFO - Training client 8 (10/30)...
2026-03-19 02:07:44,957 - Server_DefaultID - INFO - Client 8: Acc=87.66, Loss=-341.6138, NLL=-1161.7544, KL=13.9636, AvgS=499.99, ProxLoss=0.0000
2026-03-19 02:07:44,958 - Server_DefaultID - INFO - Training client 73 (11/30)...
2026-03-19 02:07:48,069 - Server_DefaultID - INFO - Client 73: Acc=97.74, Loss=-341.1205, NLL=-1161.7535, KL=13.9636, AvgS=499.99, ProxLoss=0.0000
2026-03-19 02:07:48,069 - Server_DefaultID - INFO - Training client 20 (12/30)...
2026-03-19 02:07:49,539 - Server_DefaultID - INFO - Client 20: Acc=94.06, Loss=-344.3494, NLL=-1161.7004, KL=13.9634, AvgS=499.97, ProxLoss=0.0000
2026-03-19 02:07:49,539 - Server_DefaultID - INFO - Training client 24 (13/30)...
2026-03-19 02:07:49,920 - Server_DefaultID - INFO - Client 24: Acc=48.12, Loss=-341.5210, NLL=-1155.1041, KL=13.9368, AvgS=497.12, ProxLoss=0.0000
2026-03-19 02:07:49,920 - Server_DefaultID - INFO - Training client 13 (14/30)...
2026-03-19 02:07:50,279 - Server_DefaultID - INFO - Client 13: Acc=51.56, Loss=-340.7132, NLL=-1161.1462, KL=13.9612, AvgS=499.73, ProxLoss=0.0000
2026-03-19 02:07:50,279 - Server_DefaultID - INFO - Training client 12 (15/30)...
2026-03-19 02:07:51,475 - Server_DefaultID - INFO - Client 12: Acc=74.75, Loss=-343.3766, NLL=-1161.7316, KL=13.9635, AvgS=499.98, ProxLoss=0.0000
2026-03-19 02:07:51,475 - Server_DefaultID - INFO - Training client 33 (16/30)...
2026-03-19 02:07:53,512 - Server_DefaultID - INFO - Client 33: Acc=85.80, Loss=-343.5545, NLL=-1161.7460, KL=13.9635, AvgS=499.99, ProxLoss=0.0000
2026-03-19 02:07:53,512 - Server_DefaultID - INFO - Training client 25 (17/30)...
2026-03-19 02:07:54,260 - Server_DefaultID - INFO - Client 25: Acc=95.47, Loss=-341.7673, NLL=-1161.4307, KL=13.9622, AvgS=499.85, ProxLoss=0.0000
2026-03-19 02:07:54,260 - Server_DefaultID - INFO - Training client 97 (18/30)...
2026-03-19 02:07:59,819 - Server_DefaultID - INFO - Client 97: Acc=99.58, Loss=-339.5397, NLL=-1161.7533, KL=13.9636, AvgS=499.99, ProxLoss=0.0000
2026-03-19 02:07:59,819 - Server_DefaultID - INFO - Training client 41 (19/30)...
2026-03-19 02:08:01,662 - Server_DefaultID - INFO - Client 41: Acc=98.52, Loss=-341.3207, NLL=-1161.7069, KL=13.9634, AvgS=499.97, ProxLoss=0.0000
2026-03-19 02:08:01,662 - Server_DefaultID - INFO - Training client 11 (20/30)...
2026-03-19 02:08:03,259 - Server_DefaultID - INFO - Client 11: Acc=92.76, Loss=-342.1462, NLL=-1161.7037, KL=13.9634, AvgS=499.97, ProxLoss=0.0000
2026-03-19 02:08:03,259 - Server_DefaultID - INFO - Training client 16 (21/30)...
2026-03-19 02:08:04,032 - Server_DefaultID - INFO - Client 16: Acc=56.09, Loss=-341.2222, NLL=-1161.7503, KL=13.9635, AvgS=499.99, ProxLoss=0.0000
2026-03-19 02:08:04,032 - Server_DefaultID - INFO - Training client 52 (22/30)...
2026-03-19 02:08:04,935 - Server_DefaultID - INFO - Client 52: Acc=89.17, Loss=-342.0745, NLL=-1161.6788, KL=13.9633, AvgS=499.96, ProxLoss=0.0000
2026-03-19 02:08:04,935 - Server_DefaultID - INFO - Training client 98 (23/30)...
2026-03-19 02:08:05,718 - Server_DefaultID - INFO - Client 98: Acc=96.35, Loss=-340.5151, NLL=-1161.7699, KL=13.9636, AvgS=500.00, ProxLoss=0.0000
2026-03-19 02:08:05,719 - Server_DefaultID - INFO - Training client 61 (24/30)...
2026-03-19 02:08:07,065 - Server_DefaultID - INFO - Client 61: Acc=94.56, Loss=-343.8358, NLL=-1161.7239, KL=13.9634, AvgS=499.98, ProxLoss=0.0000
2026-03-19 02:08:07,066 - Server_DefaultID - INFO - Training client 49 (25/30)...
2026-03-19 02:08:08,761 - Server_DefaultID - INFO - Client 49: Acc=97.37, Loss=-341.7104, NLL=-1161.7270, KL=13.9635, AvgS=499.98, ProxLoss=0.0000
2026-03-19 02:08:08,761 - Server_DefaultID - INFO - Training client 48 (26/30)...
2026-03-19 02:08:13,517 - Server_DefaultID - INFO - Client 48: Acc=96.27, Loss=-342.0987, NLL=-1161.7309, KL=13.9635, AvgS=499.98, ProxLoss=0.0000
2026-03-19 02:08:13,517 - Server_DefaultID - INFO - Training client 47 (27/30)...
2026-03-19 02:08:14,871 - Server_DefaultID - INFO - Client 47: Acc=97.03, Loss=-343.5464, NLL=-1161.7299, KL=13.9635, AvgS=499.98, ProxLoss=0.0000
2026-03-19 02:08:14,871 - Server_DefaultID - INFO - Training client 85 (28/30)...
2026-03-19 02:08:17,646 - Client_85 - WARNING - Client 85: Too few classes (1) or samples (827) for alpha report, returning uniform.
2026-03-19 02:08:17,646 - Server_DefaultID - INFO - Client 85: Acc=99.77, Loss=-339.4242, NLL=-1161.7657, KL=13.9636, AvgS=500.00, ProxLoss=0.0000
2026-03-19 02:08:17,646 - Server_DefaultID - INFO - Training client 46 (29/30)...
2026-03-19 02:08:19,883 - Server_DefaultID - INFO - Client 46: Acc=92.19, Loss=-341.8263, NLL=-1161.7576, KL=13.9636, AvgS=499.99, ProxLoss=0.0000
2026-03-19 02:08:19,883 - Server_DefaultID - INFO - Training client 1 (30/30)...
2026-03-19 02:08:20,620 - Server_DefaultID - INFO - Client 1: Acc=62.66, Loss=-342.2773, NLL=-1161.6885, KL=13.9633, AvgS=499.96, ProxLoss=0.0000
2026-03-19 02:08:20,843 - Server_DefaultID - WARNING - Global prior extremely imbalanced (max/min=1.0), applied adaptive smoothing lam=0.10.
2026-03-19 02:08:20,844 - Server_DefaultID - INFO - Round [75/200] Summary | Avg Client Train Stats:	Loss [-341.4830]	 Acc [93.55]	NLL [-1161.6489]	 KL [13.9631]	AvgS [499.95]	 ProxLoss [0.0000]
GlobalPriorAlpha (first 10): [5.0, 5.0, 5.0, 5.0, 5.0, 5.0, 5.0, 5.0, 5.0, 5.0]
Round Time: 50.74s
2026-03-19 02:08:20,846 - Server_DefaultID - INFO - --- Global Round 76/200 ---
2026-03-19 02:08:20,847 - Server_DefaultID - INFO - Selected 30 active clients for round 76.
2026-03-19 02:08:20,847 - Server_DefaultID - INFO - Training client 32 (1/30)...
2026-03-19 02:08:22,398 - Server_DefaultID - INFO - Client 32: Acc=97.29, Loss=-342.4195, NLL=-1161.7346, KL=13.9635, AvgS=499.98, ProxLoss=0.0000
2026-03-19 02:08:22,398 - Server_DefaultID - INFO - Training client 8 (2/30)...
2026-03-19 02:08:23,059 - Server_DefaultID - INFO - Client 8: Acc=87.81, Loss=-341.5502, NLL=-1161.7665, KL=13.9636, AvgS=500.00, ProxLoss=0.0000
2026-03-19 02:08:23,059 - Server_DefaultID - INFO - Training client 54 (3/30)...
2026-03-19 02:08:23,731 - Server_DefaultID - INFO - Client 54: Acc=81.56, Loss=-340.7476, NLL=-1161.4703, KL=13.9624, AvgS=499.87, ProxLoss=0.0000
2026-03-19 02:08:23,731 - Server_DefaultID - INFO - Training client 92 (4/30)...
2026-03-19 02:08:24,954 - Server_DefaultID - INFO - Client 92: Acc=96.02, Loss=-341.6794, NLL=-1161.7690, KL=13.9636, AvgS=500.00, ProxLoss=0.0000
2026-03-19 02:08:24,954 - Server_DefaultID - INFO - Training client 2 (5/30)...
2026-03-19 02:08:27,367 - Server_DefaultID - INFO - Client 2: Acc=79.69, Loss=-341.7235, NLL=-1161.7271, KL=13.9635, AvgS=499.98, ProxLoss=0.0000
2026-03-19 02:08:27,367 - Server_DefaultID - INFO - Training client 73 (6/30)...
2026-03-19 02:08:30,630 - Server_DefaultID - INFO - Client 73: Acc=98.15, Loss=-341.0903, NLL=-1161.7581, KL=13.9636, AvgS=499.99, ProxLoss=0.0000
2026-03-19 02:08:30,630 - Server_DefaultID - INFO - Training client 76 (7/30)...
2026-03-19 02:08:32,708 - Server_DefaultID - INFO - Client 76: Acc=98.24, Loss=-343.7936, NLL=-1161.7378, KL=13.9635, AvgS=499.99, ProxLoss=0.0000
2026-03-19 02:08:32,708 - Server_DefaultID - INFO - Training client 87 (8/30)...
2026-03-19 02:08:34,631 - Server_DefaultID - INFO - Client 87: Acc=96.12, Loss=-344.0370, NLL=-1161.7517, KL=13.9636, AvgS=499.99, ProxLoss=0.0000
2026-03-19 02:08:34,632 - Server_DefaultID - INFO - Training client 66 (9/30)...
2026-03-19 02:08:36,496 - Server_DefaultID - INFO - Client 66: Acc=96.92, Loss=-341.4378, NLL=-1161.7679, KL=13.9636, AvgS=500.00, ProxLoss=0.0000
2026-03-19 02:08:36,496 - Server_DefaultID - INFO - Training client 86 (10/30)...
2026-03-19 02:08:37,884 - Server_DefaultID - INFO - Client 86: Acc=92.94, Loss=-341.7300, NLL=-1161.7043, KL=13.9634, AvgS=499.97, ProxLoss=0.0000
2026-03-19 02:08:37,884 - Server_DefaultID - INFO - Training client 24 (11/30)...
2026-03-19 02:08:38,264 - Server_DefaultID - INFO - Client 24: Acc=46.88, Loss=-341.8664, NLL=-1156.8944, KL=13.9440, AvgS=497.89, ProxLoss=0.0000
2026-03-19 02:08:38,264 - Server_DefaultID - INFO - Training client 77 (12/30)...
2026-03-19 02:08:41,961 - Server_DefaultID - INFO - Client 77: Acc=98.42, Loss=-341.6058, NLL=-1161.7653, KL=13.9636, AvgS=500.00, ProxLoss=0.0000
2026-03-19 02:08:41,962 - Server_DefaultID - INFO - Training client 71 (13/30)...
2026-03-19 02:08:42,566 - Server_DefaultID - INFO - Client 71: Acc=81.88, Loss=-342.7844, NLL=-1161.6122, KL=13.9630, AvgS=499.93, ProxLoss=0.0000
2026-03-19 02:08:42,566 - Server_DefaultID - INFO - Training client 13 (14/30)...
2026-03-19 02:08:42,960 - Server_DefaultID - INFO - Client 13: Acc=61.56, Loss=-340.8435, NLL=-1161.7580, KL=13.9636, AvgS=499.99, ProxLoss=0.0000
2026-03-19 02:08:42,960 - Server_DefaultID - INFO - Training client 5 (15/30)...
2026-03-19 02:08:43,535 - Server_DefaultID - INFO - Client 5: Acc=70.31, Loss=-342.8593, NLL=-1161.7675, KL=13.9636, AvgS=500.00, ProxLoss=0.0000
2026-03-19 02:08:43,535 - Server_DefaultID - INFO - Training client 30 (16/30)...
2026-03-19 02:08:46,473 - Server_DefaultID - INFO - Client 30: Acc=98.12, Loss=-340.4948, NLL=-1161.7181, KL=13.9634, AvgS=499.98, ProxLoss=0.0000
2026-03-19 02:08:46,473 - Server_DefaultID - INFO - Training client 29 (17/30)...
2026-03-19 02:08:47,530 - Server_DefaultID - INFO - Client 29: Acc=81.17, Loss=-341.4514, NLL=-1161.7696, KL=13.9636, AvgS=500.00, ProxLoss=0.0000
2026-03-19 02:08:47,530 - Server_DefaultID - INFO - Training client 6 (18/30)...
2026-03-19 02:08:48,427 - Server_DefaultID - INFO - Client 6: Acc=74.27, Loss=-341.5425, NLL=-1161.7398, KL=13.9635, AvgS=499.99, ProxLoss=0.0000
2026-03-19 02:08:48,427 - Server_DefaultID - INFO - Training client 42 (19/30)...
2026-03-19 02:08:49,860 - Server_DefaultID - INFO - Client 42: Acc=97.08, Loss=-341.7787, NLL=-1161.7535, KL=13.9636, AvgS=499.99, ProxLoss=0.0000
2026-03-19 02:08:49,860 - Server_DefaultID - INFO - Training client 98 (20/30)...
2026-03-19 02:08:50,790 - Server_DefaultID - INFO - Client 98: Acc=97.29, Loss=-340.3279, NLL=-1161.4414, KL=13.9623, AvgS=499.86, ProxLoss=0.0000
2026-03-19 02:08:50,790 - Server_DefaultID - INFO - Training client 68 (21/30)...
2026-03-19 02:08:53,237 - Server_DefaultID - INFO - Client 68: Acc=99.10, Loss=-340.5029, NLL=-1161.7194, KL=13.9634, AvgS=499.98, ProxLoss=0.0000
2026-03-19 02:08:53,237 - Server_DefaultID - INFO - Training client 20 (22/30)...
2026-03-19 02:08:54,783 - Server_DefaultID - INFO - Client 20: Acc=95.21, Loss=-344.1418, NLL=-1161.6442, KL=13.9631, AvgS=499.95, ProxLoss=0.0000
2026-03-19 02:08:54,783 - Server_DefaultID - INFO - Training client 31 (23/30)...
2026-03-19 02:08:56,992 - Server_DefaultID - INFO - Client 31: Acc=96.84, Loss=-341.7370, NLL=-1161.7291, KL=13.9635, AvgS=499.98, ProxLoss=0.0000
2026-03-19 02:08:56,992 - Server_DefaultID - INFO - Training client 15 (24/30)...
2026-03-19 02:08:57,655 - Server_DefaultID - INFO - Client 15: Acc=65.78, Loss=-341.9678, NLL=-1161.6604, KL=13.9632, AvgS=499.95, ProxLoss=0.0000
2026-03-19 02:08:57,655 - Server_DefaultID - INFO - Training client 57 (25/30)...
2026-03-19 02:09:01,947 - Server_DefaultID - INFO - Client 57: Acc=98.40, Loss=-341.4235, NLL=-1161.7501, KL=13.9635, AvgS=499.99, ProxLoss=0.0000
2026-03-19 02:09:01,947 - Server_DefaultID - INFO - Training client 83 (26/30)...
2026-03-19 02:09:04,291 - Server_DefaultID - INFO - Client 83: Acc=99.69, Loss=-339.4064, NLL=-1161.7483, KL=13.9635, AvgS=499.99, ProxLoss=0.0000
2026-03-19 02:09:04,291 - Server_DefaultID - INFO - Training client 28 (27/30)...
2026-03-19 02:09:04,731 - Server_DefaultID - INFO - Client 28: Acc=94.06, Loss=-339.5941, NLL=-1157.8087, KL=13.9472, AvgS=498.29, ProxLoss=0.0000
2026-03-19 02:09:04,731 - Server_DefaultID - INFO - Training client 67 (28/30)...
2026-03-19 02:09:06,361 - Server_DefaultID - INFO - Client 67: Acc=97.81, Loss=-342.8461, NLL=-1161.7438, KL=13.9635, AvgS=499.99, ProxLoss=0.0000
2026-03-19 02:09:06,361 - Server_DefaultID - INFO - Training client 7 (29/30)...
2026-03-19 02:09:07,993 - Server_DefaultID - INFO - Client 7: Acc=63.65, Loss=-341.8879, NLL=-1161.7147, KL=13.9634, AvgS=499.98, ProxLoss=0.0000
2026-03-19 02:09:07,993 - Server_DefaultID - INFO - Training client 84 (30/30)...
2026-03-19 02:09:08,453 - Server_DefaultID - INFO - Client 84: Acc=84.91, Loss=-333.4343, NLL=-1136.4056, KL=13.8574, AvgS=489.04, ProxLoss=0.0000
2026-03-19 02:09:08,596 - Server_DefaultID - WARNING - Global prior extremely imbalanced (max/min=1.0), applied adaptive smoothing lam=0.10.
2026-03-19 02:09:08,596 - Server_DefaultID - INFO - Round [76/200] Summary | Avg Client Train Stats:	Loss [-341.6305]	 Acc [92.81]	NLL [-1161.5389]	 KL [13.9627]	AvgS [499.90]	 ProxLoss [0.0000]
GlobalPriorAlpha (first 10): [5.0, 5.0, 5.0, 5.0, 5.0, 5.0, 5.0, 5.0, 5.0, 5.0]
Round Time: 47.75s
2026-03-19 02:09:08,598 - Server_DefaultID - INFO - --- Global Round 77/200 ---
2026-03-19 02:09:08,599 - Server_DefaultID - INFO - Selected 30 active clients for round 77.
2026-03-19 02:09:08,599 - Server_DefaultID - INFO - Training client 16 (1/30)...
2026-03-19 02:09:09,298 - Server_DefaultID - INFO - Client 16: Acc=60.47, Loss=-341.0800, NLL=-1161.4743, KL=13.9625, AvgS=499.87, ProxLoss=0.0000
2026-03-19 02:09:09,298 - Server_DefaultID - INFO - Training client 29 (2/30)...
2026-03-19 02:09:10,521 - Server_DefaultID - INFO - Client 29: Acc=81.80, Loss=-341.1509, NLL=-1161.5585, KL=13.9628, AvgS=499.91, ProxLoss=0.0000
2026-03-19 02:09:10,521 - Server_DefaultID - INFO - Training client 58 (3/30)...
2026-03-19 02:09:12,393 - Server_DefaultID - INFO - Client 58: Acc=84.06, Loss=-340.4788, NLL=-1161.7405, KL=13.9635, AvgS=499.99, ProxLoss=0.0000
2026-03-19 02:09:12,393 - Server_DefaultID - INFO - Training client 24 (4/30)...
2026-03-19 02:09:12,774 - Server_DefaultID - INFO - Client 24: Acc=45.00, Loss=-342.5996, NLL=-1158.6564, KL=13.9508, AvgS=498.66, ProxLoss=0.0000
2026-03-19 02:09:12,774 - Server_DefaultID - INFO - Training client 13 (5/30)...
2026-03-19 02:09:13,248 - Server_DefaultID - INFO - Client 13: Acc=62.81, Loss=-340.5214, NLL=-1161.7390, KL=13.9635, AvgS=499.99, ProxLoss=0.0000
2026-03-19 02:09:13,248 - Server_DefaultID - INFO - Training client 10 (6/30)...
2026-03-19 02:09:14,415 - Server_DefaultID - INFO - Client 10: Acc=47.73, Loss=-343.0523, NLL=-1161.6173, KL=13.9630, AvgS=499.93, ProxLoss=0.0000
2026-03-19 02:09:14,415 - Server_DefaultID - INFO - Training client 48 (7/30)...
2026-03-19 02:09:19,463 - Server_DefaultID - INFO - Client 48: Acc=96.03, Loss=-341.9304, NLL=-1161.7541, KL=13.9636, AvgS=499.99, ProxLoss=0.0000
2026-03-19 02:09:19,463 - Server_DefaultID - INFO - Training client 28 (8/30)...
2026-03-19 02:09:19,873 - Server_DefaultID - INFO - Client 28: Acc=93.12, Loss=-340.8159, NLL=-1160.2611, KL=13.9577, AvgS=499.35, ProxLoss=0.0000
2026-03-19 02:09:19,873 - Server_DefaultID - INFO - Training client 18 (9/30)...
2026-03-19 02:09:23,523 - Server_DefaultID - INFO - Client 18: Acc=88.81, Loss=-341.9934, NLL=-1161.7403, KL=13.9635, AvgS=499.99, ProxLoss=0.0000
2026-03-19 02:09:23,523 - Server_DefaultID - INFO - Training client 17 (10/30)...
2026-03-19 02:09:24,286 - Server_DefaultID - INFO - Client 17: Acc=84.06, Loss=-342.5486, NLL=-1161.4212, KL=13.9622, AvgS=499.85, ProxLoss=0.0000
2026-03-19 02:09:24,286 - Server_DefaultID - INFO - Training client 64 (11/30)...
2026-03-19 02:09:24,715 - Server_DefaultID - INFO - Client 64: Acc=62.81, Loss=-340.8167, NLL=-1157.8997, KL=13.9483, AvgS=498.33, ProxLoss=0.0000
2026-03-19 02:09:24,715 - Server_DefaultID - INFO - Training client 8 (12/30)...
2026-03-19 02:09:25,460 - Server_DefaultID - INFO - Client 8: Acc=87.66, Loss=-341.6429, NLL=-1161.5448, KL=13.9627, AvgS=499.90, ProxLoss=0.0000
2026-03-19 02:09:25,460 - Server_DefaultID - INFO - Training client 70 (13/30)...
2026-03-19 02:09:26,787 - Server_DefaultID - INFO - Client 70: Acc=91.25, Loss=-340.6893, NLL=-1161.7499, KL=13.9635, AvgS=499.99, ProxLoss=0.0000
2026-03-19 02:09:26,787 - Server_DefaultID - INFO - Training client 85 (14/30)...
2026-03-19 02:09:29,702 - Server_DefaultID - INFO - Client 85: Acc=99.74, Loss=-339.3512, NLL=-1161.7528, KL=13.9636, AvgS=499.99, ProxLoss=0.0000
2026-03-19 02:09:29,702 - Server_DefaultID - INFO - Training client 44 (15/30)...
2026-03-19 02:09:32,018 - Server_DefaultID - INFO - Client 44: Acc=97.85, Loss=-341.5129, NLL=-1161.7599, KL=13.9636, AvgS=500.00, ProxLoss=0.0000
2026-03-19 02:09:32,018 - Server_DefaultID - INFO - Training client 4 (16/30)...
2026-03-19 02:09:33,708 - Server_DefaultID - INFO - Client 4: Acc=66.88, Loss=-343.1411, NLL=-1161.7285, KL=13.9635, AvgS=499.98, ProxLoss=0.0000
2026-03-19 02:09:33,708 - Server_DefaultID - INFO - Training client 46 (17/30)...
2026-03-19 02:09:35,681 - Server_DefaultID - INFO - Client 46: Acc=93.59, Loss=-341.7488, NLL=-1161.7379, KL=13.9635, AvgS=499.99, ProxLoss=0.0000
2026-03-19 02:09:35,681 - Server_DefaultID - INFO - Training client 43 (18/30)...
2026-03-19 02:09:38,414 - Server_DefaultID - INFO - Client 43: Acc=97.53, Loss=-341.6471, NLL=-1161.7579, KL=13.9636, AvgS=499.99, ProxLoss=0.0000
2026-03-19 02:09:38,414 - Server_DefaultID - INFO - Training client 68 (19/30)...
2026-03-19 02:09:40,728 - Server_DefaultID - INFO - Client 68: Acc=99.51, Loss=-340.4545, NLL=-1161.6994, KL=13.9633, AvgS=499.97, ProxLoss=0.0000
2026-03-19 02:09:40,728 - Server_DefaultID - INFO - Training client 93 (20/30)...
2026-03-19 02:09:41,419 - Server_DefaultID - INFO - Client 93: Acc=63.28, Loss=-342.6884, NLL=-1161.7603, KL=13.9636, AvgS=500.00, ProxLoss=0.0000
2026-03-19 02:09:41,419 - Server_DefaultID - INFO - Training client 79 (21/30)...
2026-03-19 02:09:42,865 - Server_DefaultID - INFO - Client 79: Acc=94.12, Loss=-340.3003, NLL=-1161.5791, KL=13.9629, AvgS=499.92, ProxLoss=0.0000
2026-03-19 02:09:42,865 - Server_DefaultID - INFO - Training client 45 (22/30)...
2026-03-19 02:09:44,798 - Server_DefaultID - INFO - Client 45: Acc=86.91, Loss=-341.6282, NLL=-1161.7347, KL=13.9635, AvgS=499.98, ProxLoss=0.0000
2026-03-19 02:09:44,798 - Server_DefaultID - INFO - Training client 73 (23/30)...
2026-03-19 02:09:48,037 - Server_DefaultID - INFO - Client 73: Acc=98.63, Loss=-341.0700, NLL=-1161.7168, KL=13.9634, AvgS=499.98, ProxLoss=0.0000
2026-03-19 02:09:48,037 - Server_DefaultID - INFO - Training client 56 (24/30)...
2026-03-19 02:09:50,069 - Server_DefaultID - INFO - Client 56: Acc=88.16, Loss=-341.5417, NLL=-1161.7011, KL=13.9634, AvgS=499.97, ProxLoss=0.0000
2026-03-19 02:09:50,069 - Server_DefaultID - INFO - Training client 57 (25/30)...
2026-03-19 02:09:55,384 - Server_DefaultID - INFO - Client 57: Acc=98.53, Loss=-341.3487, NLL=-1161.7422, KL=13.9635, AvgS=499.99, ProxLoss=0.0000
2026-03-19 02:09:55,384 - Server_DefaultID - INFO - Training client 15 (26/30)...
2026-03-19 02:09:56,078 - Server_DefaultID - INFO - Client 15: Acc=69.53, Loss=-342.0301, NLL=-1161.7561, KL=13.9636, AvgS=499.99, ProxLoss=0.0000
2026-03-19 02:09:56,081 - Server_DefaultID - INFO - Training client 75 (27/30)...
2026-03-19 02:09:58,165 - Server_DefaultID - INFO - Client 75: Acc=97.70, Loss=-340.7171, NLL=-1161.7516, KL=13.9636, AvgS=499.99, ProxLoss=0.0000
2026-03-19 02:09:58,165 - Server_DefaultID - INFO - Training client 51 (28/30)...
2026-03-19 02:09:58,874 - Server_DefaultID - INFO - Client 51: Acc=75.31, Loss=-343.7357, NLL=-1161.0654, KL=13.9608, AvgS=499.70, ProxLoss=0.0000
2026-03-19 02:09:58,874 - Server_DefaultID - INFO - Training client 98 (29/30)...
2026-03-19 02:09:59,788 - Server_DefaultID - INFO - Client 98: Acc=96.67, Loss=-340.3675, NLL=-1161.6492, KL=13.9631, AvgS=499.95, ProxLoss=0.0000
2026-03-19 02:09:59,788 - Server_DefaultID - INFO - Training client 9 (30/30)...
2026-03-19 02:10:01,527 - Server_DefaultID - INFO - Client 9: Acc=97.46, Loss=-340.5275, NLL=-1161.6654, KL=13.9632, AvgS=499.95, ProxLoss=0.0000
2026-03-19 02:10:01,793 - Server_DefaultID - WARNING - Global prior extremely imbalanced (max/min=1.0), applied adaptive smoothing lam=0.10.
2026-03-19 02:10:01,793 - Server_DefaultID - INFO - Round [77/200] Summary | Avg Client Train Stats:	Loss [-341.3102]	 Acc [90.35]	NLL [-1161.6427]	 KL [13.9631]	AvgS [499.95]	 ProxLoss [0.0000]
GlobalPriorAlpha (first 10): [5.0, 5.0, 5.0, 5.0, 5.0, 5.0, 5.0, 5.0, 5.0, 5.0]
Round Time: 53.19s
2026-03-19 02:10:01,796 - Server_DefaultID - INFO - --- Global Round 78/200 ---
2026-03-19 02:10:01,796 - Server_DefaultID - INFO - Selected 30 active clients for round 78.
2026-03-19 02:10:01,797 - Server_DefaultID - INFO - Training client 71 (1/30)...
2026-03-19 02:10:02,483 - Server_DefaultID - INFO - Client 71: Acc=80.78, Loss=-342.7449, NLL=-1161.7065, KL=13.9634, AvgS=499.97, ProxLoss=0.0000
2026-03-19 02:10:02,483 - Server_DefaultID - INFO - Training client 49 (2/30)...
2026-03-19 02:10:04,275 - Server_DefaultID - INFO - Client 49: Acc=97.90, Loss=-341.5980, NLL=-1161.7507, KL=13.9635, AvgS=499.99, ProxLoss=0.0000
2026-03-19 02:10:04,275 - Server_DefaultID - INFO - Training client 15 (3/30)...
2026-03-19 02:10:04,981 - Server_DefaultID - INFO - Client 15: Acc=72.81, Loss=-341.8833, NLL=-1161.5785, KL=13.9629, AvgS=499.92, ProxLoss=0.0000
2026-03-19 02:10:04,981 - Server_DefaultID - INFO - Training client 95 (4/30)...
2026-03-19 02:10:07,184 - Server_DefaultID - INFO - Client 95: Acc=96.77, Loss=-340.8789, NLL=-1161.7597, KL=13.9636, AvgS=500.00, ProxLoss=0.0000
2026-03-19 02:10:07,184 - Server_DefaultID - INFO - Training client 45 (5/30)...
2026-03-19 02:10:09,213 - Server_DefaultID - INFO - Client 45: Acc=89.49, Loss=-341.6081, NLL=-1161.7342, KL=13.9635, AvgS=499.98, ProxLoss=0.0000
2026-03-19 02:10:09,213 - Server_DefaultID - INFO - Training client 20 (6/30)...
2026-03-19 02:10:10,857 - Server_DefaultID - INFO - Client 20: Acc=96.25, Loss=-344.2491, NLL=-1161.7435, KL=13.9635, AvgS=499.99, ProxLoss=0.0000
2026-03-19 02:10:10,857 - Server_DefaultID - INFO - Training client 67 (7/30)...
2026-03-19 02:10:12,492 - Server_DefaultID - INFO - Client 67: Acc=97.29, Loss=-342.7432, NLL=-1161.7451, KL=13.9635, AvgS=499.99, ProxLoss=0.0000
2026-03-19 02:10:12,492 - Server_DefaultID - INFO - Training client 30 (8/30)...
2026-03-19 02:10:14,622 - Server_DefaultID - INFO - Client 30: Acc=99.30, Loss=-340.4353, NLL=-1161.7526, KL=13.9636, AvgS=499.99, ProxLoss=0.0000
2026-03-19 02:10:14,623 - Server_DefaultID - INFO - Training client 48 (9/30)...
2026-03-19 02:10:18,779 - Server_DefaultID - INFO - Client 48: Acc=96.62, Loss=-341.9948, NLL=-1161.7398, KL=13.9635, AvgS=499.99, ProxLoss=0.0000
2026-03-19 02:10:18,779 - Server_DefaultID - INFO - Training client 74 (10/30)...
2026-03-19 02:10:19,838 - Server_DefaultID - INFO - Client 74: Acc=83.59, Loss=-341.6404, NLL=-1161.5233, KL=13.9627, AvgS=499.89, ProxLoss=0.0000
2026-03-19 02:10:19,838 - Server_DefaultID - INFO - Training client 19 (11/30)...
2026-03-19 02:10:23,460 - Server_DefaultID - INFO - Client 19: Acc=96.18, Loss=-340.3448, NLL=-1161.7338, KL=13.9635, AvgS=499.98, ProxLoss=0.0000
2026-03-19 02:10:23,460 - Server_DefaultID - INFO - Training client 62 (12/30)...
2026-03-19 02:10:25,351 - Server_DefaultID - INFO - Client 62: Acc=90.31, Loss=-342.2317, NLL=-1161.5992, KL=13.9630, AvgS=499.93, ProxLoss=0.0000
2026-03-19 02:10:25,352 - Server_DefaultID - INFO - Training client 64 (13/30)...
2026-03-19 02:10:25,846 - Server_DefaultID - INFO - Client 64: Acc=66.25, Loss=-340.5576, NLL=-1157.1692, KL=13.9452, AvgS=498.01, ProxLoss=0.0000
2026-03-19 02:10:25,846 - Server_DefaultID - INFO - Training client 79 (14/30)...
2026-03-19 02:10:27,276 - Server_DefaultID - INFO - Client 79: Acc=94.00, Loss=-340.3347, NLL=-1161.7250, KL=13.9635, AvgS=499.98, ProxLoss=0.0000
2026-03-19 02:10:27,276 - Server_DefaultID - INFO - Training client 77 (15/30)...
2026-03-19 02:10:31,032 - Server_DefaultID - INFO - Client 77: Acc=98.81, Loss=-341.4601, NLL=-1161.7571, KL=13.9636, AvgS=499.99, ProxLoss=0.0000
2026-03-19 02:10:31,032 - Server_DefaultID - INFO - Training client 24 (16/30)...
2026-03-19 02:10:31,432 - Server_DefaultID - INFO - Client 24: Acc=49.38, Loss=-341.8549, NLL=-1155.8727, KL=13.9388, AvgS=497.45, ProxLoss=0.0000
2026-03-19 02:10:31,432 - Server_DefaultID - INFO - Training client 28 (17/30)...
2026-03-19 02:10:31,889 - Server_DefaultID - INFO - Client 28: Acc=92.81, Loss=-341.0649, NLL=-1160.3981, KL=13.9583, AvgS=499.41, ProxLoss=0.0000
2026-03-19 02:10:31,890 - Server_DefaultID - INFO - Training client 80 (18/30)...
2026-03-19 02:10:32,323 - Server_DefaultID - INFO - Client 80: Acc=67.19, Loss=-341.7950, NLL=-1159.9534, KL=13.9565, AvgS=499.22, ProxLoss=0.0000
2026-03-19 02:10:32,323 - Server_DefaultID - INFO - Training client 53 (19/30)...
2026-03-19 02:10:34,892 - Server_DefaultID - INFO - Client 53: Acc=97.66, Loss=-340.9790, NLL=-1161.7543, KL=13.9636, AvgS=499.99, ProxLoss=0.0000
2026-03-19 02:10:34,892 - Server_DefaultID - INFO - Training client 68 (20/30)...
2026-03-19 02:10:36,980 - Server_DefaultID - INFO - Client 68: Acc=99.41, Loss=-340.4433, NLL=-1161.7656, KL=13.9636, AvgS=500.00, ProxLoss=0.0000
2026-03-19 02:10:36,980 - Server_DefaultID - INFO - Training client 72 (21/30)...
2026-03-19 02:10:38,095 - Server_DefaultID - INFO - Client 72: Acc=98.12, Loss=-340.9564, NLL=-1161.6684, KL=13.9632, AvgS=499.96, ProxLoss=0.0000
2026-03-19 02:10:38,095 - Server_DefaultID - INFO - Training client 56 (22/30)...
2026-03-19 02:10:40,204 - Server_DefaultID - INFO - Client 56: Acc=89.02, Loss=-341.5365, NLL=-1161.6866, KL=13.9633, AvgS=499.96, ProxLoss=0.0000
2026-03-19 02:10:40,204 - Server_DefaultID - INFO - Training client 44 (23/30)...
2026-03-19 02:10:42,494 - Server_DefaultID - INFO - Client 44: Acc=98.06, Loss=-341.4551, NLL=-1161.7603, KL=13.9636, AvgS=500.00, ProxLoss=0.0000
2026-03-19 02:10:42,495 - Server_DefaultID - INFO - Training client 3 (24/30)...
2026-03-19 02:10:44,033 - Server_DefaultID - INFO - Client 3: Acc=69.17, Loss=-343.4186, NLL=-1161.6542, KL=13.9632, AvgS=499.95, ProxLoss=0.0000
2026-03-19 02:10:44,033 - Server_DefaultID - INFO - Training client 93 (25/30)...
2026-03-19 02:10:44,746 - Server_DefaultID - INFO - Client 93: Acc=67.19, Loss=-342.3774, NLL=-1161.4128, KL=13.9622, AvgS=499.85, ProxLoss=0.0000
2026-03-19 02:10:44,746 - Server_DefaultID - INFO - Training client 84 (26/30)...
2026-03-19 02:10:45,304 - Server_DefaultID - INFO - Client 84: Acc=86.79, Loss=-338.9133, NLL=-1154.6182, KL=13.9335, AvgS=496.91, ProxLoss=0.0000
2026-03-19 02:10:45,304 - Server_DefaultID - INFO - Training client 38 (27/30)...
2026-03-19 02:10:45,961 - Server_DefaultID - INFO - Client 38: Acc=87.03, Loss=-344.2192, NLL=-1161.7239, KL=13.9634, AvgS=499.98, ProxLoss=0.0000
2026-03-19 02:10:45,961 - Server_DefaultID - INFO - Training client 76 (28/30)...
2026-03-19 02:10:48,022 - Server_DefaultID - INFO - Client 76: Acc=97.85, Loss=-343.6997, NLL=-1161.7548, KL=13.9636, AvgS=499.99, ProxLoss=0.0000
2026-03-19 02:10:48,023 - Server_DefaultID - INFO - Training client 63 (29/30)...
2026-03-19 02:10:49,362 - Server_DefaultID - INFO - Client 63: Acc=97.94, Loss=-342.0713, NLL=-1161.7638, KL=13.9636, AvgS=500.00, ProxLoss=0.0000
2026-03-19 02:10:49,362 - Server_DefaultID - INFO - Training client 78 (30/30)...
2026-03-19 02:10:56,596 - Server_DefaultID - INFO - Client 78: Acc=97.55, Loss=-341.7390, NLL=-1161.7515, KL=13.9636, AvgS=499.99, ProxLoss=0.0000
2026-03-19 02:10:56,847 - Server_DefaultID - WARNING - Global prior extremely imbalanced (max/min=1.0), applied adaptive smoothing lam=0.10.
2026-03-19 02:10:56,847 - Server_DefaultID - INFO - Round [78/200] Summary | Avg Client Train Stats:	Loss [-341.6480]	 Acc [93.88]	NLL [-1161.6032]	 KL [13.9630]	AvgS [499.93]	 ProxLoss [0.0000]
GlobalPriorAlpha (first 10): [5.0, 5.0, 5.0, 5.0, 5.0, 5.0, 5.0, 5.0, 5.0, 5.0]
Round Time: 55.05s
2026-03-19 02:10:56,850 - Server_DefaultID - INFO - --- Global Round 79/200 ---
2026-03-19 02:10:56,850 - Server_DefaultID - INFO - Selected 30 active clients for round 79.
2026-03-19 02:10:56,850 - Server_DefaultID - INFO - Training client 22 (1/30)...
2026-03-19 02:10:57,480 - Server_DefaultID - INFO - Client 22: Acc=91.25, Loss=-342.4564, NLL=-1161.7693, KL=13.9636, AvgS=500.00, ProxLoss=0.0000
2026-03-19 02:10:57,480 - Server_DefaultID - INFO - Training client 32 (2/30)...
2026-03-19 02:11:00,301 - Server_DefaultID - INFO - Client 32: Acc=97.34, Loss=-342.3488, NLL=-1161.7341, KL=13.9635, AvgS=499.98, ProxLoss=0.0000
2026-03-19 02:11:00,301 - Server_DefaultID - INFO - Training client 61 (3/30)...
2026-03-19 02:11:01,590 - Server_DefaultID - INFO - Client 61: Acc=96.00, Loss=-343.8244, NLL=-1161.5875, KL=13.9629, AvgS=499.92, ProxLoss=0.0000
2026-03-19 02:11:01,590 - Server_DefaultID - INFO - Training client 80 (4/30)...
2026-03-19 02:11:02,009 - Server_DefaultID - INFO - Client 80: Acc=54.38, Loss=-342.3684, NLL=-1161.2353, KL=13.9616, AvgS=499.77, ProxLoss=0.0000
2026-03-19 02:11:02,009 - Server_DefaultID - INFO - Training client 77 (5/30)...
2026-03-19 02:11:05,748 - Server_DefaultID - INFO - Client 77: Acc=98.92, Loss=-341.4358, NLL=-1161.7653, KL=13.9636, AvgS=500.00, ProxLoss=0.0000
2026-03-19 02:11:05,748 - Server_DefaultID - INFO - Training client 84 (6/30)...
2026-03-19 02:11:06,129 - Server_DefaultID - INFO - Client 84: Acc=86.79, Loss=-339.0182, NLL=-1154.9175, KL=13.9358, AvgS=497.04, ProxLoss=0.0000
2026-03-19 02:11:06,129 - Server_DefaultID - INFO - Training client 98 (7/30)...
2026-03-19 02:11:06,863 - Server_DefaultID - INFO - Client 98: Acc=98.33, Loss=-340.3156, NLL=-1161.6925, KL=13.9633, AvgS=499.97, ProxLoss=0.0000
2026-03-19 02:11:06,864 - Server_DefaultID - INFO - Training client 39 (8/30)...
2026-03-19 02:11:10,220 - Server_DefaultID - INFO - Client 39: Acc=97.35, Loss=-341.9201, NLL=-1161.7581, KL=13.9636, AvgS=499.99, ProxLoss=0.0000
2026-03-19 02:11:10,220 - Server_DefaultID - INFO - Training client 68 (9/30)...
2026-03-19 02:11:12,371 - Server_DefaultID - INFO - Client 68: Acc=99.03, Loss=-340.4001, NLL=-1161.7689, KL=13.9636, AvgS=500.00, ProxLoss=0.0000
2026-03-19 02:11:12,371 - Server_DefaultID - INFO - Training client 45 (10/30)...
2026-03-19 02:11:14,553 - Server_DefaultID - INFO - Client 45: Acc=91.60, Loss=-341.5905, NLL=-1161.7440, KL=13.9635, AvgS=499.99, ProxLoss=0.0000
2026-03-19 02:11:14,553 - Server_DefaultID - INFO - Training client 96 (11/30)...
2026-03-19 02:11:16,825 - Server_DefaultID - INFO - Client 96: Acc=97.40, Loss=-341.6061, NLL=-1161.7559, KL=13.9636, AvgS=499.99, ProxLoss=0.0000
2026-03-19 02:11:16,825 - Server_DefaultID - INFO - Training client 70 (12/30)...
2026-03-19 02:11:18,269 - Server_DefaultID - INFO - Client 70: Acc=92.06, Loss=-340.6435, NLL=-1161.6351, KL=13.9631, AvgS=499.94, ProxLoss=0.0000
2026-03-19 02:11:18,269 - Server_DefaultID - INFO - Training client 30 (13/30)...
2026-03-19 02:11:20,233 - Server_DefaultID - INFO - Client 30: Acc=98.98, Loss=-340.3903, NLL=-1161.7423, KL=13.9635, AvgS=499.99, ProxLoss=0.0000
2026-03-19 02:11:20,233 - Server_DefaultID - INFO - Training client 0 (14/30)...
2026-03-19 02:11:20,635 - Server_DefaultID - INFO - Client 0: Acc=41.88, Loss=-341.3017, NLL=-1160.2902, KL=13.9576, AvgS=499.36, ProxLoss=0.0000
2026-03-19 02:11:20,635 - Server_DefaultID - INFO - Training client 95 (15/30)...
2026-03-19 02:11:22,932 - Server_DefaultID - INFO - Client 95: Acc=97.19, Loss=-340.8098, NLL=-1161.7384, KL=13.9635, AvgS=499.99, ProxLoss=0.0000
2026-03-19 02:11:22,932 - Server_DefaultID - INFO - Training client 69 (16/30)...
2026-03-19 02:11:23,575 - Server_DefaultID - INFO - Client 69: Acc=58.12, Loss=-342.4700, NLL=-1161.3091, KL=13.9618, AvgS=499.80, ProxLoss=0.0000
2026-03-19 02:11:23,575 - Server_DefaultID - INFO - Training client 60 (17/30)...
2026-03-19 02:11:24,500 - Server_DefaultID - INFO - Client 60: Acc=90.31, Loss=-340.7781, NLL=-1161.6759, KL=13.9633, AvgS=499.96, ProxLoss=0.0000
2026-03-19 02:11:24,500 - Server_DefaultID - INFO - Training client 83 (18/30)...
2026-03-19 02:11:27,027 - Server_DefaultID - INFO - Client 83: Acc=99.69, Loss=-339.2861, NLL=-1161.7609, KL=13.9636, AvgS=500.00, ProxLoss=0.0000
2026-03-19 02:11:27,027 - Server_DefaultID - INFO - Training client 65 (19/30)...
2026-03-19 02:11:27,488 - Server_DefaultID - INFO - Client 65: Acc=62.19, Loss=-339.0274, NLL=-1149.7153, KL=13.9146, AvgS=494.80, ProxLoss=0.0000
2026-03-19 02:11:27,488 - Server_DefaultID - INFO - Training client 41 (20/30)...
2026-03-19 02:11:29,444 - Server_DefaultID - INFO - Client 41: Acc=97.93, Loss=-341.0635, NLL=-1161.7511, KL=13.9636, AvgS=499.99, ProxLoss=0.0000
2026-03-19 02:11:29,444 - Server_DefaultID - INFO - Training client 58 (21/30)...
2026-03-19 02:11:32,543 - Server_DefaultID - INFO - Client 58: Acc=86.52, Loss=-340.4153, NLL=-1161.7693, KL=13.9636, AvgS=500.00, ProxLoss=0.0000
2026-03-19 02:11:32,543 - Server_DefaultID - INFO - Training client 81 (22/30)...
2026-03-19 02:11:34,464 - Server_DefaultID - INFO - Client 81: Acc=97.72, Loss=-341.7022, NLL=-1161.6195, KL=13.9630, AvgS=499.94, ProxLoss=0.0000
2026-03-19 02:11:34,464 - Server_DefaultID - INFO - Training client 46 (23/30)...
2026-03-19 02:11:36,526 - Server_DefaultID - INFO - Client 46: Acc=94.88, Loss=-341.7037, NLL=-1161.7679, KL=13.9636, AvgS=500.00, ProxLoss=0.0000
2026-03-19 02:11:36,526 - Server_DefaultID - INFO - Training client 33 (24/30)...
2026-03-19 02:11:38,354 - Server_DefaultID - INFO - Client 33: Acc=90.49, Loss=-343.5333, NLL=-1161.7309, KL=13.9635, AvgS=499.98, ProxLoss=0.0000
2026-03-19 02:11:38,354 - Server_DefaultID - INFO - Training client 25 (25/30)...
2026-03-19 02:11:39,003 - Server_DefaultID - INFO - Client 25: Acc=95.16, Loss=-341.5918, NLL=-1161.5766, KL=13.9628, AvgS=499.92, ProxLoss=0.0000
2026-03-19 02:11:39,004 - Server_DefaultID - INFO - Training client 2 (26/30)...
2026-03-19 02:11:41,250 - Server_DefaultID - INFO - Client 2: Acc=80.38, Loss=-341.7045, NLL=-1161.7599, KL=13.9636, AvgS=500.00, ProxLoss=0.0000
2026-03-19 02:11:41,250 - Server_DefaultID - INFO - Training client 16 (27/30)...
2026-03-19 02:11:41,859 - Server_DefaultID - INFO - Client 16: Acc=60.94, Loss=-340.9458, NLL=-1161.7025, KL=13.9634, AvgS=499.97, ProxLoss=0.0000
2026-03-19 02:11:41,859 - Server_DefaultID - INFO - Training client 51 (28/30)...
2026-03-19 02:11:42,490 - Server_DefaultID - INFO - Client 51: Acc=78.44, Loss=-343.7053, NLL=-1161.4741, KL=13.9625, AvgS=499.87, ProxLoss=0.0000
2026-03-19 02:11:42,490 - Server_DefaultID - INFO - Training client 93 (29/30)...
2026-03-19 02:11:43,162 - Server_DefaultID - INFO - Client 93: Acc=65.31, Loss=-342.5149, NLL=-1161.6111, KL=13.9630, AvgS=499.93, ProxLoss=0.0000
2026-03-19 02:11:43,162 - Server_DefaultID - INFO - Training client 66 (30/30)...
2026-03-19 02:11:44,942 - Server_DefaultID - INFO - Client 66: Acc=97.37, Loss=-341.4150, NLL=-1161.7629, KL=13.9636, AvgS=500.00, ProxLoss=0.0000
2026-03-19 02:11:45,153 - Server_DefaultID - WARNING - Global prior extremely imbalanced (max/min=1.0), applied adaptive smoothing lam=0.10.
2026-03-19 02:11:45,153 - Server_DefaultID - INFO - Round [79/200] Summary | Avg Client Train Stats:	Loss [-341.3851]	 Acc [92.79]	NLL [-1161.6151]	 KL [13.9630]	AvgS [499.93]	 ProxLoss [0.0000]
GlobalPriorAlpha (first 10): [5.0, 5.0, 5.0, 5.0, 5.0, 5.0, 5.0, 5.0, 5.0, 5.0]
Round Time: 48.30s
2026-03-19 02:11:45,156 - Server_DefaultID - INFO - --- Global Round 80/200 ---
2026-03-19 02:11:45,157 - Server_DefaultID - INFO - Selected 30 active clients for round 80.
2026-03-19 02:11:45,157 - Server_DefaultID - INFO - Training client 82 (1/30)...
2026-03-19 02:11:46,520 - Server_DefaultID - INFO - Client 82: Acc=97.75, Loss=-341.5233, NLL=-1161.7060, KL=13.9634, AvgS=499.97, ProxLoss=0.0000
2026-03-19 02:11:46,520 - Server_DefaultID - INFO - Training client 71 (2/30)...
2026-03-19 02:11:47,204 - Server_DefaultID - INFO - Client 71: Acc=82.50, Loss=-342.5892, NLL=-1161.4479, KL=13.9624, AvgS=499.86, ProxLoss=0.0000
2026-03-19 02:11:47,205 - Server_DefaultID - INFO - Training client 12 (3/30)...
2026-03-19 02:11:48,531 - Server_DefaultID - INFO - Client 12: Acc=79.31, Loss=-343.2000, NLL=-1161.6987, KL=13.9633, AvgS=499.97, ProxLoss=0.0000
2026-03-19 02:11:48,531 - Server_DefaultID - INFO - Training client 38 (4/30)...
2026-03-19 02:11:49,164 - Server_DefaultID - INFO - Client 38: Acc=90.16, Loss=-344.0445, NLL=-1161.6835, KL=13.9633, AvgS=499.96, ProxLoss=0.0000
2026-03-19 02:11:49,164 - Server_DefaultID - INFO - Training client 51 (5/30)...
2026-03-19 02:11:49,823 - Server_DefaultID - INFO - Client 51: Acc=81.72, Loss=-343.7970, NLL=-1161.6540, KL=13.9632, AvgS=499.95, ProxLoss=0.0000
2026-03-19 02:11:49,823 - Server_DefaultID - INFO - Training client 80 (6/30)...
2026-03-19 02:11:50,237 - Server_DefaultID - INFO - Client 80: Acc=70.94, Loss=-341.5583, NLL=-1159.9268, KL=13.9564, AvgS=499.21, ProxLoss=0.0000
2026-03-19 02:11:50,237 - Server_DefaultID - INFO - Training client 85 (7/30)...
2026-03-19 02:11:52,893 - Server_DefaultID - INFO - Client 85: Acc=99.77, Loss=-339.2132, NLL=-1161.7639, KL=13.9636, AvgS=500.00, ProxLoss=0.0000
2026-03-19 02:11:52,893 - Server_DefaultID - INFO - Training client 74 (8/30)...
2026-03-19 02:11:53,942 - Server_DefaultID - INFO - Client 74: Acc=82.03, Loss=-341.6441, NLL=-1161.6897, KL=13.9633, AvgS=499.97, ProxLoss=0.0000
2026-03-19 02:11:53,942 - Server_DefaultID - INFO - Training client 26 (9/30)...
2026-03-19 02:11:58,029 - Server_DefaultID - INFO - Client 26: Acc=98.53, Loss=-340.6404, NLL=-1161.7209, KL=13.9634, AvgS=499.98, ProxLoss=0.0000
2026-03-19 02:11:58,029 - Server_DefaultID - INFO - Training client 33 (10/30)...
2026-03-19 02:11:59,883 - Server_DefaultID - INFO - Client 33: Acc=91.70, Loss=-343.3738, NLL=-1161.7525, KL=13.9636, AvgS=499.99, ProxLoss=0.0000
2026-03-19 02:11:59,884 - Server_DefaultID - INFO - Training client 6 (11/30)...
2026-03-19 02:12:00,706 - Server_DefaultID - INFO - Client 6: Acc=86.04, Loss=-341.6793, NLL=-1161.6347, KL=13.9631, AvgS=499.94, ProxLoss=0.0000
2026-03-19 02:12:00,706 - Server_DefaultID - INFO - Training client 21 (12/30)...
2026-03-19 02:12:02,690 - Server_DefaultID - INFO - Client 21: Acc=95.82, Loss=-343.4898, NLL=-1161.7409, KL=13.9635, AvgS=499.99, ProxLoss=0.0000
2026-03-19 02:12:02,690 - Server_DefaultID - INFO - Training client 56 (13/30)...
2026-03-19 02:12:06,085 - Server_DefaultID - INFO - Client 56: Acc=88.67, Loss=-341.4782, NLL=-1161.7331, KL=13.9635, AvgS=499.98, ProxLoss=0.0000
2026-03-19 02:12:06,085 - Server_DefaultID - INFO - Training client 63 (14/30)...
2026-03-19 02:12:07,359 - Server_DefaultID - INFO - Client 63: Acc=97.62, Loss=-342.0513, NLL=-1161.6937, KL=13.9633, AvgS=499.97, ProxLoss=0.0000
2026-03-19 02:12:07,359 - Server_DefaultID - INFO - Training client 29 (15/30)...
2026-03-19 02:12:08,557 - Server_DefaultID - INFO - Client 29: Acc=83.52, Loss=-341.2034, NLL=-1161.5967, KL=13.9629, AvgS=499.93, ProxLoss=0.0000
2026-03-19 02:12:08,557 - Server_DefaultID - INFO - Training client 78 (16/30)...
2026-03-19 02:12:15,595 - Server_DefaultID - INFO - Client 78: Acc=97.59, Loss=-341.5631, NLL=-1161.7537, KL=13.9636, AvgS=499.99, ProxLoss=0.0000
2026-03-19 02:12:15,595 - Server_DefaultID - INFO - Training client 23 (17/30)...
2026-03-19 02:12:15,999 - Server_DefaultID - INFO - Client 23: Acc=82.03, Loss=-326.0156, NLL=-1112.5959, KL=13.7642, AvgS=478.78, ProxLoss=0.0000
2026-03-19 02:12:15,999 - Server_DefaultID - INFO - Training client 5 (18/30)...
2026-03-19 02:12:16,426 - Server_DefaultID - INFO - Client 5: Acc=83.44, Loss=-342.5466, NLL=-1161.5344, KL=13.9627, AvgS=499.90, ProxLoss=0.0000
2026-03-19 02:12:16,426 - Server_DefaultID - INFO - Training client 81 (19/30)...
2026-03-19 02:12:18,039 - Server_DefaultID - INFO - Client 81: Acc=97.19, Loss=-341.7331, NLL=-1161.7452, KL=13.9635, AvgS=499.99, ProxLoss=0.0000
2026-03-19 02:12:18,039 - Server_DefaultID - INFO - Training client 8 (20/30)...
2026-03-19 02:12:18,662 - Server_DefaultID - INFO - Client 8: Acc=87.50, Loss=-341.6095, NLL=-1161.7699, KL=13.9636, AvgS=500.00, ProxLoss=0.0000
2026-03-19 02:12:18,663 - Server_DefaultID - INFO - Training client 34 (21/30)...
2026-03-19 02:12:19,530 - Server_DefaultID - INFO - Client 34: Acc=81.25, Loss=-342.2555, NLL=-1161.7385, KL=13.9635, AvgS=499.99, ProxLoss=0.0000
2026-03-19 02:12:19,530 - Server_DefaultID - INFO - Training client 41 (22/30)...
2026-03-19 02:12:21,682 - Server_DefaultID - INFO - Client 41: Acc=98.71, Loss=-341.1269, NLL=-1161.7451, KL=13.9635, AvgS=499.99, ProxLoss=0.0000
2026-03-19 02:12:21,682 - Server_DefaultID - INFO - Training client 40 (23/30)...
2026-03-19 02:12:23,254 - Server_DefaultID - INFO - Client 40: Acc=96.46, Loss=-343.3633, NLL=-1161.7183, KL=13.9634, AvgS=499.98, ProxLoss=0.0000
2026-03-19 02:12:23,254 - Server_DefaultID - INFO - Training client 20 (24/30)...
2026-03-19 02:12:24,762 - Server_DefaultID - INFO - Client 20: Acc=95.78, Loss=-344.1056, NLL=-1161.7478, KL=13.9635, AvgS=499.99, ProxLoss=0.0000
2026-03-19 02:12:24,762 - Server_DefaultID - INFO - Training client 70 (25/30)...
2026-03-19 02:12:26,200 - Server_DefaultID - INFO - Client 70: Acc=92.25, Loss=-340.7177, NLL=-1161.7639, KL=13.9636, AvgS=500.00, ProxLoss=0.0000
2026-03-19 02:12:26,201 - Server_DefaultID - INFO - Training client 73 (26/30)...
2026-03-19 02:12:29,360 - Server_DefaultID - INFO - Client 73: Acc=98.12, Loss=-340.9550, NLL=-1161.7679, KL=13.9636, AvgS=500.00, ProxLoss=0.0000
2026-03-19 02:12:29,360 - Server_DefaultID - INFO - Training client 18 (27/30)...
2026-03-19 02:12:33,123 - Server_DefaultID - INFO - Client 18: Acc=89.31, Loss=-341.8492, NLL=-1161.7266, KL=13.9635, AvgS=499.98, ProxLoss=0.0000
2026-03-19 02:12:33,123 - Server_DefaultID - INFO - Training client 92 (28/30)...
2026-03-19 02:12:34,179 - Server_DefaultID - INFO - Client 92: Acc=96.02, Loss=-341.3314, NLL=-1161.6831, KL=13.9633, AvgS=499.96, ProxLoss=0.0000
2026-03-19 02:12:34,179 - Server_DefaultID - INFO - Training client 95 (29/30)...
2026-03-19 02:12:36,562 - Server_DefaultID - INFO - Client 95: Acc=98.02, Loss=-340.7073, NLL=-1161.7693, KL=13.9636, AvgS=500.00, ProxLoss=0.0000
2026-03-19 02:12:36,562 - Server_DefaultID - INFO - Training client 46 (30/30)...
2026-03-19 02:12:40,137 - Server_DefaultID - INFO - Client 46: Acc=95.59, Loss=-341.6633, NLL=-1161.7669, KL=13.9636, AvgS=500.00, ProxLoss=0.0000
2026-03-19 02:12:40,272 - Server_DefaultID - WARNING - Global prior extremely imbalanced (max/min=1.0), applied adaptive smoothing lam=0.10.
2026-03-19 02:12:40,272 - Server_DefaultID - INFO - Round [80/200] Summary | Avg Client Train Stats:	Loss [-341.5828]	 Acc [93.89]	NLL [-1161.5086]	 KL [13.9626]	AvgS [499.89]	 ProxLoss [0.0000]
GlobalPriorAlpha (first 10): [5.0, 5.0, 5.0, 5.0, 5.0, 5.0, 5.0, 5.0, 5.0, 5.0]
Round Time: 55.12s
2026-03-19 02:12:40,272 - Server_DefaultID - INFO - --- Evaluating models at round 80 ---
2026-03-19 02:13:48,998 - Server_DefaultID - INFO - Global Model Evaluation (Round 80): 
  Avg Test Acc: 77.22%
  Avg Test Acc Softmax: 77.22%
  Avg Test Loss: -1140.7001
  Avg Test NLL: -1157.6147
  Avg Test KL (vs flat prior): 13.9457
  Avg Test S: 498.21
2026-03-19 02:14:56,412 - Server_DefaultID - INFO - Personalized Model Evaluation (Round 80): 
  Avg Test Acc: 78.53%
  Avg Test Acc Softmax: 78.53%
  Avg Test Loss: -1142.6875
  Avg Test NLL: -1159.6122
  Avg Test KL (vs flat prior): 13.9545
  Avg Test S: 499.07
2026-03-19 02:14:56,412 - Server_DefaultID - INFO - [Metric 1] Personalized Brier Score | Mean: 0.3198
2026-03-19 02:14:56,412 - Server_DefaultID - INFO - [Metric 1] Personalized ECE | Mean: 0.1115
2026-03-19 02:14:56,412 - Server_DefaultID - INFO - [OOD Eval] OOD AUC-ROC (Epistemic): 0.0192
2026-03-19 02:14:56,412 - Server_DefaultID - INFO - [Metric 4] OOD FPR@95%TPR: 0.9993
2026-03-19 02:14:57,848 - Server_DefaultID - INFO - --- Global Round 81/200 ---
2026-03-19 02:14:57,849 - Server_DefaultID - INFO - Selected 30 active clients for round 81.
2026-03-19 02:14:57,849 - Server_DefaultID - INFO - Training client 7 (1/30)...
2026-03-19 02:14:59,304 - Server_DefaultID - INFO - Client 7: Acc=52.19, Loss=-341.6487, NLL=-1161.7467, KL=13.9635, AvgS=499.99, ProxLoss=0.0000
2026-03-19 02:14:59,304 - Server_DefaultID - INFO - Training client 1 (2/30)...
2026-03-19 02:14:59,891 - Server_DefaultID - INFO - Client 1: Acc=45.47, Loss=-341.7277, NLL=-1161.4553, KL=13.9624, AvgS=499.86, ProxLoss=0.0000
2026-03-19 02:14:59,891 - Server_DefaultID - INFO - Training client 44 (3/30)...
2026-03-19 02:15:01,945 - Server_DefaultID - INFO - Client 44: Acc=98.85, Loss=-341.4201, NLL=-1161.7672, KL=13.9636, AvgS=500.00, ProxLoss=0.0000
2026-03-19 02:15:01,945 - Server_DefaultID - INFO - Training client 34 (4/30)...
2026-03-19 02:15:02,702 - Server_DefaultID - INFO - Client 34: Acc=82.40, Loss=-342.5024, NLL=-1161.7410, KL=13.9635, AvgS=499.99, ProxLoss=0.0000
2026-03-19 02:15:02,702 - Server_DefaultID - INFO - Training client 25 (5/30)...
2026-03-19 02:15:03,241 - Server_DefaultID - INFO - Client 25: Acc=95.47, Loss=-341.2741, NLL=-1161.7063, KL=13.9634, AvgS=499.97, ProxLoss=0.0000
2026-03-19 02:15:03,241 - Server_DefaultID - INFO - Training client 32 (6/30)...
2026-03-19 02:15:04,551 - Server_DefaultID - INFO - Client 32: Acc=98.39, Loss=-342.3342, NLL=-1161.6908, KL=13.9633, AvgS=499.97, ProxLoss=0.0000
2026-03-19 02:15:04,551 - Server_DefaultID - INFO - Training client 13 (7/30)...
2026-03-19 02:15:04,963 - Server_DefaultID - INFO - Client 13: Acc=49.69, Loss=-340.4722, NLL=-1161.2204, KL=13.9614, AvgS=499.76, ProxLoss=0.0000
2026-03-19 02:15:04,963 - Server_DefaultID - INFO - Training client 31 (8/30)...
2026-03-19 02:15:06,941 - Server_DefaultID - INFO - Client 31: Acc=97.74, Loss=-341.5740, NLL=-1161.7329, KL=13.9635, AvgS=499.98, ProxLoss=0.0000
2026-03-19 02:15:06,941 - Server_DefaultID - INFO - Training client 12 (9/30)...
2026-03-19 02:15:08,123 - Server_DefaultID - INFO - Client 12: Acc=72.19, Loss=-343.0664, NLL=-1161.6888, KL=13.9633, AvgS=499.97, ProxLoss=0.0000
2026-03-19 02:15:08,123 - Server_DefaultID - INFO - Training client 20 (10/30)...
2026-03-19 02:15:09,629 - Server_DefaultID - INFO - Client 20: Acc=96.35, Loss=-344.1094, NLL=-1161.7644, KL=13.9636, AvgS=500.00, ProxLoss=0.0000
2026-03-19 02:15:09,629 - Server_DefaultID - INFO - Training client 10 (11/30)...
2026-03-19 02:15:10,696 - Server_DefaultID - INFO - Client 10: Acc=34.45, Loss=-342.8230, NLL=-1161.7536, KL=13.9636, AvgS=499.99, ProxLoss=0.0000
2026-03-19 02:15:10,696 - Server_DefaultID - INFO - Training client 16 (12/30)...
2026-03-19 02:15:11,321 - Server_DefaultID - INFO - Client 16: Acc=54.53, Loss=-340.8369, NLL=-1161.5101, KL=13.9626, AvgS=499.89, ProxLoss=0.0000
2026-03-19 02:15:11,321 - Server_DefaultID - INFO - Training client 74 (13/30)...
2026-03-19 02:15:12,339 - Server_DefaultID - INFO - Client 74: Acc=85.31, Loss=-341.5904, NLL=-1161.3580, KL=13.9619, AvgS=499.82, ProxLoss=0.0000
2026-03-19 02:15:12,339 - Server_DefaultID - INFO - Training client 63 (14/30)...
2026-03-19 02:15:13,466 - Server_DefaultID - INFO - Client 63: Acc=97.25, Loss=-341.9599, NLL=-1161.7244, KL=13.9635, AvgS=499.98, ProxLoss=0.0000
2026-03-19 02:15:13,466 - Server_DefaultID - INFO - Training client 99 (15/30)...
2026-03-19 02:15:13,829 - Server_DefaultID - INFO - Client 99: Acc=34.06, Loss=-331.5895, NLL=-1121.3350, KL=13.7955, AvgS=482.53, ProxLoss=0.0000
2026-03-19 02:15:13,829 - Server_DefaultID - INFO - Training client 53 (16/30)...
2026-03-19 02:15:15,960 - Server_DefaultID - INFO - Client 53: Acc=97.78, Loss=-340.8208, NLL=-1161.7310, KL=13.9635, AvgS=499.98, ProxLoss=0.0000
2026-03-19 02:15:15,960 - Server_DefaultID - INFO - Training client 76 (17/30)...
2026-03-19 02:15:17,820 - Server_DefaultID - INFO - Client 76: Acc=96.56, Loss=-343.5334, NLL=-1161.7471, KL=13.9635, AvgS=499.99, ProxLoss=0.0000
2026-03-19 02:15:17,820 - Server_DefaultID - INFO - Training client 23 (18/30)...
2026-03-19 02:15:18,197 - Server_DefaultID - INFO - Client 23: Acc=73.90, Loss=-333.2319, NLL=-1137.7050, KL=13.8670, AvgS=489.61, ProxLoss=0.0000
2026-03-19 02:15:18,197 - Server_DefaultID - INFO - Training client 93 (19/30)...
2026-03-19 02:15:18,806 - Server_DefaultID - INFO - Client 93: Acc=76.56, Loss=-342.5896, NLL=-1161.6623, KL=13.9632, AvgS=499.95, ProxLoss=0.0000
2026-03-19 02:15:18,806 - Server_DefaultID - INFO - Training client 28 (20/30)...
2026-03-19 02:15:19,156 - Server_DefaultID - INFO - Client 28: Acc=91.25, Loss=-341.2719, NLL=-1160.9918, KL=13.9605, AvgS=499.66, ProxLoss=0.0000
2026-03-19 02:15:19,156 - Server_DefaultID - INFO - Training client 83 (21/30)...
2026-03-19 02:15:21,350 - Server_DefaultID - INFO - Client 83: Acc=99.75, Loss=-339.1552, NLL=-1161.7672, KL=13.9636, AvgS=500.00, ProxLoss=0.0000
2026-03-19 02:15:21,350 - Server_DefaultID - INFO - Training client 62 (22/30)...
2026-03-19 02:15:22,000 - Server_DefaultID - INFO - Client 62: Acc=90.00, Loss=-342.2378, NLL=-1161.5919, KL=13.9629, AvgS=499.92, ProxLoss=0.0000
2026-03-19 02:15:22,001 - Server_DefaultID - INFO - Training client 3 (23/30)...
2026-03-19 02:15:23,425 - Server_DefaultID - INFO - Client 3: Acc=65.26, Loss=-343.2827, NLL=-1161.7195, KL=13.9634, AvgS=499.98, ProxLoss=0.0000
2026-03-19 02:15:23,425 - Server_DefaultID - INFO - Training client 5 (24/30)...
2026-03-19 02:15:23,797 - Server_DefaultID - INFO - Client 5: Acc=71.88, Loss=-342.2783, NLL=-1160.9368, KL=13.9604, AvgS=499.64, ProxLoss=0.0000
2026-03-19 02:15:23,797 - Server_DefaultID - INFO - Training client 52 (25/30)...
2026-03-19 02:15:24,584 - Server_DefaultID - INFO - Client 52: Acc=91.88, Loss=-341.6951, NLL=-1161.6500, KL=13.9632, AvgS=499.95, ProxLoss=0.0000
2026-03-19 02:15:24,584 - Server_DefaultID - INFO - Training client 24 (26/30)...
2026-03-19 02:15:24,954 - Server_DefaultID - INFO - Client 24: Acc=49.06, Loss=-343.1580, NLL=-1160.3711, KL=13.9582, AvgS=499.40, ProxLoss=0.0000
2026-03-19 02:15:24,954 - Server_DefaultID - INFO - Training client 95 (27/30)...
2026-03-19 02:15:27,775 - Server_DefaultID - INFO - Client 95: Acc=97.78, Loss=-340.6102, NLL=-1161.7695, KL=13.9636, AvgS=500.00, ProxLoss=0.0000
2026-03-19 02:15:27,775 - Server_DefaultID - INFO - Training client 35 (28/30)...
2026-03-19 02:15:28,542 - Server_DefaultID - INFO - Client 35: Acc=91.15, Loss=-342.7533, NLL=-1161.6384, KL=13.9631, AvgS=499.94, ProxLoss=0.0000
2026-03-19 02:15:28,542 - Server_DefaultID - INFO - Training client 80 (29/30)...
2026-03-19 02:15:28,944 - Server_DefaultID - INFO - Client 80: Acc=68.12, Loss=-342.0832, NLL=-1161.4310, KL=13.9623, AvgS=499.85, ProxLoss=0.0000
2026-03-19 02:15:28,944 - Server_DefaultID - INFO - Training client 77 (30/30)...
2026-03-19 02:15:32,266 - Server_DefaultID - INFO - Client 77: Acc=98.42, Loss=-341.3509, NLL=-1161.7451, KL=13.9635, AvgS=499.99, ProxLoss=0.0000
2026-03-19 02:15:32,427 - Server_DefaultID - WARNING - Global prior extremely imbalanced (max/min=1.0), applied adaptive smoothing lam=0.10.
2026-03-19 02:15:32,427 - Server_DefaultID - INFO - Round [81/200] Summary | Avg Client Train Stats:	Loss [-341.6075]	 Acc [86.44]	NLL [-1161.1191]	 KL [13.9610]	AvgS [499.72]	 ProxLoss [0.0000]
GlobalPriorAlpha (first 10): [5.0, 5.0, 5.0, 5.0, 5.0, 5.0, 5.0, 5.0, 5.0, 5.0]
Round Time: 34.58s
2026-03-19 02:15:32,430 - Server_DefaultID - INFO - --- Global Round 82/200 ---
2026-03-19 02:15:32,430 - Server_DefaultID - INFO - Selected 30 active clients for round 82.
2026-03-19 02:15:32,431 - Server_DefaultID - INFO - Training client 54 (1/30)...
2026-03-19 02:15:33,033 - Server_DefaultID - INFO - Client 54: Acc=81.88, Loss=-341.0874, NLL=-1161.7338, KL=13.9635, AvgS=499.98, ProxLoss=0.0000
2026-03-19 02:15:33,033 - Server_DefaultID - INFO - Training client 31 (2/30)...
2026-03-19 02:15:34,956 - Server_DefaultID - INFO - Client 31: Acc=97.53, Loss=-341.5433, NLL=-1161.7633, KL=13.9636, AvgS=500.00, ProxLoss=0.0000
2026-03-19 02:15:34,957 - Server_DefaultID - INFO - Training client 89 (3/30)...
2026-03-19 02:15:37,986 - Server_DefaultID - INFO - Client 89: Acc=99.11, Loss=-339.8262, NLL=-1161.7423, KL=13.9635, AvgS=499.99, ProxLoss=0.0000
2026-03-19 02:15:37,986 - Server_DefaultID - INFO - Training client 33 (4/30)...
2026-03-19 02:15:39,691 - Server_DefaultID - INFO - Client 33: Acc=92.59, Loss=-343.3412, NLL=-1161.7289, KL=13.9635, AvgS=499.98, ProxLoss=0.0000
2026-03-19 02:15:39,691 - Server_DefaultID - INFO - Training client 55 (5/30)...
2026-03-19 02:15:46,769 - Server_DefaultID - INFO - Client 55: Acc=95.08, Loss=-342.2574, NLL=-1161.7446, KL=13.9635, AvgS=499.99, ProxLoss=0.0000
2026-03-19 02:15:46,770 - Server_DefaultID - INFO - Training client 3 (6/30)...
2026-03-19 02:15:48,349 - Server_DefaultID - INFO - Client 3: Acc=68.12, Loss=-343.1904, NLL=-1161.7051, KL=13.9634, AvgS=499.97, ProxLoss=0.0000
2026-03-19 02:15:48,349 - Server_DefaultID - INFO - Training client 97 (7/30)...
2026-03-19 02:15:54,359 - Server_DefaultID - INFO - Client 97: Acc=99.56, Loss=-339.2427, NLL=-1161.7499, KL=13.9635, AvgS=499.99, ProxLoss=0.0000
2026-03-19 02:15:54,359 - Server_DefaultID - INFO - Training client 52 (8/30)...
2026-03-19 02:15:55,125 - Server_DefaultID - INFO - Client 52: Acc=90.10, Loss=-341.8623, NLL=-1161.7654, KL=13.9636, AvgS=500.00, ProxLoss=0.0000
2026-03-19 02:15:55,126 - Server_DefaultID - INFO - Training client 82 (9/30)...
2026-03-19 02:15:56,451 - Server_DefaultID - INFO - Client 82: Acc=97.56, Loss=-341.3364, NLL=-1161.7549, KL=13.9636, AvgS=499.99, ProxLoss=0.0000
2026-03-19 02:15:56,451 - Server_DefaultID - INFO - Training client 11 (10/30)...
2026-03-19 02:15:58,103 - Server_DefaultID - INFO - Client 11: Acc=86.88, Loss=-341.9363, NLL=-1161.7282, KL=13.9635, AvgS=499.98, ProxLoss=0.0000
2026-03-19 02:15:58,103 - Server_DefaultID - INFO - Training client 28 (11/30)...
2026-03-19 02:15:58,563 - Server_DefaultID - INFO - Client 28: Acc=94.69, Loss=-340.1534, NLL=-1159.4731, KL=13.9543, AvgS=499.01, ProxLoss=0.0000
2026-03-19 02:15:58,563 - Server_DefaultID - INFO - Training client 70 (12/30)...
2026-03-19 02:16:01,194 - Server_DefaultID - INFO - Client 70: Acc=93.25, Loss=-340.5561, NLL=-1161.6515, KL=13.9632, AvgS=499.95, ProxLoss=0.0000
2026-03-19 02:16:01,194 - Server_DefaultID - INFO - Training client 56 (13/30)...
2026-03-19 02:16:03,078 - Server_DefaultID - INFO - Client 56: Acc=89.77, Loss=-341.4140, NLL=-1161.6951, KL=13.9633, AvgS=499.97, ProxLoss=0.0000
2026-03-19 02:16:03,078 - Server_DefaultID - INFO - Training client 72 (14/30)...
2026-03-19 02:16:04,229 - Server_DefaultID - INFO - Client 72: Acc=98.36, Loss=-340.6952, NLL=-1161.7392, KL=13.9635, AvgS=499.99, ProxLoss=0.0000
2026-03-19 02:16:04,229 - Server_DefaultID - INFO - Training client 85 (15/30)...
2026-03-19 02:16:07,190 - Server_DefaultID - INFO - Client 85: Acc=99.77, Loss=-339.1327, NLL=-1161.7699, KL=13.9636, AvgS=500.00, ProxLoss=0.0000
2026-03-19 02:16:07,190 - Server_DefaultID - INFO - Training client 12 (16/30)...
2026-03-19 02:16:08,575 - Server_DefaultID - INFO - Client 12: Acc=76.06, Loss=-343.0354, NLL=-1161.7354, KL=13.9635, AvgS=499.99, ProxLoss=0.0000
2026-03-19 02:16:08,575 - Server_DefaultID - INFO - Training client 67 (17/30)...
2026-03-19 02:16:10,175 - Server_DefaultID - INFO - Client 67: Acc=98.07, Loss=-342.5895, NLL=-1161.7650, KL=13.9636, AvgS=500.00, ProxLoss=0.0000
2026-03-19 02:16:10,175 - Server_DefaultID - INFO - Training client 24 (18/30)...
2026-03-19 02:16:10,604 - Server_DefaultID - INFO - Client 24: Acc=45.62, Loss=-343.2013, NLL=-1160.2173, KL=13.9574, AvgS=499.33, ProxLoss=0.0000
2026-03-19 02:16:10,604 - Server_DefaultID - INFO - Training client 6 (19/30)...
2026-03-19 02:16:11,505 - Server_DefaultID - INFO - Client 6: Acc=60.42, Loss=-341.0969, NLL=-1161.7248, KL=13.9635, AvgS=499.98, ProxLoss=0.0000
2026-03-19 02:16:11,505 - Server_DefaultID - INFO - Training client 77 (20/30)...
2026-03-19 02:16:14,986 - Server_DefaultID - INFO - Client 77: Acc=98.38, Loss=-341.2711, NLL=-1161.7585, KL=13.9636, AvgS=500.00, ProxLoss=0.0000
2026-03-19 02:16:14,987 - Server_DefaultID - INFO - Training client 4 (21/30)...
2026-03-19 02:16:16,664 - Server_DefaultID - INFO - Client 4: Acc=67.66, Loss=-343.0240, NLL=-1161.7544, KL=13.9636, AvgS=499.99, ProxLoss=0.0000
2026-03-19 02:16:16,664 - Server_DefaultID - INFO - Training client 43 (22/30)...
2026-03-19 02:16:19,444 - Server_DefaultID - INFO - Client 43: Acc=97.73, Loss=-341.4388, NLL=-1161.7629, KL=13.9636, AvgS=500.00, ProxLoss=0.0000
2026-03-19 02:16:19,444 - Server_DefaultID - INFO - Training client 63 (23/30)...
2026-03-19 02:16:20,733 - Server_DefaultID - INFO - Client 63: Acc=97.75, Loss=-341.9888, NLL=-1161.7443, KL=13.9635, AvgS=499.99, ProxLoss=0.0000
2026-03-19 02:16:20,733 - Server_DefaultID - INFO - Training client 96 (24/30)...
2026-03-19 02:16:23,090 - Server_DefaultID - INFO - Client 96: Acc=97.15, Loss=-341.7230, NLL=-1161.7272, KL=13.9635, AvgS=499.98, ProxLoss=0.0000
2026-03-19 02:16:23,090 - Server_DefaultID - INFO - Training client 22 (25/30)...
2026-03-19 02:16:23,757 - Server_DefaultID - INFO - Client 22: Acc=92.97, Loss=-342.0859, NLL=-1161.5409, KL=13.9627, AvgS=499.90, ProxLoss=0.0000
2026-03-19 02:16:23,757 - Server_DefaultID - INFO - Training client 91 (26/30)...
2026-03-19 02:16:24,684 - Server_DefaultID - INFO - Client 91: Acc=96.35, Loss=-340.2045, NLL=-1161.7436, KL=13.9635, AvgS=499.99, ProxLoss=0.0000
2026-03-19 02:16:24,684 - Server_DefaultID - INFO - Training client 92 (27/30)...
2026-03-19 02:16:25,745 - Server_DefaultID - INFO - Client 92: Acc=96.33, Loss=-341.4046, NLL=-1161.6733, KL=13.9632, AvgS=499.96, ProxLoss=0.0000
2026-03-19 02:16:25,745 - Server_DefaultID - INFO - Training client 10 (28/30)...
2026-03-19 02:16:26,890 - Server_DefaultID - INFO - Client 10: Acc=54.77, Loss=-342.9765, NLL=-1161.7144, KL=13.9634, AvgS=499.98, ProxLoss=0.0000
2026-03-19 02:16:26,890 - Server_DefaultID - INFO - Training client 25 (29/30)...
2026-03-19 02:16:27,543 - Server_DefaultID - INFO - Client 25: Acc=94.84, Loss=-341.4505, NLL=-1161.5119, KL=13.9626, AvgS=499.89, ProxLoss=0.0000
2026-03-19 02:16:27,543 - Server_DefaultID - INFO - Training client 95 (30/30)...
2026-03-19 02:16:29,722 - Server_DefaultID - INFO - Client 95: Acc=98.06, Loss=-340.7293, NLL=-1161.7642, KL=13.9636, AvgS=500.00, ProxLoss=0.0000
2026-03-19 02:16:29,934 - Server_DefaultID - WARNING - Global prior extremely imbalanced (max/min=1.0), applied adaptive smoothing lam=0.10.
2026-03-19 02:16:29,934 - Server_DefaultID - INFO - Round [82/200] Summary | Avg Client Train Stats:	Loss [-341.2911]	 Acc [92.73]	NLL [-1161.7093]	 KL [13.9634]	AvgS [499.97]	 ProxLoss [0.0000]
GlobalPriorAlpha (first 10): [5.0, 5.0, 5.0, 5.0, 5.0, 5.0, 5.0, 5.0, 5.0, 5.0]
Round Time: 57.50s
2026-03-19 02:16:29,936 - Server_DefaultID - INFO - --- Global Round 83/200 ---
2026-03-19 02:16:29,937 - Server_DefaultID - INFO - Selected 30 active clients for round 83.
2026-03-19 02:16:29,937 - Server_DefaultID - INFO - Training client 84 (1/30)...
2026-03-19 02:16:30,335 - Server_DefaultID - INFO - Client 84: Acc=86.79, Loss=-340.4728, NLL=-1160.3053, KL=13.9579, AvgS=499.37, ProxLoss=0.0000
2026-03-19 02:16:30,335 - Server_DefaultID - INFO - Training client 2 (2/30)...
2026-03-19 02:16:32,621 - Server_DefaultID - INFO - Client 2: Acc=79.69, Loss=-341.4024, NLL=-1161.7454, KL=13.9635, AvgS=499.99, ProxLoss=0.0000
2026-03-19 02:16:32,621 - Server_DefaultID - INFO - Training client 83 (3/30)...
2026-03-19 02:16:36,346 - Server_DefaultID - INFO - Client 83: Acc=99.69, Loss=-339.1529, NLL=-1161.7699, KL=13.9636, AvgS=500.00, ProxLoss=0.0000
2026-03-19 02:16:36,347 - Server_DefaultID - INFO - Training client 36 (4/30)...
2026-03-19 02:16:41,916 - Server_DefaultID - INFO - Client 36: Acc=98.98, Loss=-340.3422, NLL=-1161.7630, KL=13.9636, AvgS=500.00, ProxLoss=0.0000
2026-03-19 02:16:41,916 - Server_DefaultID - INFO - Training client 38 (5/30)...
2026-03-19 02:16:42,580 - Server_DefaultID - INFO - Client 38: Acc=88.59, Loss=-343.9245, NLL=-1161.5081, KL=13.9626, AvgS=499.89, ProxLoss=0.0000
2026-03-19 02:16:42,580 - Server_DefaultID - INFO - Training client 59 (6/30)...
2026-03-19 02:16:44,909 - Server_DefaultID - INFO - Client 59: Acc=97.47, Loss=-341.6925, NLL=-1161.7601, KL=13.9636, AvgS=500.00, ProxLoss=0.0000
2026-03-19 02:16:44,909 - Server_DefaultID - INFO - Training client 85 (7/30)...
2026-03-19 02:16:47,944 - Server_DefaultID - INFO - Client 85: Acc=99.77, Loss=-339.0772, NLL=-1161.7469, KL=13.9635, AvgS=499.99, ProxLoss=0.0000
2026-03-19 02:16:47,944 - Server_DefaultID - INFO - Training client 14 (8/30)...
2026-03-19 02:16:50,419 - Server_DefaultID - INFO - Client 14: Acc=84.44, Loss=-340.0575, NLL=-1161.7340, KL=13.9635, AvgS=499.98, ProxLoss=0.0000
2026-03-19 02:16:50,419 - Server_DefaultID - INFO - Training client 6 (9/30)...
2026-03-19 02:16:51,294 - Server_DefaultID - INFO - Client 6: Acc=79.27, Loss=-341.1755, NLL=-1161.5977, KL=13.9630, AvgS=499.93, ProxLoss=0.0000
2026-03-19 02:16:51,295 - Server_DefaultID - INFO - Training client 20 (10/30)...
2026-03-19 02:16:52,912 - Server_DefaultID - INFO - Client 20: Acc=95.78, Loss=-343.9456, NLL=-1161.6863, KL=13.9633, AvgS=499.96, ProxLoss=0.0000
2026-03-19 02:16:52,912 - Server_DefaultID - INFO - Training client 49 (11/30)...
2026-03-19 02:16:54,756 - Server_DefaultID - INFO - Client 49: Acc=97.95, Loss=-341.4028, NLL=-1161.7688, KL=13.9636, AvgS=500.00, ProxLoss=0.0000
2026-03-19 02:16:54,756 - Server_DefaultID - INFO - Training client 4 (12/30)...
2026-03-19 02:16:56,395 - Server_DefaultID - INFO - Client 4: Acc=76.93, Loss=-342.9705, NLL=-1161.6374, KL=13.9631, AvgS=499.94, ProxLoss=0.0000
2026-03-19 02:16:56,396 - Server_DefaultID - INFO - Training client 31 (13/30)...
2026-03-19 02:16:58,544 - Server_DefaultID - INFO - Client 31: Acc=98.02, Loss=-341.4797, NLL=-1161.7356, KL=13.9635, AvgS=499.99, ProxLoss=0.0000
2026-03-19 02:16:58,544 - Server_DefaultID - INFO - Training client 79 (14/30)...
2026-03-19 02:16:59,902 - Server_DefaultID - INFO - Client 79: Acc=94.06, Loss=-340.1063, NLL=-1161.6942, KL=13.9633, AvgS=499.97, ProxLoss=0.0000
2026-03-19 02:16:59,903 - Server_DefaultID - INFO - Training client 98 (15/30)...
2026-03-19 02:17:00,863 - Server_DefaultID - INFO - Client 98: Acc=97.50, Loss=-340.1359, NLL=-1161.6214, KL=13.9630, AvgS=499.94, ProxLoss=0.0000
2026-03-19 02:17:00,863 - Server_DefaultID - INFO - Training client 66 (16/30)...
2026-03-19 02:17:02,743 - Server_DefaultID - INFO - Client 66: Acc=98.08, Loss=-341.0934, NLL=-1161.6922, KL=13.9633, AvgS=499.97, ProxLoss=0.0000
2026-03-19 02:17:02,743 - Server_DefaultID - INFO - Training client 50 (17/30)...
2026-03-19 02:17:08,768 - Server_DefaultID - INFO - Client 50: Acc=97.71, Loss=-340.2739, NLL=-1161.7534, KL=13.9636, AvgS=499.99, ProxLoss=0.0000
2026-03-19 02:17:08,769 - Server_DefaultID - INFO - Training client 41 (18/30)...
2026-03-19 02:17:10,720 - Server_DefaultID - INFO - Client 41: Acc=98.32, Loss=-340.9461, NLL=-1161.7671, KL=13.9636, AvgS=500.00, ProxLoss=0.0000
2026-03-19 02:17:10,720 - Server_DefaultID - INFO - Training client 65 (19/30)...
2026-03-19 02:17:11,118 - Server_DefaultID - INFO - Client 65: Acc=58.44, Loss=-341.6372, NLL=-1158.7324, KL=13.9516, AvgS=498.69, ProxLoss=0.0000
2026-03-19 02:17:11,118 - Server_DefaultID - INFO - Training client 86 (20/30)...
2026-03-19 02:17:12,539 - Server_DefaultID - INFO - Client 86: Acc=93.69, Loss=-341.5977, NLL=-1161.7152, KL=13.9634, AvgS=499.98, ProxLoss=0.0000
2026-03-19 02:17:12,539 - Server_DefaultID - INFO - Training client 5 (21/30)...
2026-03-19 02:17:12,996 - Server_DefaultID - INFO - Client 5: Acc=73.44, Loss=-342.2263, NLL=-1160.9664, KL=13.9604, AvgS=499.65, ProxLoss=0.0000
2026-03-19 02:17:12,996 - Server_DefaultID - INFO - Training client 72 (22/30)...
2026-03-19 02:17:14,071 - Server_DefaultID - INFO - Client 72: Acc=97.97, Loss=-340.8432, NLL=-1161.7371, KL=13.9635, AvgS=499.99, ProxLoss=0.0000
2026-03-19 02:17:14,072 - Server_DefaultID - INFO - Training client 54 (23/30)...
2026-03-19 02:17:14,694 - Server_DefaultID - INFO - Client 54: Acc=86.25, Loss=-340.5912, NLL=-1161.0627, KL=13.9608, AvgS=499.70, ProxLoss=0.0000
2026-03-19 02:17:14,694 - Server_DefaultID - INFO - Training client 17 (24/30)...
2026-03-19 02:17:15,349 - Server_DefaultID - INFO - Client 17: Acc=79.06, Loss=-342.1382, NLL=-1161.4469, KL=13.9624, AvgS=499.86, ProxLoss=0.0000
2026-03-19 02:17:15,349 - Server_DefaultID - INFO - Training client 48 (25/30)...
2026-03-19 02:17:19,476 - Server_DefaultID - INFO - Client 48: Acc=96.82, Loss=-341.7518, NLL=-1161.7492, KL=13.9635, AvgS=499.99, ProxLoss=0.0000
2026-03-19 02:17:19,477 - Server_DefaultID - INFO - Training client 11 (26/30)...
2026-03-19 02:17:21,030 - Server_DefaultID - INFO - Client 11: Acc=88.54, Loss=-341.8550, NLL=-1161.7410, KL=13.9635, AvgS=499.99, ProxLoss=0.0000
2026-03-19 02:17:21,030 - Server_DefaultID - INFO - Training client 88 (27/30)...
2026-03-19 02:17:22,533 - Server_DefaultID - INFO - Client 88: Acc=77.66, Loss=-342.4636, NLL=-1161.6802, KL=13.9633, AvgS=499.96, ProxLoss=0.0000
2026-03-19 02:17:22,533 - Server_DefaultID - INFO - Training client 16 (28/30)...
2026-03-19 02:17:23,270 - Server_DefaultID - INFO - Client 16: Acc=57.66, Loss=-340.9059, NLL=-1161.4360, KL=13.9622, AvgS=499.86, ProxLoss=0.0000
2026-03-19 02:17:23,270 - Server_DefaultID - INFO - Training client 51 (29/30)...
2026-03-19 02:17:23,973 - Server_DefaultID - INFO - Client 51: Acc=82.50, Loss=-343.5839, NLL=-1161.6408, KL=13.9631, AvgS=499.94, ProxLoss=0.0000
2026-03-19 02:17:23,973 - Server_DefaultID - INFO - Training client 13 (30/30)...
2026-03-19 02:17:24,349 - Server_DefaultID - INFO - Client 13: Acc=52.50, Loss=-340.4862, NLL=-1161.3839, KL=13.9621, AvgS=499.83, ProxLoss=0.0000
2026-03-19 02:17:24,682 - Server_DefaultID - WARNING - Global prior extremely imbalanced (max/min=1.0), applied adaptive smoothing lam=0.10.
2026-03-19 02:17:24,683 - Server_DefaultID - INFO - Round [83/200] Summary | Avg Client Train Stats:	Loss [-341.0226]	 Acc [92.71]	NLL [-1161.6901]	 KL [13.9633]	AvgS [499.97]	 ProxLoss [0.0000]
GlobalPriorAlpha (first 10): [5.0, 5.0, 5.0, 5.0, 5.0, 5.0, 5.0, 5.0, 5.0, 5.0]
Round Time: 54.75s
2026-03-19 02:17:24,687 - Server_DefaultID - INFO - --- Global Round 84/200 ---
2026-03-19 02:17:24,687 - Server_DefaultID - INFO - Selected 30 active clients for round 84.
2026-03-19 02:17:24,688 - Server_DefaultID - INFO - Training client 18 (1/30)...
2026-03-19 02:17:27,717 - Server_DefaultID - INFO - Client 18: Acc=85.06, Loss=-341.6349, NLL=-1161.7577, KL=13.9636, AvgS=499.99, ProxLoss=0.0000
2026-03-19 02:17:27,717 - Server_DefaultID - INFO - Training client 72 (2/30)...
2026-03-19 02:17:28,706 - Server_DefaultID - INFO - Client 72: Acc=97.03, Loss=-340.7404, NLL=-1161.7515, KL=13.9636, AvgS=499.99, ProxLoss=0.0000
2026-03-19 02:17:28,706 - Server_DefaultID - INFO - Training client 68 (3/30)...
2026-03-19 02:17:30,577 - Server_DefaultID - INFO - Client 68: Acc=99.10, Loss=-340.1811, NLL=-1161.7504, KL=13.9635, AvgS=499.99, ProxLoss=0.0000
2026-03-19 02:17:30,577 - Server_DefaultID - INFO - Training client 89 (4/30)...
2026-03-19 02:17:33,408 - Server_DefaultID - INFO - Client 89: Acc=98.97, Loss=-339.7854, NLL=-1161.7598, KL=13.9636, AvgS=500.00, ProxLoss=0.0000
2026-03-19 02:17:33,408 - Server_DefaultID - INFO - Training client 22 (5/30)...
2026-03-19 02:17:34,022 - Server_DefaultID - INFO - Client 22: Acc=94.06, Loss=-342.0552, NLL=-1161.7366, KL=13.9635, AvgS=499.99, ProxLoss=0.0000
2026-03-19 02:17:34,022 - Server_DefaultID - INFO - Training client 93 (6/30)...
2026-03-19 02:17:34,550 - Server_DefaultID - INFO - Client 93: Acc=78.75, Loss=-341.9711, NLL=-1161.0426, KL=13.9608, AvgS=499.69, ProxLoss=0.0000
2026-03-19 02:17:34,550 - Server_DefaultID - INFO - Training client 90 (7/30)...
2026-03-19 02:17:36,420 - Client_90 - WARNING - Client 90: Too few classes (1) or samples (592) for alpha report, returning uniform.
2026-03-19 02:17:36,420 - Server_DefaultID - INFO - Client 90: Acc=100.00, Loss=-338.8027, NLL=-1161.6715, KL=13.9632, AvgS=499.96, ProxLoss=0.0000
2026-03-19 02:17:36,421 - Server_DefaultID - INFO - Training client 61 (8/30)...
2026-03-19 02:17:37,575 - Server_DefaultID - INFO - Client 61: Acc=95.50, Loss=-343.5623, NLL=-1161.7107, KL=13.9634, AvgS=499.97, ProxLoss=0.0000
2026-03-19 02:17:37,576 - Server_DefaultID - INFO - Training client 77 (9/30)...
2026-03-19 02:17:41,906 - Server_DefaultID - INFO - Client 77: Acc=98.56, Loss=-341.2177, NLL=-1161.7573, KL=13.9636, AvgS=499.99, ProxLoss=0.0000
2026-03-19 02:17:41,906 - Server_DefaultID - INFO - Training client 63 (10/30)...
2026-03-19 02:17:43,136 - Server_DefaultID - INFO - Client 63: Acc=98.12, Loss=-341.8752, NLL=-1161.7216, KL=13.9634, AvgS=499.98, ProxLoss=0.0000
2026-03-19 02:17:43,136 - Server_DefaultID - INFO - Training client 56 (11/30)...
2026-03-19 02:17:44,796 - Server_DefaultID - INFO - Client 56: Acc=89.49, Loss=-341.3594, NLL=-1161.7410, KL=13.9635, AvgS=499.99, ProxLoss=0.0000
2026-03-19 02:17:44,796 - Server_DefaultID - INFO - Training client 29 (12/30)...
2026-03-19 02:17:45,834 - Server_DefaultID - INFO - Client 29: Acc=83.36, Loss=-341.1065, NLL=-1161.6772, KL=13.9633, AvgS=499.96, ProxLoss=0.0000
2026-03-19 02:17:45,835 - Server_DefaultID - INFO - Training client 60 (13/30)...
2026-03-19 02:17:46,634 - Server_DefaultID - INFO - Client 60: Acc=90.21, Loss=-340.4670, NLL=-1160.9325, KL=13.9603, AvgS=499.64, ProxLoss=0.0000
2026-03-19 02:17:46,634 - Server_DefaultID - INFO - Training client 41 (14/30)...
2026-03-19 02:17:48,390 - Server_DefaultID - INFO - Client 41: Acc=98.44, Loss=-340.9106, NLL=-1161.7640, KL=13.9636, AvgS=500.00, ProxLoss=0.0000
2026-03-19 02:17:48,390 - Server_DefaultID - INFO - Training client 11 (15/30)...
2026-03-19 02:17:49,856 - Server_DefaultID - INFO - Client 11: Acc=91.93, Loss=-341.7971, NLL=-1161.7699, KL=13.9636, AvgS=500.00, ProxLoss=0.0000
2026-03-19 02:17:49,857 - Server_DefaultID - INFO - Training client 36 (16/30)...
2026-03-19 02:17:54,408 - Server_DefaultID - INFO - Client 36: Acc=98.89, Loss=-340.2900, NLL=-1161.7365, KL=13.9635, AvgS=499.99, ProxLoss=0.0000
2026-03-19 02:17:54,408 - Server_DefaultID - INFO - Training client 6 (17/30)...
2026-03-19 02:17:55,201 - Server_DefaultID - INFO - Client 6: Acc=86.98, Loss=-341.1186, NLL=-1161.7230, KL=13.9634, AvgS=499.98, ProxLoss=0.0000
2026-03-19 02:17:55,201 - Server_DefaultID - INFO - Training client 33 (18/30)...
2026-03-19 02:17:56,731 - Server_DefaultID - INFO - Client 33: Acc=94.69, Loss=-343.2834, NLL=-1161.6869, KL=13.9633, AvgS=499.96, ProxLoss=0.0000
2026-03-19 02:17:56,731 - Server_DefaultID - INFO - Training client 62 (19/30)...
2026-03-19 02:17:57,307 - Server_DefaultID - INFO - Client 62: Acc=89.53, Loss=-342.4356, NLL=-1161.6725, KL=13.9633, AvgS=499.96, ProxLoss=0.0000
2026-03-19 02:17:57,308 - Server_DefaultID - INFO - Training client 86 (20/30)...
2026-03-19 02:17:58,468 - Server_DefaultID - INFO - Client 86: Acc=95.12, Loss=-341.5816, NLL=-1161.7496, KL=13.9635, AvgS=499.99, ProxLoss=0.0000
2026-03-19 02:17:58,468 - Server_DefaultID - INFO - Training client 1 (21/30)...
2026-03-19 02:17:59,046 - Server_DefaultID - INFO - Client 1: Acc=58.12, Loss=-341.8528, NLL=-1161.6874, KL=13.9633, AvgS=499.96, ProxLoss=0.0000
2026-03-19 02:17:59,046 - Server_DefaultID - INFO - Training client 81 (22/30)...
2026-03-19 02:18:00,525 - Server_DefaultID - INFO - Client 81: Acc=97.68, Loss=-341.6041, NLL=-1161.7600, KL=13.9636, AvgS=500.00, ProxLoss=0.0000
2026-03-19 02:18:00,525 - Server_DefaultID - INFO - Training client 67 (23/30)...
2026-03-19 02:18:01,857 - Server_DefaultID - INFO - Client 67: Acc=97.29, Loss=-342.4873, NLL=-1161.7003, KL=13.9634, AvgS=499.97, ProxLoss=0.0000
2026-03-19 02:18:01,857 - Server_DefaultID - INFO - Training client 52 (24/30)...
2026-03-19 02:18:02,671 - Server_DefaultID - INFO - Client 52: Acc=93.02, Loss=-341.6228, NLL=-1161.6153, KL=13.9630, AvgS=499.93, ProxLoss=0.0000
2026-03-19 02:18:02,671 - Server_DefaultID - INFO - Training client 69 (25/30)...
2026-03-19 02:18:03,243 - Server_DefaultID - INFO - Client 69: Acc=56.25, Loss=-342.2884, NLL=-1161.6717, KL=13.9632, AvgS=499.96, ProxLoss=0.0000
2026-03-19 02:18:03,243 - Server_DefaultID - INFO - Training client 99 (26/30)...
2026-03-19 02:18:03,695 - Server_DefaultID - INFO - Client 99: Acc=32.50, Loss=-334.3388, NLL=-1132.3292, KL=13.8354, AvgS=487.28, ProxLoss=0.0000
2026-03-19 02:18:03,695 - Server_DefaultID - INFO - Training client 98 (27/30)...
2026-03-19 02:18:04,586 - Server_DefaultID - INFO - Client 98: Acc=98.44, Loss=-340.1107, NLL=-1161.6657, KL=13.9632, AvgS=499.96, ProxLoss=0.0000
2026-03-19 02:18:04,586 - Server_DefaultID - INFO - Training client 87 (28/30)...
2026-03-19 02:18:06,132 - Server_DefaultID - INFO - Client 87: Acc=95.98, Loss=-343.5995, NLL=-1161.7174, KL=13.9634, AvgS=499.98, ProxLoss=0.0000
2026-03-19 02:18:06,132 - Server_DefaultID - INFO - Training client 73 (29/30)...
2026-03-19 02:18:08,870 - Server_DefaultID - INFO - Client 73: Acc=98.75, Loss=-340.7698, NLL=-1161.7699, KL=13.9636, AvgS=500.00, ProxLoss=0.0000
2026-03-19 02:18:08,870 - Server_DefaultID - INFO - Training client 94 (30/30)...
2026-03-19 02:18:11,175 - Server_DefaultID - INFO - Client 94: Acc=97.81, Loss=-341.4557, NLL=-1161.7581, KL=13.9636, AvgS=499.99, ProxLoss=0.0000
2026-03-19 02:18:11,343 - Server_DefaultID - WARNING - Global prior extremely imbalanced (max/min=1.0), applied adaptive smoothing lam=0.10.
2026-03-19 02:18:11,344 - Server_DefaultID - INFO - Round [84/200] Summary | Avg Client Train Stats:	Loss [-341.1525]	 Acc [94.18]	NLL [-1161.5016]	 KL [13.9625]	AvgS [499.88]	 ProxLoss [0.0000]
GlobalPriorAlpha (first 10): [5.0, 5.0, 5.0, 5.0, 5.0, 5.0, 5.0, 5.0, 5.0, 5.0]
Round Time: 46.66s
2026-03-19 02:18:11,347 - Server_DefaultID - INFO - --- Global Round 85/200 ---
2026-03-19 02:18:11,347 - Server_DefaultID - INFO - Selected 30 active clients for round 85.
2026-03-19 02:18:11,347 - Server_DefaultID - INFO - Training client 2 (1/30)...
2026-03-19 02:18:13,295 - Server_DefaultID - INFO - Client 2: Acc=79.34, Loss=-341.3201, NLL=-1161.7539, KL=13.9636, AvgS=499.99, ProxLoss=0.0000
2026-03-19 02:18:13,295 - Server_DefaultID - INFO - Training client 5 (2/30)...
2026-03-19 02:18:14,922 - Server_DefaultID - INFO - Client 5: Acc=75.31, Loss=-342.6909, NLL=-1161.4787, KL=13.9625, AvgS=499.87, ProxLoss=0.0000
2026-03-19 02:18:14,922 - Server_DefaultID - INFO - Training client 81 (3/30)...
2026-03-19 02:18:16,497 - Server_DefaultID - INFO - Client 81: Acc=97.72, Loss=-341.5657, NLL=-1161.7645, KL=13.9636, AvgS=500.00, ProxLoss=0.0000
2026-03-19 02:18:16,497 - Server_DefaultID - INFO - Training client 85 (4/30)...
2026-03-19 02:18:19,053 - Server_DefaultID - INFO - Client 85: Acc=99.79, Loss=-338.9852, NLL=-1161.7696, KL=13.9636, AvgS=500.00, ProxLoss=0.0000
2026-03-19 02:18:19,053 - Server_DefaultID - INFO - Training client 99 (5/30)...
2026-03-19 02:18:19,478 - Server_DefaultID - INFO - Client 99: Acc=33.75, Loss=-339.6273, NLL=-1149.4513, KL=13.9131, AvgS=494.68, ProxLoss=0.0000
2026-03-19 02:18:19,478 - Server_DefaultID - INFO - Training client 20 (6/30)...
2026-03-19 02:18:20,937 - Server_DefaultID - INFO - Client 20: Acc=97.03, Loss=-343.9761, NLL=-1161.7581, KL=13.9636, AvgS=499.99, ProxLoss=0.0000
2026-03-19 02:18:20,937 - Server_DefaultID - INFO - Training client 17 (7/30)...
2026-03-19 02:18:21,460 - Server_DefaultID - INFO - Client 17: Acc=83.44, Loss=-342.5027, NLL=-1161.7544, KL=13.9636, AvgS=499.99, ProxLoss=0.0000
2026-03-19 02:18:21,460 - Server_DefaultID - INFO - Training client 21 (8/30)...
2026-03-19 02:18:23,283 - Server_DefaultID - INFO - Client 21: Acc=95.04, Loss=-343.2856, NLL=-1161.7359, KL=13.9635, AvgS=499.99, ProxLoss=0.0000
2026-03-19 02:18:23,283 - Server_DefaultID - INFO - Training client 88 (9/30)...
2026-03-19 02:18:24,623 - Server_DefaultID - INFO - Client 88: Acc=82.71, Loss=-342.4435, NLL=-1161.7699, KL=13.9636, AvgS=500.00, ProxLoss=0.0000
2026-03-19 02:18:24,623 - Server_DefaultID - INFO - Training client 91 (10/30)...
2026-03-19 02:18:25,369 - Server_DefaultID - INFO - Client 91: Acc=96.46, Loss=-339.9986, NLL=-1161.7189, KL=13.9634, AvgS=499.98, ProxLoss=0.0000
2026-03-19 02:18:25,370 - Server_DefaultID - INFO - Training client 75 (11/30)...
2026-03-19 02:18:27,022 - Server_DefaultID - INFO - Client 75: Acc=98.20, Loss=-340.3788, NLL=-1161.7568, KL=13.9636, AvgS=499.99, ProxLoss=0.0000
2026-03-19 02:18:27,022 - Server_DefaultID - INFO - Training client 65 (12/30)...
2026-03-19 02:18:27,399 - Server_DefaultID - INFO - Client 65: Acc=61.56, Loss=-342.0888, NLL=-1160.7516, KL=13.9596, AvgS=499.56, ProxLoss=0.0000
2026-03-19 02:18:27,399 - Server_DefaultID - INFO - Training client 66 (13/30)...
2026-03-19 02:18:29,026 - Server_DefaultID - INFO - Client 66: Acc=97.63, Loss=-341.1703, NLL=-1161.7617, KL=13.9636, AvgS=500.00, ProxLoss=0.0000
2026-03-19 02:18:29,026 - Server_DefaultID - INFO - Training client 11 (14/30)...
2026-03-19 02:18:30,393 - Server_DefaultID - INFO - Client 11: Acc=92.71, Loss=-341.6407, NLL=-1161.7688, KL=13.9636, AvgS=500.00, ProxLoss=0.0000
2026-03-19 02:18:30,394 - Server_DefaultID - INFO - Training client 47 (15/30)...
2026-03-19 02:18:31,919 - Server_DefaultID - INFO - Client 47: Acc=97.55, Loss=-343.1589, NLL=-1161.7450, KL=13.9635, AvgS=499.99, ProxLoss=0.0000
2026-03-19 02:18:31,919 - Server_DefaultID - INFO - Training client 23 (16/30)...
2026-03-19 02:18:32,300 - Server_DefaultID - INFO - Client 23: Acc=81.36, Loss=-338.5659, NLL=-1154.9623, KL=13.9367, AvgS=497.06, ProxLoss=0.0000
2026-03-19 02:18:32,300 - Server_DefaultID - INFO - Training client 50 (17/30)...
2026-03-19 02:18:36,267 - Server_DefaultID - INFO - Client 50: Acc=97.65, Loss=-340.3203, NLL=-1161.7696, KL=13.9636, AvgS=500.00, ProxLoss=0.0000
2026-03-19 02:18:36,267 - Server_DefaultID - INFO - Training client 57 (18/30)...
2026-03-19 02:18:39,734 - Server_DefaultID - INFO - Client 57: Acc=98.66, Loss=-341.0029, NLL=-1161.7389, KL=13.9635, AvgS=499.99, ProxLoss=0.0000
2026-03-19 02:18:39,734 - Server_DefaultID - INFO - Training client 48 (19/30)...
2026-03-19 02:18:43,449 - Server_DefaultID - INFO - Client 48: Acc=96.80, Loss=-341.5695, NLL=-1161.7341, KL=13.9635, AvgS=499.98, ProxLoss=0.0000
2026-03-19 02:18:43,449 - Server_DefaultID - INFO - Training client 67 (20/30)...
2026-03-19 02:18:44,810 - Server_DefaultID - INFO - Client 67: Acc=97.50, Loss=-342.4374, NLL=-1161.7062, KL=13.9634, AvgS=499.97, ProxLoss=0.0000
2026-03-19 02:18:44,810 - Server_DefaultID - INFO - Training client 79 (21/30)...
2026-03-19 02:18:45,981 - Server_DefaultID - INFO - Client 79: Acc=93.88, Loss=-340.0559, NLL=-1161.7695, KL=13.9636, AvgS=500.00, ProxLoss=0.0000
2026-03-19 02:18:45,981 - Server_DefaultID - INFO - Training client 40 (22/30)...
2026-03-19 02:18:48,592 - Server_DefaultID - INFO - Client 40: Acc=95.52, Loss=-343.2786, NLL=-1161.7338, KL=13.9635, AvgS=499.98, ProxLoss=0.0000
2026-03-19 02:18:48,592 - Server_DefaultID - INFO - Training client 42 (23/30)...
2026-03-19 02:18:49,923 - Server_DefaultID - INFO - Client 42: Acc=97.76, Loss=-341.3520, NLL=-1161.7485, KL=13.9635, AvgS=499.99, ProxLoss=0.0000
2026-03-19 02:18:49,923 - Server_DefaultID - INFO - Training client 72 (24/30)...
2026-03-19 02:18:50,956 - Server_DefaultID - INFO - Client 72: Acc=97.66, Loss=-340.8175, NLL=-1161.7175, KL=13.9634, AvgS=499.98, ProxLoss=0.0000
2026-03-19 02:18:50,956 - Server_DefaultID - INFO - Training client 41 (25/30)...
2026-03-19 02:18:52,651 - Server_DefaultID - INFO - Client 41: Acc=98.63, Loss=-340.9261, NLL=-1161.7696, KL=13.9636, AvgS=500.00, ProxLoss=0.0000
2026-03-19 02:18:52,651 - Server_DefaultID - INFO - Training client 95 (26/30)...
2026-03-19 02:18:54,619 - Server_DefaultID - INFO - Client 95: Acc=97.99, Loss=-340.5002, NLL=-1161.7661, KL=13.9636, AvgS=500.00, ProxLoss=0.0000
2026-03-19 02:18:54,619 - Server_DefaultID - INFO - Training client 46 (27/30)...
2026-03-19 02:18:56,367 - Server_DefaultID - INFO - Client 46: Acc=96.25, Loss=-341.4096, NLL=-1161.7159, KL=13.9634, AvgS=499.98, ProxLoss=0.0000
2026-03-19 02:18:56,367 - Server_DefaultID - INFO - Training client 52 (28/30)...
2026-03-19 02:18:57,132 - Server_DefaultID - INFO - Client 52: Acc=96.15, Loss=-341.6386, NLL=-1161.6294, KL=13.9631, AvgS=499.94, ProxLoss=0.0000
2026-03-19 02:18:57,133 - Server_DefaultID - INFO - Training client 74 (29/30)...
2026-03-19 02:18:58,096 - Server_DefaultID - INFO - Client 74: Acc=86.88, Loss=-341.6637, NLL=-1161.7186, KL=13.9634, AvgS=499.98, ProxLoss=0.0000
2026-03-19 02:18:58,096 - Server_DefaultID - INFO - Training client 24 (30/30)...
2026-03-19 02:18:58,457 - Server_DefaultID - INFO - Client 24: Acc=54.69, Loss=-343.2685, NLL=-1160.7383, KL=13.9597, AvgS=499.56, ProxLoss=0.0000
2026-03-19 02:18:58,580 - Server_DefaultID - WARNING - Global prior extremely imbalanced (max/min=1.0), applied adaptive smoothing lam=0.10.
2026-03-19 02:18:58,581 - Server_DefaultID - INFO - Round [85/200] Summary | Avg Client Train Stats:	Loss [-341.3069]	 Acc [94.42]	NLL [-1161.6124]	 KL [13.9630]	AvgS [499.93]	 ProxLoss [0.0000]
GlobalPriorAlpha (first 10): [5.0, 5.0, 5.0, 5.0, 5.0, 5.0, 5.0, 5.0, 5.0, 5.0]
Round Time: 47.23s
2026-03-19 02:18:58,583 - Server_DefaultID - INFO - --- Global Round 86/200 ---
2026-03-19 02:18:58,583 - Server_DefaultID - INFO - Selected 30 active clients for round 86.
2026-03-19 02:18:58,583 - Server_DefaultID - INFO - Training client 71 (1/30)...
2026-03-19 02:18:59,129 - Server_DefaultID - INFO - Client 71: Acc=87.97, Loss=-342.1048, NLL=-1161.1219, KL=13.9611, AvgS=499.72, ProxLoss=0.0000
2026-03-19 02:18:59,129 - Server_DefaultID - INFO - Training client 53 (2/30)...
2026-03-19 02:19:01,228 - Server_DefaultID - INFO - Client 53: Acc=98.25, Loss=-340.7514, NLL=-1161.7573, KL=13.9636, AvgS=499.99, ProxLoss=0.0000
2026-03-19 02:19:01,228 - Server_DefaultID - INFO - Training client 21 (3/30)...
2026-03-19 02:19:03,065 - Server_DefaultID - INFO - Client 21: Acc=95.94, Loss=-343.2125, NLL=-1161.7520, KL=13.9636, AvgS=499.99, ProxLoss=0.0000
2026-03-19 02:19:03,066 - Server_DefaultID - INFO - Training client 92 (4/30)...
2026-03-19 02:19:03,997 - Server_DefaultID - INFO - Client 92: Acc=97.03, Loss=-341.5134, NLL=-1161.6846, KL=13.9633, AvgS=499.96, ProxLoss=0.0000
2026-03-19 02:19:03,997 - Server_DefaultID - INFO - Training client 56 (5/30)...
2026-03-19 02:19:05,828 - Server_DefaultID - INFO - Client 56: Acc=90.23, Loss=-341.2941, NLL=-1161.7369, KL=13.9635, AvgS=499.99, ProxLoss=0.0000
2026-03-19 02:19:05,828 - Server_DefaultID - INFO - Training client 24 (6/30)...
2026-03-19 02:19:06,186 - Server_DefaultID - INFO - Client 24: Acc=53.75, Loss=-342.9891, NLL=-1160.7765, KL=13.9597, AvgS=499.57, ProxLoss=0.0000
2026-03-19 02:19:06,186 - Server_DefaultID - INFO - Training client 14 (7/30)...
2026-03-19 02:19:08,172 - Server_DefaultID - INFO - Client 14: Acc=92.19, Loss=-339.9872, NLL=-1161.7054, KL=13.9634, AvgS=499.97, ProxLoss=0.0000
2026-03-19 02:19:08,172 - Server_DefaultID - INFO - Training client 73 (8/30)...
2026-03-19 02:19:10,910 - Server_DefaultID - INFO - Client 73: Acc=98.58, Loss=-340.7307, NLL=-1161.7629, KL=13.9636, AvgS=500.00, ProxLoss=0.0000
2026-03-19 02:19:10,911 - Server_DefaultID - INFO - Training client 51 (9/30)...
2026-03-19 02:19:11,484 - Server_DefaultID - INFO - Client 51: Acc=82.34, Loss=-343.4513, NLL=-1161.6964, KL=13.9633, AvgS=499.97, ProxLoss=0.0000
2026-03-19 02:19:11,484 - Server_DefaultID - INFO - Training client 33 (10/30)...
2026-03-19 02:19:13,106 - Server_DefaultID - INFO - Client 33: Acc=93.26, Loss=-343.1575, NLL=-1161.7629, KL=13.9636, AvgS=500.00, ProxLoss=0.0000
2026-03-19 02:19:13,106 - Server_DefaultID - INFO - Training client 75 (11/30)...
2026-03-19 02:19:14,875 - Server_DefaultID - INFO - Client 75: Acc=98.55, Loss=-340.3847, NLL=-1161.7622, KL=13.9636, AvgS=500.00, ProxLoss=0.0000
2026-03-19 02:19:14,875 - Server_DefaultID - INFO - Training client 3 (12/30)...
2026-03-19 02:19:16,206 - Server_DefaultID - INFO - Client 3: Acc=69.38, Loss=-343.1555, NLL=-1161.7223, KL=13.9634, AvgS=499.98, ProxLoss=0.0000
2026-03-19 02:19:16,206 - Server_DefaultID - INFO - Training client 57 (13/30)...
2026-03-19 02:19:19,604 - Server_DefaultID - INFO - Client 57: Acc=98.64, Loss=-341.0151, NLL=-1161.7537, KL=13.9636, AvgS=499.99, ProxLoss=0.0000
2026-03-19 02:19:19,604 - Server_DefaultID - INFO - Training client 2 (14/30)...
2026-03-19 02:19:22,764 - Server_DefaultID - INFO - Client 2: Acc=79.20, Loss=-341.3027, NLL=-1161.7573, KL=13.9636, AvgS=499.99, ProxLoss=0.0000
2026-03-19 02:19:22,764 - Server_DefaultID - INFO - Training client 27 (15/30)...
2026-03-19 02:19:23,540 - Server_DefaultID - INFO - Client 27: Acc=94.27, Loss=-342.7002, NLL=-1161.7282, KL=13.9635, AvgS=499.98, ProxLoss=0.0000
2026-03-19 02:19:23,540 - Server_DefaultID - INFO - Training client 23 (16/30)...
2026-03-19 02:19:23,915 - Server_DefaultID - INFO - Client 23: Acc=80.00, Loss=-340.0824, NLL=-1159.9156, KL=13.9564, AvgS=499.20, ProxLoss=0.0000
2026-03-19 02:19:23,915 - Server_DefaultID - INFO - Training client 70 (17/30)...
2026-03-19 02:19:25,077 - Server_DefaultID - INFO - Client 70: Acc=95.06, Loss=-340.4097, NLL=-1161.7683, KL=13.9636, AvgS=500.00, ProxLoss=0.0000
2026-03-19 02:19:25,077 - Server_DefaultID - INFO - Training client 62 (18/30)...
2026-03-19 02:19:25,676 - Server_DefaultID - INFO - Client 62: Acc=89.06, Loss=-341.6915, NLL=-1161.4401, KL=13.9624, AvgS=499.86, ProxLoss=0.0000
2026-03-19 02:19:25,676 - Server_DefaultID - INFO - Training client 44 (19/30)...
2026-03-19 02:19:27,669 - Server_DefaultID - INFO - Client 44: Acc=98.68, Loss=-341.1507, NLL=-1161.7552, KL=13.9636, AvgS=499.99, ProxLoss=0.0000
2026-03-19 02:19:27,669 - Server_DefaultID - INFO - Training client 15 (20/30)...
2026-03-19 02:19:28,277 - Server_DefaultID - INFO - Client 15: Acc=53.28, Loss=-341.4498, NLL=-1161.5996, KL=13.9630, AvgS=499.93, ProxLoss=0.0000
2026-03-19 02:19:28,277 - Server_DefaultID - INFO - Training client 55 (21/30)...
2026-03-19 02:19:34,297 - Server_DefaultID - INFO - Client 55: Acc=95.17, Loss=-342.1111, NLL=-1161.7504, KL=13.9635, AvgS=499.99, ProxLoss=0.0000
2026-03-19 02:19:34,297 - Server_DefaultID - INFO - Training client 7 (22/30)...
2026-03-19 02:19:35,597 - Server_DefaultID - INFO - Client 7: Acc=62.08, Loss=-341.3934, NLL=-1161.6999, KL=13.9634, AvgS=499.97, ProxLoss=0.0000
2026-03-19 02:19:35,598 - Server_DefaultID - INFO - Training client 12 (23/30)...
2026-03-19 02:19:36,761 - Server_DefaultID - INFO - Client 12: Acc=78.56, Loss=-342.9229, NLL=-1161.7488, KL=13.9635, AvgS=499.99, ProxLoss=0.0000
2026-03-19 02:19:36,761 - Server_DefaultID - INFO - Training client 47 (24/30)...
2026-03-19 02:19:38,109 - Server_DefaultID - INFO - Client 47: Acc=97.34, Loss=-343.1079, NLL=-1161.7557, KL=13.9636, AvgS=499.99, ProxLoss=0.0000
2026-03-19 02:19:38,109 - Server_DefaultID - INFO - Training client 86 (25/30)...
2026-03-19 02:19:39,193 - Server_DefaultID - INFO - Client 86: Acc=94.06, Loss=-341.4640, NLL=-1161.6525, KL=13.9632, AvgS=499.95, ProxLoss=0.0000
2026-03-19 02:19:39,193 - Server_DefaultID - INFO - Training client 36 (26/30)...
2026-03-19 02:19:44,115 - Server_DefaultID - INFO - Client 36: Acc=98.63, Loss=-340.2025, NLL=-1161.7460, KL=13.9635, AvgS=499.99, ProxLoss=0.0000
2026-03-19 02:19:44,115 - Server_DefaultID - INFO - Training client 89 (27/30)...
2026-03-19 02:19:47,444 - Server_DefaultID - INFO - Client 89: Acc=99.15, Loss=-339.6012, NLL=-1161.7275, KL=13.9635, AvgS=499.98, ProxLoss=0.0000
2026-03-19 02:19:47,444 - Server_DefaultID - INFO - Training client 48 (28/30)...
2026-03-19 02:19:51,544 - Server_DefaultID - INFO - Client 48: Acc=97.04, Loss=-341.6469, NLL=-1161.7492, KL=13.9635, AvgS=499.99, ProxLoss=0.0000
2026-03-19 02:19:51,545 - Server_DefaultID - INFO - Training client 65 (29/30)...
2026-03-19 02:19:52,023 - Server_DefaultID - INFO - Client 65: Acc=61.88, Loss=-341.8066, NLL=-1159.2529, KL=13.9533, AvgS=498.91, ProxLoss=0.0000
2026-03-19 02:19:52,023 - Server_DefaultID - INFO - Training client 81 (30/30)...
2026-03-19 02:19:53,870 - Server_DefaultID - INFO - Client 81: Acc=98.53, Loss=-341.4936, NLL=-1161.7294, KL=13.9635, AvgS=499.98, ProxLoss=0.0000
2026-03-19 02:19:55,415 - Server_DefaultID - WARNING - Global prior extremely imbalanced (max/min=1.0), applied adaptive smoothing lam=0.10.
2026-03-19 02:19:55,416 - Server_DefaultID - INFO - Round [86/200] Summary | Avg Client Train Stats:	Loss [-341.3647]	 Acc [92.90]	NLL [-1161.7085]	 KL [13.9634]	AvgS [499.97]	 ProxLoss [0.0000]
GlobalPriorAlpha (first 10): [5.0, 5.0, 5.0, 5.0, 5.0, 5.0, 5.0, 5.0, 5.0, 5.0]
Round Time: 56.83s
2026-03-19 02:19:55,418 - Server_DefaultID - INFO - --- Global Round 87/200 ---
2026-03-19 02:19:55,418 - Server_DefaultID - INFO - Selected 30 active clients for round 87.
2026-03-19 02:19:55,419 - Server_DefaultID - INFO - Training client 34 (1/30)...
2026-03-19 02:19:56,358 - Server_DefaultID - INFO - Client 34: Acc=84.38, Loss=-342.3471, NLL=-1161.7326, KL=13.9635, AvgS=499.98, ProxLoss=0.0000
2026-03-19 02:19:56,358 - Server_DefaultID - INFO - Training client 38 (2/30)...
2026-03-19 02:19:57,070 - Server_DefaultID - INFO - Client 38: Acc=90.31, Loss=-344.0757, NLL=-1161.6514, KL=13.9632, AvgS=499.95, ProxLoss=0.0000
2026-03-19 02:19:57,070 - Server_DefaultID - INFO - Training client 6 (3/30)...
2026-03-19 02:19:57,968 - Server_DefaultID - INFO - Client 6: Acc=87.81, Loss=-341.0610, NLL=-1161.7142, KL=13.9634, AvgS=499.98, ProxLoss=0.0000
2026-03-19 02:19:57,968 - Server_DefaultID - INFO - Training client 93 (4/30)...
2026-03-19 02:19:58,543 - Server_DefaultID - INFO - Client 93: Acc=74.38, Loss=-342.0972, NLL=-1161.4720, KL=13.9625, AvgS=499.87, ProxLoss=0.0000
2026-03-19 02:19:58,543 - Server_DefaultID - INFO - Training client 29 (5/30)...
2026-03-19 02:19:59,692 - Server_DefaultID - INFO - Client 29: Acc=83.20, Loss=-340.9761, NLL=-1161.6598, KL=13.9632, AvgS=499.95, ProxLoss=0.0000
2026-03-19 02:19:59,692 - Server_DefaultID - INFO - Training client 70 (6/30)...
2026-03-19 02:20:01,053 - Server_DefaultID - INFO - Client 70: Acc=93.56, Loss=-340.3738, NLL=-1161.7262, KL=13.9635, AvgS=499.98, ProxLoss=0.0000
2026-03-19 02:20:01,053 - Server_DefaultID - INFO - Training client 75 (7/30)...
2026-03-19 02:20:03,062 - Server_DefaultID - INFO - Client 75: Acc=98.32, Loss=-340.2698, NLL=-1161.7383, KL=13.9635, AvgS=499.99, ProxLoss=0.0000
2026-03-19 02:20:03,062 - Server_DefaultID - INFO - Training client 27 (8/30)...
2026-03-19 02:20:04,045 - Server_DefaultID - INFO - Client 27: Acc=95.21, Loss=-342.5877, NLL=-1161.4352, KL=13.9623, AvgS=499.86, ProxLoss=0.0000
2026-03-19 02:20:04,045 - Server_DefaultID - INFO - Training client 15 (9/30)...
2026-03-19 02:20:04,702 - Server_DefaultID - INFO - Client 15: Acc=65.16, Loss=-341.5142, NLL=-1161.6943, KL=13.9633, AvgS=499.97, ProxLoss=0.0000
2026-03-19 02:20:04,702 - Server_DefaultID - INFO - Training client 40 (10/30)...
2026-03-19 02:20:06,393 - Server_DefaultID - INFO - Client 40: Acc=96.72, Loss=-343.1393, NLL=-1161.7086, KL=13.9634, AvgS=499.97, ProxLoss=0.0000
2026-03-19 02:20:06,393 - Server_DefaultID - INFO - Training client 49 (11/30)...
2026-03-19 02:20:08,075 - Server_DefaultID - INFO - Client 49: Acc=98.08, Loss=-341.2253, NLL=-1161.7609, KL=13.9636, AvgS=500.00, ProxLoss=0.0000
2026-03-19 02:20:08,075 - Server_DefaultID - INFO - Training client 65 (12/30)...
2026-03-19 02:20:08,488 - Server_DefaultID - INFO - Client 65: Acc=59.69, Loss=-341.8041, NLL=-1160.4668, KL=13.9584, AvgS=499.44, ProxLoss=0.0000
2026-03-19 02:20:08,488 - Server_DefaultID - INFO - Training client 82 (13/30)...
2026-03-19 02:20:09,930 - Server_DefaultID - INFO - Client 82: Acc=97.06, Loss=-341.1588, NLL=-1161.7176, KL=13.9634, AvgS=499.98, ProxLoss=0.0000
2026-03-19 02:20:09,931 - Server_DefaultID - INFO - Training client 61 (14/30)...
2026-03-19 02:20:11,324 - Server_DefaultID - INFO - Client 61: Acc=94.88, Loss=-343.6071, NLL=-1161.7621, KL=13.9636, AvgS=500.00, ProxLoss=0.0000
2026-03-19 02:20:11,324 - Server_DefaultID - INFO - Training client 2 (15/30)...
2026-03-19 02:20:13,660 - Server_DefaultID - INFO - Client 2: Acc=79.41, Loss=-341.2890, NLL=-1161.7505, KL=13.9635, AvgS=499.99, ProxLoss=0.0000
2026-03-19 02:20:13,661 - Server_DefaultID - INFO - Training client 1 (16/30)...
2026-03-19 02:20:14,289 - Server_DefaultID - INFO - Client 1: Acc=65.00, Loss=-341.8125, NLL=-1161.6955, KL=13.9633, AvgS=499.97, ProxLoss=0.0000
2026-03-19 02:20:14,289 - Server_DefaultID - INFO - Training client 55 (17/30)...
2026-03-19 02:20:21,547 - Server_DefaultID - INFO - Client 55: Acc=95.22, Loss=-342.0153, NLL=-1161.7510, KL=13.9636, AvgS=499.99, ProxLoss=0.0000
2026-03-19 02:20:21,547 - Server_DefaultID - INFO - Training client 32 (18/30)...
2026-03-19 02:20:22,990 - Server_DefaultID - INFO - Client 32: Acc=98.02, Loss=-341.9553, NLL=-1161.7587, KL=13.9636, AvgS=500.00, ProxLoss=0.0000
2026-03-19 02:20:22,991 - Server_DefaultID - INFO - Training client 60 (19/30)...
2026-03-19 02:20:23,904 - Server_DefaultID - INFO - Client 60: Acc=88.65, Loss=-340.8125, NLL=-1161.7672, KL=13.9636, AvgS=500.00, ProxLoss=0.0000
2026-03-19 02:20:23,904 - Server_DefaultID - INFO - Training client 26 (20/30)...
2026-03-19 02:20:29,325 - Server_DefaultID - INFO - Client 26: Acc=99.01, Loss=-340.4721, NLL=-1161.7215, KL=13.9634, AvgS=499.98, ProxLoss=0.0000
2026-03-19 02:20:29,325 - Server_DefaultID - INFO - Training client 7 (21/30)...
2026-03-19 02:20:30,905 - Server_DefaultID - INFO - Client 7: Acc=65.62, Loss=-341.3937, NLL=-1161.6564, KL=13.9632, AvgS=499.95, ProxLoss=0.0000
2026-03-19 02:20:30,905 - Server_DefaultID - INFO - Training client 9 (22/30)...
2026-03-19 02:20:32,691 - Server_DefaultID - INFO - Client 9: Acc=97.41, Loss=-340.0779, NLL=-1161.7473, KL=13.9635, AvgS=499.99, ProxLoss=0.0000
2026-03-19 02:20:32,691 - Server_DefaultID - INFO - Training client 0 (23/30)...
2026-03-19 02:20:33,140 - Server_DefaultID - INFO - Client 0: Acc=32.81, Loss=-341.0710, NLL=-1160.8214, KL=13.9599, AvgS=499.59, ProxLoss=0.0000
2026-03-19 02:20:33,140 - Server_DefaultID - INFO - Training client 10 (24/30)...
2026-03-19 02:20:34,285 - Server_DefaultID - INFO - Client 10: Acc=62.66, Loss=-342.8765, NLL=-1161.7512, KL=13.9636, AvgS=499.99, ProxLoss=0.0000
2026-03-19 02:20:34,285 - Server_DefaultID - INFO - Training client 46 (25/30)...
2026-03-19 02:20:36,331 - Server_DefaultID - INFO - Client 46: Acc=96.09, Loss=-341.4119, NLL=-1161.7673, KL=13.9636, AvgS=500.00, ProxLoss=0.0000
2026-03-19 02:20:36,331 - Server_DefaultID - INFO - Training client 28 (26/30)...
2026-03-19 02:20:36,733 - Server_DefaultID - INFO - Client 28: Acc=94.06, Loss=-340.2640, NLL=-1161.5834, KL=13.9629, AvgS=499.92, ProxLoss=0.0000
2026-03-19 02:20:36,734 - Server_DefaultID - INFO - Training client 66 (27/30)...
2026-03-19 02:20:38,586 - Server_DefaultID - INFO - Client 66: Acc=98.79, Loss=-341.0388, NLL=-1161.7010, KL=13.9634, AvgS=499.97, ProxLoss=0.0000
2026-03-19 02:20:38,586 - Server_DefaultID - INFO - Training client 90 (28/30)...
2026-03-19 02:20:40,757 - Client_90 - WARNING - Client 90: Too few classes (1) or samples (592) for alpha report, returning uniform.
2026-03-19 02:20:40,757 - Server_DefaultID - INFO - Client 90: Acc=100.00, Loss=-338.7124, NLL=-1161.7623, KL=13.9636, AvgS=500.00, ProxLoss=0.0000
2026-03-19 02:20:40,757 - Server_DefaultID - INFO - Training client 62 (29/30)...
2026-03-19 02:20:41,462 - Server_DefaultID - INFO - Client 62: Acc=89.06, Loss=-342.1921, NLL=-1161.7370, KL=13.9635, AvgS=499.99, ProxLoss=0.0000
2026-03-19 02:20:41,462 - Server_DefaultID - INFO - Training client 44 (30/30)...
2026-03-19 02:20:43,638 - Server_DefaultID - INFO - Client 44: Acc=98.40, Loss=-341.1308, NLL=-1161.7537, KL=13.9636, AvgS=499.99, ProxLoss=0.0000
2026-03-19 02:20:43,912 - Server_DefaultID - WARNING - Global prior extremely imbalanced (max/min=1.0), applied adaptive smoothing lam=0.10.
2026-03-19 02:20:43,912 - Server_DefaultID - INFO - Round [87/200] Summary | Avg Client Train Stats:	Loss [-341.3423]	 Acc [91.58]	NLL [-1161.7142]	 KL [13.9634]	AvgS [499.98]	 ProxLoss [0.0000]
GlobalPriorAlpha (first 10): [5.0, 5.0, 5.0, 5.0, 5.0, 5.0, 5.0, 5.0, 5.0, 5.0]
Round Time: 48.49s
2026-03-19 02:20:43,918 - Server_DefaultID - INFO - --- Global Round 88/200 ---
2026-03-19 02:20:43,919 - Server_DefaultID - INFO - Selected 30 active clients for round 88.
2026-03-19 02:20:43,919 - Server_DefaultID - INFO - Training client 21 (1/30)...
2026-03-19 02:20:45,758 - Server_DefaultID - INFO - Client 21: Acc=97.27, Loss=-343.2046, NLL=-1161.7560, KL=13.9636, AvgS=499.99, ProxLoss=0.0000
2026-03-19 02:20:45,758 - Server_DefaultID - INFO - Training client 11 (2/30)...
2026-03-19 02:20:47,199 - Server_DefaultID - INFO - Client 11: Acc=93.49, Loss=-341.7781, NLL=-1161.7699, KL=13.9636, AvgS=500.00, ProxLoss=0.0000
2026-03-19 02:20:47,199 - Server_DefaultID - INFO - Training client 39 (3/30)...
2026-03-19 02:20:50,734 - Server_DefaultID - INFO - Client 39: Acc=96.96, Loss=-341.4631, NLL=-1161.6992, KL=13.9634, AvgS=499.97, ProxLoss=0.0000
2026-03-19 02:20:50,734 - Server_DefaultID - INFO - Training client 58 (4/30)...
2026-03-19 02:20:52,567 - Server_DefaultID - INFO - Client 58: Acc=87.95, Loss=-340.0057, NLL=-1161.7415, KL=13.9635, AvgS=499.99, ProxLoss=0.0000
2026-03-19 02:20:52,567 - Server_DefaultID - INFO - Training client 34 (5/30)...
2026-03-19 02:20:53,460 - Server_DefaultID - INFO - Client 34: Acc=84.17, Loss=-342.3680, NLL=-1161.7059, KL=13.9634, AvgS=499.97, ProxLoss=0.0000
2026-03-19 02:20:53,460 - Server_DefaultID - INFO - Training client 13 (6/30)...
2026-03-19 02:20:53,871 - Server_DefaultID - INFO - Client 13: Acc=53.12, Loss=-340.5403, NLL=-1161.6988, KL=13.9633, AvgS=499.97, ProxLoss=0.0000
2026-03-19 02:20:53,872 - Server_DefaultID - INFO - Training client 42 (7/30)...
2026-03-19 02:20:55,359 - Server_DefaultID - INFO - Client 42: Acc=97.45, Loss=-341.2356, NLL=-1161.7655, KL=13.9636, AvgS=500.00, ProxLoss=0.0000
2026-03-19 02:20:55,359 - Server_DefaultID - INFO - Training client 80 (8/30)...
2026-03-19 02:20:55,740 - Server_DefaultID - INFO - Client 80: Acc=69.69, Loss=-341.4230, NLL=-1161.4555, KL=13.9624, AvgS=499.86, ProxLoss=0.0000
2026-03-19 02:20:55,740 - Server_DefaultID - INFO - Training client 19 (9/30)...
2026-03-19 02:20:59,120 - Server_DefaultID - INFO - Client 19: Acc=95.49, Loss=-339.9157, NLL=-1161.7626, KL=13.9636, AvgS=500.00, ProxLoss=0.0000
2026-03-19 02:20:59,120 - Server_DefaultID - INFO - Training client 95 (10/30)...
2026-03-19 02:21:02,740 - Server_DefaultID - INFO - Client 95: Acc=97.81, Loss=-340.4234, NLL=-1161.7699, KL=13.9636, AvgS=500.00, ProxLoss=0.0000
2026-03-19 02:21:02,740 - Server_DefaultID - INFO - Training client 46 (11/30)...
2026-03-19 02:21:04,878 - Server_DefaultID - INFO - Client 46: Acc=96.80, Loss=-341.3573, NLL=-1161.7688, KL=13.9636, AvgS=500.00, ProxLoss=0.0000
2026-03-19 02:21:04,878 - Server_DefaultID - INFO - Training client 65 (12/30)...
2026-03-19 02:21:05,325 - Server_DefaultID - INFO - Client 65: Acc=60.62, Loss=-342.4111, NLL=-1161.4861, KL=13.9625, AvgS=499.88, ProxLoss=0.0000
2026-03-19 02:21:05,325 - Server_DefaultID - INFO - Training client 31 (13/30)...
2026-03-19 02:21:07,606 - Server_DefaultID - INFO - Client 31: Acc=97.99, Loss=-341.3008, NLL=-1161.7622, KL=13.9636, AvgS=500.00, ProxLoss=0.0000
2026-03-19 02:21:07,607 - Server_DefaultID - INFO - Training client 14 (14/30)...
2026-03-19 02:21:09,942 - Server_DefaultID - INFO - Client 14: Acc=93.51, Loss=-339.9411, NLL=-1161.7503, KL=13.9635, AvgS=499.99, ProxLoss=0.0000
2026-03-19 02:21:09,942 - Server_DefaultID - INFO - Training client 47 (15/30)...
2026-03-19 02:21:11,450 - Server_DefaultID - INFO - Client 47: Acc=97.29, Loss=-342.9800, NLL=-1161.7198, KL=13.9634, AvgS=499.98, ProxLoss=0.0000
2026-03-19 02:21:11,450 - Server_DefaultID - INFO - Training client 27 (16/30)...
2026-03-19 02:21:12,352 - Server_DefaultID - INFO - Client 27: Acc=94.48, Loss=-342.6716, NLL=-1161.6991, KL=13.9634, AvgS=499.97, ProxLoss=0.0000
2026-03-19 02:21:12,352 - Server_DefaultID - INFO - Training client 56 (17/30)...
2026-03-19 02:21:14,412 - Server_DefaultID - INFO - Client 56: Acc=90.74, Loss=-341.1912, NLL=-1161.7654, KL=13.9636, AvgS=500.00, ProxLoss=0.0000
2026-03-19 02:21:14,412 - Server_DefaultID - INFO - Training client 41 (18/30)...
2026-03-19 02:21:16,384 - Server_DefaultID - INFO - Client 41: Acc=98.24, Loss=-340.7748, NLL=-1161.7578, KL=13.9636, AvgS=499.99, ProxLoss=0.0000
2026-03-19 02:21:16,384 - Server_DefaultID - INFO - Training client 75 (19/30)...
2026-03-19 02:21:18,367 - Server_DefaultID - INFO - Client 75: Acc=98.71, Loss=-340.2816, NLL=-1161.7692, KL=13.9636, AvgS=500.00, ProxLoss=0.0000
2026-03-19 02:21:18,367 - Server_DefaultID - INFO - Training client 99 (20/30)...
2026-03-19 02:21:18,796 - Server_DefaultID - INFO - Client 99: Acc=42.19, Loss=-342.2745, NLL=-1157.5517, KL=13.9467, AvgS=498.18, ProxLoss=0.0000
2026-03-19 02:21:18,796 - Server_DefaultID - INFO - Training client 60 (21/30)...
2026-03-19 02:21:19,675 - Server_DefaultID - INFO - Client 60: Acc=90.00, Loss=-340.6828, NLL=-1161.5466, KL=13.9628, AvgS=499.90, ProxLoss=0.0000
2026-03-19 02:21:19,675 - Server_DefaultID - INFO - Training client 48 (22/30)...
2026-03-19 02:21:23,749 - Server_DefaultID - INFO - Client 48: Acc=96.82, Loss=-341.5301, NLL=-1161.7600, KL=13.9636, AvgS=500.00, ProxLoss=0.0000
2026-03-19 02:21:23,749 - Server_DefaultID - INFO - Training client 6 (23/30)...
2026-03-19 02:21:24,582 - Server_DefaultID - INFO - Client 6: Acc=90.10, Loss=-341.1407, NLL=-1161.7536, KL=13.9636, AvgS=499.99, ProxLoss=0.0000
2026-03-19 02:21:24,582 - Server_DefaultID - INFO - Training client 61 (24/30)...
2026-03-19 02:21:25,915 - Server_DefaultID - INFO - Client 61: Acc=96.88, Loss=-343.4306, NLL=-1161.7385, KL=13.9635, AvgS=499.99, ProxLoss=0.0000
2026-03-19 02:21:25,915 - Server_DefaultID - INFO - Training client 7 (25/30)...
2026-03-19 02:21:27,482 - Server_DefaultID - INFO - Client 7: Acc=68.33, Loss=-341.3984, NLL=-1161.7360, KL=13.9635, AvgS=499.99, ProxLoss=0.0000
2026-03-19 02:21:27,483 - Server_DefaultID - INFO - Training client 86 (26/30)...
2026-03-19 02:21:28,867 - Server_DefaultID - INFO - Client 86: Acc=95.12, Loss=-341.6849, NLL=-1161.7376, KL=13.9635, AvgS=499.99, ProxLoss=0.0000
2026-03-19 02:21:28,867 - Server_DefaultID - INFO - Training client 97 (27/30)...
2026-03-19 02:21:36,070 - Server_DefaultID - INFO - Client 97: Acc=99.56, Loss=-338.9909, NLL=-1161.7653, KL=13.9636, AvgS=500.00, ProxLoss=0.0000
2026-03-19 02:21:36,070 - Server_DefaultID - INFO - Training client 88 (28/30)...
2026-03-19 02:21:37,765 - Server_DefaultID - INFO - Client 88: Acc=86.20, Loss=-342.1971, NLL=-1161.7463, KL=13.9635, AvgS=499.99, ProxLoss=0.0000
2026-03-19 02:21:37,765 - Server_DefaultID - INFO - Training client 67 (29/30)...
2026-03-19 02:21:39,443 - Server_DefaultID - INFO - Client 67: Acc=97.97, Loss=-342.3412, NLL=-1161.7535, KL=13.9636, AvgS=499.99, ProxLoss=0.0000
2026-03-19 02:21:39,443 - Server_DefaultID - INFO - Training client 85 (30/30)...
2026-03-19 02:21:42,352 - Server_DefaultID - INFO - Client 85: Acc=99.74, Loss=-338.9029, NLL=-1161.7699, KL=13.9636, AvgS=500.00, ProxLoss=0.0000
2026-03-19 02:21:42,686 - Server_DefaultID - WARNING - Global prior extremely imbalanced (max/min=1.0), applied adaptive smoothing lam=0.10.
2026-03-19 02:21:42,687 - Server_DefaultID - INFO - Round [88/200] Summary | Avg Client Train Stats:	Loss [-340.9509]	 Acc [94.20]	NLL [-1161.7175]	 KL [13.9634]	AvgS [499.98]	 ProxLoss [0.0000]
GlobalPriorAlpha (first 10): [5.0, 5.0, 5.0, 5.0, 5.0, 5.0, 5.0, 5.0, 5.0, 5.0]
Round Time: 58.77s
2026-03-19 02:21:42,690 - Server_DefaultID - INFO - --- Global Round 89/200 ---
2026-03-19 02:21:42,691 - Server_DefaultID - INFO - Selected 30 active clients for round 89.
2026-03-19 02:21:42,691 - Server_DefaultID - INFO - Training client 6 (1/30)...
2026-03-19 02:21:43,644 - Server_DefaultID - INFO - Client 6: Acc=92.29, Loss=-341.4280, NLL=-1161.7694, KL=13.9636, AvgS=500.00, ProxLoss=0.0000
2026-03-19 02:21:43,645 - Server_DefaultID - INFO - Training client 40 (2/30)...
2026-03-19 02:21:45,108 - Server_DefaultID - INFO - Client 40: Acc=96.61, Loss=-343.0959, NLL=-1161.7656, KL=13.9636, AvgS=500.00, ProxLoss=0.0000
2026-03-19 02:21:45,108 - Server_DefaultID - INFO - Training client 5 (3/30)...
2026-03-19 02:21:45,550 - Server_DefaultID - INFO - Client 5: Acc=82.81, Loss=-342.2157, NLL=-1161.7699, KL=13.9636, AvgS=500.00, ProxLoss=0.0000
2026-03-19 02:21:45,550 - Server_DefaultID - INFO - Training client 90 (4/30)...
2026-03-19 02:21:47,590 - Client_90 - WARNING - Client 90: Too few classes (1) or samples (592) for alpha report, returning uniform.
2026-03-19 02:21:47,590 - Server_DefaultID - INFO - Client 90: Acc=100.00, Loss=-338.6304, NLL=-1161.7587, KL=13.9636, AvgS=500.00, ProxLoss=0.0000
2026-03-19 02:21:47,590 - Server_DefaultID - INFO - Training client 27 (5/30)...
2026-03-19 02:21:48,450 - Server_DefaultID - INFO - Client 27: Acc=95.31, Loss=-342.6618, NLL=-1161.7538, KL=13.9636, AvgS=499.99, ProxLoss=0.0000
2026-03-19 02:21:48,450 - Server_DefaultID - INFO - Training client 93 (6/30)...
2026-03-19 02:21:49,185 - Server_DefaultID - INFO - Client 93: Acc=82.97, Loss=-341.8961, NLL=-1161.2908, KL=13.9617, AvgS=499.79, ProxLoss=0.0000
2026-03-19 02:21:49,185 - Server_DefaultID - INFO - Training client 84 (7/30)...
2026-03-19 02:21:49,581 - Server_DefaultID - INFO - Client 84: Acc=86.79, Loss=-339.5775, NLL=-1158.2374, KL=13.9492, AvgS=498.47, ProxLoss=0.0000
2026-03-19 02:21:49,581 - Server_DefaultID - INFO - Training client 79 (8/30)...
2026-03-19 02:21:50,909 - Server_DefaultID - INFO - Client 79: Acc=93.88, Loss=-339.8276, NLL=-1161.6872, KL=13.9633, AvgS=499.96, ProxLoss=0.0000
2026-03-19 02:21:50,909 - Server_DefaultID - INFO - Training client 42 (9/30)...
2026-03-19 02:21:52,492 - Server_DefaultID - INFO - Client 42: Acc=97.81, Loss=-341.2616, NLL=-1161.7369, KL=13.9635, AvgS=499.99, ProxLoss=0.0000
2026-03-19 02:21:52,492 - Server_DefaultID - INFO - Training client 87 (10/30)...
2026-03-19 02:21:54,269 - Server_DefaultID - INFO - Client 87: Acc=96.34, Loss=-343.4101, NLL=-1161.7299, KL=13.9635, AvgS=499.98, ProxLoss=0.0000
2026-03-19 02:21:54,269 - Server_DefaultID - INFO - Training client 68 (11/30)...
2026-03-19 02:21:56,503 - Server_DefaultID - INFO - Client 68: Acc=98.96, Loss=-339.9728, NLL=-1161.7660, KL=13.9636, AvgS=500.00, ProxLoss=0.0000
2026-03-19 02:21:56,503 - Server_DefaultID - INFO - Training client 49 (12/30)...
2026-03-19 02:21:58,265 - Server_DefaultID - INFO - Client 49: Acc=97.95, Loss=-341.1363, NLL=-1161.7458, KL=13.9635, AvgS=499.99, ProxLoss=0.0000
2026-03-19 02:21:58,265 - Server_DefaultID - INFO - Training client 76 (13/30)...
2026-03-19 02:22:00,304 - Server_DefaultID - INFO - Client 76: Acc=97.81, Loss=-343.1956, NLL=-1161.7529, KL=13.9636, AvgS=499.99, ProxLoss=0.0000
2026-03-19 02:22:00,304 - Server_DefaultID - INFO - Training client 71 (14/30)...
2026-03-19 02:22:00,999 - Server_DefaultID - INFO - Client 71: Acc=88.28, Loss=-342.5476, NLL=-1161.5992, KL=13.9630, AvgS=499.93, ProxLoss=0.0000
2026-03-19 02:22:00,999 - Server_DefaultID - INFO - Training client 4 (15/30)...
2026-03-19 02:22:02,565 - Server_DefaultID - INFO - Client 4: Acc=78.59, Loss=-342.9117, NLL=-1161.7597, KL=13.9636, AvgS=500.00, ProxLoss=0.0000
2026-03-19 02:22:02,565 - Server_DefaultID - INFO - Training client 28 (16/30)...
2026-03-19 02:22:02,966 - Server_DefaultID - INFO - Client 28: Acc=93.44, Loss=-340.4971, NLL=-1160.6134, KL=13.9591, AvgS=499.50, ProxLoss=0.0000
2026-03-19 02:22:02,966 - Server_DefaultID - INFO - Training client 2 (17/30)...
2026-03-19 02:22:05,240 - Server_DefaultID - INFO - Client 2: Acc=79.58, Loss=-341.2496, NLL=-1161.7515, KL=13.9636, AvgS=499.99, ProxLoss=0.0000
2026-03-19 02:22:05,240 - Server_DefaultID - INFO - Training client 91 (18/30)...
2026-03-19 02:22:06,107 - Server_DefaultID - INFO - Client 91: Acc=95.10, Loss=-339.9032, NLL=-1161.7493, KL=13.9635, AvgS=499.99, ProxLoss=0.0000
2026-03-19 02:22:06,107 - Server_DefaultID - INFO - Training client 37 (19/30)...
2026-03-19 02:22:07,335 - Server_DefaultID - INFO - Client 37: Acc=86.72, Loss=-342.5858, NLL=-1161.7269, KL=13.9635, AvgS=499.98, ProxLoss=0.0000
2026-03-19 02:22:07,335 - Server_DefaultID - INFO - Training client 60 (20/30)...
2026-03-19 02:22:09,434 - Server_DefaultID - INFO - Client 60: Acc=89.38, Loss=-340.4498, NLL=-1161.5818, KL=13.9629, AvgS=499.92, ProxLoss=0.0000
2026-03-19 02:22:09,434 - Server_DefaultID - INFO - Training client 75 (21/30)...
2026-03-19 02:22:11,512 - Server_DefaultID - INFO - Client 75: Acc=99.22, Loss=-340.2818, NLL=-1161.7685, KL=13.9636, AvgS=500.00, ProxLoss=0.0000
2026-03-19 02:22:11,513 - Server_DefaultID - INFO - Training client 3 (22/30)...
2026-03-19 02:22:13,069 - Server_DefaultID - INFO - Client 3: Acc=71.72, Loss=-343.0840, NLL=-1161.7374, KL=13.9635, AvgS=499.99, ProxLoss=0.0000
2026-03-19 02:22:13,069 - Server_DefaultID - INFO - Training client 77 (23/30)...
2026-03-19 02:22:16,594 - Server_DefaultID - INFO - Client 77: Acc=99.04, Loss=-340.9709, NLL=-1161.7594, KL=13.9636, AvgS=500.00, ProxLoss=0.0000
2026-03-19 02:22:16,594 - Server_DefaultID - INFO - Training client 65 (24/30)...
2026-03-19 02:22:17,064 - Server_DefaultID - INFO - Client 65: Acc=67.50, Loss=-342.2494, NLL=-1161.0239, KL=13.9608, AvgS=499.68, ProxLoss=0.0000
2026-03-19 02:22:17,065 - Server_DefaultID - INFO - Training client 56 (25/30)...
2026-03-19 02:22:19,053 - Server_DefaultID - INFO - Client 56: Acc=91.45, Loss=-341.0904, NLL=-1161.7535, KL=13.9636, AvgS=499.99, ProxLoss=0.0000
2026-03-19 02:22:19,053 - Server_DefaultID - INFO - Training client 85 (26/30)...
2026-03-19 02:22:22,020 - Server_DefaultID - INFO - Client 85: Acc=99.77, Loss=-338.8367, NLL=-1161.7663, KL=13.9636, AvgS=500.00, ProxLoss=0.0000
2026-03-19 02:22:22,020 - Server_DefaultID - INFO - Training client 52 (27/30)...
2026-03-19 02:22:22,876 - Server_DefaultID - INFO - Client 52: Acc=95.42, Loss=-341.7026, NLL=-1161.7613, KL=13.9636, AvgS=500.00, ProxLoss=0.0000
2026-03-19 02:22:22,876 - Server_DefaultID - INFO - Training client 16 (28/30)...
2026-03-19 02:22:23,518 - Server_DefaultID - INFO - Client 16: Acc=64.69, Loss=-340.8170, NLL=-1161.7619, KL=13.9636, AvgS=500.00, ProxLoss=0.0000
2026-03-19 02:22:23,518 - Server_DefaultID - INFO - Training client 96 (29/30)...
2026-03-19 02:22:25,731 - Server_DefaultID - INFO - Client 96: Acc=97.47, Loss=-341.4446, NLL=-1161.7065, KL=13.9634, AvgS=499.97, ProxLoss=0.0000
2026-03-19 02:22:25,731 - Server_DefaultID - INFO - Training client 14 (30/30)...
2026-03-19 02:22:28,040 - Server_DefaultID - INFO - Client 14: Acc=95.21, Loss=-339.9332, NLL=-1161.7699, KL=13.9636, AvgS=500.00, ProxLoss=0.0000
2026-03-19 02:22:28,263 - Server_DefaultID - WARNING - Global prior extremely imbalanced (max/min=1.0), applied adaptive smoothing lam=0.10.
2026-03-19 02:22:28,263 - Server_DefaultID - INFO - Round [89/200] Summary | Avg Client Train Stats:	Loss [-341.0978]	 Acc [93.15]	NLL [-1161.7072]	 KL [13.9634]	AvgS [499.97]	 ProxLoss [0.0000]
GlobalPriorAlpha (first 10): [5.0, 5.0, 5.0, 5.0, 5.0, 5.0, 5.0, 5.0, 5.0, 5.0]
Round Time: 45.57s
2026-03-19 02:22:28,266 - Server_DefaultID - INFO - --- Global Round 90/200 ---
2026-03-19 02:22:28,266 - Server_DefaultID - INFO - Selected 30 active clients for round 90.
2026-03-19 02:22:28,266 - Server_DefaultID - INFO - Training client 80 (1/30)...
2026-03-19 02:22:28,792 - Server_DefaultID - INFO - Client 80: Acc=71.56, Loss=-341.6970, NLL=-1161.0280, KL=13.9608, AvgS=499.68, ProxLoss=0.0000
2026-03-19 02:22:28,792 - Server_DefaultID - INFO - Training client 8 (2/30)...
2026-03-19 02:22:29,402 - Server_DefaultID - INFO - Client 8: Acc=87.34, Loss=-340.5570, NLL=-1161.0837, KL=13.9610, AvgS=499.70, ProxLoss=0.0000
2026-03-19 02:22:29,402 - Server_DefaultID - INFO - Training client 79 (3/30)...
2026-03-19 02:22:30,632 - Server_DefaultID - INFO - Client 79: Acc=94.00, Loss=-339.8088, NLL=-1161.6868, KL=13.9633, AvgS=499.96, ProxLoss=0.0000
2026-03-19 02:22:30,632 - Server_DefaultID - INFO - Training client 24 (4/30)...
2026-03-19 02:22:31,047 - Server_DefaultID - INFO - Client 24: Acc=60.94, Loss=-341.9902, NLL=-1157.4386, KL=13.9441, AvgS=498.13, ProxLoss=0.0000
2026-03-19 02:22:31,047 - Server_DefaultID - INFO - Training client 97 (5/30)...
2026-03-19 02:22:36,602 - Server_DefaultID - INFO - Client 97: Acc=99.56, Loss=-338.9235, NLL=-1161.7499, KL=13.9635, AvgS=499.99, ProxLoss=0.0000
2026-03-19 02:22:36,602 - Server_DefaultID - INFO - Training client 30 (6/30)...
2026-03-19 02:22:38,633 - Server_DefaultID - INFO - Client 30: Acc=98.79, Loss=-339.9217, NLL=-1161.7423, KL=13.9635, AvgS=499.99, ProxLoss=0.0000
2026-03-19 02:22:38,634 - Server_DefaultID - INFO - Training client 65 (7/30)...
2026-03-19 02:22:39,068 - Server_DefaultID - INFO - Client 65: Acc=68.44, Loss=-341.9985, NLL=-1160.7873, KL=13.9597, AvgS=499.58, ProxLoss=0.0000
2026-03-19 02:22:39,068 - Server_DefaultID - INFO - Training client 13 (8/30)...
2026-03-19 02:22:39,496 - Server_DefaultID - INFO - Client 13: Acc=57.50, Loss=-339.8597, NLL=-1161.5250, KL=13.9627, AvgS=499.89, ProxLoss=0.0000
2026-03-19 02:22:39,497 - Server_DefaultID - INFO - Training client 84 (9/30)...
2026-03-19 02:22:39,953 - Server_DefaultID - INFO - Client 84: Acc=86.79, Loss=-339.9967, NLL=-1159.5839, KL=13.9551, AvgS=499.06, ProxLoss=0.0000
2026-03-19 02:22:39,953 - Server_DefaultID - INFO - Training client 69 (10/30)...
2026-03-19 02:22:40,614 - Server_DefaultID - INFO - Client 69: Acc=57.66, Loss=-341.9296, NLL=-1161.6270, KL=13.9631, AvgS=499.94, ProxLoss=0.0000
2026-03-19 02:22:40,615 - Server_DefaultID - INFO - Training client 40 (11/30)...
2026-03-19 02:22:44,002 - Server_DefaultID - INFO - Client 40: Acc=97.14, Loss=-343.0745, NLL=-1161.7614, KL=13.9636, AvgS=500.00, ProxLoss=0.0000
2026-03-19 02:22:44,002 - Server_DefaultID - INFO - Training client 71 (12/30)...
2026-03-19 02:22:44,607 - Server_DefaultID - INFO - Client 71: Acc=91.09, Loss=-342.3692, NLL=-1161.7305, KL=13.9635, AvgS=499.98, ProxLoss=0.0000
2026-03-19 02:22:44,607 - Server_DefaultID - INFO - Training client 78 (13/30)...
2026-03-19 02:22:51,758 - Server_DefaultID - INFO - Client 78: Acc=97.11, Loss=-341.1816, NLL=-1161.7542, KL=13.9636, AvgS=499.99, ProxLoss=0.0000
2026-03-19 02:22:51,758 - Server_DefaultID - INFO - Training client 6 (14/30)...
2026-03-19 02:22:52,692 - Server_DefaultID - INFO - Client 6: Acc=95.31, Loss=-340.9723, NLL=-1161.7571, KL=13.9636, AvgS=499.99, ProxLoss=0.0000
2026-03-19 02:22:52,692 - Server_DefaultID - INFO - Training client 62 (15/30)...
2026-03-19 02:22:53,309 - Server_DefaultID - INFO - Client 62: Acc=89.84, Loss=-341.6905, NLL=-1161.7687, KL=13.9636, AvgS=500.00, ProxLoss=0.0000
2026-03-19 02:22:53,309 - Server_DefaultID - INFO - Training client 52 (16/30)...
2026-03-19 02:22:54,204 - Server_DefaultID - INFO - Client 52: Acc=95.62, Loss=-341.4493, NLL=-1161.6291, KL=13.9631, AvgS=499.94, ProxLoss=0.0000
2026-03-19 02:22:54,204 - Server_DefaultID - INFO - Training client 21 (17/30)...
2026-03-19 02:22:56,159 - Server_DefaultID - INFO - Client 21: Acc=96.33, Loss=-343.0668, NLL=-1161.7376, KL=13.9635, AvgS=499.99, ProxLoss=0.0000
2026-03-19 02:22:56,159 - Server_DefaultID - INFO - Training client 10 (18/30)...
2026-03-19 02:22:57,274 - Server_DefaultID - INFO - Client 10: Acc=69.53, Loss=-342.7630, NLL=-1161.7285, KL=13.9635, AvgS=499.98, ProxLoss=0.0000
2026-03-19 02:22:57,275 - Server_DefaultID - INFO - Training client 56 (19/30)...
2026-03-19 02:22:59,342 - Server_DefaultID - INFO - Client 56: Acc=91.37, Loss=-341.1238, NLL=-1161.7212, KL=13.9634, AvgS=499.98, ProxLoss=0.0000
2026-03-19 02:22:59,342 - Server_DefaultID - INFO - Training client 67 (20/30)...
2026-03-19 02:23:00,908 - Server_DefaultID - INFO - Client 67: Acc=97.60, Loss=-342.2562, NLL=-1161.7650, KL=13.9636, AvgS=500.00, ProxLoss=0.0000
2026-03-19 02:23:00,908 - Server_DefaultID - INFO - Training client 94 (21/30)...
2026-03-19 02:23:03,774 - Server_DefaultID - INFO - Client 94: Acc=97.59, Loss=-341.2407, NLL=-1161.7617, KL=13.9636, AvgS=500.00, ProxLoss=0.0000
2026-03-19 02:23:03,774 - Server_DefaultID - INFO - Training client 47 (22/30)...
2026-03-19 02:23:05,357 - Server_DefaultID - INFO - Client 47: Acc=97.66, Loss=-342.9767, NLL=-1161.7569, KL=13.9636, AvgS=499.99, ProxLoss=0.0000
2026-03-19 02:23:05,357 - Server_DefaultID - INFO - Training client 28 (23/30)...
2026-03-19 02:23:05,831 - Server_DefaultID - INFO - Client 28: Acc=92.81, Loss=-341.1480, NLL=-1161.7699, KL=13.9636, AvgS=500.00, ProxLoss=0.0000
2026-03-19 02:23:05,831 - Server_DefaultID - INFO - Training client 73 (24/30)...
2026-03-19 02:23:08,898 - Server_DefaultID - INFO - Client 73: Acc=98.82, Loss=-340.4542, NLL=-1161.7653, KL=13.9636, AvgS=500.00, ProxLoss=0.0000
2026-03-19 02:23:08,898 - Server_DefaultID - INFO - Training client 23 (25/30)...
2026-03-19 02:23:09,296 - Server_DefaultID - INFO - Client 23: Acc=77.97, Loss=-339.5670, NLL=-1158.1597, KL=13.9493, AvgS=498.44, ProxLoss=0.0000
2026-03-19 02:23:09,296 - Server_DefaultID - INFO - Training client 59 (26/30)...
2026-03-19 02:23:11,589 - Server_DefaultID - INFO - Client 59: Acc=97.78, Loss=-341.4132, NLL=-1161.7653, KL=13.9636, AvgS=500.00, ProxLoss=0.0000
2026-03-19 02:23:11,589 - Server_DefaultID - INFO - Training client 54 (27/30)...
2026-03-19 02:23:12,329 - Server_DefaultID - INFO - Client 54: Acc=87.97, Loss=-340.7004, NLL=-1161.5150, KL=13.9626, AvgS=499.89, ProxLoss=0.0000
2026-03-19 02:23:12,329 - Server_DefaultID - INFO - Training client 92 (28/30)...
2026-03-19 02:23:13,540 - Server_DefaultID - INFO - Client 92: Acc=96.80, Loss=-341.1595, NLL=-1161.6513, KL=13.9632, AvgS=499.95, ProxLoss=0.0000
2026-03-19 02:23:13,540 - Server_DefaultID - INFO - Training client 95 (29/30)...
2026-03-19 02:23:16,976 - Server_DefaultID - INFO - Client 95: Acc=97.53, Loss=-340.3318, NLL=-1161.7677, KL=13.9636, AvgS=500.00, ProxLoss=0.0000
2026-03-19 02:23:16,977 - Server_DefaultID - INFO - Training client 25 (30/30)...
2026-03-19 02:23:17,685 - Server_DefaultID - INFO - Client 25: Acc=95.31, Loss=-341.3814, NLL=-1161.7400, KL=13.9635, AvgS=499.99, ProxLoss=0.0000
2026-03-19 02:23:17,968 - Server_DefaultID - WARNING - Global prior extremely imbalanced (max/min=1.0), applied adaptive smoothing lam=0.10.
2026-03-19 02:23:17,969 - Server_DefaultID - INFO - Round [90/200] Summary | Avg Client Train Stats:	Loss [-341.0019]	 Acc [94.47]	NLL [-1161.6584]	 KL [13.9632]	AvgS [499.95]	 ProxLoss [0.0000]
GlobalPriorAlpha (first 10): [5.0, 5.0, 5.0, 5.0, 5.0, 5.0, 5.0, 5.0, 5.0, 5.0]
Round Time: 49.70s
2026-03-19 02:23:17,969 - Server_DefaultID - INFO - --- Evaluating models at round 90 ---
2026-03-19 02:24:27,532 - Server_DefaultID - INFO - Global Model Evaluation (Round 90): 
  Avg Test Acc: 77.94%
  Avg Test Acc Softmax: 77.94%
  Avg Test Loss: -1141.6842
  Avg Test NLL: -1159.3088
  Avg Test KL (vs flat prior): 13.9531
  Avg Test S: 498.94
2026-03-19 02:25:34,670 - Server_DefaultID - INFO - Personalized Model Evaluation (Round 90): 
  Avg Test Acc: 79.05%
  Avg Test Acc Softmax: 79.05%
  Avg Test Loss: -1143.7397
  Avg Test NLL: -1161.3776
  Avg Test KL (vs flat prior): 13.9620
  Avg Test S: 499.83
2026-03-19 02:25:34,670 - Server_DefaultID - INFO - [Metric 1] Personalized Brier Score | Mean: 0.3203
2026-03-19 02:25:34,670 - Server_DefaultID - INFO - [Metric 1] Personalized ECE | Mean: 0.1170
2026-03-19 02:25:34,670 - Server_DefaultID - INFO - [OOD Eval] OOD AUC-ROC (Epistemic): 0.0019
2026-03-19 02:25:34,670 - Server_DefaultID - INFO - [Metric 4] OOD FPR@95%TPR: 1.0000
2026-03-19 02:25:35,961 - Server_DefaultID - INFO - --- Global Round 91/200 ---
2026-03-19 02:25:35,961 - Server_DefaultID - INFO - Selected 30 active clients for round 91.
2026-03-19 02:25:35,962 - Server_DefaultID - INFO - Training client 35 (1/30)...
2026-03-19 02:25:36,709 - Server_DefaultID - INFO - Client 35: Acc=92.08, Loss=-342.5355, NLL=-1161.7274, KL=13.9635, AvgS=499.98, ProxLoss=0.0000
2026-03-19 02:25:36,709 - Server_DefaultID - INFO - Training client 48 (2/30)...
2026-03-19 02:25:40,297 - Server_DefaultID - INFO - Client 48: Acc=97.39, Loss=-341.4007, NLL=-1161.7322, KL=13.9635, AvgS=499.98, ProxLoss=0.0000
2026-03-19 02:25:40,297 - Server_DefaultID - INFO - Training client 40 (3/30)...
2026-03-19 02:25:41,664 - Server_DefaultID - INFO - Client 40: Acc=96.30, Loss=-342.9346, NLL=-1161.7208, KL=13.9634, AvgS=499.98, ProxLoss=0.0000
2026-03-19 02:25:41,664 - Server_DefaultID - INFO - Training client 1 (4/30)...
2026-03-19 02:25:42,185 - Server_DefaultID - INFO - Client 1: Acc=49.53, Loss=-341.5332, NLL=-1161.7398, KL=13.9635, AvgS=499.99, ProxLoss=0.0000
2026-03-19 02:25:42,185 - Server_DefaultID - INFO - Training client 63 (5/30)...
2026-03-19 02:25:43,368 - Server_DefaultID - INFO - Client 63: Acc=97.19, Loss=-341.5850, NLL=-1161.7411, KL=13.9635, AvgS=499.99, ProxLoss=0.0000
2026-03-19 02:25:43,369 - Server_DefaultID - INFO - Training client 97 (6/30)...
2026-03-19 02:25:48,503 - Server_DefaultID - INFO - Client 97: Acc=99.58, Loss=-338.9049, NLL=-1161.7612, KL=13.9636, AvgS=500.00, ProxLoss=0.0000
2026-03-19 02:25:48,503 - Server_DefaultID - INFO - Training client 90 (7/30)...
2026-03-19 02:25:50,370 - Client_90 - WARNING - Client 90: Too few classes (1) or samples (592) for alpha report, returning uniform.
2026-03-19 02:25:50,371 - Server_DefaultID - INFO - Client 90: Acc=100.00, Loss=-338.5532, NLL=-1161.7690, KL=13.9636, AvgS=500.00, ProxLoss=0.0000
2026-03-19 02:25:50,371 - Server_DefaultID - INFO - Training client 74 (8/30)...
2026-03-19 02:25:51,270 - Server_DefaultID - INFO - Client 74: Acc=90.16, Loss=-341.3879, NLL=-1161.7635, KL=13.9636, AvgS=500.00, ProxLoss=0.0000
2026-03-19 02:25:51,270 - Server_DefaultID - INFO - Training client 13 (9/30)...
2026-03-19 02:25:51,624 - Server_DefaultID - INFO - Client 13: Acc=52.19, Loss=-339.8643, NLL=-1161.4588, KL=13.9624, AvgS=499.87, ProxLoss=0.0000
2026-03-19 02:25:51,624 - Server_DefaultID - INFO - Training client 10 (10/30)...
2026-03-19 02:25:52,513 - Server_DefaultID - INFO - Client 10: Acc=45.23, Loss=-342.5725, NLL=-1161.7517, KL=13.9636, AvgS=499.99, ProxLoss=0.0000
2026-03-19 02:25:52,513 - Server_DefaultID - INFO - Training client 87 (11/30)...
2026-03-19 02:25:54,027 - Server_DefaultID - INFO - Client 87: Acc=97.10, Loss=-343.4579, NLL=-1161.7447, KL=13.9635, AvgS=499.99, ProxLoss=0.0000
2026-03-19 02:25:54,027 - Server_DefaultID - INFO - Training client 2 (12/30)...
2026-03-19 02:25:56,070 - Server_DefaultID - INFO - Client 2: Acc=79.03, Loss=-341.0452, NLL=-1161.7286, KL=13.9635, AvgS=499.98, ProxLoss=0.0000
2026-03-19 02:25:56,070 - Server_DefaultID - INFO - Training client 54 (13/30)...
2026-03-19 02:25:56,608 - Server_DefaultID - INFO - Client 54: Acc=92.34, Loss=-340.3057, NLL=-1161.5730, KL=13.9629, AvgS=499.92, ProxLoss=0.0000
2026-03-19 02:25:56,608 - Server_DefaultID - INFO - Training client 25 (14/30)...
2026-03-19 02:25:57,195 - Server_DefaultID - INFO - Client 25: Acc=96.25, Loss=-340.9614, NLL=-1161.5476, KL=13.9628, AvgS=499.90, ProxLoss=0.0000
2026-03-19 02:25:57,195 - Server_DefaultID - INFO - Training client 41 (15/30)...
2026-03-19 02:25:58,860 - Server_DefaultID - INFO - Client 41: Acc=98.09, Loss=-340.7356, NLL=-1161.7649, KL=13.9636, AvgS=500.00, ProxLoss=0.0000
2026-03-19 02:25:58,860 - Server_DefaultID - INFO - Training client 7 (16/30)...
