2026-03-19 00:42:02,995 - Server_DefaultID - INFO - Server model moved to device: cuda:0
2026-03-19 00:43:04,538 - Server_DefaultID - INFO - Starting Optimized FedUG Training Process
2026-03-19 00:43:04,539 - Server_DefaultID - INFO - --- Global Round 1/200 ---
2026-03-19 00:43:04,539 - Server_DefaultID - INFO - Selected 30 active clients for round 1.
2026-03-19 00:43:04,539 - Server_DefaultID - INFO - Training client 35 (1/30)...
2026-03-19 00:43:07,244 - Server_DefaultID - INFO - Client 35: Acc=60.10, Loss=-42.0785, NLL=-147.5939, KL=20.3669, AvgS=64.03, ProxLoss=0.0000
2026-03-19 00:43:07,244 - Server_DefaultID - INFO - Training client 87 (2/30)...
2026-03-19 00:43:10,728 - Server_DefaultID - INFO - Client 87: Acc=32.14, Loss=-113.9277, NLL=-391.8374, KL=20.6064, AvgS=167.97, ProxLoss=0.0000
2026-03-19 00:43:10,729 - Server_DefaultID - INFO - Training client 38 (3/30)...
2026-03-19 00:43:11,668 - Server_DefaultID - INFO - Client 38: Acc=50.00, Loss=-26.5140, NLL=-94.2408, KL=18.7139, AvgS=41.67, ProxLoss=0.0000
2026-03-19 00:43:11,668 - Server_DefaultID - INFO - Training client 74 (4/30)...
2026-03-19 00:43:13,334 - Server_DefaultID - INFO - Client 74: Acc=49.53, Loss=-57.2300, NLL=-201.6054, KL=20.4338, AvgS=86.62, ProxLoss=0.0000
2026-03-19 00:43:13,334 - Server_DefaultID - INFO - Training client 17 (5/30)...
2026-03-19 00:43:14,209 - Server_DefaultID - INFO - Client 17: Acc=64.53, Loss=-26.1657, NLL=-93.5707, KL=20.7330, AvgS=41.40, ProxLoss=0.0000
2026-03-19 00:43:14,209 - Server_DefaultID - INFO - Training client 10 (6/30)...
2026-03-19 00:43:15,951 - Server_DefaultID - INFO - Client 10: Acc=44.30, Loss=-57.2921, NLL=-199.2530, KL=19.4883, AvgS=85.68, ProxLoss=0.0000
2026-03-19 00:43:15,951 - Server_DefaultID - INFO - Training client 43 (7/30)...
2026-03-19 00:43:20,116 - Server_DefaultID - INFO - Client 43: Acc=57.64, Loss=-202.7430, NLL=-694.6165, KL=24.5230, AvgS=298.26, ProxLoss=0.0000
2026-03-19 00:43:20,117 - Server_DefaultID - INFO - Training client 91 (8/30)...
2026-03-19 00:43:21,416 - Server_DefaultID - INFO - Client 91: Acc=76.98, Loss=-41.5992, NLL=-148.5632, KL=16.4564, AvgS=64.39, ProxLoss=0.0000
2026-03-19 00:43:21,416 - Server_DefaultID - INFO - Training client 93 (9/30)...
2026-03-19 00:43:22,474 - Server_DefaultID - INFO - Client 93: Acc=34.53, Loss=-25.8633, NLL=-93.1389, KL=20.5060, AvgS=41.09, ProxLoss=0.0000
2026-03-19 00:43:22,474 - Server_DefaultID - INFO - Training client 20 (10/30)...
2026-03-19 00:43:25,046 - Server_DefaultID - INFO - Client 20: Acc=57.66, Loss=-95.8522, NLL=-328.7346, KL=18.2957, AvgS=140.98, ProxLoss=0.0000
2026-03-19 00:43:25,046 - Server_DefaultID - INFO - Training client 21 (11/30)...
2026-03-19 00:43:28,215 - Server_DefaultID - INFO - Client 21: Acc=32.46, Loss=-129.5166, NLL=-446.0599, KL=22.2317, AvgS=191.22, ProxLoss=0.0000
2026-03-19 00:43:28,215 - Server_DefaultID - INFO - Training client 26 (12/30)...
2026-03-19 00:43:34,490 - Server_DefaultID - INFO - Client 26: Acc=61.65, Loss=-322.4475, NLL=-1106.3488, KL=24.6191, AvgS=476.05, ProxLoss=0.0000
2026-03-19 00:43:34,490 - Server_DefaultID - INFO - Training client 83 (13/30)...
2026-03-19 00:43:38,423 - Server_DefaultID - INFO - Client 83: Acc=4.12, Loss=-165.9812, NLL=-579.2174, KL=17.5309, AvgS=248.45, ProxLoss=0.0000
2026-03-19 00:43:38,423 - Server_DefaultID - INFO - Training client 39 (14/30)...
2026-03-19 00:43:44,938 - Server_DefaultID - INFO - Client 39: Acc=56.60, Loss=-295.2443, NLL=-1006.1976, KL=25.8603, AvgS=432.76, ProxLoss=0.0000
2026-03-19 00:43:44,938 - Server_DefaultID - INFO - Training client 30 (15/30)...
2026-03-19 00:43:48,067 - Server_DefaultID - INFO - Client 30: Acc=68.05, Loss=-129.3971, NLL=-451.0566, KL=20.5607, AvgS=193.43, ProxLoss=0.0000
2026-03-19 00:43:48,068 - Server_DefaultID - INFO - Training client 68 (16/30)...
2026-03-19 00:43:51,479 - Server_DefaultID - INFO - Client 68: Acc=70.59, Loss=-156.6283, NLL=-542.4475, KL=21.4200, AvgS=232.70, ProxLoss=0.0000
2026-03-19 00:43:51,479 - Server_DefaultID - INFO - Training client 34 (17/30)...
2026-03-19 00:43:52,784 - Server_DefaultID - INFO - Client 34: Acc=59.79, Loss=-39.1516, NLL=-138.9382, KL=20.7146, AvgS=60.38, ProxLoss=0.0000
2026-03-19 00:43:52,784 - Server_DefaultID - INFO - Training client 18 (18/30)...
2026-03-19 00:43:58,322 - Server_DefaultID - INFO - Client 18: Acc=52.44, Loss=-292.3292, NLL=-997.8596, KL=25.7675, AvgS=429.16, ProxLoss=0.0000
2026-03-19 00:43:58,322 - Server_DefaultID - INFO - Training client 69 (19/30)...
2026-03-19 00:43:59,288 - Server_DefaultID - INFO - Client 69: Acc=38.44, Loss=-25.5642, NLL=-92.0267, KL=21.2803, AvgS=40.64, ProxLoss=0.0000
2026-03-19 00:43:59,288 - Server_DefaultID - INFO - Training client 52 (20/30)...
2026-03-19 00:44:00,649 - Server_DefaultID - INFO - Client 52: Acc=67.19, Loss=-42.0416, NLL=-148.6001, KL=19.4744, AvgS=64.41, ProxLoss=0.0000
2026-03-19 00:44:00,650 - Server_DefaultID - INFO - Training client 57 (21/30)...
2026-03-19 00:44:07,018 - Server_DefaultID - INFO - Client 57: Acc=58.81, Loss=-319.3937, NLL=-1092.0968, KL=25.2614, AvgS=469.88, ProxLoss=0.0000
2026-03-19 00:44:07,018 - Server_DefaultID - INFO - Training client 13 (22/30)...
2026-03-19 00:44:07,521 - Server_DefaultID - INFO - Client 13: Acc=51.88, Loss=-15.1604, NLL=-56.1947, KL=17.6451, AvgS=25.92, ProxLoss=0.0000
2026-03-19 00:44:07,521 - Server_DefaultID - INFO - Training client 89 (23/30)...
2026-03-19 00:44:12,726 - Server_DefaultID - INFO - Client 89: Acc=54.42, Loss=-277.9379, NLL=-955.1857, KL=21.6408, AvgS=410.70, ProxLoss=0.0000
2026-03-19 00:44:12,726 - Server_DefaultID - INFO - Training client 75 (24/30)...
2026-03-19 00:44:15,783 - Server_DefaultID - INFO - Client 75: Acc=70.66, Loss=-132.3191, NLL=-460.3013, KL=21.3064, AvgS=197.38, ProxLoss=0.0000
2026-03-19 00:44:15,783 - Server_DefaultID - INFO - Training client 71 (25/30)...
2026-03-19 00:44:17,481 - Server_DefaultID - INFO - Client 71: Acc=64.22, Loss=-28.3857, NLL=-100.4224, KL=21.5142, AvgS=44.37, ProxLoss=0.0000
2026-03-19 00:44:17,481 - Server_DefaultID - INFO - Training client 8 (26/30)...
2026-03-19 00:44:18,506 - Server_DefaultID - INFO - Client 8: Acc=32.66, Loss=-25.8309, NLL=-93.4811, KL=18.6236, AvgS=41.18, ProxLoss=0.0000
2026-03-19 00:44:18,506 - Server_DefaultID - INFO - Training client 51 (27/30)...
2026-03-19 00:44:19,584 - Server_DefaultID - INFO - Client 51: Acc=34.06, Loss=-26.1498, NLL=-93.5181, KL=18.4292, AvgS=41.26, ProxLoss=0.0000
2026-03-19 00:44:19,585 - Server_DefaultID - INFO - Training client 60 (28/30)...
2026-03-19 00:44:20,755 - Server_DefaultID - INFO - Client 60: Acc=61.25, Loss=-39.1335, NLL=-140.0511, KL=17.7403, AvgS=60.79, ProxLoss=0.0000
2026-03-19 00:44:20,755 - Server_DefaultID - INFO - Training client 19 (29/30)...
2026-03-19 00:44:25,801 - Server_DefaultID - INFO - Client 19: Acc=38.35, Loss=-256.0283, NLL=-881.5973, KL=22.5239, AvgS=378.97, ProxLoss=0.0000
2026-03-19 00:44:25,801 - Server_DefaultID - INFO - Training client 47 (30/30)...
2026-03-19 00:44:28,146 - Server_DefaultID - INFO - Client 47: Acc=40.00, Loss=-93.7412, NLL=-323.3781, KL=21.2854, AvgS=138.61, ProxLoss=0.0000
2026-03-19 00:44:28,605 - Server_DefaultID - WARNING - Global prior extremely imbalanced (max/min=1.0), applied adaptive smoothing lam=0.10.
2026-03-19 00:44:28,605 - Server_DefaultID - INFO - Round [1/200] Summary | Avg Client Train Stats:	Loss [-186.5634]	 Acc [51.75]	NLL [-641.5058]	 KL [22.1288]	AvgS [275.86]	 ProxLoss [0.0000]
GlobalPriorAlpha (first 10): [4.95550012588501, 5.015699863433838, 5.01609992980957, 5.043099880218506, 4.945099830627441, 4.937399864196777, 5.0680999755859375, 5.054800033569336, 4.927700042724609, 5.036399841308594]
Round Time: 84.07s
2026-03-19 00:44:28,607 - Server_DefaultID - INFO - --- Global Round 2/200 ---
2026-03-19 00:44:28,608 - Server_DefaultID - INFO - Selected 30 active clients for round 2.
2026-03-19 00:44:28,608 - Server_DefaultID - INFO - Training client 77 (1/30)...
2026-03-19 00:44:34,391 - Server_DefaultID - INFO - Client 77: Acc=46.21, Loss=-289.8177, NLL=-990.9214, KL=14.1107, AvgS=426.15, ProxLoss=0.0000
2026-03-19 00:44:34,391 - Server_DefaultID - INFO - Training client 28 (2/30)...
2026-03-19 00:44:34,999 - Server_DefaultID - INFO - Client 28: Acc=38.44, Loss=-15.2367, NLL=-56.4344, KL=5.3742, AvgS=25.97, ProxLoss=0.0000
2026-03-19 00:44:34,999 - Server_DefaultID - INFO - Training client 14 (3/30)...
2026-03-19 00:44:38,421 - Server_DefaultID - INFO - Client 14: Acc=70.59, Loss=-151.8688, NLL=-528.9917, KL=11.3522, AvgS=226.94, ProxLoss=0.0000
2026-03-19 00:44:38,421 - Server_DefaultID - INFO - Training client 51 (4/30)...
2026-03-19 00:44:39,495 - Server_DefaultID - INFO - Client 51: Acc=22.34, Loss=-53.2243, NLL=-185.0616, KL=6.2239, AvgS=79.63, ProxLoss=0.0000
2026-03-19 00:44:39,495 - Server_DefaultID - INFO - Training client 85 (5/30)...
2026-03-19 00:44:43,998 - Server_DefaultID - INFO - Client 85: Acc=14.32, Loss=-228.5468, NLL=-789.0775, KL=11.9640, AvgS=338.95, ProxLoss=0.0000
2026-03-19 00:44:43,998 - Server_DefaultID - INFO - Training client 60 (6/30)...
2026-03-19 00:44:45,336 - Server_DefaultID - INFO - Client 60: Acc=47.29, Loss=-85.3470, NLL=-298.2017, KL=8.5444, AvgS=127.93, ProxLoss=0.0000
2026-03-19 00:44:45,336 - Server_DefaultID - INFO - Training client 33 (7/30)...
2026-03-19 00:44:48,006 - Server_DefaultID - INFO - Client 33: Acc=40.04, Loss=-114.9997, NLL=-394.3771, KL=9.6787, AvgS=168.96, ProxLoss=0.0000
2026-03-19 00:44:48,006 - Server_DefaultID - INFO - Training client 23 (8/30)...
2026-03-19 00:44:48,721 - Server_DefaultID - INFO - Client 23: Acc=74.58, Loss=-15.8835, NLL=-57.6064, KL=6.2960, AvgS=26.78, ProxLoss=0.0000
2026-03-19 00:44:48,721 - Server_DefaultID - INFO - Training client 88 (9/30)...
2026-03-19 00:44:51,993 - Server_DefaultID - INFO - Client 88: Acc=39.84, Loss=-91.0959, NLL=-316.9470, KL=9.3972, AvgS=135.84, ProxLoss=0.0000
2026-03-19 00:44:51,994 - Server_DefaultID - INFO - Training client 81 (10/30)...
2026-03-19 00:44:54,581 - Server_DefaultID - INFO - Client 81: Acc=44.64, Loss=-112.7371, NLL=-390.7879, KL=10.4116, AvgS=167.47, ProxLoss=0.0000
2026-03-19 00:44:54,581 - Server_DefaultID - INFO - Training client 6 (11/30)...
2026-03-19 00:44:55,905 - Server_DefaultID - INFO - Client 6: Acc=69.27, Loss=-40.1428, NLL=-142.9043, KL=6.9528, AvgS=62.00, ProxLoss=0.0000
2026-03-19 00:44:55,905 - Server_DefaultID - INFO - Training client 97 (12/30)...
2026-03-19 00:45:05,093 - Server_DefaultID - INFO - Client 97: Acc=99.56, Loss=-341.7168, NLL=-1159.9397, KL=13.8291, AvgS=499.21, ProxLoss=0.0000
2026-03-19 00:45:05,093 - Server_DefaultID - INFO - Training client 34 (13/30)...
2026-03-19 00:45:06,489 - Server_DefaultID - INFO - Client 34: Acc=58.65, Loss=-84.2396, NLL=-291.7767, KL=9.1371, AvgS=125.16, ProxLoss=0.0000
2026-03-19 00:45:06,489 - Server_DefaultID - INFO - Training client 93 (14/30)...
2026-03-19 00:45:07,429 - Server_DefaultID - INFO - Client 93: Acc=31.88, Loss=-54.0583, NLL=-188.4543, KL=7.4188, AvgS=81.15, ProxLoss=0.0000
2026-03-19 00:45:07,429 - Server_DefaultID - INFO - Training client 98 (15/30)...
2026-03-19 00:45:08,650 - Server_DefaultID - INFO - Client 98: Acc=74.58, Loss=-39.5735, NLL=-142.0729, KL=6.2471, AvgS=61.69, ProxLoss=0.0000
2026-03-19 00:45:08,650 - Server_DefaultID - INFO - Training client 32 (16/30)...
2026-03-19 00:45:11,211 - Server_DefaultID - INFO - Client 32: Acc=55.94, Loss=-92.8979, NLL=-321.2411, KL=9.6368, AvgS=137.73, ProxLoss=0.0000
2026-03-19 00:45:11,211 - Server_DefaultID - INFO - Training client 68 (17/30)...
2026-03-19 00:45:14,764 - Server_DefaultID - INFO - Client 68: Acc=67.67, Loss=-336.0193, NLL=-1144.0336, KL=14.4174, AvgS=492.34, ProxLoss=0.0000
2026-03-19 00:45:14,764 - Server_DefaultID - INFO - Training client 21 (18/30)...
2026-03-19 00:45:17,985 - Server_DefaultID - INFO - Client 21: Acc=30.31, Loss=-315.1690, NLL=-1068.6886, KL=13.7399, AvgS=459.79, ProxLoss=0.0000
2026-03-19 00:45:17,985 - Server_DefaultID - INFO - Training client 82 (19/30)...
2026-03-19 00:45:20,163 - Server_DefaultID - INFO - Client 82: Acc=54.50, Loss=-72.0939, NLL=-253.5976, KL=8.6983, AvgS=108.85, ProxLoss=0.0000
2026-03-19 00:45:20,163 - Server_DefaultID - INFO - Training client 73 (20/30)...
2026-03-19 00:45:25,316 - Server_DefaultID - INFO - Client 73: Acc=66.23, Loss=-257.9442, NLL=-881.7679, KL=13.4357, AvgS=379.03, ProxLoss=0.0000
2026-03-19 00:45:25,317 - Server_DefaultID - INFO - Training client 26 (21/30)...
2026-03-19 00:45:31,977 - Server_DefaultID - INFO - Client 26: Acc=94.36, Loss=-343.7428, NLL=-1161.4629, KL=14.6537, AvgS=499.87, ProxLoss=0.0000
2026-03-19 00:45:31,977 - Server_DefaultID - INFO - Training client 46 (22/30)...
2026-03-19 00:45:35,466 - Server_DefaultID - INFO - Client 46: Acc=50.35, Loss=-125.7448, NLL=-436.0190, KL=10.7873, AvgS=186.87, ProxLoss=0.0000
2026-03-19 00:45:35,467 - Server_DefaultID - INFO - Training client 95 (23/30)...
2026-03-19 00:45:40,323 - Server_DefaultID - INFO - Client 95: Acc=57.92, Loss=-144.3422, NLL=-501.7330, KL=10.8471, AvgS=215.17, ProxLoss=0.0000
2026-03-19 00:45:40,323 - Server_DefaultID - INFO - Training client 27 (24/30)...
2026-03-19 00:45:41,686 - Server_DefaultID - INFO - Client 27: Acc=60.31, Loss=-42.1073, NLL=-147.5329, KL=7.1239, AvgS=63.95, ProxLoss=0.0000
2026-03-19 00:45:41,686 - Server_DefaultID - INFO - Training client 31 (25/30)...
2026-03-19 00:45:45,559 - Server_DefaultID - INFO - Client 31: Acc=68.85, Loss=-154.9645, NLL=-532.9955, KL=11.7727, AvgS=228.67, ProxLoss=0.0000
2026-03-19 00:45:45,559 - Server_DefaultID - INFO - Training client 58 (26/30)...
2026-03-19 00:45:48,405 - Server_DefaultID - INFO - Client 58: Acc=40.13, Loss=-108.8461, NLL=-380.9023, KL=9.8950, AvgS=163.23, ProxLoss=0.0000
2026-03-19 00:45:48,405 - Server_DefaultID - INFO - Training client 24 (27/30)...
2026-03-19 00:45:49,118 - Server_DefaultID - INFO - Client 24: Acc=55.62, Loss=-16.5015, NLL=-59.1515, KL=5.9656, AvgS=27.34, ProxLoss=0.0000
2026-03-19 00:45:49,118 - Server_DefaultID - INFO - Training client 76 (28/30)...
2026-03-19 00:45:52,667 - Server_DefaultID - INFO - Client 76: Acc=56.64, Loss=-136.0823, NLL=-465.7393, KL=10.1635, AvgS=199.67, ProxLoss=0.0000
2026-03-19 00:45:52,667 - Server_DefaultID - INFO - Training client 47 (29/30)...
2026-03-19 00:45:55,303 - Server_DefaultID - INFO - Client 47: Acc=24.84, Loss=-209.9163, NLL=-714.3813, KL=12.1768, AvgS=306.75, ProxLoss=0.0000
2026-03-19 00:45:55,303 - Server_DefaultID - INFO - Training client 75 (30/30)...
2026-03-19 00:45:58,747 - Server_DefaultID - INFO - Client 75: Acc=64.06, Loss=-307.0788, NLL=-1049.0428, KL=14.1569, AvgS=451.31, ProxLoss=0.0000
2026-03-19 00:45:59,416 - Server_DefaultID - WARNING - Global prior extremely imbalanced (max/min=1.1), applied adaptive smoothing lam=0.11.
2026-03-19 00:45:59,417 - Server_DefaultID - INFO - Round [2/200] Summary | Avg Client Train Stats:	Loss [-205.3159]	 Acc [59.19]	NLL [-702.3755]	 KL [11.7087]	AvgS [301.95]	 ProxLoss [0.0000]
GlobalPriorAlpha (first 10): [5.000699996948242, 5.204899787902832, 5.054100036621094, 4.715799808502197, 4.639400005340576, 5.2316999435424805, 5.169400215148926, 4.950799942016602, 5.013199806213379, 5.019899845123291]
Round Time: 90.81s
2026-03-19 00:45:59,420 - Server_DefaultID - INFO - --- Global Round 3/200 ---
2026-03-19 00:45:59,421 - Server_DefaultID - INFO - Selected 30 active clients for round 3.
2026-03-19 00:45:59,422 - Server_DefaultID - INFO - Training client 64 (1/30)...
2026-03-19 00:46:00,046 - Server_DefaultID - INFO - Client 64: Acc=64.69, Loss=-15.9852, NLL=-58.1957, KL=6.1857, AvgS=26.86, ProxLoss=0.0000
2026-03-19 00:46:00,046 - Server_DefaultID - INFO - Training client 96 (2/30)...
2026-03-19 00:46:04,171 - Server_DefaultID - INFO - Client 96: Acc=54.62, Loss=-155.6901, NLL=-537.0651, KL=11.4241, AvgS=230.39, ProxLoss=0.0000
2026-03-19 00:46:04,171 - Server_DefaultID - INFO - Training client 48 (3/30)...
2026-03-19 00:46:12,988 - Server_DefaultID - INFO - Client 48: Acc=55.48, Loss=-328.1678, NLL=-1118.5414, KL=14.5537, AvgS=481.32, ProxLoss=0.0000
2026-03-19 00:46:12,988 - Server_DefaultID - INFO - Training client 18 (4/30)...
2026-03-19 00:46:20,424 - Server_DefaultID - INFO - Client 18: Acc=83.90, Loss=-344.8179, NLL=-1161.3994, KL=14.6399, AvgS=499.84, ProxLoss=0.0000
2026-03-19 00:46:20,424 - Server_DefaultID - INFO - Training client 57 (5/30)...
2026-03-19 00:46:28,792 - Server_DefaultID - INFO - Client 57: Acc=93.84, Loss=-344.2654, NLL=-1161.5790, KL=14.4635, AvgS=499.92, ProxLoss=0.0000
2026-03-19 00:46:28,792 - Server_DefaultID - INFO - Training client 53 (6/30)...
2026-03-19 00:46:34,269 - Server_DefaultID - INFO - Client 53: Acc=62.97, Loss=-175.9295, NLL=-606.9211, KL=11.9322, AvgS=260.40, ProxLoss=0.0000
2026-03-19 00:46:34,269 - Server_DefaultID - INFO - Training client 15 (7/30)...
2026-03-19 00:46:35,626 - Server_DefaultID - INFO - Client 15: Acc=61.41, Loss=-27.2689, NLL=-97.3390, KL=6.1703, AvgS=43.04, ProxLoss=0.0000
2026-03-19 00:46:35,626 - Server_DefaultID - INFO - Training client 32 (8/30)...
2026-03-19 00:46:39,178 - Server_DefaultID - INFO - Client 32: Acc=50.89, Loss=-216.3051, NLL=-736.5839, KL=12.8669, AvgS=316.36, ProxLoss=0.0000
2026-03-19 00:46:39,178 - Server_DefaultID - INFO - Training client 63 (9/30)...
2026-03-19 00:46:42,202 - Server_DefaultID - INFO - Client 63: Acc=54.44, Loss=-72.9480, NLL=-255.0548, KL=8.6428, AvgS=109.41, ProxLoss=0.0000
2026-03-19 00:46:42,202 - Server_DefaultID - INFO - Training client 66 (10/30)...
2026-03-19 00:46:47,591 - Server_DefaultID - INFO - Client 66: Acc=2.50, Loss=-108.5634, NLL=-380.6956, KL=10.2667, AvgS=163.10, ProxLoss=0.0000
2026-03-19 00:46:47,591 - Server_DefaultID - INFO - Training client 35 (11/30)...
2026-03-19 00:46:49,455 - Server_DefaultID - INFO - Client 35: Acc=57.19, Loss=-83.9714, NLL=-290.4228, KL=8.8080, AvgS=124.54, ProxLoss=0.0000
2026-03-19 00:46:49,456 - Server_DefaultID - INFO - Training client 43 (12/30)...
2026-03-19 00:46:55,541 - Server_DefaultID - INFO - Client 43: Acc=63.49, Loss=-343.9893, NLL=-1160.9600, KL=14.9574, AvgS=499.65, ProxLoss=0.0000
2026-03-19 00:46:55,541 - Server_DefaultID - INFO - Training client 2 (13/30)...
2026-03-19 00:47:00,942 - Server_DefaultID - INFO - Client 2: Acc=36.15, Loss=-148.1031, NLL=-513.1594, KL=11.2898, AvgS=220.05, ProxLoss=0.0000
2026-03-19 00:47:00,942 - Server_DefaultID - INFO - Training client 52 (14/30)...
2026-03-19 00:47:02,819 - Server_DefaultID - INFO - Client 52: Acc=65.21, Loss=-87.9770, NLL=-305.0203, KL=9.3810, AvgS=130.79, ProxLoss=0.0000
2026-03-19 00:47:02,819 - Server_DefaultID - INFO - Training client 12 (15/30)...
2026-03-19 00:47:06,747 - Server_DefaultID - INFO - Client 12: Acc=46.06, Loss=-73.6896, NLL=-256.0083, KL=7.8997, AvgS=109.80, ProxLoss=0.0000
2026-03-19 00:47:06,747 - Server_DefaultID - INFO - Training client 10 (16/30)...
2026-03-19 00:47:10,183 - Server_DefaultID - INFO - Client 10: Acc=38.75, Loss=-124.4771, NLL=-425.1887, KL=10.0278, AvgS=182.21, ProxLoss=0.0000
2026-03-19 00:47:10,183 - Server_DefaultID - INFO - Training client 97 (17/30)...
2026-03-19 00:47:29,514 - Server_DefaultID - INFO - Client 97: Acc=99.58, Loss=-342.5345, NLL=-1161.6962, KL=13.8332, AvgS=499.97, ProxLoss=0.0000
2026-03-19 00:47:29,514 - Server_DefaultID - INFO - Training client 95 (18/30)...
2026-03-19 00:47:36,332 - Server_DefaultID - INFO - Client 95: Acc=59.93, Loss=-324.1307, NLL=-1105.4118, KL=14.5413, AvgS=475.65, ProxLoss=0.0000
2026-03-19 00:47:36,332 - Server_DefaultID - INFO - Training client 83 (19/30)...
2026-03-19 00:47:43,919 - Server_DefaultID - INFO - Client 83: Acc=99.72, Loss=-340.1221, NLL=-1156.7215, KL=13.6116, AvgS=497.82, ProxLoss=0.0000
2026-03-19 00:47:43,919 - Server_DefaultID - INFO - Training client 24 (20/30)...
2026-03-19 00:47:45,098 - Server_DefaultID - INFO - Client 24: Acc=62.19, Loss=-27.5475, NLL=-96.0845, KL=5.5275, AvgS=42.52, ProxLoss=0.0000
2026-03-19 00:47:45,098 - Server_DefaultID - INFO - Training client 61 (21/30)...
2026-03-19 00:47:48,761 - Server_DefaultID - INFO - Client 61: Acc=57.94, Loss=-74.9852, NLL=-258.9102, KL=7.6252, AvgS=111.13, ProxLoss=0.0000
2026-03-19 00:47:48,761 - Server_DefaultID - INFO - Training client 21 (22/30)...
2026-03-19 00:47:56,215 - Server_DefaultID - INFO - Client 21: Acc=43.09, Loss=-345.8037, NLL=-1161.1816, KL=14.0017, AvgS=499.75, ProxLoss=0.0000
2026-03-19 00:47:56,215 - Server_DefaultID - INFO - Training client 70 (23/30)...
2026-03-19 00:47:59,963 - Server_DefaultID - INFO - Client 70: Acc=70.44, Loss=-73.1878, NLL=-258.1016, KL=8.4449, AvgS=110.79, ProxLoss=0.0000
2026-03-19 00:47:59,963 - Server_DefaultID - INFO - Training client 44 (24/30)...
2026-03-19 00:48:06,939 - Server_DefaultID - INFO - Client 44: Acc=68.26, Loss=-151.5653, NLL=-524.3922, KL=11.6442, AvgS=224.90, ProxLoss=0.0000
2026-03-19 00:48:06,939 - Server_DefaultID - INFO - Training client 69 (25/30)...
2026-03-19 00:48:08,735 - Server_DefaultID - INFO - Client 69: Acc=34.22, Loss=-53.2830, NLL=-185.9136, KL=7.6217, AvgS=80.02, ProxLoss=0.0000
2026-03-19 00:48:08,735 - Server_DefaultID - INFO - Training client 27 (26/30)...
2026-03-19 00:48:11,205 - Server_DefaultID - INFO - Client 27: Acc=57.81, Loss=-86.9474, NLL=-299.7744, KL=9.0482, AvgS=128.54, ProxLoss=0.0000
2026-03-19 00:48:11,205 - Server_DefaultID - INFO - Training client 87 (27/30)...
2026-03-19 00:48:16,912 - Server_DefaultID - INFO - Client 87: Acc=27.32, Loss=-273.5323, NLL=-926.6112, KL=12.6369, AvgS=398.39, ProxLoss=0.0000
2026-03-19 00:48:16,912 - Server_DefaultID - INFO - Training client 51 (28/30)...
2026-03-19 00:48:18,670 - Server_DefaultID - INFO - Client 51: Acc=26.09, Loss=-86.0394, NLL=-294.6341, KL=7.5043, AvgS=126.26, ProxLoss=0.0000
2026-03-19 00:48:18,670 - Server_DefaultID - INFO - Training client 38 (29/30)...
2026-03-19 00:48:20,196 - Server_DefaultID - INFO - Client 38: Acc=48.75, Loss=-54.5975, NLL=-188.4694, KL=5.9843, AvgS=81.17, ProxLoss=0.0000
2026-03-19 00:48:20,197 - Server_DefaultID - INFO - Training client 76 (30/30)...
2026-03-19 00:48:27,483 - Server_DefaultID - INFO - Client 76: Acc=55.04, Loss=-310.6978, NLL=-1053.3314, KL=13.5147, AvgS=453.14, ProxLoss=0.0000
2026-03-19 00:48:28,319 - Server_DefaultID - WARNING - Global prior extremely imbalanced (max/min=1.1), applied adaptive smoothing lam=0.11.
2026-03-19 00:48:28,319 - Server_DefaultID - INFO - Round [3/200] Summary | Avg Client Train Stats:	Loss [-238.6033]	 Acc [64.09]	NLL [-811.6918]	 KL [12.2760]	AvgS [349.09]	 ProxLoss [0.0000]
GlobalPriorAlpha (first 10): [5.338900089263916, 5.037099838256836, 4.882400035858154, 4.859799861907959, 4.723199844360352, 5.127799987792969, 5.102099895477295, 4.93779993057251, 5.011499881744385, 4.979499816894531]
Round Time: 148.90s
2026-03-19 00:48:28,324 - Server_DefaultID - INFO - --- Global Round 4/200 ---
2026-03-19 00:48:28,325 - Server_DefaultID - INFO - Selected 30 active clients for round 4.
2026-03-19 00:48:28,325 - Server_DefaultID - INFO - Training client 63 (1/30)...
2026-03-19 00:48:31,944 - Server_DefaultID - INFO - Client 63: Acc=29.31, Loss=-167.9284, NLL=-576.2100, KL=11.5757, AvgS=247.19, ProxLoss=0.0000
2026-03-19 00:48:31,944 - Server_DefaultID - INFO - Training client 19 (2/30)...
2026-03-19 00:48:55,349 - Server_DefaultID - INFO - Client 19: Acc=95.47, Loss=-343.2024, NLL=-1161.4309, KL=14.7506, AvgS=499.85, ProxLoss=0.0000
2026-03-19 00:48:55,349 - Server_DefaultID - INFO - Training client 49 (3/30)...
2026-03-19 00:49:03,673 - Server_DefaultID - INFO - Client 49: Acc=60.67, Loss=-113.0634, NLL=-392.4184, KL=10.2622, AvgS=168.21, ProxLoss=0.0000
2026-03-19 00:49:03,673 - Server_DefaultID - INFO - Training client 59 (4/30)...
2026-03-19 00:49:13,477 - Server_DefaultID - INFO - Client 59: Acc=68.85, Loss=-157.8921, NLL=-543.5576, KL=11.4975, AvgS=233.21, ProxLoss=0.0000
2026-03-19 00:49:13,477 - Server_DefaultID - INFO - Training client 57 (5/30)...
2026-03-19 00:49:33,339 - Server_DefaultID - INFO - Client 57: Acc=93.82, Loss=-344.3049, NLL=-1161.6162, KL=14.5913, AvgS=499.93, ProxLoss=0.0000
2026-03-19 00:49:33,339 - Server_DefaultID - INFO - Training client 72 (6/30)...
2026-03-19 00:49:37,669 - Server_DefaultID - INFO - Client 72: Acc=50.00, Loss=-54.9365, NLL=-195.3620, KL=7.2539, AvgS=84.01, ProxLoss=0.0000
2026-03-19 00:49:37,669 - Server_DefaultID - INFO - Training client 52 (7/30)...
2026-03-19 00:49:40,330 - Server_DefaultID - INFO - Client 52: Acc=65.42, Loss=-143.0543, NLL=-491.2858, KL=11.1319, AvgS=210.67, ProxLoss=0.0000
2026-03-19 00:49:40,330 - Server_DefaultID - INFO - Training client 24 (8/30)...
2026-03-19 00:49:41,886 - Server_DefaultID - INFO - Client 24: Acc=56.25, Loss=-40.8650, NLL=-140.9226, KL=5.6304, AvgS=61.18, ProxLoss=0.0000
2026-03-19 00:49:41,886 - Server_DefaultID - INFO - Training client 58 (9/30)...
2026-03-19 00:49:49,262 - Server_DefaultID - INFO - Client 58: Acc=28.26, Loss=-257.5235, NLL=-883.3835, KL=13.2323, AvgS=379.70, ProxLoss=0.0000
2026-03-19 00:49:49,263 - Server_DefaultID - INFO - Training client 37 (10/30)...
2026-03-19 00:49:53,514 - Server_DefaultID - INFO - Client 37: Acc=55.16, Loss=-56.9559, NLL=-199.3785, KL=7.9511, AvgS=85.81, ProxLoss=0.0000
2026-03-19 00:49:53,515 - Server_DefaultID - INFO - Training client 92 (11/30)...
2026-03-19 00:49:58,117 - Server_DefaultID - INFO - Client 92: Acc=50.78, Loss=-54.4187, NLL=-192.9852, KL=7.3470, AvgS=83.02, ProxLoss=0.0000
2026-03-19 00:49:58,117 - Server_DefaultID - INFO - Training client 82 (12/30)...
2026-03-19 00:50:04,431 - Server_DefaultID - INFO - Client 82: Acc=47.00, Loss=-162.6606, NLL=-559.6305, KL=11.5577, AvgS=240.10, ProxLoss=0.0000
2026-03-19 00:50:04,431 - Server_DefaultID - INFO - Training client 60 (13/30)...
2026-03-19 00:50:07,928 - Server_DefaultID - INFO - Client 60: Acc=50.00, Loss=-139.0916, NLL=-479.7717, KL=10.6972, AvgS=205.83, ProxLoss=0.0000
2026-03-19 00:50:07,928 - Server_DefaultID - INFO - Training client 66 (14/30)...
2026-03-19 00:50:15,514 - Server_DefaultID - INFO - Client 66: Acc=3.48, Loss=-256.3996, NLL=-878.0710, KL=13.8296, AvgS=377.40, ProxLoss=0.0000
2026-03-19 00:50:15,514 - Server_DefaultID - INFO - Training client 30 (15/30)...
2026-03-19 00:50:24,116 - Server_DefaultID - INFO - Client 30: Acc=70.39, Loss=-300.9904, NLL=-1030.3366, KL=13.9499, AvgS=443.23, ProxLoss=0.0000
2026-03-19 00:50:24,116 - Server_DefaultID - INFO - Training client 2 (16/30)...
2026-03-19 00:50:33,881 - Server_DefaultID - INFO - Client 2: Acc=72.95, Loss=-334.1899, NLL=-1134.2462, KL=14.6231, AvgS=488.10, ProxLoss=0.0000
2026-03-19 00:50:33,881 - Server_DefaultID - INFO - Training client 0 (17/30)...
2026-03-19 00:50:35,071 - Server_DefaultID - INFO - Client 0: Acc=51.25, Loss=-15.9570, NLL=-58.0500, KL=6.3164, AvgS=26.93, ProxLoss=0.0000
2026-03-19 00:50:35,071 - Server_DefaultID - INFO - Training client 4 (18/30)...
2026-03-19 00:50:43,300 - Server_DefaultID - INFO - Client 4: Acc=60.21, Loss=-93.2938, NLL=-322.5372, KL=9.1746, AvgS=138.28, ProxLoss=0.0000
2026-03-19 00:50:43,300 - Server_DefaultID - INFO - Training client 9 (19/30)...
2026-03-19 00:50:51,456 - Server_DefaultID - INFO - Client 9: Acc=2.72, Loss=-104.6075, NLL=-368.9779, KL=9.6110, AvgS=158.12, ProxLoss=0.0000
2026-03-19 00:50:51,456 - Server_DefaultID - INFO - Training client 7 (20/30)...
2026-03-19 00:50:57,375 - Server_DefaultID - INFO - Client 7: Acc=55.73, Loss=-88.6120, NLL=-310.7928, KL=9.3107, AvgS=133.21, ProxLoss=0.0000
2026-03-19 00:50:57,375 - Server_DefaultID - INFO - Training client 41 (21/30)...
2026-03-19 00:51:05,241 - Server_DefaultID - INFO - Client 41: Acc=41.09, Loss=-132.4308, NLL=-459.7999, KL=10.6270, AvgS=197.08, ProxLoss=0.0000
2026-03-19 00:51:05,241 - Server_DefaultID - INFO - Training client 35 (22/30)...
2026-03-19 00:51:10,454 - Server_DefaultID - INFO - Client 35: Acc=55.21, Loss=-136.0990, NLL=-466.4695, KL=10.5772, AvgS=200.01, ProxLoss=0.0000
2026-03-19 00:51:10,454 - Server_DefaultID - INFO - Training client 93 (23/30)...
2026-03-19 00:51:13,015 - Server_DefaultID - INFO - Client 93: Acc=34.22, Loss=-86.1318, NLL=-296.6135, KL=8.9818, AvgS=127.18, ProxLoss=0.0000
2026-03-19 00:51:13,015 - Server_DefaultID - INFO - Training client 71 (24/30)...
2026-03-19 00:51:15,374 - Server_DefaultID - INFO - Client 71: Acc=67.03, Loss=-55.5046, NLL=-192.4875, KL=7.9757, AvgS=82.98, ProxLoss=0.0000
2026-03-19 00:51:15,374 - Server_DefaultID - INFO - Training client 64 (25/30)...
2026-03-19 00:51:16,704 - Server_DefaultID - INFO - Client 64: Acc=65.31, Loss=-26.8937, NLL=-95.5721, KL=6.5004, AvgS=42.18, ProxLoss=0.0000
2026-03-19 00:51:16,704 - Server_DefaultID - INFO - Training client 23 (26/30)...
2026-03-19 00:51:17,865 - Server_DefaultID - INFO - Client 23: Acc=76.27, Loss=-26.7488, NLL=-95.1575, KL=6.8537, AvgS=42.23, ProxLoss=0.0000
2026-03-19 00:51:17,865 - Server_DefaultID - INFO - Training client 26 (27/30)...
2026-03-19 00:51:35,808 - Server_DefaultID - INFO - Client 26: Acc=94.32, Loss=-343.7600, NLL=-1161.6767, KL=14.6228, AvgS=499.96, ProxLoss=0.0000
2026-03-19 00:51:35,808 - Server_DefaultID - INFO - Training client 33 (28/30)...
2026-03-19 00:51:44,845 - Server_DefaultID - INFO - Client 33: Acc=39.33, Loss=-270.6372, NLL=-915.6005, KL=12.9432, AvgS=393.62, ProxLoss=0.0000
2026-03-19 00:51:44,845 - Server_DefaultID - INFO - Training client 78 (29/30)...
2026-03-19 00:52:18,537 - Server_DefaultID - INFO - Client 78: Acc=82.15, Loss=-344.5210, NLL=-1161.6340, KL=14.7422, AvgS=499.94, ProxLoss=0.0000
2026-03-19 00:52:18,537 - Server_DefaultID - INFO - Training client 85 (30/30)...
2026-03-19 00:52:30,650 - Server_DefaultID - INFO - Client 85: Acc=99.74, Loss=-342.2580, NLL=-1161.4969, KL=13.6188, AvgS=499.88, ProxLoss=0.0000
2026-03-19 00:52:32,303 - Server_DefaultID - WARNING - Global prior extremely imbalanced (max/min=1.1), applied adaptive smoothing lam=0.11.
2026-03-19 00:52:32,304 - Server_DefaultID - INFO - Round [4/200] Summary | Avg Client Train Stats:	Loss [-238.2146]	 Acc [66.02]	NLL [-810.3208]	 KL [12.4407]	AvgS [348.50]	 ProxLoss [0.0000]
GlobalPriorAlpha (first 10): [4.7881999015808105, 5.1097002029418945, 4.873199939727783, 4.869100093841553, 4.914700031280518, 5.0269999504089355, 5.089300155639648, 5.014999866485596, 5.05019998550415, 5.263500213623047]
Round Time: 243.98s
2026-03-19 00:52:32,307 - Server_DefaultID - INFO - --- Global Round 5/200 ---
2026-03-19 00:52:32,307 - Server_DefaultID - INFO - Selected 30 active clients for round 5.
2026-03-19 00:52:32,308 - Server_DefaultID - INFO - Training client 75 (1/30)...
2026-03-19 00:52:40,834 - Server_DefaultID - INFO - Client 75: Acc=70.12, Loss=-343.3055, NLL=-1161.3662, KL=14.3977, AvgS=499.83, ProxLoss=0.0000
2026-03-19 00:52:40,834 - Server_DefaultID - INFO - Training client 10 (2/30)...
2026-03-19 00:52:45,889 - Server_DefaultID - INFO - Client 10: Acc=37.03, Loss=-208.2467, NLL=-706.7394, KL=11.9539, AvgS=303.45, ProxLoss=0.0000
2026-03-19 00:52:45,889 - Server_DefaultID - INFO - Training client 98 (3/30)...
2026-03-19 00:52:49,875 - Server_DefaultID - INFO - Client 98: Acc=67.71, Loss=-82.1158, NLL=-288.8730, KL=8.6569, AvgS=123.89, ProxLoss=0.0000
2026-03-19 00:52:49,876 - Server_DefaultID - INFO - Training client 87 (4/30)...
2026-03-19 00:52:57,671 - Server_DefaultID - INFO - Client 87: Acc=38.04, Loss=-344.8285, NLL=-1158.5213, KL=13.6376, AvgS=498.60, ProxLoss=0.0000
2026-03-19 00:52:57,671 - Server_DefaultID - INFO - Training client 47 (5/30)...
2026-03-19 00:53:04,103 - Server_DefaultID - INFO - Client 47: Acc=38.75, Loss=-329.9047, NLL=-1116.9881, KL=13.9857, AvgS=480.64, ProxLoss=0.0000
2026-03-19 00:53:04,103 - Server_DefaultID - INFO - Training client 40 (6/30)...
2026-03-19 00:53:11,607 - Server_DefaultID - INFO - Client 40: Acc=58.39, Loss=-93.3125, NLL=-321.1242, KL=8.9916, AvgS=137.67, ProxLoss=0.0000
2026-03-19 00:53:11,607 - Server_DefaultID - INFO - Training client 33 (7/30)...
2026-03-19 00:53:18,670 - Server_DefaultID - INFO - Client 33: Acc=56.34, Loss=-345.2081, NLL=-1160.1504, KL=13.9249, AvgS=499.30, ProxLoss=0.0000
2026-03-19 00:53:18,670 - Server_DefaultID - INFO - Training client 97 (8/30)...
2026-03-19 00:53:47,349 - Server_DefaultID - INFO - Client 97: Acc=99.58, Loss=-342.4556, NLL=-1161.7284, KL=14.0069, AvgS=499.98, ProxLoss=0.0000
2026-03-19 00:53:47,350 - Server_DefaultID - INFO - Training client 31 (9/30)...
2026-03-19 00:53:58,137 - Server_DefaultID - INFO - Client 31: Acc=65.59, Loss=-334.3418, NLL=-1137.0384, KL=14.6768, AvgS=489.32, ProxLoss=0.0000
2026-03-19 00:53:58,137 - Server_DefaultID - INFO - Training client 38 (10/30)...
2026-03-19 00:54:00,288 - Server_DefaultID - INFO - Client 38: Acc=46.88, Loss=-85.5417, NLL=-292.5326, KL=7.5557, AvgS=125.43, ProxLoss=0.0000
2026-03-19 00:54:00,288 - Server_DefaultID - INFO - Training client 66 (11/30)...
2026-03-19 00:54:08,378 - Server_DefaultID - INFO - Client 66: Acc=88.17, Loss=-340.2832, NLL=-1152.9579, KL=14.7373, AvgS=496.19, ProxLoss=0.0000
2026-03-19 00:54:08,378 - Server_DefaultID - INFO - Training client 12 (12/30)...
2026-03-19 00:54:14,611 - Server_DefaultID - INFO - Client 12: Acc=43.75, Loss=-167.8007, NLL=-571.5203, KL=11.0820, AvgS=245.16, ProxLoss=0.0000
2026-03-19 00:54:14,611 - Server_DefaultID - INFO - Training client 82 (13/30)...
2026-03-19 00:54:19,813 - Server_DefaultID - INFO - Client 82: Acc=41.75, Loss=-271.9439, NLL=-927.4442, KL=13.8821, AvgS=398.78, ProxLoss=0.0000
2026-03-19 00:54:19,813 - Server_DefaultID - INFO - Training client 91 (14/30)...
2026-03-19 00:54:23,278 - Server_DefaultID - INFO - Client 91: Acc=66.15, Loss=-87.3711, NLL=-305.8823, KL=8.8940, AvgS=131.13, ProxLoss=0.0000
2026-03-19 00:54:23,278 - Server_DefaultID - INFO - Training client 89 (15/30)...
2026-03-19 00:54:39,543 - Server_DefaultID - INFO - Client 89: Acc=98.55, Loss=-342.9418, NLL=-1161.3930, KL=14.3214, AvgS=499.84, ProxLoss=0.0000
2026-03-19 00:54:39,543 - Server_DefaultID - INFO - Training client 80 (16/30)...
2026-03-19 00:54:40,998 - Server_DefaultID - INFO - Client 80: Acc=63.75, Loss=-16.1906, NLL=-58.4997, KL=6.7115, AvgS=27.14, ProxLoss=0.0000
2026-03-19 00:54:40,998 - Server_DefaultID - INFO - Training client 44 (17/30)...
2026-03-19 00:54:51,258 - Server_DefaultID - INFO - Client 44: Acc=63.44, Loss=-332.7110, NLL=-1132.7631, KL=14.7748, AvgS=487.47, ProxLoss=0.0000
2026-03-19 00:54:51,258 - Server_DefaultID - INFO - Training client 43 (18/30)...
2026-03-19 00:55:04,112 - Server_DefaultID - INFO - Client 43: Acc=65.62, Loss=-344.2630, NLL=-1161.6796, KL=14.9386, AvgS=499.96, ProxLoss=0.0000
2026-03-19 00:55:04,112 - Server_DefaultID - INFO - Training client 26 (19/30)...
2026-03-19 00:55:22,644 - Server_DefaultID - INFO - Client 26: Acc=94.25, Loss=-343.7620, NLL=-1161.7412, KL=14.5658, AvgS=499.99, ProxLoss=0.0000
2026-03-19 00:55:22,645 - Server_DefaultID - INFO - Training client 21 (20/30)...
2026-03-19 00:55:31,210 - Server_DefaultID - INFO - Client 21: Acc=46.05, Loss=-345.9184, NLL=-1161.5758, KL=13.9678, AvgS=499.92, ProxLoss=0.0000
2026-03-19 00:55:31,210 - Server_DefaultID - INFO - Training client 42 (21/30)...
2026-03-19 00:55:38,619 - Server_DefaultID - INFO - Client 42: Acc=55.57, Loss=-94.3809, NLL=-328.7904, KL=9.1558, AvgS=141.00, ProxLoss=0.0000
2026-03-19 00:55:38,619 - Server_DefaultID - INFO - Training client 84 (22/30)...
2026-03-19 00:55:39,920 - Server_DefaultID - INFO - Client 84: Acc=42.26, Loss=-15.4191, NLL=-56.9749, KL=5.1156, AvgS=26.25, ProxLoss=0.0000
2026-03-19 00:55:39,920 - Server_DefaultID - INFO - Training client 17 (23/30)...
2026-03-19 00:55:42,414 - Server_DefaultID - INFO - Client 17: Acc=59.53, Loss=-54.0827, NLL=-188.6153, KL=7.6544, AvgS=81.24, ProxLoss=0.0000
2026-03-19 00:55:42,414 - Server_DefaultID - INFO - Training client 41 (24/30)...
2026-03-19 00:55:50,472 - Server_DefaultID - INFO - Client 41: Acc=32.03, Loss=-315.5260, NLL=-1076.5675, KL=14.3321, AvgS=463.17, ProxLoss=0.0000
2026-03-19 00:55:50,472 - Server_DefaultID - INFO - Training client 27 (25/30)...
2026-03-19 00:55:53,867 - Server_DefaultID - INFO - Client 27: Acc=56.25, Loss=-141.3201, NLL=-482.2611, KL=10.8280, AvgS=206.82, ProxLoss=0.0000
2026-03-19 00:55:53,868 - Server_DefaultID - INFO - Training client 20 (26/30)...
2026-03-19 00:56:07,304 - Server_DefaultID - INFO - Client 20: Acc=57.24, Loss=-214.5721, NLL=-726.2141, KL=10.9678, AvgS=311.89, ProxLoss=0.0000
2026-03-19 00:56:07,304 - Server_DefaultID - INFO - Training client 93 (27/30)...
2026-03-19 00:56:13,591 - Server_DefaultID - INFO - Client 93: Acc=30.78, Loss=-119.8515, NLL=-410.1926, KL=9.9113, AvgS=175.89, ProxLoss=0.0000
2026-03-19 00:56:13,591 - Server_DefaultID - INFO - Training client 39 (28/30)...
2026-03-19 00:56:51,481 - Server_DefaultID - INFO - Client 39: Acc=68.52, Loss=-344.5444, NLL=-1161.5239, KL=14.6627, AvgS=499.89, ProxLoss=0.0000
2026-03-19 00:56:51,481 - Server_DefaultID - INFO - Training client 54 (29/30)...
2026-03-19 00:56:56,229 - Server_DefaultID - INFO - Client 54: Acc=76.09, Loss=-26.3853, NLL=-94.8650, KL=6.5939, AvgS=42.15, ProxLoss=0.0000
2026-03-19 00:56:56,229 - Server_DefaultID - INFO - Training client 37 (30/30)...
2026-03-19 00:57:07,439 - Server_DefaultID - INFO - Client 37: Acc=33.28, Loss=-124.9975, NLL=-429.3909, KL=10.3455, AvgS=184.04, ProxLoss=0.0000
2026-03-19 00:57:11,302 - Server_DefaultID - WARNING - Global prior extremely imbalanced (max/min=1.1), applied adaptive smoothing lam=0.11.
2026-03-19 00:57:11,304 - Server_DefaultID - INFO - Round [5/200] Summary | Avg Client Train Stats:	Loss [-283.1370]	 Acc [66.88]	NLL [-959.5112]	 KL [13.1457]	AvgS [412.82]	 ProxLoss [0.0000]
GlobalPriorAlpha (first 10): [4.8632001876831055, 5.053500175476074, 4.9532999992370605, 4.988399982452393, 4.979899883270264, 5.029799938201904, 5.039000034332275, 4.956900119781494, 5.045000076293945, 5.091000080108643]
Round Time: 278.99s
2026-03-19 00:57:11,306 - Server_DefaultID - INFO - --- Global Round 6/200 ---
2026-03-19 00:57:11,307 - Server_DefaultID - INFO - Selected 30 active clients for round 6.
2026-03-19 00:57:11,307 - Server_DefaultID - INFO - Training client 41 (1/30)...
2026-03-19 00:57:30,208 - Server_DefaultID - INFO - Client 41: Acc=55.59, Loss=-343.4736, NLL=-1160.9900, KL=14.6663, AvgS=499.66, ProxLoss=0.0000
2026-03-19 00:57:30,209 - Server_DefaultID - INFO - Training client 57 (2/30)...
2026-03-19 00:57:52,325 - Server_DefaultID - INFO - Client 57: Acc=93.84, Loss=-344.1405, NLL=-1161.7368, KL=14.7877, AvgS=499.99, ProxLoss=0.0000
2026-03-19 00:57:52,326 - Server_DefaultID - INFO - Training client 25 (3/30)...
2026-03-19 00:57:55,077 - Server_DefaultID - INFO - Client 25: Acc=35.94, Loss=-25.1918, NLL=-91.8580, KL=5.9253, AvgS=40.52, ProxLoss=0.0000
2026-03-19 00:57:55,077 - Server_DefaultID - INFO - Training client 92 (4/30)...
2026-03-19 00:58:00,599 - Server_DefaultID - INFO - Client 92: Acc=44.69, Loss=-121.2039, NLL=-419.0472, KL=10.2134, AvgS=179.62, ProxLoss=0.0000
2026-03-19 00:58:00,599 - Server_DefaultID - INFO - Training client 16 (5/30)...
2026-03-19 00:58:03,036 - Server_DefaultID - INFO - Client 16: Acc=67.03, Loss=-27.5535, NLL=-98.7629, KL=5.6929, AvgS=43.56, ProxLoss=0.0000
2026-03-19 00:58:03,036 - Server_DefaultID - INFO - Training client 10 (6/30)...
2026-03-19 00:58:07,742 - Server_DefaultID - INFO - Client 10: Acc=29.06, Loss=-299.6436, NLL=-1014.0040, KL=13.3758, AvgS=436.13, ProxLoss=0.0000
2026-03-19 00:58:07,742 - Server_DefaultID - INFO - Training client 42 (7/30)...
2026-03-19 00:58:15,275 - Server_DefaultID - INFO - Client 42: Acc=54.22, Loss=-216.9079, NLL=-742.1909, KL=12.5562, AvgS=318.86, ProxLoss=0.0000
2026-03-19 00:58:15,275 - Server_DefaultID - INFO - Training client 59 (8/30)...
2026-03-19 00:58:28,089 - Server_DefaultID - INFO - Client 59: Acc=65.59, Loss=-331.9447, NLL=-1127.8867, KL=14.7164, AvgS=485.37, ProxLoss=0.0000
2026-03-19 00:58:28,089 - Server_DefaultID - INFO - Training client 76 (9/30)...
2026-03-19 00:58:37,244 - Server_DefaultID - INFO - Client 76: Acc=56.52, Loss=-345.7187, NLL=-1160.6836, KL=13.7032, AvgS=499.53, ProxLoss=0.0000
2026-03-19 00:58:37,244 - Server_DefaultID - INFO - Training client 43 (10/30)...
2026-03-19 00:58:50,081 - Server_DefaultID - INFO - Client 43: Acc=68.07, Loss=-344.2504, NLL=-1161.7448, KL=14.9435, AvgS=499.99, ProxLoss=0.0000
2026-03-19 00:58:50,081 - Server_DefaultID - INFO - Training client 47 (11/30)...
2026-03-19 00:58:59,472 - Server_DefaultID - INFO - Client 47: Acc=48.12, Loss=-345.3825, NLL=-1160.8439, KL=14.1548, AvgS=499.60, ProxLoss=0.0000
2026-03-19 00:58:59,472 - Server_DefaultID - INFO - Training client 70 (12/30)...
2026-03-19 00:59:06,569 - Server_DefaultID - INFO - Client 70: Acc=57.12, Loss=-160.9635, NLL=-555.8561, KL=11.4058, AvgS=238.43, ProxLoss=0.0000
2026-03-19 00:59:06,570 - Server_DefaultID - INFO - Training client 52 (13/30)...
2026-03-19 00:59:10,169 - Server_DefaultID - INFO - Client 52: Acc=61.88, Loss=-202.4882, NLL=-691.2703, KL=12.6109, AvgS=296.81, ProxLoss=0.0000
2026-03-19 00:59:10,169 - Server_DefaultID - INFO - Training client 7 (14/30)...
2026-03-19 00:59:16,920 - Server_DefaultID - INFO - Client 7: Acc=44.74, Loss=-209.6934, NLL=-718.0643, KL=12.7580, AvgS=308.33, ProxLoss=0.0000
2026-03-19 00:59:16,920 - Server_DefaultID - INFO - Training client 73 (15/30)...
2026-03-19 00:59:33,778 - Server_DefaultID - INFO - Client 73: Acc=72.88, Loss=-343.6397, NLL=-1161.5167, KL=14.6821, AvgS=499.89, ProxLoss=0.0000
2026-03-19 00:59:33,778 - Server_DefaultID - INFO - Training client 99 (16/30)...
2026-03-19 00:59:35,249 - Server_DefaultID - INFO - Client 99: Acc=45.62, Loss=-16.5295, NLL=-59.5931, KL=5.5113, AvgS=27.46, ProxLoss=0.0000
2026-03-19 00:59:35,249 - Server_DefaultID - INFO - Training client 75 (17/30)...
2026-03-19 00:59:45,059 - Server_DefaultID - INFO - Client 75: Acc=82.81, Loss=-343.5025, NLL=-1161.7065, KL=14.4623, AvgS=499.97, ProxLoss=0.0000
2026-03-19 00:59:45,059 - Server_DefaultID - INFO - Training client 38 (18/30)...
2026-03-19 00:59:47,847 - Server_DefaultID - INFO - Client 38: Acc=41.56, Loss=-122.0653, NLL=-414.9792, KL=8.2942, AvgS=177.86, ProxLoss=0.0000
2026-03-19 00:59:47,847 - Server_DefaultID - INFO - Training client 9 (19/30)...
2026-03-19 00:59:56,290 - Server_DefaultID - INFO - Client 9: Acc=1.92, Loss=-245.4284, NLL=-846.0860, KL=12.9012, AvgS=363.59, ProxLoss=0.0000
2026-03-19 00:59:56,290 - Server_DefaultID - INFO - Training client 61 (20/30)...
2026-03-19 01:00:03,803 - Server_DefaultID - INFO - Client 61: Acc=49.94, Loss=-160.7940, NLL=-548.0860, KL=10.5309, AvgS=235.12, ProxLoss=0.0000
2026-03-19 01:00:03,804 - Server_DefaultID - INFO - Training client 2 (21/30)...
2026-03-19 01:00:15,020 - Server_DefaultID - INFO - Client 2: Acc=79.17, Loss=-344.4419, NLL=-1161.4384, KL=14.8408, AvgS=499.86, ProxLoss=0.0000
2026-03-19 01:00:15,020 - Server_DefaultID - INFO - Training client 45 (22/30)...
2026-03-19 01:00:26,470 - Server_DefaultID - INFO - Client 45: Acc=45.98, Loss=-133.9462, NLL=-464.1908, KL=11.0766, AvgS=198.97, ProxLoss=0.0000
2026-03-19 01:00:26,471 - Server_DefaultID - INFO - Training client 44 (23/30)...
2026-03-19 01:00:38,540 - Server_DefaultID - INFO - Client 44: Acc=65.35, Loss=-343.9722, NLL=-1161.4091, KL=14.8898, AvgS=499.84, ProxLoss=0.0000
2026-03-19 01:00:38,541 - Server_DefaultID - INFO - Training client 36 (24/30)...
2026-03-19 01:01:05,986 - Server_DefaultID - INFO - Client 36: Acc=72.45, Loss=-341.2482, NLL=-1157.9542, KL=14.5425, AvgS=498.35, ProxLoss=0.0000
2026-03-19 01:01:05,986 - Server_DefaultID - INFO - Training client 17 (25/30)...
2026-03-19 01:01:10,128 - Server_DefaultID - INFO - Client 17: Acc=49.06, Loss=-83.7915, NLL=-288.9754, KL=8.7632, AvgS=124.01, ProxLoss=0.0000
2026-03-19 01:01:10,128 - Server_DefaultID - INFO - Training client 72 (26/30)...
2026-03-19 01:01:14,696 - Server_DefaultID - INFO - Client 72: Acc=40.31, Loss=-118.9828, NLL=-413.4118, KL=10.3037, AvgS=177.14, ProxLoss=0.0000
2026-03-19 01:01:14,697 - Server_DefaultID - INFO - Training client 23 (27/30)...
2026-03-19 01:01:16,108 - Server_DefaultID - INFO - Client 23: Acc=73.90, Loss=-39.5505, NLL=-139.3718, KL=7.0624, AvgS=60.59, ProxLoss=0.0000
2026-03-19 01:01:16,108 - Server_DefaultID - INFO - Training client 49 (28/30)...
2026-03-19 01:01:24,108 - Server_DefaultID - INFO - Client 49: Acc=62.95, Loss=-260.4465, NLL=-888.6629, KL=13.8678, AvgS=382.04, ProxLoss=0.0000
2026-03-19 01:01:24,108 - Server_DefaultID - INFO - Training client 90 (29/30)...
2026-03-19 01:01:34,690 - Client_90 - WARNING - Client 90: Too few classes (1) or samples (592) for alpha report, returning uniform.
2026-03-19 01:01:34,690 - Server_DefaultID - INFO - Client 90: Acc=0.31, Loss=-150.4727, NLL=-526.4242, KL=9.9793, AvgS=225.70, ProxLoss=0.0000
2026-03-19 01:01:34,690 - Server_DefaultID - INFO - Training client 3 (30/30)...
2026-03-19 01:01:41,423 - Server_DefaultID - INFO - Client 3: Acc=42.92, Loss=-91.5261, NLL=-316.7399, KL=8.6138, AvgS=135.80, ProxLoss=0.0000
2026-03-19 01:01:45,063 - Server_DefaultID - WARNING - Global prior extremely imbalanced (max/min=1.0), applied adaptive smoothing lam=0.10.
2026-03-19 01:01:45,065 - Server_DefaultID - INFO - Round [6/200] Summary | Avg Client Train Stats:	Loss [-267.5968]	 Acc [58.49]	NLL [-908.4130]	 KL [13.0443]	AvgS [390.75]	 ProxLoss [0.0000]
GlobalPriorAlpha (first 10): [4.9822998046875, 5.046599864959717, 5.013000011444092, 4.99429988861084, 4.980400085449219, 4.97760009765625, 4.948599815368652, 4.976200103759766, 5.0295000076293945, 5.051499843597412]
Round Time: 273.76s
2026-03-19 01:01:45,067 - Server_DefaultID - INFO - --- Global Round 7/200 ---
2026-03-19 01:01:45,067 - Server_DefaultID - INFO - Selected 30 active clients for round 7.
2026-03-19 01:01:45,068 - Server_DefaultID - INFO - Training client 80 (1/30)...
2026-03-19 01:01:46,485 - Server_DefaultID - INFO - Client 80: Acc=65.94, Loss=-27.6348, NLL=-97.1757, KL=6.6613, AvgS=43.02, ProxLoss=0.0000
2026-03-19 01:01:46,485 - Server_DefaultID - INFO - Training client 14 (2/30)...
2026-03-19 01:01:56,461 - Server_DefaultID - INFO - Client 14: Acc=74.27, Loss=-336.9579, NLL=-1147.6127, KL=14.4874, AvgS=493.89, ProxLoss=0.0000
2026-03-19 01:01:56,461 - Server_DefaultID - INFO - Training client 91 (3/30)...
2026-03-19 01:02:01,051 - Server_DefaultID - INFO - Client 91: Acc=64.48, Loss=-139.3698, NLL=-483.0455, KL=10.6640, AvgS=207.12, ProxLoss=0.0000
2026-03-19 01:02:01,052 - Server_DefaultID - INFO - Training client 19 (4/30)...
2026-03-19 01:02:19,041 - Server_DefaultID - INFO - Client 19: Acc=95.38, Loss=-343.1869, NLL=-1161.7069, KL=14.4560, AvgS=499.97, ProxLoss=0.0000
2026-03-19 01:02:19,041 - Server_DefaultID - INFO - Training client 49 (5/30)...
2026-03-19 01:02:28,101 - Server_DefaultID - INFO - Client 49: Acc=65.62, Loss=-341.4735, NLL=-1155.7489, KL=14.8630, AvgS=497.40, ProxLoss=0.0000
2026-03-19 01:02:28,101 - Server_DefaultID - INFO - Training client 17 (6/30)...
2026-03-19 01:02:31,553 - Server_DefaultID - INFO - Client 17: Acc=52.97, Loss=-120.1514, NLL=-411.4331, KL=10.1291, AvgS=176.39, ProxLoss=0.0000
2026-03-19 01:02:31,553 - Server_DefaultID - INFO - Training client 33 (7/30)...
2026-03-19 01:02:40,625 - Server_DefaultID - INFO - Client 33: Acc=56.83, Loss=-345.8916, NLL=-1161.5716, KL=13.9678, AvgS=499.91, ProxLoss=0.0000
2026-03-19 01:02:40,625 - Server_DefaultID - INFO - Training client 11 (8/30)...
2026-03-19 01:02:47,192 - Server_DefaultID - INFO - Client 11: Acc=52.86, Loss=-89.6736, NLL=-312.9996, KL=9.4652, AvgS=134.12, ProxLoss=0.0000
2026-03-19 01:02:47,192 - Server_DefaultID - INFO - Training client 1 (9/30)...
2026-03-19 01:02:50,574 - Server_DefaultID - INFO - Client 1: Acc=54.69, Loss=-28.2418, NLL=-100.4047, KL=6.4071, AvgS=44.32, ProxLoss=0.0000
2026-03-19 01:02:50,574 - Server_DefaultID - INFO - Training client 73 (10/30)...
2026-03-19 01:03:06,896 - Server_DefaultID - INFO - Client 73: Acc=74.33, Loss=-343.6755, NLL=-1161.6527, KL=14.6231, AvgS=499.95, ProxLoss=0.0000
2026-03-19 01:03:06,898 - Server_DefaultID - INFO - Training client 63 (11/30)...
2026-03-19 01:03:12,590 - Server_DefaultID - INFO - Client 63: Acc=37.12, Loss=-281.2267, NLL=-956.1045, KL=13.8168, AvgS=411.13, ProxLoss=0.0000
2026-03-19 01:03:12,590 - Server_DefaultID - INFO - Training client 6 (12/30)...
2026-03-19 01:03:16,271 - Server_DefaultID - INFO - Client 6: Acc=58.44, Loss=-84.2898, NLL=-294.8568, KL=8.9780, AvgS=126.47, ProxLoss=0.0000
2026-03-19 01:03:16,272 - Server_DefaultID - INFO - Training client 61 (13/30)...
2026-03-19 01:03:21,950 - Server_DefaultID - INFO - Client 61: Acc=50.44, Loss=-279.4700, NLL=-945.8021, KL=12.5181, AvgS=406.72, ProxLoss=0.0000
2026-03-19 01:03:21,950 - Server_DefaultID - INFO - Training client 81 (14/30)...
2026-03-19 01:03:32,170 - Server_DefaultID - INFO - Client 81: Acc=43.53, Loss=-252.4249, NLL=-861.3991, KL=13.5301, AvgS=370.24, ProxLoss=0.0000
2026-03-19 01:03:32,170 - Server_DefaultID - INFO - Training client 21 (15/30)...
2026-03-19 01:03:42,071 - Server_DefaultID - INFO - Client 21: Acc=50.47, Loss=-345.9474, NLL=-1161.6271, KL=14.0301, AvgS=499.94, ProxLoss=0.0000
2026-03-19 01:03:42,071 - Server_DefaultID - INFO - Training client 92 (16/30)...
2026-03-19 01:03:46,969 - Server_DefaultID - INFO - Client 92: Acc=42.50, Loss=-198.3419, NLL=-681.1286, KL=12.1355, AvgS=292.44, ProxLoss=0.0000
2026-03-19 01:03:46,969 - Server_DefaultID - INFO - Training client 89 (17/30)...
2026-03-19 01:04:04,870 - Server_DefaultID - INFO - Client 89: Acc=98.55, Loss=-342.8651, NLL=-1161.5532, KL=14.1291, AvgS=499.91, ProxLoss=0.0000
2026-03-19 01:04:04,870 - Server_DefaultID - INFO - Training client 98 (18/30)...
2026-03-19 01:04:08,644 - Server_DefaultID - INFO - Client 98: Acc=70.94, Loss=-136.1552, NLL=-471.9188, KL=10.5789, AvgS=202.36, ProxLoss=0.0000
2026-03-19 01:04:08,644 - Server_DefaultID - INFO - Training client 44 (19/30)...
2026-03-19 01:04:18,995 - Server_DefaultID - INFO - Client 44: Acc=67.01, Loss=-344.1500, NLL=-1161.6887, KL=14.8808, AvgS=499.97, ProxLoss=0.0000
2026-03-19 01:04:18,996 - Server_DefaultID - INFO - Training client 18 (20/30)...
2026-03-19 01:04:39,568 - Server_DefaultID - INFO - Client 18: Acc=84.38, Loss=-344.7545, NLL=-1161.6414, KL=14.8109, AvgS=499.94, ProxLoss=0.0000
2026-03-19 01:04:39,568 - Server_DefaultID - INFO - Training client 16 (21/30)...
2026-03-19 01:04:42,584 - Server_DefaultID - INFO - Client 16: Acc=65.78, Loss=-54.5592, NLL=-192.1213, KL=7.3737, AvgS=82.69, ProxLoss=0.0000
2026-03-19 01:04:42,584 - Server_DefaultID - INFO - Training client 72 (22/30)...
2026-03-19 01:04:47,297 - Server_DefaultID - INFO - Client 72: Acc=43.12, Loss=-198.8242, NLL=-683.9739, KL=12.2602, AvgS=293.61, ProxLoss=0.0000
2026-03-19 01:04:47,297 - Server_DefaultID - INFO - Training client 78 (23/30)...
2026-03-19 01:05:23,847 - Server_DefaultID - INFO - Client 78: Acc=81.90, Loss=-344.4172, NLL=-1161.6974, KL=14.7233, AvgS=499.97, ProxLoss=0.0000
2026-03-19 01:05:23,847 - Server_DefaultID - INFO - Training client 58 (24/30)...
2026-03-19 01:05:32,515 - Server_DefaultID - INFO - Client 58: Acc=77.41, Loss=-340.7389, NLL=-1156.0821, KL=14.5217, AvgS=497.54, ProxLoss=0.0000
2026-03-19 01:05:32,515 - Server_DefaultID - INFO - Training client 57 (25/30)...
2026-03-19 01:05:53,953 - Server_DefaultID - INFO - Client 57: Acc=93.84, Loss=-344.0708, NLL=-1161.6814, KL=14.7675, AvgS=499.96, ProxLoss=0.0000
2026-03-19 01:05:53,953 - Server_DefaultID - INFO - Training client 10 (26/30)...
2026-03-19 01:05:59,427 - Server_DefaultID - INFO - Client 10: Acc=28.20, Loss=-341.1576, NLL=-1151.2439, KL=13.7500, AvgS=495.45, ProxLoss=0.0000
2026-03-19 01:05:59,427 - Server_DefaultID - INFO - Training client 65 (27/30)...
2026-03-19 01:06:00,491 - Server_DefaultID - INFO - Client 65: Acc=64.69, Loss=-16.4175, NLL=-59.2224, KL=6.6071, AvgS=27.43, ProxLoss=0.0000
2026-03-19 01:06:00,492 - Server_DefaultID - INFO - Training client 34 (28/30)...
2026-03-19 01:06:04,050 - Server_DefaultID - INFO - Client 34: Acc=55.83, Loss=-139.0170, NLL=-475.8101, KL=10.8028, AvgS=204.04, ProxLoss=0.0000
2026-03-19 01:06:04,050 - Server_DefaultID - INFO - Training client 79 (29/30)...
2026-03-19 01:06:10,830 - Server_DefaultID - INFO - Client 79: Acc=39.38, Loss=-71.3534, NLL=-252.4741, KL=7.9458, AvgS=108.35, ProxLoss=0.0000
2026-03-19 01:06:10,830 - Server_DefaultID - INFO - Training client 2 (30/30)...
2026-03-19 01:06:22,676 - Server_DefaultID - INFO - Client 2: Acc=79.24, Loss=-344.4270, NLL=-1161.6050, KL=14.8463, AvgS=499.93, ProxLoss=0.0000
2026-03-19 01:06:24,296 - Server_DefaultID - WARNING - Global prior extremely imbalanced (max/min=1.0), applied adaptive smoothing lam=0.10.
2026-03-19 01:06:24,297 - Server_DefaultID - INFO - Round [7/200] Summary | Avg Client Train Stats:	Loss [-292.6170]	 Acc [71.22]	NLL [-990.7009]	 KL [13.5029]	AvgS [426.27]	 ProxLoss [0.0000]
GlobalPriorAlpha (first 10): [4.990499973297119, 5.066400051116943, 4.980899810791016, 5.045499801635742, 4.96019983291626, 5.002299785614014, 4.946599960327148, 4.9618000984191895, 5.013800144195557, 5.031899929046631]
Round Time: 279.23s
2026-03-19 01:06:24,299 - Server_DefaultID - INFO - --- Global Round 8/200 ---
2026-03-19 01:06:24,300 - Server_DefaultID - INFO - Selected 30 active clients for round 8.
2026-03-19 01:06:24,300 - Server_DefaultID - INFO - Training client 20 (1/30)...
2026-03-19 01:06:31,142 - Server_DefaultID - INFO - Client 20: Acc=58.18, Loss=-337.9152, NLL=-1137.2755, KL=12.6497, AvgS=489.42, ProxLoss=0.0000
2026-03-19 01:06:31,142 - Server_DefaultID - INFO - Training client 97 (2/30)...
2026-03-19 01:07:01,397 - Server_DefaultID - INFO - Client 97: Acc=99.58, Loss=-342.3140, NLL=-1161.6452, KL=13.8292, AvgS=499.95, ProxLoss=0.0000
2026-03-19 01:07:01,397 - Server_DefaultID - INFO - Training client 83 (3/30)...
2026-03-19 01:07:13,712 - Server_DefaultID - INFO - Client 83: Acc=99.69, Loss=-342.1829, NLL=-1161.5503, KL=13.7107, AvgS=499.91, ProxLoss=0.0000
2026-03-19 01:07:13,712 - Server_DefaultID - INFO - Training client 71 (4/30)...
2026-03-19 01:07:17,245 - Server_DefaultID - INFO - Client 71: Acc=63.75, Loss=-85.3515, NLL=-293.6536, KL=9.1047, AvgS=125.97, ProxLoss=0.0000
2026-03-19 01:07:17,245 - Server_DefaultID - INFO - Training client 92 (5/30)...
2026-03-19 01:07:22,215 - Server_DefaultID - INFO - Client 92: Acc=64.92, Loss=-289.8763, NLL=-987.1103, KL=13.9030, AvgS=424.52, ProxLoss=0.0000
2026-03-19 01:07:22,215 - Server_DefaultID - INFO - Training client 11 (6/30)...
2026-03-19 01:07:30,131 - Server_DefaultID - INFO - Client 11: Acc=40.36, Loss=-206.2289, NLL=-705.5452, KL=12.6449, AvgS=302.95, ProxLoss=0.0000
2026-03-19 01:07:30,132 - Server_DefaultID - INFO - Training client 53 (7/30)...
2026-03-19 01:07:43,433 - Server_DefaultID - INFO - Client 53: Acc=96.09, Loss=-340.1723, NLL=-1154.3871, KL=14.5764, AvgS=496.81, ProxLoss=0.0000
2026-03-19 01:07:43,433 - Server_DefaultID - INFO - Training client 38 (8/30)...
2026-03-19 01:07:46,075 - Server_DefaultID - INFO - Client 38: Acc=47.66, Loss=-160.2199, NLL=-543.0672, KL=9.7766, AvgS=232.94, ProxLoss=0.0000
2026-03-19 01:07:46,075 - Server_DefaultID - INFO - Training client 75 (9/30)...
2026-03-19 01:07:57,031 - Server_DefaultID - INFO - Client 75: Acc=84.80, Loss=-343.4111, NLL=-1161.6320, KL=14.5644, AvgS=499.94, ProxLoss=0.0000
2026-03-19 01:07:57,031 - Server_DefaultID - INFO - Training client 48 (10/30)...
2026-03-19 01:08:18,580 - Server_DefaultID - INFO - Client 48: Acc=86.69, Loss=-344.6419, NLL=-1161.6243, KL=14.8200, AvgS=499.94, ProxLoss=0.0000
2026-03-19 01:08:18,580 - Server_DefaultID - INFO - Training client 34 (11/30)...
2026-03-19 01:08:23,717 - Server_DefaultID - INFO - Client 34: Acc=41.46, Loss=-199.0270, NLL=-679.7953, KL=12.3519, AvgS=291.88, ProxLoss=0.0000
2026-03-19 01:08:23,718 - Server_DefaultID - INFO - Training client 66 (12/30)...
2026-03-19 01:08:32,720 - Server_DefaultID - INFO - Client 66: Acc=88.04, Loss=-343.9298, NLL=-1161.4255, KL=14.8503, AvgS=499.85, ProxLoss=0.0000
2026-03-19 01:08:32,720 - Server_DefaultID - INFO - Training client 16 (13/30)...
2026-03-19 01:08:35,277 - Server_DefaultID - INFO - Client 16: Acc=48.28, Loss=-82.6708, NLL=-288.6450, KL=8.8052, AvgS=123.73, ProxLoss=0.0000
2026-03-19 01:08:35,277 - Server_DefaultID - INFO - Training client 70 (14/30)...
2026-03-19 01:08:41,404 - Server_DefaultID - INFO - Client 70: Acc=55.56, Loss=-277.5794, NLL=-949.4661, KL=13.7734, AvgS=408.27, ProxLoss=0.0000
2026-03-19 01:08:41,405 - Server_DefaultID - INFO - Training client 32 (15/30)...
2026-03-19 01:08:52,406 - Server_DefaultID - INFO - Client 32: Acc=55.62, Loss=-333.5409, NLL=-1130.4244, KL=14.6088, AvgS=486.45, ProxLoss=0.0000
2026-03-19 01:08:52,406 - Server_DefaultID - INFO - Training client 86 (16/30)...
2026-03-19 01:09:05,394 - Server_DefaultID - INFO - Client 86: Acc=72.56, Loss=-76.6490, NLL=-267.8323, KL=8.6417, AvgS=114.93, ProxLoss=0.0000
2026-03-19 01:09:05,394 - Server_DefaultID - INFO - Training client 87 (17/30)...
2026-03-19 01:09:19,647 - Server_DefaultID - INFO - Client 87: Acc=31.96, Loss=-345.9734, NLL=-1161.4011, KL=13.5811, AvgS=499.84, ProxLoss=0.0000
2026-03-19 01:09:19,647 - Server_DefaultID - INFO - Training client 3 (18/30)...
2026-03-19 01:09:32,687 - Server_DefaultID - INFO - Client 3: Acc=36.41, Loss=-203.0831, NLL=-690.2795, KL=11.4495, AvgS=296.39, ProxLoss=0.0000
2026-03-19 01:09:32,687 - Server_DefaultID - INFO - Training client 85 (19/30)...
2026-03-19 01:09:57,173 - Server_DefaultID - INFO - Client 85: Acc=99.77, Loss=-342.1890, NLL=-1161.6546, KL=13.6943, AvgS=499.95, ProxLoss=0.0000
2026-03-19 01:09:57,173 - Server_DefaultID - INFO - Training client 88 (20/30)...
2026-03-19 01:10:10,434 - Server_DefaultID - INFO - Client 88: Acc=34.43, Loss=-209.6728, NLL=-715.9148, KL=12.4367, AvgS=307.43, ProxLoss=0.0000
2026-03-19 01:10:10,434 - Server_DefaultID - INFO - Training client 36 (21/30)...
2026-03-19 01:10:55,790 - Server_DefaultID - INFO - Client 36: Acc=79.84, Loss=-343.2091, NLL=-1161.6976, KL=14.5633, AvgS=499.97, ProxLoss=0.0000
2026-03-19 01:10:55,790 - Server_DefaultID - INFO - Training client 12 (22/30)...
2026-03-19 01:11:01,314 - Server_DefaultID - INFO - Client 12: Acc=43.19, Loss=-272.1331, NLL=-921.3345, KL=13.0192, AvgS=396.10, ProxLoss=0.0000
2026-03-19 01:11:01,314 - Server_DefaultID - INFO - Training client 93 (23/30)...
2026-03-19 01:11:03,482 - Server_DefaultID - INFO - Client 93: Acc=28.28, Loss=-155.7850, NLL=-531.5766, KL=10.7478, AvgS=228.19, ProxLoss=0.0000
2026-03-19 01:11:03,482 - Server_DefaultID - INFO - Training client 58 (24/30)...
2026-03-19 01:11:11,336 - Server_DefaultID - INFO - Client 58: Acc=77.14, Loss=-343.1264, NLL=-1161.4419, KL=14.5844, AvgS=499.86, ProxLoss=0.0000
2026-03-19 01:11:11,337 - Server_DefaultID - INFO - Training client 13 (25/30)...
2026-03-19 01:11:12,365 - Server_DefaultID - INFO - Client 13: Acc=52.19, Loss=-26.2295, NLL=-94.5516, KL=5.5133, AvgS=41.65, ProxLoss=0.0000
2026-03-19 01:11:12,365 - Server_DefaultID - INFO - Training client 40 (26/30)...
2026-03-19 01:11:19,174 - Server_DefaultID - INFO - Client 40: Acc=51.77, Loss=-213.6981, NLL=-725.6627, KL=12.0259, AvgS=311.64, ProxLoss=0.0000
2026-03-19 01:11:19,174 - Server_DefaultID - INFO - Training client 81 (27/30)...
2026-03-19 01:11:29,410 - Server_DefaultID - INFO - Client 81: Acc=71.43, Loss=-339.5141, NLL=-1150.2629, KL=14.7869, AvgS=495.03, ProxLoss=0.0000
2026-03-19 01:11:29,410 - Server_DefaultID - INFO - Training client 25 (28/30)...
2026-03-19 01:11:31,847 - Server_DefaultID - INFO - Client 25: Acc=24.84, Loss=-51.9570, NLL=-183.2867, KL=7.5349, AvgS=78.85, ProxLoss=0.0000
2026-03-19 01:11:31,847 - Server_DefaultID - INFO - Training client 67 (29/30)...
2026-03-19 01:11:38,206 - Server_DefaultID - INFO - Client 67: Acc=48.85, Loss=-91.4242, NLL=-318.5840, KL=9.7652, AvgS=136.63, ProxLoss=0.0000
2026-03-19 01:11:38,207 - Server_DefaultID - INFO - Training client 74 (30/30)...
2026-03-19 01:11:42,520 - Server_DefaultID - INFO - Client 74: Acc=43.44, Loss=-125.8076, NLL=-433.2520, KL=10.7086, AvgS=185.65, ProxLoss=0.0000
2026-03-19 01:11:43,775 - Server_DefaultID - WARNING - Global prior extremely imbalanced (max/min=1.0), applied adaptive smoothing lam=0.10.
2026-03-19 01:11:43,776 - Server_DefaultID - INFO - Round [8/200] Summary | Avg Client Train Stats:	Loss [-285.9792]	 Acc [71.62]	NLL [-969.9175]	 KL [13.2256]	AvgS [417.25]	 ProxLoss [0.0000]
GlobalPriorAlpha (first 10): [5.0, 5.0, 5.0, 5.0, 5.0, 5.0, 5.0, 5.0, 5.0, 5.0]
Round Time: 319.48s
2026-03-19 01:11:43,780 - Server_DefaultID - INFO - --- Global Round 9/200 ---
2026-03-19 01:11:43,781 - Server_DefaultID - INFO - Selected 30 active clients for round 9.
2026-03-19 01:11:43,781 - Server_DefaultID - INFO - Training client 78 (1/30)...
2026-03-19 01:12:16,411 - Server_DefaultID - INFO - Client 78: Acc=84.33, Loss=-344.3543, NLL=-1161.6518, KL=14.7298, AvgS=499.95, ProxLoss=0.0000
2026-03-19 01:12:16,411 - Server_DefaultID - INFO - Training client 12 (2/30)...
2026-03-19 01:12:22,038 - Server_DefaultID - INFO - Client 12: Acc=72.56, Loss=-343.3050, NLL=-1155.0149, KL=13.8615, AvgS=497.08, ProxLoss=0.0000
2026-03-19 01:12:22,038 - Server_DefaultID - INFO - Training client 22 (3/30)...
2026-03-19 01:12:24,725 - Server_DefaultID - INFO - Client 22: Acc=57.97, Loss=-26.7154, NLL=-96.4364, KL=6.0450, AvgS=42.48, ProxLoss=0.0000
2026-03-19 01:12:24,725 - Server_DefaultID - INFO - Training client 11 (4/30)...
2026-03-19 01:12:32,566 - Server_DefaultID - INFO - Client 11: Acc=57.29, Loss=-330.6006, NLL=-1122.7878, KL=14.6356, AvgS=483.15, ProxLoss=0.0000
2026-03-19 01:12:32,566 - Server_DefaultID - INFO - Training client 47 (5/30)...
2026-03-19 01:12:38,865 - Server_DefaultID - INFO - Client 47: Acc=49.90, Loss=-345.5793, NLL=-1161.6215, KL=14.1555, AvgS=499.94, ProxLoss=0.0000
2026-03-19 01:12:38,865 - Server_DefaultID - INFO - Training client 6 (6/30)...
2026-03-19 01:12:42,121 - Server_DefaultID - INFO - Client 6: Acc=63.23, Loss=-136.7661, NLL=-472.6690, KL=10.8682, AvgS=202.67, ProxLoss=0.0000
2026-03-19 01:12:42,121 - Server_DefaultID - INFO - Training client 10 (7/30)...
2026-03-19 01:12:47,071 - Server_DefaultID - INFO - Client 10: Acc=33.67, Loss=-345.3017, NLL=-1160.4893, KL=13.7771, AvgS=499.45, ProxLoss=0.0000
2026-03-19 01:12:47,071 - Server_DefaultID - INFO - Training client 50 (8/30)...
2026-03-19 01:13:07,333 - Server_DefaultID - INFO - Client 50: Acc=97.34, Loss=-337.5681, NLL=-1148.9842, KL=14.3477, AvgS=494.48, ProxLoss=0.0000
2026-03-19 01:13:07,333 - Server_DefaultID - INFO - Training client 75 (9/30)...
2026-03-19 01:13:15,826 - Server_DefaultID - INFO - Client 75: Acc=83.36, Loss=-343.4203, NLL=-1161.7694, KL=14.5974, AvgS=500.00, ProxLoss=0.0000
2026-03-19 01:13:15,827 - Server_DefaultID - INFO - Training client 46 (10/30)...
2026-03-19 01:13:24,296 - Server_DefaultID - INFO - Client 46: Acc=59.22, Loss=-302.3340, NLL=-1029.8429, KL=14.3641, AvgS=442.98, ProxLoss=0.0000
2026-03-19 01:13:24,296 - Server_DefaultID - INFO - Training client 68 (11/30)...
2026-03-19 01:13:33,831 - Server_DefaultID - INFO - Client 68: Acc=69.72, Loss=-342.9812, NLL=-1161.6769, KL=14.5137, AvgS=499.96, ProxLoss=0.0000
2026-03-19 01:13:33,831 - Server_DefaultID - INFO - Training client 86 (12/30)...
2026-03-19 01:13:39,794 - Server_DefaultID - INFO - Client 86: Acc=69.31, Loss=-167.7754, NLL=-576.1089, KL=11.5767, AvgS=247.21, ProxLoss=0.0000
2026-03-19 01:13:39,794 - Server_DefaultID - INFO - Training client 91 (13/30)...
2026-03-19 01:13:43,741 - Server_DefaultID - INFO - Client 91: Acc=58.65, Loss=-201.6668, NLL=-692.7769, KL=12.2165, AvgS=297.45, ProxLoss=0.0000
2026-03-19 01:13:43,742 - Server_DefaultID - INFO - Training client 67 (14/30)...
2026-03-19 01:13:50,479 - Server_DefaultID - INFO - Client 67: Acc=50.83, Loss=-212.4442, NLL=-725.6085, KL=12.8872, AvgS=311.67, ProxLoss=0.0000
2026-03-19 01:13:50,479 - Server_DefaultID - INFO - Training client 1 (15/30)...
2026-03-19 01:13:52,703 - Server_DefaultID - INFO - Client 1: Acc=54.84, Loss=-55.4062, NLL=-192.9700, KL=7.7433, AvgS=83.11, ProxLoss=0.0000
2026-03-19 01:13:52,703 - Server_DefaultID - INFO - Training client 72 (16/30)...
2026-03-19 01:13:57,159 - Server_DefaultID - INFO - Client 72: Acc=69.06, Loss=-294.1566, NLL=-1002.4882, KL=14.0437, AvgS=431.15, ProxLoss=0.0000
2026-03-19 01:13:57,159 - Server_DefaultID - INFO - Training client 89 (17/30)...
2026-03-19 01:14:14,647 - Server_DefaultID - INFO - Client 89: Acc=98.55, Loss=-342.8347, NLL=-1161.7107, KL=14.1394, AvgS=499.97, ProxLoss=0.0000
2026-03-19 01:14:14,647 - Server_DefaultID - INFO - Training client 41 (18/30)...
2026-03-19 01:14:23,684 - Server_DefaultID - INFO - Client 41: Acc=57.19, Loss=-343.8335, NLL=-1161.7174, KL=14.7842, AvgS=499.98, ProxLoss=0.0000
2026-03-19 01:14:23,684 - Server_DefaultID - INFO - Training client 81 (19/30)...
2026-03-19 01:14:31,667 - Server_DefaultID - INFO - Client 81: Acc=75.36, Loss=-344.1629, NLL=-1161.3703, KL=14.8617, AvgS=499.83, ProxLoss=0.0000
2026-03-19 01:14:31,667 - Server_DefaultID - INFO - Training client 25 (20/30)...
2026-03-19 01:14:34,010 - Server_DefaultID - INFO - Client 25: Acc=29.84, Loss=-81.6751, NLL=-284.4446, KL=8.7670, AvgS=121.94, ProxLoss=0.0000
2026-03-19 01:14:34,010 - Server_DefaultID - INFO - Training client 20 (21/30)...
2026-03-19 01:14:40,818 - Server_DefaultID - INFO - Client 20: Acc=55.47, Loss=-346.4473, NLL=-1161.2123, KL=12.7250, AvgS=499.76, ProxLoss=0.0000
2026-03-19 01:14:40,818 - Server_DefaultID - INFO - Training client 49 (22/30)...
2026-03-19 01:14:49,195 - Server_DefaultID - INFO - Client 49: Acc=69.64, Loss=-343.9486, NLL=-1161.3255, KL=14.8900, AvgS=499.81, ProxLoss=0.0000
2026-03-19 01:14:49,195 - Server_DefaultID - INFO - Training client 39 (23/30)...
2026-03-19 01:15:05,299 - Server_DefaultID - INFO - Client 39: Acc=70.65, Loss=-344.3696, NLL=-1161.5871, KL=14.8331, AvgS=499.92, ProxLoss=0.0000
2026-03-19 01:15:05,299 - Server_DefaultID - INFO - Training client 94 (24/30)...
2026-03-19 01:15:18,000 - Server_DefaultID - INFO - Client 94: Acc=66.59, Loss=-207.8934, NLL=-712.1606, KL=12.7213, AvgS=305.83, ProxLoss=0.0000
2026-03-19 01:15:18,000 - Server_DefaultID - INFO - Training client 8 (25/30)...
2026-03-19 01:15:20,343 - Server_DefaultID - INFO - Client 8: Acc=27.97, Loss=-52.8694, NLL=-186.6596, KL=7.5127, AvgS=80.24, ProxLoss=0.0000
2026-03-19 01:15:20,343 - Server_DefaultID - INFO - Training client 3 (26/30)...
2026-03-19 01:15:26,746 - Server_DefaultID - INFO - Client 3: Acc=39.69, Loss=-324.6242, NLL=-1098.1569, KL=13.3498, AvgS=472.52, ProxLoss=0.0000
2026-03-19 01:15:26,746 - Server_DefaultID - INFO - Training client 33 (27/30)...
2026-03-19 01:15:35,164 - Server_DefaultID - INFO - Client 33: Acc=57.01, Loss=-345.8945, NLL=-1161.6337, KL=13.9437, AvgS=499.94, ProxLoss=0.0000
2026-03-19 01:15:35,164 - Server_DefaultID - INFO - Training client 80 (28/30)...
2026-03-19 01:15:36,443 - Server_DefaultID - INFO - Client 80: Acc=65.94, Loss=-40.4571, NLL=-141.4990, KL=7.1623, AvgS=61.48, ProxLoss=0.0000
2026-03-19 01:15:36,443 - Server_DefaultID - INFO - Training client 5 (29/30)...
2026-03-19 01:15:37,828 - Server_DefaultID - INFO - Client 5: Acc=64.38, Loss=-15.9474, NLL=-58.6312, KL=7.2183, AvgS=27.08, ProxLoss=0.0000
2026-03-19 01:15:37,828 - Server_DefaultID - INFO - Training client 87 (30/30)...
2026-03-19 01:15:46,499 - Server_DefaultID - INFO - Client 87: Acc=42.81, Loss=-346.1974, NLL=-1161.6105, KL=13.5413, AvgS=499.93, ProxLoss=0.0000
2026-03-19 01:15:48,160 - Server_DefaultID - WARNING - Global prior extremely imbalanced (max/min=1.0), applied adaptive smoothing lam=0.10.
2026-03-19 01:15:48,161 - Server_DefaultID - INFO - Round [9/200] Summary | Avg Client Train Stats:	Loss [-302.9726]	 Acc [69.36]	NLL [-1025.5313]	 KL [13.6778]	AvgS [441.27]	 ProxLoss [0.0000]
GlobalPriorAlpha (first 10): [5.01039981842041, 5.006999969482422, 4.993199825286865, 5.01039981842041, 5.009799957275391, 4.995100021362305, 4.9552998542785645, 5.005499839782715, 5.002799987792969, 5.01039981842041]
Round Time: 244.38s
2026-03-19 01:15:48,164 - Server_DefaultID - INFO - --- Global Round 10/200 ---
2026-03-19 01:15:48,164 - Server_DefaultID - INFO - Selected 30 active clients for round 10.
2026-03-19 01:15:48,165 - Server_DefaultID - INFO - Training client 34 (1/30)...
2026-03-19 01:15:52,405 - Server_DefaultID - INFO - Client 34: Acc=45.52, Loss=-264.5197, NLL=-900.3325, KL=13.6018, AvgS=387.10, ProxLoss=0.0000
2026-03-19 01:15:52,405 - Server_DefaultID - INFO - Training client 48 (2/30)...
2026-03-19 01:16:12,946 - Server_DefaultID - INFO - Client 48: Acc=86.67, Loss=-344.5828, NLL=-1161.7541, KL=14.8369, AvgS=499.99, ProxLoss=0.0000
2026-03-19 01:16:12,946 - Server_DefaultID - INFO - Training client 70 (3/30)...
2026-03-19 01:16:18,360 - Server_DefaultID - INFO - Client 70: Acc=74.69, Loss=-340.6297, NLL=-1154.8630, KL=14.6347, AvgS=497.02, ProxLoss=0.0000
2026-03-19 01:16:18,360 - Server_DefaultID - INFO - Training client 16 (4/30)...
2026-03-19 01:16:21,813 - Server_DefaultID - INFO - Client 16: Acc=59.53, Loss=-118.0566, NLL=-408.6865, KL=10.2365, AvgS=175.16, ProxLoss=0.0000
2026-03-19 01:16:21,813 - Server_DefaultID - INFO - Training client 55 (5/30)...
2026-03-19 01:17:32,366 - Server_DefaultID - INFO - Client 55: Acc=84.48, Loss=-344.9869, NLL=-1161.6440, KL=14.8076, AvgS=499.95, ProxLoss=0.0000
2026-03-19 01:17:32,366 - Server_DefaultID - INFO - Training client 47 (6/30)...
2026-03-19 01:17:43,257 - Server_DefaultID - INFO - Client 47: Acc=50.73, Loss=-345.6228, NLL=-1161.5902, KL=14.1104, AvgS=499.92, ProxLoss=0.0000
2026-03-19 01:17:43,258 - Server_DefaultID - INFO - Training client 67 (7/30)...
2026-03-19 01:17:52,521 - Server_DefaultID - INFO - Client 67: Acc=58.33, Loss=-330.4910, NLL=-1123.3240, KL=14.5879, AvgS=483.41, ProxLoss=0.0000
2026-03-19 01:17:52,521 - Server_DefaultID - INFO - Training client 69 (8/30)...
2026-03-19 01:17:56,446 - Server_DefaultID - INFO - Client 69: Acc=27.03, Loss=-84.1145, NLL=-290.2540, KL=8.8861, AvgS=124.42, ProxLoss=0.0000
2026-03-19 01:17:56,446 - Server_DefaultID - INFO - Training client 98 (9/30)...
2026-03-19 01:18:01,598 - Server_DefaultID - INFO - Client 98: Acc=70.21, Loss=-198.6326, NLL=-683.5757, KL=12.1600, AvgS=293.51, ProxLoss=0.0000
2026-03-19 01:18:01,599 - Server_DefaultID - INFO - Training client 4 (10/30)...
2026-03-19 01:18:13,459 - Server_DefaultID - INFO - Client 4: Acc=42.50, Loss=-203.1601, NLL=-693.1683, KL=11.8235, AvgS=297.61, ProxLoss=0.0000
2026-03-19 01:18:13,459 - Server_DefaultID - INFO - Training client 22 (11/30)...
2026-03-19 01:18:17,817 - Server_DefaultID - INFO - Client 22: Acc=53.75, Loss=-53.2826, NLL=-186.7610, KL=7.4337, AvgS=80.46, ProxLoss=0.0000
2026-03-19 01:18:17,817 - Server_DefaultID - INFO - Training client 29 (12/30)...
2026-03-19 01:18:23,879 - Server_DefaultID - INFO - Client 29: Acc=64.61, Loss=-56.1262, NLL=-198.8062, KL=7.7397, AvgS=85.49, ProxLoss=0.0000
2026-03-19 01:18:23,879 - Server_DefaultID - INFO - Training client 45 (13/30)...
2026-03-19 01:18:39,825 - Server_DefaultID - INFO - Client 45: Acc=42.15, Loss=-308.8122, NLL=-1053.1720, KL=14.4658, AvgS=453.07, ProxLoss=0.0000
2026-03-19 01:18:39,825 - Server_DefaultID - INFO - Training client 63 (14/30)...
2026-03-19 01:18:46,227 - Server_DefaultID - INFO - Client 63: Acc=52.38, Loss=-338.7804, NLL=-1146.8082, KL=14.7002, AvgS=493.53, ProxLoss=0.0000
2026-03-19 01:18:46,227 - Server_DefaultID - INFO - Training client 86 (15/30)...
2026-03-19 01:18:51,933 - Server_DefaultID - INFO - Client 86: Acc=73.00, Loss=-278.2620, NLL=-947.8111, KL=13.7557, AvgS=407.57, ProxLoss=0.0000
2026-03-19 01:18:51,933 - Server_DefaultID - INFO - Training client 41 (16/30)...
2026-03-19 01:19:01,408 - Server_DefaultID - INFO - Client 41: Acc=60.51, Loss=-343.5286, NLL=-1161.6721, KL=14.6946, AvgS=499.96, ProxLoss=0.0000
2026-03-19 01:19:01,408 - Server_DefaultID - INFO - Training client 36 (17/30)...
2026-03-19 01:19:32,113 - Server_DefaultID - INFO - Client 36: Acc=82.40, Loss=-343.1163, NLL=-1161.6285, KL=14.5590, AvgS=499.94, ProxLoss=0.0000
2026-03-19 01:19:32,113 - Server_DefaultID - INFO - Training client 24 (18/30)...
2026-03-19 01:19:33,341 - Server_DefaultID - INFO - Client 24: Acc=55.31, Loss=-55.4588, NLL=-190.2309, KL=5.7450, AvgS=81.94, ProxLoss=0.0000
2026-03-19 01:19:33,341 - Server_DefaultID - INFO - Training client 66 (19/30)...
2026-03-19 01:19:38,354 - Server_DefaultID - INFO - Client 66: Acc=88.04, Loss=-343.8808, NLL=-1161.6201, KL=14.8178, AvgS=499.94, ProxLoss=0.0000
2026-03-19 01:19:38,354 - Server_DefaultID - INFO - Training client 3 (20/30)...
2026-03-19 01:19:42,292 - Server_DefaultID - INFO - Client 3: Acc=60.05, Loss=-345.9898, NLL=-1161.0559, KL=13.3943, AvgS=499.69, ProxLoss=0.0000
2026-03-19 01:19:42,292 - Server_DefaultID - INFO - Training client 94 (21/30)...
2026-03-19 01:19:51,639 - Server_DefaultID - INFO - Client 94: Acc=67.98, Loss=-343.0985, NLL=-1159.4686, KL=14.7967, AvgS=499.01, ProxLoss=0.0000
2026-03-19 01:19:51,639 - Server_DefaultID - INFO - Training client 64 (22/30)...
2026-03-19 01:19:52,528 - Server_DefaultID - INFO - Client 64: Acc=67.50, Loss=-40.2253, NLL=-141.5978, KL=7.3575, AvgS=61.35, ProxLoss=0.0000
2026-03-19 01:19:52,528 - Server_DefaultID - INFO - Training client 61 (23/30)...
2026-03-19 01:19:55,834 - Server_DefaultID - INFO - Client 61: Acc=52.25, Loss=-343.1434, NLL=-1155.4275, KL=13.3390, AvgS=497.26, ProxLoss=0.0000
2026-03-19 01:19:55,835 - Server_DefaultID - INFO - Training client 33 (24/30)...
2026-03-19 01:20:00,474 - Server_DefaultID - INFO - Client 33: Acc=56.61, Loss=-345.7986, NLL=-1161.5791, KL=13.9999, AvgS=499.92, ProxLoss=0.0000
2026-03-19 01:20:00,475 - Server_DefaultID - INFO - Training client 76 (25/30)...
2026-03-19 01:20:06,012 - Server_DefaultID - INFO - Client 76: Acc=56.95, Loss=-345.6705, NLL=-1161.2115, KL=13.9153, AvgS=499.76, ProxLoss=0.0000
2026-03-19 01:20:06,012 - Server_DefaultID - INFO - Training client 18 (26/30)...
2026-03-19 01:20:18,623 - Server_DefaultID - INFO - Client 18: Acc=85.08, Loss=-344.6772, NLL=-1161.6750, KL=14.8160, AvgS=499.96, ProxLoss=0.0000
2026-03-19 01:20:18,623 - Server_DefaultID - INFO - Training client 25 (27/30)...
2026-03-19 01:20:19,648 - Server_DefaultID - INFO - Client 25: Acc=23.44, Loss=-116.9617, NLL=-403.9451, KL=10.1282, AvgS=173.08, ProxLoss=0.0000
2026-03-19 01:20:19,648 - Server_DefaultID - INFO - Training client 11 (28/30)...
2026-03-19 01:20:22,527 - Server_DefaultID - INFO - Client 11: Acc=87.34, Loss=-344.1424, NLL=-1160.4710, KL=14.8039, AvgS=499.44, ProxLoss=0.0000
2026-03-19 01:20:22,527 - Server_DefaultID - INFO - Training client 99 (29/30)...
2026-03-19 01:20:23,301 - Server_DefaultID - INFO - Client 99: Acc=44.38, Loss=-28.1644, NLL=-98.4175, KL=3.9715, AvgS=43.40, ProxLoss=0.0000
2026-03-19 01:20:23,301 - Server_DefaultID - INFO - Training client 26 (30/30)...
2026-03-19 01:20:31,267 - Server_DefaultID - INFO - Client 26: Acc=94.23, Loss=-343.4679, NLL=-1161.7378, KL=14.6176, AvgS=499.99, ProxLoss=0.0000
2026-03-19 01:20:31,528 - Server_DefaultID - WARNING - Global prior extremely imbalanced (max/min=1.0), applied adaptive smoothing lam=0.10.
2026-03-19 01:20:31,528 - Server_DefaultID - INFO - Round [10/200] Summary | Avg Client Train Stats:	Loss [-310.9243]	 Acc [71.22]	NLL [-1050.9809]	 KL [13.8660]	AvgS [452.25]	 ProxLoss [0.0000]
GlobalPriorAlpha (first 10): [5.0, 5.0, 5.0, 5.0, 5.0, 5.0, 5.0, 5.0, 5.0, 5.0]
Round Time: 283.36s
2026-03-19 01:20:31,528 - Server_DefaultID - INFO - --- Evaluating models at round 10 ---
2026-03-19 01:21:46,687 - Server_DefaultID - INFO - Global Model Evaluation (Round 10): 
  Avg Test Acc: 53.91%
  Avg Test Acc Softmax: 53.91%
  Avg Test Loss: -748.6375
  Avg Test NLL: -757.8739
  Avg Test KL (vs flat prior): 10.8221
  Avg Test S: 326.13
2026-03-19 01:23:00,919 - Server_DefaultID - INFO - Personalized Model Evaluation (Round 10): 
  Avg Test Acc: 57.36%
  Avg Test Acc Softmax: 57.36%
  Avg Test Loss: -775.4954
  Avg Test NLL: -784.8308
  Avg Test KL (vs flat prior): 10.9495
  Avg Test S: 337.76
2026-03-19 01:23:00,919 - Server_DefaultID - INFO - [Metric 1] Personalized Brier Score | Mean: 0.6075
2026-03-19 01:23:00,919 - Server_DefaultID - INFO - [Metric 1] Personalized ECE | Mean: 0.1600
2026-03-19 01:23:00,919 - Server_DefaultID - INFO - [OOD Eval] OOD AUC-ROC (Epistemic): 0.2548
2026-03-19 01:23:00,919 - Server_DefaultID - INFO - [Metric 4] OOD FPR@95%TPR: 0.9287
2026-03-19 01:23:03,349 - Server_DefaultID - INFO - --- Global Round 11/200 ---
2026-03-19 01:23:03,349 - Server_DefaultID - INFO - Selected 30 active clients for round 11.
2026-03-19 01:23:03,349 - Server_DefaultID - INFO - Training client 81 (1/30)...
2026-03-19 01:23:06,324 - Server_DefaultID - INFO - Client 81: Acc=74.78, Loss=-344.2306, NLL=-1161.7124, KL=14.8580, AvgS=499.98, ProxLoss=0.0000
2026-03-19 01:23:06,324 - Server_DefaultID - INFO - Training client 45 (2/30)...
2026-03-19 01:23:09,985 - Server_DefaultID - INFO - Client 45: Acc=58.44, Loss=-343.8491, NLL=-1161.2398, KL=14.8751, AvgS=499.77, ProxLoss=0.0000
2026-03-19 01:23:09,985 - Server_DefaultID - INFO - Training client 99 (3/30)...
2026-03-19 01:23:10,684 - Server_DefaultID - INFO - Client 99: Acc=39.69, Loss=-41.5565, NLL=-143.7263, KL=4.9494, AvgS=62.27, ProxLoss=0.0000
2026-03-19 01:23:10,684 - Server_DefaultID - INFO - Training client 92 (4/30)...
2026-03-19 01:23:13,007 - Server_DefaultID - INFO - Client 92: Acc=95.23, Loss=-336.2669, NLL=-1139.6147, KL=14.6846, AvgS=490.43, ProxLoss=0.0000
2026-03-19 01:23:13,007 - Server_DefaultID - INFO - Training client 41 (5/30)...
2026-03-19 01:23:17,047 - Server_DefaultID - INFO - Client 41: Acc=59.92, Loss=-343.5210, NLL=-1161.5863, KL=14.7257, AvgS=499.92, ProxLoss=0.0000
2026-03-19 01:23:17,047 - Server_DefaultID - INFO - Training client 34 (6/30)...
2026-03-19 01:23:18,779 - Server_DefaultID - INFO - Client 34: Acc=64.69, Loss=-318.3049, NLL=-1079.4364, KL=14.2806, AvgS=464.44, ProxLoss=0.0000
2026-03-19 01:23:18,779 - Server_DefaultID - INFO - Training client 52 (7/30)...
2026-03-19 01:23:21,257 - Server_DefaultID - INFO - Client 52: Acc=63.33, Loss=-276.2677, NLL=-939.3173, KL=13.8002, AvgS=403.90, ProxLoss=0.0000
2026-03-19 01:23:21,257 - Server_DefaultID - INFO - Training client 88 (8/30)...
2026-03-19 01:23:24,696 - Server_DefaultID - INFO - Client 88: Acc=46.46, Loss=-331.3275, NLL=-1123.1310, KL=14.3368, AvgS=483.30, ProxLoss=0.0000
2026-03-19 01:23:24,697 - Server_DefaultID - INFO - Training client 37 (9/30)...
2026-03-19 01:23:26,960 - Server_DefaultID - INFO - Client 37: Acc=37.27, Loss=-210.2377, NLL=-715.7228, KL=12.4652, AvgS=307.35, ProxLoss=0.0000
2026-03-19 01:23:26,960 - Server_DefaultID - INFO - Training client 43 (10/30)...
2026-03-19 01:23:32,480 - Server_DefaultID - INFO - Client 43: Acc=69.60, Loss=-344.0089, NLL=-1161.6702, KL=14.8939, AvgS=499.96, ProxLoss=0.0000
2026-03-19 01:23:32,480 - Server_DefaultID - INFO - Training client 68 (11/30)...
2026-03-19 01:23:37,978 - Server_DefaultID - INFO - Client 68: Acc=71.91, Loss=-342.9282, NLL=-1161.7217, KL=14.5142, AvgS=499.98, ProxLoss=0.0000
2026-03-19 01:23:37,978 - Server_DefaultID - INFO - Training client 90 (12/30)...
2026-03-19 01:23:45,194 - Client_90 - WARNING - Client 90: Too few classes (1) or samples (592) for alpha report, returning uniform.
2026-03-19 01:23:45,194 - Server_DefaultID - INFO - Client 90: Acc=76.49, Loss=-332.0191, NLL=-1136.6589, KL=13.4441, AvgS=489.15, ProxLoss=0.0000
2026-03-19 01:23:45,194 - Server_DefaultID - INFO - Training client 55 (13/30)...
2026-03-19 01:24:09,054 - Server_DefaultID - INFO - Client 55: Acc=84.53, Loss=-345.0190, NLL=-1161.7482, KL=14.7993, AvgS=499.99, ProxLoss=0.0000
2026-03-19 01:24:09,054 - Server_DefaultID - INFO - Training client 16 (14/30)...
2026-03-19 01:24:10,908 - Server_DefaultID - INFO - Client 16: Acc=44.53, Loss=-334.7800, NLL=-1135.1664, KL=14.7429, AvgS=488.51, ProxLoss=0.0000
2026-03-19 01:24:10,908 - Server_DefaultID - INFO - Training client 12 (15/30)...
2026-03-19 01:24:14,666 - Server_DefaultID - INFO - Client 12: Acc=72.12, Loss=-346.0408, NLL=-1161.7573, KL=13.9303, AvgS=499.99, ProxLoss=0.0000
2026-03-19 01:24:14,666 - Server_DefaultID - INFO - Training client 35 (16/30)...
2026-03-19 01:24:17,450 - Server_DefaultID - INFO - Client 35: Acc=51.67, Loss=-192.3300, NLL=-655.2966, KL=11.8802, AvgS=281.30, ProxLoss=0.0000
2026-03-19 01:24:17,450 - Server_DefaultID - INFO - Training client 94 (17/30)...
2026-03-19 01:24:27,414 - Server_DefaultID - INFO - Client 94: Acc=69.12, Loss=-344.1422, NLL=-1161.5778, KL=14.8526, AvgS=499.92, ProxLoss=0.0000
2026-03-19 01:24:27,414 - Server_DefaultID - INFO - Training client 17 (18/30)...
2026-03-19 01:24:29,492 - Server_DefaultID - INFO - Client 17: Acc=79.06, Loss=-335.4718, NLL=-1132.5906, KL=14.4037, AvgS=487.40, ProxLoss=0.0000
2026-03-19 01:24:29,492 - Server_DefaultID - INFO - Training client 96 (19/30)...
2026-03-19 01:24:36,389 - Server_DefaultID - INFO - Client 96: Acc=55.73, Loss=-326.6861, NLL=-1112.9290, KL=14.5599, AvgS=478.89, ProxLoss=0.0000
2026-03-19 01:24:36,389 - Server_DefaultID - INFO - Training client 89 (20/30)...
2026-03-19 01:24:47,506 - Server_DefaultID - INFO - Client 89: Acc=98.55, Loss=-342.6948, NLL=-1161.6398, KL=14.1281, AvgS=499.94, ProxLoss=0.0000
2026-03-19 01:24:47,507 - Server_DefaultID - INFO - Training client 13 (21/30)...
2026-03-19 01:24:48,607 - Server_DefaultID - INFO - Client 13: Acc=52.81, Loss=-340.6629, NLL=-1152.4647, KL=14.7631, AvgS=495.98, ProxLoss=0.0000
2026-03-19 01:24:48,608 - Server_DefaultID - INFO - Training client 72 (22/30)...
2026-03-19 01:24:52,495 - Server_DefaultID - INFO - Client 72: Acc=95.00, Loss=-340.7630, NLL=-1154.5756, KL=14.7003, AvgS=496.89, ProxLoss=0.0000
2026-03-19 01:24:52,495 - Server_DefaultID - INFO - Training client 59 (23/30)...
2026-03-19 01:25:00,666 - Server_DefaultID - INFO - Client 59: Acc=64.72, Loss=-344.1231, NLL=-1161.2807, KL=14.8346, AvgS=499.79, ProxLoss=0.0000
2026-03-19 01:25:00,666 - Server_DefaultID - INFO - Training client 10 (24/30)...
2026-03-19 01:25:04,123 - Server_DefaultID - INFO - Client 10: Acc=41.48, Loss=-345.7703, NLL=-1161.7151, KL=13.8361, AvgS=499.98, ProxLoss=0.0000
2026-03-19 01:25:04,124 - Server_DefaultID - INFO - Training client 83 (25/30)...
2026-03-19 01:25:11,702 - Server_DefaultID - INFO - Client 83: Acc=99.72, Loss=-342.1097, NLL=-1161.7159, KL=13.7326, AvgS=499.98, ProxLoss=0.0000
2026-03-19 01:25:11,703 - Server_DefaultID - INFO - Training client 23 (26/30)...
2026-03-19 01:25:12,632 - Server_DefaultID - INFO - Client 23: Acc=74.58, Loss=-53.3164, NLL=-186.7874, KL=7.8282, AvgS=80.57, ProxLoss=0.0000
2026-03-19 01:25:12,633 - Server_DefaultID - INFO - Training client 20 (27/30)...
2026-03-19 01:25:18,357 - Server_DefaultID - INFO - Client 20: Acc=56.98, Loss=-346.4267, NLL=-1161.5160, KL=12.8955, AvgS=499.89, ProxLoss=0.0000
2026-03-19 01:25:18,357 - Server_DefaultID - INFO - Training client 75 (28/30)...
2026-03-19 01:25:26,300 - Server_DefaultID - INFO - Client 75: Acc=84.73, Loss=-343.2880, NLL=-1161.7443, KL=14.5876, AvgS=499.99, ProxLoss=0.0000
2026-03-19 01:25:26,300 - Server_DefaultID - INFO - Training client 14 (29/30)...
2026-03-19 01:25:35,390 - Server_DefaultID - INFO - Client 14: Acc=72.40, Loss=-342.8543, NLL=-1161.4834, KL=14.5118, AvgS=499.88, ProxLoss=0.0000
2026-03-19 01:25:35,390 - Server_DefaultID - INFO - Training client 95 (30/30)...
2026-03-19 01:25:42,987 - Server_DefaultID - INFO - Client 95: Acc=58.61, Loss=-342.9726, NLL=-1160.9489, KL=14.6599, AvgS=499.65, ProxLoss=0.0000
2026-03-19 01:25:44,467 - Server_DefaultID - WARNING - Global prior extremely imbalanced (max/min=1.0), applied adaptive smoothing lam=0.10.
2026-03-19 01:25:44,468 - Server_DefaultID - INFO - Round [11/200] Summary | Avg Client Train Stats:	Loss [-332.0554]	 Acc [71.78]	NLL [-1123.2505]	 KL [14.2790]	AvgS [483.38]	 ProxLoss [0.0000]
GlobalPriorAlpha (first 10): [5.0, 5.0, 5.0, 5.0, 5.0, 5.0, 5.0, 5.0, 5.0, 5.0]
Round Time: 161.12s
2026-03-19 01:25:44,471 - Server_DefaultID - INFO - --- Global Round 12/200 ---
2026-03-19 01:25:44,472 - Server_DefaultID - INFO - Selected 30 active clients for round 12.
2026-03-19 01:25:44,472 - Server_DefaultID - INFO - Training client 64 (1/30)...
2026-03-19 01:25:46,081 - Server_DefaultID - INFO - Client 64: Acc=66.56, Loss=-53.7237, NLL=-187.5730, KL=7.9786, AvgS=80.74, ProxLoss=0.0000
2026-03-19 01:25:46,081 - Server_DefaultID - INFO - Training client 65 (2/30)...
2026-03-19 01:25:47,500 - Server_DefaultID - INFO - Client 65: Acc=70.00, Loss=-27.3729, NLL=-96.5454, KL=6.5118, AvgS=42.80, ProxLoss=0.0000
2026-03-19 01:25:47,501 - Server_DefaultID - INFO - Training client 83 (3/30)...
2026-03-19 01:25:58,848 - Server_DefaultID - INFO - Client 83: Acc=99.69, Loss=-342.0671, NLL=-1161.6390, KL=13.7513, AvgS=499.94, ProxLoss=0.0000
2026-03-19 01:25:58,848 - Server_DefaultID - INFO - Training client 29 (4/30)...
2026-03-19 01:26:02,285 - Server_DefaultID - INFO - Client 29: Acc=61.41, Loss=-123.9236, NLL=-428.7129, KL=10.5894, AvgS=183.74, ProxLoss=0.0000
2026-03-19 01:26:02,285 - Server_DefaultID - INFO - Training client 58 (5/30)...
2026-03-19 01:26:09,742 - Server_DefaultID - INFO - Client 58: Acc=76.52, Loss=-342.9663, NLL=-1161.5294, KL=14.5665, AvgS=499.90, ProxLoss=0.0000
2026-03-19 01:26:09,742 - Server_DefaultID - INFO - Training client 76 (6/30)...
2026-03-19 01:26:20,423 - Server_DefaultID - INFO - Client 76: Acc=58.05, Loss=-345.7986, NLL=-1161.6757, KL=13.8875, AvgS=499.96, ProxLoss=0.0000
2026-03-19 01:26:20,423 - Server_DefaultID - INFO - Training client 94 (7/30)...
2026-03-19 01:26:35,146 - Server_DefaultID - INFO - Client 94: Acc=69.74, Loss=-344.1006, NLL=-1161.6824, KL=14.8330, AvgS=499.96, ProxLoss=0.0000
2026-03-19 01:26:35,146 - Server_DefaultID - INFO - Training client 25 (8/30)...
2026-03-19 01:26:37,929 - Server_DefaultID - INFO - Client 25: Acc=21.41, Loss=-155.5282, NLL=-533.7067, KL=11.3496, AvgS=228.87, ProxLoss=0.0000
2026-03-19 01:26:37,929 - Server_DefaultID - INFO - Training client 28 (9/30)...
2026-03-19 01:26:39,893 - Server_DefaultID - INFO - Client 28: Acc=49.38, Loss=-25.3707, NLL=-91.6737, KL=5.8734, AvgS=40.54, ProxLoss=0.0000
2026-03-19 01:26:39,894 - Server_DefaultID - INFO - Training client 18 (10/30)...
2026-03-19 01:27:01,192 - Server_DefaultID - INFO - Client 18: Acc=83.98, Loss=-344.5270, NLL=-1161.7061, KL=14.8065, AvgS=499.97, ProxLoss=0.0000
2026-03-19 01:27:01,192 - Server_DefaultID - INFO - Training client 85 (11/30)...
2026-03-19 01:27:16,853 - Server_DefaultID - INFO - Client 85: Acc=99.82, Loss=-341.9684, NLL=-1161.6559, KL=13.6720, AvgS=499.95, ProxLoss=0.0000
2026-03-19 01:27:16,853 - Server_DefaultID - INFO - Training client 72 (12/30)...
2026-03-19 01:27:22,842 - Server_DefaultID - INFO - Client 72: Acc=95.08, Loss=-343.4939, NLL=-1160.9941, KL=14.7355, AvgS=499.67, ProxLoss=0.0000
2026-03-19 01:27:22,842 - Server_DefaultID - INFO - Training client 62 (13/30)...
2026-03-19 01:27:26,059 - Server_DefaultID - INFO - Client 62: Acc=47.34, Loss=-25.1654, NLL=-91.2777, KL=6.0216, AvgS=40.28, ProxLoss=0.0000
2026-03-19 01:27:26,059 - Server_DefaultID - INFO - Training client 61 (14/30)...
2026-03-19 01:27:32,842 - Server_DefaultID - INFO - Client 61: Acc=53.25, Loss=-345.9353, NLL=-1161.3769, KL=13.4376, AvgS=499.83, ProxLoss=0.0000
2026-03-19 01:27:32,842 - Server_DefaultID - INFO - Training client 67 (15/30)...
2026-03-19 01:27:40,619 - Server_DefaultID - INFO - Client 67: Acc=61.98, Loss=-344.7277, NLL=-1161.2407, KL=14.6485, AvgS=499.77, ProxLoss=0.0000
2026-03-19 01:27:40,620 - Server_DefaultID - INFO - Training client 26 (16/30)...
2026-03-19 01:28:06,175 - Server_DefaultID - INFO - Client 26: Acc=94.26, Loss=-343.4744, NLL=-1161.7358, KL=14.6329, AvgS=499.99, ProxLoss=0.0000
2026-03-19 01:28:06,176 - Server_DefaultID - INFO - Training client 1 (17/30)...
2026-03-19 01:28:09,615 - Server_DefaultID - INFO - Client 1: Acc=36.56, Loss=-327.7820, NLL=-1108.6881, KL=14.4408, AvgS=477.08, ProxLoss=0.0000
2026-03-19 01:28:09,615 - Server_DefaultID - INFO - Training client 20 (18/30)...
2026-03-19 01:28:18,729 - Server_DefaultID - INFO - Client 20: Acc=56.98, Loss=-346.5126, NLL=-1161.6746, KL=12.8255, AvgS=499.96, ProxLoss=0.0000
2026-03-19 01:28:18,729 - Server_DefaultID - INFO - Training client 36 (19/30)...
2026-03-19 01:28:47,645 - Server_DefaultID - INFO - Client 36: Acc=84.06, Loss=-343.0772, NLL=-1161.6638, KL=14.5465, AvgS=499.95, ProxLoss=0.0000
2026-03-19 01:28:47,645 - Server_DefaultID - INFO - Training client 53 (20/30)...
2026-03-19 01:29:01,178 - Server_DefaultID - INFO - Client 53: Acc=96.09, Loss=-343.4466, NLL=-1161.4340, KL=14.6340, AvgS=499.86, ProxLoss=0.0000
2026-03-19 01:29:01,178 - Server_DefaultID - INFO - Training client 71 (21/30)...
2026-03-19 01:29:04,393 - Server_DefaultID - INFO - Client 71: Acc=64.53, Loss=-118.7873, NLL=-406.4773, KL=10.1385, AvgS=174.30, ProxLoss=0.0000
2026-03-19 01:29:04,393 - Server_DefaultID - INFO - Training client 55 (22/30)...
2026-03-19 01:29:46,145 - Server_DefaultID - INFO - Client 55: Acc=84.33, Loss=-344.8229, NLL=-1161.6503, KL=14.8035, AvgS=499.95, ProxLoss=0.0000
2026-03-19 01:29:46,145 - Server_DefaultID - INFO - Training client 15 (23/30)...
2026-03-19 01:29:49,550 - Server_DefaultID - INFO - Client 15: Acc=41.25, Loss=-289.5141, NLL=-981.5334, KL=13.5393, AvgS=422.24, ProxLoss=0.0000
2026-03-19 01:29:49,550 - Server_DefaultID - INFO - Training client 57 (24/30)...
2026-03-19 01:30:11,004 - Server_DefaultID - INFO - Client 57: Acc=93.82, Loss=-343.9919, NLL=-1161.7278, KL=14.7841, AvgS=499.98, ProxLoss=0.0000
2026-03-19 01:30:11,005 - Server_DefaultID - INFO - Training client 87 (25/30)...
2026-03-19 01:30:20,370 - Server_DefaultID - INFO - Client 87: Acc=46.56, Loss=-346.1583, NLL=-1161.6917, KL=13.5265, AvgS=499.97, ProxLoss=0.0000
2026-03-19 01:30:20,370 - Server_DefaultID - INFO - Training client 40 (26/30)...
2026-03-19 01:30:29,865 - Server_DefaultID - INFO - Client 40: Acc=55.31, Loss=-334.3893, NLL=-1129.9155, KL=13.7975, AvgS=486.24, ProxLoss=0.0000
2026-03-19 01:30:29,865 - Server_DefaultID - INFO - Training client 59 (27/30)...
2026-03-19 01:30:41,163 - Server_DefaultID - INFO - Client 59: Acc=71.11, Loss=-344.2867, NLL=-1161.6710, KL=14.8568, AvgS=499.96, ProxLoss=0.0000
2026-03-19 01:30:41,163 - Server_DefaultID - INFO - Training client 39 (28/30)...
2026-03-19 01:31:00,296 - Server_DefaultID - INFO - Client 39: Acc=71.62, Loss=-344.2463, NLL=-1161.5502, KL=14.8513, AvgS=499.91, ProxLoss=0.0000
2026-03-19 01:31:00,297 - Server_DefaultID - INFO - Training client 60 (29/30)...
2026-03-19 01:31:05,568 - Server_DefaultID - INFO - Client 60: Acc=43.75, Loss=-202.3883, NLL=-693.4843, KL=12.2142, AvgS=297.84, ProxLoss=0.0000
2026-03-19 01:31:05,568 - Server_DefaultID - INFO - Training client 98 (30/30)...
2026-03-19 01:31:09,019 - Server_DefaultID - INFO - Client 98: Acc=57.71, Loss=-269.8460, NLL=-923.6422, KL=13.5104, AvgS=397.12, ProxLoss=0.0000
2026-03-19 01:31:10,960 - Server_DefaultID - WARNING - Global prior extremely imbalanced (max/min=1.0), applied adaptive smoothing lam=0.10.
2026-03-19 01:31:10,961 - Server_DefaultID - INFO - Round [12/200] Summary | Avg Client Train Stats:	Loss [-323.2850]	 Acc [77.09]	NLL [-1092.4166]	 KL [14.0239]	AvgS [470.13]	 ProxLoss [0.0000]
GlobalPriorAlpha (first 10): [5.0, 5.0, 5.0, 5.0, 5.0, 5.0, 5.0, 5.0, 5.0, 5.0]
Round Time: 326.49s
2026-03-19 01:31:10,964 - Server_DefaultID - INFO - --- Global Round 13/200 ---
2026-03-19 01:31:10,964 - Server_DefaultID - INFO - Selected 30 active clients for round 13.
2026-03-19 01:31:10,964 - Server_DefaultID - INFO - Training client 4 (1/30)...
2026-03-19 01:31:18,768 - Server_DefaultID - INFO - Client 4: Acc=65.36, Loss=-345.8582, NLL=-1161.7424, KL=13.9924, AvgS=499.99, ProxLoss=0.0000
2026-03-19 01:31:18,768 - Server_DefaultID - INFO - Training client 10 (2/30)...
2026-03-19 01:31:24,648 - Server_DefaultID - INFO - Client 10: Acc=50.23, Loss=-345.7536, NLL=-1161.6129, KL=13.8983, AvgS=499.93, ProxLoss=0.0000
2026-03-19 01:31:24,648 - Server_DefaultID - INFO - Training client 12 (3/30)...
2026-03-19 01:31:30,989 - Server_DefaultID - INFO - Client 12: Acc=72.44, Loss=-345.9478, NLL=-1161.6116, KL=13.7742, AvgS=499.93, ProxLoss=0.0000
2026-03-19 01:31:30,989 - Server_DefaultID - INFO - Training client 27 (4/30)...
2026-03-19 01:31:36,261 - Server_DefaultID - INFO - Client 27: Acc=56.25, Loss=-198.9074, NLL=-677.3243, KL=12.0724, AvgS=290.81, ProxLoss=0.0000
2026-03-19 01:31:36,261 - Server_DefaultID - INFO - Training client 65 (5/30)...
2026-03-19 01:31:38,160 - Server_DefaultID - INFO - Client 65: Acc=62.50, Loss=-40.6419, NLL=-141.5900, KL=6.8344, AvgS=61.53, ProxLoss=0.0000
2026-03-19 01:31:38,161 - Server_DefaultID - INFO - Training client 29 (6/30)...
2026-03-19 01:31:43,792 - Server_DefaultID - INFO - Client 29: Acc=61.56, Loss=-206.6113, NLL=-707.5224, KL=12.6459, AvgS=303.81, ProxLoss=0.0000
2026-03-19 01:31:43,792 - Server_DefaultID - INFO - Training client 50 (7/30)...
2026-03-19 01:32:10,019 - Server_DefaultID - INFO - Client 50: Acc=97.60, Loss=-342.9749, NLL=-1161.5949, KL=14.4043, AvgS=499.92, ProxLoss=0.0000
2026-03-19 01:32:10,019 - Server_DefaultID - INFO - Training client 17 (8/30)...
2026-03-19 01:32:13,986 - Server_DefaultID - INFO - Client 17: Acc=78.91, Loss=-344.9832, NLL=-1161.7699, KL=14.5574, AvgS=500.00, ProxLoss=0.0000
2026-03-19 01:32:13,986 - Server_DefaultID - INFO - Training client 94 (9/30)...
2026-03-19 01:32:28,567 - Server_DefaultID - INFO - Client 94: Acc=70.85, Loss=-344.1183, NLL=-1161.6787, KL=14.8578, AvgS=499.96, ProxLoss=0.0000
2026-03-19 01:32:28,567 - Server_DefaultID - INFO - Training client 87 (10/30)...
2026-03-19 01:32:38,054 - Server_DefaultID - INFO - Client 87: Acc=47.41, Loss=-346.0041, NLL=-1161.5985, KL=13.6319, AvgS=499.93, ProxLoss=0.0000
2026-03-19 01:32:38,055 - Server_DefaultID - INFO - Training client 70 (11/30)...
2026-03-19 01:32:46,694 - Server_DefaultID - INFO - Client 70: Acc=75.69, Loss=-342.9126, NLL=-1161.3307, KL=14.6016, AvgS=499.81, ProxLoss=0.0000
2026-03-19 01:32:46,694 - Server_DefaultID - INFO - Training client 0 (12/30)...
2026-03-19 01:32:49,033 - Server_DefaultID - INFO - Client 0: Acc=24.69, Loss=-305.3630, NLL=-1031.9889, KL=13.9408, AvgS=444.01, ProxLoss=0.0000
2026-03-19 01:32:49,033 - Server_DefaultID - INFO - Training client 43 (13/30)...
2026-03-19 01:33:02,926 - Server_DefaultID - INFO - Client 43: Acc=72.39, Loss=-343.7736, NLL=-1161.2873, KL=14.8901, AvgS=499.79, ProxLoss=0.0000
2026-03-19 01:33:02,926 - Server_DefaultID - INFO - Training client 14 (14/30)...
2026-03-19 01:33:16,223 - Server_DefaultID - INFO - Client 14: Acc=81.11, Loss=-342.9184, NLL=-1161.6791, KL=14.5137, AvgS=499.96, ProxLoss=0.0000
2026-03-19 01:33:16,223 - Server_DefaultID - INFO - Training client 74 (15/30)...
2026-03-19 01:33:21,965 - Server_DefaultID - INFO - Client 74: Acc=40.78, Loss=-211.5747, NLL=-722.0566, KL=12.8019, AvgS=310.04, ProxLoss=0.0000
2026-03-19 01:33:21,965 - Server_DefaultID - INFO - Training client 61 (16/30)...
2026-03-19 01:33:29,595 - Server_DefaultID - INFO - Client 61: Acc=48.19, Loss=-346.2151, NLL=-1161.4918, KL=12.8859, AvgS=499.88, ProxLoss=0.0000
2026-03-19 01:33:29,595 - Server_DefaultID - INFO - Training client 42 (17/30)...
2026-03-19 01:33:37,045 - Server_DefaultID - INFO - Client 42: Acc=72.45, Loss=-320.5014, NLL=-1089.9147, KL=14.4088, AvgS=468.95, ProxLoss=0.0000
2026-03-19 01:33:37,045 - Server_DefaultID - INFO - Training client 82 (18/30)...
2026-03-19 01:33:45,486 - Server_DefaultID - INFO - Client 82: Acc=86.50, Loss=-333.6648, NLL=-1134.8235, KL=14.6286, AvgS=488.36, ProxLoss=0.0000
2026-03-19 01:33:45,486 - Server_DefaultID - INFO - Training client 48 (19/30)...
2026-03-19 01:34:08,591 - Server_DefaultID - INFO - Client 48: Acc=86.69, Loss=-344.3705, NLL=-1161.7109, KL=14.8083, AvgS=499.97, ProxLoss=0.0000
2026-03-19 01:34:08,591 - Server_DefaultID - INFO - Training client 93 (20/30)...
2026-03-19 01:34:11,571 - Server_DefaultID - INFO - Client 93: Acc=28.28, Loss=-200.6809, NLL=-683.0330, KL=11.8729, AvgS=293.38, ProxLoss=0.0000
2026-03-19 01:34:11,572 - Server_DefaultID - INFO - Training client 31 (21/30)...
2026-03-19 01:34:25,695 - Server_DefaultID - INFO - Client 31: Acc=64.90, Loss=-343.8889, NLL=-1161.4339, KL=14.8786, AvgS=499.86, ProxLoss=0.0000
2026-03-19 01:34:25,695 - Server_DefaultID - INFO - Training client 19 (22/30)...
2026-03-19 01:34:43,436 - Server_DefaultID - INFO - Client 19: Acc=95.13, Loss=-342.9894, NLL=-1161.7603, KL=14.4601, AvgS=500.00, ProxLoss=0.0000
2026-03-19 01:34:43,436 - Server_DefaultID - INFO - Training client 33 (23/30)...
2026-03-19 01:34:53,510 - Server_DefaultID - INFO - Client 33: Acc=57.50, Loss=-345.7659, NLL=-1161.7565, KL=13.9567, AvgS=499.99, ProxLoss=0.0000
2026-03-19 01:34:53,510 - Server_DefaultID - INFO - Training client 79 (24/30)...
2026-03-19 01:35:01,058 - Server_DefaultID - INFO - Client 79: Acc=43.56, Loss=-158.7908, NLL=-551.2400, KL=11.1700, AvgS=236.45, ProxLoss=0.0000
2026-03-19 01:35:01,058 - Server_DefaultID - INFO - Training client 77 (25/30)...
2026-03-19 01:35:19,579 - Server_DefaultID - INFO - Client 77: Acc=90.83, Loss=-343.7909, NLL=-1161.5565, KL=14.8090, AvgS=499.91, ProxLoss=0.0000
2026-03-19 01:35:19,579 - Server_DefaultID - INFO - Training client 56 (26/30)...
2026-03-19 01:35:31,021 - Server_DefaultID - INFO - Client 56: Acc=39.69, Loss=-122.2651, NLL=-426.7603, KL=10.7909, AvgS=182.91, ProxLoss=0.0000
2026-03-19 01:35:31,021 - Server_DefaultID - INFO - Training client 75 (27/30)...
2026-03-19 01:35:42,234 - Server_DefaultID - INFO - Client 75: Acc=86.09, Loss=-343.2149, NLL=-1161.7380, KL=14.5725, AvgS=499.99, ProxLoss=0.0000
2026-03-19 01:35:42,234 - Server_DefaultID - INFO - Training client 15 (28/30)...
2026-03-19 01:35:45,362 - Server_DefaultID - INFO - Client 15: Acc=53.44, Loss=-344.4842, NLL=-1161.3075, KL=14.7471, AvgS=499.80, ProxLoss=0.0000
2026-03-19 01:35:45,362 - Server_DefaultID - INFO - Training client 69 (29/30)...
2026-03-19 01:35:48,432 - Server_DefaultID - INFO - Client 69: Acc=27.50, Loss=-119.2885, NLL=-408.4096, KL=10.1021, AvgS=175.02, ProxLoss=0.0000
2026-03-19 01:35:48,432 - Server_DefaultID - INFO - Training client 97 (30/30)...
2026-03-19 01:36:20,651 - Server_DefaultID - INFO - Client 97: Acc=99.56, Loss=-342.1621, NLL=-1161.7378, KL=13.8131, AvgS=499.99, ProxLoss=0.0000
2026-03-19 01:36:22,764 - Server_DefaultID - WARNING - Global prior extremely imbalanced (max/min=1.0), applied adaptive smoothing lam=0.10.
2026-03-19 01:36:22,766 - Server_DefaultID - INFO - Round [13/200] Summary | Avg Client Train Stats:	Loss [-317.9214]	 Acc [75.28]	NLL [-1075.7897]	 KL [13.9650]	AvgS [462.90]	 ProxLoss [0.0000]
GlobalPriorAlpha (first 10): [5.0, 5.0, 5.0, 5.0, 5.0, 5.0, 5.0, 5.0, 5.0, 5.0]
Round Time: 311.80s
2026-03-19 01:36:22,769 - Server_DefaultID - INFO - --- Global Round 14/200 ---
2026-03-19 01:36:22,769 - Server_DefaultID - INFO - Selected 30 active clients for round 14.
2026-03-19 01:36:22,769 - Server_DefaultID - INFO - Training client 98 (1/30)...
2026-03-19 01:36:27,689 - Server_DefaultID - INFO - Client 98: Acc=66.35, Loss=-326.3303, NLL=-1113.1522, KL=14.3295, AvgS=479.00, ProxLoss=0.0000
2026-03-19 01:36:27,691 - Server_DefaultID - INFO - Training client 32 (2/30)...
2026-03-19 01:36:37,643 - Server_DefaultID - INFO - Client 32: Acc=74.22, Loss=-344.5052, NLL=-1161.3804, KL=14.7017, AvgS=499.83, ProxLoss=0.0000
2026-03-19 01:36:37,643 - Server_DefaultID - INFO - Training client 36 (3/30)...
2026-03-19 01:37:08,942 - Server_DefaultID - INFO - Client 36: Acc=86.13, Loss=-343.0299, NLL=-1161.7026, KL=14.5469, AvgS=499.97, ProxLoss=0.0000
2026-03-19 01:37:08,944 - Server_DefaultID - INFO - Training client 31 (4/30)...
2026-03-19 01:37:20,087 - Server_DefaultID - INFO - Client 31: Acc=69.65, Loss=-343.9515, NLL=-1161.6135, KL=14.8807, AvgS=499.93, ProxLoss=0.0000
2026-03-19 01:37:20,087 - Server_DefaultID - INFO - Training client 66 (5/30)...
2026-03-19 01:37:31,249 - Server_DefaultID - INFO - Client 66: Acc=88.17, Loss=-343.7866, NLL=-1161.7127, KL=14.8183, AvgS=499.98, ProxLoss=0.0000
2026-03-19 01:37:31,250 - Server_DefaultID - INFO - Training client 4 (6/30)...
2026-03-19 01:37:38,746 - Server_DefaultID - INFO - Client 4: Acc=69.48, Loss=-345.8759, NLL=-1161.6877, KL=13.9371, AvgS=499.96, ProxLoss=0.0000
2026-03-19 01:37:38,746 - Server_DefaultID - INFO - Training client 7 (7/30)...
2026-03-19 01:37:47,203 - Server_DefaultID - INFO - Client 7: Acc=50.68, Loss=-344.3330, NLL=-1161.6969, KL=14.8167, AvgS=499.97, ProxLoss=0.0000
2026-03-19 01:37:47,204 - Server_DefaultID - INFO - Training client 17 (8/30)...
2026-03-19 01:37:50,137 - Server_DefaultID - INFO - Client 17: Acc=80.47, Loss=-345.1943, NLL=-1161.5951, KL=14.5651, AvgS=499.92, ProxLoss=0.0000
2026-03-19 01:37:50,137 - Server_DefaultID - INFO - Training client 0 (9/30)...
2026-03-19 01:37:51,845 - Server_DefaultID - INFO - Client 0: Acc=21.56, Loss=-342.0747, NLL=-1154.3975, KL=14.7233, AvgS=496.82, ProxLoss=0.0000
2026-03-19 01:37:51,845 - Server_DefaultID - INFO - Training client 80 (10/30)...
2026-03-19 01:37:53,852 - Server_DefaultID - INFO - Client 80: Acc=65.94, Loss=-54.2660, NLL=-188.7916, KL=7.7085, AvgS=81.39, ProxLoss=0.0000
2026-03-19 01:37:53,852 - Server_DefaultID - INFO - Training client 99 (11/30)...
2026-03-19 01:37:55,857 - Server_DefaultID - INFO - Client 99: Acc=45.00, Loss=-56.1237, NLL=-192.3154, KL=4.9079, AvgS=82.77, ProxLoss=0.0000
2026-03-19 01:37:55,857 - Server_DefaultID - INFO - Training client 73 (12/30)...
2026-03-19 01:38:11,159 - Server_DefaultID - INFO - Client 73: Acc=77.38, Loss=-343.3407, NLL=-1161.6600, KL=14.6686, AvgS=499.95, ProxLoss=0.0000
2026-03-19 01:38:11,159 - Server_DefaultID - INFO - Training client 60 (13/30)...
2026-03-19 01:38:16,856 - Server_DefaultID - INFO - Client 60: Acc=56.04, Loss=-265.6699, NLL=-907.1123, KL=13.3995, AvgS=390.00, ProxLoss=0.0000
2026-03-19 01:38:16,856 - Server_DefaultID - INFO - Training client 40 (14/30)...
2026-03-19 01:38:24,126 - Server_DefaultID - INFO - Client 40: Acc=56.51, Loss=-345.2963, NLL=-1161.2790, KL=14.0788, AvgS=499.79, ProxLoss=0.0000
2026-03-19 01:38:24,126 - Server_DefaultID - INFO - Training client 65 (15/30)...
2026-03-19 01:38:26,005 - Server_DefaultID - INFO - Client 65: Acc=62.50, Loss=-55.0463, NLL=-190.4692, KL=7.4877, AvgS=82.09, ProxLoss=0.0000
2026-03-19 01:38:26,005 - Server_DefaultID - INFO - Training client 39 (16/30)...
2026-03-19 01:38:45,783 - Server_DefaultID - INFO - Client 39: Acc=72.79, Loss=-344.0463, NLL=-1161.4880, KL=14.8287, AvgS=499.88, ProxLoss=0.0000
2026-03-19 01:38:45,783 - Server_DefaultID - INFO - Training client 72 (17/30)...
2026-03-19 01:38:53,001 - Server_DefaultID - INFO - Client 72: Acc=94.92, Loss=-343.4312, NLL=-1161.5744, KL=14.6554, AvgS=499.92, ProxLoss=0.0000
2026-03-19 01:38:53,001 - Server_DefaultID - INFO - Training client 57 (18/30)...
2026-03-19 01:39:14,325 - Server_DefaultID - INFO - Client 57: Acc=93.75, Loss=-343.9761, NLL=-1161.7668, KL=14.8105, AvgS=500.00, ProxLoss=0.0000
2026-03-19 01:39:14,325 - Server_DefaultID - INFO - Training client 81 (19/30)...
2026-03-19 01:39:24,035 - Server_DefaultID - INFO - Client 81: Acc=75.22, Loss=-344.1710, NLL=-1161.6306, KL=14.8619, AvgS=499.94, ProxLoss=0.0000
2026-03-19 01:39:24,035 - Server_DefaultID - INFO - Training client 6 (20/30)...
2026-03-19 01:39:27,939 - Server_DefaultID - INFO - Client 6: Acc=60.10, Loss=-343.2432, NLL=-1160.4575, KL=14.7613, AvgS=499.43, ProxLoss=0.0000
2026-03-19 01:39:27,939 - Server_DefaultID - INFO - Training client 16 (21/30)...
2026-03-19 01:39:29,980 - Server_DefaultID - INFO - Client 16: Acc=55.62, Loss=-343.6326, NLL=-1161.6072, KL=14.8551, AvgS=499.93, ProxLoss=0.0000
2026-03-19 01:39:29,980 - Server_DefaultID - INFO - Training client 51 (22/30)...
2026-03-19 01:39:32,929 - Server_DefaultID - INFO - Client 51: Acc=30.00, Loss=-121.5137, NLL=-414.6579, KL=8.8199, AvgS=177.70, ProxLoss=0.0000
2026-03-19 01:39:32,929 - Server_DefaultID - INFO - Training client 49 (23/30)...
2026-03-19 01:39:41,222 - Server_DefaultID - INFO - Client 49: Acc=72.77, Loss=-343.8458, NLL=-1161.5405, KL=14.8928, AvgS=499.90, ProxLoss=0.0000
2026-03-19 01:39:41,222 - Server_DefaultID - INFO - Training client 61 (24/30)...
2026-03-19 01:39:47,832 - Server_DefaultID - INFO - Client 61: Acc=52.75, Loss=-345.9190, NLL=-1161.3435, KL=13.2973, AvgS=499.82, ProxLoss=0.0000
2026-03-19 01:39:47,832 - Server_DefaultID - INFO - Training client 41 (25/30)...
2026-03-19 01:39:59,618 - Server_DefaultID - INFO - Client 41: Acc=60.39, Loss=-343.3927, NLL=-1161.7286, KL=14.6836, AvgS=499.98, ProxLoss=0.0000
2026-03-19 01:39:59,618 - Server_DefaultID - INFO - Training client 64 (26/30)...
2026-03-19 01:40:01,103 - Server_DefaultID - INFO - Client 64: Acc=63.75, Loss=-68.3785, NLL=-237.6135, KL=8.6410, AvgS=102.00, ProxLoss=0.0000
2026-03-19 01:40:01,104 - Server_DefaultID - INFO - Training client 35 (27/30)...
2026-03-19 01:40:04,929 - Server_DefaultID - INFO - Client 35: Acc=48.65, Loss=-259.2274, NLL=-880.7955, KL=13.0540, AvgS=378.60, ProxLoss=0.0000
2026-03-19 01:40:04,929 - Server_DefaultID - INFO - Training client 5 (28/30)...
2026-03-19 01:40:06,636 - Server_DefaultID - INFO - Client 5: Acc=60.31, Loss=-273.9566, NLL=-923.1899, KL=12.5739, AvgS=397.48, ProxLoss=0.0000
2026-03-19 01:40:06,636 - Server_DefaultID - INFO - Training client 43 (29/30)...
2026-03-19 01:40:21,460 - Server_DefaultID - INFO - Client 43: Acc=72.78, Loss=-343.8376, NLL=-1161.5606, KL=14.8923, AvgS=499.91, ProxLoss=0.0000
2026-03-19 01:40:21,461 - Server_DefaultID - INFO - Training client 77 (30/30)...
2026-03-19 01:40:40,615 - Server_DefaultID - INFO - Client 77: Acc=90.79, Loss=-343.9217, NLL=-1161.7110, KL=14.8386, AvgS=499.97, ProxLoss=0.0000
2026-03-19 01:40:43,184 - Server_DefaultID - WARNING - Global prior extremely imbalanced (max/min=1.0), applied adaptive smoothing lam=0.10.
2026-03-19 01:40:43,185 - Server_DefaultID - INFO - Round [14/200] Summary | Avg Client Train Stats:	Loss [-329.7128]	 Acc [73.96]	NLL [-1114.1647]	 KL [14.3163]	AvgS [479.49]	 ProxLoss [0.0000]
GlobalPriorAlpha (first 10): [5.0, 5.0, 5.0, 5.0, 5.0, 5.0, 5.0, 5.0, 5.0, 5.0]
Round Time: 260.41s
2026-03-19 01:40:43,188 - Server_DefaultID - INFO - --- Global Round 15/200 ---
2026-03-19 01:40:43,189 - Server_DefaultID - INFO - Selected 30 active clients for round 15.
2026-03-19 01:40:43,189 - Server_DefaultID - INFO - Training client 58 (1/30)...
2026-03-19 01:40:51,502 - Server_DefaultID - INFO - Client 58: Acc=77.19, Loss=-342.8432, NLL=-1161.6247, KL=14.5567, AvgS=499.94, ProxLoss=0.0000
2026-03-19 01:40:51,502 - Server_DefaultID - INFO - Training client 37 (2/30)...
2026-03-19 01:40:58,259 - Server_DefaultID - INFO - Client 37: Acc=44.69, Loss=-303.2294, NLL=-1027.7149, KL=13.9895, AvgS=442.06, ProxLoss=0.0000
2026-03-19 01:40:58,259 - Server_DefaultID - INFO - Training client 81 (3/30)...
2026-03-19 01:41:08,324 - Server_DefaultID - INFO - Client 81: Acc=75.62, Loss=-344.1695, NLL=-1161.7200, KL=14.8627, AvgS=499.98, ProxLoss=0.0000
2026-03-19 01:41:08,324 - Server_DefaultID - INFO - Training client 35 (4/30)...
2026-03-19 01:41:12,402 - Server_DefaultID - INFO - Client 35: Acc=57.92, Loss=-316.8496, NLL=-1072.4184, KL=13.9790, AvgS=461.39, ProxLoss=0.0000
2026-03-19 01:41:12,402 - Server_DefaultID - INFO - Training client 63 (5/30)...
2026-03-19 01:41:18,043 - Server_DefaultID - INFO - Client 63: Acc=57.88, Loss=-343.9551, NLL=-1160.8920, KL=14.7865, AvgS=499.62, ProxLoss=0.0000
2026-03-19 01:41:18,043 - Server_DefaultID - INFO - Training client 22 (6/30)...
2026-03-19 01:41:20,770 - Server_DefaultID - INFO - Client 22: Acc=53.75, Loss=-83.1192, NLL=-288.6348, KL=8.6998, AvgS=123.84, ProxLoss=0.0000
2026-03-19 01:41:20,771 - Server_DefaultID - INFO - Training client 93 (7/30)...
2026-03-19 01:41:23,808 - Server_DefaultID - INFO - Client 93: Acc=37.34, Loss=-241.7373, NLL=-820.0710, KL=12.7609, AvgS=352.46, ProxLoss=0.0000
2026-03-19 01:41:23,808 - Server_DefaultID - INFO - Training client 32 (8/30)...
2026-03-19 01:41:31,854 - Server_DefaultID - INFO - Client 32: Acc=75.78, Loss=-344.5779, NLL=-1161.4803, KL=14.7460, AvgS=499.88, ProxLoss=0.0000
2026-03-19 01:41:31,854 - Server_DefaultID - INFO - Training client 68 (9/30)...
2026-03-19 01:41:44,068 - Server_DefaultID - INFO - Client 68: Acc=73.30, Loss=-342.6347, NLL=-1161.4447, KL=14.5116, AvgS=499.86, ProxLoss=0.0000
2026-03-19 01:41:44,069 - Server_DefaultID - INFO - Training client 84 (10/30)...
2026-03-19 01:41:45,417 - Server_DefaultID - INFO - Client 84: Acc=61.89, Loss=-25.6257, NLL=-92.5128, KL=5.5447, AvgS=40.84, ProxLoss=0.0000
2026-03-19 01:41:45,417 - Server_DefaultID - INFO - Training client 74 (11/30)...
2026-03-19 01:41:50,487 - Server_DefaultID - INFO - Client 74: Acc=42.03, Loss=-307.5272, NLL=-1044.4459, KL=14.3773, AvgS=449.29, ProxLoss=0.0000
2026-03-19 01:41:50,492 - Server_DefaultID - INFO - Training client 91 (12/30)...
2026-03-19 01:41:54,988 - Server_DefaultID - INFO - Client 91: Acc=64.58, Loss=-271.9445, NLL=-932.2450, KL=13.5208, AvgS=400.84, ProxLoss=0.0000
2026-03-19 01:41:54,988 - Server_DefaultID - INFO - Training client 76 (13/30)...
2026-03-19 01:42:05,030 - Server_DefaultID - INFO - Client 76: Acc=58.63, Loss=-345.6645, NLL=-1161.5891, KL=13.8360, AvgS=499.92, ProxLoss=0.0000
2026-03-19 01:42:05,030 - Server_DefaultID - INFO - Training client 69 (14/30)...
2026-03-19 01:42:09,168 - Server_DefaultID - INFO - Client 69: Acc=28.75, Loss=-156.0444, NLL=-532.3547, KL=11.2052, AvgS=228.30, ProxLoss=0.0000
2026-03-19 01:42:09,169 - Server_DefaultID - INFO - Training client 13 (15/30)...
2026-03-19 01:42:11,122 - Server_DefaultID - INFO - Client 13: Acc=57.19, Loss=-343.8154, NLL=-1161.7699, KL=14.8950, AvgS=500.00, ProxLoss=0.0000
2026-03-19 01:42:11,122 - Server_DefaultID - INFO - Training client 90 (16/30)...
2026-03-19 01:42:22,696 - Client_90 - WARNING - Client 90: Too few classes (1) or samples (592) for alpha report, returning uniform.
2026-03-19 01:42:22,697 - Server_DefaultID - INFO - Client 90: Acc=100.00, Loss=-341.7178, NLL=-1161.6864, KL=13.5612, AvgS=499.96, ProxLoss=0.0000
2026-03-19 01:42:22,697 - Server_DefaultID - INFO - Training client 98 (17/30)...
2026-03-19 01:42:27,078 - Server_DefaultID - INFO - Client 98: Acc=71.15, Loss=-341.0889, NLL=-1158.1520, KL=14.4875, AvgS=498.44, ProxLoss=0.0000
2026-03-19 01:42:27,078 - Server_DefaultID - INFO - Training client 56 (18/30)...
2026-03-19 01:42:37,267 - Server_DefaultID - INFO - Client 56: Acc=43.16, Loss=-296.7489, NLL=-1015.4898, KL=14.3530, AvgS=436.77, ProxLoss=0.0000
2026-03-19 01:42:37,267 - Server_DefaultID - INFO - Training client 67 (19/30)...
2026-03-19 01:42:46,690 - Server_DefaultID - INFO - Client 67: Acc=60.05, Loss=-344.7833, NLL=-1161.5715, KL=14.6585, AvgS=499.91, ProxLoss=0.0000
2026-03-19 01:42:46,690 - Server_DefaultID - INFO - Training client 80 (20/30)...
2026-03-19 01:42:49,036 - Server_DefaultID - INFO - Client 80: Acc=59.38, Loss=-69.5681, NLL=-240.3427, KL=8.1917, AvgS=103.25, ProxLoss=0.0000
2026-03-19 01:42:49,037 - Server_DefaultID - INFO - Training client 5 (21/30)...
2026-03-19 01:42:51,021 - Server_DefaultID - INFO - Client 5: Acc=61.25, Loss=-340.6767, NLL=-1146.5031, KL=14.1434, AvgS=493.41, ProxLoss=0.0000
2026-03-19 01:42:51,021 - Server_DefaultID - INFO - Training client 8 (22/30)...
2026-03-19 01:42:54,002 - Server_DefaultID - INFO - Client 8: Acc=87.50, Loss=-344.0273, NLL=-1161.7306, KL=14.7360, AvgS=499.98, ProxLoss=0.0000
2026-03-19 01:42:54,002 - Server_DefaultID - INFO - Training client 52 (23/30)...
2026-03-19 01:42:57,777 - Server_DefaultID - INFO - Client 52: Acc=64.79, Loss=-329.7248, NLL=-1118.7867, KL=14.5778, AvgS=481.43, ProxLoss=0.0000
2026-03-19 01:42:57,778 - Server_DefaultID - INFO - Training client 0 (24/30)...
2026-03-19 01:42:59,648 - Server_DefaultID - INFO - Client 0: Acc=27.81, Loss=-344.0459, NLL=-1160.2114, KL=14.7705, AvgS=499.33, ProxLoss=0.0000
2026-03-19 01:42:59,648 - Server_DefaultID - INFO - Training client 20 (25/30)...
2026-03-19 01:43:07,677 - Server_DefaultID - INFO - Client 20: Acc=56.93, Loss=-346.3452, NLL=-1161.5869, KL=12.8476, AvgS=499.92, ProxLoss=0.0000
2026-03-19 01:43:07,678 - Server_DefaultID - INFO - Training client 49 (26/30)...
2026-03-19 01:43:17,063 - Server_DefaultID - INFO - Client 49: Acc=77.23, Loss=-343.7829, NLL=-1161.5902, KL=14.8929, AvgS=499.92, ProxLoss=0.0000
2026-03-19 01:43:17,063 - Server_DefaultID - INFO - Training client 27 (27/30)...
2026-03-19 01:43:21,368 - Server_DefaultID - INFO - Client 27: Acc=53.75, Loss=-273.4861, NLL=-927.2054, KL=13.4570, AvgS=398.67, ProxLoss=0.0000
2026-03-19 01:43:21,368 - Server_DefaultID - INFO - Training client 62 (28/30)...
2026-03-19 01:43:24,301 - Server_DefaultID - INFO - Client 62: Acc=48.59, Loss=-53.0287, NLL=-186.0955, KL=7.5706, AvgS=80.04, ProxLoss=0.0000
2026-03-19 01:43:24,301 - Server_DefaultID - INFO - Training client 28 (29/30)...
2026-03-19 01:43:25,890 - Server_DefaultID - INFO - Client 28: Acc=54.69, Loss=-38.9301, NLL=-138.2212, KL=6.4803, AvgS=60.11, ProxLoss=0.0000
2026-03-19 01:43:25,891 - Server_DefaultID - INFO - Training client 31 (30/30)...
2026-03-19 01:43:34,985 - Server_DefaultID - INFO - Client 31: Acc=72.05, Loss=-343.9352, NLL=-1161.7145, KL=14.8869, AvgS=499.98, ProxLoss=0.0000
2026-03-19 01:43:36,245 - Server_DefaultID - WARNING - Global prior extremely imbalanced (max/min=1.0), applied adaptive smoothing lam=0.10.
2026-03-19 01:43:36,246 - Server_DefaultID - INFO - Round [15/200] Summary | Avg Client Train Stats:	Loss [-309.8543]	 Acc [64.65]	NLL [-1048.9703]	 KL [13.7924]	AvgS [451.38]	 ProxLoss [0.0000]
GlobalPriorAlpha (first 10): [5.0, 5.0, 5.0, 5.0, 5.0, 5.0, 5.0, 5.0, 5.0, 5.0]
Round Time: 173.06s
2026-03-19 01:43:36,248 - Server_DefaultID - INFO - --- Global Round 16/200 ---
2026-03-19 01:43:36,248 - Server_DefaultID - INFO - Selected 30 active clients for round 16.
2026-03-19 01:43:36,248 - Server_DefaultID - INFO - Training client 91 (1/30)...
2026-03-19 01:43:40,148 - Server_DefaultID - INFO - Client 91: Acc=64.27, Loss=-331.6551, NLL=-1131.0307, KL=14.4077, AvgS=486.72, ProxLoss=0.0000
2026-03-19 01:43:40,148 - Server_DefaultID - INFO - Training client 29 (2/30)...
2026-03-19 01:43:45,962 - Server_DefaultID - INFO - Client 29: Acc=70.31, Loss=-291.7263, NLL=-994.1565, KL=14.1688, AvgS=427.57, ProxLoss=0.0000
2026-03-19 01:43:45,962 - Server_DefaultID - INFO - Training client 83 (3/30)...
2026-03-19 01:44:00,623 - Server_DefaultID - INFO - Client 83: Acc=99.69, Loss=-341.9322, NLL=-1161.7032, KL=13.7517, AvgS=499.97, ProxLoss=0.0000
2026-03-19 01:44:00,623 - Server_DefaultID - INFO - Training client 94 (4/30)...
2026-03-19 01:44:14,872 - Server_DefaultID - INFO - Client 94: Acc=71.34, Loss=-343.9953, NLL=-1161.6542, KL=14.8535, AvgS=499.95, ProxLoss=0.0000
2026-03-19 01:44:14,872 - Server_DefaultID - INFO - Training client 64 (5/30)...
2026-03-19 01:44:17,072 - Server_DefaultID - INFO - Client 64: Acc=69.69, Loss=-85.2261, NLL=-294.3731, KL=9.3396, AvgS=126.19, ProxLoss=0.0000
2026-03-19 01:44:17,072 - Server_DefaultID - INFO - Training client 17 (6/30)...
2026-03-19 01:44:20,129 - Server_DefaultID - INFO - Client 17: Acc=82.03, Loss=-345.2440, NLL=-1161.5845, KL=14.5099, AvgS=499.92, ProxLoss=0.0000
2026-03-19 01:44:20,129 - Server_DefaultID - INFO - Training client 10 (7/30)...
2026-03-19 01:44:26,501 - Server_DefaultID - INFO - Client 10: Acc=48.75, Loss=-345.5849, NLL=-1161.7384, KL=13.9272, AvgS=499.99, ProxLoss=0.0000
2026-03-19 01:44:26,501 - Server_DefaultID - INFO - Training client 37 (8/30)...
2026-03-19 01:44:32,418 - Server_DefaultID - INFO - Client 37: Acc=66.09, Loss=-341.7864, NLL=-1153.8469, KL=14.5058, AvgS=496.58, ProxLoss=0.0000
2026-03-19 01:44:32,418 - Server_DefaultID - INFO - Training client 27 (9/30)...
2026-03-19 01:44:36,796 - Server_DefaultID - INFO - Client 27: Acc=52.50, Loss=-329.2599, NLL=-1114.3271, KL=14.1521, AvgS=479.50, ProxLoss=0.0000
2026-03-19 01:44:36,796 - Server_DefaultID - INFO - Training client 52 (10/30)...
2026-03-19 01:44:40,709 - Server_DefaultID - INFO - Client 52: Acc=67.40, Loss=-342.5926, NLL=-1158.6817, KL=14.7724, AvgS=498.67, ProxLoss=0.0000
2026-03-19 01:44:40,710 - Server_DefaultID - INFO - Training client 82 (11/30)...
2026-03-19 01:44:48,387 - Server_DefaultID - INFO - Client 82: Acc=86.38, Loss=-343.3533, NLL=-1160.7977, KL=14.7307, AvgS=499.58, ProxLoss=0.0000
2026-03-19 01:44:48,387 - Server_DefaultID - INFO - Training client 48 (12/30)...
2026-03-19 01:45:15,024 - Server_DefaultID - INFO - Client 48: Acc=86.62, Loss=-344.3565, NLL=-1161.7076, KL=14.8256, AvgS=499.97, ProxLoss=0.0000
2026-03-19 01:45:15,024 - Server_DefaultID - INFO - Training client 49 (13/30)...
2026-03-19 01:45:25,023 - Server_DefaultID - INFO - Client 49: Acc=77.72, Loss=-343.8698, NLL=-1161.7066, KL=14.8942, AvgS=499.97, ProxLoss=0.0000
2026-03-19 01:45:25,023 - Server_DefaultID - INFO - Training client 31 (14/30)...
2026-03-19 01:45:37,119 - Server_DefaultID - INFO - Client 31: Acc=72.99, Loss=-343.8850, NLL=-1161.6084, KL=14.8807, AvgS=499.93, ProxLoss=0.0000
2026-03-19 01:45:37,119 - Server_DefaultID - INFO - Training client 41 (15/30)...
2026-03-19 01:45:49,474 - Server_DefaultID - INFO - Client 41: Acc=61.84, Loss=-343.2780, NLL=-1161.6164, KL=14.6921, AvgS=499.93, ProxLoss=0.0000
2026-03-19 01:45:49,474 - Server_DefaultID - INFO - Training client 54 (16/30)...
2026-03-19 01:45:52,686 - Server_DefaultID - INFO - Client 54: Acc=75.00, Loss=-51.4343, NLL=-182.6421, KL=7.7987, AvgS=78.82, ProxLoss=0.0000
2026-03-19 01:45:52,686 - Server_DefaultID - INFO - Training client 38 (17/30)...
2026-03-19 01:45:55,195 - Server_DefaultID - INFO - Client 38: Acc=40.94, Loss=-202.6192, NLL=-685.6012, KL=10.1778, AvgS=294.35, ProxLoss=0.0000
2026-03-19 01:45:55,195 - Server_DefaultID - INFO - Training client 26 (18/30)...
2026-03-19 01:46:19,468 - Server_DefaultID - INFO - Client 26: Acc=94.36, Loss=-343.2664, NLL=-1161.7359, KL=14.6261, AvgS=499.99, ProxLoss=0.0000
2026-03-19 01:46:19,468 - Server_DefaultID - INFO - Training client 77 (19/30)...
2026-03-19 01:46:38,943 - Server_DefaultID - INFO - Client 77: Acc=90.81, Loss=-343.8281, NLL=-1161.6848, KL=14.8433, AvgS=499.96, ProxLoss=0.0000
2026-03-19 01:46:38,943 - Server_DefaultID - INFO - Training client 0 (20/30)...
2026-03-19 01:46:40,845 - Server_DefaultID - INFO - Client 0: Acc=31.25, Loss=-344.3552, NLL=-1161.4119, KL=14.7794, AvgS=499.85, ProxLoss=0.0000
2026-03-19 01:46:40,846 - Server_DefaultID - INFO - Training client 87 (21/30)...
2026-03-19 01:46:49,753 - Server_DefaultID - INFO - Client 87: Acc=47.23, Loss=-345.8715, NLL=-1161.6279, KL=13.6206, AvgS=499.94, ProxLoss=0.0000
2026-03-19 01:46:49,753 - Server_DefaultID - INFO - Training client 72 (22/30)...
2026-03-19 01:46:57,233 - Server_DefaultID - INFO - Client 72: Acc=95.08, Loss=-343.3288, NLL=-1161.4825, KL=14.7020, AvgS=499.88, ProxLoss=0.0000
2026-03-19 01:46:57,234 - Server_DefaultID - INFO - Training client 43 (23/30)...
2026-03-19 01:47:11,863 - Server_DefaultID - INFO - Client 43: Acc=72.81, Loss=-343.8103, NLL=-1161.6773, KL=14.8939, AvgS=499.96, ProxLoss=0.0000
2026-03-19 01:47:11,863 - Server_DefaultID - INFO - Training client 75 (24/30)...
2026-03-19 01:47:23,573 - Server_DefaultID - INFO - Client 75: Acc=85.47, Loss=-343.0319, NLL=-1161.5932, KL=14.5959, AvgS=499.92, ProxLoss=0.0000
2026-03-19 01:47:23,573 - Server_DefaultID - INFO - Training client 80 (25/30)...
2026-03-19 01:47:26,560 - Server_DefaultID - INFO - Client 80: Acc=63.44, Loss=-85.6444, NLL=-295.0976, KL=9.0474, AvgS=126.58, ProxLoss=0.0000
2026-03-19 01:47:26,560 - Server_DefaultID - INFO - Training client 3 (26/30)...
2026-03-19 01:47:34,784 - Server_DefaultID - INFO - Client 3: Acc=59.43, Loss=-345.8559, NLL=-1161.6688, KL=13.6605, AvgS=499.96, ProxLoss=0.0000
2026-03-19 01:47:34,784 - Server_DefaultID - INFO - Training client 32 (27/30)...
2026-03-19 01:47:42,188 - Server_DefaultID - INFO - Client 32: Acc=76.41, Loss=-344.7561, NLL=-1161.6424, KL=14.6711, AvgS=499.95, ProxLoss=0.0000
2026-03-19 01:47:42,188 - Server_DefaultID - INFO - Training client 53 (28/30)...
2026-03-19 01:47:54,630 - Server_DefaultID - INFO - Client 53: Acc=96.00, Loss=-343.5033, NLL=-1161.6884, KL=14.6864, AvgS=499.96, ProxLoss=0.0000
2026-03-19 01:47:54,630 - Server_DefaultID - INFO - Training client 35 (29/30)...
2026-03-19 01:48:00,664 - Server_DefaultID - INFO - Client 35: Acc=55.73, Loss=-341.9478, NLL=-1153.3698, KL=14.2805, AvgS=496.37, ProxLoss=0.0000
2026-03-19 01:48:00,665 - Server_DefaultID - INFO - Training client 57 (30/30)...
2026-03-19 01:48:21,276 - Server_DefaultID - INFO - Client 57: Acc=93.71, Loss=-343.7297, NLL=-1161.7148, KL=14.7696, AvgS=499.98, ProxLoss=0.0000
2026-03-19 01:48:23,771 - Server_DefaultID - WARNING - Global prior extremely imbalanced (max/min=1.0), applied adaptive smoothing lam=0.10.
2026-03-19 01:48:23,773 - Server_DefaultID - INFO - Round [16/200] Summary | Avg Client Train Stats:	Loss [-333.9936]	 Acc [78.93]	NLL [-1128.8811]	 KL [14.3831]	AvgS [485.82]	 ProxLoss [0.0000]
GlobalPriorAlpha (first 10): [5.0, 5.0, 5.0, 5.0, 5.0, 5.0, 5.0, 5.0, 5.0, 5.0]
Round Time: 287.52s
2026-03-19 01:48:23,776 - Server_DefaultID - INFO - --- Global Round 17/200 ---
2026-03-19 01:48:23,776 - Server_DefaultID - INFO - Selected 30 active clients for round 17.
2026-03-19 01:48:23,776 - Server_DefaultID - INFO - Training client 88 (1/30)...
2026-03-19 01:48:32,616 - Server_DefaultID - INFO - Client 88: Acc=57.66, Loss=-344.5759, NLL=-1160.9754, KL=14.5027, AvgS=499.66, ProxLoss=0.0000
2026-03-19 01:48:32,616 - Server_DefaultID - INFO - Training client 99 (2/30)...
2026-03-19 01:48:34,551 - Server_DefaultID - INFO - Client 99: Acc=45.00, Loss=-70.8751, NLL=-241.3512, KL=4.8153, AvgS=103.61, ProxLoss=0.0000
2026-03-19 01:48:34,551 - Server_DefaultID - INFO - Training client 20 (3/30)...
2026-03-19 01:48:42,453 - Server_DefaultID - INFO - Client 20: Acc=59.95, Loss=-346.3093, NLL=-1161.6914, KL=12.8566, AvgS=499.97, ProxLoss=0.0000
2026-03-19 01:48:42,454 - Server_DefaultID - INFO - Training client 10 (4/30)...
2026-03-19 01:48:47,100 - Server_DefaultID - INFO - Client 10: Acc=52.50, Loss=-345.7221, NLL=-1161.6893, KL=13.8065, AvgS=499.97, ProxLoss=0.0000
2026-03-19 01:48:47,100 - Server_DefaultID - INFO - Training client 45 (5/30)...
2026-03-19 01:48:58,002 - Server_DefaultID - INFO - Client 45: Acc=60.23, Loss=-343.7282, NLL=-1161.4527, KL=14.8773, AvgS=499.86, ProxLoss=0.0000
2026-03-19 01:48:58,003 - Server_DefaultID - INFO - Training client 51 (6/30)...
2026-03-19 01:49:01,193 - Server_DefaultID - INFO - Client 51: Acc=28.91, Loss=-161.6790, NLL=-549.5878, KL=9.9239, AvgS=235.75, ProxLoss=0.0000
2026-03-19 01:49:01,193 - Server_DefaultID - INFO - Training client 14 (7/30)...
2026-03-19 01:49:12,488 - Server_DefaultID - INFO - Client 14: Acc=84.10, Loss=-342.7628, NLL=-1161.6729, KL=14.5137, AvgS=499.96, ProxLoss=0.0000
2026-03-19 01:49:12,488 - Server_DefaultID - INFO - Training client 2 (8/30)...
2026-03-19 01:49:24,811 - Server_DefaultID - INFO - Client 2: Acc=79.58, Loss=-344.1916, NLL=-1161.7503, KL=14.8444, AvgS=499.99, ProxLoss=0.0000
2026-03-19 01:49:24,811 - Server_DefaultID - INFO - Training client 52 (9/30)...
2026-03-19 01:49:27,735 - Server_DefaultID - INFO - Client 52: Acc=67.08, Loss=-343.7432, NLL=-1160.7931, KL=14.8112, AvgS=499.58, ProxLoss=0.0000
2026-03-19 01:49:27,735 - Server_DefaultID - INFO - Training client 0 (10/30)...
2026-03-19 01:49:29,151 - Server_DefaultID - INFO - Client 0: Acc=39.38, Loss=-344.3719, NLL=-1161.5446, KL=14.7809, AvgS=499.90, ProxLoss=0.0000
2026-03-19 01:49:29,151 - Server_DefaultID - INFO - Training client 63 (11/30)...
2026-03-19 01:49:35,812 - Server_DefaultID - INFO - Client 63: Acc=59.06, Loss=-344.0511, NLL=-1161.3150, KL=14.7722, AvgS=499.80, ProxLoss=0.0000
2026-03-19 01:49:35,812 - Server_DefaultID - INFO - Training client 37 (12/30)...
2026-03-19 01:49:40,648 - Server_DefaultID - INFO - Client 37: Acc=78.91, Loss=-344.6193, NLL=-1160.3687, KL=14.5519, AvgS=499.40, ProxLoss=0.0000
2026-03-19 01:49:40,648 - Server_DefaultID - INFO - Training client 38 (13/30)...
2026-03-19 01:49:43,062 - Server_DefaultID - INFO - Client 38: Acc=41.56, Loss=-249.7616, NLL=-843.5459, KL=11.3843, AvgS=362.52, ProxLoss=0.0000
2026-03-19 01:49:43,062 - Server_DefaultID - INFO - Training client 96 (14/30)...
2026-03-19 01:49:55,042 - Server_DefaultID - INFO - Client 96: Acc=62.64, Loss=-343.8083, NLL=-1161.1862, KL=14.7520, AvgS=499.75, ProxLoss=0.0000
2026-03-19 01:49:55,042 - Server_DefaultID - INFO - Training client 78 (15/30)...
2026-03-19 01:50:32,806 - Server_DefaultID - INFO - Client 78: Acc=89.12, Loss=-344.0364, NLL=-1161.7518, KL=14.7333, AvgS=499.99, ProxLoss=0.0000
2026-03-19 01:50:32,806 - Server_DefaultID - INFO - Training client 93 (16/30)...
2026-03-19 01:50:35,150 - Server_DefaultID - INFO - Client 93: Acc=36.41, Loss=-280.6078, NLL=-950.7752, KL=13.4541, AvgS=408.85, ProxLoss=0.0000
2026-03-19 01:50:35,150 - Server_DefaultID - INFO - Training client 57 (17/30)...
2026-03-19 01:50:57,062 - Server_DefaultID - INFO - Client 57: Acc=93.71, Loss=-343.7275, NLL=-1161.7597, KL=14.7625, AvgS=500.00, ProxLoss=0.0000
2026-03-19 01:50:57,063 - Server_DefaultID - INFO - Training client 27 (18/30)...
2026-03-19 01:51:00,762 - Server_DefaultID - INFO - Client 27: Acc=54.58, Loss=-342.9624, NLL=-1156.2896, KL=14.3041, AvgS=497.63, ProxLoss=0.0000
2026-03-19 01:51:00,762 - Server_DefaultID - INFO - Training client 74 (19/30)...
2026-03-19 01:51:05,648 - Server_DefaultID - INFO - Client 74: Acc=61.33, Loss=-341.9159, NLL=-1156.7491, KL=14.8224, AvgS=497.83, ProxLoss=0.0000
2026-03-19 01:51:05,649 - Server_DefaultID - INFO - Training client 69 (20/30)...
2026-03-19 01:51:08,816 - Server_DefaultID - INFO - Client 69: Acc=23.12, Loss=-195.5078, NLL=-664.7759, KL=12.0295, AvgS=285.36, ProxLoss=0.0000
2026-03-19 01:51:08,817 - Server_DefaultID - INFO - Training client 41 (21/30)...
2026-03-19 01:51:20,152 - Server_DefaultID - INFO - Client 41: Acc=61.64, Loss=-343.1411, NLL=-1161.5541, KL=14.6878, AvgS=499.91, ProxLoss=0.0000
2026-03-19 01:51:20,153 - Server_DefaultID - INFO - Training client 89 (22/30)...
2026-03-19 01:51:36,367 - Server_DefaultID - INFO - Client 89: Acc=98.55, Loss=-342.5623, NLL=-1161.6841, KL=14.2007, AvgS=499.96, ProxLoss=0.0000
2026-03-19 01:51:36,367 - Server_DefaultID - INFO - Training client 61 (23/30)...
2026-03-19 01:51:42,286 - Server_DefaultID - INFO - Client 61: Acc=57.19, Loss=-345.9029, NLL=-1161.7655, KL=13.4544, AvgS=500.00, ProxLoss=0.0000
2026-03-19 01:51:42,286 - Server_DefaultID - INFO - Training client 47 (24/30)...
2026-03-19 01:51:51,018 - Server_DefaultID - INFO - Client 47: Acc=51.93, Loss=-345.4624, NLL=-1161.6729, KL=14.1279, AvgS=499.96, ProxLoss=0.0000
2026-03-19 01:51:51,018 - Server_DefaultID - INFO - Training client 77 (25/30)...
2026-03-19 01:52:09,799 - Server_DefaultID - INFO - Client 77: Acc=90.77, Loss=-343.7466, NLL=-1161.6653, KL=14.8280, AvgS=499.95, ProxLoss=0.0000
2026-03-19 01:52:09,800 - Server_DefaultID - INFO - Training client 13 (26/30)...
2026-03-19 01:52:11,322 - Server_DefaultID - INFO - Client 13: Acc=55.00, Loss=-343.4619, NLL=-1161.6747, KL=14.8180, AvgS=499.96, ProxLoss=0.0000
2026-03-19 01:52:11,322 - Server_DefaultID - INFO - Training client 64 (27/30)...
2026-03-19 01:52:12,575 - Server_DefaultID - INFO - Client 64: Acc=66.88, Loss=-101.8777, NLL=-350.7157, KL=9.9480, AvgS=150.29, ProxLoss=0.0000
2026-03-19 01:52:12,575 - Server_DefaultID - INFO - Training client 66 (28/30)...
2026-03-19 01:52:21,564 - Server_DefaultID - INFO - Client 66: Acc=87.99, Loss=-343.7801, NLL=-1161.7073, KL=14.8508, AvgS=499.97, ProxLoss=0.0000
2026-03-19 01:52:21,564 - Server_DefaultID - INFO - Training client 9 (29/30)...
2026-03-19 01:52:30,349 - Server_DefaultID - INFO - Client 9: Acc=97.54, Loss=-342.8802, NLL=-1161.7531, KL=14.3672, AvgS=499.99, ProxLoss=0.0000
2026-03-19 01:52:30,350 - Server_DefaultID - INFO - Training client 28 (30/30)...
2026-03-19 01:52:32,168 - Server_DefaultID - INFO - Client 28: Acc=46.25, Loss=-53.1074, NLL=-186.5458, KL=7.3056, AvgS=80.55, ProxLoss=0.0000
2026-03-19 01:52:34,297 - Server_DefaultID - WARNING - Global prior extremely imbalanced (max/min=1.0), applied adaptive smoothing lam=0.10.
2026-03-19 01:52:34,297 - Server_DefaultID - INFO - Round [17/200] Summary | Avg Client Train Stats:	Loss [-331.7042]	 Acc [74.93]	NLL [-1120.5236]	 KL [14.2336]	AvgS [482.22]	 ProxLoss [0.0000]
GlobalPriorAlpha (first 10): [5.0, 5.0, 5.0, 5.0, 5.0, 5.0, 5.0, 5.0, 5.0, 5.0]
Round Time: 250.52s
2026-03-19 01:52:34,301 - Server_DefaultID - INFO - --- Global Round 18/200 ---
2026-03-19 01:52:34,303 - Server_DefaultID - INFO - Selected 30 active clients for round 18.
2026-03-19 01:52:34,303 - Server_DefaultID - INFO - Training client 65 (1/30)...
2026-03-19 01:52:35,615 - Server_DefaultID - INFO - Client 65: Acc=62.50, Loss=-70.0809, NLL=-241.6208, KL=8.1234, AvgS=103.78, ProxLoss=0.0000
2026-03-19 01:52:35,615 - Server_DefaultID - INFO - Training client 88 (2/30)...
2026-03-19 01:52:42,538 - Server_DefaultID - INFO - Client 88: Acc=57.76, Loss=-344.7378, NLL=-1161.4379, KL=14.4970, AvgS=499.86, ProxLoss=0.0000
2026-03-19 01:52:42,538 - Server_DefaultID - INFO - Training client 34 (3/30)...
2026-03-19 01:52:46,342 - Server_DefaultID - INFO - Client 34: Acc=68.54, Loss=-340.6683, NLL=-1151.6769, KL=14.5346, AvgS=495.64, ProxLoss=0.0000
2026-03-19 01:52:46,342 - Server_DefaultID - INFO - Training client 35 (4/30)...
2026-03-19 01:52:50,834 - Server_DefaultID - INFO - Client 35: Acc=52.71, Loss=-344.5928, NLL=-1160.5981, KL=14.3349, AvgS=499.49, ProxLoss=0.0000
2026-03-19 01:52:50,834 - Server_DefaultID - INFO - Training client 63 (5/30)...
2026-03-19 01:52:58,523 - Server_DefaultID - INFO - Client 63: Acc=59.25, Loss=-343.9488, NLL=-1161.3702, KL=14.7983, AvgS=499.83, ProxLoss=0.0000
2026-03-19 01:52:58,523 - Server_DefaultID - INFO - Training client 19 (6/30)...
2026-03-19 01:53:15,139 - Server_DefaultID - INFO - Client 19: Acc=95.36, Loss=-342.7764, NLL=-1161.7593, KL=14.4601, AvgS=500.00, ProxLoss=0.0000
2026-03-19 01:53:15,139 - Server_DefaultID - INFO - Training client 62 (7/30)...
2026-03-19 01:53:17,930 - Server_DefaultID - INFO - Client 62: Acc=54.69, Loss=-80.2599, NLL=-279.7151, KL=8.8132, AvgS=119.89, ProxLoss=0.0000
2026-03-19 01:53:17,930 - Server_DefaultID - INFO - Training client 14 (8/30)...
2026-03-19 01:53:29,293 - Server_DefaultID - INFO - Client 14: Acc=84.41, Loss=-342.7613, NLL=-1161.7587, KL=14.5145, AvgS=500.00, ProxLoss=0.0000
2026-03-19 01:53:29,293 - Server_DefaultID - INFO - Training client 16 (9/30)...
2026-03-19 01:53:33,171 - Server_DefaultID - INFO - Client 16: Acc=66.72, Loss=-343.5977, NLL=-1161.6705, KL=14.8557, AvgS=499.96, ProxLoss=0.0000
2026-03-19 01:53:33,171 - Server_DefaultID - INFO - Training client 13 (10/30)...
2026-03-19 01:53:34,967 - Server_DefaultID - INFO - Client 13: Acc=55.00, Loss=-343.2399, NLL=-1161.7699, KL=14.7428, AvgS=500.00, ProxLoss=0.0000
2026-03-19 01:53:34,967 - Server_DefaultID - INFO - Training client 43 (11/30)...
2026-03-19 01:53:48,863 - Server_DefaultID - INFO - Client 43: Acc=73.61, Loss=-343.7273, NLL=-1161.6365, KL=14.8933, AvgS=499.94, ProxLoss=0.0000
2026-03-19 01:53:48,863 - Server_DefaultID - INFO - Training client 6 (12/30)...
2026-03-19 01:53:53,174 - Server_DefaultID - INFO - Client 6: Acc=63.23, Loss=-344.0696, NLL=-1161.7601, KL=14.7850, AvgS=500.00, ProxLoss=0.0000
2026-03-19 01:53:53,174 - Server_DefaultID - INFO - Training client 78 (13/30)...
2026-03-19 01:54:34,330 - Server_DefaultID - INFO - Client 78: Acc=90.70, Loss=-344.0846, NLL=-1161.7473, KL=14.7451, AvgS=499.99, ProxLoss=0.0000
2026-03-19 01:54:34,330 - Server_DefaultID - INFO - Training client 91 (14/30)...
2026-03-19 01:54:39,862 - Server_DefaultID - INFO - Client 91: Acc=78.33, Loss=-341.1468, NLL=-1157.8534, KL=14.4852, AvgS=498.31, ProxLoss=0.0000
2026-03-19 01:54:39,862 - Server_DefaultID - INFO - Training client 92 (15/30)...
2026-03-19 01:54:45,486 - Server_DefaultID - INFO - Client 92: Acc=95.23, Loss=-343.1658, NLL=-1159.6759, KL=14.7617, AvgS=499.10, ProxLoss=0.0000
2026-03-19 01:54:45,486 - Server_DefaultID - INFO - Training client 85 (16/30)...
2026-03-19 01:55:00,717 - Server_DefaultID - INFO - Client 85: Acc=99.74, Loss=-341.6721, NLL=-1161.5527, KL=13.7189, AvgS=499.91, ProxLoss=0.0000
2026-03-19 01:55:00,717 - Server_DefaultID - INFO - Training client 77 (17/30)...
2026-03-19 01:55:22,810 - Server_DefaultID - INFO - Client 77: Acc=90.60, Loss=-343.8070, NLL=-1161.7666, KL=14.8443, AvgS=500.00, ProxLoss=0.0000
2026-03-19 01:55:22,810 - Server_DefaultID - INFO - Training client 47 (18/30)...
2026-03-19 01:55:30,265 - Server_DefaultID - INFO - Client 47: Acc=51.77, Loss=-345.4333, NLL=-1161.6056, KL=14.0657, AvgS=499.93, ProxLoss=0.0000
2026-03-19 01:55:30,265 - Server_DefaultID - INFO - Training client 67 (19/30)...
2026-03-19 01:55:37,324 - Server_DefaultID - INFO - Client 67: Acc=58.28, Loss=-344.3437, NLL=-1160.9459, KL=14.6389, AvgS=499.64, ProxLoss=0.0000
2026-03-19 01:55:37,325 - Server_DefaultID - INFO - Training client 61 (20/30)...
2026-03-19 01:55:45,138 - Server_DefaultID - INFO - Client 61: Acc=59.00, Loss=-345.9710, NLL=-1161.6217, KL=13.2843, AvgS=499.94, ProxLoss=0.0000
2026-03-19 01:55:45,138 - Server_DefaultID - INFO - Training client 40 (21/30)...
2026-03-19 01:55:53,020 - Server_DefaultID - INFO - Client 40: Acc=58.54, Loss=-345.3866, NLL=-1161.5150, KL=14.0027, AvgS=499.89, ProxLoss=0.0000
2026-03-19 01:55:53,020 - Server_DefaultID - INFO - Training client 81 (22/30)...
2026-03-19 01:56:01,727 - Server_DefaultID - INFO - Client 81: Acc=75.76, Loss=-343.7078, NLL=-1161.2592, KL=14.8437, AvgS=499.78, ProxLoss=0.0000
2026-03-19 01:56:01,727 - Server_DefaultID - INFO - Training client 8 (23/30)...
2026-03-19 01:56:04,580 - Server_DefaultID - INFO - Client 8: Acc=87.19, Loss=-343.8686, NLL=-1161.3233, KL=14.8186, AvgS=499.81, ProxLoss=0.0000
2026-03-19 01:56:04,580 - Server_DefaultID - INFO - Training client 76 (24/30)...
2026-03-19 01:56:12,945 - Server_DefaultID - INFO - Client 76: Acc=60.08, Loss=-345.5784, NLL=-1161.5961, KL=13.8604, AvgS=499.93, ProxLoss=0.0000
2026-03-19 01:56:12,945 - Server_DefaultID - INFO - Training client 80 (25/30)...
2026-03-19 01:56:14,098 - Server_DefaultID - INFO - Client 80: Acc=64.69, Loss=-102.6191, NLL=-351.8198, KL=9.6727, AvgS=150.84, ProxLoss=0.0000
2026-03-19 01:56:14,098 - Server_DefaultID - INFO - Training client 55 (26/30)...
2026-03-19 01:57:03,352 - Server_DefaultID - INFO - Client 55: Acc=84.66, Loss=-344.6256, NLL=-1161.6877, KL=14.8018, AvgS=499.96, ProxLoss=0.0000
2026-03-19 01:57:03,353 - Server_DefaultID - INFO - Training client 15 (27/30)...
2026-03-19 01:57:05,895 - Server_DefaultID - INFO - Client 15: Acc=65.16, Loss=-344.4909, NLL=-1161.6982, KL=14.7080, AvgS=499.97, ProxLoss=0.0000
2026-03-19 01:57:05,895 - Server_DefaultID - INFO - Training client 24 (28/30)...
2026-03-19 01:57:07,209 - Server_DefaultID - INFO - Client 24: Acc=53.44, Loss=-70.6682, NLL=-241.9509, KL=6.7009, AvgS=103.89, ProxLoss=0.0000
2026-03-19 01:57:07,209 - Server_DefaultID - INFO - Training client 95 (29/30)...
2026-03-19 01:57:19,401 - Server_DefaultID - INFO - Client 95: Acc=59.06, Loss=-342.8843, NLL=-1161.5696, KL=14.6479, AvgS=499.91, ProxLoss=0.0000
2026-03-19 01:57:19,401 - Server_DefaultID - INFO - Training client 33 (30/30)...
2026-03-19 01:57:28,952 - Server_DefaultID - INFO - Client 33: Acc=57.95, Loss=-345.6285, NLL=-1161.6874, KL=13.8661, AvgS=499.96, ProxLoss=0.0000
2026-03-19 01:57:30,325 - Server_DefaultID - WARNING - Global prior extremely imbalanced (max/min=1.0), applied adaptive smoothing lam=0.10.
2026-03-19 01:57:30,326 - Server_DefaultID - INFO - Round [18/200] Summary | Avg Client Train Stats:	Loss [-336.3456]	 Acc [76.99]	NLL [-1135.9733]	 KL [14.3406]	AvgS [488.89]	 ProxLoss [0.0000]
GlobalPriorAlpha (first 10): [5.0, 5.0, 5.0, 5.0, 5.0, 5.0, 5.0, 5.0, 5.0, 5.0]
Round Time: 296.02s
2026-03-19 01:57:30,331 - Server_DefaultID - INFO - --- Global Round 19/200 ---
2026-03-19 01:57:30,332 - Server_DefaultID - INFO - Selected 30 active clients for round 19.
2026-03-19 01:57:30,332 - Server_DefaultID - INFO - Training client 52 (1/30)...
2026-03-19 01:57:33,731 - Server_DefaultID - INFO - Client 52: Acc=66.04, Loss=-343.6313, NLL=-1161.0438, KL=14.7648, AvgS=499.69, ProxLoss=0.0000
2026-03-19 01:57:33,732 - Server_DefaultID - INFO - Training client 76 (2/30)...
2026-03-19 01:57:43,858 - Server_DefaultID - INFO - Client 76: Acc=56.52, Loss=-345.5383, NLL=-1161.5388, KL=13.7299, AvgS=499.90, ProxLoss=0.0000
2026-03-19 01:57:43,858 - Server_DefaultID - INFO - Training client 73 (3/30)...
2026-03-19 01:58:02,237 - Server_DefaultID - INFO - Client 73: Acc=81.47, Loss=-343.0857, NLL=-1161.4744, KL=14.6879, AvgS=499.87, ProxLoss=0.0000
2026-03-19 01:58:02,238 - Server_DefaultID - INFO - Training client 0 (4/30)...
2026-03-19 01:58:03,864 - Server_DefaultID - INFO - Client 0: Acc=43.75, Loss=-344.3343, NLL=-1161.7395, KL=14.7836, AvgS=499.99, ProxLoss=0.0000
2026-03-19 01:58:03,864 - Server_DefaultID - INFO - Training client 83 (5/30)...
2026-03-19 01:58:15,267 - Server_DefaultID - INFO - Client 83: Acc=99.69, Loss=-341.8020, NLL=-1161.6894, KL=13.7516, AvgS=499.97, ProxLoss=0.0000
2026-03-19 01:58:15,268 - Server_DefaultID - INFO - Training client 49 (6/30)...
2026-03-19 01:58:22,538 - Server_DefaultID - INFO - Client 49: Acc=77.28, Loss=-343.7007, NLL=-1161.6775, KL=14.8938, AvgS=499.96, ProxLoss=0.0000
2026-03-19 01:58:22,538 - Server_DefaultID - INFO - Training client 18 (7/30)...
2026-03-19 01:58:41,075 - Server_DefaultID - INFO - Client 18: Acc=84.94, Loss=-344.2621, NLL=-1161.7105, KL=14.8267, AvgS=499.97, ProxLoss=0.0000
2026-03-19 01:58:41,075 - Server_DefaultID - INFO - Training client 22 (8/30)...
2026-03-19 01:58:43,344 - Server_DefaultID - INFO - Client 22: Acc=50.00, Loss=-117.8384, NLL=-406.3938, KL=9.9936, AvgS=174.24, ProxLoss=0.0000
2026-03-19 01:58:43,344 - Server_DefaultID - INFO - Training client 28 (9/30)...
2026-03-19 01:58:44,063 - Server_DefaultID - INFO - Client 28: Acc=51.88, Loss=-67.6841, NLL=-235.3259, KL=8.1303, AvgS=101.29, ProxLoss=0.0000
2026-03-19 01:58:44,063 - Server_DefaultID - INFO - Training client 15 (10/30)...
2026-03-19 01:58:45,168 - Server_DefaultID - INFO - Client 15: Acc=66.09, Loss=-344.3372, NLL=-1161.4360, KL=14.7060, AvgS=499.86, ProxLoss=0.0000
2026-03-19 01:58:45,168 - Server_DefaultID - INFO - Training client 40 (11/30)...
2026-03-19 01:58:49,027 - Server_DefaultID - INFO - Client 40: Acc=58.54, Loss=-345.4940, NLL=-1161.6690, KL=13.9859, AvgS=499.96, ProxLoss=0.0000
2026-03-19 01:58:49,027 - Server_DefaultID - INFO - Training client 23 (12/30)...
2026-03-19 01:58:49,754 - Server_DefaultID - INFO - Client 23: Acc=68.47, Loss=-66.6950, NLL=-233.5047, KL=8.5215, AvgS=100.35, ProxLoss=0.0000
2026-03-19 01:58:49,755 - Server_DefaultID - INFO - Training client 61 (13/30)...
2026-03-19 01:58:53,241 - Server_DefaultID - INFO - Client 61: Acc=62.62, Loss=-346.0154, NLL=-1161.6421, KL=13.1885, AvgS=499.95, ProxLoss=0.0000
2026-03-19 01:58:53,241 - Server_DefaultID - INFO - Training client 97 (14/30)...
2026-03-19 01:59:10,784 - Server_DefaultID - INFO - Client 97: Acc=99.56, Loss=-341.9137, NLL=-1161.7528, KL=13.8056, AvgS=499.99, ProxLoss=0.0000
2026-03-19 01:59:10,784 - Server_DefaultID - INFO - Training client 19 (15/30)...
2026-03-19 01:59:20,370 - Server_DefaultID - INFO - Client 19: Acc=95.45, Loss=-342.7068, NLL=-1161.7195, KL=14.4598, AvgS=499.98, ProxLoss=0.0000
2026-03-19 01:59:20,370 - Server_DefaultID - INFO - Training client 64 (16/30)...
2026-03-19 01:59:21,024 - Server_DefaultID - INFO - Client 64: Acc=67.81, Loss=-120.6977, NLL=-414.1131, KL=10.5485, AvgS=177.49, ProxLoss=0.0000
2026-03-19 01:59:21,024 - Server_DefaultID - INFO - Training client 27 (17/30)...
2026-03-19 01:59:23,326 - Server_DefaultID - INFO - Client 27: Acc=51.98, Loss=-344.6345, NLL=-1161.0176, KL=14.4254, AvgS=499.68, ProxLoss=0.0000
2026-03-19 01:59:23,326 - Server_DefaultID - INFO - Training client 51 (18/30)...
2026-03-19 01:59:24,773 - Server_DefaultID - INFO - Client 51: Acc=26.72, Loss=-200.3144, NLL=-679.1812, KL=10.7313, AvgS=291.59, ProxLoss=0.0000
2026-03-19 01:59:24,773 - Server_DefaultID - INFO - Training client 24 (19/30)...
2026-03-19 01:59:25,552 - Server_DefaultID - INFO - Client 24: Acc=53.75, Loss=-86.7234, NLL=-296.2242, KL=7.7395, AvgS=127.02, ProxLoss=0.0000
2026-03-19 01:59:25,552 - Server_DefaultID - INFO - Training client 30 (20/30)...
2026-03-19 01:59:31,122 - Server_DefaultID - INFO - Client 30: Acc=70.70, Loss=-342.1678, NLL=-1160.7817, KL=14.5061, AvgS=499.57, ProxLoss=0.0000
2026-03-19 01:59:31,122 - Server_DefaultID - INFO - Training client 98 (21/30)...
2026-03-19 01:59:33,266 - Server_DefaultID - INFO - Client 98: Acc=74.06, Loss=-342.2760, NLL=-1161.1424, KL=14.5086, AvgS=499.73, ProxLoss=0.0000
2026-03-19 01:59:33,266 - Server_DefaultID - INFO - Training client 86 (22/30)...
2026-03-19 01:59:35,884 - Server_DefaultID - INFO - Client 86: Acc=71.62, Loss=-341.6794, NLL=-1156.2993, KL=14.7510, AvgS=497.64, ProxLoss=0.0000
2026-03-19 01:59:35,884 - Server_DefaultID - INFO - Training client 53 (23/30)...
2026-03-19 01:59:44,269 - Server_DefaultID - INFO - Client 53: Acc=95.94, Loss=-343.1972, NLL=-1161.6371, KL=14.5780, AvgS=499.94, ProxLoss=0.0000
2026-03-19 01:59:44,270 - Server_DefaultID - INFO - Training client 91 (24/30)...
2026-03-19 01:59:46,266 - Server_DefaultID - INFO - Client 91: Acc=79.58, Loss=-342.1653, NLL=-1160.4890, KL=14.5027, AvgS=499.45, ProxLoss=0.0000
2026-03-19 01:59:46,266 - Server_DefaultID - INFO - Training client 32 (25/30)...
2026-03-19 01:59:50,978 - Server_DefaultID - INFO - Client 32: Acc=75.99, Loss=-344.3291, NLL=-1161.4151, KL=14.6628, AvgS=499.85, ProxLoss=0.0000
2026-03-19 01:59:50,978 - Server_DefaultID - INFO - Training client 58 (26/30)...
2026-03-19 01:59:55,558 - Server_DefaultID - INFO - Client 58: Acc=76.52, Loss=-342.6833, NLL=-1161.6075, KL=14.5673, AvgS=499.93, ProxLoss=0.0000
2026-03-19 01:59:55,558 - Server_DefaultID - INFO - Training client 9 (27/30)...
2026-03-19 02:00:00,453 - Server_DefaultID - INFO - Client 9: Acc=97.50, Loss=-342.8123, NLL=-1161.7199, KL=14.4268, AvgS=499.98, ProxLoss=0.0000
2026-03-19 02:00:00,453 - Server_DefaultID - INFO - Training client 41 (28/30)...
2026-03-19 02:00:07,511 - Server_DefaultID - INFO - Client 41: Acc=66.56, Loss=-343.2309, NLL=-1161.6995, KL=14.7268, AvgS=499.97, ProxLoss=0.0000
2026-03-19 02:00:07,511 - Server_DefaultID - INFO - Training client 72 (29/30)...
2026-03-19 02:00:11,546 - Server_DefaultID - INFO - Client 72: Acc=95.00, Loss=-343.1218, NLL=-1161.6983, KL=14.6183, AvgS=499.97, ProxLoss=0.0000
2026-03-19 02:00:11,546 - Server_DefaultID - INFO - Training client 59 (30/30)...
2026-03-19 02:00:21,315 - Server_DefaultID - INFO - Client 59: Acc=70.87, Loss=-343.9796, NLL=-1161.6793, KL=14.8472, AvgS=499.96, ProxLoss=0.0000
2026-03-19 02:00:23,014 - Server_DefaultID - WARNING - Global prior extremely imbalanced (max/min=1.0), applied adaptive smoothing lam=0.10.
2026-03-19 02:00:23,015 - Server_DefaultID - INFO - Round [19/200] Summary | Avg Client Train Stats:	Loss [-331.4735]	 Acc [80.06]	NLL [-1121.8598]	 KL [14.1278]	AvgS [482.80]	 ProxLoss [0.0000]
GlobalPriorAlpha (first 10): [5.0, 5.0, 5.0, 5.0, 5.0, 5.0, 5.0, 5.0, 5.0, 5.0]
Round Time: 172.68s
2026-03-19 02:00:23,018 - Server_DefaultID - INFO - --- Global Round 20/200 ---
2026-03-19 02:00:23,018 - Server_DefaultID - INFO - Selected 30 active clients for round 20.
2026-03-19 02:00:23,018 - Server_DefaultID - INFO - Training client 13 (1/30)...
2026-03-19 02:00:24,341 - Server_DefaultID - INFO - Client 13: Acc=60.62, Loss=-342.9377, NLL=-1160.6861, KL=14.8071, AvgS=499.53, ProxLoss=0.0000
2026-03-19 02:00:24,341 - Server_DefaultID - INFO - Training client 91 (2/30)...
2026-03-19 02:00:27,324 - Server_DefaultID - INFO - Client 91: Acc=78.44, Loss=-342.5267, NLL=-1161.6417, KL=14.5133, AvgS=499.94, ProxLoss=0.0000
2026-03-19 02:00:27,324 - Server_DefaultID - INFO - Training client 53 (3/30)...
2026-03-19 02:00:37,427 - Server_DefaultID - INFO - Client 53: Acc=95.88, Loss=-343.2353, NLL=-1161.5649, KL=14.6399, AvgS=499.91, ProxLoss=0.0000
2026-03-19 02:00:37,427 - Server_DefaultID - INFO - Training client 26 (4/30)...
2026-03-19 02:01:11,377 - Server_DefaultID - INFO - Client 26: Acc=94.60, Loss=-343.1549, NLL=-1161.7413, KL=14.6239, AvgS=499.99, ProxLoss=0.0000
2026-03-19 02:01:11,377 - Server_DefaultID - INFO - Training client 28 (5/30)...
2026-03-19 02:01:14,101 - Server_DefaultID - INFO - Client 28: Acc=50.31, Loss=-84.2444, NLL=-292.0759, KL=8.7048, AvgS=125.51, ProxLoss=0.0000
2026-03-19 02:01:14,102 - Server_DefaultID - INFO - Training client 7 (6/30)...
2026-03-19 02:01:27,868 - Server_DefaultID - INFO - Client 7: Acc=53.59, Loss=-344.0633, NLL=-1161.6802, KL=14.7734, AvgS=499.96, ProxLoss=0.0000
2026-03-19 02:01:27,868 - Server_DefaultID - INFO - Training client 49 (7/30)...
2026-03-19 02:01:40,691 - Server_DefaultID - INFO - Client 49: Acc=77.72, Loss=-343.6582, NLL=-1161.6618, KL=14.8936, AvgS=499.95, ProxLoss=0.0000
2026-03-19 02:01:40,691 - Server_DefaultID - INFO - Training client 58 (8/30)...
2026-03-19 02:01:49,339 - Server_DefaultID - INFO - Client 58: Acc=78.17, Loss=-342.7190, NLL=-1161.7139, KL=14.5683, AvgS=499.98, ProxLoss=0.0000
2026-03-19 02:01:49,339 - Server_DefaultID - INFO - Training client 86 (9/30)...
2026-03-19 02:01:56,503 - Server_DefaultID - INFO - Client 86: Acc=70.25, Loss=-343.7190, NLL=-1161.1363, KL=14.7163, AvgS=499.73, ProxLoss=0.0000
2026-03-19 02:01:56,504 - Server_DefaultID - INFO - Training client 46 (10/30)...
2026-03-19 02:02:05,992 - Server_DefaultID - INFO - Client 46: Acc=86.88, Loss=-343.7011, NLL=-1161.1422, KL=14.8541, AvgS=499.73, ProxLoss=0.0000
2026-03-19 02:02:05,993 - Server_DefaultID - INFO - Training client 80 (11/30)...
2026-03-19 02:02:07,274 - Server_DefaultID - INFO - Client 80: Acc=64.69, Loss=-121.2340, NLL=-414.3703, KL=10.1614, AvgS=177.67, ProxLoss=0.0000
2026-03-19 02:02:07,275 - Server_DefaultID - INFO - Training client 69 (12/30)...
2026-03-19 02:02:09,474 - Server_DefaultID - INFO - Client 69: Acc=26.56, Loss=-242.8055, NLL=-824.7118, KL=12.9997, AvgS=354.38, ProxLoss=0.0000
2026-03-19 02:02:09,475 - Server_DefaultID - INFO - Training client 67 (13/30)...
2026-03-19 02:02:15,545 - Server_DefaultID - INFO - Client 67: Acc=62.34, Loss=-344.6461, NLL=-1161.6327, KL=14.6411, AvgS=499.94, ProxLoss=0.0000
2026-03-19 02:02:15,545 - Server_DefaultID - INFO - Training client 20 (14/30)...
2026-03-19 02:02:22,117 - Server_DefaultID - INFO - Client 20: Acc=58.70, Loss=-346.2688, NLL=-1161.6866, KL=12.7526, AvgS=499.96, ProxLoss=0.0000
2026-03-19 02:02:22,117 - Server_DefaultID - INFO - Training client 8 (15/30)...
2026-03-19 02:02:24,674 - Server_DefaultID - INFO - Client 8: Acc=86.72, Loss=-343.9831, NLL=-1161.6212, KL=14.8106, AvgS=499.94, ProxLoss=0.0000
2026-03-19 02:02:24,674 - Server_DefaultID - INFO - Training client 59 (16/30)...
2026-03-19 02:02:33,819 - Server_DefaultID - INFO - Client 59: Acc=71.94, Loss=-343.9722, NLL=-1161.7303, KL=14.8575, AvgS=499.98, ProxLoss=0.0000
2026-03-19 02:02:33,819 - Server_DefaultID - INFO - Training client 79 (17/30)...
2026-03-19 02:02:40,552 - Server_DefaultID - INFO - Client 79: Acc=55.38, Loss=-273.0219, NLL=-937.1968, KL=13.5003, AvgS=402.96, ProxLoss=0.0000
2026-03-19 02:02:40,552 - Server_DefaultID - INFO - Training client 68 (18/30)...
2026-03-19 02:02:50,502 - Server_DefaultID - INFO - Client 68: Acc=73.72, Loss=-342.5624, NLL=-1161.7362, KL=14.5143, AvgS=499.99, ProxLoss=0.0000
2026-03-19 02:02:50,502 - Server_DefaultID - INFO - Training client 78 (19/30)...
2026-03-19 02:03:23,848 - Server_DefaultID - INFO - Client 78: Acc=91.98, Loss=-343.9761, NLL=-1161.7520, KL=14.7431, AvgS=499.99, ProxLoss=0.0000
2026-03-19 02:03:23,848 - Server_DefaultID - INFO - Training client 47 (20/30)...
2026-03-19 02:03:31,537 - Server_DefaultID - INFO - Client 47: Acc=52.76, Loss=-345.3225, NLL=-1161.7140, KL=14.1026, AvgS=499.98, ProxLoss=0.0000
2026-03-19 02:03:31,537 - Server_DefaultID - INFO - Training client 9 (21/30)...
2026-03-19 02:03:38,616 - Server_DefaultID - INFO - Client 9: Acc=97.41, Loss=-342.8269, NLL=-1161.7544, KL=14.4380, AvgS=499.99, ProxLoss=0.0000
2026-03-19 02:03:38,616 - Server_DefaultID - INFO - Training client 40 (22/30)...
2026-03-19 02:03:45,846 - Server_DefaultID - INFO - Client 40: Acc=60.47, Loss=-345.4105, NLL=-1161.5894, KL=14.0035, AvgS=499.92, ProxLoss=0.0000
2026-03-19 02:03:45,846 - Server_DefaultID - INFO - Training client 21 (23/30)...
2026-03-19 02:03:52,849 - Server_DefaultID - INFO - Client 21: Acc=51.02, Loss=-345.3731, NLL=-1161.5168, KL=13.9901, AvgS=499.89, ProxLoss=0.0000
2026-03-19 02:03:52,849 - Server_DefaultID - INFO - Training client 16 (24/30)...
2026-03-19 02:03:54,641 - Server_DefaultID - INFO - Client 16: Acc=68.44, Loss=-343.3212, NLL=-1161.5096, KL=14.8158, AvgS=499.89, ProxLoss=0.0000
2026-03-19 02:03:54,641 - Server_DefaultID - INFO - Training client 32 (25/30)...
2026-03-19 02:04:00,212 - Server_DefaultID - INFO - Client 32: Acc=76.61, Loss=-344.4290, NLL=-1161.7017, KL=14.6793, AvgS=499.97, ProxLoss=0.0000
2026-03-19 02:04:00,212 - Server_DefaultID - INFO - Training client 99 (26/30)...
2026-03-19 02:04:01,577 - Server_DefaultID - INFO - Client 99: Acc=48.12, Loss=-88.5333, NLL=-301.0202, KL=6.0220, AvgS=129.03, ProxLoss=0.0000
2026-03-19 02:04:01,577 - Server_DefaultID - INFO - Training client 30 (27/30)...
2026-03-19 02:04:12,540 - Server_DefaultID - INFO - Client 30: Acc=75.08, Loss=-342.4739, NLL=-1161.6209, KL=14.5132, AvgS=499.94, ProxLoss=0.0000
2026-03-19 02:04:12,540 - Server_DefaultID - INFO - Training client 57 (28/30)...
2026-03-19 02:04:46,930 - Server_DefaultID - INFO - Client 57: Acc=93.57, Loss=-343.6474, NLL=-1161.7627, KL=14.7631, AvgS=500.00, ProxLoss=0.0000
2026-03-19 02:04:46,930 - Server_DefaultID - INFO - Training client 50 (29/30)...
2026-03-19 02:05:20,286 - Server_DefaultID - INFO - Client 50: Acc=97.55, Loss=-342.6986, NLL=-1161.7094, KL=14.3674, AvgS=499.97, ProxLoss=0.0000
2026-03-19 02:05:20,286 - Server_DefaultID - INFO - Training client 34 (30/30)...
2026-03-19 02:05:23,366 - Server_DefaultID - INFO - Client 34: Acc=69.90, Loss=-343.4616, NLL=-1159.2119, KL=14.5801, AvgS=498.90, ProxLoss=0.0000
2026-03-19 02:05:26,006 - Server_DefaultID - WARNING - Global prior extremely imbalanced (max/min=1.0), applied adaptive smoothing lam=0.10.
2026-03-19 02:05:26,007 - Server_DefaultID - INFO - Round [20/200] Summary | Avg Client Train Stats:	Loss [-335.5566]	 Acc [79.23]	NLL [-1134.6130]	 KL [14.3665]	AvgS [488.29]	 ProxLoss [0.0000]
GlobalPriorAlpha (first 10): [5.0, 5.0, 5.0, 5.0, 5.0, 5.0, 5.0, 5.0, 5.0, 5.0]
Round Time: 302.99s
2026-03-19 02:05:26,007 - Server_DefaultID - INFO - --- Evaluating models at round 20 ---
2026-03-19 02:06:37,910 - Server_DefaultID - INFO - Global Model Evaluation (Round 20): 
  Avg Test Acc: 65.74%
  Avg Test Acc Softmax: 65.74%
  Avg Test Loss: -1011.4839
  Avg Test NLL: -1023.3526
  Avg Test KL (vs flat prior): 13.0148
  Avg Test S: 440.34
2026-03-19 02:07:52,483 - Server_DefaultID - INFO - Personalized Model Evaluation (Round 20): 
  Avg Test Acc: 67.16%
  Avg Test Acc Softmax: 67.16%
  Avg Test Loss: -1016.1544
  Avg Test NLL: -1028.0437
  Avg Test KL (vs flat prior): 13.0457
  Avg Test S: 442.36
2026-03-19 02:07:52,483 - Server_DefaultID - INFO - [Metric 1] Personalized Brier Score | Mean: 0.4799
2026-03-19 02:07:52,483 - Server_DefaultID - INFO - [Metric 1] Personalized ECE | Mean: 0.1536
2026-03-19 02:07:52,483 - Server_DefaultID - INFO - [OOD Eval] OOD AUC-ROC (Epistemic): 0.1183
2026-03-19 02:07:52,483 - Server_DefaultID - INFO - [Metric 4] OOD FPR@95%TPR: 0.9732
2026-03-19 02:07:55,423 - Server_DefaultID - INFO - --- Global Round 21/200 ---
2026-03-19 02:07:55,423 - Server_DefaultID - INFO - Selected 30 active clients for round 21.
2026-03-19 02:07:55,423 - Server_DefaultID - INFO - Training client 23 (1/30)...
2026-03-19 02:07:56,454 - Server_DefaultID - INFO - Client 23: Acc=73.56, Loss=-83.4940, NLL=-290.5438, KL=9.2435, AvgS=124.66, ProxLoss=0.0000
2026-03-19 02:07:56,454 - Server_DefaultID - INFO - Training client 31 (2/30)...
2026-03-19 02:08:02,393 - Server_DefaultID - INFO - Client 31: Acc=72.92, Loss=-343.6465, NLL=-1161.5712, KL=14.8802, AvgS=499.91, ProxLoss=0.0000
2026-03-19 02:08:02,393 - Server_DefaultID - INFO - Training client 54 (3/30)...
2026-03-19 02:08:04,002 - Server_DefaultID - INFO - Client 54: Acc=63.28, Loss=-81.7826, NLL=-286.6763, KL=9.1614, AvgS=123.01, ProxLoss=0.0000
2026-03-19 02:08:04,002 - Server_DefaultID - INFO - Training client 49 (4/30)...
2026-03-19 02:08:08,415 - Server_DefaultID - INFO - Client 49: Acc=77.95, Loss=-343.6214, NLL=-1161.6313, KL=14.8934, AvgS=499.94, ProxLoss=0.0000
2026-03-19 02:08:08,415 - Server_DefaultID - INFO - Training client 7 (5/30)...
2026-03-19 02:08:13,869 - Server_DefaultID - INFO - Client 7: Acc=50.10, Loss=-343.4680, NLL=-1160.2785, KL=14.8177, AvgS=499.36, ProxLoss=0.0000
2026-03-19 02:08:13,869 - Server_DefaultID - INFO - Training client 4 (6/30)...
2026-03-19 02:08:18,919 - Server_DefaultID - INFO - Client 4: Acc=66.82, Loss=-345.4201, NLL=-1161.5209, KL=13.9667, AvgS=499.89, ProxLoss=0.0000
2026-03-19 02:08:18,919 - Server_DefaultID - INFO - Training client 14 (7/30)...
2026-03-19 02:08:26,107 - Server_DefaultID - INFO - Client 14: Acc=69.31, Loss=-342.3636, NLL=-1161.3103, KL=14.5109, AvgS=499.80, ProxLoss=0.0000
2026-03-19 02:08:26,107 - Server_DefaultID - INFO - Training client 63 (8/30)...
2026-03-19 02:08:30,025 - Server_DefaultID - INFO - Client 63: Acc=63.00, Loss=-343.9167, NLL=-1161.4326, KL=14.7798, AvgS=499.85, ProxLoss=0.0000
2026-03-19 02:08:30,025 - Server_DefaultID - INFO - Training client 77 (9/30)...
2026-03-19 02:08:43,542 - Server_DefaultID - INFO - Client 77: Acc=90.79, Loss=-343.6651, NLL=-1161.7485, KL=14.8441, AvgS=499.99, ProxLoss=0.0000
2026-03-19 02:08:43,542 - Server_DefaultID - INFO - Training client 27 (10/30)...
2026-03-19 02:08:48,823 - Server_DefaultID - INFO - Client 27: Acc=56.46, Loss=-344.5860, NLL=-1160.9802, KL=14.3910, AvgS=499.66, ProxLoss=0.0000
2026-03-19 02:08:48,823 - Server_DefaultID - INFO - Training client 17 (11/30)...
2026-03-19 02:08:51,632 - Server_DefaultID - INFO - Client 17: Acc=78.59, Loss=-330.4539, NLL=-1116.2398, KL=14.3025, AvgS=480.34, ProxLoss=0.0000
2026-03-19 02:08:51,633 - Server_DefaultID - INFO - Training client 84 (12/30)...
2026-03-19 02:08:53,876 - Server_DefaultID - INFO - Client 84: Acc=41.89, Loss=-38.9457, NLL=-138.9561, KL=6.4669, AvgS=60.15, ProxLoss=0.0000
2026-03-19 02:08:53,876 - Server_DefaultID - INFO - Training client 44 (13/30)...
2026-03-19 02:09:06,629 - Server_DefaultID - INFO - Client 44: Acc=79.06, Loss=-343.5104, NLL=-1161.6337, KL=14.8597, AvgS=499.94, ProxLoss=0.0000
2026-03-19 02:09:06,630 - Server_DefaultID - INFO - Training client 15 (14/30)...
2026-03-19 02:09:10,095 - Server_DefaultID - INFO - Client 15: Acc=55.47, Loss=-339.0563, NLL=-1146.5675, KL=14.6783, AvgS=493.44, ProxLoss=0.0000
2026-03-19 02:09:10,095 - Server_DefaultID - INFO - Training client 50 (15/30)...
2026-03-19 02:09:36,849 - Server_DefaultID - INFO - Client 50: Acc=97.50, Loss=-342.7083, NLL=-1161.6463, KL=14.4029, AvgS=499.95, ProxLoss=0.0000
2026-03-19 02:09:36,850 - Server_DefaultID - INFO - Training client 51 (16/30)...
2026-03-19 02:09:40,761 - Server_DefaultID - INFO - Client 51: Acc=26.72, Loss=-250.4381, NLL=-846.0326, KL=11.4648, AvgS=363.60, ProxLoss=0.0000
2026-03-19 02:09:40,761 - Server_DefaultID - INFO - Training client 75 (17/30)...
2026-03-19 02:09:53,715 - Server_DefaultID - INFO - Client 75: Acc=86.72, Loss=-342.8595, NLL=-1161.6323, KL=14.6083, AvgS=499.94, ProxLoss=0.0000
2026-03-19 02:09:53,715 - Server_DefaultID - INFO - Training client 68 (18/30)...
2026-03-19 02:10:06,956 - Server_DefaultID - INFO - Client 68: Acc=75.21, Loss=-342.4146, NLL=-1161.5377, KL=14.5124, AvgS=499.90, ProxLoss=0.0000
2026-03-19 02:10:06,956 - Server_DefaultID - INFO - Training client 29 (19/30)...
2026-03-19 02:10:12,647 - Server_DefaultID - INFO - Client 29: Acc=81.09, Loss=-338.7654, NLL=-1148.7825, KL=14.7980, AvgS=494.39, ProxLoss=0.0000
2026-03-19 02:10:12,647 - Server_DefaultID - INFO - Training client 34 (20/30)...
2026-03-19 02:10:15,922 - Server_DefaultID - INFO - Client 34: Acc=68.85, Loss=-343.9385, NLL=-1160.6222, KL=14.6147, AvgS=499.51, ProxLoss=0.0000
2026-03-19 02:10:15,922 - Server_DefaultID - INFO - Training client 10 (21/30)...
2026-03-19 02:10:22,560 - Server_DefaultID - INFO - Client 10: Acc=35.62, Loss=-344.2376, NLL=-1159.8936, KL=13.8107, AvgS=499.19, ProxLoss=0.0000
2026-03-19 02:10:22,560 - Server_DefaultID - INFO - Training client 25 (22/30)...
2026-03-19 02:10:26,722 - Server_DefaultID - INFO - Client 25: Acc=26.09, Loss=-198.8568, NLL=-681.8191, KL=11.9751, AvgS=292.71, ProxLoss=0.0000
2026-03-19 02:10:26,722 - Server_DefaultID - INFO - Training client 33 (23/30)...
2026-03-19 02:10:37,342 - Server_DefaultID - INFO - Client 33: Acc=57.72, Loss=-345.3884, NLL=-1161.6492, KL=13.9958, AvgS=499.95, ProxLoss=0.0000
2026-03-19 02:10:37,342 - Server_DefaultID - INFO - Training client 18 (24/30)...
2026-03-19 02:10:59,537 - Server_DefaultID - INFO - Client 18: Acc=83.98, Loss=-344.0969, NLL=-1161.6810, KL=14.7783, AvgS=499.96, ProxLoss=0.0000
2026-03-19 02:10:59,537 - Server_DefaultID - INFO - Training client 96 (25/30)...
2026-03-19 02:11:12,643 - Server_DefaultID - INFO - Client 96: Acc=63.40, Loss=-343.7043, NLL=-1161.3980, KL=14.7858, AvgS=499.84, ProxLoss=0.0000
2026-03-19 02:11:12,643 - Server_DefaultID - INFO - Training client 62 (26/30)...
2026-03-19 02:11:15,634 - Server_DefaultID - INFO - Client 62: Acc=43.28, Loss=-116.5965, NLL=-402.2203, KL=10.1820, AvgS=172.37, ProxLoss=0.0000
2026-03-19 02:11:15,634 - Server_DefaultID - INFO - Training client 78 (27/30)...
2026-03-19 02:12:00,524 - Server_DefaultID - INFO - Client 78: Acc=92.57, Loss=-343.9233, NLL=-1161.7517, KL=14.7232, AvgS=499.99, ProxLoss=0.0000
2026-03-19 02:12:00,524 - Server_DefaultID - INFO - Training client 73 (28/30)...
2026-03-19 02:12:21,141 - Server_DefaultID - INFO - Client 73: Acc=81.01, Loss=-343.0746, NLL=-1161.6703, KL=14.6949, AvgS=499.96, ProxLoss=0.0000
2026-03-19 02:12:21,141 - Server_DefaultID - INFO - Training client 83 (29/30)...
2026-03-19 02:12:34,697 - Server_DefaultID - INFO - Client 83: Acc=99.69, Loss=-341.6814, NLL=-1161.7241, KL=13.7137, AvgS=499.98, ProxLoss=0.0000
2026-03-19 02:12:34,698 - Server_DefaultID - INFO - Training client 8 (30/30)...
2026-03-19 02:12:37,011 - Server_DefaultID - INFO - Client 8: Acc=86.88, Loss=-327.1155, NLL=-1107.9937, KL=14.4853, AvgS=476.78, ProxLoss=0.0000
2026-03-19 02:12:40,638 - Server_DefaultID - WARNING - Global prior extremely imbalanced (max/min=1.0), applied adaptive smoothing lam=0.10.
2026-03-19 02:12:40,640 - Server_DefaultID - INFO - Round [21/200] Summary | Avg Client Train Stats:	Loss [-333.6495]	 Acc [78.00]	NLL [-1128.6602]	 KL [14.3754]	AvgS [485.72]	 ProxLoss [0.0000]
GlobalPriorAlpha (first 10): [5.0, 5.0, 5.0, 5.0, 5.0, 5.0, 5.0, 5.0, 5.0, 5.0]
Round Time: 285.22s
2026-03-19 02:12:40,644 - Server_DefaultID - INFO - --- Global Round 22/200 ---
2026-03-19 02:12:40,645 - Server_DefaultID - INFO - Selected 30 active clients for round 22.
2026-03-19 02:12:40,645 - Server_DefaultID - INFO - Training client 80 (1/30)...
2026-03-19 02:12:42,744 - Server_DefaultID - INFO - Client 80: Acc=62.50, Loss=-140.6622, NLL=-480.4969, KL=10.8265, AvgS=206.07, ProxLoss=0.0000
2026-03-19 02:12:42,744 - Server_DefaultID - INFO - Training client 70 (2/30)...
2026-03-19 02:12:50,184 - Server_DefaultID - INFO - Client 70: Acc=75.69, Loss=-342.7194, NLL=-1161.3959, KL=14.6281, AvgS=499.84, ProxLoss=0.0000
2026-03-19 02:12:50,184 - Server_DefaultID - INFO - Training client 49 (3/30)...
2026-03-19 02:13:00,757 - Server_DefaultID - INFO - Client 49: Acc=77.90, Loss=-343.5486, NLL=-1161.6834, KL=14.8939, AvgS=499.96, ProxLoss=0.0000
2026-03-19 02:13:00,757 - Server_DefaultID - INFO - Training client 10 (4/30)...
2026-03-19 02:13:06,292 - Server_DefaultID - INFO - Client 10: Acc=40.47, Loss=-345.2288, NLL=-1161.5600, KL=13.9152, AvgS=499.91, ProxLoss=0.0000
2026-03-19 02:13:06,292 - Server_DefaultID - INFO - Training client 73 (5/30)...
2026-03-19 02:13:28,137 - Server_DefaultID - INFO - Client 73: Acc=81.47, Loss=-343.0364, NLL=-1161.6379, KL=14.6911, AvgS=499.94, ProxLoss=0.0000
2026-03-19 02:13:28,137 - Server_DefaultID - INFO - Training client 60 (6/30)...
2026-03-19 02:13:32,663 - Server_DefaultID - INFO - Client 60: Acc=54.06, Loss=-318.4677, NLL=-1083.7319, KL=14.3569, AvgS=466.28, ProxLoss=0.0000
2026-03-19 02:13:32,663 - Server_DefaultID - INFO - Training client 15 (7/30)...
2026-03-19 02:13:35,813 - Server_DefaultID - INFO - Client 15: Acc=64.53, Loss=-343.4105, NLL=-1159.9940, KL=14.7376, AvgS=499.23, ProxLoss=0.0000
2026-03-19 02:13:35,813 - Server_DefaultID - INFO - Training client 28 (8/30)...
2026-03-19 02:13:37,468 - Server_DefaultID - INFO - Client 28: Acc=56.25, Loss=-102.3075, NLL=-354.0533, KL=9.2623, AvgS=152.03, ProxLoss=0.0000
2026-03-19 02:13:37,468 - Server_DefaultID - INFO - Training client 36 (9/30)...
2026-03-19 02:14:11,925 - Server_DefaultID - INFO - Client 36: Acc=86.44, Loss=-342.6700, NLL=-1161.6769, KL=14.5467, AvgS=499.96, ProxLoss=0.0000
2026-03-19 02:14:11,925 - Server_DefaultID - INFO - Training client 69 (10/30)...
2026-03-19 02:14:14,778 - Server_DefaultID - INFO - Client 69: Acc=43.12, Loss=-281.4414, NLL=-953.6818, KL=13.4291, AvgS=410.09, ProxLoss=0.0000
2026-03-19 02:14:14,779 - Server_DefaultID - INFO - Training client 16 (11/30)...
2026-03-19 02:14:17,531 - Server_DefaultID - INFO - Client 16: Acc=56.41, Loss=-321.9643, NLL=-1095.1784, KL=14.3626, AvgS=471.25, ProxLoss=0.0000
2026-03-19 02:14:17,531 - Server_DefaultID - INFO - Training client 54 (12/30)...
2026-03-19 02:14:21,905 - Server_DefaultID - INFO - Client 54: Acc=65.00, Loss=-117.0755, NLL=-406.3547, KL=10.4639, AvgS=174.24, ProxLoss=0.0000
2026-03-19 02:14:21,905 - Server_DefaultID - INFO - Training client 99 (13/30)...
2026-03-19 02:14:23,783 - Server_DefaultID - INFO - Client 99: Acc=42.81, Loss=-104.3504, NLL=-353.8290, KL=5.5381, AvgS=151.65, ProxLoss=0.0000
2026-03-19 02:14:23,783 - Server_DefaultID - INFO - Training client 67 (14/30)...
2026-03-19 02:14:33,556 - Server_DefaultID - INFO - Client 67: Acc=62.71, Loss=-344.4915, NLL=-1161.5538, KL=14.6983, AvgS=499.91, ProxLoss=0.0000
2026-03-19 02:14:33,556 - Server_DefaultID - INFO - Training client 61 (15/30)...
2026-03-19 02:14:40,297 - Server_DefaultID - INFO - Client 61: Acc=61.62, Loss=-345.9773, NLL=-1161.7183, KL=13.1619, AvgS=499.98, ProxLoss=0.0000
2026-03-19 02:14:40,297 - Server_DefaultID - INFO - Training client 5 (16/30)...
2026-03-19 02:14:41,921 - Server_DefaultID - INFO - Client 5: Acc=66.25, Loss=-331.6442, NLL=-1116.9612, KL=13.9566, AvgS=480.65, ProxLoss=0.0000
2026-03-19 02:14:41,921 - Server_DefaultID - INFO - Training client 39 (17/30)...
2026-03-19 02:15:05,328 - Server_DefaultID - INFO - Client 39: Acc=72.60, Loss=-343.8082, NLL=-1161.6013, KL=14.8410, AvgS=499.93, ProxLoss=0.0000
2026-03-19 02:15:05,328 - Server_DefaultID - INFO - Training client 13 (18/30)...
2026-03-19 02:15:07,182 - Server_DefaultID - INFO - Client 13: Acc=53.44, Loss=-316.8911, NLL=-1075.4459, KL=14.1294, AvgS=462.75, ProxLoss=0.0000
2026-03-19 02:15:07,182 - Server_DefaultID - INFO - Training client 0 (19/30)...
2026-03-19 02:15:09,143 - Server_DefaultID - INFO - Client 0: Acc=25.00, Loss=-323.4792, NLL=-1093.8751, KL=14.3270, AvgS=470.68, ProxLoss=0.0000
2026-03-19 02:15:09,143 - Server_DefaultID - INFO - Training client 27 (20/30)...
2026-03-19 02:15:13,409 - Server_DefaultID - INFO - Client 27: Acc=58.33, Loss=-344.8982, NLL=-1161.5929, KL=14.3948, AvgS=499.92, ProxLoss=0.0000
2026-03-19 02:15:13,409 - Server_DefaultID - INFO - Training client 82 (21/30)...
2026-03-19 02:15:20,412 - Server_DefaultID - INFO - Client 82: Acc=86.50, Loss=-343.4454, NLL=-1161.4310, KL=14.8171, AvgS=499.85, ProxLoss=0.0000
2026-03-19 02:15:20,412 - Server_DefaultID - INFO - Training client 4 (22/30)...
2026-03-19 02:15:30,658 - Server_DefaultID - INFO - Client 4: Acc=67.92, Loss=-345.5426, NLL=-1161.7003, KL=13.9375, AvgS=499.97, ProxLoss=0.0000
2026-03-19 02:15:30,658 - Server_DefaultID - INFO - Training client 25 (23/30)...
2026-03-19 02:15:33,587 - Server_DefaultID - INFO - Client 25: Acc=23.28, Loss=-248.6094, NLL=-849.1312, KL=13.2111, AvgS=364.92, ProxLoss=0.0000
2026-03-19 02:15:33,587 - Server_DefaultID - INFO - Training client 48 (24/30)...
2026-03-19 02:15:59,086 - Server_DefaultID - INFO - Client 48: Acc=86.71, Loss=-344.1099, NLL=-1161.7644, KL=14.8274, AvgS=500.00, ProxLoss=0.0000
2026-03-19 02:15:59,086 - Server_DefaultID - INFO - Training client 42 (25/30)...
2026-03-19 02:16:09,954 - Server_DefaultID - INFO - Client 42: Acc=90.57, Loss=-342.0023, NLL=-1158.0962, KL=14.6865, AvgS=498.41, ProxLoss=0.0000
2026-03-19 02:16:09,954 - Server_DefaultID - INFO - Training client 31 (26/30)...
2026-03-19 02:16:22,659 - Server_DefaultID - INFO - Client 31: Acc=74.03, Loss=-343.6640, NLL=-1161.7213, KL=14.8845, AvgS=499.98, ProxLoss=0.0000
2026-03-19 02:16:22,659 - Server_DefaultID - INFO - Training client 6 (27/30)...
2026-03-19 02:16:27,203 - Server_DefaultID - INFO - Client 6: Acc=57.50, Loss=-341.2797, NLL=-1156.0902, KL=14.8010, AvgS=497.55, ProxLoss=0.0000
2026-03-19 02:16:27,203 - Server_DefaultID - INFO - Training client 43 (28/30)...
2026-03-19 02:16:44,428 - Server_DefaultID - INFO - Client 43: Acc=75.43, Loss=-343.6077, NLL=-1161.7154, KL=14.8943, AvgS=499.98, ProxLoss=0.0000
2026-03-19 02:16:44,428 - Server_DefaultID - INFO - Training client 98 (29/30)...
2026-03-19 02:16:49,528 - Server_DefaultID - INFO - Client 98: Acc=71.88, Loss=-342.1399, NLL=-1160.9895, KL=14.5086, AvgS=499.66, ProxLoss=0.0000
2026-03-19 02:16:49,528 - Server_DefaultID - INFO - Training client 87 (30/30)...
2026-03-19 02:16:59,638 - Server_DefaultID - INFO - Client 87: Acc=44.87, Loss=-345.7173, NLL=-1161.6220, KL=13.5258, AvgS=499.94, ProxLoss=0.0000
2026-03-19 02:17:01,620 - Server_DefaultID - WARNING - Global prior extremely imbalanced (max/min=1.0), applied adaptive smoothing lam=0.10.
2026-03-19 02:17:01,623 - Server_DefaultID - INFO - Round [22/200] Summary | Avg Client Train Stats:	Loss [-331.2670]	 Acc [71.70]	NLL [-1120.1384]	 KL [14.3056]	AvgS [482.04]	 ProxLoss [0.0000]
GlobalPriorAlpha (first 10): [5.0, 5.0, 5.0, 5.0, 5.0, 5.0, 5.0, 5.0, 5.0, 5.0]
Round Time: 260.98s
2026-03-19 02:17:01,630 - Server_DefaultID - INFO - --- Global Round 23/200 ---
2026-03-19 02:17:01,630 - Server_DefaultID - INFO - Selected 30 active clients for round 23.
2026-03-19 02:17:01,630 - Server_DefaultID - INFO - Training client 82 (1/30)...
2026-03-19 02:17:09,457 - Server_DefaultID - INFO - Client 82: Acc=86.12, Loss=-343.2477, NLL=-1161.3180, KL=14.7324, AvgS=499.81, ProxLoss=0.0000
2026-03-19 02:17:09,457 - Server_DefaultID - INFO - Training client 78 (2/30)...
2026-03-19 02:17:55,334 - Server_DefaultID - INFO - Client 78: Acc=91.67, Loss=-343.8856, NLL=-1161.7509, KL=14.7304, AvgS=499.99, ProxLoss=0.0000
2026-03-19 02:17:55,334 - Server_DefaultID - INFO - Training client 49 (3/30)...
2026-03-19 02:18:06,236 - Server_DefaultID - INFO - Client 49: Acc=78.66, Loss=-343.5742, NLL=-1161.7469, KL=14.8947, AvgS=499.99, ProxLoss=0.0000
2026-03-19 02:18:06,237 - Server_DefaultID - INFO - Training client 75 (4/30)...
2026-03-19 02:18:19,626 - Server_DefaultID - INFO - Client 75: Acc=85.47, Loss=-342.7570, NLL=-1161.6986, KL=14.5966, AvgS=499.97, ProxLoss=0.0000
2026-03-19 02:18:19,626 - Server_DefaultID - INFO - Training client 38 (5/30)...
2026-03-19 02:18:22,659 - Server_DefaultID - INFO - Client 38: Acc=40.00, Loss=-297.8410, NLL=-1004.6329, KL=11.7229, AvgS=432.11, ProxLoss=0.0000
2026-03-19 02:18:22,659 - Server_DefaultID - INFO - Training client 91 (6/30)...
2026-03-19 02:18:27,846 - Server_DefaultID - INFO - Client 91: Acc=78.96, Loss=-342.2497, NLL=-1161.2823, KL=14.5104, AvgS=499.79, ProxLoss=0.0000
2026-03-19 02:18:27,846 - Server_DefaultID - INFO - Training client 41 (7/30)...
2026-03-19 02:18:40,196 - Server_DefaultID - INFO - Client 41: Acc=63.79, Loss=-343.0707, NLL=-1161.6805, KL=14.7363, AvgS=499.96, ProxLoss=0.0000
2026-03-19 02:18:40,196 - Server_DefaultID - INFO - Training client 5 (8/30)...
2026-03-19 02:18:42,419 - Server_DefaultID - INFO - Client 5: Acc=69.38, Loss=-338.5145, NLL=-1141.0141, KL=14.2133, AvgS=491.04, ProxLoss=0.0000
2026-03-19 02:18:42,419 - Server_DefaultID - INFO - Training client 86 (9/30)...
2026-03-19 02:18:51,055 - Server_DefaultID - INFO - Client 86: Acc=73.62, Loss=-343.8872, NLL=-1161.5167, KL=14.7655, AvgS=499.89, ProxLoss=0.0000
2026-03-19 02:18:51,055 - Server_DefaultID - INFO - Training client 88 (10/30)...
2026-03-19 02:19:01,892 - Server_DefaultID - INFO - Client 88: Acc=58.02, Loss=-344.8352, NLL=-1161.7343, KL=14.4347, AvgS=499.98, ProxLoss=0.0000
2026-03-19 02:19:01,892 - Server_DefaultID - INFO - Training client 93 (11/30)...
2026-03-19 02:19:04,893 - Server_DefaultID - INFO - Client 93: Acc=42.81, Loss=-308.0528, NLL=-1043.8763, KL=14.0019, AvgS=449.05, ProxLoss=0.0000
2026-03-19 02:19:04,893 - Server_DefaultID - INFO - Training client 9 (12/30)...
2026-03-19 02:19:16,041 - Server_DefaultID - INFO - Client 9: Acc=97.54, Loss=-342.5528, NLL=-1161.5876, KL=14.3986, AvgS=499.92, ProxLoss=0.0000
2026-03-19 02:19:16,041 - Server_DefaultID - INFO - Training client 43 (13/30)...
2026-03-19 02:19:34,391 - Server_DefaultID - INFO - Client 43: Acc=75.88, Loss=-343.5911, NLL=-1161.7489, KL=14.8947, AvgS=499.99, ProxLoss=0.0000
2026-03-19 02:19:34,391 - Server_DefaultID - INFO - Training client 13 (14/30)...
2026-03-19 02:19:36,199 - Server_DefaultID - INFO - Client 13: Acc=55.62, Loss=-325.7127, NLL=-1105.7328, KL=14.3213, AvgS=475.81, ProxLoss=0.0000
2026-03-19 02:19:36,199 - Server_DefaultID - INFO - Training client 71 (15/30)...
2026-03-19 02:19:39,483 - Server_DefaultID - INFO - Client 71: Acc=63.44, Loss=-157.8868, NLL=-539.7131, KL=11.2747, AvgS=231.56, ProxLoss=0.0000
2026-03-19 02:19:39,483 - Server_DefaultID - INFO - Training client 25 (16/30)...
2026-03-19 02:19:43,187 - Server_DefaultID - INFO - Client 25: Acc=37.50, Loss=-288.8747, NLL=-982.2476, KL=13.9353, AvgS=422.42, ProxLoss=0.0000
2026-03-19 02:19:43,187 - Server_DefaultID - INFO - Training client 19 (17/30)...
2026-03-19 02:20:06,682 - Server_DefaultID - INFO - Client 19: Acc=95.49, Loss=-342.4753, NLL=-1161.6036, KL=14.4587, AvgS=499.93, ProxLoss=0.0000
2026-03-19 02:20:06,682 - Server_DefaultID - INFO - Training client 92 (18/30)...
2026-03-19 02:20:13,204 - Server_DefaultID - INFO - Client 92: Acc=95.31, Loss=-343.6691, NLL=-1161.5027, KL=14.7646, AvgS=499.88, ProxLoss=0.0000
2026-03-19 02:20:13,204 - Server_DefaultID - INFO - Training client 40 (19/30)...
2026-03-19 02:20:24,074 - Server_DefaultID - INFO - Client 40: Acc=60.05, Loss=-345.3793, NLL=-1161.6947, KL=13.9864, AvgS=499.97, ProxLoss=0.0000
2026-03-19 02:20:24,074 - Server_DefaultID - INFO - Training client 60 (20/30)...
2026-03-19 02:20:29,817 - Server_DefaultID - INFO - Client 60: Acc=61.35, Loss=-336.9880, NLL=-1144.4285, KL=14.6345, AvgS=492.51, ProxLoss=0.0000
2026-03-19 02:20:29,817 - Server_DefaultID - INFO - Training client 59 (21/30)...
2026-03-19 02:20:44,503 - Server_DefaultID - INFO - Client 59: Acc=74.03, Loss=-343.8528, NLL=-1161.7527, KL=14.8507, AvgS=499.99, ProxLoss=0.0000
2026-03-19 02:20:44,503 - Server_DefaultID - INFO - Training client 14 (22/30)...
2026-03-19 02:20:59,452 - Server_DefaultID - INFO - Client 14: Acc=81.22, Loss=-342.5122, NLL=-1161.7428, KL=14.5144, AvgS=499.99, ProxLoss=0.0000
2026-03-19 02:20:59,452 - Server_DefaultID - INFO - Training client 28 (23/30)...
2026-03-19 02:21:02,660 - Server_DefaultID - INFO - Client 28: Acc=51.88, Loss=-118.3947, NLL=-407.8813, KL=9.7611, AvgS=175.11, ProxLoss=0.0000
2026-03-19 02:21:02,661 - Server_DefaultID - INFO - Training client 21 (24/30)...
2026-03-19 02:21:14,926 - Server_DefaultID - INFO - Client 21: Acc=53.83, Loss=-345.2341, NLL=-1161.5947, KL=14.0680, AvgS=499.92, ProxLoss=0.0000
2026-03-19 02:21:14,927 - Server_DefaultID - INFO - Training client 83 (25/30)...
2026-03-19 02:21:30,064 - Server_DefaultID - INFO - Client 83: Acc=99.72, Loss=-341.5373, NLL=-1161.5443, KL=13.7315, AvgS=499.90, ProxLoss=0.0000
2026-03-19 02:21:30,064 - Server_DefaultID - INFO - Training client 67 (26/30)...
2026-03-19 02:21:41,965 - Server_DefaultID - INFO - Client 67: Acc=62.40, Loss=-344.6600, NLL=-1161.7356, KL=14.6426, AvgS=499.99, ProxLoss=0.0000
2026-03-19 02:21:41,966 - Server_DefaultID - INFO - Training client 47 (27/30)...
2026-03-19 02:21:52,138 - Server_DefaultID - INFO - Client 47: Acc=53.07, Loss=-345.2551, NLL=-1161.6790, KL=14.0533, AvgS=499.96, ProxLoss=0.0000
2026-03-19 02:21:52,138 - Server_DefaultID - INFO - Training client 51 (28/30)...
2026-03-19 02:21:55,222 - Server_DefaultID - INFO - Client 51: Acc=29.22, Loss=-288.6847, NLL=-976.0807, KL=12.2382, AvgS=419.76, ProxLoss=0.0000
2026-03-19 02:21:55,222 - Server_DefaultID - INFO - Training client 6 (29/30)...
2026-03-19 02:21:59,868 - Server_DefaultID - INFO - Client 6: Acc=58.33, Loss=-343.3604, NLL=-1161.0733, KL=14.7940, AvgS=499.70, ProxLoss=0.0000
2026-03-19 02:21:59,868 - Server_DefaultID - INFO - Training client 64 (30/30)...
2026-03-19 02:22:01,526 - Server_DefaultID - INFO - Client 64: Acc=63.12, Loss=-140.7721, NLL=-482.4266, KL=11.1578, AvgS=206.83, ProxLoss=0.0000
2026-03-19 02:22:03,619 - Server_DefaultID - WARNING - Global prior extremely imbalanced (max/min=1.0), applied adaptive smoothing lam=0.10.
2026-03-19 02:22:03,621 - Server_DefaultID - INFO - Round [23/200] Summary | Avg Client Train Stats:	Loss [-334.4938]	 Acc [76.36]	NLL [-1131.4836]	 KL [14.3464]	AvgS [486.93]	 ProxLoss [0.0000]
GlobalPriorAlpha (first 10): [5.0, 5.0, 5.0, 5.0, 5.0, 5.0, 5.0, 5.0, 5.0, 5.0]
Round Time: 301.99s
2026-03-19 02:22:03,623 - Server_DefaultID - INFO - --- Global Round 24/200 ---
2026-03-19 02:22:03,624 - Server_DefaultID - INFO - Selected 30 active clients for round 24.
2026-03-19 02:22:03,624 - Server_DefaultID - INFO - Training client 11 (1/30)...
2026-03-19 02:22:14,696 - Server_DefaultID - INFO - Client 11: Acc=86.67, Loss=-344.0321, NLL=-1161.6067, KL=14.8300, AvgS=499.93, ProxLoss=0.0000
2026-03-19 02:22:14,697 - Server_DefaultID - INFO - Training client 85 (2/30)...
2026-03-19 02:22:35,306 - Server_DefaultID - INFO - Client 85: Acc=99.74, Loss=-341.5158, NLL=-1161.6128, KL=13.7194, AvgS=499.93, ProxLoss=0.0000
2026-03-19 02:22:35,306 - Server_DefaultID - INFO - Training client 29 (3/30)...
2026-03-19 02:22:43,661 - Server_DefaultID - INFO - Client 29: Acc=81.09, Loss=-343.0244, NLL=-1160.6415, KL=14.8844, AvgS=499.51, ProxLoss=0.0000
2026-03-19 02:22:43,661 - Server_DefaultID - INFO - Training client 6 (4/30)...
2026-03-19 02:22:48,184 - Server_DefaultID - INFO - Client 6: Acc=58.44, Loss=-343.2205, NLL=-1160.9391, KL=14.8327, AvgS=499.64, ProxLoss=0.0000
2026-03-19 02:22:48,184 - Server_DefaultID - INFO - Training client 43 (5/30)...
2026-03-19 02:23:04,042 - Server_DefaultID - INFO - Client 43: Acc=76.79, Loss=-343.5492, NLL=-1161.7458, KL=14.8947, AvgS=499.99, ProxLoss=0.0000
2026-03-19 02:23:04,042 - Server_DefaultID - INFO - Training client 62 (6/30)...
2026-03-19 02:23:06,853 - Server_DefaultID - INFO - Client 62: Acc=52.34, Loss=-155.8882, NLL=-534.6319, KL=11.3938, AvgS=229.28, ProxLoss=0.0000
2026-03-19 02:23:06,853 - Server_DefaultID - INFO - Training client 33 (7/30)...
2026-03-19 02:23:18,530 - Server_DefaultID - INFO - Client 33: Acc=57.77, Loss=-345.2271, NLL=-1161.4645, KL=13.9422, AvgS=499.87, ProxLoss=0.0000
2026-03-19 02:23:18,530 - Server_DefaultID - INFO - Training client 60 (8/30)...
2026-03-19 02:23:23,403 - Server_DefaultID - INFO - Client 60: Acc=61.67, Loss=-341.5760, NLL=-1158.9354, KL=14.6665, AvgS=498.78, ProxLoss=0.0000
2026-03-19 02:23:23,403 - Server_DefaultID - INFO - Training client 84 (9/30)...
2026-03-19 02:23:24,853 - Server_DefaultID - INFO - Client 84: Acc=35.85, Loss=-52.7255, NLL=-186.4613, KL=7.3660, AvgS=80.20, ProxLoss=0.0000
2026-03-19 02:23:24,853 - Server_DefaultID - INFO - Training client 28 (10/30)...
2026-03-19 02:23:26,875 - Server_DefaultID - INFO - Client 28: Acc=55.00, Loss=-138.8246, NLL=-476.5910, KL=10.3350, AvgS=204.64, ProxLoss=0.0000
2026-03-19 02:23:26,875 - Server_DefaultID - INFO - Training client 92 (11/30)...
2026-03-19 02:23:32,703 - Server_DefaultID - INFO - Client 92: Acc=95.31, Loss=-343.5724, NLL=-1161.4730, KL=14.6928, AvgS=499.87, ProxLoss=0.0000
2026-03-19 02:23:32,703 - Server_DefaultID - INFO - Training client 16 (12/30)...
2026-03-19 02:23:35,992 - Server_DefaultID - INFO - Client 16: Acc=55.31, Loss=-334.5478, NLL=-1135.5273, KL=14.6704, AvgS=488.67, ProxLoss=0.0000
2026-03-19 02:23:35,992 - Server_DefaultID - INFO - Training client 67 (13/30)...
2026-03-19 02:23:45,255 - Server_DefaultID - INFO - Client 67: Acc=64.58, Loss=-344.5574, NLL=-1161.7541, KL=14.6828, AvgS=499.99, ProxLoss=0.0000
2026-03-19 02:23:45,255 - Server_DefaultID - INFO - Training client 96 (14/30)...
2026-03-19 02:24:00,509 - Server_DefaultID - INFO - Client 96: Acc=65.49, Loss=-343.6459, NLL=-1161.4970, KL=14.8076, AvgS=499.88, ProxLoss=0.0000
2026-03-19 02:24:00,509 - Server_DefaultID - INFO - Training client 74 (15/30)...
2026-03-19 02:24:06,769 - Server_DefaultID - INFO - Client 74: Acc=58.91, Loss=-343.6190, NLL=-1161.1439, KL=14.8082, AvgS=499.73, ProxLoss=0.0000
2026-03-19 02:24:06,769 - Server_DefaultID - INFO - Training client 23 (16/30)...
2026-03-19 02:24:08,497 - Server_DefaultID - INFO - Client 23: Acc=72.20, Loss=-101.0092, NLL=-349.9867, KL=9.8879, AvgS=150.09, ProxLoss=0.0000
2026-03-19 02:24:08,497 - Server_DefaultID - INFO - Training client 39 (17/30)...
2026-03-19 02:24:32,562 - Server_DefaultID - INFO - Client 39: Acc=72.40, Loss=-343.8257, NLL=-1161.7116, KL=14.8523, AvgS=499.97, ProxLoss=0.0000
2026-03-19 02:24:32,562 - Server_DefaultID - INFO - Training client 4 (18/30)...
2026-03-19 02:24:41,291 - Server_DefaultID - INFO - Client 4: Acc=67.60, Loss=-345.4201, NLL=-1161.7016, KL=13.9993, AvgS=499.97, ProxLoss=0.0000
2026-03-19 02:24:41,291 - Server_DefaultID - INFO - Training client 93 (19/30)...
2026-03-19 02:24:45,562 - Server_DefaultID - INFO - Client 93: Acc=41.41, Loss=-330.7361, NLL=-1118.6843, KL=14.3743, AvgS=481.38, ProxLoss=0.0000
2026-03-19 02:24:45,562 - Server_DefaultID - INFO - Training client 73 (20/30)...
2026-03-19 02:25:06,819 - Server_DefaultID - INFO - Client 73: Acc=81.71, Loss=-342.9896, NLL=-1161.7100, KL=14.6768, AvgS=499.97, ProxLoss=0.0000
2026-03-19 02:25:06,819 - Server_DefaultID - INFO - Training client 79 (21/30)...
2026-03-19 02:25:14,767 - Server_DefaultID - INFO - Client 79: Acc=92.88, Loss=-336.7949, NLL=-1147.9642, KL=14.4381, AvgS=494.03, ProxLoss=0.0000
2026-03-19 02:25:14,767 - Server_DefaultID - INFO - Training client 66 (22/30)...
2026-03-19 02:25:24,568 - Server_DefaultID - INFO - Client 66: Acc=87.99, Loss=-343.0805, NLL=-1161.1052, KL=14.8034, AvgS=499.71, ProxLoss=0.0000
2026-03-19 02:25:24,568 - Server_DefaultID - INFO - Training client 24 (23/30)...
2026-03-19 02:25:26,279 - Server_DefaultID - INFO - Client 24: Acc=55.62, Loss=-102.1628, NLL=-348.0380, KL=7.8174, AvgS=149.19, ProxLoss=0.0000
2026-03-19 02:25:26,279 - Server_DefaultID - INFO - Training client 51 (24/30)...
2026-03-19 02:25:28,899 - Server_DefaultID - INFO - Client 51: Acc=42.81, Loss=-322.2899, NLL=-1086.4823, KL=12.6502, AvgS=467.47, ProxLoss=0.0000
2026-03-19 02:25:28,899 - Server_DefaultID - INFO - Training client 83 (25/30)...
2026-03-19 02:25:45,853 - Server_DefaultID - INFO - Client 83: Acc=99.72, Loss=-341.5456, NLL=-1161.6337, KL=13.7321, AvgS=499.94, ProxLoss=0.0000
2026-03-19 02:25:45,853 - Server_DefaultID - INFO - Training client 89 (26/30)...
