2026-03-19 00:42:03,033 - Server_DefaultID - INFO - Server model moved to device: cuda:0
2026-03-19 00:43:04,276 - Server_DefaultID - INFO - Starting Optimized FedUG Training Process
2026-03-19 00:43:04,277 - Server_DefaultID - INFO - --- Global Round 1/200 ---
2026-03-19 00:43:04,277 - Server_DefaultID - INFO - Selected 30 active clients for round 1.
2026-03-19 00:43:04,280 - Server_DefaultID - INFO - Training client 35 (1/30)...
2026-03-19 00:43:06,971 - Server_DefaultID - INFO - Client 35: Acc=60.52, Loss=-41.4954, NLL=-145.8330, KL=4.8934, AvgS=63.24, ProxLoss=0.0000
2026-03-19 00:43:06,985 - Server_DefaultID - INFO - Training client 87 (2/30)...
2026-03-19 00:43:10,703 - Server_DefaultID - INFO - Client 87: Acc=21.88, Loss=-114.7774, NLL=-392.9248, KL=9.0514, AvgS=168.32, ProxLoss=0.0000
2026-03-19 00:43:10,704 - Server_DefaultID - INFO - Training client 38 (3/30)...
2026-03-19 00:43:11,606 - Server_DefaultID - INFO - Client 38: Acc=49.38, Loss=-26.4749, NLL=-94.0237, KL=3.3597, AvgS=41.65, ProxLoss=0.0000
2026-03-19 00:43:11,606 - Server_DefaultID - INFO - Training client 74 (4/30)...
2026-03-19 00:43:13,245 - Server_DefaultID - INFO - Client 74: Acc=60.78, Loss=-56.4332, NLL=-198.5356, KL=6.1606, AvgS=85.38, ProxLoss=0.0000
2026-03-19 00:43:13,245 - Server_DefaultID - INFO - Training client 17 (5/30)...
2026-03-19 00:43:14,184 - Server_DefaultID - INFO - Client 17: Acc=63.44, Loss=-26.0291, NLL=-93.1247, KL=3.3244, AvgS=41.14, ProxLoss=0.0000
2026-03-19 00:43:14,185 - Server_DefaultID - INFO - Training client 10 (6/30)...
2026-03-19 00:43:15,732 - Server_DefaultID - INFO - Client 10: Acc=42.11, Loss=-56.8826, NLL=-198.0752, KL=6.1618, AvgS=85.19, ProxLoss=0.0000
2026-03-19 00:43:15,732 - Server_DefaultID - INFO - Training client 43 (7/30)...
2026-03-19 00:43:19,973 - Server_DefaultID - INFO - Client 43: Acc=54.12, Loss=-205.0492, NLL=-702.4184, KL=11.6505, AvgS=301.62, ProxLoss=0.0000
2026-03-19 00:43:19,973 - Server_DefaultID - INFO - Training client 91 (8/30)...
2026-03-19 00:43:21,348 - Server_DefaultID - INFO - Client 91: Acc=72.71, Loss=-40.4602, NLL=-144.5145, KL=4.9175, AvgS=62.59, ProxLoss=0.0000
2026-03-19 00:43:21,348 - Server_DefaultID - INFO - Training client 93 (9/30)...
2026-03-19 00:43:22,407 - Server_DefaultID - INFO - Client 93: Acc=45.00, Loss=-26.4210, NLL=-94.6240, KL=3.3767, AvgS=41.68, ProxLoss=0.0000
2026-03-19 00:43:22,407 - Server_DefaultID - INFO - Training client 20 (10/30)...
2026-03-19 00:43:24,728 - Server_DefaultID - INFO - Client 20: Acc=56.82, Loss=-95.3501, NLL=-326.2525, KL=8.1742, AvgS=139.88, ProxLoss=0.0000
2026-03-19 00:43:24,728 - Server_DefaultID - INFO - Training client 21 (11/30)...
2026-03-19 00:43:27,733 - Server_DefaultID - INFO - Client 21: Acc=34.96, Loss=-130.7479, NLL=-449.9558, KL=9.5227, AvgS=192.94, ProxLoss=0.0000
2026-03-19 00:43:27,733 - Server_DefaultID - INFO - Training client 26 (12/30)...
2026-03-19 00:43:33,884 - Server_DefaultID - INFO - Client 26: Acc=76.62, Loss=-322.6449, NLL=-1103.3064, KL=13.7077, AvgS=474.73, ProxLoss=0.0000
2026-03-19 00:43:33,884 - Server_DefaultID - INFO - Training client 83 (13/30)...
2026-03-19 00:43:37,695 - Server_DefaultID - INFO - Client 83: Acc=0.47, Loss=-180.1243, NLL=-626.8662, KL=11.1248, AvgS=268.96, ProxLoss=0.0000
2026-03-19 00:43:37,695 - Server_DefaultID - INFO - Training client 39 (14/30)...
2026-03-19 00:43:44,022 - Server_DefaultID - INFO - Client 39: Acc=62.29, Loss=-309.5627, NLL=-1053.6338, KL=13.4872, AvgS=453.27, ProxLoss=0.0000
2026-03-19 00:43:44,022 - Server_DefaultID - INFO - Training client 30 (15/30)...
2026-03-19 00:43:47,036 - Server_DefaultID - INFO - Client 30: Acc=72.81, Loss=-128.6119, NLL=-447.8062, KL=9.6124, AvgS=192.01, ProxLoss=0.0000
2026-03-19 00:43:47,036 - Server_DefaultID - INFO - Training client 68 (16/30)...
2026-03-19 00:43:50,453 - Server_DefaultID - INFO - Client 68: Acc=67.53, Loss=-151.2867, NLL=-524.0070, KL=10.3312, AvgS=224.75, ProxLoss=0.0000
2026-03-19 00:43:50,453 - Server_DefaultID - INFO - Training client 34 (17/30)...
2026-03-19 00:43:51,576 - Server_DefaultID - INFO - Client 34: Acc=62.19, Loss=-39.8261, NLL=-141.0925, KL=4.7528, AvgS=61.20, ProxLoss=0.0000
2026-03-19 00:43:51,576 - Server_DefaultID - INFO - Training client 18 (18/30)...
2026-03-19 00:43:57,065 - Server_DefaultID - INFO - Client 18: Acc=49.12, Loss=-297.5459, NLL=-1015.1931, KL=13.3278, AvgS=436.64, ProxLoss=0.0000
2026-03-19 00:43:57,065 - Server_DefaultID - INFO - Training client 69 (19/30)...
2026-03-19 00:43:57,968 - Server_DefaultID - INFO - Client 69: Acc=32.66, Loss=-26.2946, NLL=-94.2106, KL=3.3689, AvgS=41.49, ProxLoss=0.0000
2026-03-19 00:43:57,968 - Server_DefaultID - INFO - Training client 52 (20/30)...
2026-03-19 00:43:59,295 - Server_DefaultID - INFO - Client 52: Acc=66.15, Loss=-40.4544, NLL=-143.2953, KL=4.8578, AvgS=62.15, ProxLoss=0.0000
2026-03-19 00:43:59,295 - Server_DefaultID - INFO - Training client 57 (21/30)...
2026-03-19 00:44:05,558 - Server_DefaultID - INFO - Client 57: Acc=76.05, Loss=-330.9807, NLL=-1127.5209, KL=13.8203, AvgS=485.20, ProxLoss=0.0000
2026-03-19 00:44:05,558 - Server_DefaultID - INFO - Training client 13 (22/30)...
2026-03-19 00:44:06,151 - Server_DefaultID - INFO - Client 13: Acc=43.44, Loss=-14.7794, NLL=-54.8869, KL=1.8053, AvgS=25.37, ProxLoss=0.0000
2026-03-19 00:44:06,151 - Server_DefaultID - INFO - Training client 89 (23/30)...
2026-03-19 00:44:11,173 - Server_DefaultID - INFO - Client 89: Acc=13.04, Loss=-255.4175, NLL=-881.9742, KL=12.5878, AvgS=379.11, ProxLoss=0.0000
2026-03-19 00:44:11,173 - Server_DefaultID - INFO - Training client 75 (24/30)...
2026-03-19 00:44:14,085 - Server_DefaultID - INFO - Client 75: Acc=75.16, Loss=-135.1286, NLL=-467.9775, KL=9.8426, AvgS=200.67, ProxLoss=0.0000
2026-03-19 00:44:14,085 - Server_DefaultID - INFO - Training client 71 (25/30)...
2026-03-19 00:44:15,069 - Server_DefaultID - INFO - Client 71: Acc=67.19, Loss=-28.1359, NLL=-99.1297, KL=3.6385, AvgS=43.81, ProxLoss=0.0000
2026-03-19 00:44:15,069 - Server_DefaultID - INFO - Training client 8 (26/30)...
2026-03-19 00:44:16,873 - Server_DefaultID - INFO - Client 8: Acc=55.47, Loss=-24.7144, NLL=-89.5816, KL=3.1129, AvgS=39.63, ProxLoss=0.0000
2026-03-19 00:44:16,873 - Server_DefaultID - INFO - Training client 51 (27/30)...
2026-03-19 00:44:17,837 - Server_DefaultID - INFO - Client 51: Acc=28.91, Loss=-26.4485, NLL=-94.1371, KL=3.3870, AvgS=41.49, ProxLoss=0.0000
2026-03-19 00:44:17,837 - Server_DefaultID - INFO - Training client 60 (28/30)...
2026-03-19 00:44:19,035 - Server_DefaultID - INFO - Client 60: Acc=62.92, Loss=-38.5723, NLL=-138.0873, KL=4.6580, AvgS=59.85, ProxLoss=0.0000
2026-03-19 00:44:19,036 - Server_DefaultID - INFO - Training client 19 (29/30)...
2026-03-19 00:44:24,134 - Server_DefaultID - INFO - Client 19: Acc=11.88, Loss=-281.6467, NLL=-965.4608, KL=13.0730, AvgS=415.15, ProxLoss=0.0000
2026-03-19 00:44:24,135 - Server_DefaultID - INFO - Training client 47 (30/30)...
2026-03-19 00:44:26,614 - Server_DefaultID - INFO - Client 47: Acc=25.16, Loss=-89.9534, NLL=-311.1928, KL=7.9611, AvgS=133.35, ProxLoss=0.0000
2026-03-19 00:44:27,149 - Server_DefaultID - WARNING - Global prior extremely imbalanced (max/min=1.0), applied adaptive smoothing lam=0.10.
2026-03-19 00:44:27,150 - Server_DefaultID - INFO - Round [1/200] Summary | Avg Client Train Stats:	Loss [-189.6894]	 Acc [49.58]	NLL [-651.1764]	 KL [10.2608]	AvgS [280.02]	 ProxLoss [0.0000]
GlobalPriorAlpha (first 10): [5.036799907684326, 5.058499813079834, 4.896599769592285, 4.98960018157959, 5.080999851226807, 4.948299884796143, 5.036099910736084, 4.881400108337402, 5.010700225830078, 5.061200141906738]
Round Time: 82.87s
2026-03-19 00:44:27,152 - Server_DefaultID - INFO - --- Global Round 2/200 ---
2026-03-19 00:44:27,152 - Server_DefaultID - INFO - Selected 30 active clients for round 2.
2026-03-19 00:44:27,152 - Server_DefaultID - INFO - Training client 77 (1/30)...
2026-03-19 00:44:32,922 - Server_DefaultID - INFO - Client 77: Acc=42.40, Loss=-286.0040, NLL=-979.6693, KL=13.1407, AvgS=421.29, ProxLoss=0.0000
2026-03-19 00:44:32,922 - Server_DefaultID - INFO - Training client 28 (2/30)...
2026-03-19 00:44:33,501 - Server_DefaultID - INFO - Client 28: Acc=37.81, Loss=-15.2239, NLL=-56.1280, KL=1.8329, AvgS=25.84, ProxLoss=0.0000
2026-03-19 00:44:33,501 - Server_DefaultID - INFO - Training client 14 (3/30)...
2026-03-19 00:44:36,946 - Server_DefaultID - INFO - Client 14: Acc=70.28, Loss=-150.5872, NLL=-522.9848, KL=10.3065, AvgS=224.34, ProxLoss=0.0000
2026-03-19 00:44:36,946 - Server_DefaultID - INFO - Training client 51 (4/30)...
2026-03-19 00:44:37,870 - Server_DefaultID - INFO - Client 51: Acc=23.59, Loss=-54.1781, NLL=-187.5904, KL=5.8992, AvgS=80.68, ProxLoss=0.0000
2026-03-19 00:44:37,870 - Server_DefaultID - INFO - Training client 85 (5/30)...
2026-03-19 00:44:42,198 - Server_DefaultID - INFO - Client 85: Acc=3.67, Loss=-220.2573, NLL=-763.1442, KL=11.9392, AvgS=327.78, ProxLoss=0.0000
2026-03-19 00:44:42,198 - Server_DefaultID - INFO - Training client 60 (6/30)...
2026-03-19 00:44:43,700 - Server_DefaultID - INFO - Client 60: Acc=51.04, Loss=-82.6636, NLL=-289.8694, KL=7.6715, AvgS=124.22, ProxLoss=0.0000
2026-03-19 00:44:43,701 - Server_DefaultID - INFO - Training client 33 (7/30)...
2026-03-19 00:44:46,571 - Server_DefaultID - INFO - Client 33: Acc=33.97, Loss=-106.4370, NLL=-370.0873, KL=8.6902, AvgS=158.59, ProxLoss=0.0000
2026-03-19 00:44:46,571 - Server_DefaultID - INFO - Training client 23 (8/30)...
2026-03-19 00:44:47,168 - Server_DefaultID - INFO - Client 23: Acc=67.12, Loss=-15.9127, NLL=-57.7417, KL=2.0542, AvgS=26.76, ProxLoss=0.0000
2026-03-19 00:44:47,168 - Server_DefaultID - INFO - Training client 88 (9/30)...
2026-03-19 00:44:50,641 - Server_DefaultID - INFO - Client 88: Acc=20.83, Loss=-88.0432, NLL=-307.4449, KL=7.9066, AvgS=131.74, ProxLoss=0.0000
2026-03-19 00:44:50,641 - Server_DefaultID - INFO - Training client 81 (10/30)...
2026-03-19 00:44:53,430 - Server_DefaultID - INFO - Client 81: Acc=27.01, Loss=-108.9547, NLL=-379.2986, KL=8.8785, AvgS=162.48, ProxLoss=0.0000
2026-03-19 00:44:53,430 - Server_DefaultID - INFO - Training client 6 (11/30)...
2026-03-19 00:44:54,720 - Server_DefaultID - INFO - Client 6: Acc=68.85, Loss=-40.2339, NLL=-143.3448, KL=4.8756, AvgS=62.22, ProxLoss=0.0000
2026-03-19 00:44:54,720 - Server_DefaultID - INFO - Training client 97 (12/30)...
2026-03-19 00:45:03,853 - Server_DefaultID - INFO - Client 97: Acc=99.58, Loss=-342.1932, NLL=-1161.0400, KL=13.9607, AvgS=499.69, ProxLoss=0.0000
2026-03-19 00:45:03,853 - Server_DefaultID - INFO - Training client 34 (13/30)...
2026-03-19 00:45:05,181 - Server_DefaultID - INFO - Client 34: Acc=50.94, Loss=-84.4137, NLL=-292.8677, KL=7.7415, AvgS=125.52, ProxLoss=0.0000
2026-03-19 00:45:05,181 - Server_DefaultID - INFO - Training client 93 (14/30)...
2026-03-19 00:45:06,167 - Server_DefaultID - INFO - Client 93: Acc=35.16, Loss=-53.1836, NLL=-185.9321, KL=5.8208, AvgS=79.98, ProxLoss=0.0000
2026-03-19 00:45:06,167 - Server_DefaultID - INFO - Training client 98 (15/30)...
2026-03-19 00:45:07,511 - Server_DefaultID - INFO - Client 98: Acc=70.94, Loss=-39.4276, NLL=-142.3807, KL=4.8651, AvgS=61.91, ProxLoss=0.0000
2026-03-19 00:45:07,511 - Server_DefaultID - INFO - Training client 32 (16/30)...
2026-03-19 00:45:09,880 - Server_DefaultID - INFO - Client 32: Acc=52.86, Loss=-90.1482, NLL=-313.7974, KL=8.0291, AvgS=134.50, ProxLoss=0.0000
2026-03-19 00:45:09,880 - Server_DefaultID - INFO - Training client 68 (17/30)...
2026-03-19 00:45:13,387 - Server_DefaultID - INFO - Client 68: Acc=68.99, Loss=-337.5648, NLL=-1148.7445, KL=13.9116, AvgS=494.38, ProxLoss=0.0000
2026-03-19 00:45:13,387 - Server_DefaultID - INFO - Training client 21 (18/30)...
2026-03-19 00:45:16,552 - Server_DefaultID - INFO - Client 21: Acc=15.82, Loss=-296.4046, NLL=-1008.1615, KL=13.2597, AvgS=433.62, ProxLoss=0.0000
2026-03-19 00:45:16,552 - Server_DefaultID - INFO - Training client 82 (19/30)...
2026-03-19 00:45:18,757 - Server_DefaultID - INFO - Client 82: Acc=55.75, Loss=-70.6970, NLL=-248.4741, KL=6.9654, AvgS=106.61, ProxLoss=0.0000
2026-03-19 00:45:18,757 - Server_DefaultID - INFO - Training client 73 (20/30)...
2026-03-19 00:45:23,782 - Server_DefaultID - INFO - Client 73: Acc=58.75, Loss=-239.1592, NLL=-819.4309, KL=12.2886, AvgS=352.12, ProxLoss=0.0000
2026-03-19 00:45:23,782 - Server_DefaultID - INFO - Training client 26 (21/30)...
2026-03-19 00:45:30,541 - Server_DefaultID - INFO - Client 26: Acc=94.17, Loss=-343.8229, NLL=-1161.6307, KL=13.9631, AvgS=499.94, ProxLoss=0.0000
2026-03-19 00:45:30,541 - Server_DefaultID - INFO - Training client 46 (22/30)...
2026-03-19 00:45:33,738 - Server_DefaultID - INFO - Client 46: Acc=49.18, Loss=-131.3093, NLL=-453.2894, KL=9.6541, AvgS=194.27, ProxLoss=0.0000
2026-03-19 00:45:33,738 - Server_DefaultID - INFO - Training client 95 (23/30)...
2026-03-19 00:45:37,480 - Server_DefaultID - INFO - Client 95: Acc=57.47, Loss=-157.5194, NLL=-546.4977, KL=10.5171, AvgS=234.39, ProxLoss=0.0000
2026-03-19 00:45:37,480 - Server_DefaultID - INFO - Training client 27 (24/30)...
2026-03-19 00:45:40,004 - Server_DefaultID - INFO - Client 27: Acc=59.69, Loss=-41.4704, NLL=-145.4123, KL=4.9716, AvgS=63.05, ProxLoss=0.0000
2026-03-19 00:45:40,004 - Server_DefaultID - INFO - Training client 31 (25/30)...
2026-03-19 00:45:43,467 - Server_DefaultID - INFO - Client 31: Acc=66.84, Loss=-150.6902, NLL=-520.4712, KL=10.2885, AvgS=223.24, ProxLoss=0.0000
2026-03-19 00:45:43,467 - Server_DefaultID - INFO - Training client 58 (26/30)...
2026-03-19 00:45:46,423 - Server_DefaultID - INFO - Client 58: Acc=30.76, Loss=-108.5327, NLL=-379.2888, KL=8.8790, AvgS=162.47, ProxLoss=0.0000
2026-03-19 00:45:46,423 - Server_DefaultID - INFO - Training client 24 (27/30)...
2026-03-19 00:45:47,012 - Server_DefaultID - INFO - Client 24: Acc=52.50, Loss=-16.3831, NLL=-58.6919, KL=2.1572, AvgS=27.24, ProxLoss=0.0000
2026-03-19 00:45:47,012 - Server_DefaultID - INFO - Training client 76 (28/30)...
2026-03-19 00:45:50,336 - Server_DefaultID - INFO - Client 76: Acc=58.52, Loss=-133.4174, NLL=-457.6129, KL=9.7057, AvgS=196.19, ProxLoss=0.0000
2026-03-19 00:45:50,336 - Server_DefaultID - INFO - Training client 47 (29/30)...
2026-03-19 00:45:52,978 - Server_DefaultID - INFO - Client 47: Acc=20.73, Loss=-211.3588, NLL=-717.9841, KL=11.7188, AvgS=308.29, ProxLoss=0.0000
2026-03-19 00:45:52,978 - Server_DefaultID - INFO - Training client 75 (30/30)...
2026-03-19 00:45:56,400 - Server_DefaultID - INFO - Client 75: Acc=67.73, Loss=-317.2512, NLL=-1082.6415, KL=13.6293, AvgS=465.82, ProxLoss=0.0000
2026-03-19 00:45:57,054 - Server_DefaultID - WARNING - Global prior extremely imbalanced (max/min=1.1), applied adaptive smoothing lam=0.11.
2026-03-19 00:45:57,054 - Server_DefaultID - INFO - Round [2/200] Summary | Avg Client Train Stats:	Loss [-203.1049]	 Acc [55.52]	NLL [-695.4207]	 KL [10.8359]	AvgS [298.94]	 ProxLoss [0.0000]
GlobalPriorAlpha (first 10): [5.190499782562256, 5.2281999588012695, 4.810400009155273, 4.9019999504089355, 4.715700149536133, 5.093500137329102, 4.829800128936768, 4.704599857330322, 5.2266998291015625, 5.298699855804443]
Round Time: 89.90s
2026-03-19 00:45:57,056 - Server_DefaultID - INFO - --- Global Round 3/200 ---
2026-03-19 00:45:57,057 - Server_DefaultID - INFO - Selected 30 active clients for round 3.
2026-03-19 00:45:57,057 - Server_DefaultID - INFO - Training client 64 (1/30)...
2026-03-19 00:45:57,834 - Server_DefaultID - INFO - Client 64: Acc=62.19, Loss=-15.5839, NLL=-56.5879, KL=1.9996, AvgS=26.38, ProxLoss=0.0000
2026-03-19 00:45:57,834 - Server_DefaultID - INFO - Training client 96 (2/30)...
2026-03-19 00:46:01,428 - Server_DefaultID - INFO - Client 96: Acc=60.42, Loss=-152.1603, NLL=-525.5564, KL=10.2891, AvgS=225.43, ProxLoss=0.0000
2026-03-19 00:46:01,429 - Server_DefaultID - INFO - Training client 48 (3/30)...
2026-03-19 00:46:09,185 - Server_DefaultID - INFO - Client 48: Acc=54.96, Loss=-331.8558, NLL=-1128.2866, KL=13.8246, AvgS=485.53, ProxLoss=0.0000
2026-03-19 00:46:09,185 - Server_DefaultID - INFO - Training client 18 (4/30)...
2026-03-19 00:46:17,387 - Server_DefaultID - INFO - Client 18: Acc=83.88, Loss=-344.8716, NLL=-1161.4931, KL=13.9625, AvgS=499.88, ProxLoss=0.0000
2026-03-19 00:46:17,387 - Server_DefaultID - INFO - Training client 57 (5/30)...
2026-03-19 00:46:25,698 - Server_DefaultID - INFO - Client 57: Acc=93.84, Loss=-344.1870, NLL=-1161.5037, KL=13.9626, AvgS=499.89, ProxLoss=0.0000
2026-03-19 00:46:25,698 - Server_DefaultID - INFO - Training client 53 (6/30)...
2026-03-19 00:46:30,606 - Server_DefaultID - INFO - Client 53: Acc=22.94, Loss=-168.8381, NLL=-582.6210, KL=10.7260, AvgS=249.93, ProxLoss=0.0000
2026-03-19 00:46:30,606 - Server_DefaultID - INFO - Training client 15 (7/30)...
2026-03-19 00:46:32,025 - Server_DefaultID - INFO - Client 15: Acc=64.53, Loss=-27.3874, NLL=-97.5407, KL=3.6068, AvgS=43.21, ProxLoss=0.0000
2026-03-19 00:46:32,025 - Server_DefaultID - INFO - Training client 32 (8/30)...
2026-03-19 00:46:35,226 - Server_DefaultID - INFO - Client 32: Acc=52.71, Loss=-215.2028, NLL=-732.9496, KL=11.8105, AvgS=314.77, ProxLoss=0.0000
2026-03-19 00:46:35,226 - Server_DefaultID - INFO - Training client 63 (9/30)...
2026-03-19 00:46:38,196 - Server_DefaultID - INFO - Client 63: Acc=33.38, Loss=-73.4538, NLL=-256.9745, KL=7.1356, AvgS=110.20, ProxLoss=0.0000
2026-03-19 00:46:38,197 - Server_DefaultID - INFO - Training client 66 (10/30)...
2026-03-19 00:46:42,001 - Server_DefaultID - INFO - Client 66: Acc=37.81, Loss=-110.8475, NLL=-385.5990, KL=8.5352, AvgS=165.39, ProxLoss=0.0000
2026-03-19 00:46:42,002 - Server_DefaultID - INFO - Training client 35 (11/30)...
2026-03-19 00:46:44,307 - Server_DefaultID - INFO - Client 35: Acc=55.83, Loss=-87.3420, NLL=-300.6180, KL=7.8945, AvgS=128.88, ProxLoss=0.0000
2026-03-19 00:46:44,308 - Server_DefaultID - INFO - Training client 43 (12/30)...
2026-03-19 00:46:51,127 - Server_DefaultID - INFO - Client 43: Acc=61.11, Loss=-343.8485, NLL=-1160.4883, KL=13.9585, AvgS=499.45, ProxLoss=0.0000
2026-03-19 00:46:51,127 - Server_DefaultID - INFO - Training client 2 (13/30)...
2026-03-19 00:46:56,139 - Server_DefaultID - INFO - Client 2: Acc=39.20, Loss=-149.9425, NLL=-517.7096, KL=10.2737, AvgS=221.96, ProxLoss=0.0000
2026-03-19 00:46:56,139 - Server_DefaultID - INFO - Training client 52 (14/30)...
2026-03-19 00:46:58,339 - Server_DefaultID - INFO - Client 52: Acc=62.92, Loss=-85.6713, NLL=-296.9179, KL=7.8065, AvgS=127.32, ProxLoss=0.0000
2026-03-19 00:46:58,339 - Server_DefaultID - INFO - Training client 12 (15/30)...
2026-03-19 00:47:01,199 - Server_DefaultID - INFO - Client 12: Acc=47.44, Loss=-74.4772, NLL=-257.5730, KL=7.1166, AvgS=110.49, ProxLoss=0.0000
2026-03-19 00:47:01,199 - Server_DefaultID - INFO - Training client 10 (16/30)...
2026-03-19 00:47:03,938 - Server_DefaultID - INFO - Client 10: Acc=39.69, Loss=-125.2192, NLL=-427.5350, KL=9.4107, AvgS=183.25, ProxLoss=0.0000
2026-03-19 00:47:03,938 - Server_DefaultID - INFO - Training client 97 (17/30)...
2026-03-19 00:47:23,785 - Server_DefaultID - INFO - Client 97: Acc=99.56, Loss=-342.5147, NLL=-1161.7419, KL=13.9635, AvgS=499.99, ProxLoss=0.0000
2026-03-19 00:47:23,786 - Server_DefaultID - INFO - Training client 95 (18/30)...
2026-03-19 00:47:30,038 - Server_DefaultID - INFO - Client 95: Acc=61.88, Loss=-330.9086, NLL=-1127.6355, KL=13.8234, AvgS=485.25, ProxLoss=0.0000
2026-03-19 00:47:30,038 - Server_DefaultID - INFO - Training client 83 (19/30)...
2026-03-19 00:47:37,720 - Server_DefaultID - INFO - Client 83: Acc=99.69, Loss=-335.2670, NLL=-1145.5027, KL=13.8974, AvgS=492.97, ProxLoss=0.0000
2026-03-19 00:47:37,720 - Server_DefaultID - INFO - Training client 24 (20/30)...
2026-03-19 00:47:38,962 - Server_DefaultID - INFO - Client 24: Acc=56.56, Loss=-27.2734, NLL=-95.0794, KL=3.5299, AvgS=42.15, ProxLoss=0.0000
2026-03-19 00:47:38,962 - Server_DefaultID - INFO - Training client 61 (21/30)...
2026-03-19 00:47:42,868 - Server_DefaultID - INFO - Client 61: Acc=59.06, Loss=-74.9371, NLL=-258.6130, KL=7.2209, AvgS=111.01, ProxLoss=0.0000
2026-03-19 00:47:42,868 - Server_DefaultID - INFO - Training client 21 (22/30)...
2026-03-19 00:47:48,289 - Server_DefaultID - INFO - Client 21: Acc=40.23, Loss=-345.1783, NLL=-1160.2332, KL=13.9575, AvgS=499.34, ProxLoss=0.0000
2026-03-19 00:47:48,289 - Server_DefaultID - INFO - Training client 70 (23/30)...
2026-03-19 00:47:53,193 - Server_DefaultID - INFO - Client 70: Acc=72.88, Loss=-74.4406, NLL=-261.2406, KL=7.2409, AvgS=112.15, ProxLoss=0.0000
2026-03-19 00:47:53,194 - Server_DefaultID - INFO - Training client 44 (24/30)...
2026-03-19 00:48:00,020 - Server_DefaultID - INFO - Client 44: Acc=61.04, Loss=-154.4864, NLL=-533.6391, KL=10.3728, AvgS=228.87, ProxLoss=0.0000
2026-03-19 00:48:00,020 - Server_DefaultID - INFO - Training client 69 (25/30)...
2026-03-19 00:48:02,188 - Server_DefaultID - INFO - Client 69: Acc=27.34, Loss=-52.7166, NLL=-184.8499, KL=5.8420, AvgS=79.51, ProxLoss=0.0000
2026-03-19 00:48:02,188 - Server_DefaultID - INFO - Training client 27 (26/30)...
2026-03-19 00:48:04,666 - Server_DefaultID - INFO - Client 27: Acc=54.90, Loss=-87.6959, NLL=-301.9064, KL=7.9342, AvgS=129.43, ProxLoss=0.0000
2026-03-19 00:48:04,667 - Server_DefaultID - INFO - Training client 87 (27/30)...
2026-03-19 00:48:09,742 - Server_DefaultID - INFO - Client 87: Acc=14.55, Loss=-271.1918, NLL=-916.7527, KL=12.8329, AvgS=394.10, ProxLoss=0.0000
2026-03-19 00:48:09,743 - Server_DefaultID - INFO - Training client 51 (28/30)...
2026-03-19 00:48:11,317 - Server_DefaultID - INFO - Client 51: Acc=19.38, Loss=-84.9481, NLL=-290.9657, KL=7.7661, AvgS=124.65, ProxLoss=0.0000
2026-03-19 00:48:11,317 - Server_DefaultID - INFO - Training client 38 (29/30)...
2026-03-19 00:48:13,321 - Server_DefaultID - INFO - Client 38: Acc=46.41, Loss=-53.8318, NLL=-186.1231, KL=5.8470, AvgS=80.22, ProxLoss=0.0000
2026-03-19 00:48:13,321 - Server_DefaultID - INFO - Training client 76 (30/30)...
2026-03-19 00:48:19,095 - Server_DefaultID - INFO - Client 76: Acc=57.77, Loss=-306.7013, NLL=-1037.6374, KL=13.4154, AvgS=446.37, ProxLoss=0.0000
2026-03-19 00:48:20,137 - Server_DefaultID - WARNING - Global prior extremely imbalanced (max/min=1.2), applied adaptive smoothing lam=0.12.
2026-03-19 00:48:20,139 - Server_DefaultID - INFO - Round [3/200] Summary | Avg Client Train Stats:	Loss [-238.5098]	 Acc [62.37]	NLL [-811.0563]	 KL [11.5692]	AvgS [348.82]	 ProxLoss [0.0000]
GlobalPriorAlpha (first 10): [5.391200065612793, 5.223800182342529, 4.698599815368652, 4.856299877166748, 4.928599834442139, 5.0665998458862305, 4.839799880981445, 4.6539998054504395, 5.162199974060059, 5.178899765014648]
Round Time: 143.08s
2026-03-19 00:48:20,142 - Server_DefaultID - INFO - --- Global Round 4/200 ---
2026-03-19 00:48:20,143 - Server_DefaultID - INFO - Selected 30 active clients for round 4.
2026-03-19 00:48:20,143 - Server_DefaultID - INFO - Training client 63 (1/30)...
2026-03-19 00:48:24,898 - Server_DefaultID - INFO - Client 63: Acc=21.88, Loss=-159.5888, NLL=-548.0462, KL=10.3365, AvgS=235.10, ProxLoss=0.0000
2026-03-19 00:48:24,898 - Server_DefaultID - INFO - Training client 19 (2/30)...
2026-03-19 00:48:38,504 - Server_DefaultID - INFO - Client 19: Acc=95.47, Loss=-343.2513, NLL=-1161.6697, KL=13.9632, AvgS=499.96, ProxLoss=0.0000
2026-03-19 00:48:38,504 - Server_DefaultID - INFO - Training client 49 (3/30)...
2026-03-19 00:48:51,210 - Server_DefaultID - INFO - Client 49: Acc=62.05, Loss=-107.7923, NLL=-376.5457, KL=8.7871, AvgS=161.42, ProxLoss=0.0000
2026-03-19 00:48:51,210 - Server_DefaultID - INFO - Training client 59 (4/30)...
2026-03-19 00:49:01,436 - Server_DefaultID - INFO - Client 59: Acc=58.72, Loss=-157.2116, NLL=-542.1630, KL=10.4121, AvgS=232.59, ProxLoss=0.0000
2026-03-19 00:49:01,436 - Server_DefaultID - INFO - Training client 57 (5/30)...
2026-03-19 00:49:20,552 - Server_DefaultID - INFO - Client 57: Acc=93.82, Loss=-344.2638, NLL=-1161.6955, KL=13.9633, AvgS=499.97, ProxLoss=0.0000
2026-03-19 00:49:20,552 - Server_DefaultID - INFO - Training client 72 (6/30)...
2026-03-19 00:49:25,070 - Server_DefaultID - INFO - Client 72: Acc=46.72, Loss=-55.1210, NLL=-195.7861, KL=6.0027, AvgS=84.17, ProxLoss=0.0000
2026-03-19 00:49:25,070 - Server_DefaultID - INFO - Training client 52 (7/30)...
2026-03-19 00:49:28,082 - Server_DefaultID - INFO - Client 52: Acc=62.60, Loss=-141.5261, NLL=-485.3189, KL=9.9821, AvgS=208.11, ProxLoss=0.0000
2026-03-19 00:49:28,082 - Server_DefaultID - INFO - Training client 24 (8/30)...
2026-03-19 00:49:29,416 - Server_DefaultID - INFO - Client 24: Acc=53.44, Loss=-39.8291, NLL=-137.6772, KL=4.7381, AvgS=59.89, ProxLoss=0.0000
2026-03-19 00:49:29,417 - Server_DefaultID - INFO - Training client 58 (9/30)...
2026-03-19 00:49:37,773 - Server_DefaultID - INFO - Client 58: Acc=22.41, Loss=-249.8905, NLL=-856.9830, KL=12.5170, AvgS=368.28, ProxLoss=0.0000
2026-03-19 00:49:37,773 - Server_DefaultID - INFO - Training client 37 (10/30)...
2026-03-19 00:49:41,953 - Server_DefaultID - INFO - Client 37: Acc=60.23, Loss=-56.1625, NLL=-196.6092, KL=6.0504, AvgS=84.68, ProxLoss=0.0000
2026-03-19 00:49:41,953 - Server_DefaultID - INFO - Training client 92 (11/30)...
2026-03-19 00:49:46,430 - Server_DefaultID - INFO - Client 92: Acc=43.52, Loss=-54.1773, NLL=-192.1923, KL=5.9475, AvgS=82.63, ProxLoss=0.0000
2026-03-19 00:49:46,430 - Server_DefaultID - INFO - Training client 82 (12/30)...
2026-03-19 00:49:51,495 - Server_DefaultID - INFO - Client 82: Acc=52.25, Loss=-160.4487, NLL=-552.3255, KL=10.5461, AvgS=236.89, ProxLoss=0.0000
2026-03-19 00:49:51,495 - Server_DefaultID - INFO - Training client 60 (13/30)...
2026-03-19 00:49:55,148 - Server_DefaultID - INFO - Client 60: Acc=40.31, Loss=-135.7189, NLL=-468.5454, KL=9.7700, AvgS=200.83, ProxLoss=0.0000
2026-03-19 00:49:55,148 - Server_DefaultID - INFO - Training client 66 (14/30)...
2026-03-19 00:50:02,563 - Server_DefaultID - INFO - Client 66: Acc=44.11, Loss=-247.1047, NLL=-845.2127, KL=12.2209, AvgS=363.31, ProxLoss=0.0000
2026-03-19 00:50:02,563 - Server_DefaultID - INFO - Training client 30 (15/30)...
2026-03-19 00:50:11,781 - Server_DefaultID - INFO - Client 30: Acc=45.90, Loss=-301.7013, NLL=-1036.3860, KL=13.4147, AvgS=445.81, ProxLoss=0.0000
2026-03-19 00:50:11,781 - Server_DefaultID - INFO - Training client 2 (16/30)...
2026-03-19 00:50:21,820 - Server_DefaultID - INFO - Client 2: Acc=48.78, Loss=-329.1674, NLL=-1120.5114, KL=13.7913, AvgS=482.16, ProxLoss=0.0000
2026-03-19 00:50:21,820 - Server_DefaultID - INFO - Training client 0 (17/30)...
2026-03-19 00:50:23,017 - Server_DefaultID - INFO - Client 0: Acc=44.69, Loss=-15.7115, NLL=-57.0331, KL=2.0303, AvgS=26.50, ProxLoss=0.0000
2026-03-19 00:50:23,017 - Server_DefaultID - INFO - Training client 4 (18/30)...
2026-03-19 00:50:29,549 - Server_DefaultID - INFO - Client 4: Acc=40.36, Loss=-90.8165, NLL=-314.3423, KL=8.0243, AvgS=134.69, ProxLoss=0.0000
2026-03-19 00:50:29,549 - Server_DefaultID - INFO - Training client 9 (19/30)...
2026-03-19 00:50:37,754 - Server_DefaultID - INFO - Client 9: Acc=46.79, Loss=-111.1402, NLL=-389.1522, KL=9.0198, AvgS=166.70, ProxLoss=0.0000
2026-03-19 00:50:37,754 - Server_DefaultID - INFO - Training client 7 (20/30)...
2026-03-19 00:50:45,235 - Server_DefaultID - INFO - Client 7: Acc=42.34, Loss=-87.3958, NLL=-306.1979, KL=7.8107, AvgS=131.25, ProxLoss=0.0000
2026-03-19 00:50:45,235 - Server_DefaultID - INFO - Training client 41 (21/30)...
2026-03-19 00:50:53,808 - Server_DefaultID - INFO - Client 41: Acc=30.74, Loss=-134.4991, NLL=-466.9425, KL=9.8210, AvgS=200.12, ProxLoss=0.0000
2026-03-19 00:50:53,808 - Server_DefaultID - INFO - Training client 35 (22/30)...
2026-03-19 00:50:57,103 - Server_DefaultID - INFO - Client 35: Acc=58.33, Loss=-143.2607, NLL=-488.8855, KL=9.9990, AvgS=209.64, ProxLoss=0.0000
2026-03-19 00:50:57,103 - Server_DefaultID - INFO - Training client 93 (23/30)...
2026-03-19 00:50:59,550 - Server_DefaultID - INFO - Client 93: Acc=33.91, Loss=-85.0240, NLL=-293.3371, KL=7.7950, AvgS=125.66, ProxLoss=0.0000
2026-03-19 00:50:59,550 - Server_DefaultID - INFO - Training client 71 (24/30)...
2026-03-19 00:51:02,079 - Server_DefaultID - INFO - Client 71: Acc=67.81, Loss=-55.7058, NLL=-192.7677, KL=6.0889, AvgS=83.03, ProxLoss=0.0000
2026-03-19 00:51:02,079 - Server_DefaultID - INFO - Training client 64 (25/30)...
2026-03-19 00:51:03,311 - Server_DefaultID - INFO - Client 64: Acc=66.25, Loss=-26.5510, NLL=-94.1985, KL=3.4506, AvgS=41.80, ProxLoss=0.0000
2026-03-19 00:51:03,311 - Server_DefaultID - INFO - Training client 23 (26/30)...
2026-03-19 00:51:04,553 - Server_DefaultID - INFO - Client 23: Acc=76.61, Loss=-27.1622, NLL=-96.2703, KL=3.5433, AvgS=42.59, ProxLoss=0.0000
2026-03-19 00:51:04,553 - Server_DefaultID - INFO - Training client 26 (27/30)...
2026-03-19 00:51:22,739 - Server_DefaultID - INFO - Client 26: Acc=94.32, Loss=-343.7313, NLL=-1161.6484, KL=13.9632, AvgS=499.95, ProxLoss=0.0000
2026-03-19 00:51:22,739 - Server_DefaultID - INFO - Training client 33 (28/30)...
2026-03-19 00:51:30,291 - Server_DefaultID - INFO - Client 33: Acc=33.08, Loss=-266.9395, NLL=-904.5554, KL=12.7412, AvgS=388.87, ProxLoss=0.0000
2026-03-19 00:51:30,291 - Server_DefaultID - INFO - Training client 78 (29/30)...
2026-03-19 00:52:04,166 - Server_DefaultID - INFO - Client 78: Acc=81.82, Loss=-344.4989, NLL=-1161.5593, KL=13.9628, AvgS=499.91, ProxLoss=0.0000
2026-03-19 00:52:04,167 - Server_DefaultID - INFO - Training client 85 (30/30)...
2026-03-19 00:52:17,940 - Server_DefaultID - INFO - Client 85: Acc=99.77, Loss=-341.8943, NLL=-1160.9684, KL=13.9604, AvgS=499.65, ProxLoss=0.0000
2026-03-19 00:52:19,801 - Server_DefaultID - WARNING - Global prior extremely imbalanced (max/min=1.1), applied adaptive smoothing lam=0.11.
2026-03-19 00:52:19,802 - Server_DefaultID - INFO - Round [4/200] Summary | Avg Client Train Stats:	Loss [-237.0391]	 Acc [64.32]	NLL [-806.6704]	 KL [11.5571]	AvgS [346.91]	 ProxLoss [0.0000]
GlobalPriorAlpha (first 10): [4.9608001708984375, 5.120500087738037, 4.797900199890137, 4.878300189971924, 4.968500137329102, 5.071199893951416, 4.967400074005127, 4.893700122833252, 5.076499938964844, 5.265100002288818]
Round Time: 239.66s
2026-03-19 00:52:19,805 - Server_DefaultID - INFO - --- Global Round 5/200 ---
2026-03-19 00:52:19,805 - Server_DefaultID - INFO - Selected 30 active clients for round 5.
2026-03-19 00:52:19,805 - Server_DefaultID - INFO - Training client 75 (1/30)...
2026-03-19 00:52:28,577 - Server_DefaultID - INFO - Client 75: Acc=72.03, Loss=-343.2871, NLL=-1161.3034, KL=13.9618, AvgS=499.80, ProxLoss=0.0000
2026-03-19 00:52:28,577 - Server_DefaultID - INFO - Training client 10 (2/30)...
2026-03-19 00:52:32,439 - Server_DefaultID - INFO - Client 10: Acc=37.81, Loss=-207.4040, NLL=-704.2281, KL=11.6385, AvgS=302.38, ProxLoss=0.0000
2026-03-19 00:52:32,439 - Server_DefaultID - INFO - Training client 98 (3/30)...
2026-03-19 00:52:35,891 - Server_DefaultID - INFO - Client 98: Acc=72.40, Loss=-84.1627, NLL=-295.9795, KL=7.8258, AvgS=127.00, ProxLoss=0.0000
2026-03-19 00:52:35,891 - Server_DefaultID - INFO - Training client 87 (4/30)...
2026-03-19 00:52:43,311 - Server_DefaultID - INFO - Client 87: Acc=31.61, Loss=-344.9091, NLL=-1158.4844, KL=13.9506, AvgS=498.58, ProxLoss=0.0000
2026-03-19 00:52:43,311 - Server_DefaultID - INFO - Training client 47 (5/30)...
2026-03-19 00:52:50,975 - Server_DefaultID - INFO - Client 47: Acc=40.42, Loss=-320.8141, NLL=-1087.0601, KL=13.6426, AvgS=467.71, ProxLoss=0.0000
2026-03-19 00:52:50,975 - Server_DefaultID - INFO - Training client 40 (6/30)...
2026-03-19 00:52:57,568 - Server_DefaultID - INFO - Client 40: Acc=57.81, Loss=-94.3843, NLL=-324.8401, KL=8.1865, AvgS=139.27, ProxLoss=0.0000
2026-03-19 00:52:57,568 - Server_DefaultID - INFO - Training client 33 (7/30)...
2026-03-19 00:53:04,967 - Server_DefaultID - INFO - Client 33: Acc=57.46, Loss=-344.2146, NLL=-1157.3907, KL=13.9459, AvgS=498.11, ProxLoss=0.0000
2026-03-19 00:53:04,967 - Server_DefaultID - INFO - Training client 97 (8/30)...
2026-03-19 00:53:33,577 - Server_DefaultID - INFO - Client 97: Acc=99.56, Loss=-342.4421, NLL=-1161.6987, KL=13.9633, AvgS=499.97, ProxLoss=0.0000
2026-03-19 00:53:33,577 - Server_DefaultID - INFO - Training client 31 (9/30)...
2026-03-19 00:53:42,717 - Server_DefaultID - INFO - Client 31: Acc=46.46, Loss=-330.1351, NLL=-1128.1314, KL=13.8232, AvgS=485.46, ProxLoss=0.0000
2026-03-19 00:53:42,717 - Server_DefaultID - INFO - Training client 38 (10/30)...
2026-03-19 00:53:45,483 - Server_DefaultID - INFO - Client 38: Acc=42.19, Loss=-84.1679, NLL=-288.4422, KL=7.6727, AvgS=123.70, ProxLoss=0.0000
2026-03-19 00:53:45,483 - Server_DefaultID - INFO - Training client 66 (11/30)...
2026-03-19 00:53:54,062 - Server_DefaultID - INFO - Client 66: Acc=86.03, Loss=-337.1051, NLL=-1143.6158, KL=13.8872, AvgS=492.16, ProxLoss=0.0000
2026-03-19 00:53:54,062 - Server_DefaultID - INFO - Training client 12 (12/30)...
2026-03-19 00:53:59,961 - Server_DefaultID - INFO - Client 12: Acc=43.38, Loss=-163.8036, NLL=-558.7546, KL=10.4589, AvgS=239.71, ProxLoss=0.0000
2026-03-19 00:53:59,961 - Server_DefaultID - INFO - Training client 82 (13/30)...
2026-03-19 00:54:06,114 - Server_DefaultID - INFO - Client 82: Acc=49.00, Loss=-274.0155, NLL=-936.4587, KL=12.9368, AvgS=402.63, ProxLoss=0.0000
2026-03-19 00:54:06,114 - Server_DefaultID - INFO - Training client 91 (14/30)...
2026-03-19 00:54:09,270 - Server_DefaultID - INFO - Client 91: Acc=70.73, Loss=-86.3983, NLL=-301.9064, KL=7.9354, AvgS=129.38, ProxLoss=0.0000
2026-03-19 00:54:09,270 - Server_DefaultID - INFO - Training client 89 (15/30)...
2026-03-19 00:54:24,311 - Server_DefaultID - INFO - Client 89: Acc=98.55, Loss=-343.0090, NLL=-1161.6545, KL=13.9632, AvgS=499.95, ProxLoss=0.0000
2026-03-19 00:54:24,311 - Server_DefaultID - INFO - Training client 80 (16/30)...
2026-03-19 00:54:25,673 - Server_DefaultID - INFO - Client 80: Acc=63.12, Loss=-15.7855, NLL=-56.9367, KL=2.0865, AvgS=26.52, ProxLoss=0.0000
2026-03-19 00:54:25,673 - Server_DefaultID - INFO - Training client 44 (17/30)...
2026-03-19 00:54:36,637 - Server_DefaultID - INFO - Client 44: Acc=61.01, Loss=-335.5782, NLL=-1139.3070, KL=13.8708, AvgS=490.29, ProxLoss=0.0000
2026-03-19 00:54:36,638 - Server_DefaultID - INFO - Training client 43 (18/30)...
2026-03-19 00:54:48,673 - Server_DefaultID - INFO - Client 43: Acc=68.49, Loss=-344.1217, NLL=-1161.3061, KL=13.9618, AvgS=499.80, ProxLoss=0.0000
2026-03-19 00:54:48,673 - Server_DefaultID - INFO - Training client 26 (19/30)...
2026-03-19 00:55:07,161 - Server_DefaultID - INFO - Client 26: Acc=94.25, Loss=-343.6979, NLL=-1161.6228, KL=13.9631, AvgS=499.94, ProxLoss=0.0000
2026-03-19 00:55:07,161 - Server_DefaultID - INFO - Training client 21 (20/30)...
2026-03-19 00:55:16,436 - Server_DefaultID - INFO - Client 21: Acc=47.42, Loss=-345.9138, NLL=-1161.4982, KL=13.9626, AvgS=499.88, ProxLoss=0.0000
2026-03-19 00:55:16,436 - Server_DefaultID - INFO - Training client 42 (21/30)...
2026-03-19 00:55:23,067 - Server_DefaultID - INFO - Client 42: Acc=51.82, Loss=-90.5109, NLL=-316.3270, KL=8.0760, AvgS=135.54, ProxLoss=0.0000
2026-03-19 00:55:23,067 - Server_DefaultID - INFO - Training client 84 (22/30)...
2026-03-19 00:55:24,535 - Server_DefaultID - INFO - Client 84: Acc=46.04, Loss=-14.8896, NLL=-55.0082, KL=1.8215, AvgS=25.44, ProxLoss=0.0000
2026-03-19 00:55:24,535 - Server_DefaultID - INFO - Training client 17 (23/30)...
2026-03-19 00:55:27,147 - Server_DefaultID - INFO - Client 17: Acc=56.56, Loss=-53.5625, NLL=-186.6075, KL=5.8600, AvgS=80.30, ProxLoss=0.0000
2026-03-19 00:55:27,147 - Server_DefaultID - INFO - Training client 41 (24/30)...
2026-03-19 00:55:36,506 - Server_DefaultID - INFO - Client 41: Acc=31.21, Loss=-305.2490, NLL=-1043.4564, KL=13.4536, AvgS=448.85, ProxLoss=0.0000
2026-03-19 00:55:36,507 - Server_DefaultID - INFO - Training client 27 (25/30)...
2026-03-19 00:55:39,931 - Server_DefaultID - INFO - Client 27: Acc=56.04, Loss=-143.1917, NLL=-488.9665, KL=10.0523, AvgS=209.66, ProxLoss=0.0000
2026-03-19 00:55:39,931 - Server_DefaultID - INFO - Training client 20 (26/30)...
2026-03-19 00:55:46,548 - Server_DefaultID - INFO - Client 20: Acc=57.24, Loss=-215.7152, NLL=-729.8829, KL=11.7576, AvgS=313.49, ProxLoss=0.0000
2026-03-19 00:55:46,548 - Server_DefaultID - INFO - Training client 93 (27/30)...
2026-03-19 00:55:48,909 - Server_DefaultID - INFO - Client 93: Acc=33.91, Loss=-118.0923, NLL=-405.7527, KL=9.1549, AvgS=173.85, ProxLoss=0.0000
2026-03-19 00:55:48,909 - Server_DefaultID - INFO - Training client 39 (28/30)...
2026-03-19 00:56:15,118 - Server_DefaultID - INFO - Client 39: Acc=68.58, Loss=-344.4708, NLL=-1161.4034, KL=13.9622, AvgS=499.84, ProxLoss=0.0000
2026-03-19 00:56:15,118 - Server_DefaultID - INFO - Training client 54 (29/30)...
2026-03-19 00:56:20,818 - Server_DefaultID - INFO - Client 54: Acc=76.72, Loss=-26.0716, NLL=-93.6203, KL=3.4466, AvgS=41.49, ProxLoss=0.0000
2026-03-19 00:56:20,818 - Server_DefaultID - INFO - Training client 37 (30/30)...
2026-03-19 00:56:31,436 - Server_DefaultID - INFO - Client 37: Acc=56.09, Loss=-121.8551, NLL=-417.8553, KL=9.3186, AvgS=179.12, ProxLoss=0.0000
2026-03-19 00:56:35,216 - Server_DefaultID - WARNING - Global prior extremely imbalanced (max/min=1.0), applied adaptive smoothing lam=0.10.
2026-03-19 00:56:35,218 - Server_DefaultID - INFO - Round [5/200] Summary | Avg Client Train Stats:	Loss [-282.0664]	 Acc [66.65]	NLL [-956.2482]	 KL [12.5700]	AvgS [411.41]	 ProxLoss [0.0000]
GlobalPriorAlpha (first 10): [5.016600131988525, 5.035399913787842, 4.962800025939941, 4.996399879455566, 4.979499816894531, 5.013899803161621, 4.951300144195557, 4.95989990234375, 5.035099983215332, 5.048999786376953]
Round Time: 255.41s
2026-03-19 00:56:35,221 - Server_DefaultID - INFO - --- Global Round 6/200 ---
2026-03-19 00:56:35,221 - Server_DefaultID - INFO - Selected 30 active clients for round 6.
2026-03-19 00:56:35,221 - Server_DefaultID - INFO - Training client 41 (1/30)...
2026-03-19 00:56:55,573 - Server_DefaultID - INFO - Client 41: Acc=55.74, Loss=-343.7191, NLL=-1161.3678, KL=13.9620, AvgS=499.83, ProxLoss=0.0000
2026-03-19 00:56:55,573 - Server_DefaultID - INFO - Training client 57 (2/30)...
2026-03-19 00:57:33,303 - Server_DefaultID - INFO - Client 57: Acc=93.84, Loss=-344.1462, NLL=-1161.5593, KL=13.9628, AvgS=499.91, ProxLoss=0.0000
2026-03-19 00:57:33,303 - Server_DefaultID - INFO - Training client 25 (3/30)...
2026-03-19 00:57:36,718 - Server_DefaultID - INFO - Client 25: Acc=53.59, Loss=-25.5042, NLL=-92.2899, KL=3.1608, AvgS=40.75, ProxLoss=0.0000
2026-03-19 00:57:36,722 - Server_DefaultID - INFO - Training client 92 (4/30)...
2026-03-19 00:57:42,059 - Server_DefaultID - INFO - Client 92: Acc=46.17, Loss=-121.5422, NLL=-420.1246, KL=9.3240, AvgS=180.01, ProxLoss=0.0000
2026-03-19 00:57:42,060 - Server_DefaultID - INFO - Training client 16 (5/30)...
2026-03-19 00:57:44,840 - Server_DefaultID - INFO - Client 16: Acc=67.03, Loss=-26.3034, NLL=-94.8635, KL=3.4339, AvgS=42.00, ProxLoss=0.0000
2026-03-19 00:57:44,840 - Server_DefaultID - INFO - Training client 10 (6/30)...
2026-03-19 00:57:50,393 - Server_DefaultID - INFO - Client 10: Acc=33.20, Loss=-299.2415, NLL=-1011.8487, KL=13.2952, AvgS=435.21, ProxLoss=0.0000
2026-03-19 00:57:50,393 - Server_DefaultID - INFO - Training client 42 (7/30)...
2026-03-19 00:57:57,532 - Server_DefaultID - INFO - Client 42: Acc=49.48, Loss=-209.5766, NLL=-717.3334, KL=11.7230, AvgS=308.02, ProxLoss=0.0000
2026-03-19 00:57:57,532 - Server_DefaultID - INFO - Training client 59 (8/30)...
2026-03-19 00:58:08,002 - Server_DefaultID - INFO - Client 59: Acc=63.65, Loss=-339.3608, NLL=-1149.6418, KL=13.9144, AvgS=494.76, ProxLoss=0.0000
2026-03-19 00:58:08,002 - Server_DefaultID - INFO - Training client 76 (9/30)...
2026-03-19 00:58:18,032 - Server_DefaultID - INFO - Client 76: Acc=52.54, Loss=-345.5741, NLL=-1160.3339, KL=13.9578, AvgS=499.38, ProxLoss=0.0000
2026-03-19 00:58:18,033 - Server_DefaultID - INFO - Training client 43 (10/30)...
2026-03-19 00:58:32,607 - Server_DefaultID - INFO - Client 43: Acc=69.77, Loss=-344.1564, NLL=-1161.4880, KL=13.9625, AvgS=499.88, ProxLoss=0.0000
2026-03-19 00:58:32,607 - Server_DefaultID - INFO - Training client 47 (11/30)...
2026-03-19 00:58:39,273 - Server_DefaultID - INFO - Client 47: Acc=48.07, Loss=-345.6027, NLL=-1161.3596, KL=13.9620, AvgS=499.82, ProxLoss=0.0000
2026-03-19 00:58:39,273 - Server_DefaultID - INFO - Training client 70 (12/30)...
2026-03-19 00:58:46,007 - Server_DefaultID - INFO - Client 70: Acc=61.56, Loss=-161.5831, NLL=-558.7391, KL=10.6406, AvgS=239.67, ProxLoss=0.0000
2026-03-19 00:58:46,007 - Server_DefaultID - INFO - Training client 52 (13/30)...
2026-03-19 00:58:49,333 - Server_DefaultID - INFO - Client 52: Acc=62.29, Loss=-205.3724, NLL=-700.9761, KL=11.6316, AvgS=301.01, ProxLoss=0.0000
2026-03-19 00:58:49,333 - Server_DefaultID - INFO - Training client 7 (14/30)...
2026-03-19 00:58:58,350 - Server_DefaultID - INFO - Client 7: Acc=33.59, Loss=-211.5624, NLL=-723.9022, KL=11.6809, AvgS=310.87, ProxLoss=0.0000
2026-03-19 00:58:58,350 - Server_DefaultID - INFO - Training client 73 (15/30)...
2026-03-19 00:59:14,381 - Server_DefaultID - INFO - Client 73: Acc=72.72, Loss=-343.5857, NLL=-1161.1799, KL=13.9613, AvgS=499.75, ProxLoss=0.0000
2026-03-19 00:59:14,381 - Server_DefaultID - INFO - Training client 99 (16/30)...
2026-03-19 00:59:15,592 - Server_DefaultID - INFO - Client 99: Acc=36.88, Loss=-15.9821, NLL=-57.7469, KL=2.0936, AvgS=26.80, ProxLoss=0.0000
2026-03-19 00:59:15,593 - Server_DefaultID - INFO - Training client 75 (17/30)...
2026-03-19 00:59:25,872 - Server_DefaultID - INFO - Client 75: Acc=79.80, Loss=-343.3975, NLL=-1161.5840, KL=13.9629, AvgS=499.92, ProxLoss=0.0000
2026-03-19 00:59:25,872 - Server_DefaultID - INFO - Training client 38 (18/30)...
2026-03-19 00:59:28,239 - Server_DefaultID - INFO - Client 38: Acc=44.84, Loss=-118.8282, NLL=-404.7403, KL=9.0726, AvgS=173.53, ProxLoss=0.0000
2026-03-19 00:59:28,239 - Server_DefaultID - INFO - Training client 9 (19/30)...
2026-03-19 00:59:37,849 - Server_DefaultID - INFO - Client 9: Acc=44.29, Loss=-261.8286, NLL=-896.5982, KL=12.7471, AvgS=385.39, ProxLoss=0.0000
2026-03-19 00:59:37,849 - Server_DefaultID - INFO - Training client 61 (20/30)...
2026-03-19 00:59:44,211 - Server_DefaultID - INFO - Client 61: Acc=54.31, Loss=-160.5143, NLL=-546.6284, KL=10.5103, AvgS=234.50, ProxLoss=0.0000
2026-03-19 00:59:44,211 - Server_DefaultID - INFO - Training client 2 (21/30)...
2026-03-19 00:59:54,753 - Server_DefaultID - INFO - Client 2: Acc=79.48, Loss=-344.4861, NLL=-1161.4641, KL=13.9624, AvgS=499.87, ProxLoss=0.0000
2026-03-19 00:59:54,753 - Server_DefaultID - INFO - Training client 45 (22/30)...
2026-03-19 01:00:05,299 - Server_DefaultID - INFO - Client 45: Acc=40.47, Loss=-125.4941, NLL=-435.4125, KL=9.4967, AvgS=186.59, ProxLoss=0.0000
2026-03-19 01:00:05,300 - Server_DefaultID - INFO - Training client 44 (23/30)...
2026-03-19 01:00:16,452 - Server_DefaultID - INFO - Client 44: Acc=68.30, Loss=-344.0555, NLL=-1161.6403, KL=13.9631, AvgS=499.94, ProxLoss=0.0000
2026-03-19 01:00:16,452 - Server_DefaultID - INFO - Training client 36 (24/30)...
2026-03-19 01:00:47,361 - Server_DefaultID - INFO - Client 36: Acc=74.20, Loss=-343.0068, NLL=-1161.1423, KL=13.9612, AvgS=499.73, ProxLoss=0.0000
2026-03-19 01:00:47,361 - Server_DefaultID - INFO - Training client 17 (25/30)...
2026-03-19 01:00:50,807 - Server_DefaultID - INFO - Client 17: Acc=57.19, Loss=-84.7973, NLL=-292.1585, KL=7.7184, AvgS=125.21, ProxLoss=0.0000
2026-03-19 01:00:50,807 - Server_DefaultID - INFO - Training client 72 (26/30)...
2026-03-19 01:00:55,078 - Server_DefaultID - INFO - Client 72: Acc=44.77, Loss=-119.4014, NLL=-414.6027, KL=9.2198, AvgS=177.66, ProxLoss=0.0000
2026-03-19 01:00:55,079 - Server_DefaultID - INFO - Training client 23 (27/30)...
2026-03-19 01:00:56,839 - Server_DefaultID - INFO - Client 23: Acc=75.25, Loss=-39.9728, NLL=-140.4946, KL=4.8356, AvgS=61.00, ProxLoss=0.0000
2026-03-19 01:00:56,839 - Server_DefaultID - INFO - Training client 49 (28/30)...
2026-03-19 01:01:04,498 - Server_DefaultID - INFO - Client 49: Acc=65.36, Loss=-266.1739, NLL=-908.4318, KL=12.8028, AvgS=390.58, ProxLoss=0.0000
2026-03-19 01:01:04,498 - Server_DefaultID - INFO - Training client 90 (29/30)...
2026-03-19 01:01:16,122 - Client_90 - WARNING - Client 90: Too few classes (1) or samples (592) for alpha report, returning uniform.
2026-03-19 01:01:16,123 - Server_DefaultID - INFO - Client 90: Acc=30.45, Loss=-150.5221, NLL=-527.0608, KL=10.2948, AvgS=226.00, ProxLoss=0.0000
2026-03-19 01:01:16,123 - Server_DefaultID - INFO - Training client 3 (30/30)...
2026-03-19 01:01:23,258 - Server_DefaultID - INFO - Client 3: Acc=46.04, Loss=-89.1560, NLL=-310.5964, KL=7.9315, AvgS=133.14, ProxLoss=0.0000
2026-03-19 01:01:24,135 - Server_DefaultID - WARNING - Global prior extremely imbalanced (max/min=1.0), applied adaptive smoothing lam=0.10.
2026-03-19 01:01:24,136 - Server_DefaultID - INFO - Round [6/200] Summary | Avg Client Train Stats:	Loss [-268.3415]	 Acc [61.49]	NLL [-910.3339]	 KL [12.3242]	AvgS [391.58]	 ProxLoss [0.0000]
GlobalPriorAlpha (first 10): [5.0243000984191895, 5.02269983291626, 4.981500148773193, 5.0381999015808105, 4.95359992980957, 4.98199987411499, 4.950200080871582, 4.9710001945495605, 5.021299839019775, 5.055300235748291]
Round Time: 288.91s
2026-03-19 01:01:24,138 - Server_DefaultID - INFO - --- Global Round 7/200 ---
2026-03-19 01:01:24,138 - Server_DefaultID - INFO - Selected 30 active clients for round 7.
2026-03-19 01:01:24,138 - Server_DefaultID - INFO - Training client 80 (1/30)...
2026-03-19 01:01:25,818 - Server_DefaultID - INFO - Client 80: Acc=66.25, Loss=-26.6899, NLL=-93.7631, KL=3.4720, AvgS=41.64, ProxLoss=0.0000
2026-03-19 01:01:25,819 - Server_DefaultID - INFO - Training client 14 (2/30)...
2026-03-19 01:01:37,144 - Server_DefaultID - INFO - Client 14: Acc=74.34, Loss=-334.5657, NLL=-1140.6584, KL=13.8784, AvgS=490.88, ProxLoss=0.0000
2026-03-19 01:01:37,144 - Server_DefaultID - INFO - Training client 91 (3/30)...
2026-03-19 01:01:40,558 - Server_DefaultID - INFO - Client 91: Acc=69.48, Loss=-139.5740, NLL=-483.2871, KL=9.9970, AvgS=207.18, ProxLoss=0.0000
2026-03-19 01:01:40,559 - Server_DefaultID - INFO - Training client 19 (4/30)...
2026-03-19 01:01:56,522 - Server_DefaultID - INFO - Client 19: Acc=95.33, Loss=-343.2085, NLL=-1161.7449, KL=13.9635, AvgS=499.99, ProxLoss=0.0000
2026-03-19 01:01:56,522 - Server_DefaultID - INFO - Training client 49 (5/30)...
2026-03-19 01:02:05,918 - Server_DefaultID - INFO - Client 49: Acc=65.31, Loss=-342.1197, NLL=-1157.6427, KL=13.9472, AvgS=498.22, ProxLoss=0.0000
2026-03-19 01:02:05,918 - Server_DefaultID - INFO - Training client 17 (6/30)...
2026-03-19 01:02:08,863 - Server_DefaultID - INFO - Client 17: Acc=53.44, Loss=-119.3568, NLL=-408.5795, KL=9.1711, AvgS=175.09, ProxLoss=0.0000
2026-03-19 01:02:08,864 - Server_DefaultID - INFO - Training client 33 (7/30)...
2026-03-19 01:02:17,917 - Server_DefaultID - INFO - Client 33: Acc=57.63, Loss=-345.7479, NLL=-1161.3232, KL=13.9619, AvgS=499.81, ProxLoss=0.0000
2026-03-19 01:02:17,917 - Server_DefaultID - INFO - Training client 11 (8/30)...
2026-03-19 01:02:26,328 - Server_DefaultID - INFO - Client 11: Acc=53.54, Loss=-90.6868, NLL=-316.6746, KL=7.8827, AvgS=135.79, ProxLoss=0.0000
2026-03-19 01:02:26,328 - Server_DefaultID - INFO - Training client 1 (9/30)...
2026-03-19 01:02:28,617 - Server_DefaultID - INFO - Client 1: Acc=53.91, Loss=-27.4827, NLL=-97.8289, KL=3.6357, AvgS=43.27, ProxLoss=0.0000
2026-03-19 01:02:28,617 - Server_DefaultID - INFO - Training client 73 (10/30)...
2026-03-19 01:02:44,837 - Server_DefaultID - INFO - Client 73: Acc=78.75, Loss=-343.7211, NLL=-1161.6646, KL=13.9632, AvgS=499.95, ProxLoss=0.0000
2026-03-19 01:02:44,837 - Server_DefaultID - INFO - Training client 63 (11/30)...
2026-03-19 01:02:51,295 - Server_DefaultID - INFO - Client 63: Acc=16.94, Loss=-273.5986, NLL=-931.2266, KL=12.8662, AvgS=400.37, ProxLoss=0.0000
2026-03-19 01:02:51,295 - Server_DefaultID - INFO - Training client 6 (12/30)...
2026-03-19 01:02:56,156 - Server_DefaultID - INFO - Client 6: Acc=64.27, Loss=-81.6626, NLL=-285.0873, KL=7.6161, AvgS=122.31, ProxLoss=0.0000
2026-03-19 01:02:56,156 - Server_DefaultID - INFO - Training client 61 (13/30)...
2026-03-19 01:03:02,583 - Server_DefaultID - INFO - Client 61: Acc=52.94, Loss=-268.0806, NLL=-906.9922, KL=12.8063, AvgS=389.93, ProxLoss=0.0000
2026-03-19 01:03:02,583 - Server_DefaultID - INFO - Training client 81 (14/30)...
2026-03-19 01:03:10,383 - Server_DefaultID - INFO - Client 81: Acc=24.42, Loss=-251.3602, NLL=-860.7791, KL=12.5420, AvgS=369.92, ProxLoss=0.0000
2026-03-19 01:03:10,383 - Server_DefaultID - INFO - Training client 21 (15/30)...
2026-03-19 01:03:19,466 - Server_DefaultID - INFO - Client 21: Acc=47.93, Loss=-345.9751, NLL=-1161.6850, KL=13.9633, AvgS=499.96, ProxLoss=0.0000
2026-03-19 01:03:19,467 - Server_DefaultID - INFO - Training client 92 (16/30)...
2026-03-19 01:03:25,233 - Server_DefaultID - INFO - Client 92: Acc=46.25, Loss=-206.5294, NLL=-705.9932, KL=11.6524, AvgS=303.11, ProxLoss=0.0000
2026-03-19 01:03:25,233 - Server_DefaultID - INFO - Training client 89 (17/30)...
2026-03-19 01:03:42,313 - Server_DefaultID - INFO - Client 89: Acc=98.57, Loss=-342.8661, NLL=-1161.5754, KL=13.9628, AvgS=499.92, ProxLoss=0.0000
2026-03-19 01:03:42,314 - Server_DefaultID - INFO - Training client 98 (18/30)...
2026-03-19 01:03:46,188 - Server_DefaultID - INFO - Client 98: Acc=70.10, Loss=-136.4216, NLL=-473.5944, KL=9.8690, AvgS=203.13, ProxLoss=0.0000
2026-03-19 01:03:46,188 - Server_DefaultID - INFO - Training client 44 (19/30)...
2026-03-19 01:03:58,347 - Server_DefaultID - INFO - Client 44: Acc=77.57, Loss=-344.1674, NLL=-1161.6776, KL=13.9633, AvgS=499.96, ProxLoss=0.0000
2026-03-19 01:03:58,347 - Server_DefaultID - INFO - Training client 18 (20/30)...
2026-03-19 01:04:15,632 - Server_DefaultID - INFO - Client 18: Acc=84.60, Loss=-344.8292, NLL=-1161.7266, KL=13.9635, AvgS=499.98, ProxLoss=0.0000
2026-03-19 01:04:15,632 - Server_DefaultID - INFO - Training client 16 (21/30)...
2026-03-19 01:04:17,951 - Server_DefaultID - INFO - Client 16: Acc=69.84, Loss=-52.9744, NLL=-186.4457, KL=5.9124, AvgS=80.34, ProxLoss=0.0000
2026-03-19 01:04:17,951 - Server_DefaultID - INFO - Training client 72 (22/30)...
2026-03-19 01:04:22,986 - Server_DefaultID - INFO - Client 72: Acc=43.44, Loss=-203.4079, NLL=-698.1642, KL=11.5970, AvgS=299.73, ProxLoss=0.0000
2026-03-19 01:04:22,986 - Server_DefaultID - INFO - Training client 78 (23/30)...
2026-03-19 01:05:01,646 - Server_DefaultID - INFO - Client 78: Acc=82.85, Loss=-344.4154, NLL=-1161.7168, KL=13.9634, AvgS=499.98, ProxLoss=0.0000
2026-03-19 01:05:01,646 - Server_DefaultID - INFO - Training client 58 (24/30)...
2026-03-19 01:05:11,021 - Server_DefaultID - INFO - Client 58: Acc=77.54, Loss=-339.5759, NLL=-1153.4476, KL=13.9301, AvgS=496.41, ProxLoss=0.0000
2026-03-19 01:05:11,021 - Server_DefaultID - INFO - Training client 57 (25/30)...
2026-03-19 01:05:30,047 - Server_DefaultID - INFO - Client 57: Acc=93.81, Loss=-344.1347, NLL=-1161.6427, KL=13.9631, AvgS=499.95, ProxLoss=0.0000
2026-03-19 01:05:30,047 - Server_DefaultID - INFO - Training client 10 (26/30)...
2026-03-19 01:05:36,711 - Server_DefaultID - INFO - Client 10: Acc=33.98, Loss=-342.9390, NLL=-1154.9244, KL=13.9360, AvgS=497.04, ProxLoss=0.0000
2026-03-19 01:05:36,711 - Server_DefaultID - INFO - Training client 65 (27/30)...
2026-03-19 01:05:38,575 - Server_DefaultID - INFO - Client 65: Acc=64.38, Loss=-16.2835, NLL=-58.3963, KL=2.1630, AvgS=27.17, ProxLoss=0.0000
2026-03-19 01:05:38,575 - Server_DefaultID - INFO - Training client 34 (28/30)...
2026-03-19 01:05:42,622 - Server_DefaultID - INFO - Client 34: Acc=48.44, Loss=-136.0824, NLL=-466.6920, KL=9.7441, AvgS=200.07, ProxLoss=0.0000
2026-03-19 01:05:42,622 - Server_DefaultID - INFO - Training client 79 (29/30)...
2026-03-19 01:05:48,659 - Server_DefaultID - INFO - Client 79: Acc=27.38, Loss=-69.8350, NLL=-248.4580, KL=6.9814, AvgS=106.54, ProxLoss=0.0000
2026-03-19 01:05:48,659 - Server_DefaultID - INFO - Training client 2 (30/30)...
2026-03-19 01:05:59,261 - Server_DefaultID - INFO - Client 2: Acc=78.54, Loss=-344.4997, NLL=-1161.5749, KL=13.9628, AvgS=499.92, ProxLoss=0.0000
2026-03-19 01:06:00,472 - Server_DefaultID - WARNING - Global prior extremely imbalanced (max/min=1.0), applied adaptive smoothing lam=0.10.
2026-03-19 01:06:00,473 - Server_DefaultID - INFO - Round [7/200] Summary | Avg Client Train Stats:	Loss [-292.1686]	 Acc [70.97]	NLL [-989.2328]	 KL [12.7736]	AvgS [425.64]	 ProxLoss [0.0000]
GlobalPriorAlpha (first 10): [4.990200042724609, 5.040299892425537, 4.980000019073486, 5.0447001457214355, 4.957499980926514, 4.985300064086914, 4.9791998863220215, 4.980999946594238, 5.002799987792969, 5.039000034332275]
Round Time: 276.33s
2026-03-19 01:06:00,475 - Server_DefaultID - INFO - --- Global Round 8/200 ---
2026-03-19 01:06:00,475 - Server_DefaultID - INFO - Selected 30 active clients for round 8.
2026-03-19 01:06:00,475 - Server_DefaultID - INFO - Training client 20 (1/30)...
2026-03-19 01:06:07,291 - Server_DefaultID - INFO - Client 20: Acc=56.15, Loss=-329.8454, NLL=-1112.4315, KL=13.7529, AvgS=478.68, ProxLoss=0.0000
2026-03-19 01:06:07,291 - Server_DefaultID - INFO - Training client 97 (2/30)...
2026-03-19 01:06:37,561 - Server_DefaultID - INFO - Client 97: Acc=99.56, Loss=-342.3583, NLL=-1161.7483, KL=13.9635, AvgS=499.99, ProxLoss=0.0000
2026-03-19 01:06:37,561 - Server_DefaultID - INFO - Training client 83 (3/30)...
2026-03-19 01:06:51,008 - Server_DefaultID - INFO - Client 83: Acc=99.72, Loss=-342.1518, NLL=-1161.6018, KL=13.9629, AvgS=499.93, ProxLoss=0.0000
2026-03-19 01:06:51,008 - Server_DefaultID - INFO - Training client 71 (4/30)...
2026-03-19 01:06:53,296 - Server_DefaultID - INFO - Client 71: Acc=63.59, Loss=-84.4882, NLL=-290.3794, KL=7.7123, AvgS=124.57, ProxLoss=0.0000
2026-03-19 01:06:53,296 - Server_DefaultID - INFO - Training client 92 (5/30)...
2026-03-19 01:06:58,030 - Server_DefaultID - INFO - Client 92: Acc=47.50, Loss=-301.4576, NLL=-1025.6338, KL=13.3667, AvgS=441.15, ProxLoss=0.0000
2026-03-19 01:06:58,030 - Server_DefaultID - INFO - Training client 11 (6/30)...
2026-03-19 01:07:05,664 - Server_DefaultID - INFO - Client 11: Acc=49.95, Loss=-213.2824, NLL=-729.1914, KL=11.6107, AvgS=313.21, ProxLoss=0.0000
2026-03-19 01:07:05,664 - Server_DefaultID - INFO - Training client 53 (7/30)...
2026-03-19 01:07:17,495 - Server_DefaultID - INFO - Client 53: Acc=95.81, Loss=-341.6645, NLL=-1156.1998, KL=13.9413, AvgS=497.59, ProxLoss=0.0000
2026-03-19 01:07:17,495 - Server_DefaultID - INFO - Training client 38 (8/30)...
2026-03-19 01:07:20,482 - Server_DefaultID - INFO - Client 38: Acc=39.69, Loss=-159.5486, NLL=-540.8150, KL=10.3640, AvgS=232.01, ProxLoss=0.0000
2026-03-19 01:07:20,482 - Server_DefaultID - INFO - Training client 75 (9/30)...
2026-03-19 01:07:30,828 - Server_DefaultID - INFO - Client 75: Acc=82.85, Loss=-343.3432, NLL=-1161.5843, KL=13.9629, AvgS=499.92, ProxLoss=0.0000
2026-03-19 01:07:30,828 - Server_DefaultID - INFO - Training client 48 (10/30)...
2026-03-19 01:07:52,994 - Server_DefaultID - INFO - Client 48: Acc=86.65, Loss=-344.5745, NLL=-1161.6011, KL=13.9630, AvgS=499.93, ProxLoss=0.0000
2026-03-19 01:07:52,994 - Server_DefaultID - INFO - Training client 34 (11/30)...
2026-03-19 01:07:56,743 - Server_DefaultID - INFO - Client 34: Acc=47.81, Loss=-202.1904, NLL=-689.3397, KL=11.5386, AvgS=295.95, ProxLoss=0.0000
2026-03-19 01:07:56,743 - Server_DefaultID - INFO - Training client 66 (12/30)...
2026-03-19 01:08:07,334 - Server_DefaultID - INFO - Client 66: Acc=88.08, Loss=-344.0231, NLL=-1161.5021, KL=13.9626, AvgS=499.88, ProxLoss=0.0000
2026-03-19 01:08:07,335 - Server_DefaultID - INFO - Training client 16 (13/30)...
2026-03-19 01:08:09,846 - Server_DefaultID - INFO - Client 16: Acc=69.22, Loss=-83.3253, NLL=-290.6131, KL=7.7609, AvgS=124.63, ProxLoss=0.0000
2026-03-19 01:08:09,846 - Server_DefaultID - INFO - Training client 70 (14/30)...
2026-03-19 01:08:15,677 - Server_DefaultID - INFO - Client 70: Acc=61.81, Loss=-275.1521, NLL=-940.7852, KL=12.9747, AvgS=404.52, ProxLoss=0.0000
2026-03-19 01:08:15,677 - Server_DefaultID - INFO - Training client 32 (15/30)...
2026-03-19 01:08:23,992 - Server_DefaultID - INFO - Client 32: Acc=55.16, Loss=-330.3375, NLL=-1120.1696, KL=13.7876, AvgS=482.03, ProxLoss=0.0000
2026-03-19 01:08:23,992 - Server_DefaultID - INFO - Training client 86 (16/30)...
2026-03-19 01:08:30,462 - Server_DefaultID - INFO - Client 86: Acc=73.62, Loss=-74.2499, NLL=-259.6351, KL=7.2745, AvgS=111.43, ProxLoss=0.0000
2026-03-19 01:08:30,462 - Server_DefaultID - INFO - Training client 87 (17/30)...
2026-03-19 01:08:38,888 - Server_DefaultID - INFO - Client 87: Acc=38.35, Loss=-346.1479, NLL=-1161.5908, KL=13.9629, AvgS=499.92, ProxLoss=0.0000
2026-03-19 01:08:38,888 - Server_DefaultID - INFO - Training client 3 (18/30)...
2026-03-19 01:08:46,770 - Server_DefaultID - INFO - Client 3: Acc=39.43, Loss=-216.6656, NLL=-736.1450, KL=11.8473, AvgS=316.14, ProxLoss=0.0000
2026-03-19 01:08:46,770 - Server_DefaultID - INFO - Training client 85 (19/30)...
2026-03-19 01:09:14,588 - Server_DefaultID - INFO - Client 85: Acc=99.77, Loss=-342.2175, NLL=-1161.7574, KL=13.9636, AvgS=499.99, ProxLoss=0.0000
2026-03-19 01:09:14,588 - Server_DefaultID - INFO - Training client 88 (20/30)...
2026-03-19 01:09:25,485 - Server_DefaultID - INFO - Client 88: Acc=24.01, Loss=-205.8440, NLL=-703.1078, KL=11.5937, AvgS=301.90, ProxLoss=0.0000
2026-03-19 01:09:25,486 - Server_DefaultID - INFO - Training client 36 (21/30)...
2026-03-19 01:10:12,983 - Server_DefaultID - INFO - Client 36: Acc=80.18, Loss=-343.2141, NLL=-1161.6582, KL=13.9632, AvgS=499.95, ProxLoss=0.0000
2026-03-19 01:10:12,983 - Server_DefaultID - INFO - Training client 12 (22/30)...
2026-03-19 01:10:27,194 - Server_DefaultID - INFO - Client 12: Acc=48.88, Loss=-273.8594, NLL=-928.1925, KL=12.8307, AvgS=399.08, ProxLoss=0.0000
2026-03-19 01:10:27,194 - Server_DefaultID - INFO - Training client 93 (23/30)...
2026-03-19 01:10:32,283 - Server_DefaultID - INFO - Client 93: Acc=32.66, Loss=-158.4669, NLL=-541.0758, KL=10.4244, AvgS=232.04, ProxLoss=0.0000
2026-03-19 01:10:32,283 - Server_DefaultID - INFO - Training client 58 (24/30)...
2026-03-19 01:10:45,978 - Server_DefaultID - INFO - Client 58: Acc=77.23, Loss=-342.9816, NLL=-1161.1998, KL=13.9614, AvgS=499.75, ProxLoss=0.0000
2026-03-19 01:10:45,978 - Server_DefaultID - INFO - Training client 13 (25/30)...
2026-03-19 01:10:48,522 - Server_DefaultID - INFO - Client 13: Acc=45.31, Loss=-25.0292, NLL=-90.3317, KL=3.1866, AvgS=39.90, ProxLoss=0.0000
2026-03-19 01:10:48,522 - Server_DefaultID - INFO - Training client 40 (26/30)...
2026-03-19 01:10:55,813 - Server_DefaultID - INFO - Client 40: Acc=55.99, Loss=-219.0529, NLL=-743.4773, KL=11.8566, AvgS=319.38, ProxLoss=0.0000
2026-03-19 01:10:55,813 - Server_DefaultID - INFO - Training client 81 (27/30)...
2026-03-19 01:11:03,241 - Server_DefaultID - INFO - Client 81: Acc=75.71, Loss=-343.0014, NLL=-1158.4496, KL=13.9504, AvgS=498.57, ProxLoss=0.0000
2026-03-19 01:11:03,241 - Server_DefaultID - INFO - Training client 25 (28/30)...
2026-03-19 01:11:06,097 - Server_DefaultID - INFO - Client 25: Acc=45.47, Loss=-52.6894, NLL=-185.7108, KL=5.7969, AvgS=79.90, ProxLoss=0.0000
2026-03-19 01:11:06,097 - Server_DefaultID - INFO - Training client 67 (29/30)...
2026-03-19 01:11:12,178 - Server_DefaultID - INFO - Client 67: Acc=57.34, Loss=-92.7333, NLL=-321.2999, KL=8.1660, AvgS=137.74, ProxLoss=0.0000
2026-03-19 01:11:12,178 - Server_DefaultID - INFO - Training client 74 (30/30)...
2026-03-19 01:11:17,227 - Server_DefaultID - INFO - Client 74: Acc=60.78, Loss=-123.5635, NLL=-426.4779, KL=9.4061, AvgS=182.79, ProxLoss=0.0000
2026-03-19 01:11:18,916 - Server_DefaultID - WARNING - Global prior extremely imbalanced (max/min=1.0), applied adaptive smoothing lam=0.10.
2026-03-19 01:11:18,917 - Server_DefaultID - INFO - Round [8/200] Summary | Avg Client Train Stats:	Loss [-286.6454]	 Acc [73.14]	NLL [-971.9264]	 KL [12.7625]	AvgS [418.12]	 ProxLoss [0.0000]
GlobalPriorAlpha (first 10): [5.0, 5.0, 5.0, 5.0, 5.0, 5.0, 5.0, 5.0, 5.0, 5.0]
Round Time: 318.44s
2026-03-19 01:11:18,919 - Server_DefaultID - INFO - --- Global Round 9/200 ---
2026-03-19 01:11:18,920 - Server_DefaultID - INFO - Selected 30 active clients for round 9.
2026-03-19 01:11:18,920 - Server_DefaultID - INFO - Training client 78 (1/30)...
2026-03-19 01:11:52,334 - Server_DefaultID - INFO - Client 78: Acc=88.03, Loss=-344.4371, NLL=-1161.7298, KL=13.9635, AvgS=499.98, ProxLoss=0.0000
2026-03-19 01:11:52,334 - Server_DefaultID - INFO - Training client 12 (2/30)...
2026-03-19 01:11:59,887 - Server_DefaultID - INFO - Client 12: Acc=60.12, Loss=-339.8341, NLL=-1146.2653, KL=13.8996, AvgS=493.30, ProxLoss=0.0000
2026-03-19 01:11:59,888 - Server_DefaultID - INFO - Training client 22 (3/30)...
2026-03-19 01:12:01,971 - Server_DefaultID - INFO - Client 22: Acc=54.53, Loss=-25.7892, NLL=-93.0286, KL=3.2966, AvgS=41.04, ProxLoss=0.0000
2026-03-19 01:12:01,971 - Server_DefaultID - INFO - Training client 11 (4/30)...
2026-03-19 01:12:07,648 - Server_DefaultID - INFO - Client 11: Acc=63.91, Loss=-322.8812, NLL=-1097.5708, KL=13.6804, AvgS=472.25, ProxLoss=0.0000
2026-03-19 01:12:07,648 - Server_DefaultID - INFO - Training client 47 (5/30)...
2026-03-19 01:12:13,844 - Server_DefaultID - INFO - Client 47: Acc=48.54, Loss=-345.6411, NLL=-1161.4587, KL=13.9624, AvgS=499.87, ProxLoss=0.0000
2026-03-19 01:12:13,844 - Server_DefaultID - INFO - Training client 6 (6/30)...
2026-03-19 01:12:16,760 - Server_DefaultID - INFO - Client 6: Acc=68.54, Loss=-132.9566, NLL=-458.8570, KL=9.6759, AvgS=196.77, ProxLoss=0.0000
2026-03-19 01:12:16,761 - Server_DefaultID - INFO - Training client 10 (7/30)...
2026-03-19 01:12:21,389 - Server_DefaultID - INFO - Client 10: Acc=31.88, Loss=-345.2029, NLL=-1160.4884, KL=13.9586, AvgS=499.45, ProxLoss=0.0000
2026-03-19 01:12:21,390 - Server_DefaultID - INFO - Training client 50 (8/30)...
2026-03-19 01:12:41,986 - Server_DefaultID - INFO - Client 50: Acc=97.53, Loss=-340.9035, NLL=-1156.9631, KL=13.9443, AvgS=497.92, ProxLoss=0.0000
2026-03-19 01:12:41,986 - Server_DefaultID - INFO - Training client 75 (9/30)...
2026-03-19 01:12:51,230 - Server_DefaultID - INFO - Client 75: Acc=85.66, Loss=-343.4008, NLL=-1161.7135, KL=13.9634, AvgS=499.98, ProxLoss=0.0000
2026-03-19 01:12:51,230 - Server_DefaultID - INFO - Training client 46 (10/30)...
2026-03-19 01:13:00,070 - Server_DefaultID - INFO - Client 46: Acc=46.80, Loss=-308.6196, NLL=-1051.0326, KL=13.4760, AvgS=452.14, ProxLoss=0.0000
2026-03-19 01:13:00,070 - Server_DefaultID - INFO - Training client 68 (11/30)...
2026-03-19 01:13:09,723 - Server_DefaultID - INFO - Client 68: Acc=71.42, Loss=-342.9597, NLL=-1161.5219, KL=13.9626, AvgS=499.89, ProxLoss=0.0000
2026-03-19 01:13:09,724 - Server_DefaultID - INFO - Training client 86 (12/30)...
2026-03-19 01:13:15,019 - Server_DefaultID - INFO - Client 86: Acc=70.94, Loss=-163.4204, NLL=-560.6351, KL=10.6426, AvgS=240.52, ProxLoss=0.0000
2026-03-19 01:13:15,019 - Server_DefaultID - INFO - Training client 91 (13/30)...
2026-03-19 01:13:19,002 - Server_DefaultID - INFO - Client 91: Acc=60.83, Loss=-205.2289, NLL=-704.1043, KL=11.6492, AvgS=302.32, ProxLoss=0.0000
2026-03-19 01:13:19,003 - Server_DefaultID - INFO - Training client 67 (14/30)...
2026-03-19 01:13:24,616 - Server_DefaultID - INFO - Client 67: Acc=57.40, Loss=-219.2084, NLL=-746.7666, KL=11.9520, AvgS=320.73, ProxLoss=0.0000
2026-03-19 01:13:24,616 - Server_DefaultID - INFO - Training client 1 (15/30)...
2026-03-19 01:13:27,629 - Server_DefaultID - INFO - Client 1: Acc=50.62, Loss=-54.7576, NLL=-190.8877, KL=6.0372, AvgS=82.25, ProxLoss=0.0000
2026-03-19 01:13:27,629 - Server_DefaultID - INFO - Training client 72 (16/30)...
2026-03-19 01:13:31,813 - Server_DefaultID - INFO - Client 72: Acc=59.84, Loss=-294.5161, NLL=-1004.0605, KL=13.2511, AvgS=431.84, ProxLoss=0.0000
2026-03-19 01:13:31,813 - Server_DefaultID - INFO - Training client 89 (17/30)...
2026-03-19 01:13:47,477 - Server_DefaultID - INFO - Client 89: Acc=98.57, Loss=-342.8454, NLL=-1161.6671, KL=13.9632, AvgS=499.96, ProxLoss=0.0000
2026-03-19 01:13:47,478 - Server_DefaultID - INFO - Training client 41 (18/30)...
2026-03-19 01:13:55,504 - Server_DefaultID - INFO - Client 41: Acc=58.52, Loss=-343.6884, NLL=-1161.6122, KL=13.9630, AvgS=499.93, ProxLoss=0.0000
2026-03-19 01:13:55,505 - Server_DefaultID - INFO - Training client 81 (19/30)...
2026-03-19 01:14:04,010 - Server_DefaultID - INFO - Client 81: Acc=75.49, Loss=-344.3642, NLL=-1161.6651, KL=13.9632, AvgS=499.95, ProxLoss=0.0000
2026-03-19 01:14:04,010 - Server_DefaultID - INFO - Training client 25 (20/30)...
2026-03-19 01:14:06,392 - Server_DefaultID - INFO - Client 25: Acc=46.72, Loss=-83.1080, NLL=-288.7687, KL=7.6019, AvgS=123.77, ProxLoss=0.0000
2026-03-19 01:14:06,392 - Server_DefaultID - INFO - Training client 20 (21/30)...
2026-03-19 01:14:14,893 - Server_DefaultID - INFO - Client 20: Acc=54.58, Loss=-346.1131, NLL=-1160.9208, KL=13.9603, AvgS=499.63, ProxLoss=0.0000
2026-03-19 01:14:14,893 - Server_DefaultID - INFO - Training client 49 (22/30)...
2026-03-19 01:14:22,911 - Server_DefaultID - INFO - Client 49: Acc=65.45, Loss=-343.8519, NLL=-1161.3005, KL=13.9618, AvgS=499.80, ProxLoss=0.0000
2026-03-19 01:14:22,911 - Server_DefaultID - INFO - Training client 39 (23/30)...
2026-03-19 01:14:38,838 - Server_DefaultID - INFO - Client 39: Acc=68.15, Loss=-344.4834, NLL=-1161.6669, KL=13.9632, AvgS=499.96, ProxLoss=0.0000
2026-03-19 01:14:38,838 - Server_DefaultID - INFO - Training client 94 (24/30)...
2026-03-19 01:14:51,301 - Server_DefaultID - INFO - Client 94: Acc=65.62, Loss=-207.4466, NLL=-710.9959, KL=11.6956, AvgS=305.32, ProxLoss=0.0000
2026-03-19 01:14:51,301 - Server_DefaultID - INFO - Training client 8 (25/30)...
2026-03-19 01:14:54,341 - Server_DefaultID - INFO - Client 8: Acc=49.22, Loss=-50.4434, NLL=-178.9081, KL=5.6430, AvgS=77.03, ProxLoss=0.0000
2026-03-19 01:14:54,341 - Server_DefaultID - INFO - Training client 3 (26/30)...
2026-03-19 01:15:00,940 - Server_DefaultID - INFO - Client 3: Acc=46.56, Loss=-333.4863, NLL=-1126.4150, KL=13.8158, AvgS=484.72, ProxLoss=0.0000
2026-03-19 01:15:00,941 - Server_DefaultID - INFO - Training client 33 (27/30)...
2026-03-19 01:15:08,822 - Server_DefaultID - INFO - Client 33: Acc=56.83, Loss=-345.9077, NLL=-1161.7264, KL=13.9635, AvgS=499.98, ProxLoss=0.0000
2026-03-19 01:15:08,822 - Server_DefaultID - INFO - Training client 80 (28/30)...
2026-03-19 01:15:10,578 - Server_DefaultID - INFO - Client 80: Acc=66.25, Loss=-40.3373, NLL=-140.3636, KL=4.8628, AvgS=61.02, ProxLoss=0.0000
2026-03-19 01:15:10,578 - Server_DefaultID - INFO - Training client 5 (29/30)...
2026-03-19 01:15:12,254 - Server_DefaultID - INFO - Client 5: Acc=66.56, Loss=-16.0626, NLL=-57.9790, KL=2.0971, AvgS=26.92, ProxLoss=0.0000
2026-03-19 01:15:12,254 - Server_DefaultID - INFO - Training client 87 (30/30)...
2026-03-19 01:15:20,206 - Server_DefaultID - INFO - Client 87: Acc=40.36, Loss=-346.0846, NLL=-1161.4931, KL=13.9626, AvgS=499.88, ProxLoss=0.0000
2026-03-19 01:15:22,233 - Server_DefaultID - WARNING - Global prior extremely imbalanced (max/min=1.0), applied adaptive smoothing lam=0.10.
2026-03-19 01:15:22,234 - Server_DefaultID - INFO - Round [9/200] Summary | Avg Client Train Stats:	Loss [-303.4725]	 Acc [69.69]	NLL [-1026.8923]	 KL [13.0598]	AvgS [441.86]	 ProxLoss [0.0000]
GlobalPriorAlpha (first 10): [5.0, 5.0, 5.0, 5.0, 5.0, 5.0, 5.0, 5.0, 5.0, 5.0]
Round Time: 243.31s
2026-03-19 01:15:22,236 - Server_DefaultID - INFO - --- Global Round 10/200 ---
2026-03-19 01:15:22,237 - Server_DefaultID - INFO - Selected 30 active clients for round 10.
2026-03-19 01:15:22,237 - Server_DefaultID - INFO - Training client 34 (1/30)...
2026-03-19 01:15:25,437 - Server_DefaultID - INFO - Client 34: Acc=43.96, Loss=-269.0872, NLL=-913.6518, KL=12.8184, AvgS=392.78, ProxLoss=0.0000
2026-03-19 01:15:25,437 - Server_DefaultID - INFO - Training client 48 (2/30)...
2026-03-19 01:15:44,662 - Server_DefaultID - INFO - Client 48: Acc=86.75, Loss=-344.5853, NLL=-1161.7304, KL=13.9635, AvgS=499.98, ProxLoss=0.0000
2026-03-19 01:15:44,663 - Server_DefaultID - INFO - Training client 70 (3/30)...
2026-03-19 01:15:50,516 - Server_DefaultID - INFO - Client 70: Acc=69.31, Loss=-340.4448, NLL=-1156.0160, KL=13.9408, AvgS=497.51, ProxLoss=0.0000
2026-03-19 01:15:50,516 - Server_DefaultID - INFO - Training client 16 (4/30)...
2026-03-19 01:15:52,846 - Server_DefaultID - INFO - Client 16: Acc=70.94, Loss=-119.2005, NLL=-411.2641, KL=9.2723, AvgS=176.30, ProxLoss=0.0000
2026-03-19 01:15:52,847 - Server_DefaultID - INFO - Training client 55 (5/30)...
2026-03-19 01:16:34,917 - Server_DefaultID - INFO - Client 55: Acc=84.57, Loss=-344.8396, NLL=-1161.3567, KL=13.9620, AvgS=499.82, ProxLoss=0.0000
2026-03-19 01:16:34,917 - Server_DefaultID - INFO - Training client 47 (6/30)...
2026-03-19 01:16:51,742 - Server_DefaultID - INFO - Client 47: Acc=49.38, Loss=-345.5498, NLL=-1161.4217, KL=13.9622, AvgS=499.85, ProxLoss=0.0000
2026-03-19 01:16:51,742 - Server_DefaultID - INFO - Training client 67 (7/30)...
2026-03-19 01:17:08,404 - Server_DefaultID - INFO - Client 67: Acc=55.94, Loss=-337.5870, NLL=-1142.1423, KL=13.8844, AvgS=491.52, ProxLoss=0.0000
2026-03-19 01:17:08,404 - Server_DefaultID - INFO - Training client 69 (8/30)...
2026-03-19 01:17:13,782 - Server_DefaultID - INFO - Client 69: Acc=24.84, Loss=-83.1652, NLL=-287.5962, KL=7.6588, AvgS=123.24, ProxLoss=0.0000
2026-03-19 01:17:13,782 - Server_DefaultID - INFO - Training client 98 (9/30)...
2026-03-19 01:17:19,025 - Server_DefaultID - INFO - Client 98: Acc=59.79, Loss=-197.3217, NLL=-680.1747, KL=11.5115, AvgS=292.04, ProxLoss=0.0000
2026-03-19 01:17:19,026 - Server_DefaultID - INFO - Training client 4 (10/30)...
2026-03-19 01:17:28,439 - Server_DefaultID - INFO - Client 4: Acc=35.94, Loss=-207.5375, NLL=-706.9226, KL=11.6391, AvgS=303.52, ProxLoss=0.0000
2026-03-19 01:17:28,439 - Server_DefaultID - INFO - Training client 22 (11/30)...
2026-03-19 01:17:33,742 - Server_DefaultID - INFO - Client 22: Acc=52.81, Loss=-52.6877, NLL=-185.0540, KL=5.8364, AvgS=79.62, ProxLoss=0.0000
2026-03-19 01:17:33,742 - Server_DefaultID - INFO - Training client 29 (12/30)...
2026-03-19 01:17:41,320 - Server_DefaultID - INFO - Client 29: Acc=51.80, Loss=-55.6954, NLL=-197.1561, KL=6.0182, AvgS=84.77, ProxLoss=0.0000
2026-03-19 01:17:41,320 - Server_DefaultID - INFO - Training client 45 (13/30)...
2026-03-19 01:17:53,727 - Server_DefaultID - INFO - Client 45: Acc=41.45, Loss=-296.5892, NLL=-1012.4263, KL=13.3041, AvgS=435.45, ProxLoss=0.0000
2026-03-19 01:17:53,727 - Server_DefaultID - INFO - Training client 63 (14/30)...
2026-03-19 01:18:01,735 - Server_DefaultID - INFO - Client 63: Acc=49.50, Loss=-338.5743, NLL=-1147.1989, KL=13.9035, AvgS=493.70, ProxLoss=0.0000
2026-03-19 01:18:01,735 - Server_DefaultID - INFO - Training client 86 (15/30)...
2026-03-19 01:18:11,777 - Server_DefaultID - INFO - Client 86: Acc=70.06, Loss=-277.6582, NLL=-944.6462, KL=12.9777, AvgS=406.21, ProxLoss=0.0000
2026-03-19 01:18:11,777 - Server_DefaultID - INFO - Training client 41 (16/30)...
2026-03-19 01:18:24,818 - Server_DefaultID - INFO - Client 41: Acc=59.73, Loss=-343.6115, NLL=-1161.5298, KL=13.9626, AvgS=499.90, ProxLoss=0.0000
2026-03-19 01:18:24,818 - Server_DefaultID - INFO - Training client 36 (17/30)...
2026-03-19 01:18:57,699 - Server_DefaultID - INFO - Client 36: Acc=84.51, Loss=-343.1671, NLL=-1161.6374, KL=13.9631, AvgS=499.94, ProxLoss=0.0000
2026-03-19 01:18:57,699 - Server_DefaultID - INFO - Training client 24 (18/30)...
2026-03-19 01:18:59,146 - Server_DefaultID - INFO - Client 24: Acc=55.31, Loss=-54.8113, NLL=-188.0672, KL=5.9876, AvgS=81.08, ProxLoss=0.0000
2026-03-19 01:18:59,146 - Server_DefaultID - INFO - Training client 66 (19/30)...
2026-03-19 01:19:09,481 - Server_DefaultID - INFO - Client 66: Acc=88.26, Loss=-343.9988, NLL=-1161.5850, KL=13.9629, AvgS=499.92, ProxLoss=0.0000
2026-03-19 01:19:09,481 - Server_DefaultID - INFO - Training client 3 (20/30)...
2026-03-19 01:19:19,340 - Server_DefaultID - INFO - Client 3: Acc=60.21, Loss=-345.8159, NLL=-1160.9524, KL=13.9604, AvgS=499.65, ProxLoss=0.0000
2026-03-19 01:19:19,340 - Server_DefaultID - INFO - Training client 94 (21/30)...
2026-03-19 01:19:32,053 - Server_DefaultID - INFO - Client 94: Acc=64.49, Loss=-343.9304, NLL=-1160.9528, KL=13.9604, AvgS=499.65, ProxLoss=0.0000
2026-03-19 01:19:32,054 - Server_DefaultID - INFO - Training client 64 (22/30)...
2026-03-19 01:19:33,319 - Server_DefaultID - INFO - Client 64: Acc=70.94, Loss=-39.7194, NLL=-139.2274, KL=4.8275, AvgS=60.52, ProxLoss=0.0000
2026-03-19 01:19:33,319 - Server_DefaultID - INFO - Training client 61 (23/30)...
2026-03-19 01:19:36,920 - Server_DefaultID - INFO - Client 61: Acc=46.19, Loss=-342.1711, NLL=-1151.6989, KL=13.9230, AvgS=495.65, ProxLoss=0.0000
2026-03-19 01:19:36,920 - Server_DefaultID - INFO - Training client 33 (24/30)...
2026-03-19 01:19:41,748 - Server_DefaultID - INFO - Client 33: Acc=58.12, Loss=-345.8902, NLL=-1161.6305, KL=13.9630, AvgS=499.94, ProxLoss=0.0000
2026-03-19 01:19:41,748 - Server_DefaultID - INFO - Training client 76 (25/30)...
2026-03-19 01:19:48,861 - Server_DefaultID - INFO - Client 76: Acc=58.79, Loss=-345.8686, NLL=-1161.5176, KL=13.9626, AvgS=499.89, ProxLoss=0.0000
2026-03-19 01:19:48,862 - Server_DefaultID - INFO - Training client 18 (26/30)...
2026-03-19 01:19:58,263 - Server_DefaultID - INFO - Client 18: Acc=85.48, Loss=-344.7117, NLL=-1161.6976, KL=13.9633, AvgS=499.97, ProxLoss=0.0000
2026-03-19 01:19:58,263 - Server_DefaultID - INFO - Training client 25 (27/30)...
2026-03-19 01:19:59,742 - Server_DefaultID - INFO - Client 25: Acc=44.22, Loss=-118.7307, NLL=-409.1702, KL=9.1212, AvgS=175.35, ProxLoss=0.0000
2026-03-19 01:19:59,742 - Server_DefaultID - INFO - Training client 11 (28/30)...
2026-03-19 01:20:04,238 - Server_DefaultID - INFO - Client 11: Acc=87.24, Loss=-343.5448, NLL=-1159.0639, KL=13.9525, AvgS=498.83, ProxLoss=0.0000
2026-03-19 01:20:04,238 - Server_DefaultID - INFO - Training client 99 (29/30)...
2026-03-19 01:20:05,125 - Server_DefaultID - INFO - Client 99: Acc=40.62, Loss=-26.9723, NLL=-94.3957, KL=3.4599, AvgS=41.79, ProxLoss=0.0000
2026-03-19 01:20:05,125 - Server_DefaultID - INFO - Training client 26 (30/30)...
2026-03-19 01:20:18,639 - Server_DefaultID - INFO - Client 26: Acc=94.23, Loss=-343.4808, NLL=-1161.5840, KL=13.9628, AvgS=499.92, ProxLoss=0.0000
2026-03-19 01:20:19,277 - Server_DefaultID - WARNING - Global prior extremely imbalanced (max/min=1.0), applied adaptive smoothing lam=0.10.
2026-03-19 01:20:19,278 - Server_DefaultID - INFO - Round [10/200] Summary | Avg Client Train Stats:	Loss [-310.8170]	 Acc [70.61]	NLL [-1050.3626]	 KL [13.1944]	AvgS [451.98]	 ProxLoss [0.0000]
GlobalPriorAlpha (first 10): [5.0, 5.0, 5.0, 5.0, 5.0, 5.0, 5.0, 5.0, 5.0, 5.0]
Round Time: 297.04s
2026-03-19 01:20:19,278 - Server_DefaultID - INFO - --- Evaluating models at round 10 ---
2026-03-19 01:21:34,349 - Server_DefaultID - INFO - Global Model Evaluation (Round 10): 
  Avg Test Acc: 57.05%
  Avg Test Acc Softmax: 57.05%
  Avg Test Loss: -754.5752
  Avg Test NLL: -763.8355
  Avg Test KL (vs flat prior): 10.8680
  Avg Test S: 328.69
2026-03-19 01:22:48,596 - Server_DefaultID - INFO - Personalized Model Evaluation (Round 10): 
  Avg Test Acc: 59.00%
  Avg Test Acc Softmax: 59.00%
  Avg Test Loss: -773.2465
  Avg Test NLL: -782.5658
  Avg Test KL (vs flat prior): 10.9269
  Avg Test S: 336.79
2026-03-19 01:22:48,596 - Server_DefaultID - INFO - [Metric 1] Personalized Brier Score | Mean: 0.6057
2026-03-19 01:22:48,596 - Server_DefaultID - INFO - [Metric 1] Personalized ECE | Mean: 0.1880
2026-03-19 01:22:48,596 - Server_DefaultID - INFO - [OOD Eval] OOD AUC-ROC (Epistemic): 0.2843
2026-03-19 01:22:48,596 - Server_DefaultID - INFO - [Metric 4] OOD FPR@95%TPR: 0.9248
2026-03-19 01:22:50,404 - Server_DefaultID - INFO - --- Global Round 11/200 ---
2026-03-19 01:22:50,405 - Server_DefaultID - INFO - Selected 30 active clients for round 11.
2026-03-19 01:22:50,405 - Server_DefaultID - INFO - Training client 81 (1/30)...
2026-03-19 01:22:52,815 - Server_DefaultID - INFO - Client 81: Acc=75.54, Loss=-344.2741, NLL=-1161.6800, KL=13.9633, AvgS=499.96, ProxLoss=0.0000
2026-03-19 01:22:52,815 - Server_DefaultID - INFO - Training client 45 (2/30)...
2026-03-19 01:22:55,231 - Server_DefaultID - INFO - Client 45: Acc=59.10, Loss=-343.9338, NLL=-1161.4024, KL=13.9622, AvgS=499.84, ProxLoss=0.0000
2026-03-19 01:22:55,231 - Server_DefaultID - INFO - Training client 99 (3/30)...
2026-03-19 01:22:55,893 - Server_DefaultID - INFO - Client 99: Acc=37.19, Loss=-40.8136, NLL=-141.0285, KL=4.8610, AvgS=61.19, ProxLoss=0.0000
2026-03-19 01:22:55,893 - Server_DefaultID - INFO - Training client 92 (4/30)...
2026-03-19 01:22:57,161 - Server_DefaultID - INFO - Client 92: Acc=95.62, Loss=-341.1570, NLL=-1153.1895, KL=13.9289, AvgS=496.29, ProxLoss=0.0000
2026-03-19 01:22:57,161 - Server_DefaultID - INFO - Training client 41 (5/30)...
2026-03-19 01:22:59,720 - Server_DefaultID - INFO - Client 41: Acc=63.01, Loss=-343.5904, NLL=-1161.7085, KL=13.9634, AvgS=499.97, ProxLoss=0.0000
2026-03-19 01:22:59,720 - Server_DefaultID - INFO - Training client 34 (6/30)...
2026-03-19 01:23:00,808 - Server_DefaultID - INFO - Client 34: Acc=46.35, Loss=-321.5208, NLL=-1089.6397, KL=13.6533, AvgS=468.82, ProxLoss=0.0000
2026-03-19 01:23:00,808 - Server_DefaultID - INFO - Training client 52 (7/30)...
2026-03-19 01:23:02,198 - Server_DefaultID - INFO - Client 52: Acc=62.19, Loss=-280.1486, NLL=-951.6716, KL=13.0175, AvgS=409.25, ProxLoss=0.0000
2026-03-19 01:23:02,198 - Server_DefaultID - INFO - Training client 88 (8/30)...
2026-03-19 01:23:04,834 - Server_DefaultID - INFO - Client 88: Acc=47.55, Loss=-329.8517, NLL=-1117.7816, KL=13.7805, AvgS=480.99, ProxLoss=0.0000
2026-03-19 01:23:04,834 - Server_DefaultID - INFO - Training client 37 (9/30)...
2026-03-19 01:23:06,676 - Server_DefaultID - INFO - Client 37: Acc=52.66, Loss=-202.3062, NLL=-689.5266, KL=11.4917, AvgS=296.09, ProxLoss=0.0000
2026-03-19 01:23:06,676 - Server_DefaultID - INFO - Training client 43 (10/30)...
2026-03-19 01:23:11,446 - Server_DefaultID - INFO - Client 43: Acc=71.82, Loss=-344.0578, NLL=-1161.7164, KL=13.9634, AvgS=499.98, ProxLoss=0.0000
2026-03-19 01:23:11,446 - Server_DefaultID - INFO - Training client 68 (11/30)...
2026-03-19 01:23:15,838 - Server_DefaultID - INFO - Client 68: Acc=74.27, Loss=-342.9498, NLL=-1161.6651, KL=13.9632, AvgS=499.95, ProxLoss=0.0000
2026-03-19 01:23:15,838 - Server_DefaultID - INFO - Training client 90 (12/30)...
2026-03-19 01:23:20,934 - Client_90 - WARNING - Client 90: Too few classes (1) or samples (592) for alpha report, returning uniform.
2026-03-19 01:23:20,934 - Server_DefaultID - INFO - Client 90: Acc=99.76, Loss=-337.4190, NLL=-1151.9544, KL=13.9243, AvgS=495.76, ProxLoss=0.0000
2026-03-19 01:23:20,934 - Server_DefaultID - INFO - Training client 55 (13/30)...
2026-03-19 01:23:35,954 - Server_DefaultID - INFO - Client 55: Acc=84.58, Loss=-345.0168, NLL=-1161.6673, KL=13.9632, AvgS=499.96, ProxLoss=0.0000
2026-03-19 01:23:35,954 - Server_DefaultID - INFO - Training client 16 (14/30)...
2026-03-19 01:23:37,912 - Server_DefaultID - INFO - Client 16: Acc=56.72, Loss=-282.4059, NLL=-959.0094, KL=12.4651, AvgS=412.64, ProxLoss=0.0000
2026-03-19 01:23:37,912 - Server_DefaultID - INFO - Training client 12 (15/30)...
2026-03-19 01:23:41,912 - Server_DefaultID - INFO - Client 12: Acc=72.06, Loss=-345.8802, NLL=-1161.5006, KL=13.9625, AvgS=499.88, ProxLoss=0.0000
2026-03-19 01:23:41,912 - Server_DefaultID - INFO - Training client 35 (16/30)...
2026-03-19 01:23:45,082 - Server_DefaultID - INFO - Client 35: Acc=59.17, Loss=-207.3624, NLL=-705.0031, KL=11.6319, AvgS=302.75, ProxLoss=0.0000
2026-03-19 01:23:45,082 - Server_DefaultID - INFO - Training client 94 (17/30)...
2026-03-19 01:23:55,853 - Server_DefaultID - INFO - Client 94: Acc=66.45, Loss=-344.1686, NLL=-1161.6420, KL=13.9631, AvgS=499.94, ProxLoss=0.0000
2026-03-19 01:23:55,853 - Server_DefaultID - INFO - Training client 17 (18/30)...
2026-03-19 01:23:57,638 - Server_DefaultID - INFO - Client 17: Acc=77.19, Loss=-324.8191, NLL=-1096.5927, KL=13.6318, AvgS=471.86, ProxLoss=0.0000
2026-03-19 01:23:57,639 - Server_DefaultID - INFO - Training client 96 (19/30)...
2026-03-19 01:24:04,166 - Server_DefaultID - INFO - Client 96: Acc=60.87, Loss=-321.3421, NLL=-1096.7727, KL=13.6915, AvgS=471.92, ProxLoss=0.0000
2026-03-19 01:24:04,166 - Server_DefaultID - INFO - Training client 89 (20/30)...
2026-03-19 01:24:14,124 - Server_DefaultID - INFO - Client 89: Acc=98.55, Loss=-342.7521, NLL=-1161.7327, KL=13.9635, AvgS=499.98, ProxLoss=0.0000
2026-03-19 01:24:14,124 - Server_DefaultID - INFO - Training client 13 (21/30)...
2026-03-19 01:24:15,115 - Server_DefaultID - INFO - Client 13: Acc=57.50, Loss=-290.7718, NLL=-987.8916, KL=12.7723, AvgS=425.05, ProxLoss=0.0000
2026-03-19 01:24:15,116 - Server_DefaultID - INFO - Training client 72 (22/30)...
2026-03-19 01:24:18,731 - Server_DefaultID - INFO - Client 72: Acc=94.92, Loss=-335.3430, NLL=-1139.2944, KL=13.8667, AvgS=490.29, ProxLoss=0.0000
2026-03-19 01:24:18,731 - Server_DefaultID - INFO - Training client 59 (23/30)...
2026-03-19 01:24:27,147 - Server_DefaultID - INFO - Client 59: Acc=66.22, Loss=-344.2618, NLL=-1161.6298, KL=13.9631, AvgS=499.94, ProxLoss=0.0000
2026-03-19 01:24:27,147 - Server_DefaultID - INFO - Training client 10 (24/30)...
2026-03-19 01:24:30,670 - Server_DefaultID - INFO - Client 10: Acc=37.03, Loss=-345.7570, NLL=-1161.6225, KL=13.9630, AvgS=499.94, ProxLoss=0.0000
2026-03-19 01:24:30,670 - Server_DefaultID - INFO - Training client 83 (25/30)...
2026-03-19 01:24:38,800 - Server_DefaultID - INFO - Client 83: Acc=99.75, Loss=-342.0899, NLL=-1161.7262, KL=13.9635, AvgS=499.98, ProxLoss=0.0000
2026-03-19 01:24:38,801 - Server_DefaultID - INFO - Training client 23 (26/30)...
2026-03-19 01:24:39,875 - Server_DefaultID - INFO - Client 23: Acc=71.86, Loss=-53.6268, NLL=-187.7168, KL=5.9315, AvgS=80.90, ProxLoss=0.0000
2026-03-19 01:24:39,875 - Server_DefaultID - INFO - Training client 20 (27/30)...
2026-03-19 01:24:44,330 - Server_DefaultID - INFO - Client 20: Acc=56.41, Loss=-346.1658, NLL=-1161.0605, KL=13.9606, AvgS=499.69, ProxLoss=0.0000
2026-03-19 01:24:44,331 - Server_DefaultID - INFO - Training client 75 (28/30)...
2026-03-19 01:24:50,487 - Server_DefaultID - INFO - Client 75: Acc=85.66, Loss=-343.3224, NLL=-1161.6843, KL=13.9633, AvgS=499.96, ProxLoss=0.0000
2026-03-19 01:24:50,487 - Server_DefaultID - INFO - Training client 14 (29/30)...
2026-03-19 01:24:57,916 - Server_DefaultID - INFO - Client 14: Acc=72.67, Loss=-342.9831, NLL=-1161.6903, KL=13.9633, AvgS=499.97, ProxLoss=0.0000
2026-03-19 01:24:57,916 - Server_DefaultID - INFO - Training client 95 (30/30)...
2026-03-19 01:25:06,588 - Server_DefaultID - INFO - Client 95: Acc=54.27, Loss=-343.2021, NLL=-1161.4733, KL=13.9625, AvgS=499.87, ProxLoss=0.0000
2026-03-19 01:25:07,796 - Server_DefaultID - WARNING - Global prior extremely imbalanced (max/min=1.0), applied adaptive smoothing lam=0.10.
2026-03-19 01:25:07,796 - Server_DefaultID - INFO - Round [11/200] Summary | Avg Client Train Stats:	Loss [-331.1061]	 Acc [73.32]	NLL [-1119.9429]	 KL [13.7088]	AvgS [481.96]	 ProxLoss [0.0000]
GlobalPriorAlpha (first 10): [5.0, 5.0, 5.0, 5.0, 5.0, 5.0, 5.0, 5.0, 5.0, 5.0]
Round Time: 137.39s
2026-03-19 01:25:07,799 - Server_DefaultID - INFO - --- Global Round 12/200 ---
2026-03-19 01:25:07,799 - Server_DefaultID - INFO - Selected 30 active clients for round 12.
2026-03-19 01:25:07,799 - Server_DefaultID - INFO - Training client 64 (1/30)...
2026-03-19 01:25:08,721 - Server_DefaultID - INFO - Client 64: Acc=66.25, Loss=-53.2604, NLL=-185.5532, KL=5.9274, AvgS=80.00, ProxLoss=0.0000
2026-03-19 01:25:08,721 - Server_DefaultID - INFO - Training client 65 (2/30)...
2026-03-19 01:25:09,710 - Server_DefaultID - INFO - Client 65: Acc=68.12, Loss=-26.9979, NLL=-94.8283, KL=3.4951, AvgS=42.16, ProxLoss=0.0000
2026-03-19 01:25:09,710 - Server_DefaultID - INFO - Training client 83 (3/30)...
2026-03-19 01:25:17,659 - Server_DefaultID - INFO - Client 83: Acc=99.72, Loss=-342.0044, NLL=-1161.6577, KL=13.9632, AvgS=499.95, ProxLoss=0.0000
2026-03-19 01:25:17,659 - Server_DefaultID - INFO - Training client 29 (4/30)...
2026-03-19 01:25:21,824 - Server_DefaultID - INFO - Client 29: Acc=48.52, Loss=-121.0086, NLL=-418.7450, KL=9.2221, AvgS=179.47, ProxLoss=0.0000
2026-03-19 01:25:21,825 - Server_DefaultID - INFO - Training client 58 (5/30)...
2026-03-19 01:25:28,624 - Server_DefaultID - INFO - Client 58: Acc=77.32, Loss=-343.0127, NLL=-1161.5114, KL=13.9626, AvgS=499.89, ProxLoss=0.0000
2026-03-19 01:25:28,624 - Server_DefaultID - INFO - Training client 76 (6/30)...
2026-03-19 01:25:35,990 - Server_DefaultID - INFO - Client 76: Acc=51.45, Loss=-345.8098, NLL=-1161.6272, KL=13.9631, AvgS=499.94, ProxLoss=0.0000
2026-03-19 01:25:35,991 - Server_DefaultID - INFO - Training client 94 (7/30)...
2026-03-19 01:25:45,045 - Server_DefaultID - INFO - Client 94: Acc=69.55, Loss=-344.1907, NLL=-1161.6507, KL=13.9632, AvgS=499.95, ProxLoss=0.0000
2026-03-19 01:25:45,045 - Server_DefaultID - INFO - Training client 25 (8/30)...
2026-03-19 01:25:47,397 - Server_DefaultID - INFO - Client 25: Acc=42.97, Loss=-157.4088, NLL=-540.7463, KL=10.3603, AvgS=231.93, ProxLoss=0.0000
2026-03-19 01:25:47,398 - Server_DefaultID - INFO - Training client 28 (9/30)...
2026-03-19 01:25:49,731 - Server_DefaultID - INFO - Client 28: Acc=56.88, Loss=-25.2979, NLL=-91.0241, KL=3.1625, AvgS=40.22, ProxLoss=0.0000
2026-03-19 01:25:49,732 - Server_DefaultID - INFO - Training client 18 (10/30)...
2026-03-19 01:26:03,388 - Server_DefaultID - INFO - Client 18: Acc=83.50, Loss=-344.6380, NLL=-1161.7195, KL=13.9634, AvgS=499.98, ProxLoss=0.0000
2026-03-19 01:26:03,388 - Server_DefaultID - INFO - Training client 85 (11/30)...
2026-03-19 01:26:17,028 - Server_DefaultID - INFO - Client 85: Acc=99.82, Loss=-341.9843, NLL=-1161.7179, KL=13.9634, AvgS=499.98, ProxLoss=0.0000
2026-03-19 01:26:17,028 - Server_DefaultID - INFO - Training client 72 (12/30)...
2026-03-19 01:26:23,978 - Server_DefaultID - INFO - Client 72: Acc=95.00, Loss=-343.1465, NLL=-1160.6567, KL=13.9592, AvgS=499.52, ProxLoss=0.0000
2026-03-19 01:26:23,978 - Server_DefaultID - INFO - Training client 62 (13/30)...
2026-03-19 01:26:27,313 - Server_DefaultID - INFO - Client 62: Acc=40.31, Loss=-25.3407, NLL=-91.7535, KL=3.1948, AvgS=40.48, ProxLoss=0.0000
2026-03-19 01:26:27,313 - Server_DefaultID - INFO - Training client 61 (14/30)...
2026-03-19 01:26:32,891 - Server_DefaultID - INFO - Client 61: Acc=45.38, Loss=-345.9495, NLL=-1160.8945, KL=13.9602, AvgS=499.62, ProxLoss=0.0000
2026-03-19 01:26:32,891 - Server_DefaultID - INFO - Training client 67 (15/30)...
2026-03-19 01:26:40,909 - Server_DefaultID - INFO - Client 67: Acc=61.61, Loss=-344.8536, NLL=-1161.1077, KL=13.9610, AvgS=499.71, ProxLoss=0.0000
2026-03-19 01:26:40,909 - Server_DefaultID - INFO - Training client 26 (16/30)...
2026-03-19 01:27:04,330 - Server_DefaultID - INFO - Client 26: Acc=94.12, Loss=-343.4509, NLL=-1161.6475, KL=13.9632, AvgS=499.95, ProxLoss=0.0000
2026-03-19 01:27:04,330 - Server_DefaultID - INFO - Training client 1 (17/30)...
2026-03-19 01:27:07,116 - Server_DefaultID - INFO - Client 1: Acc=55.47, Loss=-344.6581, NLL=-1161.4279, KL=13.9623, AvgS=499.85, ProxLoss=0.0000
2026-03-19 01:27:07,116 - Server_DefaultID - INFO - Training client 20 (18/30)...
2026-03-19 01:27:15,677 - Server_DefaultID - INFO - Client 20: Acc=57.19, Loss=-346.4583, NLL=-1161.6983, KL=13.9633, AvgS=499.97, ProxLoss=0.0000
2026-03-19 01:27:15,677 - Server_DefaultID - INFO - Training client 36 (19/30)...
2026-03-19 01:27:46,162 - Server_DefaultID - INFO - Client 36: Acc=85.62, Loss=-343.1354, NLL=-1161.7307, KL=13.9635, AvgS=499.98, ProxLoss=0.0000
2026-03-19 01:27:46,162 - Server_DefaultID - INFO - Training client 53 (20/30)...
2026-03-19 01:28:00,139 - Server_DefaultID - INFO - Client 53: Acc=95.94, Loss=-343.6803, NLL=-1161.7257, KL=13.9635, AvgS=499.98, ProxLoss=0.0000
2026-03-19 01:28:00,140 - Server_DefaultID - INFO - Training client 71 (21/30)...
2026-03-19 01:28:04,127 - Server_DefaultID - INFO - Client 71: Acc=64.06, Loss=-120.4073, NLL=-411.1460, KL=9.2471, AvgS=176.28, ProxLoss=0.0000
2026-03-19 01:28:04,128 - Server_DefaultID - INFO - Training client 55 (22/30)...
2026-03-19 01:28:42,654 - Server_DefaultID - INFO - Client 55: Acc=84.59, Loss=-344.9904, NLL=-1161.7310, KL=13.9635, AvgS=499.98, ProxLoss=0.0000
2026-03-19 01:28:42,654 - Server_DefaultID - INFO - Training client 15 (23/30)...
2026-03-19 01:28:45,845 - Server_DefaultID - INFO - Client 15: Acc=54.69, Loss=-307.4933, NLL=-1040.0222, KL=13.2862, AvgS=447.46, ProxLoss=0.0000
2026-03-19 01:28:45,845 - Server_DefaultID - INFO - Training client 57 (24/30)...
2026-03-19 01:29:08,676 - Server_DefaultID - INFO - Client 57: Acc=93.79, Loss=-343.9644, NLL=-1161.7269, KL=13.9635, AvgS=499.98, ProxLoss=0.0000
2026-03-19 01:29:08,676 - Server_DefaultID - INFO - Training client 87 (25/30)...
2026-03-19 01:29:20,073 - Server_DefaultID - INFO - Client 87: Acc=44.38, Loss=-345.9991, NLL=-1161.5294, KL=13.9626, AvgS=499.90, ProxLoss=0.0000
2026-03-19 01:29:20,073 - Server_DefaultID - INFO - Training client 40 (26/30)...
2026-03-19 01:29:27,677 - Server_DefaultID - INFO - Client 40: Acc=57.03, Loss=-335.0630, NLL=-1132.5145, KL=13.8418, AvgS=487.37, ProxLoss=0.0000
2026-03-19 01:29:27,677 - Server_DefaultID - INFO - Training client 59 (27/30)...
2026-03-19 01:29:38,376 - Server_DefaultID - INFO - Client 59: Acc=72.19, Loss=-344.2813, NLL=-1161.6329, KL=13.9631, AvgS=499.94, ProxLoss=0.0000
2026-03-19 01:29:38,377 - Server_DefaultID - INFO - Training client 39 (28/30)...
2026-03-19 01:30:00,122 - Server_DefaultID - INFO - Client 39: Acc=70.33, Loss=-344.2720, NLL=-1161.7333, KL=13.9635, AvgS=499.98, ProxLoss=0.0000
2026-03-19 01:30:00,122 - Server_DefaultID - INFO - Training client 60 (29/30)...
2026-03-19 01:30:04,037 - Server_DefaultID - INFO - Client 60: Acc=32.08, Loss=-199.7574, NLL=-684.4182, KL=11.4834, AvgS=293.81, ProxLoss=0.0000
2026-03-19 01:30:04,038 - Server_DefaultID - INFO - Training client 98 (30/30)...
2026-03-19 01:30:08,502 - Server_DefaultID - INFO - Client 98: Acc=68.12, Loss=-271.7250, NLL=-929.8840, KL=12.9471, AvgS=399.84, ProxLoss=0.0000
2026-03-19 01:30:11,187 - Server_DefaultID - WARNING - Global prior extremely imbalanced (max/min=1.0), applied adaptive smoothing lam=0.10.
2026-03-19 01:30:11,189 - Server_DefaultID - INFO - Round [12/200] Summary | Avg Client Train Stats:	Loss [-323.6338]	 Acc [77.02]	NLL [-1093.4133]	 KL [13.4568]	AvgS [470.56]	 ProxLoss [0.0000]
GlobalPriorAlpha (first 10): [5.0, 5.0, 5.0, 5.0, 5.0, 5.0, 5.0, 5.0, 5.0, 5.0]
Round Time: 303.39s
2026-03-19 01:30:11,192 - Server_DefaultID - INFO - --- Global Round 13/200 ---
2026-03-19 01:30:11,193 - Server_DefaultID - INFO - Selected 30 active clients for round 13.
2026-03-19 01:30:11,193 - Server_DefaultID - INFO - Training client 4 (1/30)...
2026-03-19 01:30:19,334 - Server_DefaultID - INFO - Client 4: Acc=68.91, Loss=-345.9187, NLL=-1161.7552, KL=13.9636, AvgS=499.99, ProxLoss=0.0000
2026-03-19 01:30:19,335 - Server_DefaultID - INFO - Training client 10 (2/30)...
2026-03-19 01:30:24,442 - Server_DefaultID - INFO - Client 10: Acc=37.03, Loss=-345.7148, NLL=-1161.7120, KL=13.9634, AvgS=499.98, ProxLoss=0.0000
2026-03-19 01:30:24,442 - Server_DefaultID - INFO - Training client 12 (3/30)...
2026-03-19 01:30:33,058 - Server_DefaultID - INFO - Client 12: Acc=72.69, Loss=-345.9502, NLL=-1161.7613, KL=13.9636, AvgS=500.00, ProxLoss=0.0000
2026-03-19 01:30:33,059 - Server_DefaultID - INFO - Training client 27 (4/30)...
2026-03-19 01:30:36,712 - Server_DefaultID - INFO - Client 27: Acc=56.98, Loss=-206.6158, NLL=-702.3337, KL=11.6384, AvgS=301.59, ProxLoss=0.0000
2026-03-19 01:30:36,712 - Server_DefaultID - INFO - Training client 65 (5/30)...
2026-03-19 01:30:38,430 - Server_DefaultID - INFO - Client 65: Acc=64.69, Loss=-40.5107, NLL=-140.7111, KL=4.8220, AvgS=61.23, ProxLoss=0.0000
2026-03-19 01:30:38,430 - Server_DefaultID - INFO - Training client 29 (6/30)...
2026-03-19 01:30:44,347 - Server_DefaultID - INFO - Client 29: Acc=45.31, Loss=-201.3373, NLL=-689.7728, KL=11.3842, AvgS=296.19, ProxLoss=0.0000
2026-03-19 01:30:44,347 - Server_DefaultID - INFO - Training client 50 (7/30)...
2026-03-19 01:31:08,168 - Server_DefaultID - INFO - Client 50: Acc=97.45, Loss=-343.1252, NLL=-1161.5462, KL=13.9628, AvgS=499.90, ProxLoss=0.0000
2026-03-19 01:31:08,169 - Server_DefaultID - INFO - Training client 17 (8/30)...
2026-03-19 01:31:10,710 - Server_DefaultID - INFO - Client 17: Acc=78.75, Loss=-345.1115, NLL=-1161.1688, KL=13.9612, AvgS=499.74, ProxLoss=0.0000
2026-03-19 01:31:10,711 - Server_DefaultID - INFO - Training client 94 (9/30)...
2026-03-19 01:31:24,800 - Server_DefaultID - INFO - Client 94: Acc=68.58, Loss=-344.2672, NLL=-1161.7532, KL=13.9636, AvgS=499.99, ProxLoss=0.0000
2026-03-19 01:31:24,800 - Server_DefaultID - INFO - Training client 87 (10/30)...
2026-03-19 01:31:33,664 - Server_DefaultID - INFO - Client 87: Acc=45.98, Loss=-346.0118, NLL=-1161.5960, KL=13.9630, AvgS=499.93, ProxLoss=0.0000
2026-03-19 01:31:33,664 - Server_DefaultID - INFO - Training client 70 (11/30)...
2026-03-19 01:31:41,536 - Server_DefaultID - INFO - Client 70: Acc=75.94, Loss=-342.6916, NLL=-1160.9491, KL=13.9604, AvgS=499.65, ProxLoss=0.0000
2026-03-19 01:31:41,536 - Server_DefaultID - INFO - Training client 0 (12/30)...
2026-03-19 01:31:43,397 - Server_DefaultID - INFO - Client 0: Acc=35.31, Loss=-293.3275, NLL=-991.0931, KL=12.7685, AvgS=426.43, ProxLoss=0.0000
2026-03-19 01:31:43,397 - Server_DefaultID - INFO - Training client 43 (13/30)...
2026-03-19 01:31:58,403 - Server_DefaultID - INFO - Client 43: Acc=71.88, Loss=-343.9005, NLL=-1161.4499, KL=13.9624, AvgS=499.86, ProxLoss=0.0000
2026-03-19 01:31:58,403 - Server_DefaultID - INFO - Training client 14 (14/30)...
2026-03-19 01:32:11,022 - Server_DefaultID - INFO - Client 14: Acc=76.39, Loss=-342.9258, NLL=-1161.7287, KL=13.9635, AvgS=499.98, ProxLoss=0.0000
2026-03-19 01:32:11,022 - Server_DefaultID - INFO - Training client 74 (15/30)...
2026-03-19 01:32:17,019 - Server_DefaultID - INFO - Client 74: Acc=61.09, Loss=-208.7274, NLL=-713.2728, KL=11.6814, AvgS=306.30, ProxLoss=0.0000
2026-03-19 01:32:17,019 - Server_DefaultID - INFO - Training client 61 (16/30)...
2026-03-19 01:32:23,577 - Server_DefaultID - INFO - Client 61: Acc=51.31, Loss=-346.1145, NLL=-1161.4809, KL=13.9625, AvgS=499.88, ProxLoss=0.0000
2026-03-19 01:32:23,577 - Server_DefaultID - INFO - Training client 42 (17/30)...
2026-03-19 01:32:32,020 - Server_DefaultID - INFO - Client 42: Acc=71.82, Loss=-325.2678, NLL=-1106.9200, KL=13.7293, AvgS=476.30, ProxLoss=0.0000
2026-03-19 01:32:32,020 - Server_DefaultID - INFO - Training client 82 (18/30)...
2026-03-19 01:32:39,276 - Server_DefaultID - INFO - Client 82: Acc=79.06, Loss=-337.9841, NLL=-1146.0367, KL=13.8998, AvgS=493.20, ProxLoss=0.0000
2026-03-19 01:32:39,276 - Server_DefaultID - INFO - Training client 48 (19/30)...
2026-03-19 01:33:02,850 - Server_DefaultID - INFO - Client 48: Acc=86.71, Loss=-344.5156, NLL=-1161.6844, KL=13.9633, AvgS=499.96, ProxLoss=0.0000
2026-03-19 01:33:02,850 - Server_DefaultID - INFO - Training client 93 (20/30)...
2026-03-19 01:33:06,257 - Server_DefaultID - INFO - Client 93: Acc=31.72, Loss=-199.7085, NLL=-679.4153, KL=11.4165, AvgS=291.67, ProxLoss=0.0000
2026-03-19 01:33:06,257 - Server_DefaultID - INFO - Training client 31 (21/30)...
2026-03-19 01:33:19,137 - Server_DefaultID - INFO - Client 31: Acc=64.10, Loss=-343.9118, NLL=-1161.5340, KL=13.9627, AvgS=499.90, ProxLoss=0.0000
2026-03-19 01:33:19,138 - Server_DefaultID - INFO - Training client 19 (22/30)...
2026-03-19 01:33:37,275 - Server_DefaultID - INFO - Client 19: Acc=95.45, Loss=-342.9502, NLL=-1161.5882, KL=13.9629, AvgS=499.92, ProxLoss=0.0000
2026-03-19 01:33:37,275 - Server_DefaultID - INFO - Training client 33 (23/30)...
2026-03-19 01:33:49,212 - Server_DefaultID - INFO - Client 33: Acc=57.81, Loss=-345.4055, NLL=-1160.9082, KL=13.9599, AvgS=499.63, ProxLoss=0.0000
2026-03-19 01:33:49,212 - Server_DefaultID - INFO - Training client 79 (24/30)...
2026-03-19 01:33:56,187 - Server_DefaultID - INFO - Client 79: Acc=31.38, Loss=-161.3002, NLL=-558.0278, KL=10.5336, AvgS=239.34, ProxLoss=0.0000
2026-03-19 01:33:56,187 - Server_DefaultID - INFO - Training client 77 (25/30)...
2026-03-19 01:34:15,388 - Server_DefaultID - INFO - Client 77: Acc=90.69, Loss=-343.9036, NLL=-1161.5617, KL=13.9628, AvgS=499.91, ProxLoss=0.0000
2026-03-19 01:34:15,388 - Server_DefaultID - INFO - Training client 56 (26/30)...
2026-03-19 01:34:27,968 - Server_DefaultID - INFO - Client 56: Acc=49.26, Loss=-129.0951, NLL=-448.9186, KL=9.6145, AvgS=192.40, ProxLoss=0.0000
2026-03-19 01:34:27,968 - Server_DefaultID - INFO - Training client 75 (27/30)...
2026-03-19 01:34:38,160 - Server_DefaultID - INFO - Client 75: Acc=88.20, Loss=-343.2573, NLL=-1161.6666, KL=13.9632, AvgS=499.96, ProxLoss=0.0000
2026-03-19 01:34:38,160 - Server_DefaultID - INFO - Training client 15 (28/30)...
2026-03-19 01:34:41,115 - Server_DefaultID - INFO - Client 15: Acc=60.16, Loss=-344.6169, NLL=-1161.6610, KL=13.9632, AvgS=499.95, ProxLoss=0.0000
2026-03-19 01:34:41,115 - Server_DefaultID - INFO - Training client 69 (29/30)...
2026-03-19 01:34:44,427 - Server_DefaultID - INFO - Client 69: Acc=29.22, Loss=-118.3475, NLL=-405.4936, KL=9.1459, AvgS=173.75, ProxLoss=0.0000
2026-03-19 01:34:44,427 - Server_DefaultID - INFO - Training client 97 (30/30)...
2026-03-19 01:35:16,867 - Server_DefaultID - INFO - Client 97: Acc=99.56, Loss=-342.1534, NLL=-1161.7655, KL=13.9636, AvgS=500.00, ProxLoss=0.0000
2026-03-19 01:35:19,347 - Server_DefaultID - WARNING - Global prior extremely imbalanced (max/min=1.0), applied adaptive smoothing lam=0.10.
2026-03-19 01:35:19,349 - Server_DefaultID - INFO - Round [13/200] Summary | Avg Client Train Stats:	Loss [-318.3681]	 Acc [75.05]	NLL [-1077.0400]	 KL [13.4649]	AvgS [463.43]	 ProxLoss [0.0000]
GlobalPriorAlpha (first 10): [5.0, 5.0, 5.0, 5.0, 5.0, 5.0, 5.0, 5.0, 5.0, 5.0]
Round Time: 308.15s
2026-03-19 01:35:19,352 - Server_DefaultID - INFO - --- Global Round 14/200 ---
2026-03-19 01:35:19,353 - Server_DefaultID - INFO - Selected 30 active clients for round 14.
2026-03-19 01:35:19,353 - Server_DefaultID - INFO - Training client 98 (1/30)...
2026-03-19 01:35:23,955 - Server_DefaultID - INFO - Client 98: Acc=50.10, Loss=-330.2245, NLL=-1127.0933, KL=13.8230, AvgS=485.02, ProxLoss=0.0000
2026-03-19 01:35:23,955 - Server_DefaultID - INFO - Training client 32 (2/30)...
2026-03-19 01:35:32,274 - Server_DefaultID - INFO - Client 32: Acc=74.79, Loss=-344.2946, NLL=-1160.6684, KL=13.9593, AvgS=499.53, ProxLoss=0.0000
2026-03-19 01:35:32,274 - Server_DefaultID - INFO - Training client 36 (3/30)...
2026-03-19 01:36:03,664 - Server_DefaultID - INFO - Client 36: Acc=86.28, Loss=-343.0293, NLL=-1161.6600, KL=13.9632, AvgS=499.95, ProxLoss=0.0000
2026-03-19 01:36:03,665 - Server_DefaultID - INFO - Training client 31 (4/30)...
2026-03-19 01:36:14,794 - Server_DefaultID - INFO - Client 31: Acc=69.44, Loss=-344.0013, NLL=-1161.6367, KL=13.9631, AvgS=499.94, ProxLoss=0.0000
2026-03-19 01:36:14,794 - Server_DefaultID - INFO - Training client 66 (5/30)...
2026-03-19 01:36:22,765 - Server_DefaultID - INFO - Client 66: Acc=87.99, Loss=-343.8492, NLL=-1161.7170, KL=13.9634, AvgS=499.98, ProxLoss=0.0000
2026-03-19 01:36:22,765 - Server_DefaultID - INFO - Training client 4 (6/30)...
2026-03-19 01:36:31,415 - Server_DefaultID - INFO - Client 4: Acc=70.78, Loss=-345.9107, NLL=-1161.7688, KL=13.9636, AvgS=500.00, ProxLoss=0.0000
2026-03-19 01:36:31,415 - Server_DefaultID - INFO - Training client 7 (7/30)...
2026-03-19 01:36:41,804 - Server_DefaultID - INFO - Client 7: Acc=48.12, Loss=-344.2923, NLL=-1161.7075, KL=13.9634, AvgS=499.97, ProxLoss=0.0000
2026-03-19 01:36:41,804 - Server_DefaultID - INFO - Training client 17 (8/30)...
2026-03-19 01:36:44,754 - Server_DefaultID - INFO - Client 17: Acc=79.22, Loss=-345.2007, NLL=-1161.5293, KL=13.9627, AvgS=499.90, ProxLoss=0.0000
2026-03-19 01:36:44,754 - Server_DefaultID - INFO - Training client 0 (9/30)...
2026-03-19 01:36:46,468 - Server_DefaultID - INFO - Client 0: Acc=28.12, Loss=-339.3566, NLL=-1145.3983, KL=13.8822, AvgS=492.93, ProxLoss=0.0000
2026-03-19 01:36:46,468 - Server_DefaultID - INFO - Training client 80 (10/30)...
2026-03-19 01:36:48,395 - Server_DefaultID - INFO - Client 80: Acc=68.44, Loss=-54.7813, NLL=-189.6466, KL=6.0251, AvgS=81.75, ProxLoss=0.0000
2026-03-19 01:36:48,395 - Server_DefaultID - INFO - Training client 99 (11/30)...
2026-03-19 01:36:50,114 - Server_DefaultID - INFO - Client 99: Acc=44.69, Loss=-55.0454, NLL=-188.8332, KL=5.9920, AvgS=81.32, ProxLoss=0.0000
2026-03-19 01:36:50,115 - Server_DefaultID - INFO - Training client 73 (12/30)...
2026-03-19 01:37:07,833 - Server_DefaultID - INFO - Client 73: Acc=78.25, Loss=-343.4379, NLL=-1161.6199, KL=13.9630, AvgS=499.94, ProxLoss=0.0000
2026-03-19 01:37:07,833 - Server_DefaultID - INFO - Training client 60 (13/30)...
2026-03-19 01:37:12,402 - Server_DefaultID - INFO - Client 60: Acc=30.94, Loss=-275.3625, NLL=-939.2117, KL=12.9362, AvgS=403.81, ProxLoss=0.0000
2026-03-19 01:37:12,402 - Server_DefaultID - INFO - Training client 40 (14/30)...
2026-03-19 01:37:19,885 - Server_DefaultID - INFO - Client 40: Acc=58.12, Loss=-345.1148, NLL=-1160.9019, KL=13.9602, AvgS=499.63, ProxLoss=0.0000
2026-03-19 01:37:19,885 - Server_DefaultID - INFO - Training client 65 (15/30)...
2026-03-19 01:37:21,612 - Server_DefaultID - INFO - Client 65: Acc=64.38, Loss=-54.5596, NLL=-188.4489, KL=5.9610, AvgS=81.30, ProxLoss=0.0000
2026-03-19 01:37:21,612 - Server_DefaultID - INFO - Training client 39 (16/30)...
2026-03-19 01:37:42,801 - Server_DefaultID - INFO - Client 39: Acc=72.90, Loss=-344.1935, NLL=-1161.6260, KL=13.9631, AvgS=499.94, ProxLoss=0.0000
2026-03-19 01:37:42,801 - Server_DefaultID - INFO - Training client 72 (17/30)...
2026-03-19 01:37:47,961 - Server_DefaultID - INFO - Client 72: Acc=95.00, Loss=-343.3457, NLL=-1161.1859, KL=13.9613, AvgS=499.75, ProxLoss=0.0000
2026-03-19 01:37:47,961 - Server_DefaultID - INFO - Training client 57 (18/30)...
2026-03-19 01:38:08,811 - Server_DefaultID - INFO - Client 57: Acc=93.84, Loss=-343.9107, NLL=-1161.7506, KL=13.9635, AvgS=499.99, ProxLoss=0.0000
2026-03-19 01:38:08,811 - Server_DefaultID - INFO - Training client 81 (19/30)...
2026-03-19 01:38:18,902 - Server_DefaultID - INFO - Client 81: Acc=76.29, Loss=-344.1587, NLL=-1161.5716, KL=13.9629, AvgS=499.91, ProxLoss=0.0000
2026-03-19 01:38:18,902 - Server_DefaultID - INFO - Training client 6 (20/30)...
2026-03-19 01:38:22,556 - Server_DefaultID - INFO - Client 6: Acc=57.60, Loss=-343.8485, NLL=-1161.7367, KL=13.9635, AvgS=499.99, ProxLoss=0.0000
2026-03-19 01:38:22,556 - Server_DefaultID - INFO - Training client 16 (21/30)...
2026-03-19 01:38:25,669 - Server_DefaultID - INFO - Client 16: Acc=61.25, Loss=-343.5053, NLL=-1161.4200, KL=13.9623, AvgS=499.85, ProxLoss=0.0000
2026-03-19 01:38:25,669 - Server_DefaultID - INFO - Training client 51 (22/30)...
2026-03-19 01:38:29,258 - Server_DefaultID - INFO - Client 51: Acc=17.97, Loss=-119.3339, NLL=-407.0418, KL=9.1889, AvgS=174.40, ProxLoss=0.0000
2026-03-19 01:38:29,258 - Server_DefaultID - INFO - Training client 49 (23/30)...
2026-03-19 01:38:38,433 - Server_DefaultID - INFO - Client 49: Acc=68.48, Loss=-343.8528, NLL=-1161.6311, KL=13.9631, AvgS=499.94, ProxLoss=0.0000
2026-03-19 01:38:38,433 - Server_DefaultID - INFO - Training client 61 (24/30)...
2026-03-19 01:38:45,250 - Server_DefaultID - INFO - Client 61: Acc=55.25, Loss=-345.9971, NLL=-1161.5652, KL=13.9628, AvgS=499.91, ProxLoss=0.0000
2026-03-19 01:38:45,250 - Server_DefaultID - INFO - Training client 41 (25/30)...
2026-03-19 01:38:57,989 - Server_DefaultID - INFO - Client 41: Acc=61.52, Loss=-343.6607, NLL=-1161.7693, KL=13.9636, AvgS=500.00, ProxLoss=0.0000
2026-03-19 01:38:57,989 - Server_DefaultID - INFO - Training client 64 (26/30)...
2026-03-19 01:38:59,768 - Server_DefaultID - INFO - Client 64: Acc=66.25, Loss=-68.2914, NLL=-237.0223, KL=6.8840, AvgS=101.85, ProxLoss=0.0000
2026-03-19 01:38:59,768 - Server_DefaultID - INFO - Training client 35 (27/30)...
2026-03-19 01:39:04,202 - Server_DefaultID - INFO - Client 35: Acc=60.52, Loss=-272.0929, NLL=-921.7860, KL=12.8226, AvgS=396.34, ProxLoss=0.0000
2026-03-19 01:39:04,202 - Server_DefaultID - INFO - Training client 5 (28/30)...
2026-03-19 01:39:05,873 - Server_DefaultID - INFO - Client 5: Acc=58.44, Loss=-311.3784, NLL=-1048.6509, KL=13.2651, AvgS=451.21, ProxLoss=0.0000
2026-03-19 01:39:05,873 - Server_DefaultID - INFO - Training client 43 (29/30)...
2026-03-19 01:39:18,698 - Server_DefaultID - INFO - Client 43: Acc=73.49, Loss=-343.9848, NLL=-1161.7503, KL=13.9635, AvgS=499.99, ProxLoss=0.0000
2026-03-19 01:39:18,698 - Server_DefaultID - INFO - Training client 77 (30/30)...
2026-03-19 01:39:36,525 - Server_DefaultID - INFO - Client 77: Acc=90.67, Loss=-343.7737, NLL=-1161.3283, KL=13.9618, AvgS=499.81, ProxLoss=0.0000
2026-03-19 01:39:38,793 - Server_DefaultID - WARNING - Global prior extremely imbalanced (max/min=1.0), applied adaptive smoothing lam=0.10.
2026-03-19 01:39:38,794 - Server_DefaultID - INFO - Round [14/200] Summary | Avg Client Train Stats:	Loss [-330.3925]	 Acc [73.49]	NLL [-1116.3020]	 KL [13.6434]	AvgS [480.41]	 ProxLoss [0.0000]
GlobalPriorAlpha (first 10): [5.0, 5.0, 5.0, 5.0, 5.0, 5.0, 5.0, 5.0, 5.0, 5.0]
Round Time: 259.44s
2026-03-19 01:39:38,797 - Server_DefaultID - INFO - --- Global Round 15/200 ---
2026-03-19 01:39:38,798 - Server_DefaultID - INFO - Selected 30 active clients for round 15.
2026-03-19 01:39:38,798 - Server_DefaultID - INFO - Training client 58 (1/30)...
2026-03-19 01:39:47,733 - Server_DefaultID - INFO - Client 58: Acc=77.28, Loss=-342.7256, NLL=-1161.2362, KL=13.9615, AvgS=499.77, ProxLoss=0.0000
2026-03-19 01:39:47,734 - Server_DefaultID - INFO - Training client 37 (2/30)...
2026-03-19 01:39:54,258 - Server_DefaultID - INFO - Client 37: Acc=58.36, Loss=-293.8117, NLL=-995.8883, KL=13.2304, AvgS=428.33, ProxLoss=0.0000
2026-03-19 01:39:54,258 - Server_DefaultID - INFO - Training client 81 (3/30)...
2026-03-19 01:40:03,083 - Server_DefaultID - INFO - Client 81: Acc=75.76, Loss=-344.1105, NLL=-1161.6429, KL=13.9631, AvgS=499.95, ProxLoss=0.0000
2026-03-19 01:40:03,084 - Server_DefaultID - INFO - Training client 35 (4/30)...
2026-03-19 01:40:07,261 - Server_DefaultID - INFO - Client 35: Acc=58.02, Loss=-327.7976, NLL=-1107.7651, KL=13.7319, AvgS=476.67, ProxLoss=0.0000
2026-03-19 01:40:07,261 - Server_DefaultID - INFO - Training client 63 (5/30)...
2026-03-19 01:40:14,510 - Server_DefaultID - INFO - Client 63: Acc=49.81, Loss=-343.9876, NLL=-1160.8708, KL=13.9601, AvgS=499.61, ProxLoss=0.0000
2026-03-19 01:40:14,511 - Server_DefaultID - INFO - Training client 22 (6/30)...
2026-03-19 01:40:17,050 - Server_DefaultID - INFO - Client 22: Acc=50.94, Loss=-84.0879, NLL=-291.6789, KL=7.6859, AvgS=125.01, ProxLoss=0.0000
2026-03-19 01:40:17,050 - Server_DefaultID - INFO - Training client 93 (7/30)...
2026-03-19 01:40:20,291 - Server_DefaultID - INFO - Client 93: Acc=33.12, Loss=-248.7319, NLL=-843.9078, KL=12.4100, AvgS=362.66, ProxLoss=0.0000
2026-03-19 01:40:20,291 - Server_DefaultID - INFO - Training client 32 (8/30)...
2026-03-19 01:40:30,368 - Server_DefaultID - INFO - Client 32: Acc=76.30, Loss=-344.7034, NLL=-1161.5347, KL=13.9627, AvgS=499.90, ProxLoss=0.0000
2026-03-19 01:40:30,368 - Server_DefaultID - INFO - Training client 68 (9/30)...
2026-03-19 01:40:40,103 - Server_DefaultID - INFO - Client 68: Acc=77.22, Loss=-342.7445, NLL=-1161.5686, KL=13.9628, AvgS=499.91, ProxLoss=0.0000
2026-03-19 01:40:40,103 - Server_DefaultID - INFO - Training client 84 (10/30)...
2026-03-19 01:40:41,803 - Server_DefaultID - INFO - Client 84: Acc=51.32, Loss=-24.6932, NLL=-89.0709, KL=3.1665, AvgS=39.38, ProxLoss=0.0000
2026-03-19 01:40:41,803 - Server_DefaultID - INFO - Training client 74 (11/30)...
2026-03-19 01:40:46,565 - Server_DefaultID - INFO - Client 74: Acc=60.08, Loss=-300.9237, NLL=-1023.0907, KL=13.3558, AvgS=440.08, ProxLoss=0.0000
2026-03-19 01:40:46,566 - Server_DefaultID - INFO - Training client 91 (12/30)...
2026-03-19 01:40:50,347 - Server_DefaultID - INFO - Client 91: Acc=55.42, Loss=-274.0766, NLL=-936.9212, KL=12.9214, AvgS=402.84, ProxLoss=0.0000
2026-03-19 01:40:50,347 - Server_DefaultID - INFO - Training client 76 (13/30)...
2026-03-19 01:41:03,842 - Server_DefaultID - INFO - Client 76: Acc=57.30, Loss=-345.8938, NLL=-1161.7570, KL=13.9636, AvgS=499.99, ProxLoss=0.0000
2026-03-19 01:41:03,842 - Server_DefaultID - INFO - Training client 69 (14/30)...
2026-03-19 01:41:06,441 - Server_DefaultID - INFO - Client 69: Acc=33.28, Loss=-158.6486, NLL=-541.2495, KL=10.4532, AvgS=232.11, ProxLoss=0.0000
2026-03-19 01:41:06,441 - Server_DefaultID - INFO - Training client 13 (15/30)...
2026-03-19 01:41:07,954 - Server_DefaultID - INFO - Client 13: Acc=44.69, Loss=-320.4809, NLL=-1086.0825, KL=13.6048, AvgS=467.32, ProxLoss=0.0000
2026-03-19 01:41:07,954 - Server_DefaultID - INFO - Training client 90 (16/30)...
2026-03-19 01:41:17,925 - Client_90 - WARNING - Client 90: Too few classes (1) or samples (592) for alpha report, returning uniform.
2026-03-19 01:41:17,925 - Server_DefaultID - INFO - Client 90: Acc=100.00, Loss=-341.5768, NLL=-1161.4065, KL=13.9622, AvgS=499.84, ProxLoss=0.0000
2026-03-19 01:41:17,926 - Server_DefaultID - INFO - Training client 98 (17/30)...
2026-03-19 01:41:21,692 - Server_DefaultID - INFO - Client 98: Acc=73.02, Loss=-340.8622, NLL=-1157.6937, KL=13.9474, AvgS=498.24, ProxLoss=0.0000
2026-03-19 01:41:21,692 - Server_DefaultID - INFO - Training client 56 (18/30)...
2026-03-19 01:41:31,916 - Server_DefaultID - INFO - Client 56: Acc=48.95, Loss=-306.4164, NLL=-1045.4877, KL=13.4542, AvgS=449.74, ProxLoss=0.0000
2026-03-19 01:41:31,916 - Server_DefaultID - INFO - Training client 67 (19/30)...
2026-03-19 01:41:41,290 - Server_DefaultID - INFO - Client 67: Acc=61.82, Loss=-345.0105, NLL=-1161.7456, KL=13.9635, AvgS=499.99, ProxLoss=0.0000
2026-03-19 01:41:41,290 - Server_DefaultID - INFO - Training client 80 (20/30)...
2026-03-19 01:41:42,694 - Server_DefaultID - INFO - Client 80: Acc=55.31, Loss=-68.1035, NLL=-235.0987, KL=6.8556, AvgS=101.01, ProxLoss=0.0000
2026-03-19 01:41:42,694 - Server_DefaultID - INFO - Training client 5 (21/30)...
2026-03-19 01:41:44,311 - Server_DefaultID - INFO - Client 5: Acc=66.88, Loss=-338.2189, NLL=-1138.5408, KL=13.8570, AvgS=489.97, ProxLoss=0.0000
2026-03-19 01:41:44,311 - Server_DefaultID - INFO - Training client 8 (22/30)...
2026-03-19 01:41:46,687 - Server_DefaultID - INFO - Client 8: Acc=87.97, Loss=-343.8665, NLL=-1161.7413, KL=13.9635, AvgS=499.99, ProxLoss=0.0000
2026-03-19 01:41:46,687 - Server_DefaultID - INFO - Training client 52 (23/30)...
2026-03-19 01:41:50,582 - Server_DefaultID - INFO - Client 52: Acc=64.79, Loss=-332.3021, NLL=-1126.8095, KL=13.8209, AvgS=484.90, ProxLoss=0.0000
2026-03-19 01:41:50,583 - Server_DefaultID - INFO - Training client 0 (24/30)...
2026-03-19 01:41:52,315 - Server_DefaultID - INFO - Client 0: Acc=42.19, Loss=-343.0167, NLL=-1157.3817, KL=13.9451, AvgS=498.10, ProxLoss=0.0000
2026-03-19 01:41:52,315 - Server_DefaultID - INFO - Training client 20 (25/30)...
2026-03-19 01:42:00,218 - Server_DefaultID - INFO - Client 20: Acc=58.23, Loss=-346.2709, NLL=-1161.6470, KL=13.9632, AvgS=499.95, ProxLoss=0.0000
2026-03-19 01:42:00,218 - Server_DefaultID - INFO - Training client 49 (26/30)...
2026-03-19 01:42:10,299 - Server_DefaultID - INFO - Client 49: Acc=73.12, Loss=-343.8981, NLL=-1161.6771, KL=13.9633, AvgS=499.96, ProxLoss=0.0000
2026-03-19 01:42:10,300 - Server_DefaultID - INFO - Training client 27 (27/30)...
2026-03-19 01:42:15,275 - Server_DefaultID - INFO - Client 27: Acc=53.75, Loss=-279.6896, NLL=-947.4036, KL=13.0066, AvgS=407.39, ProxLoss=0.0000
2026-03-19 01:42:15,275 - Server_DefaultID - INFO - Training client 62 (28/30)...
2026-03-19 01:42:18,347 - Server_DefaultID - INFO - Client 62: Acc=43.59, Loss=-52.1879, NLL=-183.9932, KL=5.7267, AvgS=79.18, ProxLoss=0.0000
2026-03-19 01:42:18,347 - Server_DefaultID - INFO - Training client 28 (29/30)...
2026-03-19 01:42:19,717 - Server_DefaultID - INFO - Client 28: Acc=52.19, Loss=-38.3785, NLL=-136.2842, KL=4.4923, AvgS=59.13, ProxLoss=0.0000
2026-03-19 01:42:19,718 - Server_DefaultID - INFO - Training client 31 (30/30)...
2026-03-19 01:42:31,745 - Server_DefaultID - INFO - Client 31: Acc=71.91, Loss=-343.9589, NLL=-1161.7023, KL=13.9634, AvgS=499.97, ProxLoss=0.0000
2026-03-19 01:42:33,669 - Server_DefaultID - WARNING - Global prior extremely imbalanced (max/min=1.0), applied adaptive smoothing lam=0.10.
2026-03-19 01:42:33,670 - Server_DefaultID - INFO - Round [15/200] Summary | Avg Client Train Stats:	Loss [-310.3428]	 Acc [65.46]	NLL [-1050.3187]	 KL [13.2046]	AvgS [451.96]	 ProxLoss [0.0000]
GlobalPriorAlpha (first 10): [5.0, 5.0, 5.0, 5.0, 5.0, 5.0, 5.0, 5.0, 5.0, 5.0]
Round Time: 174.87s
2026-03-19 01:42:33,673 - Server_DefaultID - INFO - --- Global Round 16/200 ---
2026-03-19 01:42:33,673 - Server_DefaultID - INFO - Selected 30 active clients for round 16.
2026-03-19 01:42:33,673 - Server_DefaultID - INFO - Training client 91 (1/30)...
2026-03-19 01:42:38,395 - Server_DefaultID - INFO - Client 91: Acc=65.10, Loss=-327.9484, NLL=-1117.3759, KL=13.7753, AvgS=480.81, ProxLoss=0.0000
2026-03-19 01:42:38,395 - Server_DefaultID - INFO - Training client 29 (2/30)...
2026-03-19 01:42:45,050 - Server_DefaultID - INFO - Client 29: Acc=51.72, Loss=-291.8367, NLL=-995.1155, KL=13.1906, AvgS=427.98, ProxLoss=0.0000
2026-03-19 01:42:45,050 - Server_DefaultID - INFO - Training client 83 (3/30)...
2026-03-19 01:42:58,031 - Server_DefaultID - INFO - Client 83: Acc=99.69, Loss=-341.8813, NLL=-1161.6154, KL=13.9630, AvgS=499.93, ProxLoss=0.0000
2026-03-19 01:42:58,031 - Server_DefaultID - INFO - Training client 94 (4/30)...
2026-03-19 01:43:11,917 - Server_DefaultID - INFO - Client 94: Acc=68.47, Loss=-343.9751, NLL=-1161.5584, KL=13.9628, AvgS=499.91, ProxLoss=0.0000
2026-03-19 01:43:11,917 - Server_DefaultID - INFO - Training client 64 (5/30)...
2026-03-19 01:43:13,432 - Server_DefaultID - INFO - Client 64: Acc=68.12, Loss=-84.2385, NLL=-290.7881, KL=7.7645, AvgS=124.75, ProxLoss=0.0000
2026-03-19 01:43:13,432 - Server_DefaultID - INFO - Training client 17 (6/30)...
2026-03-19 01:43:17,116 - Server_DefaultID - INFO - Client 17: Acc=79.22, Loss=-344.9994, NLL=-1161.1894, KL=13.9612, AvgS=499.75, ProxLoss=0.0000
2026-03-19 01:43:17,116 - Server_DefaultID - INFO - Training client 10 (7/30)...
2026-03-19 01:43:22,371 - Server_DefaultID - INFO - Client 10: Acc=37.58, Loss=-345.6362, NLL=-1161.6839, KL=13.9633, AvgS=499.96, ProxLoss=0.0000
2026-03-19 01:43:22,371 - Server_DefaultID - INFO - Training client 37 (8/30)...
2026-03-19 01:43:27,372 - Server_DefaultID - INFO - Client 37: Acc=67.89, Loss=-340.3575, NLL=-1150.4242, KL=13.9178, AvgS=495.10, ProxLoss=0.0000
2026-03-19 01:43:27,372 - Server_DefaultID - INFO - Training client 27 (9/30)...
2026-03-19 01:43:30,908 - Server_DefaultID - INFO - Client 27: Acc=57.92, Loss=-330.1474, NLL=-1117.0018, KL=13.7771, AvgS=480.66, ProxLoss=0.0000
2026-03-19 01:43:30,908 - Server_DefaultID - INFO - Training client 52 (10/30)...
2026-03-19 01:43:34,192 - Server_DefaultID - INFO - Client 52: Acc=67.29, Loss=-342.9370, NLL=-1158.2313, KL=13.9495, AvgS=498.47, ProxLoss=0.0000
2026-03-19 01:43:34,193 - Server_DefaultID - INFO - Training client 82 (11/30)...
2026-03-19 01:43:40,355 - Server_DefaultID - INFO - Client 82: Acc=85.81, Loss=-343.8235, NLL=-1161.4645, KL=13.9624, AvgS=499.87, ProxLoss=0.0000
2026-03-19 01:43:40,355 - Server_DefaultID - INFO - Training client 48 (12/30)...
2026-03-19 01:44:04,592 - Server_DefaultID - INFO - Client 48: Acc=86.75, Loss=-344.3745, NLL=-1161.6455, KL=13.9631, AvgS=499.95, ProxLoss=0.0000
2026-03-19 01:44:04,592 - Server_DefaultID - INFO - Training client 49 (13/30)...
2026-03-19 01:44:13,291 - Server_DefaultID - INFO - Client 49: Acc=74.20, Loss=-343.8578, NLL=-1161.6896, KL=13.9633, AvgS=499.97, ProxLoss=0.0000
2026-03-19 01:44:13,291 - Server_DefaultID - INFO - Training client 31 (14/30)...
2026-03-19 01:44:26,552 - Server_DefaultID - INFO - Client 31: Acc=72.60, Loss=-344.0066, NLL=-1161.7623, KL=13.9636, AvgS=500.00, ProxLoss=0.0000
2026-03-19 01:44:26,552 - Server_DefaultID - INFO - Training client 41 (15/30)...
2026-03-19 01:44:37,677 - Server_DefaultID - INFO - Client 41: Acc=64.41, Loss=-343.4946, NLL=-1161.7234, KL=13.9634, AvgS=499.98, ProxLoss=0.0000
2026-03-19 01:44:37,677 - Server_DefaultID - INFO - Training client 54 (16/30)...
2026-03-19 01:44:40,195 - Server_DefaultID - INFO - Client 54: Acc=74.38, Loss=-52.6336, NLL=-185.4762, KL=5.8804, AvgS=79.95, ProxLoss=0.0000
2026-03-19 01:44:40,196 - Server_DefaultID - INFO - Training client 38 (17/30)...
2026-03-19 01:44:43,563 - Server_DefaultID - INFO - Client 38: Acc=41.09, Loss=-204.0259, NLL=-690.8656, KL=11.4982, AvgS=296.66, ProxLoss=0.0000
2026-03-19 01:44:43,563 - Server_DefaultID - INFO - Training client 26 (18/30)...
2026-03-19 01:45:09,685 - Server_DefaultID - INFO - Client 26: Acc=94.08, Loss=-343.2076, NLL=-1161.7290, KL=13.9635, AvgS=499.98, ProxLoss=0.0000
2026-03-19 01:45:09,685 - Server_DefaultID - INFO - Training client 77 (19/30)...
2026-03-19 01:45:30,302 - Server_DefaultID - INFO - Client 77: Acc=90.58, Loss=-343.9538, NLL=-1161.7463, KL=13.9635, AvgS=499.99, ProxLoss=0.0000
2026-03-19 01:45:30,302 - Server_DefaultID - INFO - Training client 0 (20/30)...
2026-03-19 01:45:31,874 - Server_DefaultID - INFO - Client 0: Acc=38.75, Loss=-344.1046, NLL=-1160.6110, KL=13.9587, AvgS=499.50, ProxLoss=0.0000
2026-03-19 01:45:31,874 - Server_DefaultID - INFO - Training client 87 (21/30)...
2026-03-19 01:45:41,149 - Server_DefaultID - INFO - Client 87: Acc=46.61, Loss=-345.9749, NLL=-1161.7111, KL=13.9634, AvgS=499.97, ProxLoss=0.0000
2026-03-19 01:45:41,149 - Server_DefaultID - INFO - Training client 72 (22/30)...
2026-03-19 01:45:48,208 - Server_DefaultID - INFO - Client 72: Acc=95.08, Loss=-343.3782, NLL=-1161.3467, KL=13.9619, AvgS=499.82, ProxLoss=0.0000
2026-03-19 01:45:48,208 - Server_DefaultID - INFO - Training client 43 (23/30)...
2026-03-19 01:46:03,862 - Server_DefaultID - INFO - Client 43: Acc=73.95, Loss=-343.8389, NLL=-1161.6223, KL=13.9630, AvgS=499.94, ProxLoss=0.0000
2026-03-19 01:46:03,862 - Server_DefaultID - INFO - Training client 75 (24/30)...
2026-03-19 01:46:13,390 - Server_DefaultID - INFO - Client 75: Acc=86.68, Loss=-343.1315, NLL=-1161.7346, KL=13.9635, AvgS=499.98, ProxLoss=0.0000
2026-03-19 01:46:13,391 - Server_DefaultID - INFO - Training client 80 (25/30)...
2026-03-19 01:46:14,860 - Server_DefaultID - INFO - Client 80: Acc=60.94, Loss=-85.9658, NLL=-295.1890, KL=7.8653, AvgS=126.61, ProxLoss=0.0000
2026-03-19 01:46:14,860 - Server_DefaultID - INFO - Training client 3 (26/30)...
2026-03-19 01:46:25,119 - Server_DefaultID - INFO - Client 3: Acc=62.50, Loss=-345.9785, NLL=-1161.7699, KL=13.9636, AvgS=500.00, ProxLoss=0.0000
2026-03-19 01:46:25,119 - Server_DefaultID - INFO - Training client 32 (27/30)...
2026-03-19 01:46:32,614 - Server_DefaultID - INFO - Client 32: Acc=76.41, Loss=-344.7088, NLL=-1161.7455, KL=13.9635, AvgS=499.99, ProxLoss=0.0000
2026-03-19 01:46:32,614 - Server_DefaultID - INFO - Training client 53 (28/30)...
2026-03-19 01:46:44,771 - Server_DefaultID - INFO - Client 53: Acc=95.94, Loss=-343.4666, NLL=-1161.6985, KL=13.9633, AvgS=499.97, ProxLoss=0.0000
2026-03-19 01:46:44,771 - Server_DefaultID - INFO - Training client 35 (29/30)...
2026-03-19 01:46:48,741 - Server_DefaultID - INFO - Client 35: Acc=56.67, Loss=-343.2019, NLL=-1157.2757, KL=13.9455, AvgS=498.06, ProxLoss=0.0000
2026-03-19 01:46:48,741 - Server_DefaultID - INFO - Training client 57 (30/30)...
2026-03-19 01:47:12,918 - Server_DefaultID - INFO - Client 57: Acc=93.81, Loss=-343.8053, NLL=-1161.7173, KL=13.9634, AvgS=499.98, ProxLoss=0.0000
2026-03-19 01:47:15,942 - Server_DefaultID - WARNING - Global prior extremely imbalanced (max/min=1.0), applied adaptive smoothing lam=0.10.
2026-03-19 01:47:15,944 - Server_DefaultID - INFO - Round [16/200] Summary | Avg Client Train Stats:	Loss [-334.0065]	 Acc [78.38]	NLL [-1128.7698]	 KL [13.7426]	AvgS [485.78]	 ProxLoss [0.0000]
GlobalPriorAlpha (first 10): [5.0, 5.0, 5.0, 5.0, 5.0, 5.0, 5.0, 5.0, 5.0, 5.0]
Round Time: 282.27s
2026-03-19 01:47:15,947 - Server_DefaultID - INFO - --- Global Round 17/200 ---
2026-03-19 01:47:15,947 - Server_DefaultID - INFO - Selected 30 active clients for round 17.
2026-03-19 01:47:15,947 - Server_DefaultID - INFO - Training client 88 (1/30)...
2026-03-19 01:47:26,015 - Server_DefaultID - INFO - Client 88: Acc=57.60, Loss=-344.1204, NLL=-1160.4555, KL=13.9583, AvgS=499.43, ProxLoss=0.0000
2026-03-19 01:47:26,015 - Server_DefaultID - INFO - Training client 99 (2/30)...
2026-03-19 01:47:28,041 - Server_DefaultID - INFO - Client 99: Acc=41.25, Loss=-69.6059, NLL=-238.0333, KL=6.9702, AvgS=102.17, ProxLoss=0.0000
2026-03-19 01:47:28,041 - Server_DefaultID - INFO - Training client 20 (3/30)...
2026-03-19 01:47:36,009 - Server_DefaultID - INFO - Client 20: Acc=57.76, Loss=-346.2820, NLL=-1161.6771, KL=13.9633, AvgS=499.96, ProxLoss=0.0000
2026-03-19 01:47:36,009 - Server_DefaultID - INFO - Training client 10 (4/30)...
2026-03-19 01:47:40,969 - Server_DefaultID - INFO - Client 10: Acc=47.66, Loss=-345.6092, NLL=-1161.5917, KL=13.9629, AvgS=499.92, ProxLoss=0.0000
2026-03-19 01:47:40,969 - Server_DefaultID - INFO - Training client 45 (5/30)...
2026-03-19 01:47:51,618 - Server_DefaultID - INFO - Client 45: Acc=62.07, Loss=-343.6804, NLL=-1161.3770, KL=13.9621, AvgS=499.83, ProxLoss=0.0000
2026-03-19 01:47:51,618 - Server_DefaultID - INFO - Training client 51 (6/30)...
2026-03-19 01:47:54,288 - Server_DefaultID - INFO - Client 51: Acc=17.19, Loss=-158.7008, NLL=-539.3632, KL=10.4088, AvgS=231.31, ProxLoss=0.0000
2026-03-19 01:47:54,288 - Server_DefaultID - INFO - Training client 14 (7/30)...
2026-03-19 01:48:08,521 - Server_DefaultID - INFO - Client 14: Acc=81.18, Loss=-342.7810, NLL=-1161.6960, KL=13.9633, AvgS=499.97, ProxLoss=0.0000
2026-03-19 01:48:08,521 - Server_DefaultID - INFO - Training client 2 (8/30)...
2026-03-19 01:48:18,771 - Server_DefaultID - INFO - Client 2: Acc=79.41, Loss=-344.0912, NLL=-1161.7013, KL=13.9634, AvgS=499.97, ProxLoss=0.0000
2026-03-19 01:48:18,771 - Server_DefaultID - INFO - Training client 52 (9/30)...
2026-03-19 01:48:21,958 - Server_DefaultID - INFO - Client 52: Acc=66.04, Loss=-343.7624, NLL=-1160.3162, KL=13.9579, AvgS=499.37, ProxLoss=0.0000
2026-03-19 01:48:21,958 - Server_DefaultID - INFO - Training client 0 (10/30)...
2026-03-19 01:48:23,745 - Server_DefaultID - INFO - Client 0: Acc=47.81, Loss=-344.5258, NLL=-1161.6210, KL=13.9631, AvgS=499.94, ProxLoss=0.0000
2026-03-19 01:48:23,745 - Server_DefaultID - INFO - Training client 63 (11/30)...
2026-03-19 01:48:30,294 - Server_DefaultID - INFO - Client 63: Acc=53.00, Loss=-344.0209, NLL=-1161.2437, KL=13.9615, AvgS=499.77, ProxLoss=0.0000
2026-03-19 01:48:30,294 - Server_DefaultID - INFO - Training client 37 (12/30)...
2026-03-19 01:48:37,194 - Server_DefaultID - INFO - Client 37: Acc=79.22, Loss=-344.3751, NLL=-1159.7056, KL=13.9554, AvgS=499.11, ProxLoss=0.0000
2026-03-19 01:48:37,194 - Server_DefaultID - INFO - Training client 38 (13/30)...
2026-03-19 01:48:39,602 - Server_DefaultID - INFO - Client 38: Acc=40.00, Loss=-250.2055, NLL=-845.5429, KL=12.3760, AvgS=363.43, ProxLoss=0.0000
2026-03-19 01:48:39,603 - Server_DefaultID - INFO - Training client 96 (14/30)...
2026-03-19 01:48:50,568 - Server_DefaultID - INFO - Client 96: Acc=65.94, Loss=-343.6508, NLL=-1160.8552, KL=13.9600, AvgS=499.61, ProxLoss=0.0000
2026-03-19 01:48:50,568 - Server_DefaultID - INFO - Training client 78 (15/30)...
2026-03-19 01:49:27,589 - Server_DefaultID - INFO - Client 78: Acc=90.60, Loss=-344.1279, NLL=-1161.7489, KL=13.9635, AvgS=499.99, ProxLoss=0.0000
2026-03-19 01:49:27,590 - Server_DefaultID - INFO - Training client 93 (16/30)...
2026-03-19 01:49:29,684 - Server_DefaultID - INFO - Client 93: Acc=35.94, Loss=-291.3423, NLL=-986.8646, KL=13.1550, AvgS=424.41, ProxLoss=0.0000
2026-03-19 01:49:29,684 - Server_DefaultID - INFO - Training client 57 (17/30)...
2026-03-19 01:49:49,395 - Server_DefaultID - INFO - Client 57: Acc=93.69, Loss=-343.7759, NLL=-1161.7550, KL=13.9636, AvgS=499.99, ProxLoss=0.0000
2026-03-19 01:49:49,395 - Server_DefaultID - INFO - Training client 27 (18/30)...
2026-03-19 01:49:53,870 - Server_DefaultID - INFO - Client 27: Acc=57.08, Loss=-343.4780, NLL=-1158.1080, KL=13.9489, AvgS=498.42, ProxLoss=0.0000
2026-03-19 01:49:53,871 - Server_DefaultID - INFO - Training client 74 (19/30)...
2026-03-19 01:50:00,675 - Server_DefaultID - INFO - Client 74: Acc=60.16, Loss=-341.9798, NLL=-1156.7894, KL=13.9439, AvgS=497.85, ProxLoss=0.0000
2026-03-19 01:50:00,675 - Server_DefaultID - INFO - Training client 69 (20/30)...
2026-03-19 01:50:03,976 - Server_DefaultID - INFO - Client 69: Acc=26.88, Loss=-198.7534, NLL=-675.3940, KL=11.4282, AvgS=289.92, ProxLoss=0.0000
2026-03-19 01:50:03,976 - Server_DefaultID - INFO - Training client 41 (21/30)...
2026-03-19 01:50:15,361 - Server_DefaultID - INFO - Client 41: Acc=62.15, Loss=-343.4249, NLL=-1161.7280, KL=13.9635, AvgS=499.98, ProxLoss=0.0000
2026-03-19 01:50:15,361 - Server_DefaultID - INFO - Training client 89 (22/30)...
2026-03-19 01:50:30,600 - Server_DefaultID - INFO - Client 89: Acc=98.55, Loss=-342.5778, NLL=-1161.7377, KL=13.9635, AvgS=499.99, ProxLoss=0.0000
2026-03-19 01:50:30,600 - Server_DefaultID - INFO - Training client 61 (23/30)...
2026-03-19 01:50:36,479 - Server_DefaultID - INFO - Client 61: Acc=59.38, Loss=-346.0404, NLL=-1161.7156, KL=13.9634, AvgS=499.98, ProxLoss=0.0000
2026-03-19 01:50:36,479 - Server_DefaultID - INFO - Training client 47 (24/30)...
2026-03-19 01:50:46,110 - Server_DefaultID - INFO - Client 47: Acc=50.00, Loss=-345.4813, NLL=-1161.6224, KL=13.9630, AvgS=499.94, ProxLoss=0.0000
2026-03-19 01:50:46,110 - Server_DefaultID - INFO - Training client 77 (25/30)...
2026-03-19 01:51:03,209 - Server_DefaultID - INFO - Client 77: Acc=90.52, Loss=-343.8484, NLL=-1161.7163, KL=13.9634, AvgS=499.98, ProxLoss=0.0000
2026-03-19 01:51:03,209 - Server_DefaultID - INFO - Training client 13 (26/30)...
2026-03-19 01:51:04,679 - Server_DefaultID - INFO - Client 13: Acc=59.38, Loss=-342.1849, NLL=-1158.0944, KL=13.9474, AvgS=498.41, ProxLoss=0.0000
2026-03-19 01:51:04,680 - Server_DefaultID - INFO - Training client 64 (27/30)...
2026-03-19 01:51:06,150 - Server_DefaultID - INFO - Client 64: Acc=66.25, Loss=-102.6029, NLL=-352.8109, KL=8.6024, AvgS=151.27, ProxLoss=0.0000
2026-03-19 01:51:06,150 - Server_DefaultID - INFO - Training client 66 (28/30)...
2026-03-19 01:51:16,892 - Server_DefaultID - INFO - Client 66: Acc=88.17, Loss=-343.7937, NLL=-1161.7649, KL=13.9636, AvgS=500.00, ProxLoss=0.0000
2026-03-19 01:51:16,892 - Server_DefaultID - INFO - Training client 9 (29/30)...
2026-03-19 01:51:26,699 - Server_DefaultID - INFO - Client 9: Acc=97.59, Loss=-342.9419, NLL=-1161.7388, KL=13.9635, AvgS=499.99, ProxLoss=0.0000
2026-03-19 01:51:26,699 - Server_DefaultID - INFO - Training client 28 (30/30)...
2026-03-19 01:51:27,802 - Server_DefaultID - INFO - Client 28: Acc=55.31, Loss=-52.6709, NLL=-185.6681, KL=5.7745, AvgS=79.91, ProxLoss=0.0000
2026-03-19 01:51:29,581 - Server_DefaultID - WARNING - Global prior extremely imbalanced (max/min=1.0), applied adaptive smoothing lam=0.10.
2026-03-19 01:51:29,582 - Server_DefaultID - INFO - Round [17/200] Summary | Avg Client Train Stats:	Loss [-331.8446]	 Acc [74.95]	NLL [-1120.9271]	 KL [13.6960]	AvgS [482.39]	 ProxLoss [0.0000]
GlobalPriorAlpha (first 10): [5.0, 5.0, 5.0, 5.0, 5.0, 5.0, 5.0, 5.0, 5.0, 5.0]
Round Time: 253.63s
2026-03-19 01:51:29,585 - Server_DefaultID - INFO - --- Global Round 18/200 ---
2026-03-19 01:51:29,585 - Server_DefaultID - INFO - Selected 30 active clients for round 18.
2026-03-19 01:51:29,585 - Server_DefaultID - INFO - Training client 65 (1/30)...
2026-03-19 01:51:30,818 - Server_DefaultID - INFO - Client 65: Acc=65.00, Loss=-69.0703, NLL=-237.7982, KL=6.9098, AvgS=102.21, ProxLoss=0.0000
2026-03-19 01:51:30,818 - Server_DefaultID - INFO - Training client 88 (2/30)...
2026-03-19 01:51:38,000 - Server_DefaultID - INFO - Client 88: Acc=56.93, Loss=-344.7429, NLL=-1161.6125, KL=13.9630, AvgS=499.93, ProxLoss=0.0000
2026-03-19 01:51:38,000 - Server_DefaultID - INFO - Training client 34 (3/30)...
2026-03-19 01:51:41,694 - Server_DefaultID - INFO - Client 34: Acc=67.50, Loss=-342.1567, NLL=-1154.9087, KL=13.9359, AvgS=497.04, ProxLoss=0.0000
2026-03-19 01:51:41,695 - Server_DefaultID - INFO - Training client 35 (4/30)...
2026-03-19 01:51:45,729 - Server_DefaultID - INFO - Client 35: Acc=56.88, Loss=-344.7549, NLL=-1160.9527, KL=13.9604, AvgS=499.65, ProxLoss=0.0000
2026-03-19 01:51:45,729 - Server_DefaultID - INFO - Training client 63 (5/30)...
2026-03-19 01:51:53,442 - Server_DefaultID - INFO - Client 63: Acc=57.19, Loss=-344.0313, NLL=-1161.6324, KL=13.9631, AvgS=499.94, ProxLoss=0.0000
2026-03-19 01:51:53,442 - Server_DefaultID - INFO - Training client 19 (6/30)...
2026-03-19 01:52:10,328 - Server_DefaultID - INFO - Client 19: Acc=95.78, Loss=-342.7691, NLL=-1161.7119, KL=13.9634, AvgS=499.98, ProxLoss=0.0000
2026-03-19 01:52:10,328 - Server_DefaultID - INFO - Training client 62 (7/30)...
2026-03-19 01:52:12,563 - Server_DefaultID - INFO - Client 62: Acc=43.59, Loss=-83.4864, NLL=-289.6370, KL=7.5826, AvgS=124.15, ProxLoss=0.0000
2026-03-19 01:52:12,563 - Server_DefaultID - INFO - Training client 14 (8/30)...
2026-03-19 01:52:25,329 - Server_DefaultID - INFO - Client 14: Acc=82.60, Loss=-342.7475, NLL=-1161.6881, KL=13.9633, AvgS=499.96, ProxLoss=0.0000
2026-03-19 01:52:25,329 - Server_DefaultID - INFO - Training client 16 (9/30)...
2026-03-19 01:52:27,694 - Server_DefaultID - INFO - Client 16: Acc=59.22, Loss=-343.6007, NLL=-1161.6218, KL=13.9631, AvgS=499.94, ProxLoss=0.0000
2026-03-19 01:52:27,694 - Server_DefaultID - INFO - Training client 13 (10/30)...
2026-03-19 01:52:29,056 - Server_DefaultID - INFO - Client 13: Acc=53.75, Loss=-343.0826, NLL=-1161.0424, KL=13.9608, AvgS=499.69, ProxLoss=0.0000
2026-03-19 01:52:29,056 - Server_DefaultID - INFO - Training client 43 (11/30)...
2026-03-19 01:52:40,985 - Server_DefaultID - INFO - Client 43: Acc=75.06, Loss=-343.8390, NLL=-1161.7334, KL=13.9635, AvgS=499.98, ProxLoss=0.0000
2026-03-19 01:52:40,985 - Server_DefaultID - INFO - Training client 6 (12/30)...
2026-03-19 01:52:44,705 - Server_DefaultID - INFO - Client 6: Acc=62.81, Loss=-343.7777, NLL=-1161.3680, KL=13.9619, AvgS=499.83, ProxLoss=0.0000
2026-03-19 01:52:44,705 - Server_DefaultID - INFO - Training client 78 (13/30)...
2026-03-19 01:53:20,869 - Server_DefaultID - INFO - Client 78: Acc=90.54, Loss=-344.0550, NLL=-1161.7263, KL=13.9635, AvgS=499.98, ProxLoss=0.0000
2026-03-19 01:53:20,869 - Server_DefaultID - INFO - Training client 91 (14/30)...
2026-03-19 01:53:25,148 - Server_DefaultID - INFO - Client 91: Acc=78.12, Loss=-340.0796, NLL=-1154.6601, KL=13.9344, AvgS=496.93, ProxLoss=0.0000
2026-03-19 01:53:25,148 - Server_DefaultID - INFO - Training client 92 (15/30)...
2026-03-19 01:53:31,223 - Server_DefaultID - INFO - Client 92: Acc=95.08, Loss=-344.0502, NLL=-1161.1959, KL=13.9614, AvgS=499.75, ProxLoss=0.0000
2026-03-19 01:53:31,223 - Server_DefaultID - INFO - Training client 85 (16/30)...
2026-03-19 01:53:45,651 - Server_DefaultID - INFO - Client 85: Acc=99.77, Loss=-341.7583, NLL=-1161.7066, KL=13.9634, AvgS=499.97, ProxLoss=0.0000
2026-03-19 01:53:45,651 - Server_DefaultID - INFO - Training client 77 (17/30)...
2026-03-19 01:54:08,312 - Server_DefaultID - INFO - Client 77: Acc=90.62, Loss=-343.8613, NLL=-1161.7592, KL=13.9636, AvgS=500.00, ProxLoss=0.0000
2026-03-19 01:54:08,312 - Server_DefaultID - INFO - Training client 47 (18/30)...
2026-03-19 01:54:15,850 - Server_DefaultID - INFO - Client 47: Acc=49.90, Loss=-345.3761, NLL=-1161.6582, KL=13.9632, AvgS=499.95, ProxLoss=0.0000
2026-03-19 01:54:15,850 - Server_DefaultID - INFO - Training client 67 (19/30)...
2026-03-19 01:54:23,264 - Server_DefaultID - INFO - Client 67: Acc=63.28, Loss=-344.6894, NLL=-1161.5111, KL=13.9626, AvgS=499.89, ProxLoss=0.0000
2026-03-19 01:54:23,264 - Server_DefaultID - INFO - Training client 61 (20/30)...
2026-03-19 01:54:30,046 - Server_DefaultID - INFO - Client 61: Acc=60.88, Loss=-345.8625, NLL=-1161.4315, KL=13.9623, AvgS=499.85, ProxLoss=0.0000
2026-03-19 01:54:30,046 - Server_DefaultID - INFO - Training client 40 (21/30)...
2026-03-19 01:54:39,893 - Server_DefaultID - INFO - Client 40: Acc=58.39, Loss=-345.2555, NLL=-1161.2994, KL=13.9618, AvgS=499.80, ProxLoss=0.0000
2026-03-19 01:54:39,893 - Server_DefaultID - INFO - Training client 81 (22/30)...
2026-03-19 01:54:49,840 - Server_DefaultID - INFO - Client 81: Acc=75.45, Loss=-343.9920, NLL=-1161.7011, KL=13.9634, AvgS=499.97, ProxLoss=0.0000
2026-03-19 01:54:49,840 - Server_DefaultID - INFO - Training client 8 (23/30)...
2026-03-19 01:54:52,688 - Server_DefaultID - INFO - Client 8: Acc=87.97, Loss=-343.6912, NLL=-1161.6714, KL=13.9632, AvgS=499.96, ProxLoss=0.0000
2026-03-19 01:54:52,688 - Server_DefaultID - INFO - Training client 76 (24/30)...
2026-03-19 01:55:02,525 - Server_DefaultID - INFO - Client 76: Acc=60.55, Loss=-345.6725, NLL=-1161.7598, KL=13.9636, AvgS=500.00, ProxLoss=0.0000
2026-03-19 01:55:02,525 - Server_DefaultID - INFO - Training client 80 (25/30)...
2026-03-19 01:55:04,905 - Server_DefaultID - INFO - Client 80: Acc=64.38, Loss=-102.9232, NLL=-353.4803, KL=8.6599, AvgS=151.54, ProxLoss=0.0000
2026-03-19 01:55:04,905 - Server_DefaultID - INFO - Training client 55 (26/30)...
2026-03-19 01:55:42,479 - Server_DefaultID - INFO - Client 55: Acc=84.32, Loss=-344.7288, NLL=-1161.7318, KL=13.9635, AvgS=499.98, ProxLoss=0.0000
2026-03-19 01:55:42,479 - Server_DefaultID - INFO - Training client 15 (27/30)...
2026-03-19 01:55:46,651 - Server_DefaultID - INFO - Client 15: Acc=63.91, Loss=-344.6077, NLL=-1161.6617, KL=13.9632, AvgS=499.95, ProxLoss=0.0000
2026-03-19 01:55:46,651 - Server_DefaultID - INFO - Training client 24 (28/30)...
2026-03-19 01:55:48,307 - Server_DefaultID - INFO - Client 24: Acc=51.25, Loss=-68.6935, NLL=-235.5833, KL=6.8428, AvgS=101.24, ProxLoss=0.0000
2026-03-19 01:55:48,307 - Server_DefaultID - INFO - Training client 95 (29/30)...
2026-03-19 01:55:59,409 - Server_DefaultID - INFO - Client 95: Acc=54.79, Loss=-342.8453, NLL=-1161.4078, KL=13.9622, AvgS=499.84, ProxLoss=0.0000
2026-03-19 01:55:59,409 - Server_DefaultID - INFO - Training client 33 (30/30)...
2026-03-19 01:56:08,668 - Server_DefaultID - INFO - Client 33: Acc=57.81, Loss=-345.5354, NLL=-1161.7114, KL=13.9634, AvgS=499.97, ProxLoss=0.0000
2026-03-19 01:56:10,187 - Server_DefaultID - WARNING - Global prior extremely imbalanced (max/min=1.0), applied adaptive smoothing lam=0.10.
2026-03-19 01:56:10,188 - Server_DefaultID - INFO - Round [18/200] Summary | Avg Client Train Stats:	Loss [-336.4198]	 Acc [76.66]	NLL [-1136.1020]	 KL [13.7777]	AvgS [488.94]	 ProxLoss [0.0000]
GlobalPriorAlpha (first 10): [5.0, 5.0, 5.0, 5.0, 5.0, 5.0, 5.0, 5.0, 5.0, 5.0]
Round Time: 280.60s
2026-03-19 01:56:10,191 - Server_DefaultID - INFO - --- Global Round 19/200 ---
2026-03-19 01:56:10,191 - Server_DefaultID - INFO - Selected 30 active clients for round 19.
2026-03-19 01:56:10,191 - Server_DefaultID - INFO - Training client 52 (1/30)...
2026-03-19 01:56:13,050 - Server_DefaultID - INFO - Client 52: Acc=68.65, Loss=-343.6521, NLL=-1161.1467, KL=13.9612, AvgS=499.73, ProxLoss=0.0000
2026-03-19 01:56:13,050 - Server_DefaultID - INFO - Training client 76 (2/30)...
2026-03-19 01:56:29,233 - Server_DefaultID - INFO - Client 76: Acc=65.08, Loss=-345.5569, NLL=-1161.5064, KL=13.9625, AvgS=499.89, ProxLoss=0.0000
2026-03-19 01:56:29,233 - Server_DefaultID - INFO - Training client 73 (3/30)...
2026-03-19 01:56:49,394 - Server_DefaultID - INFO - Client 73: Acc=80.60, Loss=-343.1358, NLL=-1161.4873, KL=13.9625, AvgS=499.88, ProxLoss=0.0000
2026-03-19 01:56:49,394 - Server_DefaultID - INFO - Training client 0 (4/30)...
2026-03-19 01:56:52,615 - Server_DefaultID - INFO - Client 0: Acc=45.31, Loss=-344.3635, NLL=-1161.6817, KL=13.9633, AvgS=499.96, ProxLoss=0.0000
2026-03-19 01:56:52,615 - Server_DefaultID - INFO - Training client 83 (5/30)...
2026-03-19 01:57:04,546 - Server_DefaultID - INFO - Client 83: Acc=99.72, Loss=-341.7548, NLL=-1161.6800, KL=13.9633, AvgS=499.96, ProxLoss=0.0000
2026-03-19 01:57:04,546 - Server_DefaultID - INFO - Training client 49 (6/30)...
2026-03-19 01:57:13,261 - Server_DefaultID - INFO - Client 49: Acc=76.52, Loss=-343.7705, NLL=-1161.7607, KL=13.9636, AvgS=500.00, ProxLoss=0.0000
2026-03-19 01:57:13,261 - Server_DefaultID - INFO - Training client 18 (7/30)...
2026-03-19 01:57:31,161 - Server_DefaultID - INFO - Client 18: Acc=85.04, Loss=-344.3489, NLL=-1161.7245, KL=13.9635, AvgS=499.98, ProxLoss=0.0000
2026-03-19 01:57:31,161 - Server_DefaultID - INFO - Training client 22 (8/30)...
2026-03-19 01:57:33,652 - Server_DefaultID - INFO - Client 22: Acc=50.78, Loss=-118.7479, NLL=-409.0647, KL=9.1823, AvgS=175.29, ProxLoss=0.0000
2026-03-19 01:57:33,652 - Server_DefaultID - INFO - Training client 28 (9/30)...
2026-03-19 01:57:35,555 - Server_DefaultID - INFO - Client 28: Acc=53.12, Loss=-67.1627, NLL=-235.2845, KL=6.7063, AvgS=100.99, ProxLoss=0.0000
2026-03-19 01:57:35,555 - Server_DefaultID - INFO - Training client 15 (10/30)...
2026-03-19 01:57:38,767 - Server_DefaultID - INFO - Client 15: Acc=62.97, Loss=-344.4055, NLL=-1161.6347, KL=13.9631, AvgS=499.94, ProxLoss=0.0000
2026-03-19 01:57:38,767 - Server_DefaultID - INFO - Training client 40 (11/30)...
2026-03-19 01:57:46,616 - Server_DefaultID - INFO - Client 40: Acc=42.50, Loss=-345.1359, NLL=-1161.1188, KL=13.9610, AvgS=499.72, ProxLoss=0.0000
2026-03-19 01:57:46,617 - Server_DefaultID - INFO - Training client 23 (12/30)...
2026-03-19 01:57:48,789 - Server_DefaultID - INFO - Client 23: Acc=70.85, Loss=-67.9732, NLL=-237.0203, KL=6.8923, AvgS=101.80, ProxLoss=0.0000
2026-03-19 01:57:48,789 - Server_DefaultID - INFO - Training client 61 (13/30)...
2026-03-19 01:57:55,160 - Server_DefaultID - INFO - Client 61: Acc=61.75, Loss=-346.1404, NLL=-1161.7265, KL=13.9635, AvgS=499.98, ProxLoss=0.0000
2026-03-19 01:57:55,160 - Server_DefaultID - INFO - Training client 97 (14/30)...
2026-03-19 01:58:23,064 - Server_DefaultID - INFO - Client 97: Acc=99.58, Loss=-341.8775, NLL=-1161.7588, KL=13.9636, AvgS=500.00, ProxLoss=0.0000
2026-03-19 01:58:23,064 - Server_DefaultID - INFO - Training client 19 (15/30)...
2026-03-19 01:58:40,612 - Server_DefaultID - INFO - Client 19: Acc=95.71, Loss=-342.5748, NLL=-1161.4034, KL=13.9621, AvgS=499.84, ProxLoss=0.0000
2026-03-19 01:58:40,612 - Server_DefaultID - INFO - Training client 64 (16/30)...
2026-03-19 01:58:42,004 - Server_DefaultID - INFO - Client 64: Acc=65.62, Loss=-120.2572, NLL=-412.5824, KL=9.2841, AvgS=176.89, ProxLoss=0.0000
2026-03-19 01:58:42,004 - Server_DefaultID - INFO - Training client 27 (17/30)...
2026-03-19 01:58:44,333 - Server_DefaultID - INFO - Client 27: Acc=57.19, Loss=-344.5759, NLL=-1160.9046, KL=13.9603, AvgS=499.63, ProxLoss=0.0000
2026-03-19 01:58:44,333 - Server_DefaultID - INFO - Training client 51 (18/30)...
2026-03-19 01:58:45,718 - Server_DefaultID - INFO - Client 51: Acc=16.88, Loss=-199.6020, NLL=-677.0789, KL=11.4317, AvgS=290.65, ProxLoss=0.0000
2026-03-19 01:58:45,718 - Server_DefaultID - INFO - Training client 24 (19/30)...
2026-03-19 01:58:46,690 - Server_DefaultID - INFO - Client 24: Acc=54.38, Loss=-84.8555, NLL=-290.1646, KL=7.7227, AvgS=124.49, ProxLoss=0.0000
2026-03-19 01:58:46,690 - Server_DefaultID - INFO - Training client 30 (20/30)...
2026-03-19 01:58:51,414 - Server_DefaultID - INFO - Client 30: Acc=54.22, Loss=-341.9742, NLL=-1160.6079, KL=13.9590, AvgS=499.50, ProxLoss=0.0000
2026-03-19 01:58:51,414 - Server_DefaultID - INFO - Training client 98 (21/30)...
2026-03-19 01:58:53,311 - Server_DefaultID - INFO - Client 98: Acc=72.92, Loss=-342.2373, NLL=-1160.9534, KL=13.9604, AvgS=499.65, ProxLoss=0.0000
2026-03-19 01:58:53,311 - Server_DefaultID - INFO - Training client 86 (22/30)...
2026-03-19 01:58:58,101 - Server_DefaultID - INFO - Client 86: Acc=69.69, Loss=-339.9565, NLL=-1151.6753, KL=13.9227, AvgS=495.64, ProxLoss=0.0000
2026-03-19 01:58:58,101 - Server_DefaultID - INFO - Training client 53 (23/30)...
2026-03-19 01:59:04,600 - Server_DefaultID - INFO - Client 53: Acc=95.84, Loss=-343.4390, NLL=-1161.6261, KL=13.9631, AvgS=499.94, ProxLoss=0.0000
2026-03-19 01:59:04,600 - Server_DefaultID - INFO - Training client 91 (24/30)...
2026-03-19 01:59:07,787 - Server_DefaultID - INFO - Client 91: Acc=78.12, Loss=-342.2624, NLL=-1160.8617, KL=13.9601, AvgS=499.61, ProxLoss=0.0000
2026-03-19 01:59:07,787 - Server_DefaultID - INFO - Training client 32 (25/30)...
2026-03-19 01:59:11,364 - Server_DefaultID - INFO - Client 32: Acc=77.19, Loss=-344.5171, NLL=-1161.4682, KL=13.9624, AvgS=499.87, ProxLoss=0.0000
2026-03-19 01:59:11,364 - Server_DefaultID - INFO - Training client 58 (26/30)...
2026-03-19 01:59:16,694 - Server_DefaultID - INFO - Client 58: Acc=78.08, Loss=-342.7383, NLL=-1161.6318, KL=13.9631, AvgS=499.94, ProxLoss=0.0000
2026-03-19 01:59:16,694 - Server_DefaultID - INFO - Training client 9 (27/30)...
2026-03-19 01:59:20,891 - Server_DefaultID - INFO - Client 9: Acc=97.41, Loss=-342.8133, NLL=-1161.7453, KL=13.9635, AvgS=499.99, ProxLoss=0.0000
2026-03-19 01:59:20,891 - Server_DefaultID - INFO - Training client 41 (28/30)...
2026-03-19 01:59:25,555 - Server_DefaultID - INFO - Client 41: Acc=66.52, Loss=-343.3274, NLL=-1161.7604, KL=13.9636, AvgS=500.00, ProxLoss=0.0000
2026-03-19 01:59:25,555 - Server_DefaultID - INFO - Training client 72 (29/30)...
2026-03-19 01:59:28,719 - Server_DefaultID - INFO - Client 72: Acc=95.16, Loss=-343.5779, NLL=-1161.7699, KL=13.9636, AvgS=500.00, ProxLoss=0.0000
2026-03-19 01:59:28,719 - Server_DefaultID - INFO - Training client 59 (30/30)...
2026-03-19 01:59:34,112 - Server_DefaultID - INFO - Client 59: Acc=72.57, Loss=-344.0374, NLL=-1161.7369, KL=13.9635, AvgS=499.99, ProxLoss=0.0000
2026-03-19 01:59:34,778 - Server_DefaultID - WARNING - Global prior extremely imbalanced (max/min=1.0), applied adaptive smoothing lam=0.10.
2026-03-19 01:59:34,779 - Server_DefaultID - INFO - Round [19/200] Summary | Avg Client Train Stats:	Loss [-331.4345]	 Acc [79.31]	NLL [-1121.6787]	 KL [13.6930]	AvgS [482.72]	 ProxLoss [0.0000]
GlobalPriorAlpha (first 10): [5.0, 5.0, 5.0, 5.0, 5.0, 5.0, 5.0, 5.0, 5.0, 5.0]
Round Time: 204.59s
2026-03-19 01:59:34,781 - Server_DefaultID - INFO - --- Global Round 20/200 ---
2026-03-19 01:59:34,781 - Server_DefaultID - INFO - Selected 30 active clients for round 20.
2026-03-19 01:59:34,782 - Server_DefaultID - INFO - Training client 13 (1/30)...
2026-03-19 01:59:35,701 - Server_DefaultID - INFO - Client 13: Acc=55.00, Loss=-342.7020, NLL=-1160.5310, KL=13.9587, AvgS=499.47, ProxLoss=0.0000
2026-03-19 01:59:35,701 - Server_DefaultID - INFO - Training client 91 (2/30)...
2026-03-19 01:59:39,840 - Server_DefaultID - INFO - Client 91: Acc=80.00, Loss=-342.3540, NLL=-1161.2513, KL=13.9615, AvgS=499.78, ProxLoss=0.0000
2026-03-19 01:59:39,840 - Server_DefaultID - INFO - Training client 53 (3/30)...
2026-03-19 01:59:45,786 - Server_DefaultID - INFO - Client 53: Acc=96.12, Loss=-343.2021, NLL=-1161.5565, KL=13.9628, AvgS=499.91, ProxLoss=0.0000
2026-03-19 01:59:45,787 - Server_DefaultID - INFO - Training client 26 (4/30)...
2026-03-19 01:59:57,646 - Server_DefaultID - INFO - Client 26: Acc=94.39, Loss=-343.1469, NLL=-1161.7510, KL=13.9635, AvgS=499.99, ProxLoss=0.0000
2026-03-19 01:59:57,647 - Server_DefaultID - INFO - Training client 28 (5/30)...
2026-03-19 01:59:58,484 - Server_DefaultID - INFO - Client 28: Acc=50.31, Loss=-82.6435, NLL=-287.4497, KL=7.4778, AvgS=123.27, ProxLoss=0.0000
2026-03-19 01:59:58,484 - Server_DefaultID - INFO - Training client 7 (6/30)...
2026-03-19 02:00:02,991 - Server_DefaultID - INFO - Client 7: Acc=51.25, Loss=-344.1173, NLL=-1161.7699, KL=13.9636, AvgS=500.00, ProxLoss=0.0000
2026-03-19 02:00:02,991 - Server_DefaultID - INFO - Training client 49 (7/30)...
2026-03-19 02:00:09,211 - Server_DefaultID - INFO - Client 49: Acc=76.70, Loss=-343.7264, NLL=-1161.6872, KL=13.9633, AvgS=499.96, ProxLoss=0.0000
2026-03-19 02:00:09,211 - Server_DefaultID - INFO - Training client 58 (8/30)...
2026-03-19 02:00:17,319 - Server_DefaultID - INFO - Client 58: Acc=79.11, Loss=-342.6010, NLL=-1161.5080, KL=13.9626, AvgS=499.89, ProxLoss=0.0000
2026-03-19 02:00:17,319 - Server_DefaultID - INFO - Training client 86 (9/30)...
2026-03-19 02:00:21,901 - Server_DefaultID - INFO - Client 86: Acc=70.62, Loss=-343.6199, NLL=-1161.0127, KL=13.9606, AvgS=499.67, ProxLoss=0.0000
2026-03-19 02:00:21,901 - Server_DefaultID - INFO - Training client 46 (10/30)...
2026-03-19 02:00:29,768 - Server_DefaultID - INFO - Client 46: Acc=86.37, Loss=-343.7095, NLL=-1160.9672, KL=13.9604, AvgS=499.65, ProxLoss=0.0000
2026-03-19 02:00:29,768 - Server_DefaultID - INFO - Training client 80 (11/30)...
2026-03-19 02:00:31,293 - Server_DefaultID - INFO - Client 80: Acc=55.00, Loss=-120.6735, NLL=-412.5101, KL=9.3417, AvgS=176.83, ProxLoss=0.0000
2026-03-19 02:00:31,293 - Server_DefaultID - INFO - Training client 69 (12/30)...
2026-03-19 02:00:33,324 - Server_DefaultID - INFO - Client 69: Acc=27.34, Loss=-247.1623, NLL=-838.8816, KL=12.4021, AvgS=360.49, ProxLoss=0.0000
2026-03-19 02:00:33,324 - Server_DefaultID - INFO - Training client 67 (13/30)...
2026-03-19 02:00:39,204 - Server_DefaultID - INFO - Client 67: Acc=66.09, Loss=-344.8306, NLL=-1161.6847, KL=13.9633, AvgS=499.96, ProxLoss=0.0000
2026-03-19 02:00:39,204 - Server_DefaultID - INFO - Training client 20 (14/30)...
2026-03-19 02:00:52,900 - Server_DefaultID - INFO - Client 20: Acc=59.53, Loss=-346.2065, NLL=-1161.7184, KL=13.9634, AvgS=499.98, ProxLoss=0.0000
2026-03-19 02:00:52,901 - Server_DefaultID - INFO - Training client 8 (15/30)...
2026-03-19 02:00:57,646 - Server_DefaultID - INFO - Client 8: Acc=88.28, Loss=-344.0381, NLL=-1161.5571, KL=13.9628, AvgS=499.91, ProxLoss=0.0000
2026-03-19 02:00:57,646 - Server_DefaultID - INFO - Training client 59 (16/30)...
2026-03-19 02:01:16,645 - Server_DefaultID - INFO - Client 59: Acc=75.59, Loss=-344.0163, NLL=-1161.7235, KL=13.9634, AvgS=499.98, ProxLoss=0.0000
2026-03-19 02:01:16,645 - Server_DefaultID - INFO - Training client 79 (17/30)...
2026-03-19 02:01:27,989 - Server_DefaultID - INFO - Client 79: Acc=33.62, Loss=-278.9328, NLL=-955.1739, KL=12.9986, AvgS=410.72, ProxLoss=0.0000
2026-03-19 02:01:27,989 - Server_DefaultID - INFO - Training client 68 (18/30)...
2026-03-19 02:01:43,276 - Server_DefaultID - INFO - Client 68: Acc=75.52, Loss=-342.5965, NLL=-1161.7305, KL=13.9635, AvgS=499.98, ProxLoss=0.0000
2026-03-19 02:01:43,276 - Server_DefaultID - INFO - Training client 78 (19/30)...
2026-03-19 02:02:15,210 - Server_DefaultID - INFO - Client 78: Acc=92.14, Loss=-343.9964, NLL=-1161.7205, KL=13.9634, AvgS=499.98, ProxLoss=0.0000
2026-03-19 02:02:15,210 - Server_DefaultID - INFO - Training client 47 (20/30)...
2026-03-19 02:02:21,471 - Server_DefaultID - INFO - Client 47: Acc=49.58, Loss=-345.1533, NLL=-1161.5293, KL=13.9627, AvgS=499.90, ProxLoss=0.0000
2026-03-19 02:02:21,471 - Server_DefaultID - INFO - Training client 9 (21/30)...
2026-03-19 02:02:29,074 - Server_DefaultID - INFO - Client 9: Acc=97.50, Loss=-342.5036, NLL=-1160.9405, KL=13.9600, AvgS=499.64, ProxLoss=0.0000
2026-03-19 02:02:29,074 - Server_DefaultID - INFO - Training client 40 (22/30)...
2026-03-19 02:02:35,367 - Server_DefaultID - INFO - Client 40: Acc=58.12, Loss=-345.3948, NLL=-1161.7289, KL=13.9635, AvgS=499.98, ProxLoss=0.0000
2026-03-19 02:02:35,367 - Server_DefaultID - INFO - Training client 21 (23/30)...
2026-03-19 02:02:45,177 - Server_DefaultID - INFO - Client 21: Acc=49.34, Loss=-345.3964, NLL=-1161.6455, KL=13.9631, AvgS=499.95, ProxLoss=0.0000
2026-03-19 02:02:45,177 - Server_DefaultID - INFO - Training client 16 (24/30)...
2026-03-19 02:02:47,704 - Server_DefaultID - INFO - Client 16: Acc=64.69, Loss=-343.2262, NLL=-1161.4489, KL=13.9624, AvgS=499.86, ProxLoss=0.0000
2026-03-19 02:02:47,704 - Server_DefaultID - INFO - Training client 32 (25/30)...
2026-03-19 02:02:54,299 - Server_DefaultID - INFO - Client 32: Acc=77.03, Loss=-344.5283, NLL=-1161.7108, KL=13.9634, AvgS=499.97, ProxLoss=0.0000
2026-03-19 02:02:54,299 - Server_DefaultID - INFO - Training client 99 (26/30)...
2026-03-19 02:02:56,157 - Server_DefaultID - INFO - Client 99: Acc=39.69, Loss=-85.6577, NLL=-291.6738, KL=7.7848, AvgS=125.07, ProxLoss=0.0000
2026-03-19 02:02:56,157 - Server_DefaultID - INFO - Training client 30 (27/30)...
2026-03-19 02:03:05,537 - Server_DefaultID - INFO - Client 30: Acc=53.63, Loss=-342.3636, NLL=-1161.4236, KL=13.9623, AvgS=499.85, ProxLoss=0.0000
2026-03-19 02:03:05,537 - Server_DefaultID - INFO - Training client 57 (28/30)...
2026-03-19 02:03:23,012 - Server_DefaultID - INFO - Client 57: Acc=93.84, Loss=-343.7243, NLL=-1161.7388, KL=13.9635, AvgS=499.99, ProxLoss=0.0000
2026-03-19 02:03:23,012 - Server_DefaultID - INFO - Training client 50 (29/30)...
2026-03-19 02:03:42,963 - Server_DefaultID - INFO - Client 50: Acc=97.53, Loss=-342.8417, NLL=-1161.7322, KL=13.9635, AvgS=499.98, ProxLoss=0.0000
2026-03-19 02:03:42,963 - Server_DefaultID - INFO - Training client 34 (30/30)...
2026-03-19 02:03:46,987 - Server_DefaultID - INFO - Client 34: Acc=67.60, Loss=-344.0422, NLL=-1160.8779, KL=13.9601, AvgS=499.62, ProxLoss=0.0000
2026-03-19 02:03:48,893 - Server_DefaultID - WARNING - Global prior extremely imbalanced (max/min=1.0), applied adaptive smoothing lam=0.10.
2026-03-19 02:03:48,894 - Server_DefaultID - INFO - Round [20/200] Summary | Avg Client Train Stats:	Loss [-335.7228]	 Acc [77.89]	NLL [-1135.0633]	 KL [13.7973]	AvgS [488.48]	 ProxLoss [0.0000]
GlobalPriorAlpha (first 10): [5.0, 5.0, 5.0, 5.0, 5.0, 5.0, 5.0, 5.0, 5.0, 5.0]
Round Time: 254.11s
2026-03-19 02:03:48,894 - Server_DefaultID - INFO - --- Evaluating models at round 20 ---
2026-03-19 02:05:29,086 - Server_DefaultID - INFO - Global Model Evaluation (Round 20): 
  Avg Test Acc: 63.67%
  Avg Test Acc Softmax: 63.67%
  Avg Test Loss: -1018.7740
  Avg Test NLL: -1030.7072
  Avg Test KL (vs flat prior): 13.0758
  Avg Test S: 443.51
2026-03-19 02:06:41,047 - Server_DefaultID - INFO - Personalized Model Evaluation (Round 20): 
  Avg Test Acc: 66.03%
  Avg Test Acc Softmax: 66.03%
  Avg Test Loss: -1024.5388
  Avg Test NLL: -1036.4822
  Avg Test KL (vs flat prior): 13.0890
  Avg Test S: 446.00
2026-03-19 02:06:41,047 - Server_DefaultID - INFO - [Metric 1] Personalized Brier Score | Mean: 0.4906
2026-03-19 02:06:41,047 - Server_DefaultID - INFO - [Metric 1] Personalized ECE | Mean: 0.1491
2026-03-19 02:06:41,047 - Server_DefaultID - INFO - [OOD Eval] OOD AUC-ROC (Epistemic): 0.1054
2026-03-19 02:06:41,047 - Server_DefaultID - INFO - [Metric 4] OOD FPR@95%TPR: 0.9728
2026-03-19 02:06:42,690 - Server_DefaultID - INFO - --- Global Round 21/200 ---
2026-03-19 02:06:42,690 - Server_DefaultID - INFO - Selected 30 active clients for round 21.
2026-03-19 02:06:42,691 - Server_DefaultID - INFO - Training client 23 (1/30)...
2026-03-19 02:06:43,194 - Server_DefaultID - INFO - Client 23: Acc=67.46, Loss=-83.7317, NLL=-291.1412, KL=7.7625, AvgS=124.86, ProxLoss=0.0000
2026-03-19 02:06:43,194 - Server_DefaultID - INFO - Training client 31 (2/30)...
2026-03-19 02:06:46,036 - Server_DefaultID - INFO - Client 31: Acc=74.76, Loss=-343.8009, NLL=-1161.7050, KL=13.9634, AvgS=499.97, ProxLoss=0.0000
2026-03-19 02:06:46,036 - Server_DefaultID - INFO - Training client 54 (3/30)...
2026-03-19 02:06:46,828 - Server_DefaultID - INFO - Client 54: Acc=70.00, Loss=-83.2386, NLL=-290.5492, KL=7.7635, AvgS=124.60, ProxLoss=0.0000
2026-03-19 02:06:46,828 - Server_DefaultID - INFO - Training client 49 (4/30)...
2026-03-19 02:06:49,156 - Server_DefaultID - INFO - Client 49: Acc=75.13, Loss=-343.6457, NLL=-1161.6791, KL=13.9633, AvgS=499.96, ProxLoss=0.0000
2026-03-19 02:06:49,156 - Server_DefaultID - INFO - Training client 7 (5/30)...
2026-03-19 02:06:50,972 - Server_DefaultID - INFO - Client 7: Acc=49.58, Loss=-343.0737, NLL=-1159.7186, KL=13.9550, AvgS=499.11, ProxLoss=0.0000
2026-03-19 02:06:50,972 - Server_DefaultID - INFO - Training client 4 (6/30)...
2026-03-19 02:06:53,193 - Server_DefaultID - INFO - Client 4: Acc=66.61, Loss=-343.6422, NLL=-1158.2308, KL=13.9495, AvgS=498.47, ProxLoss=0.0000
2026-03-19 02:06:53,193 - Server_DefaultID - INFO - Training client 14 (7/30)...
2026-03-19 02:06:56,196 - Server_DefaultID - INFO - Client 14: Acc=67.88, Loss=-342.4663, NLL=-1161.5777, KL=13.9629, AvgS=499.92, ProxLoss=0.0000
2026-03-19 02:06:56,196 - Server_DefaultID - INFO - Training client 63 (8/30)...
2026-03-19 02:06:57,925 - Server_DefaultID - INFO - Client 63: Acc=59.19, Loss=-343.9695, NLL=-1161.6493, KL=13.9632, AvgS=499.95, ProxLoss=0.0000
2026-03-19 02:06:57,925 - Server_DefaultID - INFO - Training client 77 (9/30)...
2026-03-19 02:07:02,710 - Server_DefaultID - INFO - Client 77: Acc=90.79, Loss=-343.5182, NLL=-1161.5506, KL=13.9628, AvgS=499.91, ProxLoss=0.0000
2026-03-19 02:07:02,710 - Server_DefaultID - INFO - Training client 27 (10/30)...
2026-03-19 02:07:03,854 - Server_DefaultID - INFO - Client 27: Acc=58.75, Loss=-344.5529, NLL=-1160.7178, KL=13.9595, AvgS=499.55, ProxLoss=0.0000
2026-03-19 02:07:03,854 - Server_DefaultID - INFO - Training client 17 (11/30)...
2026-03-19 02:07:05,841 - Server_DefaultID - INFO - Client 17: Acc=80.94, Loss=-329.8537, NLL=-1113.6377, KL=13.7098, AvgS=479.22, ProxLoss=0.0000
2026-03-19 02:07:05,841 - Server_DefaultID - INFO - Training client 84 (12/30)...
2026-03-19 02:07:06,193 - Server_DefaultID - INFO - Client 84: Acc=46.79, Loss=-37.9367, NLL=-135.2183, KL=4.6303, AvgS=58.59, ProxLoss=0.0000
2026-03-19 02:07:06,193 - Server_DefaultID - INFO - Training client 44 (13/30)...
2026-03-19 02:07:09,018 - Server_DefaultID - INFO - Client 44: Acc=80.87, Loss=-343.4777, NLL=-1161.4160, KL=13.9622, AvgS=499.85, ProxLoss=0.0000
2026-03-19 02:07:09,018 - Server_DefaultID - INFO - Training client 15 (14/30)...
2026-03-19 02:07:09,840 - Server_DefaultID - INFO - Client 15: Acc=54.22, Loss=-330.6774, NLL=-1118.8621, KL=13.7728, AvgS=481.47, ProxLoss=0.0000
2026-03-19 02:07:09,840 - Server_DefaultID - INFO - Training client 50 (15/30)...
2026-03-19 02:07:16,075 - Server_DefaultID - INFO - Client 50: Acc=97.50, Loss=-342.8690, NLL=-1161.6473, KL=13.9631, AvgS=499.95, ProxLoss=0.0000
2026-03-19 02:07:16,075 - Server_DefaultID - INFO - Training client 51 (16/30)...
2026-03-19 02:07:16,962 - Server_DefaultID - INFO - Client 51: Acc=18.12, Loss=-246.5723, NLL=-833.7368, KL=12.3778, AvgS=358.26, ProxLoss=0.0000
2026-03-19 02:07:16,962 - Server_DefaultID - INFO - Training client 75 (17/30)...
2026-03-19 02:07:19,908 - Server_DefaultID - INFO - Client 75: Acc=88.75, Loss=-342.8414, NLL=-1161.5903, KL=13.9629, AvgS=499.92, ProxLoss=0.0000
2026-03-19 02:07:19,908 - Server_DefaultID - INFO - Training client 68 (18/30)...
2026-03-19 02:07:22,974 - Server_DefaultID - INFO - Client 68: Acc=77.71, Loss=-342.4847, NLL=-1161.5499, KL=13.9628, AvgS=499.91, ProxLoss=0.0000
2026-03-19 02:07:22,974 - Server_DefaultID - INFO - Training client 29 (19/30)...
2026-03-19 02:07:24,513 - Server_DefaultID - INFO - Client 29: Acc=80.47, Loss=-338.0200, NLL=-1147.5945, KL=13.9049, AvgS=493.87, ProxLoss=0.0000
2026-03-19 02:07:24,513 - Server_DefaultID - INFO - Training client 34 (20/30)...
2026-03-19 02:07:25,561 - Server_DefaultID - INFO - Client 34: Acc=66.35, Loss=-344.5413, NLL=-1160.9894, KL=13.9606, AvgS=499.66, ProxLoss=0.0000
2026-03-19 02:07:25,561 - Server_DefaultID - INFO - Training client 10 (21/30)...
2026-03-19 02:07:27,137 - Server_DefaultID - INFO - Client 10: Acc=36.48, Loss=-343.1472, NLL=-1156.8252, KL=13.9427, AvgS=497.86, ProxLoss=0.0000
2026-03-19 02:07:27,137 - Server_DefaultID - INFO - Training client 25 (22/30)...
2026-03-19 02:07:27,980 - Server_DefaultID - INFO - Client 25: Acc=45.00, Loss=-197.6373, NLL=-676.8249, KL=11.2943, AvgS=290.60, ProxLoss=0.0000
2026-03-19 02:07:27,980 - Server_DefaultID - INFO - Training client 33 (23/30)...
2026-03-19 02:07:30,570 - Server_DefaultID - INFO - Client 33: Acc=57.90, Loss=-345.3430, NLL=-1161.5051, KL=13.9625, AvgS=499.89, ProxLoss=0.0000
2026-03-19 02:07:30,570 - Server_DefaultID - INFO - Training client 18 (24/30)...
2026-03-19 02:07:35,654 - Server_DefaultID - INFO - Client 18: Acc=83.90, Loss=-344.1846, NLL=-1161.6143, KL=13.9630, AvgS=499.93, ProxLoss=0.0000
2026-03-19 02:07:35,654 - Server_DefaultID - INFO - Training client 96 (25/30)...
2026-03-19 02:07:40,165 - Server_DefaultID - INFO - Client 96: Acc=65.49, Loss=-343.5029, NLL=-1161.0660, KL=13.9608, AvgS=499.70, ProxLoss=0.0000
2026-03-19 02:07:40,165 - Server_DefaultID - INFO - Training client 62 (26/30)...
2026-03-19 02:07:41,051 - Server_DefaultID - INFO - Client 62: Acc=46.88, Loss=-118.0292, NLL=-405.8071, KL=8.9779, AvgS=173.96, ProxLoss=0.0000
2026-03-19 02:07:41,051 - Server_DefaultID - INFO - Training client 78 (27/30)...
2026-03-19 02:07:51,134 - Server_DefaultID - INFO - Client 78: Acc=92.36, Loss=-344.0055, NLL=-1161.7454, KL=13.9635, AvgS=499.99, ProxLoss=0.0000
2026-03-19 02:07:51,134 - Server_DefaultID - INFO - Training client 73 (28/30)...
2026-03-19 02:07:57,540 - Server_DefaultID - INFO - Client 73: Acc=79.78, Loss=-343.2165, NLL=-1161.6589, KL=13.9632, AvgS=499.95, ProxLoss=0.0000
2026-03-19 02:07:57,540 - Server_DefaultID - INFO - Training client 83 (29/30)...
2026-03-19 02:08:03,830 - Server_DefaultID - INFO - Client 83: Acc=99.72, Loss=-341.6813, NLL=-1161.7509, KL=13.9635, AvgS=499.99, ProxLoss=0.0000
2026-03-19 02:08:03,830 - Server_DefaultID - INFO - Training client 8 (30/30)...
2026-03-19 02:08:05,443 - Server_DefaultID - INFO - Client 8: Acc=87.03, Loss=-331.4606, NLL=-1122.6502, KL=13.7907, AvgS=483.11, ProxLoss=0.0000
2026-03-19 02:08:06,416 - Server_DefaultID - WARNING - Global prior extremely imbalanced (max/min=1.0), applied adaptive smoothing lam=0.10.
2026-03-19 02:08:06,417 - Server_DefaultID - INFO - Round [21/200] Summary | Avg Client Train Stats:	Loss [-333.5250]	 Acc [78.32]	NLL [-1128.1829]	 KL [13.7426]	AvgS [485.52]	 ProxLoss [0.0000]
GlobalPriorAlpha (first 10): [5.0, 5.0, 5.0, 5.0, 5.0, 5.0, 5.0, 5.0, 5.0, 5.0]
Round Time: 83.73s
2026-03-19 02:08:06,419 - Server_DefaultID - INFO - --- Global Round 22/200 ---
2026-03-19 02:08:06,420 - Server_DefaultID - INFO - Selected 30 active clients for round 22.
2026-03-19 02:08:06,420 - Server_DefaultID - INFO - Training client 80 (1/30)...
2026-03-19 02:08:07,225 - Server_DefaultID - INFO - Client 80: Acc=60.00, Loss=-139.5142, NLL=-476.6615, KL=9.9776, AvgS=204.39, ProxLoss=0.0000
2026-03-19 02:08:07,225 - Server_DefaultID - INFO - Training client 70 (2/30)...
2026-03-19 02:08:11,972 - Server_DefaultID - INFO - Client 70: Acc=75.81, Loss=-342.7581, NLL=-1161.3463, KL=13.9620, AvgS=499.82, ProxLoss=0.0000
2026-03-19 02:08:11,972 - Server_DefaultID - INFO - Training client 49 (3/30)...
2026-03-19 02:08:17,242 - Server_DefaultID - INFO - Client 49: Acc=76.92, Loss=-343.6680, NLL=-1161.7244, KL=13.9634, AvgS=499.98, ProxLoss=0.0000
2026-03-19 02:08:17,242 - Server_DefaultID - INFO - Training client 10 (4/30)...
2026-03-19 02:08:21,494 - Server_DefaultID - INFO - Client 10: Acc=32.81, Loss=-344.9950, NLL=-1161.0307, KL=13.9607, AvgS=499.68, ProxLoss=0.0000
2026-03-19 02:08:21,494 - Server_DefaultID - INFO - Training client 73 (5/30)...
2026-03-19 02:08:31,167 - Server_DefaultID - INFO - Client 73: Acc=79.50, Loss=-343.1270, NLL=-1161.7398, KL=13.9635, AvgS=499.99, ProxLoss=0.0000
2026-03-19 02:08:31,167 - Server_DefaultID - INFO - Training client 60 (6/30)...
2026-03-19 02:08:34,412 - Server_DefaultID - INFO - Client 60: Acc=58.23, Loss=-330.1245, NLL=-1122.6340, KL=13.8000, AvgS=483.09, ProxLoss=0.0000
2026-03-19 02:08:34,413 - Server_DefaultID - INFO - Training client 15 (7/30)...
2026-03-19 02:08:36,142 - Server_DefaultID - INFO - Client 15: Acc=41.56, Loss=-342.0183, NLL=-1156.0625, KL=13.9400, AvgS=497.54, ProxLoss=0.0000
2026-03-19 02:08:36,142 - Server_DefaultID - INFO - Training client 28 (8/30)...
2026-03-19 02:08:37,128 - Server_DefaultID - INFO - Client 28: Acc=55.94, Loss=-97.7773, NLL=-338.6438, KL=8.2366, AvgS=145.14, ProxLoss=0.0000
2026-03-19 02:08:37,128 - Server_DefaultID - INFO - Training client 36 (9/30)...
2026-03-19 02:09:04,580 - Server_DefaultID - INFO - Client 36: Acc=87.50, Loss=-342.7584, NLL=-1161.7568, KL=13.9636, AvgS=499.99, ProxLoss=0.0000
2026-03-19 02:09:04,580 - Server_DefaultID - INFO - Training client 69 (10/30)...
2026-03-19 02:09:08,256 - Server_DefaultID - INFO - Client 69: Acc=37.03, Loss=-293.0031, NLL=-992.2014, KL=13.2146, AvgS=426.70, ProxLoss=0.0000
2026-03-19 02:09:08,256 - Server_DefaultID - INFO - Training client 16 (11/30)...
2026-03-19 02:09:11,848 - Server_DefaultID - INFO - Client 16: Acc=52.81, Loss=-322.7595, NLL=-1096.7763, KL=13.6220, AvgS=471.95, ProxLoss=0.0000
2026-03-19 02:09:11,848 - Server_DefaultID - INFO - Training client 54 (12/30)...
2026-03-19 02:09:15,888 - Server_DefaultID - INFO - Client 54: Acc=69.69, Loss=-117.4055, NLL=-406.2581, KL=9.2091, AvgS=174.15, ProxLoss=0.0000
2026-03-19 02:09:15,888 - Server_DefaultID - INFO - Training client 99 (13/30)...
2026-03-19 02:09:18,921 - Server_DefaultID - INFO - Client 99: Acc=41.25, Loss=-102.9652, NLL=-350.0149, KL=8.5900, AvgS=150.01, ProxLoss=0.0000
2026-03-19 02:09:18,921 - Server_DefaultID - INFO - Training client 67 (14/30)...
2026-03-19 02:09:26,563 - Server_DefaultID - INFO - Client 67: Acc=64.58, Loss=-344.7962, NLL=-1161.6852, KL=13.9633, AvgS=499.96, ProxLoss=0.0000
2026-03-19 02:09:26,563 - Server_DefaultID - INFO - Training client 61 (15/30)...
2026-03-19 02:09:33,662 - Server_DefaultID - INFO - Client 61: Acc=61.44, Loss=-345.8308, NLL=-1161.6950, KL=13.9633, AvgS=499.97, ProxLoss=0.0000
2026-03-19 02:09:33,663 - Server_DefaultID - INFO - Training client 5 (16/30)...
2026-03-19 02:09:35,468 - Server_DefaultID - INFO - Client 5: Acc=71.25, Loss=-323.5583, NLL=-1090.8385, KL=13.6363, AvgS=469.38, ProxLoss=0.0000
2026-03-19 02:09:35,468 - Server_DefaultID - INFO - Training client 39 (17/30)...
2026-03-19 02:09:59,531 - Server_DefaultID - INFO - Client 39: Acc=71.33, Loss=-343.8965, NLL=-1161.6336, KL=13.9631, AvgS=499.94, ProxLoss=0.0000
2026-03-19 02:09:59,531 - Server_DefaultID - INFO - Training client 13 (18/30)...
2026-03-19 02:10:01,486 - Server_DefaultID - INFO - Client 13: Acc=50.00, Loss=-311.6380, NLL=-1058.5122, KL=13.4437, AvgS=455.43, ProxLoss=0.0000
2026-03-19 02:10:01,486 - Server_DefaultID - INFO - Training client 0 (19/30)...
2026-03-19 02:10:03,300 - Server_DefaultID - INFO - Client 0: Acc=21.88, Loss=-313.8948, NLL=-1061.8038, KL=13.3685, AvgS=456.86, ProxLoss=0.0000
2026-03-19 02:10:03,300 - Server_DefaultID - INFO - Training client 27 (20/30)...
2026-03-19 02:10:07,651 - Server_DefaultID - INFO - Client 27: Acc=60.00, Loss=-344.8054, NLL=-1161.4779, KL=13.9625, AvgS=499.87, ProxLoss=0.0000
2026-03-19 02:10:07,651 - Server_DefaultID - INFO - Training client 82 (21/30)...
2026-03-19 02:10:14,527 - Server_DefaultID - INFO - Client 82: Acc=85.69, Loss=-343.6469, NLL=-1161.3834, KL=13.9621, AvgS=499.83, ProxLoss=0.0000
2026-03-19 02:10:14,527 - Server_DefaultID - INFO - Training client 4 (22/30)...
2026-03-19 02:10:23,842 - Server_DefaultID - INFO - Client 4: Acc=70.94, Loss=-345.3606, NLL=-1161.5100, KL=13.9626, AvgS=499.89, ProxLoss=0.0000
2026-03-19 02:10:23,842 - Server_DefaultID - INFO - Training client 25 (23/30)...
2026-03-19 02:10:28,346 - Server_DefaultID - INFO - Client 25: Acc=51.41, Loss=-241.2603, NLL=-822.1040, KL=12.2281, AvgS=353.28, ProxLoss=0.0000
2026-03-19 02:10:28,346 - Server_DefaultID - INFO - Training client 48 (24/30)...
2026-03-19 02:10:51,234 - Server_DefaultID - INFO - Client 48: Acc=86.67, Loss=-344.1421, NLL=-1161.7297, KL=13.9635, AvgS=499.98, ProxLoss=0.0000
2026-03-19 02:10:51,234 - Server_DefaultID - INFO - Training client 42 (25/30)...
2026-03-19 02:11:02,421 - Server_DefaultID - INFO - Client 42: Acc=90.73, Loss=-343.5903, NLL=-1161.0782, KL=13.9609, AvgS=499.70, ProxLoss=0.0000
2026-03-19 02:11:02,421 - Server_DefaultID - INFO - Training client 31 (26/30)...
2026-03-19 02:11:14,249 - Server_DefaultID - INFO - Client 31: Acc=74.48, Loss=-343.7304, NLL=-1161.7021, KL=13.9634, AvgS=499.97, ProxLoss=0.0000
2026-03-19 02:11:14,250 - Server_DefaultID - INFO - Training client 6 (27/30)...
2026-03-19 02:11:19,751 - Server_DefaultID - INFO - Client 6: Acc=57.92, Loss=-331.1595, NLL=-1126.2064, KL=13.8057, AvgS=484.64, ProxLoss=0.0000
2026-03-19 02:11:19,751 - Server_DefaultID - INFO - Training client 43 (28/30)...
2026-03-19 02:11:39,618 - Server_DefaultID - INFO - Client 43: Acc=74.38, Loss=-343.6691, NLL=-1161.7419, KL=13.9635, AvgS=499.99, ProxLoss=0.0000
2026-03-19 02:11:39,618 - Server_DefaultID - INFO - Training client 98 (29/30)...
2026-03-19 02:11:43,960 - Server_DefaultID - INFO - Client 98: Acc=72.60, Loss=-342.4280, NLL=-1161.6681, KL=13.9632, AvgS=499.96, ProxLoss=0.0000
2026-03-19 02:11:43,961 - Server_DefaultID - INFO - Training client 87 (30/30)...
2026-03-19 02:11:53,215 - Server_DefaultID - INFO - Client 87: Acc=49.15, Loss=-345.8263, NLL=-1161.7457, KL=13.9635, AvgS=499.99, ProxLoss=0.0000
2026-03-19 02:11:55,489 - Server_DefaultID - WARNING - Global prior extremely imbalanced (max/min=1.0), applied adaptive smoothing lam=0.10.
2026-03-19 02:11:55,491 - Server_DefaultID - INFO - Round [22/200] Summary | Avg Client Train Stats:	Loss [-331.2569]	 Acc [71.72]	NLL [-1119.9011]	 KL [13.7122]	AvgS [481.94]	 ProxLoss [0.0000]
GlobalPriorAlpha (first 10): [5.0, 5.0, 5.0, 5.0, 5.0, 5.0, 5.0, 5.0, 5.0, 5.0]
Round Time: 229.07s
2026-03-19 02:11:55,494 - Server_DefaultID - INFO - --- Global Round 23/200 ---
2026-03-19 02:11:55,495 - Server_DefaultID - INFO - Selected 30 active clients for round 23.
2026-03-19 02:11:55,495 - Server_DefaultID - INFO - Training client 82 (1/30)...
2026-03-19 02:12:03,884 - Server_DefaultID - INFO - Client 82: Acc=86.00, Loss=-343.6211, NLL=-1161.6588, KL=13.9632, AvgS=499.95, ProxLoss=0.0000
2026-03-19 02:12:03,884 - Server_DefaultID - INFO - Training client 78 (2/30)...
2026-03-19 02:12:45,907 - Server_DefaultID - INFO - Client 78: Acc=92.36, Loss=-343.8944, NLL=-1161.7452, KL=13.9635, AvgS=499.99, ProxLoss=0.0000
2026-03-19 02:12:45,907 - Server_DefaultID - INFO - Training client 49 (3/30)...
2026-03-19 02:12:56,084 - Server_DefaultID - INFO - Client 49: Acc=79.38, Loss=-343.6423, NLL=-1161.6677, KL=13.9632, AvgS=499.96, ProxLoss=0.0000
2026-03-19 02:12:56,085 - Server_DefaultID - INFO - Training client 75 (4/30)...
2026-03-19 02:13:07,184 - Server_DefaultID - INFO - Client 75: Acc=88.05, Loss=-342.8508, NLL=-1161.7442, KL=13.9635, AvgS=499.99, ProxLoss=0.0000
2026-03-19 02:13:07,184 - Server_DefaultID - INFO - Training client 38 (5/30)...
2026-03-19 02:13:11,609 - Server_DefaultID - INFO - Client 38: Acc=39.69, Loss=-295.5606, NLL=-998.1640, KL=13.2410, AvgS=429.32, ProxLoss=0.0000
2026-03-19 02:13:11,609 - Server_DefaultID - INFO - Training client 91 (6/30)...
2026-03-19 02:13:17,707 - Server_DefaultID - INFO - Client 91: Acc=78.02, Loss=-342.3342, NLL=-1161.4129, KL=13.9622, AvgS=499.85, ProxLoss=0.0000
2026-03-19 02:13:17,707 - Server_DefaultID - INFO - Training client 41 (7/30)...
2026-03-19 02:13:30,173 - Server_DefaultID - INFO - Client 41: Acc=69.02, Loss=-343.2124, NLL=-1161.7398, KL=13.9635, AvgS=499.99, ProxLoss=0.0000
2026-03-19 02:13:30,173 - Server_DefaultID - INFO - Training client 5 (8/30)...
2026-03-19 02:13:31,768 - Server_DefaultID - INFO - Client 5: Acc=68.75, Loss=-337.5895, NLL=-1136.9783, KL=13.8595, AvgS=489.30, ProxLoss=0.0000
2026-03-19 02:13:31,768 - Server_DefaultID - INFO - Training client 86 (9/30)...
2026-03-19 02:13:38,389 - Server_DefaultID - INFO - Client 86: Acc=71.88, Loss=-343.6748, NLL=-1161.2872, KL=13.9617, AvgS=499.79, ProxLoss=0.0000
2026-03-19 02:13:38,389 - Server_DefaultID - INFO - Training client 88 (10/30)...
2026-03-19 02:13:50,335 - Server_DefaultID - INFO - Client 88: Acc=57.08, Loss=-344.5590, NLL=-1161.5064, KL=13.9626, AvgS=499.89, ProxLoss=0.0000
2026-03-19 02:13:50,335 - Server_DefaultID - INFO - Training client 93 (11/30)...
2026-03-19 02:13:53,379 - Server_DefaultID - INFO - Client 93: Acc=47.97, Loss=-328.2034, NLL=-1110.5067, KL=13.7439, AvgS=477.84, ProxLoss=0.0000
2026-03-19 02:13:53,379 - Server_DefaultID - INFO - Training client 9 (12/30)...
2026-03-19 02:14:02,288 - Server_DefaultID - INFO - Client 9: Acc=97.41, Loss=-342.5945, NLL=-1161.5744, KL=13.9629, AvgS=499.92, ProxLoss=0.0000
2026-03-19 02:14:02,288 - Server_DefaultID - INFO - Training client 43 (13/30)...
2026-03-19 02:14:16,731 - Server_DefaultID - INFO - Client 43: Acc=74.63, Loss=-343.6497, NLL=-1161.7581, KL=13.9636, AvgS=499.99, ProxLoss=0.0000
2026-03-19 02:14:16,731 - Server_DefaultID - INFO - Training client 13 (14/30)...
2026-03-19 02:14:18,492 - Server_DefaultID - INFO - Client 13: Acc=49.38, Loss=-330.0205, NLL=-1119.2375, KL=13.7702, AvgS=481.63, ProxLoss=0.0000
2026-03-19 02:14:18,492 - Server_DefaultID - INFO - Training client 71 (15/30)...
2026-03-19 02:14:22,649 - Server_DefaultID - INFO - Client 71: Acc=63.75, Loss=-158.5911, NLL=-541.2391, KL=10.4503, AvgS=232.20, ProxLoss=0.0000
2026-03-19 02:14:22,649 - Server_DefaultID - INFO - Training client 25 (16/30)...
2026-03-19 02:14:26,770 - Server_DefaultID - INFO - Client 25: Acc=52.34, Loss=-290.1628, NLL=-986.5693, KL=13.1501, AvgS=424.29, ProxLoss=0.0000
2026-03-19 02:14:26,771 - Server_DefaultID - INFO - Training client 19 (17/30)...
2026-03-19 02:14:45,808 - Server_DefaultID - INFO - Client 19: Acc=95.16, Loss=-342.5067, NLL=-1161.6774, KL=13.9633, AvgS=499.96, ProxLoss=0.0000
2026-03-19 02:14:45,808 - Server_DefaultID - INFO - Training client 92 (18/30)...
2026-03-19 02:14:52,352 - Server_DefaultID - INFO - Client 92: Acc=95.70, Loss=-343.6544, NLL=-1161.5005, KL=13.9626, AvgS=499.88, ProxLoss=0.0000
2026-03-19 02:14:52,353 - Server_DefaultID - INFO - Training client 40 (19/30)...
2026-03-19 02:15:01,695 - Server_DefaultID - INFO - Client 40: Acc=60.83, Loss=-345.3186, NLL=-1161.6063, KL=13.9630, AvgS=499.93, ProxLoss=0.0000
2026-03-19 02:15:01,695 - Server_DefaultID - INFO - Training client 60 (20/30)...
2026-03-19 02:15:06,538 - Server_DefaultID - INFO - Client 60: Acc=58.75, Loss=-341.3422, NLL=-1157.3669, KL=13.9452, AvgS=498.10, ProxLoss=0.0000
2026-03-19 02:15:06,538 - Server_DefaultID - INFO - Training client 59 (21/30)...
2026-03-19 02:15:18,317 - Server_DefaultID - INFO - Client 59: Acc=74.97, Loss=-343.8470, NLL=-1161.6197, KL=13.9630, AvgS=499.94, ProxLoss=0.0000
2026-03-19 02:15:18,318 - Server_DefaultID - INFO - Training client 14 (22/30)...
2026-03-19 02:15:32,353 - Server_DefaultID - INFO - Client 14: Acc=79.27, Loss=-342.4795, NLL=-1161.5788, KL=13.9629, AvgS=499.92, ProxLoss=0.0000
2026-03-19 02:15:32,354 - Server_DefaultID - INFO - Training client 28 (23/30)...
2026-03-19 02:15:34,084 - Server_DefaultID - INFO - Client 28: Acc=49.69, Loss=-117.9565, NLL=-407.6081, KL=8.9832, AvgS=174.74, ProxLoss=0.0000
2026-03-19 02:15:34,084 - Server_DefaultID - INFO - Training client 21 (24/30)...
2026-03-19 02:15:48,164 - Server_DefaultID - INFO - Client 21: Acc=52.27, Loss=-345.3181, NLL=-1161.6344, KL=13.9631, AvgS=499.94, ProxLoss=0.0000
2026-03-19 02:15:48,164 - Server_DefaultID - INFO - Training client 83 (25/30)...
2026-03-19 02:16:02,576 - Server_DefaultID - INFO - Client 83: Acc=99.69, Loss=-341.5734, NLL=-1161.6576, KL=13.9632, AvgS=499.95, ProxLoss=0.0000
2026-03-19 02:16:02,577 - Server_DefaultID - INFO - Training client 67 (26/30)...
2026-03-19 02:16:11,890 - Server_DefaultID - INFO - Client 67: Acc=66.88, Loss=-344.7102, NLL=-1161.6930, KL=13.9633, AvgS=499.97, ProxLoss=0.0000
2026-03-19 02:16:11,890 - Server_DefaultID - INFO - Training client 47 (27/30)...
2026-03-19 02:16:20,209 - Server_DefaultID - INFO - Client 47: Acc=49.17, Loss=-345.2400, NLL=-1161.6862, KL=13.9633, AvgS=499.96, ProxLoss=0.0000
2026-03-19 02:16:20,209 - Server_DefaultID - INFO - Training client 51 (28/30)...
2026-03-19 02:16:23,147 - Server_DefaultID - INFO - Client 51: Acc=23.59, Loss=-297.4502, NLL=-1004.1451, KL=13.2617, AvgS=431.87, ProxLoss=0.0000
2026-03-19 02:16:23,147 - Server_DefaultID - INFO - Training client 6 (29/30)...
2026-03-19 02:16:27,752 - Server_DefaultID - INFO - Client 6: Acc=57.08, Loss=-342.9168, NLL=-1159.8094, KL=13.9558, AvgS=499.15, ProxLoss=0.0000
2026-03-19 02:16:27,752 - Server_DefaultID - INFO - Training client 64 (30/30)...
2026-03-19 02:16:30,301 - Server_DefaultID - INFO - Client 64: Acc=62.19, Loss=-138.5980, NLL=-475.6297, KL=9.9053, AvgS=203.97, ProxLoss=0.0000
2026-03-19 02:16:34,550 - Server_DefaultID - WARNING - Global prior extremely imbalanced (max/min=1.0), applied adaptive smoothing lam=0.10.
2026-03-19 02:16:34,551 - Server_DefaultID - INFO - Round [23/200] Summary | Avg Client Train Stats:	Loss [-334.9209]	 Acc [76.64]	NLL [-1132.7908]	 KL [13.8001]	AvgS [487.49]	 ProxLoss [0.0000]
GlobalPriorAlpha (first 10): [5.0, 5.0, 5.0, 5.0, 5.0, 5.0, 5.0, 5.0, 5.0, 5.0]
Round Time: 279.06s
2026-03-19 02:16:34,553 - Server_DefaultID - INFO - --- Global Round 24/200 ---
2026-03-19 02:16:34,554 - Server_DefaultID - INFO - Selected 30 active clients for round 24.
2026-03-19 02:16:34,554 - Server_DefaultID - INFO - Training client 11 (1/30)...
2026-03-19 02:16:42,544 - Server_DefaultID - INFO - Client 11: Acc=86.93, Loss=-343.5174, NLL=-1160.6638, KL=13.9591, AvgS=499.52, ProxLoss=0.0000
2026-03-19 02:16:42,544 - Server_DefaultID - INFO - Training client 85 (2/30)...
2026-03-19 02:16:59,547 - Server_DefaultID - INFO - Client 85: Acc=99.74, Loss=-341.4403, NLL=-1161.4916, KL=13.9625, AvgS=499.88, ProxLoss=0.0000
2026-03-19 02:16:59,547 - Server_DefaultID - INFO - Training client 29 (3/30)...
2026-03-19 02:17:04,649 - Server_DefaultID - INFO - Client 29: Acc=81.56, Loss=-342.9999, NLL=-1160.5168, KL=13.9585, AvgS=499.46, ProxLoss=0.0000
2026-03-19 02:17:04,649 - Server_DefaultID - INFO - Training client 6 (4/30)...
2026-03-19 02:17:10,156 - Server_DefaultID - INFO - Client 6: Acc=55.62, Loss=-342.9361, NLL=-1160.3712, KL=13.9578, AvgS=499.40, ProxLoss=0.0000
2026-03-19 02:17:10,156 - Server_DefaultID - INFO - Training client 43 (5/30)...
2026-03-19 02:17:29,855 - Server_DefaultID - INFO - Client 43: Acc=76.34, Loss=-343.6114, NLL=-1161.7522, KL=13.9636, AvgS=499.99, ProxLoss=0.0000
2026-03-19 02:17:29,855 - Server_DefaultID - INFO - Training client 62 (6/30)...
2026-03-19 02:17:32,767 - Server_DefaultID - INFO - Client 62: Acc=43.12, Loss=-158.6476, NLL=-543.1905, KL=10.3808, AvgS=232.98, ProxLoss=0.0000
2026-03-19 02:17:32,768 - Server_DefaultID - INFO - Training client 33 (7/30)...
2026-03-19 02:17:43,153 - Server_DefaultID - INFO - Client 33: Acc=57.59, Loss=-345.2211, NLL=-1161.4365, KL=13.9623, AvgS=499.86, ProxLoss=0.0000
2026-03-19 02:17:43,153 - Server_DefaultID - INFO - Training client 60 (8/30)...
2026-03-19 02:17:47,639 - Server_DefaultID - INFO - Client 60: Acc=60.94, Loss=-342.2893, NLL=-1159.9416, KL=13.9563, AvgS=499.21, ProxLoss=0.0000
2026-03-19 02:17:47,640 - Server_DefaultID - INFO - Training client 84 (9/30)...
2026-03-19 02:17:49,207 - Server_DefaultID - INFO - Client 84: Acc=44.91, Loss=-50.2892, NLL=-177.7844, KL=5.5970, AvgS=76.57, ProxLoss=0.0000
2026-03-19 02:17:49,207 - Server_DefaultID - INFO - Training client 28 (10/30)...
2026-03-19 02:17:50,878 - Server_DefaultID - INFO - Client 28: Acc=54.06, Loss=-138.3089, NLL=-476.0024, KL=9.7531, AvgS=204.09, ProxLoss=0.0000
2026-03-19 02:17:50,878 - Server_DefaultID - INFO - Training client 92 (11/30)...
2026-03-19 02:17:57,694 - Server_DefaultID - INFO - Client 92: Acc=95.55, Loss=-343.4601, NLL=-1161.4332, KL=13.9623, AvgS=499.85, ProxLoss=0.0000
2026-03-19 02:17:57,694 - Server_DefaultID - INFO - Training client 16 (12/30)...
2026-03-19 02:18:01,451 - Server_DefaultID - INFO - Client 16: Acc=54.38, Loss=-338.7793, NLL=-1148.6127, KL=13.9085, AvgS=494.32, ProxLoss=0.0000
2026-03-19 02:18:01,452 - Server_DefaultID - INFO - Training client 67 (13/30)...
2026-03-19 02:18:10,536 - Server_DefaultID - INFO - Client 67: Acc=67.97, Loss=-344.7339, NLL=-1161.7464, KL=13.9635, AvgS=499.99, ProxLoss=0.0000
2026-03-19 02:18:10,536 - Server_DefaultID - INFO - Training client 96 (14/30)...
2026-03-19 02:18:24,123 - Server_DefaultID - INFO - Client 96: Acc=67.08, Loss=-343.5200, NLL=-1161.4294, KL=13.9623, AvgS=499.85, ProxLoss=0.0000
2026-03-19 02:18:24,123 - Server_DefaultID - INFO - Training client 74 (15/30)...
2026-03-19 02:18:31,158 - Server_DefaultID - INFO - Client 74: Acc=58.44, Loss=-343.7953, NLL=-1161.3553, KL=13.9620, AvgS=499.82, ProxLoss=0.0000
2026-03-19 02:18:31,159 - Server_DefaultID - INFO - Training client 23 (16/30)...
2026-03-19 02:18:33,040 - Server_DefaultID - INFO - Client 23: Acc=71.86, Loss=-99.2627, NLL=-343.8901, KL=8.4234, AvgS=147.45, ProxLoss=0.0000
2026-03-19 02:18:33,040 - Server_DefaultID - INFO - Training client 39 (17/30)...
2026-03-19 02:18:56,408 - Server_DefaultID - INFO - Client 39: Acc=72.02, Loss=-343.8478, NLL=-1161.7547, KL=13.9636, AvgS=499.99, ProxLoss=0.0000
2026-03-19 02:18:56,408 - Server_DefaultID - INFO - Training client 4 (18/30)...
2026-03-19 02:19:05,628 - Server_DefaultID - INFO - Client 4: Acc=72.08, Loss=-345.3554, NLL=-1161.6690, KL=13.9632, AvgS=499.96, ProxLoss=0.0000
2026-03-19 02:19:05,629 - Server_DefaultID - INFO - Training client 93 (19/30)...
2026-03-19 02:19:09,308 - Server_DefaultID - INFO - Client 93: Acc=49.69, Loss=-340.5088, NLL=-1150.3988, KL=13.9160, AvgS=495.09, ProxLoss=0.0000
2026-03-19 02:19:09,308 - Server_DefaultID - INFO - Training client 73 (20/30)...
2026-03-19 02:19:30,275 - Server_DefaultID - INFO - Client 73: Acc=81.61, Loss=-343.0639, NLL=-1161.7064, KL=13.9634, AvgS=499.97, ProxLoss=0.0000
2026-03-19 02:19:30,275 - Server_DefaultID - INFO - Training client 79 (21/30)...
2026-03-19 02:19:37,661 - Server_DefaultID - INFO - Client 79: Acc=93.81, Loss=-338.8818, NLL=-1153.0835, KL=13.9279, AvgS=496.25, ProxLoss=0.0000
2026-03-19 02:19:37,661 - Server_DefaultID - INFO - Training client 66 (22/30)...
2026-03-19 02:19:50,087 - Server_DefaultID - INFO - Client 66: Acc=88.08, Loss=-343.2922, NLL=-1161.6314, KL=13.9631, AvgS=499.94, ProxLoss=0.0000
2026-03-19 02:19:50,087 - Server_DefaultID - INFO - Training client 24 (23/30)...
2026-03-19 02:19:52,059 - Server_DefaultID - INFO - Client 24: Acc=54.69, Loss=-102.7110, NLL=-349.8365, KL=8.5664, AvgS=149.99, ProxLoss=0.0000
2026-03-19 02:19:52,059 - Server_DefaultID - INFO - Training client 51 (24/30)...
2026-03-19 02:19:56,598 - Server_DefaultID - INFO - Client 51: Acc=33.91, Loss=-329.3162, NLL=-1110.0694, KL=13.7425, AvgS=477.66, ProxLoss=0.0000
2026-03-19 02:19:56,598 - Server_DefaultID - INFO - Training client 83 (25/30)...
2026-03-19 02:20:11,481 - Server_DefaultID - INFO - Client 83: Acc=99.72, Loss=-341.5904, NLL=-1161.7530, KL=13.9636, AvgS=499.99, ProxLoss=0.0000
2026-03-19 02:20:11,481 - Server_DefaultID - INFO - Training client 89 (26/30)...
2026-03-19 02:20:35,367 - Server_DefaultID - INFO - Client 89: Acc=98.55, Loss=-342.1924, NLL=-1161.6358, KL=13.9630, AvgS=499.94, ProxLoss=0.0000
2026-03-19 02:20:35,367 - Server_DefaultID - INFO - Training client 69 (27/30)...
2026-03-19 02:20:39,015 - Server_DefaultID - INFO - Client 69: Acc=46.56, Loss=-326.9896, NLL=-1104.8858, KL=13.7258, AvgS=475.41, ProxLoss=0.0000
2026-03-19 02:20:39,015 - Server_DefaultID - INFO - Training client 27 (28/30)...
2026-03-19 02:20:44,394 - Server_DefaultID - INFO - Client 27: Acc=58.65, Loss=-344.7404, NLL=-1161.4524, KL=13.9624, AvgS=499.86, ProxLoss=0.0000
2026-03-19 02:20:44,394 - Server_DefaultID - INFO - Training client 36 (29/30)...
2026-03-19 02:21:21,017 - Server_DefaultID - INFO - Client 36: Acc=88.33, Loss=-342.6810, NLL=-1161.7531, KL=13.9636, AvgS=499.99, ProxLoss=0.0000
2026-03-19 02:21:21,017 - Server_DefaultID - INFO - Training client 72 (30/30)...
2026-03-19 02:21:26,996 - Server_DefaultID - INFO - Client 72: Acc=94.92, Loss=-343.1175, NLL=-1161.6261, KL=13.9631, AvgS=499.94, ProxLoss=0.0000
2026-03-19 02:21:29,329 - Server_DefaultID - WARNING - Global prior extremely imbalanced (max/min=1.0), applied adaptive smoothing lam=0.10.
2026-03-19 02:21:29,331 - Server_DefaultID - INFO - Round [24/200] Summary | Avg Client Train Stats:	Loss [-334.1115]	 Acc [79.10]	NLL [-1131.2151]	 KL [13.7674]	AvgS [486.82]	 ProxLoss [0.0000]
GlobalPriorAlpha (first 10): [5.0, 5.0, 5.0, 5.0, 5.0, 5.0, 5.0, 5.0, 5.0, 5.0]
Round Time: 294.78s
2026-03-19 02:21:29,334 - Server_DefaultID - INFO - --- Global Round 25/200 ---
2026-03-19 02:21:29,334 - Server_DefaultID - INFO - Selected 30 active clients for round 25.
2026-03-19 02:21:29,334 - Server_DefaultID - INFO - Training client 80 (1/30)...
2026-03-19 02:21:31,571 - Server_DefaultID - INFO - Client 80: Acc=60.62, Loss=-160.2944, NLL=-546.6750, KL=10.5835, AvgS=234.51, ProxLoss=0.0000
2026-03-19 02:21:31,571 - Server_DefaultID - INFO - Training client 57 (2/30)...
2026-03-19 02:21:59,054 - Server_DefaultID - INFO - Client 57: Acc=93.99, Loss=-343.4214, NLL=-1161.7539, KL=13.9636, AvgS=499.99, ProxLoss=0.0000
2026-03-19 02:21:59,054 - Server_DefaultID - INFO - Training client 35 (3/30)...
2026-03-19 02:22:02,595 - Server_DefaultID - INFO - Client 35: Acc=59.17, Loss=-344.4995, NLL=-1160.9451, KL=13.9603, AvgS=499.64, ProxLoss=0.0000
2026-03-19 02:22:02,595 - Server_DefaultID - INFO - Training client 49 (4/30)...
2026-03-19 02:22:14,954 - Server_DefaultID - INFO - Client 49: Acc=79.82, Loss=-343.5750, NLL=-1161.7126, KL=13.9634, AvgS=499.98, ProxLoss=0.0000
2026-03-19 02:22:14,954 - Server_DefaultID - INFO - Training client 46 (5/30)...
2026-03-19 02:22:30,007 - Server_DefaultID - INFO - Client 46: Acc=86.64, Loss=-343.7856, NLL=-1161.7055, KL=13.9634, AvgS=499.97, ProxLoss=0.0000
2026-03-19 02:22:30,008 - Server_DefaultID - INFO - Training client 78 (6/30)...
2026-03-19 02:23:13,091 - Server_DefaultID - INFO - Client 78: Acc=92.58, Loss=-343.7767, NLL=-1161.7597, KL=13.9636, AvgS=500.00, ProxLoss=0.0000
2026-03-19 02:23:13,091 - Server_DefaultID - INFO - Training client 66 (7/30)...
2026-03-19 02:23:24,814 - Server_DefaultID - INFO - Client 66: Acc=88.12, Loss=-343.2952, NLL=-1161.6899, KL=13.9633, AvgS=499.97, ProxLoss=0.0000
2026-03-19 02:23:24,814 - Server_DefaultID - INFO - Training client 42 (8/30)...
2026-03-19 02:23:33,058 - Server_DefaultID - INFO - Client 42: Acc=90.78, Loss=-343.6515, NLL=-1161.5921, KL=13.9629, AvgS=499.92, ProxLoss=0.0000
2026-03-19 02:23:33,063 - Server_DefaultID - INFO - Training client 74 (9/30)...
2026-03-19 02:23:39,349 - Server_DefaultID - INFO - Client 74: Acc=60.55, Loss=-343.6367, NLL=-1161.4526, KL=13.9624, AvgS=499.86, ProxLoss=0.0000
2026-03-19 02:23:39,349 - Server_DefaultID - INFO - Training client 22 (10/30)...
2026-03-19 02:23:42,042 - Server_DefaultID - INFO - Client 22: Acc=55.16, Loss=-156.2972, NLL=-536.5724, KL=10.3832, AvgS=230.12, ProxLoss=0.0000
2026-03-19 02:23:42,042 - Server_DefaultID - INFO - Training client 50 (11/30)...
2026-03-19 02:24:10,026 - Server_DefaultID - INFO - Client 50: Acc=97.47, Loss=-342.6245, NLL=-1161.6673, KL=13.9632, AvgS=499.96, ProxLoss=0.0000
2026-03-19 02:24:10,026 - Server_DefaultID - INFO - Training client 99 (12/30)...
2026-03-19 02:24:12,146 - Server_DefaultID - INFO - Client 99: Acc=43.12, Loss=-121.8367, NLL=-413.6824, KL=9.3050, AvgS=177.32, ProxLoss=0.0000
2026-03-19 02:24:12,146 - Server_DefaultID - INFO - Training client 44 (13/30)...
2026-03-19 02:24:27,198 - Server_DefaultID - INFO - Client 44: Acc=82.33, Loss=-343.4025, NLL=-1161.6158, KL=13.9630, AvgS=499.93, ProxLoss=0.0000
2026-03-19 02:24:27,198 - Server_DefaultID - INFO - Training client 33 (14/30)...
2026-03-19 02:24:37,505 - Server_DefaultID - INFO - Client 33: Acc=58.30, Loss=-345.2510, NLL=-1161.5381, KL=13.9626, AvgS=499.90, ProxLoss=0.0000
2026-03-19 02:24:37,505 - Server_DefaultID - INFO - Training client 71 (15/30)...
2026-03-19 02:24:40,506 - Server_DefaultID - INFO - Client 71: Acc=63.28, Loss=-203.7314, NLL=-692.2600, KL=11.5751, AvgS=297.26, ProxLoss=0.0000
2026-03-19 02:24:40,506 - Server_DefaultID - INFO - Training client 89 (16/30)...
2026-03-19 02:25:03,569 - Server_DefaultID - INFO - Client 89: Acc=98.55, Loss=-342.2394, NLL=-1161.7176, KL=13.9634, AvgS=499.98, ProxLoss=0.0000
2026-03-19 02:25:03,569 - Server_DefaultID - INFO - Training client 0 (17/30)...
2026-03-19 02:25:05,548 - Server_DefaultID - INFO - Client 0: Acc=26.56, Loss=-323.2616, NLL=-1093.2487, KL=13.5658, AvgS=470.42, ProxLoss=0.0000
2026-03-19 02:25:05,548 - Server_DefaultID - INFO - Training client 96 (18/30)...
2026-03-19 02:25:19,083 - Server_DefaultID - INFO - Client 96: Acc=66.63, Loss=-343.6196, NLL=-1161.6938, KL=13.9633, AvgS=499.97, ProxLoss=0.0000
2026-03-19 02:25:19,083 - Server_DefaultID - INFO - Training client 3 (19/30)...
2026-03-19 02:25:27,058 - Server_DefaultID - INFO - Client 3: Acc=60.83, Loss=-340.8360, NLL=-1149.6573, KL=13.9044, AvgS=494.77, ProxLoss=0.0000
2026-03-19 02:25:27,058 - Server_DefaultID - INFO - Training client 27 (20/30)...
2026-03-19 02:25:32,848 - Server_DefaultID - INFO - Client 27: Acc=58.23, Loss=-344.4023, NLL=-1160.9416, KL=13.9602, AvgS=499.64, ProxLoss=0.0000
2026-03-19 02:25:32,848 - Server_DefaultID - INFO - Training client 86 (21/30)...
2026-03-19 02:25:41,343 - Server_DefaultID - INFO - Client 86: Acc=72.25, Loss=-343.6696, NLL=-1161.5837, KL=13.9629, AvgS=499.92, ProxLoss=0.0000
2026-03-19 02:25:41,343 - Server_DefaultID - INFO - Training client 36 (22/30)...
