2026-03-19 00:42:02,996 - Server_DefaultID - INFO - Server model moved to device: cuda:0
2026-03-19 00:43:04,576 - Server_DefaultID - INFO - Starting Optimized FedUG Training Process
2026-03-19 00:43:04,576 - Server_DefaultID - INFO - --- Global Round 1/200 ---
2026-03-19 00:43:04,576 - Server_DefaultID - INFO - Selected 30 active clients for round 1.
2026-03-19 00:43:04,576 - Server_DefaultID - INFO - Training client 35 (1/30)...
2026-03-19 00:43:07,050 - Server_DefaultID - INFO - Client 35: Acc=62.19, Loss=-43.4007, NLL=-152.1600, KL=20.1559, AvgS=65.97, ProxLoss=0.0000
2026-03-19 00:43:07,051 - Server_DefaultID - INFO - Training client 87 (2/30)...
2026-03-19 00:43:09,677 - Server_DefaultID - INFO - Client 87: Acc=39.15, Loss=-112.9538, NLL=-388.8267, KL=20.1219, AvgS=166.63, ProxLoss=0.0000
2026-03-19 00:43:09,677 - Server_DefaultID - INFO - Training client 38 (3/30)...
2026-03-19 00:43:11,536 - Server_DefaultID - INFO - Client 38: Acc=57.03, Loss=-28.2426, NLL=-99.7804, KL=19.2099, AvgS=44.08, ProxLoss=0.0000
2026-03-19 00:43:11,536 - Server_DefaultID - INFO - Training client 74 (4/30)...
2026-03-19 00:43:12,939 - Server_DefaultID - INFO - Client 74: Acc=62.58, Loss=-57.6708, NLL=-204.2231, KL=20.9584, AvgS=87.88, ProxLoss=0.0000
2026-03-19 00:43:12,939 - Server_DefaultID - INFO - Training client 17 (5/30)...
2026-03-19 00:43:13,951 - Server_DefaultID - INFO - Client 17: Acc=64.38, Loss=-26.6791, NLL=-95.9091, KL=20.6980, AvgS=42.39, ProxLoss=0.0000
2026-03-19 00:43:13,952 - Server_DefaultID - INFO - Training client 10 (6/30)...
2026-03-19 00:43:15,637 - Server_DefaultID - INFO - Client 10: Acc=55.08, Loss=-56.9357, NLL=-197.9429, KL=20.0911, AvgS=85.23, ProxLoss=0.0000
2026-03-19 00:43:15,638 - Server_DefaultID - INFO - Training client 43 (7/30)...
2026-03-19 00:43:19,405 - Server_DefaultID - INFO - Client 43: Acc=51.68, Loss=-200.3176, NLL=-687.8973, KL=24.8092, AvgS=295.39, ProxLoss=0.0000
2026-03-19 00:43:19,405 - Server_DefaultID - INFO - Training client 91 (8/30)...
2026-03-19 00:43:20,744 - Server_DefaultID - INFO - Client 91: Acc=71.35, Loss=-42.6894, NLL=-153.0665, KL=16.8564, AvgS=66.34, ProxLoss=0.0000
2026-03-19 00:43:20,745 - Server_DefaultID - INFO - Training client 93 (9/30)...
2026-03-19 00:43:21,700 - Server_DefaultID - INFO - Client 93: Acc=50.31, Loss=-27.4084, NLL=-98.0419, KL=21.3868, AvgS=43.30, ProxLoss=0.0000
2026-03-19 00:43:21,700 - Server_DefaultID - INFO - Training client 20 (10/30)...
2026-03-19 00:43:23,977 - Server_DefaultID - INFO - Client 20: Acc=59.43, Loss=-98.5062, NLL=-336.8753, KL=18.3775, AvgS=144.46, ProxLoss=0.0000
2026-03-19 00:43:23,977 - Server_DefaultID - INFO - Training client 21 (11/30)...
2026-03-19 00:43:26,946 - Server_DefaultID - INFO - Client 21: Acc=46.84, Loss=-134.2684, NLL=-460.2717, KL=21.9156, AvgS=197.29, ProxLoss=0.0000
2026-03-19 00:43:26,946 - Server_DefaultID - INFO - Training client 26 (12/30)...
2026-03-19 00:43:32,827 - Server_DefaultID - INFO - Client 26: Acc=69.93, Loss=-319.4089, NLL=-1095.0161, KL=24.5887, AvgS=471.15, ProxLoss=0.0000
2026-03-19 00:43:32,827 - Server_DefaultID - INFO - Training client 83 (13/30)...
2026-03-19 00:43:36,229 - Server_DefaultID - INFO - Client 83: Acc=11.44, Loss=-171.1417, NLL=-597.7174, KL=16.7845, AvgS=256.84, ProxLoss=0.0000
2026-03-19 00:43:36,229 - Server_DefaultID - INFO - Training client 39 (14/30)...
2026-03-19 00:43:41,366 - Server_DefaultID - INFO - Client 39: Acc=57.77, Loss=-299.5763, NLL=-1023.1086, KL=25.9790, AvgS=440.08, ProxLoss=0.0000
2026-03-19 00:43:41,366 - Server_DefaultID - INFO - Training client 30 (15/30)...
2026-03-19 00:43:45,005 - Server_DefaultID - INFO - Client 30: Acc=86.95, Loss=-130.4913, NLL=-453.6451, KL=20.9057, AvgS=194.61, ProxLoss=0.0000
2026-03-19 00:43:45,005 - Server_DefaultID - INFO - Training client 68 (16/30)...
2026-03-19 00:43:48,303 - Server_DefaultID - INFO - Client 68: Acc=69.69, Loss=-157.1231, NLL=-549.2403, KL=21.4392, AvgS=235.72, ProxLoss=0.0000
2026-03-19 00:43:48,303 - Server_DefaultID - INFO - Training client 34 (17/30)...
2026-03-19 00:43:49,572 - Server_DefaultID - INFO - Client 34: Acc=71.77, Loss=-41.7047, NLL=-147.8156, KL=21.3122, AvgS=64.24, ProxLoss=0.0000
2026-03-19 00:43:49,572 - Server_DefaultID - INFO - Training client 18 (18/30)...
2026-03-19 00:43:54,825 - Server_DefaultID - INFO - Client 18: Acc=56.44, Loss=-308.3250, NLL=-1051.0763, KL=25.9701, AvgS=452.16, ProxLoss=0.0000
2026-03-19 00:43:54,825 - Server_DefaultID - INFO - Training client 69 (19/30)...
2026-03-19 00:43:55,664 - Server_DefaultID - INFO - Client 69: Acc=44.69, Loss=-27.6321, NLL=-98.7888, KL=20.4563, AvgS=43.54, ProxLoss=0.0000
2026-03-19 00:43:55,664 - Server_DefaultID - INFO - Training client 52 (20/30)...
2026-03-19 00:43:56,919 - Server_DefaultID - INFO - Client 52: Acc=69.90, Loss=-41.7786, NLL=-148.4874, KL=20.7271, AvgS=64.49, ProxLoss=0.0000
2026-03-19 00:43:56,919 - Server_DefaultID - INFO - Training client 57 (21/30)...
2026-03-19 00:44:02,569 - Server_DefaultID - INFO - Client 57: Acc=78.68, Loss=-309.3227, NLL=-1057.7968, KL=25.1312, AvgS=455.07, ProxLoss=0.0000
2026-03-19 00:44:02,569 - Server_DefaultID - INFO - Training client 13 (22/30)...
2026-03-19 00:44:03,133 - Server_DefaultID - INFO - Client 13: Acc=60.31, Loss=-16.7268, NLL=-61.5412, KL=16.7106, AvgS=28.27, ProxLoss=0.0000
2026-03-19 00:44:03,133 - Server_DefaultID - INFO - Training client 89 (23/30)...
2026-03-19 00:44:07,750 - Server_DefaultID - INFO - Client 89: Acc=9.38, Loss=-266.7095, NLL=-921.8903, KL=21.4933, AvgS=396.37, ProxLoss=0.0000
2026-03-19 00:44:07,750 - Server_DefaultID - INFO - Training client 75 (24/30)...
2026-03-19 00:44:10,697 - Server_DefaultID - INFO - Client 75: Acc=74.88, Loss=-136.8825, NLL=-474.1420, KL=21.0997, AvgS=203.32, ProxLoss=0.0000
2026-03-19 00:44:10,697 - Server_DefaultID - INFO - Training client 71 (25/30)...
2026-03-19 00:44:11,604 - Server_DefaultID - INFO - Client 71: Acc=68.12, Loss=-29.3166, NLL=-103.5154, KL=21.9815, AvgS=45.67, ProxLoss=0.0000
2026-03-19 00:44:11,604 - Server_DefaultID - INFO - Training client 8 (26/30)...
2026-03-19 00:44:12,481 - Server_DefaultID - INFO - Client 8: Acc=50.47, Loss=-26.3170, NLL=-95.4272, KL=21.0340, AvgS=42.07, ProxLoss=0.0000
2026-03-19 00:44:12,484 - Server_DefaultID - INFO - Training client 51 (27/30)...
2026-03-19 00:44:13,309 - Server_DefaultID - INFO - Client 51: Acc=46.72, Loss=-27.4891, NLL=-97.7261, KL=19.3107, AvgS=43.06, ProxLoss=0.0000
2026-03-19 00:44:13,309 - Server_DefaultID - INFO - Training client 60 (28/30)...
2026-03-19 00:44:14,676 - Server_DefaultID - INFO - Client 60: Acc=67.40, Loss=-40.3124, NLL=-144.6019, KL=18.6556, AvgS=62.74, ProxLoss=0.0000
2026-03-19 00:44:14,676 - Server_DefaultID - INFO - Training client 19 (29/30)...
2026-03-19 00:44:20,335 - Server_DefaultID - INFO - Client 19: Acc=0.54, Loss=-254.2936, NLL=-879.4421, KL=22.9366, AvgS=378.08, ProxLoss=0.0000
2026-03-19 00:44:20,335 - Server_DefaultID - INFO - Training client 47 (30/30)...
2026-03-19 00:44:22,714 - Server_DefaultID - INFO - Client 47: Acc=46.20, Loss=-95.1635, NLL=-329.5176, KL=21.4787, AvgS=141.20, ProxLoss=0.0000
2026-03-19 00:44:23,343 - Server_DefaultID - WARNING - Global prior extremely imbalanced (max/min=1.0), applied adaptive smoothing lam=0.10.
2026-03-19 00:44:23,344 - Server_DefaultID - INFO - Round [1/200] Summary | Avg Client Train Stats:	Loss [-186.9878]	 Acc [52.35]	NLL [-643.7591]	 KL [22.2365]	AvgS [276.87]	 ProxLoss [0.0000]
GlobalPriorAlpha (first 10): [5.04010009765625, 4.901299953460693, 4.981400012969971, 4.968900203704834, 5.0503997802734375, 5.079500198364258, 4.920400142669678, 5.018700122833252, 5.0904998779296875, 4.94890022277832]
Round Time: 78.77s
2026-03-19 00:44:23,346 - Server_DefaultID - INFO - --- Global Round 2/200 ---
2026-03-19 00:44:23,346 - Server_DefaultID - INFO - Selected 30 active clients for round 2.
2026-03-19 00:44:23,346 - Server_DefaultID - INFO - Training client 77 (1/30)...
2026-03-19 00:44:28,611 - Server_DefaultID - INFO - Client 77: Acc=49.52, Loss=-287.8578, NLL=-986.4238, KL=14.0182, AvgS=424.22, ProxLoss=0.0000
2026-03-19 00:44:28,611 - Server_DefaultID - INFO - Training client 28 (2/30)...
2026-03-19 00:44:29,248 - Server_DefaultID - INFO - Client 28: Acc=32.50, Loss=-15.8250, NLL=-59.2541, KL=5.7248, AvgS=27.11, ProxLoss=0.0000
2026-03-19 00:44:29,248 - Server_DefaultID - INFO - Training client 14 (3/30)...
2026-03-19 00:44:32,393 - Server_DefaultID - INFO - Client 14: Acc=68.02, Loss=-147.8986, NLL=-513.6805, KL=11.0245, AvgS=220.25, ProxLoss=0.0000
2026-03-19 00:44:32,393 - Server_DefaultID - INFO - Training client 51 (4/30)...
2026-03-19 00:44:33,287 - Server_DefaultID - INFO - Client 51: Acc=35.31, Loss=-55.8436, NLL=-193.1975, KL=6.6132, AvgS=83.25, ProxLoss=0.0000
2026-03-19 00:44:33,288 - Server_DefaultID - INFO - Training client 85 (5/30)...
2026-03-19 00:44:37,279 - Server_DefaultID - INFO - Client 85: Acc=65.16, Loss=-218.3530, NLL=-755.5232, KL=10.2027, AvgS=325.33, ProxLoss=0.0000
2026-03-19 00:44:37,279 - Server_DefaultID - INFO - Training client 60 (6/30)...
2026-03-19 00:44:38,501 - Server_DefaultID - INFO - Client 60: Acc=67.60, Loss=-86.4526, NLL=-302.6465, KL=9.1645, AvgS=129.79, ProxLoss=0.0000
2026-03-19 00:44:38,501 - Server_DefaultID - INFO - Training client 33 (7/30)...
2026-03-19 00:44:41,079 - Server_DefaultID - INFO - Client 33: Acc=42.54, Loss=-114.7539, NLL=-395.1214, KL=9.7356, AvgS=169.32, ProxLoss=0.0000
2026-03-19 00:44:41,079 - Server_DefaultID - INFO - Training client 23 (8/30)...
2026-03-19 00:44:41,619 - Server_DefaultID - INFO - Client 23: Acc=75.59, Loss=-17.1203, NLL=-61.6958, KL=6.5363, AvgS=28.50, ProxLoss=0.0000
2026-03-19 00:44:41,619 - Server_DefaultID - INFO - Training client 88 (9/30)...
2026-03-19 00:44:43,866 - Server_DefaultID - INFO - Client 88: Acc=38.44, Loss=-92.5364, NLL=-320.9394, KL=9.2430, AvgS=137.65, ProxLoss=0.0000
2026-03-19 00:44:43,866 - Server_DefaultID - INFO - Training client 81 (10/30)...
2026-03-19 00:44:46,595 - Server_DefaultID - INFO - Client 81: Acc=41.83, Loss=-112.0683, NLL=-389.4607, KL=9.6472, AvgS=167.21, ProxLoss=0.0000
2026-03-19 00:44:46,595 - Server_DefaultID - INFO - Training client 6 (11/30)...
2026-03-19 00:44:47,866 - Server_DefaultID - INFO - Client 6: Acc=80.94, Loss=-42.2820, NLL=-149.9755, KL=7.3826, AvgS=65.13, ProxLoss=0.0000
2026-03-19 00:44:47,866 - Server_DefaultID - INFO - Training client 97 (12/30)...
2026-03-19 00:44:57,125 - Server_DefaultID - INFO - Client 97: Acc=99.56, Loss=-342.2888, NLL=-1161.1309, KL=13.7452, AvgS=499.72, ProxLoss=0.0000
2026-03-19 00:44:57,125 - Server_DefaultID - INFO - Training client 34 (13/30)...
2026-03-19 00:44:58,358 - Server_DefaultID - INFO - Client 34: Acc=64.69, Loss=-86.7827, NLL=-301.4866, KL=9.4307, AvgS=129.36, ProxLoss=0.0000
2026-03-19 00:44:58,359 - Server_DefaultID - INFO - Training client 93 (14/30)...
2026-03-19 00:44:59,344 - Server_DefaultID - INFO - Client 93: Acc=46.88, Loss=-55.2623, NLL=-192.4768, KL=7.9884, AvgS=82.88, ProxLoss=0.0000
2026-03-19 00:44:59,345 - Server_DefaultID - INFO - Training client 98 (15/30)...
2026-03-19 00:45:00,638 - Server_DefaultID - INFO - Client 98: Acc=80.31, Loss=-43.1027, NLL=-153.5423, KL=6.5553, AvgS=66.56, ProxLoss=0.0000
2026-03-19 00:45:00,639 - Server_DefaultID - INFO - Training client 32 (16/30)...
2026-03-19 00:45:02,769 - Server_DefaultID - INFO - Client 32: Acc=59.06, Loss=-95.9492, NLL=-331.6670, KL=9.5281, AvgS=142.16, ProxLoss=0.0000
2026-03-19 00:45:02,769 - Server_DefaultID - INFO - Training client 68 (17/30)...
2026-03-19 00:45:05,781 - Server_DefaultID - INFO - Client 68: Acc=69.79, Loss=-337.6865, NLL=-1148.8598, KL=14.4265, AvgS=494.42, ProxLoss=0.0000
2026-03-19 00:45:05,782 - Server_DefaultID - INFO - Training client 21 (18/30)...
2026-03-19 00:45:08,675 - Server_DefaultID - INFO - Client 21: Acc=37.23, Loss=-306.4100, NLL=-1039.8012, KL=13.6477, AvgS=447.28, ProxLoss=0.0000
2026-03-19 00:45:08,675 - Server_DefaultID - INFO - Training client 82 (19/30)...
2026-03-19 00:45:10,297 - Server_DefaultID - INFO - Client 82: Acc=55.62, Loss=-73.4101, NLL=-259.4798, KL=8.9458, AvgS=111.39, ProxLoss=0.0000
2026-03-19 00:45:10,297 - Server_DefaultID - INFO - Training client 73 (20/30)...
2026-03-19 00:45:15,014 - Server_DefaultID - INFO - Client 73: Acc=60.02, Loss=-262.4504, NLL=-899.2704, KL=13.6609, AvgS=386.62, ProxLoss=0.0000
2026-03-19 00:45:15,014 - Server_DefaultID - INFO - Training client 26 (21/30)...
2026-03-19 00:45:21,128 - Server_DefaultID - INFO - Client 26: Acc=94.21, Loss=-343.7969, NLL=-1161.5989, KL=14.5404, AvgS=499.93, ProxLoss=0.0000
2026-03-19 00:45:21,128 - Server_DefaultID - INFO - Training client 46 (22/30)...
2026-03-19 00:45:24,094 - Server_DefaultID - INFO - Client 46: Acc=53.01, Loss=-133.4009, NLL=-460.4084, KL=10.9721, AvgS=197.34, ProxLoss=0.0000
2026-03-19 00:45:24,094 - Server_DefaultID - INFO - Training client 95 (23/30)...
2026-03-19 00:45:27,483 - Server_DefaultID - INFO - Client 95: Acc=59.72, Loss=-156.9049, NLL=-543.5430, KL=11.4394, AvgS=233.16, ProxLoss=0.0000
2026-03-19 00:45:27,483 - Server_DefaultID - INFO - Training client 27 (24/30)...
2026-03-19 00:45:28,783 - Server_DefaultID - INFO - Client 27: Acc=61.98, Loss=-42.9263, NLL=-150.8577, KL=7.5342, AvgS=65.41, ProxLoss=0.0000
2026-03-19 00:45:28,783 - Server_DefaultID - INFO - Training client 31 (25/30)...
2026-03-19 00:45:32,026 - Server_DefaultID - INFO - Client 31: Acc=71.81, Loss=-161.2092, NLL=-553.3089, KL=11.7979, AvgS=237.39, ProxLoss=0.0000
2026-03-19 00:45:32,026 - Server_DefaultID - INFO - Training client 58 (26/30)...
2026-03-19 00:45:34,714 - Server_DefaultID - INFO - Client 58: Acc=44.51, Loss=-111.9245, NLL=-393.1325, KL=9.8901, AvgS=168.46, ProxLoss=0.0000
2026-03-19 00:45:34,714 - Server_DefaultID - INFO - Training client 24 (27/30)...
2026-03-19 00:45:35,370 - Server_DefaultID - INFO - Client 24: Acc=61.88, Loss=-17.2507, NLL=-61.6734, KL=7.3075, AvgS=28.41, ProxLoss=0.0000
2026-03-19 00:45:35,370 - Server_DefaultID - INFO - Training client 76 (28/30)...
2026-03-19 00:45:39,697 - Server_DefaultID - INFO - Client 76: Acc=67.34, Loss=-132.3994, NLL=-454.1591, KL=10.0511, AvgS=194.76, ProxLoss=0.0000
2026-03-19 00:45:39,697 - Server_DefaultID - INFO - Training client 47 (29/30)...
2026-03-19 00:45:42,118 - Server_DefaultID - INFO - Client 47: Acc=43.75, Loss=-222.5691, NLL=-755.4433, KL=12.3652, AvgS=324.46, ProxLoss=0.0000
2026-03-19 00:45:42,118 - Server_DefaultID - INFO - Training client 75 (30/30)...
2026-03-19 00:45:45,173 - Server_DefaultID - INFO - Client 75: Acc=76.76, Loss=-315.6459, NLL=-1077.2636, KL=14.3848, AvgS=463.51, ProxLoss=0.0000
2026-03-19 00:45:45,660 - Server_DefaultID - WARNING - Global prior extremely imbalanced (max/min=1.2), applied adaptive smoothing lam=0.12.
2026-03-19 00:45:45,660 - Server_DefaultID - INFO - Round [2/200] Summary | Avg Client Train Stats:	Loss [-206.5386]	 Acc [64.97]	NLL [-706.6894]	 KL [11.6544]	AvgS [303.87]	 ProxLoss [0.0000]
GlobalPriorAlpha (first 10): [5.067699909210205, 5.003200054168701, 5.142499923706055, 5.063799858093262, 4.902599811553955, 5.181300163269043, 4.580100059509277, 5.0177001953125, 5.174099922180176, 4.867000102996826]
Round Time: 82.31s
2026-03-19 00:45:45,663 - Server_DefaultID - INFO - --- Global Round 3/200 ---
2026-03-19 00:45:45,663 - Server_DefaultID - INFO - Selected 30 active clients for round 3.
2026-03-19 00:45:45,663 - Server_DefaultID - INFO - Training client 64 (1/30)...
2026-03-19 00:45:46,342 - Server_DefaultID - INFO - Client 64: Acc=67.50, Loss=-16.8055, NLL=-60.9181, KL=7.1668, AvgS=28.09, ProxLoss=0.0000
2026-03-19 00:45:46,342 - Server_DefaultID - INFO - Training client 96 (2/30)...
2026-03-19 00:45:49,814 - Server_DefaultID - INFO - Client 96: Acc=72.29, Loss=-148.3855, NLL=-513.1568, KL=11.0851, AvgS=220.10, ProxLoss=0.0000
2026-03-19 00:45:49,814 - Server_DefaultID - INFO - Training client 48 (3/30)...
2026-03-19 00:45:56,024 - Server_DefaultID - INFO - Client 48: Acc=71.40, Loss=-299.6019, NLL=-1021.3586, KL=14.2770, AvgS=439.36, ProxLoss=0.0000
2026-03-19 00:45:56,024 - Server_DefaultID - INFO - Training client 18 (4/30)...
2026-03-19 00:46:01,670 - Server_DefaultID - INFO - Client 18: Acc=83.85, Loss=-344.8571, NLL=-1161.3839, KL=14.9777, AvgS=499.83, ProxLoss=0.0000
2026-03-19 00:46:01,670 - Server_DefaultID - INFO - Training client 57 (5/30)...
2026-03-19 00:46:08,926 - Server_DefaultID - INFO - Client 57: Acc=93.84, Loss=-344.2664, NLL=-1161.7080, KL=14.8534, AvgS=499.97, ProxLoss=0.0000
2026-03-19 00:46:08,927 - Server_DefaultID - INFO - Training client 53 (6/30)...
2026-03-19 00:46:14,227 - Server_DefaultID - INFO - Client 53: Acc=7.00, Loss=-178.2332, NLL=-617.1893, KL=11.6327, AvgS=264.83, ProxLoss=0.0000
2026-03-19 00:46:14,227 - Server_DefaultID - INFO - Training client 15 (7/30)...
2026-03-19 00:46:15,298 - Server_DefaultID - INFO - Client 15: Acc=69.22, Loss=-28.7686, NLL=-102.4825, KL=6.6378, AvgS=45.26, ProxLoss=0.0000
2026-03-19 00:46:15,299 - Server_DefaultID - INFO - Training client 32 (8/30)...
2026-03-19 00:46:18,032 - Server_DefaultID - INFO - Client 32: Acc=57.24, Loss=-221.9196, NLL=-755.5195, KL=12.8954, AvgS=324.51, ProxLoss=0.0000
2026-03-19 00:46:18,032 - Server_DefaultID - INFO - Training client 63 (9/30)...
2026-03-19 00:46:20,405 - Server_DefaultID - INFO - Client 63: Acc=63.50, Loss=-74.4934, NLL=-261.6779, KL=9.0402, AvgS=112.31, ProxLoss=0.0000
2026-03-19 00:46:20,405 - Server_DefaultID - INFO - Training client 66 (10/30)...
2026-03-19 00:46:23,785 - Server_DefaultID - INFO - Client 66: Acc=36.34, Loss=-112.8595, NLL=-392.5661, KL=10.3581, AvgS=168.21, ProxLoss=0.0000
2026-03-19 00:46:23,785 - Server_DefaultID - INFO - Training client 35 (11/30)...
2026-03-19 00:46:25,247 - Server_DefaultID - INFO - Client 35: Acc=61.77, Loss=-88.6481, NLL=-305.7794, KL=9.1942, AvgS=131.12, ProxLoss=0.0000
2026-03-19 00:46:25,247 - Server_DefaultID - INFO - Training client 43 (12/30)...
2026-03-19 00:46:30,112 - Server_DefaultID - INFO - Client 43: Acc=62.07, Loss=-343.8646, NLL=-1160.8058, KL=14.6917, AvgS=499.58, ProxLoss=0.0000
2026-03-19 00:46:30,112 - Server_DefaultID - INFO - Training client 2 (13/30)...
2026-03-19 00:46:34,769 - Server_DefaultID - INFO - Client 2: Acc=29.58, Loss=-147.4473, NLL=-510.4647, KL=11.5124, AvgS=218.86, ProxLoss=0.0000
2026-03-19 00:46:34,769 - Server_DefaultID - INFO - Training client 52 (14/30)...
2026-03-19 00:46:36,370 - Server_DefaultID - INFO - Client 52: Acc=68.12, Loss=-86.2400, NLL=-300.7435, KL=9.2407, AvgS=129.02, ProxLoss=0.0000
2026-03-19 00:46:36,370 - Server_DefaultID - INFO - Training client 12 (15/30)...
2026-03-19 00:46:39,119 - Server_DefaultID - INFO - Client 12: Acc=58.56, Loss=-73.4451, NLL=-255.8925, KL=8.0734, AvgS=109.82, ProxLoss=0.0000
2026-03-19 00:46:39,119 - Server_DefaultID - INFO - Training client 10 (16/30)...
2026-03-19 00:46:41,414 - Server_DefaultID - INFO - Client 10: Acc=40.78, Loss=-124.7581, NLL=-427.0062, KL=9.9311, AvgS=183.05, ProxLoss=0.0000
2026-03-19 00:46:41,414 - Server_DefaultID - INFO - Training client 97 (17/30)...
2026-03-19 00:46:55,342 - Server_DefaultID - INFO - Client 97: Acc=99.58, Loss=-342.2789, NLL=-1161.2719, KL=13.6884, AvgS=499.79, ProxLoss=0.0000
2026-03-19 00:46:55,342 - Server_DefaultID - INFO - Training client 95 (18/30)...
2026-03-19 00:47:00,308 - Server_DefaultID - INFO - Client 95: Acc=61.77, Loss=-333.6391, NLL=-1136.8389, KL=14.8062, AvgS=489.23, ProxLoss=0.0000
2026-03-19 00:47:00,308 - Server_DefaultID - INFO - Training client 83 (19/30)...
2026-03-19 00:47:06,655 - Server_DefaultID - INFO - Client 83: Acc=86.75, Loss=-321.8639, NLL=-1102.5304, KL=13.4356, AvgS=474.41, ProxLoss=0.0000
2026-03-19 00:47:06,655 - Server_DefaultID - INFO - Training client 24 (20/30)...
2026-03-19 00:47:07,853 - Server_DefaultID - INFO - Client 24: Acc=63.75, Loss=-28.4643, NLL=-99.2658, KL=6.6301, AvgS=43.89, ProxLoss=0.0000
2026-03-19 00:47:07,853 - Server_DefaultID - INFO - Training client 61 (21/30)...
2026-03-19 00:47:11,576 - Server_DefaultID - INFO - Client 61: Acc=59.56, Loss=-75.6497, NLL=-261.7630, KL=7.9593, AvgS=112.43, ProxLoss=0.0000
2026-03-19 00:47:11,576 - Server_DefaultID - INFO - Training client 21 (22/30)...
2026-03-19 00:47:19,116 - Server_DefaultID - INFO - Client 21: Acc=45.23, Loss=-345.7643, NLL=-1161.2182, KL=14.2120, AvgS=499.76, ProxLoss=0.0000
2026-03-19 00:47:19,116 - Server_DefaultID - INFO - Training client 70 (23/30)...
2026-03-19 00:47:22,463 - Server_DefaultID - INFO - Client 70: Acc=70.31, Loss=-75.9300, NLL=-266.3259, KL=8.5880, AvgS=114.31, ProxLoss=0.0000
2026-03-19 00:47:22,464 - Server_DefaultID - INFO - Training client 44 (24/30)...
2026-03-19 00:47:28,556 - Server_DefaultID - INFO - Client 44: Acc=67.19, Loss=-151.4153, NLL=-524.1921, KL=11.7338, AvgS=224.89, ProxLoss=0.0000
2026-03-19 00:47:28,556 - Server_DefaultID - INFO - Training client 69 (25/30)...
2026-03-19 00:47:30,040 - Server_DefaultID - INFO - Client 69: Acc=44.22, Loss=-55.1352, NLL=-191.8061, KL=7.5563, AvgS=82.61, ProxLoss=0.0000
2026-03-19 00:47:30,040 - Server_DefaultID - INFO - Training client 27 (26/30)...
2026-03-19 00:47:32,979 - Server_DefaultID - INFO - Client 27: Acc=60.42, Loss=-88.6396, NLL=-305.0466, KL=9.2805, AvgS=130.81, ProxLoss=0.0000
2026-03-19 00:47:32,980 - Server_DefaultID - INFO - Training client 87 (27/30)...
2026-03-19 00:47:37,737 - Server_DefaultID - INFO - Client 87: Acc=34.46, Loss=-273.1857, NLL=-924.9148, KL=12.5484, AvgS=397.64, ProxLoss=0.0000
2026-03-19 00:47:37,737 - Server_DefaultID - INFO - Training client 51 (28/30)...
2026-03-19 00:47:39,545 - Server_DefaultID - INFO - Client 51: Acc=26.25, Loss=-86.7388, NLL=-297.3694, KL=7.5312, AvgS=127.61, ProxLoss=0.0000
2026-03-19 00:47:39,545 - Server_DefaultID - INFO - Training client 38 (29/30)...
2026-03-19 00:47:41,177 - Server_DefaultID - INFO - Client 38: Acc=53.75, Loss=-57.1079, NLL=-196.7243, KL=6.4181, AvgS=84.71, ProxLoss=0.0000
2026-03-19 00:47:41,177 - Server_DefaultID - INFO - Training client 76 (30/30)...
2026-03-19 00:47:46,723 - Server_DefaultID - INFO - Client 76: Acc=69.49, Loss=-303.3882, NLL=-1027.1822, KL=13.4199, AvgS=441.88, ProxLoss=0.0000
2026-03-19 00:47:47,889 - Server_DefaultID - WARNING - Global prior extremely imbalanced (max/min=1.1), applied adaptive smoothing lam=0.11.
2026-03-19 00:47:47,890 - Server_DefaultID - INFO - Round [3/200] Summary | Avg Client Train Stats:	Loss [-236.0524]	 Acc [65.52]	NLL [-803.4579]	 KL [12.3235]	AvgS [345.55]	 ProxLoss [0.0000]
GlobalPriorAlpha (first 10): [5.147600173950195, 4.811699867248535, 4.9745001792907715, 5.197700023651123, 4.969399929046631, 5.059700012207031, 4.703199863433838, 5.046500205993652, 5.1128997802734375, 4.976600170135498]
Round Time: 122.23s
2026-03-19 00:47:47,895 - Server_DefaultID - INFO - --- Global Round 4/200 ---
2026-03-19 00:47:47,896 - Server_DefaultID - INFO - Selected 30 active clients for round 4.
2026-03-19 00:47:47,896 - Server_DefaultID - INFO - Training client 63 (1/30)...
2026-03-19 00:47:52,751 - Server_DefaultID - INFO - Client 63: Acc=53.81, Loss=-167.2582, NLL=-574.2672, KL=12.0142, AvgS=246.37, ProxLoss=0.0000
2026-03-19 00:47:52,751 - Server_DefaultID - INFO - Training client 19 (2/30)...
2026-03-19 00:48:02,746 - Server_DefaultID - INFO - Client 19: Acc=95.31, Loss=-343.2907, NLL=-1161.5639, KL=14.4414, AvgS=499.91, ProxLoss=0.0000
2026-03-19 00:48:02,746 - Server_DefaultID - INFO - Training client 49 (3/30)...
2026-03-19 00:48:07,564 - Server_DefaultID - INFO - Client 49: Acc=63.44, Loss=-110.7142, NLL=-387.1960, KL=10.5483, AvgS=166.02, ProxLoss=0.0000
2026-03-19 00:48:07,564 - Server_DefaultID - INFO - Training client 59 (4/30)...
2026-03-19 00:48:13,595 - Server_DefaultID - INFO - Client 59: Acc=69.48, Loss=-158.6322, NLL=-545.4211, KL=11.7416, AvgS=233.99, ProxLoss=0.0000
2026-03-19 00:48:13,595 - Server_DefaultID - INFO - Training client 57 (5/30)...
2026-03-19 00:48:26,018 - Server_DefaultID - INFO - Client 57: Acc=93.60, Loss=-344.2199, NLL=-1161.7109, KL=14.9315, AvgS=499.97, ProxLoss=0.0000
2026-03-19 00:48:26,018 - Server_DefaultID - INFO - Training client 72 (6/30)...
2026-03-19 00:48:28,817 - Server_DefaultID - INFO - Client 72: Acc=37.97, Loss=-55.9347, NLL=-198.8123, KL=7.0813, AvgS=86.25, ProxLoss=0.0000
2026-03-19 00:48:28,817 - Server_DefaultID - INFO - Training client 52 (7/30)...
2026-03-19 00:48:31,115 - Server_DefaultID - INFO - Client 52: Acc=63.23, Loss=-138.8995, NLL=-479.8638, KL=10.9377, AvgS=205.79, ProxLoss=0.0000
2026-03-19 00:48:31,115 - Server_DefaultID - INFO - Training client 24 (8/30)...
2026-03-19 00:48:31,954 - Server_DefaultID - INFO - Client 24: Acc=63.75, Loss=-41.5745, NLL=-143.1916, KL=6.2254, AvgS=62.20, ProxLoss=0.0000
2026-03-19 00:48:31,954 - Server_DefaultID - INFO - Training client 58 (9/30)...
2026-03-19 00:48:47,448 - Server_DefaultID - INFO - Client 58: Acc=34.64, Loss=-266.7287, NLL=-914.4215, KL=13.6587, AvgS=393.11, ProxLoss=0.0000
2026-03-19 00:48:47,448 - Server_DefaultID - INFO - Training client 37 (10/30)...
2026-03-19 00:48:51,587 - Server_DefaultID - INFO - Client 37: Acc=57.11, Loss=-58.6495, NLL=-205.1289, KL=8.0142, AvgS=88.27, ProxLoss=0.0000
2026-03-19 00:48:51,587 - Server_DefaultID - INFO - Training client 92 (11/30)...
2026-03-19 00:48:55,782 - Server_DefaultID - INFO - Client 92: Acc=56.48, Loss=-55.6455, NLL=-197.4892, KL=7.5508, AvgS=84.88, ProxLoss=0.0000
2026-03-19 00:48:55,782 - Server_DefaultID - INFO - Training client 82 (12/30)...
2026-03-19 00:49:01,851 - Server_DefaultID - INFO - Client 82: Acc=44.75, Loss=-167.1534, NLL=-575.5460, KL=11.8682, AvgS=246.95, ProxLoss=0.0000
2026-03-19 00:49:01,851 - Server_DefaultID - INFO - Training client 60 (13/30)...
2026-03-19 00:49:05,500 - Server_DefaultID - INFO - Client 60: Acc=60.00, Loss=-138.3006, NLL=-478.8212, KL=10.9927, AvgS=205.31, ProxLoss=0.0000
2026-03-19 00:49:05,501 - Server_DefaultID - INFO - Training client 66 (14/30)...
2026-03-19 00:49:13,062 - Server_DefaultID - INFO - Client 66: Acc=40.62, Loss=-269.5459, NLL=-919.9792, KL=13.8703, AvgS=395.50, ProxLoss=0.0000
2026-03-19 00:49:13,062 - Server_DefaultID - INFO - Training client 30 (15/30)...
2026-03-19 00:49:22,569 - Server_DefaultID - INFO - Client 30: Acc=63.59, Loss=-304.3802, NLL=-1043.4064, KL=14.1689, AvgS=448.89, ProxLoss=0.0000
2026-03-19 00:49:22,569 - Server_DefaultID - INFO - Training client 2 (16/30)...
2026-03-19 00:49:32,255 - Server_DefaultID - INFO - Client 2: Acc=72.08, Loss=-333.0547, NLL=-1131.0071, KL=14.7875, AvgS=486.70, ProxLoss=0.0000
2026-03-19 00:49:32,255 - Server_DefaultID - INFO - Training client 0 (17/30)...
2026-03-19 00:49:33,477 - Server_DefaultID - INFO - Client 0: Acc=57.50, Loss=-16.9307, NLL=-61.2709, KL=6.5762, AvgS=28.22, ProxLoss=0.0000
2026-03-19 00:49:33,477 - Server_DefaultID - INFO - Training client 4 (18/30)...
2026-03-19 00:49:39,663 - Server_DefaultID - INFO - Client 4: Acc=63.07, Loss=-96.1560, NLL=-331.0427, KL=8.9623, AvgS=141.90, ProxLoss=0.0000
2026-03-19 00:49:39,663 - Server_DefaultID - INFO - Training client 9 (19/30)...
2026-03-19 00:49:46,431 - Server_DefaultID - INFO - Client 9: Acc=45.31, Loss=-113.1648, NLL=-394.7734, KL=9.3550, AvgS=169.45, ProxLoss=0.0000
2026-03-19 00:49:46,431 - Server_DefaultID - INFO - Training client 7 (20/30)...
2026-03-19 00:49:52,024 - Server_DefaultID - INFO - Client 7: Acc=57.24, Loss=-93.5415, NLL=-326.3394, KL=9.7405, AvgS=139.86, ProxLoss=0.0000
2026-03-19 00:49:52,024 - Server_DefaultID - INFO - Training client 41 (21/30)...
2026-03-19 00:50:00,208 - Server_DefaultID - INFO - Client 41: Acc=42.73, Loss=-132.0087, NLL=-458.8419, KL=10.3598, AvgS=196.86, ProxLoss=0.0000
2026-03-19 00:50:00,208 - Server_DefaultID - INFO - Training client 35 (22/30)...
2026-03-19 00:50:04,307 - Server_DefaultID - INFO - Client 35: Acc=62.29, Loss=-140.4730, NLL=-479.6540, KL=10.6444, AvgS=205.68, ProxLoss=0.0000
2026-03-19 00:50:04,307 - Server_DefaultID - INFO - Training client 93 (23/30)...
2026-03-19 00:50:06,852 - Server_DefaultID - INFO - Client 93: Acc=29.69, Loss=-86.4891, NLL=-298.8401, KL=9.2579, AvgS=128.12, ProxLoss=0.0000
2026-03-19 00:50:06,852 - Server_DefaultID - INFO - Training client 71 (24/30)...
2026-03-19 00:50:09,190 - Server_DefaultID - INFO - Client 71: Acc=70.00, Loss=-56.6825, NLL=-196.6459, KL=7.8827, AvgS=84.73, ProxLoss=0.0000
2026-03-19 00:50:09,190 - Server_DefaultID - INFO - Training client 64 (25/30)...
2026-03-19 00:50:10,633 - Server_DefaultID - INFO - Client 64: Acc=66.25, Loss=-28.3005, NLL=-100.2328, KL=7.2164, AvgS=44.26, ProxLoss=0.0000
2026-03-19 00:50:10,634 - Server_DefaultID - INFO - Training client 23 (26/30)...
2026-03-19 00:50:12,191 - Server_DefaultID - INFO - Client 23: Acc=82.37, Loss=-28.8551, NLL=-101.9345, KL=6.8869, AvgS=45.10, ProxLoss=0.0000
2026-03-19 00:50:12,191 - Server_DefaultID - INFO - Training client 26 (27/30)...
2026-03-19 00:50:29,396 - Server_DefaultID - INFO - Client 26: Acc=94.25, Loss=-343.7486, NLL=-1161.5271, KL=14.6878, AvgS=499.90, ProxLoss=0.0000
2026-03-19 00:50:29,396 - Server_DefaultID - INFO - Training client 33 (28/30)...
2026-03-19 00:50:36,124 - Server_DefaultID - INFO - Client 33: Acc=40.89, Loss=-270.8775, NLL=-920.6170, KL=13.1320, AvgS=395.79, ProxLoss=0.0000
2026-03-19 00:50:36,125 - Server_DefaultID - INFO - Training client 78 (29/30)...
2026-03-19 00:51:06,725 - Server_DefaultID - INFO - Client 78: Acc=81.56, Loss=-344.1705, NLL=-1161.1657, KL=14.7844, AvgS=499.74, ProxLoss=0.0000
2026-03-19 00:51:06,725 - Server_DefaultID - INFO - Training client 85 (30/30)...
2026-03-19 00:51:18,762 - Server_DefaultID - INFO - Client 85: Acc=98.85, Loss=-316.9656, NLL=-1081.3839, KL=13.0943, AvgS=465.36, ProxLoss=0.0000
2026-03-19 00:51:20,732 - Server_DefaultID - WARNING - Global prior extremely imbalanced (max/min=1.1), applied adaptive smoothing lam=0.11.
2026-03-19 00:51:20,734 - Server_DefaultID - INFO - Round [4/200] Summary | Avg Client Train Stats:	Loss [-238.1772]	 Acc [69.55]	NLL [-810.7590]	 KL [12.5066]	AvgS [348.71]	 ProxLoss [0.0000]
GlobalPriorAlpha (first 10): [5.014500141143799, 4.839399814605713, 4.992400169372559, 4.99429988861084, 5.036799907684326, 4.971700191497803, 4.88040018081665, 4.972099781036377, 5.121200084686279, 5.177199840545654]
Round Time: 212.84s
2026-03-19 00:51:20,737 - Server_DefaultID - INFO - --- Global Round 5/200 ---
2026-03-19 00:51:20,737 - Server_DefaultID - INFO - Selected 30 active clients for round 5.
2026-03-19 00:51:20,737 - Server_DefaultID - INFO - Training client 75 (1/30)...
2026-03-19 00:51:29,465 - Server_DefaultID - INFO - Client 75: Acc=83.12, Loss=-343.3382, NLL=-1161.3327, KL=14.6111, AvgS=499.81, ProxLoss=0.0000
2026-03-19 00:51:29,465 - Server_DefaultID - INFO - Training client 10 (2/30)...
2026-03-19 00:51:33,827 - Server_DefaultID - INFO - Client 10: Acc=29.61, Loss=-211.4852, NLL=-718.2122, KL=11.8878, AvgS=308.42, ProxLoss=0.0000
2026-03-19 00:51:33,827 - Server_DefaultID - INFO - Training client 98 (3/30)...
2026-03-19 00:51:37,789 - Server_DefaultID - INFO - Client 98: Acc=70.73, Loss=-87.9416, NLL=-308.1464, KL=8.9032, AvgS=132.14, ProxLoss=0.0000
2026-03-19 00:51:37,789 - Server_DefaultID - INFO - Training client 87 (4/30)...
2026-03-19 00:51:45,722 - Server_DefaultID - INFO - Client 87: Acc=39.60, Loss=-345.5730, NLL=-1160.1610, KL=13.5430, AvgS=499.31, ProxLoss=0.0000
2026-03-19 00:51:45,723 - Server_DefaultID - INFO - Training client 47 (5/30)...
2026-03-19 00:51:53,095 - Server_DefaultID - INFO - Client 47: Acc=41.20, Loss=-339.6436, NLL=-1146.3634, KL=14.0908, AvgS=493.34, ProxLoss=0.0000
2026-03-19 00:51:53,096 - Server_DefaultID - INFO - Training client 40 (6/30)...
2026-03-19 00:52:00,123 - Server_DefaultID - INFO - Client 40: Acc=59.01, Loss=-95.8140, NLL=-330.8601, KL=9.1734, AvgS=141.90, ProxLoss=0.0000
2026-03-19 00:52:00,123 - Server_DefaultID - INFO - Training client 33 (7/30)...
2026-03-19 00:52:07,097 - Server_DefaultID - INFO - Client 33: Acc=57.59, Loss=-345.5090, NLL=-1160.8402, KL=13.9671, AvgS=499.60, ProxLoss=0.0000
2026-03-19 00:52:07,098 - Server_DefaultID - INFO - Training client 97 (8/30)...
2026-03-19 00:52:31,533 - Server_DefaultID - INFO - Client 97: Acc=99.58, Loss=-342.4277, NLL=-1161.7183, KL=13.9408, AvgS=499.98, ProxLoss=0.0000
2026-03-19 00:52:31,533 - Server_DefaultID - INFO - Training client 31 (9/30)...
2026-03-19 00:52:40,422 - Server_DefaultID - INFO - Client 31: Acc=59.55, Loss=-339.7617, NLL=-1151.4656, KL=14.7829, AvgS=495.55, ProxLoss=0.0000
2026-03-19 00:52:40,422 - Server_DefaultID - INFO - Training client 38 (10/30)...
2026-03-19 00:52:42,603 - Server_DefaultID - INFO - Client 38: Acc=41.88, Loss=-86.6941, NLL=-296.3833, KL=7.1362, AvgS=127.09, ProxLoss=0.0000
2026-03-19 00:52:42,603 - Server_DefaultID - INFO - Training client 66 (11/30)...
2026-03-19 00:52:50,811 - Server_DefaultID - INFO - Client 66: Acc=88.21, Loss=-342.5998, NLL=-1158.4182, KL=14.8129, AvgS=498.55, ProxLoss=0.0000
2026-03-19 00:52:50,811 - Server_DefaultID - INFO - Training client 12 (12/30)...
2026-03-19 00:52:56,344 - Server_DefaultID - INFO - Client 12: Acc=41.06, Loss=-165.5916, NLL=-566.2999, KL=11.0958, AvgS=242.94, ProxLoss=0.0000
2026-03-19 00:52:56,344 - Server_DefaultID - INFO - Training client 82 (13/30)...
2026-03-19 00:53:01,465 - Server_DefaultID - INFO - Client 82: Acc=42.38, Loss=-286.3627, NLL=-976.8693, KL=14.0903, AvgS=420.14, ProxLoss=0.0000
2026-03-19 00:53:01,465 - Server_DefaultID - INFO - Training client 91 (14/30)...
2026-03-19 00:53:04,653 - Server_DefaultID - INFO - Client 91: Acc=68.12, Loss=-87.3396, NLL=-305.9848, KL=9.0548, AvgS=131.21, ProxLoss=0.0000
2026-03-19 00:53:04,653 - Server_DefaultID - INFO - Training client 89 (15/30)...
2026-03-19 00:53:19,029 - Server_DefaultID - INFO - Client 89: Acc=98.55, Loss=-342.9780, NLL=-1161.5484, KL=14.0514, AvgS=499.90, ProxLoss=0.0000
2026-03-19 00:53:19,029 - Server_DefaultID - INFO - Training client 80 (16/30)...
2026-03-19 00:53:20,437 - Server_DefaultID - INFO - Client 80: Acc=64.06, Loss=-17.1035, NLL=-61.5324, KL=7.1254, AvgS=28.37, ProxLoss=0.0000
2026-03-19 00:53:20,437 - Server_DefaultID - INFO - Training client 44 (17/30)...
2026-03-19 00:53:32,180 - Server_DefaultID - INFO - Client 44: Acc=66.91, Loss=-336.4597, NLL=-1143.3566, KL=14.7066, AvgS=492.05, ProxLoss=0.0000
2026-03-19 00:53:32,180 - Server_DefaultID - INFO - Training client 43 (18/30)...
2026-03-19 00:53:42,827 - Server_DefaultID - INFO - Client 43: Acc=71.28, Loss=-344.1879, NLL=-1161.4477, KL=14.7231, AvgS=499.86, ProxLoss=0.0000
2026-03-19 00:53:42,827 - Server_DefaultID - INFO - Training client 26 (19/30)...
2026-03-19 00:54:01,290 - Server_DefaultID - INFO - Client 26: Acc=94.14, Loss=-343.6545, NLL=-1161.6081, KL=14.4942, AvgS=499.93, ProxLoss=0.0000
2026-03-19 00:54:01,290 - Server_DefaultID - INFO - Training client 21 (20/30)...
2026-03-19 00:54:09,594 - Server_DefaultID - INFO - Client 21: Acc=52.23, Loss=-346.0776, NLL=-1161.7423, KL=14.1113, AvgS=499.99, ProxLoss=0.0000
2026-03-19 00:54:09,594 - Server_DefaultID - INFO - Training client 42 (21/30)...
2026-03-19 00:54:16,468 - Server_DefaultID - INFO - Client 42: Acc=36.98, Loss=-93.2105, NLL=-325.4896, KL=9.3681, AvgS=139.51, ProxLoss=0.0000
2026-03-19 00:54:16,468 - Server_DefaultID - INFO - Training client 84 (22/30)...
2026-03-19 00:54:17,570 - Server_DefaultID - INFO - Client 84: Acc=54.34, Loss=-16.2044, NLL=-60.2896, KL=6.1237, AvgS=27.65, ProxLoss=0.0000
2026-03-19 00:54:17,570 - Server_DefaultID - INFO - Training client 17 (23/30)...
2026-03-19 00:54:19,986 - Server_DefaultID - INFO - Client 17: Acc=63.59, Loss=-54.7349, NLL=-190.9841, KL=7.7311, AvgS=82.23, ProxLoss=0.0000
2026-03-19 00:54:19,986 - Server_DefaultID - INFO - Training client 41 (24/30)...
2026-03-19 00:54:30,054 - Server_DefaultID - INFO - Client 41: Acc=52.46, Loss=-296.4110, NLL=-1015.2208, KL=13.9847, AvgS=436.67, ProxLoss=0.0000
2026-03-19 00:54:30,054 - Server_DefaultID - INFO - Training client 27 (25/30)...
2026-03-19 00:54:33,337 - Server_DefaultID - INFO - Client 27: Acc=41.98, Loss=-140.4855, NLL=-481.5785, KL=10.8721, AvgS=206.50, ProxLoss=0.0000
2026-03-19 00:54:33,337 - Server_DefaultID - INFO - Training client 20 (26/30)...
2026-03-19 00:54:39,337 - Server_DefaultID - INFO - Client 20: Acc=58.12, Loss=-222.2790, NLL=-751.6384, KL=11.0421, AvgS=322.87, ProxLoss=0.0000
2026-03-19 00:54:39,337 - Server_DefaultID - INFO - Training client 93 (27/30)...
2026-03-19 00:54:41,563 - Server_DefaultID - INFO - Client 93: Acc=30.31, Loss=-121.7608, NLL=-417.3899, KL=10.3227, AvgS=178.92, ProxLoss=0.0000
2026-03-19 00:54:41,563 - Server_DefaultID - INFO - Training client 39 (28/30)...
2026-03-19 00:54:57,939 - Server_DefaultID - INFO - Client 39: Acc=69.12, Loss=-344.5125, NLL=-1161.4631, KL=14.8635, AvgS=499.87, ProxLoss=0.0000
2026-03-19 00:54:57,939 - Server_DefaultID - INFO - Training client 54 (29/30)...
2026-03-19 00:54:59,852 - Server_DefaultID - INFO - Client 54: Acc=81.41, Loss=-27.6952, NLL=-99.4668, KL=6.5901, AvgS=44.01, ProxLoss=0.0000
2026-03-19 00:54:59,852 - Server_DefaultID - INFO - Training client 37 (30/30)...
2026-03-19 00:55:04,742 - Server_DefaultID - INFO - Client 37: Acc=55.94, Loss=-122.4290, NLL=-420.3028, KL=10.2177, AvgS=180.22, ProxLoss=0.0000
2026-03-19 00:55:06,968 - Server_DefaultID - WARNING - Global prior extremely imbalanced (max/min=1.0), applied adaptive smoothing lam=0.10.
2026-03-19 00:55:06,970 - Server_DefaultID - INFO - Round [5/200] Summary | Avg Client Train Stats:	Loss [-283.8847]	 Acc [68.59]	NLL [-961.8621]	 KL [13.1527]	AvgS [413.84]	 ProxLoss [0.0000]
GlobalPriorAlpha (first 10): [4.9918999671936035, 4.916600227355957, 5.017099857330322, 5.0229997634887695, 5.008200168609619, 4.964099884033203, 4.9394001960754395, 5.036300182342529, 5.082900047302246, 5.020500183105469]
Round Time: 226.23s
2026-03-19 00:55:06,974 - Server_DefaultID - INFO - --- Global Round 6/200 ---
2026-03-19 00:55:06,975 - Server_DefaultID - INFO - Selected 30 active clients for round 6.
2026-03-19 00:55:06,976 - Server_DefaultID - INFO - Training client 41 (1/30)...
2026-03-19 00:55:15,938 - Server_DefaultID - INFO - Client 41: Acc=54.65, Loss=-343.3811, NLL=-1160.9687, KL=14.7258, AvgS=499.65, ProxLoss=0.0000
2026-03-19 00:55:15,938 - Server_DefaultID - INFO - Training client 57 (2/30)...
2026-03-19 00:55:32,979 - Server_DefaultID - INFO - Client 57: Acc=93.79, Loss=-344.2039, NLL=-1161.6771, KL=14.8491, AvgS=499.96, ProxLoss=0.0000
2026-03-19 00:55:32,979 - Server_DefaultID - INFO - Training client 25 (3/30)...
2026-03-19 00:55:36,354 - Server_DefaultID - INFO - Client 25: Acc=41.88, Loss=-25.4399, NLL=-92.8429, KL=5.8970, AvgS=41.01, ProxLoss=0.0000
2026-03-19 00:55:36,354 - Server_DefaultID - INFO - Training client 92 (4/30)...
2026-03-19 00:55:40,348 - Server_DefaultID - INFO - Client 92: Acc=55.94, Loss=-121.3518, NLL=-420.4238, KL=10.1954, AvgS=180.15, ProxLoss=0.0000
2026-03-19 00:55:40,348 - Server_DefaultID - INFO - Training client 16 (5/30)...
2026-03-19 00:55:42,766 - Server_DefaultID - INFO - Client 16: Acc=72.97, Loss=-28.0624, NLL=-101.0357, KL=6.6507, AvgS=44.58, ProxLoss=0.0000
2026-03-19 00:55:42,766 - Server_DefaultID - INFO - Training client 10 (6/30)...
2026-03-19 00:55:47,654 - Server_DefaultID - INFO - Client 10: Acc=31.80, Loss=-308.1320, NLL=-1041.7559, KL=13.4880, AvgS=448.15, ProxLoss=0.0000
2026-03-19 00:55:47,654 - Server_DefaultID - INFO - Training client 42 (7/30)...
2026-03-19 00:55:53,887 - Server_DefaultID - INFO - Client 42: Acc=29.01, Loss=-213.4321, NLL=-733.2659, KL=12.5879, AvgS=314.94, ProxLoss=0.0000
2026-03-19 00:55:53,887 - Server_DefaultID - INFO - Training client 59 (8/30)...
2026-03-19 00:56:13,867 - Server_DefaultID - INFO - Client 59: Acc=66.53, Loss=-335.8624, NLL=-1139.9370, KL=14.7675, AvgS=490.57, ProxLoss=0.0000
2026-03-19 00:56:13,867 - Server_DefaultID - INFO - Training client 76 (9/30)...
2026-03-19 00:56:33,394 - Server_DefaultID - INFO - Client 76: Acc=62.42, Loss=-345.6803, NLL=-1160.9240, KL=13.9798, AvgS=499.64, ProxLoss=0.0000
2026-03-19 00:56:33,394 - Server_DefaultID - INFO - Training client 43 (10/30)...
2026-03-19 00:56:59,805 - Server_DefaultID - INFO - Client 43: Acc=73.95, Loss=-344.2803, NLL=-1161.6348, KL=14.8218, AvgS=499.94, ProxLoss=0.0000
2026-03-19 00:56:59,805 - Server_DefaultID - INFO - Training client 47 (11/30)...
2026-03-19 00:57:13,877 - Server_DefaultID - INFO - Client 47: Acc=48.18, Loss=-345.5229, NLL=-1160.8076, KL=14.0824, AvgS=499.59, ProxLoss=0.0000
2026-03-19 00:57:13,877 - Server_DefaultID - INFO - Training client 70 (12/30)...
2026-03-19 00:57:26,649 - Server_DefaultID - INFO - Client 70: Acc=54.06, Loss=-162.9108, NLL=-562.4273, KL=11.3845, AvgS=241.35, ProxLoss=0.0000
2026-03-19 00:57:26,649 - Server_DefaultID - INFO - Training client 52 (13/30)...
2026-03-19 00:57:31,572 - Server_DefaultID - INFO - Client 52: Acc=59.48, Loss=-203.9008, NLL=-697.3999, KL=12.5909, AvgS=299.48, ProxLoss=0.0000
2026-03-19 00:57:31,572 - Server_DefaultID - INFO - Training client 7 (14/30)...
2026-03-19 00:57:39,988 - Server_DefaultID - INFO - Client 7: Acc=55.83, Loss=-215.8399, NLL=-739.8878, KL=12.9699, AvgS=317.77, ProxLoss=0.0000
2026-03-19 00:57:39,988 - Server_DefaultID - INFO - Training client 73 (15/30)...
2026-03-19 00:57:55,222 - Server_DefaultID - INFO - Client 73: Acc=73.32, Loss=-343.6164, NLL=-1161.3720, KL=14.6512, AvgS=499.83, ProxLoss=0.0000
2026-03-19 00:57:55,222 - Server_DefaultID - INFO - Training client 99 (16/30)...
2026-03-19 00:57:56,849 - Server_DefaultID - INFO - Client 99: Acc=55.94, Loss=-16.9396, NLL=-60.7641, KL=4.8538, AvgS=28.02, ProxLoss=0.0000
2026-03-19 00:57:56,849 - Server_DefaultID - INFO - Training client 75 (17/30)...
2026-03-19 00:58:05,980 - Server_DefaultID - INFO - Client 75: Acc=85.66, Loss=-343.4659, NLL=-1161.6444, KL=14.5952, AvgS=499.95, ProxLoss=0.0000
2026-03-19 00:58:05,980 - Server_DefaultID - INFO - Training client 38 (18/30)...
2026-03-19 00:58:08,295 - Server_DefaultID - INFO - Client 38: Acc=39.06, Loss=-122.0098, NLL=-414.9493, KL=8.6478, AvgS=177.89, ProxLoss=0.0000
2026-03-19 00:58:08,295 - Server_DefaultID - INFO - Training client 9 (19/30)...
2026-03-19 00:58:16,539 - Server_DefaultID - INFO - Client 9: Acc=83.84, Loss=-251.5057, NLL=-862.7536, KL=12.7002, AvgS=370.92, ProxLoss=0.0000
2026-03-19 00:58:16,540 - Server_DefaultID - INFO - Training client 61 (20/30)...
2026-03-19 00:58:24,353 - Server_DefaultID - INFO - Client 61: Acc=53.25, Loss=-170.4010, NLL=-578.5261, KL=10.4453, AvgS=248.29, ProxLoss=0.0000
2026-03-19 00:58:24,353 - Server_DefaultID - INFO - Training client 2 (21/30)...
2026-03-19 00:58:34,285 - Server_DefaultID - INFO - Client 2: Acc=79.24, Loss=-344.3840, NLL=-1161.2097, KL=14.8223, AvgS=499.76, ProxLoss=0.0000
2026-03-19 00:58:34,285 - Server_DefaultID - INFO - Training client 45 (22/30)...
2026-03-19 00:58:43,249 - Server_DefaultID - INFO - Client 45: Acc=45.74, Loss=-132.3050, NLL=-458.7014, KL=11.1364, AvgS=196.64, ProxLoss=0.0000
2026-03-19 00:58:43,250 - Server_DefaultID - INFO - Training client 44 (23/30)...
2026-03-19 00:58:52,992 - Server_DefaultID - INFO - Client 44: Acc=80.59, Loss=-344.1013, NLL=-1161.3101, KL=14.7980, AvgS=499.80, ProxLoss=0.0000
2026-03-19 00:58:52,992 - Server_DefaultID - INFO - Training client 36 (24/30)...
2026-03-19 00:59:20,229 - Server_DefaultID - INFO - Client 36: Acc=77.80, Loss=-342.5863, NLL=-1160.5048, KL=14.4784, AvgS=499.45, ProxLoss=0.0000
2026-03-19 00:59:20,229 - Server_DefaultID - INFO - Training client 17 (25/30)...
2026-03-19 00:59:23,282 - Server_DefaultID - INFO - Client 17: Acc=50.78, Loss=-84.3584, NLL=-291.6249, KL=8.9228, AvgS=125.04, ProxLoss=0.0000
2026-03-19 00:59:23,282 - Server_DefaultID - INFO - Training client 72 (26/30)...
2026-03-19 00:59:27,640 - Server_DefaultID - INFO - Client 72: Acc=37.27, Loss=-120.1452, NLL=-417.7692, KL=8.9871, AvgS=180.01, ProxLoss=0.0000
2026-03-19 00:59:27,640 - Server_DefaultID - INFO - Training client 23 (27/30)...
2026-03-19 00:59:30,113 - Server_DefaultID - INFO - Client 23: Acc=76.95, Loss=-41.9237, NLL=-147.0567, KL=7.3891, AvgS=63.88, ProxLoss=0.0000
2026-03-19 00:59:30,113 - Server_DefaultID - INFO - Training client 49 (28/30)...
2026-03-19 00:59:38,291 - Server_DefaultID - INFO - Client 49: Acc=48.88, Loss=-264.4800, NLL=-903.5206, KL=13.9411, AvgS=388.45, ProxLoss=0.0000
2026-03-19 00:59:38,291 - Server_DefaultID - INFO - Training client 90 (29/30)...
2026-03-19 00:59:48,199 - Client_90 - WARNING - Client 90: Too few classes (1) or samples (592) for alpha report, returning uniform.
2026-03-19 00:59:48,200 - Server_DefaultID - INFO - Client 90: Acc=32.71, Loss=-155.2283, NLL=-541.1217, KL=9.0310, AvgS=232.62, ProxLoss=0.0000
2026-03-19 00:59:48,200 - Server_DefaultID - INFO - Training client 3 (30/30)...
2026-03-19 00:59:55,396 - Server_DefaultID - INFO - Client 3: Acc=49.58, Loss=-96.3108, NLL=-331.6601, KL=8.6147, AvgS=142.15, ProxLoss=0.0000
2026-03-19 00:59:57,807 - Server_DefaultID - WARNING - Global prior extremely imbalanced (max/min=1.0), applied adaptive smoothing lam=0.10.
2026-03-19 00:59:57,808 - Server_DefaultID - INFO - Round [6/200] Summary | Avg Client Train Stats:	Loss [-269.1818]	 Acc [64.30]	NLL [-913.3783]	 KL [13.0017]	AvgS [392.94]	 ProxLoss [0.0000]
GlobalPriorAlpha (first 10): [5.009399890899658, 4.9552998542785645, 5.006899833679199, 5.028299808502197, 5.003799915313721, 4.959400177001953, 4.973199844360352, 5.01039981842041, 5.013800144195557, 5.0395002365112305]
Round Time: 290.83s
2026-03-19 00:59:57,811 - Server_DefaultID - INFO - --- Global Round 7/200 ---
2026-03-19 00:59:57,812 - Server_DefaultID - INFO - Selected 30 active clients for round 7.
2026-03-19 00:59:57,812 - Server_DefaultID - INFO - Training client 80 (1/30)...
2026-03-19 00:59:59,450 - Server_DefaultID - INFO - Client 80: Acc=67.50, Loss=-28.6480, NLL=-100.7428, KL=7.0073, AvgS=44.52, ProxLoss=0.0000
2026-03-19 00:59:59,450 - Server_DefaultID - INFO - Training client 14 (2/30)...
2026-03-19 01:00:11,865 - Server_DefaultID - INFO - Client 14: Acc=71.94, Loss=-338.4861, NLL=-1150.6061, KL=14.4944, AvgS=495.18, ProxLoss=0.0000
2026-03-19 01:00:11,865 - Server_DefaultID - INFO - Training client 91 (3/30)...
2026-03-19 01:00:15,175 - Server_DefaultID - INFO - Client 91: Acc=62.50, Loss=-142.6352, NLL=-493.3635, KL=10.8431, AvgS=211.58, ProxLoss=0.0000
2026-03-19 01:00:15,175 - Server_DefaultID - INFO - Training client 19 (4/30)...
2026-03-19 01:00:33,263 - Server_DefaultID - INFO - Client 19: Acc=95.60, Loss=-343.1674, NLL=-1161.6300, KL=14.4317, AvgS=499.94, ProxLoss=0.0000
2026-03-19 01:00:33,263 - Server_DefaultID - INFO - Training client 49 (5/30)...
2026-03-19 01:00:42,998 - Server_DefaultID - INFO - Client 49: Acc=67.95, Loss=-341.2218, NLL=-1155.5912, KL=14.8499, AvgS=497.33, ProxLoss=0.0000
2026-03-19 01:00:42,998 - Server_DefaultID - INFO - Training client 17 (6/30)...
2026-03-19 01:00:46,197 - Server_DefaultID - INFO - Client 17: Acc=38.91, Loss=-120.2415, NLL=-413.2741, KL=10.2594, AvgS=177.12, ProxLoss=0.0000
2026-03-19 01:00:46,198 - Server_DefaultID - INFO - Training client 33 (7/30)...
2026-03-19 01:00:54,738 - Server_DefaultID - INFO - Client 33: Acc=57.50, Loss=-345.8581, NLL=-1161.4413, KL=13.9964, AvgS=499.86, ProxLoss=0.0000
2026-03-19 01:00:54,738 - Server_DefaultID - INFO - Training client 11 (8/30)...
2026-03-19 01:01:01,025 - Server_DefaultID - INFO - Client 11: Acc=50.42, Loss=-90.2085, NLL=-316.6393, KL=9.6021, AvgS=135.74, ProxLoss=0.0000
2026-03-19 01:01:01,025 - Server_DefaultID - INFO - Training client 1 (9/30)...
2026-03-19 01:01:03,272 - Server_DefaultID - INFO - Client 1: Acc=61.88, Loss=-28.8294, NLL=-102.5980, KL=6.6231, AvgS=45.28, ProxLoss=0.0000
2026-03-19 01:01:03,273 - Server_DefaultID - INFO - Training client 73 (10/30)...
2026-03-19 01:01:18,902 - Server_DefaultID - INFO - Client 73: Acc=78.75, Loss=-343.7075, NLL=-1161.6739, KL=14.6328, AvgS=499.96, ProxLoss=0.0000
2026-03-19 01:01:18,902 - Server_DefaultID - INFO - Training client 63 (11/30)...
2026-03-19 01:01:24,088 - Server_DefaultID - INFO - Client 63: Acc=44.75, Loss=-282.0966, NLL=-961.2559, KL=14.0337, AvgS=413.35, ProxLoss=0.0000
2026-03-19 01:01:24,089 - Server_DefaultID - INFO - Training client 6 (12/30)...
2026-03-19 01:01:28,430 - Server_DefaultID - INFO - Client 6: Acc=77.50, Loss=-87.5753, NLL=-304.8421, KL=9.3696, AvgS=130.79, ProxLoss=0.0000
2026-03-19 01:01:28,430 - Server_DefaultID - INFO - Training client 61 (13/30)...
2026-03-19 01:01:34,100 - Server_DefaultID - INFO - Client 61: Acc=43.69, Loss=-281.4295, NLL=-952.6226, KL=12.5589, AvgS=409.67, ProxLoss=0.0000
2026-03-19 01:01:34,101 - Server_DefaultID - INFO - Training client 81 (14/30)...
2026-03-19 01:01:41,725 - Server_DefaultID - INFO - Client 81: Acc=64.15, Loss=-251.1793, NLL=-858.4188, KL=13.2254, AvgS=369.05, ProxLoss=0.0000
2026-03-19 01:01:41,725 - Server_DefaultID - INFO - Training client 21 (15/30)...
2026-03-19 01:01:51,525 - Server_DefaultID - INFO - Client 21: Acc=55.90, Loss=-345.9925, NLL=-1161.6346, KL=14.0355, AvgS=499.94, ProxLoss=0.0000
2026-03-19 01:01:51,525 - Server_DefaultID - INFO - Training client 92 (16/30)...
2026-03-19 01:01:55,676 - Server_DefaultID - INFO - Client 92: Acc=59.06, Loss=-201.2419, NLL=-689.0108, KL=12.2508, AvgS=295.80, ProxLoss=0.0000
2026-03-19 01:01:55,676 - Server_DefaultID - INFO - Training client 89 (17/30)...
2026-03-19 01:02:12,407 - Server_DefaultID - INFO - Client 89: Acc=98.55, Loss=-342.9290, NLL=-1161.7177, KL=14.1054, AvgS=499.98, ProxLoss=0.0000
2026-03-19 01:02:12,407 - Server_DefaultID - INFO - Training client 98 (18/30)...
2026-03-19 01:02:16,892 - Server_DefaultID - INFO - Client 98: Acc=76.46, Loss=-142.3331, NLL=-491.6825, KL=10.7442, AvgS=210.86, ProxLoss=0.0000
2026-03-19 01:02:16,892 - Server_DefaultID - INFO - Training client 44 (19/30)...
2026-03-19 01:02:28,027 - Server_DefaultID - INFO - Client 44: Acc=84.93, Loss=-344.2160, NLL=-1161.6584, KL=14.8097, AvgS=499.95, ProxLoss=0.0000
2026-03-19 01:02:28,027 - Server_DefaultID - INFO - Training client 18 (20/30)...
2026-03-19 01:02:45,690 - Server_DefaultID - INFO - Client 18: Acc=84.75, Loss=-344.8365, NLL=-1161.6532, KL=14.8628, AvgS=499.95, ProxLoss=0.0000
2026-03-19 01:02:45,690 - Server_DefaultID - INFO - Training client 16 (21/30)...
2026-03-19 01:02:48,190 - Server_DefaultID - INFO - Client 16: Acc=64.69, Loss=-54.3423, NLL=-192.1822, KL=7.9844, AvgS=82.79, ProxLoss=0.0000
2026-03-19 01:02:48,191 - Server_DefaultID - INFO - Training client 72 (22/30)...
2026-03-19 01:02:53,966 - Server_DefaultID - INFO - Client 72: Acc=33.75, Loss=-194.7733, NLL=-669.4590, KL=10.7871, AvgS=288.21, ProxLoss=0.0000
2026-03-19 01:02:53,967 - Server_DefaultID - INFO - Training client 78 (23/30)...
2026-03-19 01:03:27,387 - Server_DefaultID - INFO - Client 78: Acc=90.85, Loss=-344.5240, NLL=-1161.7088, KL=14.7366, AvgS=499.97, ProxLoss=0.0000
2026-03-19 01:03:27,387 - Server_DefaultID - INFO - Training client 58 (24/30)...
2026-03-19 01:03:35,969 - Server_DefaultID - INFO - Client 58: Acc=78.12, Loss=-341.8456, NLL=-1158.9278, KL=14.5628, AvgS=498.77, ProxLoss=0.0000
2026-03-19 01:03:35,969 - Server_DefaultID - INFO - Training client 57 (25/30)...
2026-03-19 01:03:54,903 - Server_DefaultID - INFO - Client 57: Acc=93.79, Loss=-344.1559, NLL=-1161.7581, KL=14.7848, AvgS=499.99, ProxLoss=0.0000
2026-03-19 01:03:54,903 - Server_DefaultID - INFO - Training client 10 (26/30)...
2026-03-19 01:04:00,482 - Server_DefaultID - INFO - Client 10: Acc=34.22, Loss=-343.0861, NLL=-1155.7410, KL=13.7116, AvgS=497.40, ProxLoss=0.0000
2026-03-19 01:04:00,482 - Server_DefaultID - INFO - Training client 65 (27/30)...
2026-03-19 01:04:01,994 - Server_DefaultID - INFO - Client 65: Acc=71.88, Loss=-17.2028, NLL=-61.6536, KL=6.9358, AvgS=28.48, ProxLoss=0.0000
2026-03-19 01:04:01,994 - Server_DefaultID - INFO - Training client 34 (28/30)...
2026-03-19 01:04:05,669 - Server_DefaultID - INFO - Client 34: Acc=60.42, Loss=-141.0479, NLL=-483.9184, KL=11.0225, AvgS=207.55, ProxLoss=0.0000
2026-03-19 01:04:05,669 - Server_DefaultID - INFO - Training client 79 (29/30)...
2026-03-19 01:04:11,562 - Server_DefaultID - INFO - Client 79: Acc=48.62, Loss=-74.0120, NLL=-262.1488, KL=8.2226, AvgS=112.40, ProxLoss=0.0000
2026-03-19 01:04:11,562 - Server_DefaultID - INFO - Training client 2 (30/30)...
2026-03-19 01:04:21,179 - Server_DefaultID - INFO - Client 2: Acc=79.72, Loss=-344.4410, NLL=-1161.6908, KL=14.8551, AvgS=499.97, ProxLoss=0.0000
2026-03-19 01:04:24,033 - Server_DefaultID - WARNING - Global prior extremely imbalanced (max/min=1.0), applied adaptive smoothing lam=0.10.
2026-03-19 01:04:24,035 - Server_DefaultID - INFO - Round [7/200] Summary | Avg Client Train Stats:	Loss [-293.1148]	 Acc [75.09]	NLL [-992.2599]	 KL [13.5185]	AvgS [426.96]	 ProxLoss [0.0000]
GlobalPriorAlpha (first 10): [4.984499931335449, 5.005300045013428, 4.993000030517578, 5.036200046539307, 4.9842000007629395, 4.993899822235107, 4.980100154876709, 5.002999782562256, 4.992800235748291, 5.026800155639648]
Round Time: 266.22s
2026-03-19 01:04:24,038 - Server_DefaultID - INFO - --- Global Round 8/200 ---
2026-03-19 01:04:24,038 - Server_DefaultID - INFO - Selected 30 active clients for round 8.
2026-03-19 01:04:24,038 - Server_DefaultID - INFO - Training client 20 (1/30)...
2026-03-19 01:04:32,942 - Server_DefaultID - INFO - Client 20: Acc=56.82, Loss=-339.9410, NLL=-1144.5927, KL=12.8484, AvgS=492.58, ProxLoss=0.0000
2026-03-19 01:04:32,942 - Server_DefaultID - INFO - Training client 97 (2/30)...
2026-03-19 01:05:03,871 - Server_DefaultID - INFO - Client 97: Acc=99.59, Loss=-342.3173, NLL=-1161.6952, KL=13.8122, AvgS=499.97, ProxLoss=0.0000
2026-03-19 01:05:03,871 - Server_DefaultID - INFO - Training client 83 (3/30)...
2026-03-19 01:05:15,019 - Server_DefaultID - INFO - Client 83: Acc=99.72, Loss=-342.1184, NLL=-1161.3350, KL=13.7310, AvgS=499.81, ProxLoss=0.0000
2026-03-19 01:05:15,019 - Server_DefaultID - INFO - Training client 71 (4/30)...
2026-03-19 01:05:17,602 - Server_DefaultID - INFO - Client 71: Acc=68.28, Loss=-87.1276, NLL=-298.9100, KL=9.1069, AvgS=128.22, ProxLoss=0.0000
2026-03-19 01:05:17,602 - Server_DefaultID - INFO - Training client 92 (5/30)...
2026-03-19 01:05:21,769 - Server_DefaultID - INFO - Client 92: Acc=55.16, Loss=-297.0459, NLL=-1010.2820, KL=14.1321, AvgS=434.52, ProxLoss=0.0000
2026-03-19 01:05:21,769 - Server_DefaultID - INFO - Training client 11 (6/30)...
2026-03-19 01:05:28,872 - Server_DefaultID - INFO - Client 11: Acc=47.34, Loss=-208.6987, NLL=-716.6161, KL=12.7373, AvgS=307.78, ProxLoss=0.0000
2026-03-19 01:05:28,872 - Server_DefaultID - INFO - Training client 53 (7/30)...
2026-03-19 01:05:42,446 - Server_DefaultID - INFO - Client 53: Acc=95.84, Loss=-341.0556, NLL=-1155.9795, KL=14.6126, AvgS=497.50, ProxLoss=0.0000
2026-03-19 01:05:42,446 - Server_DefaultID - INFO - Training client 38 (8/30)...
2026-03-19 01:05:45,019 - Server_DefaultID - INFO - Client 38: Acc=40.94, Loss=-164.3096, NLL=-556.1383, KL=9.3756, AvgS=238.57, ProxLoss=0.0000
2026-03-19 01:05:45,019 - Server_DefaultID - INFO - Training client 75 (9/30)...
2026-03-19 01:05:53,649 - Server_DefaultID - INFO - Client 75: Acc=89.06, Loss=-343.4700, NLL=-1161.7219, KL=14.5866, AvgS=499.98, ProxLoss=0.0000
2026-03-19 01:05:53,649 - Server_DefaultID - INFO - Training client 48 (10/30)...
2026-03-19 01:06:13,211 - Server_DefaultID - INFO - Client 48: Acc=86.56, Loss=-344.4054, NLL=-1161.2660, KL=14.8298, AvgS=499.78, ProxLoss=0.0000
2026-03-19 01:06:13,211 - Server_DefaultID - INFO - Training client 34 (11/30)...
2026-03-19 01:06:17,786 - Server_DefaultID - INFO - Client 34: Acc=61.88, Loss=-204.2082, NLL=-694.9222, KL=12.3237, AvgS=298.43, ProxLoss=0.0000
2026-03-19 01:06:17,786 - Server_DefaultID - INFO - Training client 66 (12/30)...
2026-03-19 01:06:24,518 - Server_DefaultID - INFO - Client 66: Acc=87.99, Loss=-344.0806, NLL=-1161.6814, KL=14.8172, AvgS=499.96, ProxLoss=0.0000
2026-03-19 01:06:24,518 - Server_DefaultID - INFO - Training client 16 (13/30)...
2026-03-19 01:06:27,331 - Server_DefaultID - INFO - Client 16: Acc=65.00, Loss=-85.7623, NLL=-298.9467, KL=9.2391, AvgS=128.23, ProxLoss=0.0000
2026-03-19 01:06:27,332 - Server_DefaultID - INFO - Training client 70 (14/30)...
2026-03-19 01:06:32,719 - Server_DefaultID - INFO - Client 70: Acc=28.25, Loss=-276.3364, NLL=-944.9429, KL=13.6977, AvgS=406.31, ProxLoss=0.0000
2026-03-19 01:06:32,719 - Server_DefaultID - INFO - Training client 32 (15/30)...
2026-03-19 01:06:42,755 - Server_DefaultID - INFO - Client 32: Acc=61.67, Loss=-338.1054, NLL=-1143.2549, KL=14.6352, AvgS=492.00, ProxLoss=0.0000
2026-03-19 01:06:42,755 - Server_DefaultID - INFO - Training client 86 (16/30)...
2026-03-19 01:06:48,407 - Server_DefaultID - INFO - Client 86: Acc=70.19, Loss=-76.2524, NLL=-267.6130, KL=8.7771, AvgS=114.88, ProxLoss=0.0000
2026-03-19 01:06:48,407 - Server_DefaultID - INFO - Training client 87 (17/30)...
2026-03-19 01:06:55,413 - Server_DefaultID - INFO - Client 87: Acc=44.15, Loss=-346.1217, NLL=-1161.4376, KL=13.5603, AvgS=499.86, ProxLoss=0.0000
2026-03-19 01:06:55,413 - Server_DefaultID - INFO - Training client 3 (18/30)...
2026-03-19 01:07:01,772 - Server_DefaultID - INFO - Client 3: Acc=38.85, Loss=-215.5641, NLL=-732.6669, KL=11.7967, AvgS=314.63, ProxLoss=0.0000
2026-03-19 01:07:01,772 - Server_DefaultID - INFO - Training client 85 (19/30)...
2026-03-19 01:07:16,579 - Server_DefaultID - INFO - Client 85: Acc=99.74, Loss=-341.9876, NLL=-1161.1311, KL=13.7108, AvgS=499.72, ProxLoss=0.0000
2026-03-19 01:07:16,579 - Server_DefaultID - INFO - Training client 88 (20/30)...
2026-03-19 01:07:23,629 - Server_DefaultID - INFO - Client 88: Acc=31.82, Loss=-203.4757, NLL=-696.7653, KL=12.2101, AvgS=299.23, ProxLoss=0.0000
2026-03-19 01:07:23,629 - Server_DefaultID - INFO - Training client 36 (21/30)...
2026-03-19 01:07:51,709 - Server_DefaultID - INFO - Client 36: Acc=88.76, Loss=-343.2552, NLL=-1161.6237, KL=14.5310, AvgS=499.94, ProxLoss=0.0000
2026-03-19 01:07:51,709 - Server_DefaultID - INFO - Training client 12 (22/30)...
2026-03-19 01:07:57,249 - Server_DefaultID - INFO - Client 12: Acc=37.44, Loss=-284.0543, NLL=-963.4411, KL=13.1810, AvgS=414.30, ProxLoss=0.0000
2026-03-19 01:07:57,249 - Server_DefaultID - INFO - Training client 93 (23/30)...
2026-03-19 01:08:00,666 - Server_DefaultID - INFO - Client 93: Acc=22.19, Loss=-159.7190, NLL=-545.6634, KL=11.4241, AvgS=234.07, ProxLoss=0.0000
2026-03-19 01:08:00,666 - Server_DefaultID - INFO - Training client 58 (24/30)...
2026-03-19 01:08:09,883 - Server_DefaultID - INFO - Client 58: Acc=77.28, Loss=-343.1188, NLL=-1161.5341, KL=14.5868, AvgS=499.90, ProxLoss=0.0000
2026-03-19 01:08:09,883 - Server_DefaultID - INFO - Training client 13 (25/30)...
2026-03-19 01:08:11,471 - Server_DefaultID - INFO - Client 13: Acc=62.50, Loss=-27.3422, NLL=-98.2009, KL=5.7313, AvgS=43.29, ProxLoss=0.0000
2026-03-19 01:08:11,471 - Server_DefaultID - INFO - Training client 40 (26/30)...
2026-03-19 01:08:18,168 - Server_DefaultID - INFO - Client 40: Acc=61.51, Loss=-220.8159, NLL=-750.0734, KL=12.3438, AvgS=322.23, ProxLoss=0.0000
2026-03-19 01:08:18,168 - Server_DefaultID - INFO - Training client 81 (27/30)...
2026-03-19 01:08:27,950 - Server_DefaultID - INFO - Client 81: Acc=68.71, Loss=-338.4626, NLL=-1148.5222, KL=14.8008, AvgS=494.28, ProxLoss=0.0000
2026-03-19 01:08:27,950 - Server_DefaultID - INFO - Training client 25 (28/30)...
2026-03-19 01:08:30,337 - Server_DefaultID - INFO - Client 25: Acc=47.97, Loss=-52.3131, NLL=-184.3596, KL=7.3789, AvgS=79.76, ProxLoss=0.0000
2026-03-19 01:08:30,337 - Server_DefaultID - INFO - Training client 67 (29/30)...
2026-03-19 01:08:36,881 - Server_DefaultID - INFO - Client 67: Acc=62.29, Loss=-95.0914, NLL=-329.1628, KL=9.7443, AvgS=141.15, ProxLoss=0.0000
2026-03-19 01:08:36,881 - Server_DefaultID - INFO - Training client 74 (30/30)...
2026-03-19 01:08:41,461 - Server_DefaultID - INFO - Client 74: Acc=51.80, Loss=-123.2049, NLL=-426.3628, KL=10.7540, AvgS=182.75, ProxLoss=0.0000
2026-03-19 01:08:43,784 - Server_DefaultID - WARNING - Global prior extremely imbalanced (max/min=1.0), applied adaptive smoothing lam=0.10.
2026-03-19 01:08:43,785 - Server_DefaultID - INFO - Round [8/200] Summary | Avg Client Train Stats:	Loss [-287.2571]	 Acc [73.84]	NLL [-974.2967]	 KL [13.2616]	AvgS [419.15]	 ProxLoss [0.0000]
GlobalPriorAlpha (first 10): [4.992800235748291, 4.994100093841553, 4.986800193786621, 5.029699802398682, 5.002200126647949, 4.995699882507324, 5.005499839782715, 4.987599849700928, 4.996600151062012, 5.008900165557861]
Round Time: 259.75s
2026-03-19 01:08:43,791 - Server_DefaultID - INFO - --- Global Round 9/200 ---
2026-03-19 01:08:43,792 - Server_DefaultID - INFO - Selected 30 active clients for round 9.
2026-03-19 01:08:43,792 - Server_DefaultID - INFO - Training client 78 (1/30)...
2026-03-19 01:09:46,447 - Server_DefaultID - INFO - Client 78: Acc=92.78, Loss=-344.4680, NLL=-1161.7247, KL=14.7802, AvgS=499.98, ProxLoss=0.0000
2026-03-19 01:09:46,447 - Server_DefaultID - INFO - Training client 12 (2/30)...
2026-03-19 01:09:55,450 - Server_DefaultID - INFO - Client 12: Acc=72.94, Loss=-343.5508, NLL=-1155.8828, KL=13.9444, AvgS=497.46, ProxLoss=0.0000
2026-03-19 01:09:55,450 - Server_DefaultID - INFO - Training client 22 (3/30)...
2026-03-19 01:09:59,951 - Server_DefaultID - INFO - Client 22: Acc=54.84, Loss=-26.0197, NLL=-94.9730, KL=6.7449, AvgS=41.88, ProxLoss=0.0000
2026-03-19 01:09:59,952 - Server_DefaultID - INFO - Training client 11 (4/30)...
2026-03-19 01:10:12,724 - Server_DefaultID - INFO - Client 11: Acc=45.68, Loss=-323.1914, NLL=-1100.2724, KL=14.5866, AvgS=473.42, ProxLoss=0.0000
2026-03-19 01:10:12,724 - Server_DefaultID - INFO - Training client 47 (5/30)...
2026-03-19 01:10:29,066 - Server_DefaultID - INFO - Client 47: Acc=48.91, Loss=-345.7273, NLL=-1161.6436, KL=14.0956, AvgS=499.95, ProxLoss=0.0000
2026-03-19 01:10:29,066 - Server_DefaultID - INFO - Training client 6 (6/30)...
2026-03-19 01:10:35,545 - Server_DefaultID - INFO - Client 6: Acc=76.88, Loss=-142.3170, NLL=-490.4502, KL=11.2011, AvgS=210.38, ProxLoss=0.0000
2026-03-19 01:10:35,545 - Server_DefaultID - INFO - Training client 10 (7/30)...
2026-03-19 01:10:43,315 - Server_DefaultID - INFO - Client 10: Acc=38.20, Loss=-345.3400, NLL=-1160.6334, KL=13.8199, AvgS=499.51, ProxLoss=0.0000
2026-03-19 01:10:43,315 - Server_DefaultID - INFO - Training client 50 (8/30)...
2026-03-19 01:11:04,701 - Server_DefaultID - INFO - Client 50: Acc=93.24, Loss=-299.5361, NLL=-1026.6190, KL=13.6158, AvgS=441.70, ProxLoss=0.0000
2026-03-19 01:11:04,701 - Server_DefaultID - INFO - Training client 75 (9/30)...
2026-03-19 01:11:12,329 - Server_DefaultID - INFO - Client 75: Acc=89.02, Loss=-343.3430, NLL=-1161.5053, KL=14.5897, AvgS=499.89, ProxLoss=0.0000
2026-03-19 01:11:12,329 - Server_DefaultID - INFO - Training client 46 (10/30)...
2026-03-19 01:11:20,930 - Server_DefaultID - INFO - Client 46: Acc=39.06, Loss=-309.1720, NLL=-1055.1070, KL=14.4493, AvgS=453.89, ProxLoss=0.0000
2026-03-19 01:11:20,931 - Server_DefaultID - INFO - Training client 68 (11/30)...
2026-03-19 01:11:32,149 - Server_DefaultID - INFO - Client 68: Acc=65.94, Loss=-342.7325, NLL=-1161.2275, KL=14.4994, AvgS=499.77, ProxLoss=0.0000
2026-03-19 01:11:32,149 - Server_DefaultID - INFO - Training client 86 (12/30)...
2026-03-19 01:11:37,471 - Server_DefaultID - INFO - Client 86: Acc=68.88, Loss=-171.9213, NLL=-591.5194, KL=11.7752, AvgS=253.87, ProxLoss=0.0000
2026-03-19 01:11:37,471 - Server_DefaultID - INFO - Training client 91 (13/30)...
2026-03-19 01:11:40,668 - Server_DefaultID - INFO - Client 91: Acc=66.98, Loss=-204.4410, NLL=-701.8024, KL=12.3448, AvgS=301.37, ProxLoss=0.0000
2026-03-19 01:11:40,668 - Server_DefaultID - INFO - Training client 67 (14/30)...
2026-03-19 01:11:46,138 - Server_DefaultID - INFO - Client 67: Acc=60.16, Loss=-217.2223, NLL=-740.2503, KL=12.8566, AvgS=317.96, ProxLoss=0.0000
2026-03-19 01:11:46,138 - Server_DefaultID - INFO - Training client 1 (15/30)...
2026-03-19 01:11:49,095 - Server_DefaultID - INFO - Client 1: Acc=58.59, Loss=-56.6519, NLL=-197.2153, KL=7.9031, AvgS=84.97, ProxLoss=0.0000
2026-03-19 01:11:49,095 - Server_DefaultID - INFO - Training client 72 (16/30)...
2026-03-19 01:11:54,767 - Server_DefaultID - INFO - Client 72: Acc=93.36, Loss=-244.6944, NLL=-837.9953, KL=12.2361, AvgS=360.58, ProxLoss=0.0000
2026-03-19 01:11:54,767 - Server_DefaultID - INFO - Training client 89 (17/30)...
2026-03-19 01:12:08,798 - Server_DefaultID - INFO - Client 89: Acc=98.55, Loss=-342.8717, NLL=-1161.6735, KL=14.1949, AvgS=499.96, ProxLoss=0.0000
2026-03-19 01:12:08,798 - Server_DefaultID - INFO - Training client 41 (18/30)...
2026-03-19 01:12:16,378 - Server_DefaultID - INFO - Client 41: Acc=59.22, Loss=-343.4620, NLL=-1161.5735, KL=14.6728, AvgS=499.92, ProxLoss=0.0000
2026-03-19 01:12:16,378 - Server_DefaultID - INFO - Training client 81 (19/30)...
2026-03-19 01:12:23,806 - Server_DefaultID - INFO - Client 81: Acc=75.58, Loss=-343.9859, NLL=-1161.0652, KL=14.8662, AvgS=499.70, ProxLoss=0.0000
2026-03-19 01:12:23,807 - Server_DefaultID - INFO - Training client 25 (20/30)...
2026-03-19 01:12:26,471 - Server_DefaultID - INFO - Client 25: Acc=54.69, Loss=-83.1019, NLL=-288.9726, KL=8.1655, AvgS=124.53, ProxLoss=0.0000
2026-03-19 01:12:26,471 - Server_DefaultID - INFO - Training client 20 (21/30)...
2026-03-19 01:12:33,643 - Server_DefaultID - INFO - Client 20: Acc=56.15, Loss=-346.2762, NLL=-1161.1252, KL=13.0539, AvgS=499.72, ProxLoss=0.0000
2026-03-19 01:12:33,643 - Server_DefaultID - INFO - Training client 49 (22/30)...
2026-03-19 01:12:40,503 - Server_DefaultID - INFO - Client 49: Acc=71.43, Loss=-343.7372, NLL=-1160.9056, KL=14.9014, AvgS=499.63, ProxLoss=0.0000
2026-03-19 01:12:40,503 - Server_DefaultID - INFO - Training client 39 (23/30)...
2026-03-19 01:12:56,494 - Server_DefaultID - INFO - Client 39: Acc=69.25, Loss=-344.4805, NLL=-1161.6738, KL=14.8284, AvgS=499.96, ProxLoss=0.0000
2026-03-19 01:12:56,494 - Server_DefaultID - INFO - Training client 94 (24/30)...
2026-03-19 01:13:07,226 - Server_DefaultID - INFO - Client 94: Acc=65.03, Loss=-211.3223, NLL=-725.2239, KL=13.0513, AvgS=311.51, ProxLoss=0.0000
2026-03-19 01:13:07,226 - Server_DefaultID - INFO - Training client 8 (25/30)...
2026-03-19 01:13:09,819 - Server_DefaultID - INFO - Client 8: Acc=48.44, Loss=-54.0504, NLL=-190.8609, KL=7.8041, AvgS=82.18, ProxLoss=0.0000
2026-03-19 01:13:09,819 - Server_DefaultID - INFO - Training client 3 (26/30)...
2026-03-19 01:13:15,711 - Server_DefaultID - INFO - Client 3: Acc=34.32, Loss=-336.7019, NLL=-1137.1161, KL=13.4221, AvgS=489.34, ProxLoss=0.0000
2026-03-19 01:13:15,712 - Server_DefaultID - INFO - Training client 33 (27/30)...
2026-03-19 01:13:23,085 - Server_DefaultID - INFO - Client 33: Acc=58.62, Loss=-345.9762, NLL=-1161.7149, KL=13.9148, AvgS=499.98, ProxLoss=0.0000
2026-03-19 01:13:23,085 - Server_DefaultID - INFO - Training client 80 (28/30)...
2026-03-19 01:13:24,349 - Server_DefaultID - INFO - Client 80: Acc=65.94, Loss=-42.2611, NLL=-147.3607, KL=7.4342, AvgS=63.92, ProxLoss=0.0000
2026-03-19 01:13:24,349 - Server_DefaultID - INFO - Training client 5 (29/30)...
2026-03-19 01:13:25,772 - Server_DefaultID - INFO - Client 5: Acc=71.25, Loss=-16.9980, NLL=-61.5526, KL=6.5894, AvgS=28.35, ProxLoss=0.0000
2026-03-19 01:13:25,772 - Server_DefaultID - INFO - Training client 87 (30/30)...
2026-03-19 01:13:32,997 - Server_DefaultID - INFO - Client 87: Acc=45.04, Loss=-346.0893, NLL=-1161.5391, KL=13.6496, AvgS=499.90, ProxLoss=0.0000
2026-03-19 01:13:35,377 - Server_DefaultID - WARNING - Global prior extremely imbalanced (max/min=1.0), applied adaptive smoothing lam=0.10.
2026-03-19 01:13:35,379 - Server_DefaultID - INFO - Round [9/200] Summary | Avg Client Train Stats:	Loss [-299.7343]	 Acc [70.69]	NLL [-1015.3410]	 KL [13.6352]	AvgS [436.90]	 ProxLoss [0.0000]
GlobalPriorAlpha (first 10): [5.0131001472473145, 4.9944000244140625, 4.980299949645996, 5.023600101470947, 4.985400199890137, 4.9953999519348145, 4.997600078582764, 4.997200012207031, 4.994999885559082, 5.017899990081787]
Round Time: 291.59s
2026-03-19 01:13:35,381 - Server_DefaultID - INFO - --- Global Round 10/200 ---
2026-03-19 01:13:35,381 - Server_DefaultID - INFO - Selected 30 active clients for round 10.
2026-03-19 01:13:35,381 - Server_DefaultID - INFO - Training client 34 (1/30)...
2026-03-19 01:13:39,667 - Server_DefaultID - INFO - Client 34: Acc=56.46, Loss=-273.5140, NLL=-929.0053, KL=13.7238, AvgS=399.47, ProxLoss=0.0000
2026-03-19 01:13:39,668 - Server_DefaultID - INFO - Training client 48 (2/30)...
2026-03-19 01:13:56,379 - Server_DefaultID - INFO - Client 48: Acc=86.71, Loss=-344.6142, NLL=-1161.7135, KL=14.8205, AvgS=499.98, ProxLoss=0.0000
2026-03-19 01:13:56,379 - Server_DefaultID - INFO - Training client 70 (3/30)...
2026-03-19 01:14:02,722 - Server_DefaultID - INFO - Client 70: Acc=75.88, Loss=-339.4027, NLL=-1152.7113, KL=14.5927, AvgS=496.09, ProxLoss=0.0000
2026-03-19 01:14:02,722 - Server_DefaultID - INFO - Training client 16 (4/30)...
2026-03-19 01:14:05,056 - Server_DefaultID - INFO - Client 16: Acc=67.03, Loss=-120.2273, NLL=-415.0108, KL=10.6491, AvgS=177.95, ProxLoss=0.0000
2026-03-19 01:14:05,056 - Server_DefaultID - INFO - Training client 55 (5/30)...
2026-03-19 01:14:36,122 - Server_DefaultID - INFO - Client 55: Acc=84.56, Loss=-344.9259, NLL=-1161.5640, KL=14.7856, AvgS=499.91, ProxLoss=0.0000
2026-03-19 01:14:36,122 - Server_DefaultID - INFO - Training client 47 (6/30)...
2026-03-19 01:14:42,675 - Server_DefaultID - INFO - Client 47: Acc=52.19, Loss=-345.6523, NLL=-1161.4841, KL=14.1688, AvgS=499.88, ProxLoss=0.0000
2026-03-19 01:14:42,676 - Server_DefaultID - INFO - Training client 67 (7/30)...
2026-03-19 01:14:49,677 - Server_DefaultID - INFO - Client 67: Acc=62.71, Loss=-341.1011, NLL=-1151.7761, KL=14.6395, AvgS=495.69, ProxLoss=0.0000
2026-03-19 01:14:49,677 - Server_DefaultID - INFO - Training client 69 (8/30)...
2026-03-19 01:14:51,873 - Server_DefaultID - INFO - Client 69: Acc=34.84, Loss=-86.3566, NLL=-297.8683, KL=8.6888, AvgS=127.79, ProxLoss=0.0000
2026-03-19 01:14:51,873 - Server_DefaultID - INFO - Training client 98 (9/30)...
2026-03-19 01:14:55,864 - Server_DefaultID - INFO - Client 98: Acc=75.31, Loss=-206.9219, NLL=-710.2851, KL=12.3097, AvgS=305.02, ProxLoss=0.0000
2026-03-19 01:14:55,865 - Server_DefaultID - INFO - Training client 4 (10/30)...
2026-03-19 01:15:01,858 - Server_DefaultID - INFO - Client 4: Acc=55.05, Loss=-208.8092, NLL=-711.8163, KL=11.8906, AvgS=305.65, ProxLoss=0.0000
2026-03-19 01:15:01,858 - Server_DefaultID - INFO - Training client 22 (11/30)...
2026-03-19 01:15:04,262 - Server_DefaultID - INFO - Client 22: Acc=48.75, Loss=-53.7273, NLL=-189.6264, KL=8.0354, AvgS=81.59, ProxLoss=0.0000
2026-03-19 01:15:04,262 - Server_DefaultID - INFO - Training client 29 (12/30)...
2026-03-19 01:15:09,012 - Server_DefaultID - INFO - Client 29: Acc=30.86, Loss=-55.0418, NLL=-195.8648, KL=7.6711, AvgS=84.33, ProxLoss=0.0000
2026-03-19 01:15:09,012 - Server_DefaultID - INFO - Training client 45 (13/30)...
2026-03-19 01:15:17,901 - Server_DefaultID - INFO - Client 45: Acc=38.83, Loss=-309.8217, NLL=-1058.4265, KL=14.5958, AvgS=455.35, ProxLoss=0.0000
2026-03-19 01:15:17,901 - Server_DefaultID - INFO - Training client 63 (14/30)...
2026-03-19 01:15:22,725 - Server_DefaultID - INFO - Client 63: Acc=55.00, Loss=-342.2963, NLL=-1157.5144, KL=14.7518, AvgS=498.16, ProxLoss=0.0000
2026-03-19 01:15:22,725 - Server_DefaultID - INFO - Training client 86 (15/30)...
2026-03-19 01:15:28,292 - Server_DefaultID - INFO - Client 86: Acc=65.81, Loss=-284.1245, NLL=-968.4502, KL=13.9221, AvgS=416.51, ProxLoss=0.0000
2026-03-19 01:15:28,292 - Server_DefaultID - INFO - Training client 41 (16/30)...
2026-03-19 01:15:36,691 - Server_DefaultID - INFO - Client 41: Acc=68.87, Loss=-343.5922, NLL=-1161.5864, KL=14.7160, AvgS=499.92, ProxLoss=0.0000
2026-03-19 01:15:36,691 - Server_DefaultID - INFO - Training client 36 (17/30)...
2026-03-19 01:16:02,858 - Server_DefaultID - INFO - Client 36: Acc=89.82, Loss=-343.1943, NLL=-1161.5776, KL=14.5316, AvgS=499.92, ProxLoss=0.0000
2026-03-19 01:16:02,858 - Server_DefaultID - INFO - Training client 24 (18/30)...
2026-03-19 01:16:04,510 - Server_DefaultID - INFO - Client 24: Acc=60.94, Loss=-55.4550, NLL=-190.3580, KL=6.7791, AvgS=82.09, ProxLoss=0.0000
2026-03-19 01:16:04,510 - Server_DefaultID - INFO - Training client 66 (19/30)...
2026-03-19 01:16:11,622 - Server_DefaultID - INFO - Client 66: Acc=87.99, Loss=-343.9088, NLL=-1161.4884, KL=14.8294, AvgS=499.88, ProxLoss=0.0000
2026-03-19 01:16:11,622 - Server_DefaultID - INFO - Training client 3 (20/30)...
2026-03-19 01:16:17,771 - Server_DefaultID - INFO - Client 3: Acc=60.36, Loss=-346.0157, NLL=-1161.5410, KL=13.6808, AvgS=499.90, ProxLoss=0.0000
2026-03-19 01:16:17,771 - Server_DefaultID - INFO - Training client 94 (21/30)...
2026-03-19 01:16:41,502 - Server_DefaultID - INFO - Client 94: Acc=63.15, Loss=-343.7049, NLL=-1160.9611, KL=14.8397, AvgS=499.65, ProxLoss=0.0000
2026-03-19 01:16:41,502 - Server_DefaultID - INFO - Training client 64 (22/30)...
2026-03-19 01:16:44,758 - Server_DefaultID - INFO - Client 64: Acc=73.44, Loss=-41.4016, NLL=-145.0233, KL=7.6215, AvgS=62.95, ProxLoss=0.0000
2026-03-19 01:16:44,759 - Server_DefaultID - INFO - Training client 61 (23/30)...
2026-03-19 01:16:59,084 - Server_DefaultID - INFO - Client 61: Acc=41.25, Loss=-342.3770, NLL=-1153.4749, KL=13.3093, AvgS=496.42, ProxLoss=0.0000
2026-03-19 01:16:59,084 - Server_DefaultID - INFO - Training client 33 (24/30)...
2026-03-19 01:17:15,251 - Server_DefaultID - INFO - Client 33: Acc=57.81, Loss=-345.8417, NLL=-1161.6884, KL=13.9229, AvgS=499.96, ProxLoss=0.0000
2026-03-19 01:17:15,251 - Server_DefaultID - INFO - Training client 76 (25/30)...
2026-03-19 01:17:27,291 - Server_DefaultID - INFO - Client 76: Acc=68.36, Loss=-346.1594, NLL=-1161.6871, KL=13.7007, AvgS=499.96, ProxLoss=0.0000
2026-03-19 01:17:27,291 - Server_DefaultID - INFO - Training client 18 (26/30)...
2026-03-19 01:17:52,514 - Server_DefaultID - INFO - Client 18: Acc=86.65, Loss=-344.7282, NLL=-1161.6618, KL=14.8163, AvgS=499.95, ProxLoss=0.0000
2026-03-19 01:17:52,514 - Server_DefaultID - INFO - Training client 25 (27/30)...
2026-03-19 01:17:56,151 - Server_DefaultID - INFO - Client 25: Acc=54.22, Loss=-117.8350, NLL=-406.2674, KL=9.2890, AvgS=174.72, ProxLoss=0.0000
2026-03-19 01:17:56,152 - Server_DefaultID - INFO - Training client 11 (28/30)...
2026-03-19 01:18:07,132 - Server_DefaultID - INFO - Client 11: Acc=87.34, Loss=-344.1475, NLL=-1160.4913, KL=14.7815, AvgS=499.45, ProxLoss=0.0000
2026-03-19 01:18:07,132 - Server_DefaultID - INFO - Training client 99 (29/30)...
2026-03-19 01:18:09,133 - Server_DefaultID - INFO - Client 99: Acc=58.44, Loss=-27.4977, NLL=-95.8941, KL=3.9565, AvgS=42.40, ProxLoss=0.0000
2026-03-19 01:18:09,133 - Server_DefaultID - INFO - Training client 26 (30/30)...
2026-03-19 01:18:38,352 - Server_DefaultID - INFO - Client 26: Acc=94.15, Loss=-343.4436, NLL=-1161.6312, KL=14.6228, AvgS=499.94, ProxLoss=0.0000
2026-03-19 01:18:41,043 - Server_DefaultID - WARNING - Global prior extremely imbalanced (max/min=1.0), applied adaptive smoothing lam=0.10.
2026-03-19 01:18:41,045 - Server_DefaultID - INFO - Round [10/200] Summary | Avg Client Train Stats:	Loss [-311.9544]	 Acc [72.92]	NLL [-1054.2022]	 KL [13.8833]	AvgS [453.65]	 ProxLoss [0.0000]
GlobalPriorAlpha (first 10): [5.0, 5.0, 5.0, 5.0, 5.0, 5.0, 5.0, 5.0, 5.0, 5.0]
Round Time: 305.66s
2026-03-19 01:18:41,045 - Server_DefaultID - INFO - --- Evaluating models at round 10 ---
2026-03-19 01:20:10,945 - Server_DefaultID - INFO - Global Model Evaluation (Round 10): 
  Avg Test Acc: 59.98%
  Avg Test Acc Softmax: 59.98%
  Avg Test Loss: -757.6539
  Avg Test NLL: -767.0239
  Avg Test KL (vs flat prior): 10.9656
  Avg Test S: 330.06
2026-03-19 01:21:27,463 - Server_DefaultID - INFO - Personalized Model Evaluation (Round 10): 
  Avg Test Acc: 63.18%
  Avg Test Acc Softmax: 63.18%
  Avg Test Loss: -781.2051
  Avg Test NLL: -790.5888
  Avg Test KL (vs flat prior): 11.0209
  Avg Test S: 340.23
2026-03-19 01:21:27,463 - Server_DefaultID - INFO - [Metric 1] Personalized Brier Score | Mean: 0.5602
2026-03-19 01:21:27,463 - Server_DefaultID - INFO - [Metric 1] Personalized ECE | Mean: 0.1753
2026-03-19 01:21:27,463 - Server_DefaultID - INFO - [OOD Eval] OOD AUC-ROC (Epistemic): 0.2522
2026-03-19 01:21:27,463 - Server_DefaultID - INFO - [Metric 4] OOD FPR@95%TPR: 0.9243
2026-03-19 01:21:29,457 - Server_DefaultID - INFO - --- Global Round 11/200 ---
2026-03-19 01:21:29,458 - Server_DefaultID - INFO - Selected 30 active clients for round 11.
2026-03-19 01:21:29,458 - Server_DefaultID - INFO - Training client 81 (1/30)...
2026-03-19 01:21:31,383 - Server_DefaultID - INFO - Client 81: Acc=76.07, Loss=-344.1685, NLL=-1161.4621, KL=14.8635, AvgS=499.87, ProxLoss=0.0000
2026-03-19 01:21:31,383 - Server_DefaultID - INFO - Training client 45 (2/30)...
2026-03-19 01:21:33,486 - Server_DefaultID - INFO - Client 45: Acc=60.62, Loss=-343.8330, NLL=-1161.3211, KL=14.8759, AvgS=499.81, ProxLoss=0.0000
2026-03-19 01:21:33,486 - Server_DefaultID - INFO - Training client 99 (3/30)...
2026-03-19 01:21:33,914 - Server_DefaultID - INFO - Client 99: Acc=53.12, Loss=-40.3801, NLL=-139.5631, KL=4.4025, AvgS=60.56, ProxLoss=0.0000
2026-03-19 01:21:33,914 - Server_DefaultID - INFO - Training client 92 (4/30)...
2026-03-19 01:21:35,199 - Server_DefaultID - INFO - Client 92: Acc=95.23, Loss=-339.3653, NLL=-1150.0681, KL=14.6552, AvgS=494.95, ProxLoss=0.0000
2026-03-19 01:21:35,199 - Server_DefaultID - INFO - Training client 41 (5/30)...
2026-03-19 01:21:37,229 - Server_DefaultID - INFO - Client 41: Acc=66.48, Loss=-343.4628, NLL=-1161.5156, KL=14.7067, AvgS=499.89, ProxLoss=0.0000
2026-03-19 01:21:37,229 - Server_DefaultID - INFO - Training client 34 (6/30)...
2026-03-19 01:21:37,995 - Server_DefaultID - INFO - Client 34: Acc=58.96, Loss=-326.2505, NLL=-1104.1804, KL=14.2930, AvgS=475.12, ProxLoss=0.0000
2026-03-19 01:21:37,995 - Server_DefaultID - INFO - Training client 52 (7/30)...
2026-03-19 01:21:38,927 - Server_DefaultID - INFO - Client 52: Acc=63.54, Loss=-272.6807, NLL=-929.7887, KL=13.8670, AvgS=399.81, ProxLoss=0.0000
2026-03-19 01:21:38,927 - Server_DefaultID - INFO - Training client 88 (8/30)...
2026-03-19 01:21:40,477 - Server_DefaultID - INFO - Client 88: Acc=55.78, Loss=-323.3107, NLL=-1096.9491, KL=14.1762, AvgS=472.00, ProxLoss=0.0000
2026-03-19 01:21:40,477 - Server_DefaultID - INFO - Training client 37 (9/30)...
2026-03-19 01:21:41,473 - Server_DefaultID - INFO - Client 37: Acc=52.58, Loss=-210.2029, NLL=-715.1210, KL=12.3512, AvgS=307.13, ProxLoss=0.0000
2026-03-19 01:21:41,473 - Server_DefaultID - INFO - Training client 43 (10/30)...
2026-03-19 01:21:43,850 - Server_DefaultID - INFO - Client 43: Acc=73.35, Loss=-344.0560, NLL=-1161.6451, KL=14.8934, AvgS=499.95, ProxLoss=0.0000
2026-03-19 01:21:43,850 - Server_DefaultID - INFO - Training client 68 (11/30)...
2026-03-19 01:21:46,425 - Server_DefaultID - INFO - Client 68: Acc=76.46, Loss=-342.9310, NLL=-1161.6739, KL=14.5138, AvgS=499.96, ProxLoss=0.0000
2026-03-19 01:21:46,425 - Server_DefaultID - INFO - Training client 90 (12/30)...
2026-03-19 01:21:48,464 - Client_90 - WARNING - Client 90: Too few classes (1) or samples (592) for alpha report, returning uniform.
2026-03-19 01:21:48,464 - Server_DefaultID - INFO - Client 90: Acc=91.39, Loss=-293.2953, NLL=-1007.1317, KL=12.6963, AvgS=433.23, ProxLoss=0.0000
2026-03-19 01:21:48,464 - Server_DefaultID - INFO - Training client 55 (13/30)...
2026-03-19 01:21:55,093 - Server_DefaultID - INFO - Client 55: Acc=84.54, Loss=-344.9657, NLL=-1161.6699, KL=14.8004, AvgS=499.96, ProxLoss=0.0000
2026-03-19 01:21:55,093 - Server_DefaultID - INFO - Training client 16 (14/30)...
2026-03-19 01:21:55,674 - Server_DefaultID - INFO - Client 16: Acc=42.81, Loss=-283.8727, NLL=-965.4912, KL=13.2818, AvgS=415.42, ProxLoss=0.0000
2026-03-19 01:21:55,674 - Server_DefaultID - INFO - Training client 12 (15/30)...
2026-03-19 01:21:58,340 - Server_DefaultID - INFO - Client 12: Acc=72.81, Loss=-346.0245, NLL=-1161.7404, KL=13.8854, AvgS=499.99, ProxLoss=0.0000
2026-03-19 01:21:58,340 - Server_DefaultID - INFO - Training client 35 (16/30)...
2026-03-19 01:21:59,203 - Server_DefaultID - INFO - Client 35: Acc=62.60, Loss=-206.3871, NLL=-701.8512, KL=12.1061, AvgS=301.37, ProxLoss=0.0000
2026-03-19 01:21:59,203 - Server_DefaultID - INFO - Training client 94 (17/30)...
2026-03-19 01:22:02,252 - Server_DefaultID - INFO - Client 94: Acc=69.72, Loss=-344.0357, NLL=-1161.4577, KL=14.8470, AvgS=499.87, ProxLoss=0.0000
2026-03-19 01:22:02,252 - Server_DefaultID - INFO - Training client 17 (18/30)...
2026-03-19 01:22:02,902 - Server_DefaultID - INFO - Client 17: Acc=73.59, Loss=-337.6625, NLL=-1139.9379, KL=14.4316, AvgS=490.58, ProxLoss=0.0000
2026-03-19 01:22:02,902 - Server_DefaultID - INFO - Training client 96 (19/30)...
2026-03-19 01:22:05,375 - Server_DefaultID - INFO - Client 96: Acc=67.78, Loss=-323.4757, NLL=-1103.5041, KL=14.4828, AvgS=474.82, ProxLoss=0.0000
2026-03-19 01:22:05,375 - Server_DefaultID - INFO - Training client 89 (20/30)...
2026-03-19 01:22:08,501 - Server_DefaultID - INFO - Client 89: Acc=98.55, Loss=-342.7520, NLL=-1161.6133, KL=14.1974, AvgS=499.93, ProxLoss=0.0000
2026-03-19 01:22:08,501 - Server_DefaultID - INFO - Training client 13 (21/30)...
2026-03-19 01:22:09,059 - Server_DefaultID - INFO - Client 13: Acc=41.88, Loss=-258.3027, NLL=-875.9417, KL=12.2556, AvgS=377.43, ProxLoss=0.0000
2026-03-19 01:22:09,060 - Server_DefaultID - INFO - Training client 72 (22/30)...
2026-03-19 01:22:10,408 - Server_DefaultID - INFO - Client 72: Acc=93.75, Loss=-286.9018, NLL=-978.1591, KL=13.4909, AvgS=420.85, ProxLoss=0.0000
2026-03-19 01:22:10,408 - Server_DefaultID - INFO - Training client 59 (23/30)...
2026-03-19 01:22:12,650 - Server_DefaultID - INFO - Client 59: Acc=69.69, Loss=-344.2248, NLL=-1161.4848, KL=14.8572, AvgS=499.88, ProxLoss=0.0000
2026-03-19 01:22:12,650 - Server_DefaultID - INFO - Training client 10 (24/30)...
2026-03-19 01:22:13,679 - Server_DefaultID - INFO - Client 10: Acc=30.94, Loss=-345.5036, NLL=-1161.2542, KL=13.8653, AvgS=499.78, ProxLoss=0.0000
2026-03-19 01:22:13,679 - Server_DefaultID - INFO - Training client 83 (25/30)...
2026-03-19 01:22:16,243 - Server_DefaultID - INFO - Client 83: Acc=99.69, Loss=-342.1745, NLL=-1161.7634, KL=13.7522, AvgS=500.00, ProxLoss=0.0000
2026-03-19 01:22:16,244 - Server_DefaultID - INFO - Training client 23 (26/30)...
2026-03-19 01:22:16,662 - Server_DefaultID - INFO - Client 23: Acc=74.58, Loss=-56.1667, NLL=-196.1425, KL=8.1006, AvgS=84.55, ProxLoss=0.0000
2026-03-19 01:22:16,662 - Server_DefaultID - INFO - Training client 20 (27/30)...
2026-03-19 01:22:17,933 - Server_DefaultID - INFO - Client 20: Acc=59.64, Loss=-346.3046, NLL=-1161.3475, KL=12.8533, AvgS=499.82, ProxLoss=0.0000
2026-03-19 01:22:17,933 - Server_DefaultID - INFO - Training client 75 (28/30)...
2026-03-19 01:22:19,946 - Server_DefaultID - INFO - Client 75: Acc=89.49, Loss=-343.3322, NLL=-1161.7214, KL=14.5723, AvgS=499.98, ProxLoss=0.0000
2026-03-19 01:22:19,946 - Server_DefaultID - INFO - Training client 14 (29/30)...
2026-03-19 01:22:22,222 - Server_DefaultID - INFO - Client 14: Acc=81.88, Loss=-343.0154, NLL=-1161.7184, KL=14.5141, AvgS=499.98, ProxLoss=0.0000
2026-03-19 01:22:22,222 - Server_DefaultID - INFO - Training client 95 (30/30)...
2026-03-19 01:22:24,253 - Server_DefaultID - INFO - Client 95: Acc=64.65, Loss=-343.1590, NLL=-1161.3345, KL=14.6624, AvgS=499.81, ProxLoss=0.0000
2026-03-19 01:22:24,356 - Server_DefaultID - WARNING - Global prior extremely imbalanced (max/min=1.0), applied adaptive smoothing lam=0.10.
2026-03-19 01:22:24,356 - Server_DefaultID - INFO - Round [11/200] Summary | Avg Client Train Stats:	Loss [-328.2692]	 Acc [75.21]	NLL [-1110.7052]	 KL [14.1854]	AvgS [477.98]	 ProxLoss [0.0000]
GlobalPriorAlpha (first 10): [5.0, 5.0, 5.0, 5.0, 5.0, 5.0, 5.0, 5.0, 5.0, 5.0]
Round Time: 54.90s
2026-03-19 01:22:24,359 - Server_DefaultID - INFO - --- Global Round 12/200 ---
2026-03-19 01:22:24,359 - Server_DefaultID - INFO - Selected 30 active clients for round 12.
2026-03-19 01:22:24,359 - Server_DefaultID - INFO - Training client 64 (1/30)...
2026-03-19 01:22:24,741 - Server_DefaultID - INFO - Client 64: Acc=69.69, Loss=-56.3591, NLL=-196.1448, KL=8.2362, AvgS=84.47, ProxLoss=0.0000
2026-03-19 01:22:24,741 - Server_DefaultID - INFO - Training client 65 (2/30)...
2026-03-19 01:22:25,197 - Server_DefaultID - INFO - Client 65: Acc=75.94, Loss=-28.8813, NLL=-101.4672, KL=6.7357, AvgS=44.82, ProxLoss=0.0000
2026-03-19 01:22:25,197 - Server_DefaultID - INFO - Training client 83 (3/30)...
2026-03-19 01:22:27,571 - Server_DefaultID - INFO - Client 83: Acc=99.72, Loss=-342.0596, NLL=-1161.6916, KL=13.7326, AvgS=499.97, ProxLoss=0.0000
2026-03-19 01:22:27,572 - Server_DefaultID - INFO - Training client 29 (4/30)...
2026-03-19 01:22:28,612 - Server_DefaultID - INFO - Client 29: Acc=22.19, Loss=-120.0828, NLL=-416.3632, KL=10.3268, AvgS=178.54, ProxLoss=0.0000
2026-03-19 01:22:28,612 - Server_DefaultID - INFO - Training client 58 (5/30)...
2026-03-19 01:22:30,442 - Server_DefaultID - INFO - Client 58: Acc=76.43, Loss=-342.9477, NLL=-1161.5038, KL=14.5663, AvgS=499.89, ProxLoss=0.0000
2026-03-19 01:22:30,443 - Server_DefaultID - INFO - Training client 76 (6/30)...
2026-03-19 01:22:32,353 - Server_DefaultID - INFO - Client 76: Acc=71.52, Loss=-346.0194, NLL=-1161.6018, KL=13.7253, AvgS=499.93, ProxLoss=0.0000
2026-03-19 01:22:32,354 - Server_DefaultID - INFO - Training client 94 (7/30)...
2026-03-19 01:22:35,394 - Server_DefaultID - INFO - Client 94: Acc=71.65, Loss=-344.1274, NLL=-1161.5776, KL=14.8619, AvgS=499.92, ProxLoss=0.0000
2026-03-19 01:22:35,395 - Server_DefaultID - INFO - Training client 25 (8/30)...
2026-03-19 01:22:36,193 - Server_DefaultID - INFO - Client 25: Acc=55.78, Loss=-156.1468, NLL=-536.4577, KL=9.9649, AvgS=230.66, ProxLoss=0.0000
2026-03-19 01:22:36,193 - Server_DefaultID - INFO - Training client 28 (9/30)...
2026-03-19 01:22:36,572 - Server_DefaultID - INFO - Client 28: Acc=62.50, Loss=-25.8237, NLL=-93.9742, KL=6.1961, AvgS=41.59, ProxLoss=0.0000
2026-03-19 01:22:36,572 - Server_DefaultID - INFO - Training client 18 (10/30)...
2026-03-19 01:22:40,187 - Server_DefaultID - INFO - Client 18: Acc=83.08, Loss=-344.6138, NLL=-1161.7004, KL=14.7861, AvgS=499.97, ProxLoss=0.0000
2026-03-19 01:22:40,187 - Server_DefaultID - INFO - Training client 85 (11/30)...
2026-03-19 01:22:43,042 - Server_DefaultID - INFO - Client 85: Acc=99.74, Loss=-342.0068, NLL=-1161.6073, KL=13.7192, AvgS=499.93, ProxLoss=0.0000
2026-03-19 01:22:43,043 - Server_DefaultID - INFO - Training client 72 (12/30)...
2026-03-19 01:22:44,097 - Server_DefaultID - INFO - Client 72: Acc=94.14, Loss=-313.6855, NLL=-1070.3297, KL=14.0020, AvgS=460.55, ProxLoss=0.0000
2026-03-19 01:22:44,097 - Server_DefaultID - INFO - Training client 62 (13/30)...
2026-03-19 01:22:44,781 - Server_DefaultID - INFO - Client 62: Acc=55.94, Loss=-26.4675, NLL=-95.8950, KL=5.8633, AvgS=42.26, ProxLoss=0.0000
2026-03-19 01:22:44,781 - Server_DefaultID - INFO - Training client 61 (14/30)...
2026-03-19 01:22:47,489 - Server_DefaultID - INFO - Client 61: Acc=42.75, Loss=-345.4512, NLL=-1160.7417, KL=13.5490, AvgS=499.56, ProxLoss=0.0000
2026-03-19 01:22:47,489 - Server_DefaultID - INFO - Training client 67 (15/30)...
2026-03-19 01:22:49,471 - Server_DefaultID - INFO - Client 67: Acc=62.08, Loss=-344.9127, NLL=-1161.4339, KL=14.6787, AvgS=499.86, ProxLoss=0.0000
2026-03-19 01:22:49,471 - Server_DefaultID - INFO - Training client 26 (16/30)...
2026-03-19 01:22:54,216 - Server_DefaultID - INFO - Client 26: Acc=94.87, Loss=-343.4129, NLL=-1161.6135, KL=14.6095, AvgS=499.93, ProxLoss=0.0000
2026-03-19 01:22:54,216 - Server_DefaultID - INFO - Training client 1 (17/30)...
2026-03-19 01:22:55,020 - Server_DefaultID - INFO - Client 1: Acc=36.09, Loss=-330.5847, NLL=-1117.9849, KL=14.4656, AvgS=481.13, ProxLoss=0.0000
2026-03-19 01:22:55,020 - Server_DefaultID - INFO - Training client 20 (18/30)...
2026-03-19 01:22:56,521 - Server_DefaultID - INFO - Client 20: Acc=61.30, Loss=-346.3978, NLL=-1161.6503, KL=13.0873, AvgS=499.95, ProxLoss=0.0000
2026-03-19 01:22:56,521 - Server_DefaultID - INFO - Training client 36 (19/30)...
2026-03-19 01:23:02,694 - Server_DefaultID - INFO - Client 36: Acc=91.25, Loss=-343.1935, NLL=-1161.7542, KL=14.5475, AvgS=499.99, ProxLoss=0.0000
2026-03-19 01:23:02,695 - Server_DefaultID - INFO - Training client 53 (20/30)...
2026-03-19 01:23:06,627 - Server_DefaultID - INFO - Client 53: Acc=95.88, Loss=-343.5952, NLL=-1161.4137, KL=14.6290, AvgS=499.85, ProxLoss=0.0000
2026-03-19 01:23:06,627 - Server_DefaultID - INFO - Training client 71 (21/30)...
2026-03-19 01:23:07,765 - Server_DefaultID - INFO - Client 71: Acc=68.12, Loss=-120.8583, NLL=-413.7768, KL=10.3854, AvgS=177.42, ProxLoss=0.0000
2026-03-19 01:23:07,765 - Server_DefaultID - INFO - Training client 55 (22/30)...
2026-03-19 01:23:19,499 - Server_DefaultID - INFO - Client 55: Acc=84.96, Loss=-344.9105, NLL=-1161.6657, KL=14.7975, AvgS=499.96, ProxLoss=0.0000
2026-03-19 01:23:19,499 - Server_DefaultID - INFO - Training client 15 (23/30)...
2026-03-19 01:23:21,489 - Server_DefaultID - INFO - Client 15: Acc=43.91, Loss=-269.5171, NLL=-913.2221, KL=13.0355, AvgS=392.91, ProxLoss=0.0000
2026-03-19 01:23:21,489 - Server_DefaultID - INFO - Training client 57 (24/30)...
2026-03-19 01:23:29,897 - Server_DefaultID - INFO - Client 57: Acc=94.32, Loss=-343.9566, NLL=-1161.6686, KL=14.7813, AvgS=499.96, ProxLoss=0.0000
2026-03-19 01:23:29,897 - Server_DefaultID - INFO - Training client 87 (25/30)...
2026-03-19 01:23:32,984 - Server_DefaultID - INFO - Client 87: Acc=46.61, Loss=-346.1257, NLL=-1161.5952, KL=13.5520, AvgS=499.92, ProxLoss=0.0000
2026-03-19 01:23:32,984 - Server_DefaultID - INFO - Training client 40 (26/30)...
2026-03-19 01:23:35,761 - Server_DefaultID - INFO - Client 40: Acc=54.84, Loss=-340.1701, NLL=-1147.8280, KL=13.8658, AvgS=493.98, ProxLoss=0.0000
2026-03-19 01:23:35,761 - Server_DefaultID - INFO - Training client 59 (27/30)...
2026-03-19 01:23:41,879 - Server_DefaultID - INFO - Client 59: Acc=72.19, Loss=-344.1073, NLL=-1161.3261, KL=14.8435, AvgS=499.81, ProxLoss=0.0000
2026-03-19 01:23:41,879 - Server_DefaultID - INFO - Training client 39 (28/30)...
2026-03-19 01:23:55,500 - Server_DefaultID - INFO - Client 39: Acc=72.08, Loss=-344.3606, NLL=-1161.7671, KL=14.8478, AvgS=500.00, ProxLoss=0.0000
2026-03-19 01:23:55,500 - Server_DefaultID - INFO - Training client 60 (29/30)...
2026-03-19 01:23:57,825 - Server_DefaultID - INFO - Client 60: Acc=59.38, Loss=-203.5630, NLL=-699.2232, KL=12.5820, AvgS=300.21, ProxLoss=0.0000
2026-03-19 01:23:57,825 - Server_DefaultID - INFO - Training client 98 (30/30)...
2026-03-19 01:24:00,436 - Server_DefaultID - INFO - Client 98: Acc=73.85, Loss=-279.2755, NLL=-954.7490, KL=13.6189, AvgS=410.57, ProxLoss=0.0000
2026-03-19 01:24:01,630 - Server_DefaultID - WARNING - Global prior extremely imbalanced (max/min=1.0), applied adaptive smoothing lam=0.10.
2026-03-19 01:24:01,630 - Server_DefaultID - INFO - Round [12/200] Summary | Avg Client Train Stats:	Loss [-322.9579]	 Acc [78.74]	NLL [-1091.3545]	 KL [14.0063]	AvgS [469.68]	 ProxLoss [0.0000]
GlobalPriorAlpha (first 10): [5.0, 5.0, 5.0, 5.0, 5.0, 5.0, 5.0, 5.0, 5.0, 5.0]
Round Time: 97.27s
2026-03-19 01:24:01,633 - Server_DefaultID - INFO - --- Global Round 13/200 ---
2026-03-19 01:24:01,633 - Server_DefaultID - INFO - Selected 30 active clients for round 13.
2026-03-19 01:24:01,633 - Server_DefaultID - INFO - Training client 4 (1/30)...
2026-03-19 01:24:05,677 - Server_DefaultID - INFO - Client 4: Acc=68.85, Loss=-345.8555, NLL=-1161.7409, KL=13.9923, AvgS=499.99, ProxLoss=0.0000
2026-03-19 01:24:05,677 - Server_DefaultID - INFO - Training client 10 (2/30)...
2026-03-19 01:24:08,746 - Server_DefaultID - INFO - Client 10: Acc=51.48, Loss=-345.9092, NLL=-1161.7595, KL=13.8252, AvgS=500.00, ProxLoss=0.0000
2026-03-19 01:24:08,746 - Server_DefaultID - INFO - Training client 12 (3/30)...
2026-03-19 01:24:12,466 - Server_DefaultID - INFO - Client 12: Acc=72.50, Loss=-346.0176, NLL=-1161.7091, KL=13.8276, AvgS=499.97, ProxLoss=0.0000
2026-03-19 01:24:12,467 - Server_DefaultID - INFO - Training client 27 (4/30)...
2026-03-19 01:24:14,706 - Server_DefaultID - INFO - Client 27: Acc=44.79, Loss=-204.7540, NLL=-697.1428, KL=12.3306, AvgS=299.34, ProxLoss=0.0000
2026-03-19 01:24:14,707 - Server_DefaultID - INFO - Training client 65 (5/30)...
2026-03-19 01:24:15,803 - Server_DefaultID - INFO - Client 65: Acc=69.69, Loss=-42.3994, NLL=-147.2552, KL=7.0957, AvgS=63.90, ProxLoss=0.0000
2026-03-19 01:24:15,803 - Server_DefaultID - INFO - Training client 29 (6/30)...
2026-03-19 01:24:19,172 - Server_DefaultID - INFO - Client 29: Acc=18.12, Loss=-206.6041, NLL=-707.6897, KL=12.5360, AvgS=303.94, ProxLoss=0.0000
2026-03-19 01:24:19,172 - Server_DefaultID - INFO - Training client 50 (7/30)...
2026-03-19 01:24:34,236 - Server_DefaultID - INFO - Client 50: Acc=97.48, Loss=-342.7838, NLL=-1160.5930, KL=14.4628, AvgS=499.49, ProxLoss=0.0000
2026-03-19 01:24:34,236 - Server_DefaultID - INFO - Training client 17 (8/30)...
2026-03-19 01:24:35,899 - Server_DefaultID - INFO - Client 17: Acc=80.00, Loss=-345.0836, NLL=-1161.4310, KL=14.6174, AvgS=499.85, ProxLoss=0.0000
2026-03-19 01:24:35,899 - Server_DefaultID - INFO - Training client 94 (9/30)...
2026-03-19 01:24:43,864 - Server_DefaultID - INFO - Client 94: Acc=76.76, Loss=-343.9767, NLL=-1161.4702, KL=14.8193, AvgS=499.87, ProxLoss=0.0000
2026-03-19 01:24:43,864 - Server_DefaultID - INFO - Training client 87 (10/30)...
2026-03-19 01:24:48,891 - Server_DefaultID - INFO - Client 87: Acc=45.67, Loss=-346.0892, NLL=-1161.7016, KL=13.6063, AvgS=499.97, ProxLoss=0.0000
2026-03-19 01:24:48,891 - Server_DefaultID - INFO - Training client 70 (11/30)...
2026-03-19 01:24:53,332 - Server_DefaultID - INFO - Client 70: Acc=76.25, Loss=-342.9220, NLL=-1160.9754, KL=14.6303, AvgS=499.66, ProxLoss=0.0000
2026-03-19 01:24:53,332 - Server_DefaultID - INFO - Training client 0 (12/30)...
2026-03-19 01:24:54,536 - Server_DefaultID - INFO - Client 0: Acc=22.19, Loss=-264.7042, NLL=-895.1333, KL=12.7210, AvgS=385.35, ProxLoss=0.0000
2026-03-19 01:24:54,536 - Server_DefaultID - INFO - Training client 43 (13/30)...
2026-03-19 01:25:03,771 - Server_DefaultID - INFO - Client 43: Acc=76.82, Loss=-343.9848, NLL=-1161.6460, KL=14.8936, AvgS=499.95, ProxLoss=0.0000
2026-03-19 01:25:03,772 - Server_DefaultID - INFO - Training client 14 (14/30)...
2026-03-19 01:25:09,816 - Server_DefaultID - INFO - Client 14: Acc=83.02, Loss=-342.9113, NLL=-1161.6765, KL=14.5137, AvgS=499.96, ProxLoss=0.0000
2026-03-19 01:25:09,816 - Server_DefaultID - INFO - Training client 74 (15/30)...
2026-03-19 01:25:12,747 - Server_DefaultID - INFO - Client 74: Acc=58.20, Loss=-207.4120, NLL=-710.5494, KL=12.8206, AvgS=305.13, ProxLoss=0.0000
2026-03-19 01:25:12,747 - Server_DefaultID - INFO - Training client 61 (16/30)...
2026-03-19 01:25:17,231 - Server_DefaultID - INFO - Client 61: Acc=49.19, Loss=-346.0421, NLL=-1161.6589, KL=13.3865, AvgS=499.95, ProxLoss=0.0000
2026-03-19 01:25:17,231 - Server_DefaultID - INFO - Training client 42 (17/30)...
2026-03-19 01:25:22,770 - Server_DefaultID - INFO - Client 42: Acc=61.20, Loss=-326.3547, NLL=-1111.0456, KL=14.5304, AvgS=478.07, ProxLoss=0.0000
2026-03-19 01:25:22,771 - Server_DefaultID - INFO - Training client 82 (18/30)...
2026-03-19 01:25:27,133 - Server_DefaultID - INFO - Client 82: Acc=86.75, Loss=-341.0307, NLL=-1154.9278, KL=14.7189, AvgS=497.05, ProxLoss=0.0000
2026-03-19 01:25:27,133 - Server_DefaultID - INFO - Training client 48 (19/30)...
2026-03-19 01:25:41,852 - Server_DefaultID - INFO - Client 48: Acc=86.76, Loss=-344.4866, NLL=-1161.7491, KL=14.8228, AvgS=499.99, ProxLoss=0.0000
2026-03-19 01:25:41,852 - Server_DefaultID - INFO - Training client 93 (20/30)...
2026-03-19 01:25:43,491 - Server_DefaultID - INFO - Client 93: Acc=27.50, Loss=-201.7341, NLL=-686.5066, KL=12.3560, AvgS=294.78, ProxLoss=0.0000
2026-03-19 01:25:43,491 - Server_DefaultID - INFO - Training client 31 (21/30)...
2026-03-19 01:25:53,022 - Server_DefaultID - INFO - Client 31: Acc=71.70, Loss=-343.9878, NLL=-1161.5167, KL=14.8796, AvgS=499.89, ProxLoss=0.0000
2026-03-19 01:25:53,022 - Server_DefaultID - INFO - Training client 19 (22/30)...
2026-03-19 01:26:04,746 - Server_DefaultID - INFO - Client 19: Acc=95.40, Loss=-342.9814, NLL=-1161.7309, KL=14.4598, AvgS=499.98, ProxLoss=0.0000
2026-03-19 01:26:04,746 - Server_DefaultID - INFO - Training client 33 (23/30)...
2026-03-19 01:26:12,739 - Server_DefaultID - INFO - Client 33: Acc=58.53, Loss=-345.7946, NLL=-1161.7253, KL=14.0031, AvgS=499.98, ProxLoss=0.0000
2026-03-19 01:26:12,740 - Server_DefaultID - INFO - Training client 79 (24/30)...
2026-03-19 01:26:19,432 - Server_DefaultID - INFO - Client 79: Acc=44.94, Loss=-162.9779, NLL=-564.9685, KL=11.3291, AvgS=242.31, ProxLoss=0.0000
2026-03-19 01:26:19,432 - Server_DefaultID - INFO - Training client 77 (25/30)...
2026-03-19 01:26:38,263 - Server_DefaultID - INFO - Client 77: Acc=90.60, Loss=-343.9418, NLL=-1161.4862, KL=14.8617, AvgS=499.88, ProxLoss=0.0000
2026-03-19 01:26:38,264 - Server_DefaultID - INFO - Training client 56 (26/30)...
2026-03-19 01:26:49,826 - Server_DefaultID - INFO - Client 56: Acc=49.30, Loss=-133.3974, NLL=-463.5879, KL=10.9685, AvgS=198.71, ProxLoss=0.0000
2026-03-19 01:26:49,827 - Server_DefaultID - INFO - Training client 75 (27/30)...
2026-03-19 01:27:00,197 - Server_DefaultID - INFO - Client 75: Acc=89.61, Loss=-343.2441, NLL=-1161.6927, KL=14.5994, AvgS=499.97, ProxLoss=0.0000
2026-03-19 01:27:00,197 - Server_DefaultID - INFO - Training client 15 (28/30)...
2026-03-19 01:27:03,215 - Server_DefaultID - INFO - Client 15: Acc=44.38, Loss=-343.9395, NLL=-1160.3292, KL=14.6645, AvgS=499.38, ProxLoss=0.0000
2026-03-19 01:27:03,215 - Server_DefaultID - INFO - Training client 69 (29/30)...
2026-03-19 01:27:06,010 - Server_DefaultID - INFO - Client 69: Acc=38.12, Loss=-117.2276, NLL=-402.1560, KL=9.6843, AvgS=172.51, ProxLoss=0.0000
2026-03-19 01:27:06,010 - Server_DefaultID - INFO - Training client 97 (30/30)...
2026-03-19 01:27:37,100 - Server_DefaultID - INFO - Client 97: Acc=99.58, Loss=-342.1638, NLL=-1161.7387, KL=13.8131, AvgS=499.99, ProxLoss=0.0000
2026-03-19 01:27:39,726 - Server_DefaultID - WARNING - Global prior extremely imbalanced (max/min=1.0), applied adaptive smoothing lam=0.10.
2026-03-19 01:27:39,727 - Server_DefaultID - INFO - Round [13/200] Summary | Avg Client Train Stats:	Loss [-318.5891]	 Acc [75.95]	NLL [-1077.8630]	 KL [14.0008]	AvgS [463.79]	 ProxLoss [0.0000]
GlobalPriorAlpha (first 10): [5.0, 5.0, 5.0, 5.0, 5.0, 5.0, 5.0, 5.0, 5.0, 5.0]
Round Time: 218.09s
2026-03-19 01:27:39,730 - Server_DefaultID - INFO - --- Global Round 14/200 ---
2026-03-19 01:27:39,730 - Server_DefaultID - INFO - Selected 30 active clients for round 14.
2026-03-19 01:27:39,730 - Server_DefaultID - INFO - Training client 98 (1/30)...
2026-03-19 01:27:45,095 - Server_DefaultID - INFO - Client 98: Acc=72.40, Loss=-334.9540, NLL=-1140.2449, KL=14.4344, AvgS=490.70, ProxLoss=0.0000
2026-03-19 01:27:45,095 - Server_DefaultID - INFO - Training client 32 (2/30)...
2026-03-19 01:27:53,854 - Server_DefaultID - INFO - Client 32: Acc=74.69, Loss=-344.4070, NLL=-1161.4922, KL=14.7528, AvgS=499.88, ProxLoss=0.0000
2026-03-19 01:27:53,854 - Server_DefaultID - INFO - Training client 36 (3/30)...
2026-03-19 01:28:25,696 - Server_DefaultID - INFO - Client 36: Acc=93.27, Loss=-343.0902, NLL=-1161.7068, KL=14.5437, AvgS=499.97, ProxLoss=0.0000
2026-03-19 01:28:25,696 - Server_DefaultID - INFO - Training client 31 (4/30)...
2026-03-19 01:28:36,411 - Server_DefaultID - INFO - Client 31: Acc=73.85, Loss=-343.8505, NLL=-1161.4302, KL=14.8813, AvgS=499.85, ProxLoss=0.0000
2026-03-19 01:28:36,411 - Server_DefaultID - INFO - Training client 66 (5/30)...
2026-03-19 01:28:44,288 - Server_DefaultID - INFO - Client 66: Acc=88.08, Loss=-343.7603, NLL=-1161.5710, KL=14.8274, AvgS=499.91, ProxLoss=0.0000
2026-03-19 01:28:44,288 - Server_DefaultID - INFO - Training client 4 (6/30)...
2026-03-19 01:28:53,261 - Server_DefaultID - INFO - Client 4: Acc=74.64, Loss=-345.7897, NLL=-1161.7699, KL=14.1344, AvgS=500.00, ProxLoss=0.0000
2026-03-19 01:28:53,262 - Server_DefaultID - INFO - Training client 7 (7/30)...
2026-03-19 01:29:00,322 - Server_DefaultID - INFO - Client 7: Acc=52.08, Loss=-344.4530, NLL=-1161.7616, KL=14.7815, AvgS=500.00, ProxLoss=0.0000
2026-03-19 01:29:00,322 - Server_DefaultID - INFO - Training client 17 (8/30)...
2026-03-19 01:29:03,403 - Server_DefaultID - INFO - Client 17: Acc=80.94, Loss=-345.3575, NLL=-1161.7699, KL=14.5672, AvgS=500.00, ProxLoss=0.0000
2026-03-19 01:29:03,403 - Server_DefaultID - INFO - Training client 0 (9/30)...
2026-03-19 01:29:05,085 - Server_DefaultID - INFO - Client 0: Acc=26.56, Loss=-330.4984, NLL=-1115.7709, KL=14.4826, AvgS=480.15, ProxLoss=0.0000
2026-03-19 01:29:05,085 - Server_DefaultID - INFO - Training client 80 (10/30)...
2026-03-19 01:29:07,036 - Server_DefaultID - INFO - Client 80: Acc=56.25, Loss=-55.5985, NLL=-192.9669, KL=7.8054, AvgS=83.14, ProxLoss=0.0000
2026-03-19 01:29:07,036 - Server_DefaultID - INFO - Training client 99 (11/30)...
2026-03-19 01:29:09,180 - Server_DefaultID - INFO - Client 99: Acc=45.31, Loss=-57.3076, NLL=-196.0287, KL=3.6857, AvgS=84.32, ProxLoss=0.0000
2026-03-19 01:29:09,180 - Server_DefaultID - INFO - Training client 73 (12/30)...
2026-03-19 01:29:27,004 - Server_DefaultID - INFO - Client 73: Acc=80.94, Loss=-343.3933, NLL=-1161.6815, KL=14.6489, AvgS=499.96, ProxLoss=0.0000
2026-03-19 01:29:27,004 - Server_DefaultID - INFO - Training client 60 (13/30)...
2026-03-19 01:29:31,246 - Server_DefaultID - INFO - Client 60: Acc=51.98, Loss=-274.5401, NLL=-938.0074, KL=13.8389, AvgS=403.31, ProxLoss=0.0000
2026-03-19 01:29:31,246 - Server_DefaultID - INFO - Training client 40 (14/30)...
2026-03-19 01:29:38,015 - Server_DefaultID - INFO - Client 40: Acc=61.93, Loss=-345.5522, NLL=-1161.5399, KL=14.0827, AvgS=499.90, ProxLoss=0.0000
2026-03-19 01:29:38,015 - Server_DefaultID - INFO - Training client 65 (15/30)...
2026-03-19 01:29:39,712 - Server_DefaultID - INFO - Client 65: Acc=68.75, Loss=-56.1773, NLL=-194.0225, KL=7.6114, AvgS=83.63, ProxLoss=0.0000
2026-03-19 01:29:39,712 - Server_DefaultID - INFO - Training client 39 (16/30)...
2026-03-19 01:30:00,705 - Server_DefaultID - INFO - Client 39: Acc=75.50, Loss=-344.2375, NLL=-1161.6905, KL=14.8542, AvgS=499.97, ProxLoss=0.0000
2026-03-19 01:30:00,705 - Server_DefaultID - INFO - Training client 72 (17/30)...
2026-03-19 01:30:05,597 - Server_DefaultID - INFO - Client 72: Acc=95.00, Loss=-340.2808, NLL=-1153.3381, KL=14.5894, AvgS=496.36, ProxLoss=0.0000
2026-03-19 01:30:05,597 - Server_DefaultID - INFO - Training client 57 (18/30)...
2026-03-19 01:30:26,538 - Server_DefaultID - INFO - Client 57: Acc=94.34, Loss=-343.9477, NLL=-1161.7301, KL=14.7828, AvgS=499.98, ProxLoss=0.0000
2026-03-19 01:30:26,538 - Server_DefaultID - INFO - Training client 81 (19/30)...
2026-03-19 01:30:36,333 - Server_DefaultID - INFO - Client 81: Acc=75.13, Loss=-344.1401, NLL=-1161.6713, KL=14.8544, AvgS=499.96, ProxLoss=0.0000
2026-03-19 01:30:36,333 - Server_DefaultID - INFO - Training client 6 (20/30)...
2026-03-19 01:30:40,562 - Server_DefaultID - INFO - Client 6: Acc=62.81, Loss=-343.8843, NLL=-1160.9026, KL=14.8448, AvgS=499.63, ProxLoss=0.0000
2026-03-19 01:30:40,562 - Server_DefaultID - INFO - Training client 16 (21/30)...
2026-03-19 01:30:43,680 - Server_DefaultID - INFO - Client 16: Acc=64.06, Loss=-343.8277, NLL=-1161.6171, KL=14.8935, AvgS=499.93, ProxLoss=0.0000
2026-03-19 01:30:43,680 - Server_DefaultID - INFO - Training client 51 (22/30)...
2026-03-19 01:30:46,859 - Server_DefaultID - INFO - Client 51: Acc=25.62, Loss=-121.8568, NLL=-415.7432, KL=8.8104, AvgS=178.38, ProxLoss=0.0000
2026-03-19 01:30:46,859 - Server_DefaultID - INFO - Training client 49 (23/30)...
2026-03-19 01:30:55,503 - Server_DefaultID - INFO - Client 49: Acc=80.67, Loss=-343.8638, NLL=-1161.4412, KL=14.8917, AvgS=499.86, ProxLoss=0.0000
2026-03-19 01:30:55,503 - Server_DefaultID - INFO - Training client 61 (24/30)...
2026-03-19 01:31:01,771 - Server_DefaultID - INFO - Client 61: Acc=52.12, Loss=-345.8767, NLL=-1161.4222, KL=13.4625, AvgS=499.85, ProxLoss=0.0000
2026-03-19 01:31:01,771 - Server_DefaultID - INFO - Training client 41 (25/30)...
2026-03-19 01:31:11,118 - Server_DefaultID - INFO - Client 41: Acc=67.54, Loss=-343.4989, NLL=-1161.7398, KL=14.7273, AvgS=499.99, ProxLoss=0.0000
2026-03-19 01:31:11,118 - Server_DefaultID - INFO - Training client 64 (26/30)...
2026-03-19 01:31:13,200 - Server_DefaultID - INFO - Client 64: Acc=70.31, Loss=-69.8113, NLL=-242.1139, KL=8.7332, AvgS=104.02, ProxLoss=0.0000
2026-03-19 01:31:13,200 - Server_DefaultID - INFO - Training client 35 (27/30)...
2026-03-19 01:31:17,373 - Server_DefaultID - INFO - Client 35: Acc=59.79, Loss=-280.7670, NLL=-950.6349, KL=13.5803, AvgS=408.78, ProxLoss=0.0000
2026-03-19 01:31:17,373 - Server_DefaultID - INFO - Training client 5 (28/30)...
2026-03-19 01:31:18,748 - Server_DefaultID - INFO - Client 5: Acc=52.19, Loss=-279.3144, NLL=-941.5165, KL=12.7204, AvgS=405.44, ProxLoss=0.0000
2026-03-19 01:31:18,749 - Server_DefaultID - INFO - Training client 43 (29/30)...
2026-03-19 01:31:31,761 - Server_DefaultID - INFO - Client 43: Acc=77.76, Loss=-343.9378, NLL=-1161.5899, KL=14.8927, AvgS=499.92, ProxLoss=0.0000
2026-03-19 01:31:31,762 - Server_DefaultID - INFO - Training client 77 (30/30)...
2026-03-19 01:31:52,988 - Server_DefaultID - INFO - Client 77: Acc=90.50, Loss=-343.7722, NLL=-1161.3468, KL=14.8255, AvgS=499.82, ProxLoss=0.0000
2026-03-19 01:31:54,755 - Server_DefaultID - WARNING - Global prior extremely imbalanced (max/min=1.0), applied adaptive smoothing lam=0.10.
2026-03-19 01:31:54,755 - Server_DefaultID - INFO - Round [14/200] Summary | Avg Client Train Stats:	Loss [-330.3929]	 Acc [77.07]	NLL [-1116.3172]	 KL [14.3391]	AvgS [480.42]	 ProxLoss [0.0000]
GlobalPriorAlpha (first 10): [5.0, 5.0, 5.0, 5.0, 5.0, 5.0, 5.0, 5.0, 5.0, 5.0]
Round Time: 255.02s
2026-03-19 01:31:54,758 - Server_DefaultID - INFO - --- Global Round 15/200 ---
2026-03-19 01:31:54,759 - Server_DefaultID - INFO - Selected 30 active clients for round 15.
2026-03-19 01:31:54,759 - Server_DefaultID - INFO - Training client 58 (1/30)...
2026-03-19 01:32:03,501 - Server_DefaultID - INFO - Client 58: Acc=77.59, Loss=-342.7958, NLL=-1161.4699, KL=14.5554, AvgS=499.87, ProxLoss=0.0000
2026-03-19 01:32:03,501 - Server_DefaultID - INFO - Training client 37 (2/30)...
2026-03-19 01:32:09,698 - Server_DefaultID - INFO - Client 37: Acc=45.23, Loss=-298.0119, NLL=-1010.5542, KL=13.9432, AvgS=434.67, ProxLoss=0.0000
2026-03-19 01:32:09,698 - Server_DefaultID - INFO - Training client 81 (3/30)...
2026-03-19 01:32:19,873 - Server_DefaultID - INFO - Client 81: Acc=78.08, Loss=-344.1355, NLL=-1161.7006, KL=14.8687, AvgS=499.97, ProxLoss=0.0000
2026-03-19 01:32:19,874 - Server_DefaultID - INFO - Training client 35 (4/30)...
2026-03-19 01:32:23,578 - Server_DefaultID - INFO - Client 35: Acc=61.25, Loss=-331.3603, NLL=-1120.0141, KL=14.2146, AvgS=481.96, ProxLoss=0.0000
2026-03-19 01:32:23,578 - Server_DefaultID - INFO - Training client 63 (5/30)...
2026-03-19 01:32:30,469 - Server_DefaultID - INFO - Client 63: Acc=58.25, Loss=-344.0181, NLL=-1161.2274, KL=14.8402, AvgS=499.77, ProxLoss=0.0000
2026-03-19 01:32:30,469 - Server_DefaultID - INFO - Training client 22 (6/30)...
2026-03-19 01:32:33,393 - Server_DefaultID - INFO - Client 22: Acc=52.97, Loss=-84.5474, NLL=-294.5128, KL=9.2608, AvgS=126.23, ProxLoss=0.0000
2026-03-19 01:32:33,393 - Server_DefaultID - INFO - Training client 93 (7/30)...
2026-03-19 01:32:36,444 - Server_DefaultID - INFO - Client 93: Acc=32.66, Loss=-251.4938, NLL=-853.5121, KL=13.3021, AvgS=366.84, ProxLoss=0.0000
2026-03-19 01:32:36,444 - Server_DefaultID - INFO - Training client 32 (8/30)...
2026-03-19 01:32:46,013 - Server_DefaultID - INFO - Client 32: Acc=76.25, Loss=-344.6957, NLL=-1161.6248, KL=14.7109, AvgS=499.94, ProxLoss=0.0000
2026-03-19 01:32:46,013 - Server_DefaultID - INFO - Training client 68 (9/30)...
2026-03-19 01:32:57,366 - Server_DefaultID - INFO - Client 68: Acc=81.84, Loss=-342.7417, NLL=-1161.5635, KL=14.5126, AvgS=499.91, ProxLoss=0.0000
2026-03-19 01:32:57,366 - Server_DefaultID - INFO - Training client 84 (10/30)...
2026-03-19 01:32:58,941 - Server_DefaultID - INFO - Client 84: Acc=65.28, Loss=-25.9555, NLL=-94.4590, KL=6.5237, AvgS=41.82, ProxLoss=0.0000
2026-03-19 01:32:58,942 - Server_DefaultID - INFO - Training client 74 (11/30)...
2026-03-19 01:33:04,611 - Server_DefaultID - INFO - Client 74: Acc=46.64, Loss=-302.5478, NLL=-1031.0171, KL=14.3658, AvgS=443.51, ProxLoss=0.0000
2026-03-19 01:33:04,611 - Server_DefaultID - INFO - Training client 91 (12/30)...
2026-03-19 01:33:09,195 - Server_DefaultID - INFO - Client 91: Acc=52.19, Loss=-275.5577, NLL=-943.9909, KL=13.6415, AvgS=405.92, ProxLoss=0.0000
2026-03-19 01:33:09,196 - Server_DefaultID - INFO - Training client 76 (13/30)...
2026-03-19 01:33:20,458 - Server_DefaultID - INFO - Client 76: Acc=74.80, Loss=-345.8878, NLL=-1161.5532, KL=13.8240, AvgS=499.91, ProxLoss=0.0000
2026-03-19 01:33:20,458 - Server_DefaultID - INFO - Training client 69 (14/30)...
2026-03-19 01:33:23,828 - Server_DefaultID - INFO - Client 69: Acc=34.69, Loss=-159.1968, NLL=-542.8358, KL=10.8881, AvgS=232.93, ProxLoss=0.0000
2026-03-19 01:33:23,828 - Server_DefaultID - INFO - Training client 13 (15/30)...
2026-03-19 01:33:25,788 - Server_DefaultID - INFO - Client 13: Acc=48.12, Loss=-318.5227, NLL=-1080.5955, KL=14.2060, AvgS=464.98, ProxLoss=0.0000
2026-03-19 01:33:25,788 - Server_DefaultID - INFO - Training client 90 (16/30)...
2026-03-19 01:33:36,668 - Client_90 - WARNING - Client 90: Too few classes (1) or samples (592) for alpha report, returning uniform.
2026-03-19 01:33:36,668 - Server_DefaultID - INFO - Client 90: Acc=100.00, Loss=-341.2436, NLL=-1160.6380, KL=13.5545, AvgS=499.51, ProxLoss=0.0000
2026-03-19 01:33:36,668 - Server_DefaultID - INFO - Training client 98 (17/30)...
2026-03-19 01:33:41,476 - Server_DefaultID - INFO - Client 98: Acc=79.79, Loss=-341.0985, NLL=-1158.0957, KL=14.4850, AvgS=498.41, ProxLoss=0.0000
2026-03-19 01:33:41,476 - Server_DefaultID - INFO - Training client 56 (18/30)...
2026-03-19 01:33:53,767 - Server_DefaultID - INFO - Client 56: Acc=41.21, Loss=-315.3559, NLL=-1076.0320, KL=14.5287, AvgS=462.93, ProxLoss=0.0000
2026-03-19 01:33:53,768 - Server_DefaultID - INFO - Training client 67 (19/30)...
2026-03-19 01:34:01,758 - Server_DefaultID - INFO - Client 67: Acc=62.34, Loss=-344.7616, NLL=-1161.3560, KL=14.6423, AvgS=499.82, ProxLoss=0.0000
2026-03-19 01:34:01,758 - Server_DefaultID - INFO - Training client 80 (20/30)...
2026-03-19 01:34:03,280 - Server_DefaultID - INFO - Client 80: Acc=64.38, Loss=-71.1710, NLL=-245.1088, KL=8.5010, AvgS=105.26, ProxLoss=0.0000
2026-03-19 01:34:03,280 - Server_DefaultID - INFO - Training client 5 (21/30)...
2026-03-19 01:34:04,874 - Server_DefaultID - INFO - Client 5: Acc=49.38, Loss=-277.1090, NLL=-934.5625, KL=12.6127, AvgS=402.35, ProxLoss=0.0000
2026-03-19 01:34:04,874 - Server_DefaultID - INFO - Training client 8 (22/30)...
2026-03-19 01:34:07,629 - Server_DefaultID - INFO - Client 8: Acc=73.28, Loss=-323.3062, NLL=-1096.1679, KL=14.3920, AvgS=471.72, ProxLoss=0.0000
2026-03-19 01:34:07,629 - Server_DefaultID - INFO - Training client 52 (23/30)...
2026-03-19 01:34:11,872 - Server_DefaultID - INFO - Client 52: Acc=58.85, Loss=-325.1012, NLL=-1104.8115, KL=14.6507, AvgS=475.39, ProxLoss=0.0000
2026-03-19 01:34:11,873 - Server_DefaultID - INFO - Training client 0 (24/30)...
2026-03-19 01:34:13,858 - Server_DefaultID - INFO - Client 0: Acc=41.25, Loss=-343.6419, NLL=-1159.5935, KL=14.7662, AvgS=499.06, ProxLoss=0.0000
2026-03-19 01:34:13,858 - Server_DefaultID - INFO - Training client 20 (25/30)...
2026-03-19 01:34:23,490 - Server_DefaultID - INFO - Client 20: Acc=62.66, Loss=-346.4865, NLL=-1161.6928, KL=12.8492, AvgS=499.97, ProxLoss=0.0000
2026-03-19 01:34:23,490 - Server_DefaultID - INFO - Training client 49 (26/30)...
2026-03-19 01:34:33,327 - Server_DefaultID - INFO - Client 49: Acc=83.12, Loss=-343.8458, NLL=-1161.4394, KL=14.8915, AvgS=499.86, ProxLoss=0.0000
2026-03-19 01:34:33,327 - Server_DefaultID - INFO - Training client 27 (27/30)...
2026-03-19 01:34:36,916 - Server_DefaultID - INFO - Client 27: Acc=36.35, Loss=-277.8890, NLL=-943.4978, KL=13.6149, AvgS=405.70, ProxLoss=0.0000
2026-03-19 01:34:36,916 - Server_DefaultID - INFO - Training client 62 (28/30)...
2026-03-19 01:34:39,009 - Server_DefaultID - INFO - Client 62: Acc=62.81, Loss=-54.0962, NLL=-189.6776, KL=7.1769, AvgS=81.96, ProxLoss=0.0000
2026-03-19 01:34:39,009 - Server_DefaultID - INFO - Training client 28 (29/30)...
2026-03-19 01:34:40,671 - Server_DefaultID - INFO - Client 28: Acc=30.62, Loss=-38.0519, NLL=-136.2392, KL=6.7221, AvgS=59.14, ProxLoss=0.0000
2026-03-19 01:34:40,671 - Server_DefaultID - INFO - Training client 31 (30/30)...
2026-03-19 01:34:52,912 - Server_DefaultID - INFO - Client 31: Acc=72.78, Loss=-343.9589, NLL=-1161.6781, KL=14.8816, AvgS=499.96, ProxLoss=0.0000
2026-03-19 01:34:56,250 - Server_DefaultID - WARNING - Global prior extremely imbalanced (max/min=1.0), applied adaptive smoothing lam=0.10.
2026-03-19 01:34:56,251 - Server_DefaultID - INFO - Round [15/200] Summary | Avg Client Train Stats:	Loss [-310.1879]	 Acc [66.36]	NLL [-1050.2095]	 KL [13.8066]	AvgS [451.93]	 ProxLoss [0.0000]
GlobalPriorAlpha (first 10): [5.0, 5.0, 5.0, 5.0, 5.0, 5.0, 5.0, 5.0, 5.0, 5.0]
Round Time: 181.49s
2026-03-19 01:34:56,254 - Server_DefaultID - INFO - --- Global Round 16/200 ---
2026-03-19 01:34:56,254 - Server_DefaultID - INFO - Selected 30 active clients for round 16.
2026-03-19 01:34:56,254 - Server_DefaultID - INFO - Training client 91 (1/30)...
2026-03-19 01:35:00,324 - Server_DefaultID - INFO - Client 91: Acc=67.19, Loss=-334.7610, NLL=-1139.5177, KL=14.4453, AvgS=490.39, ProxLoss=0.0000
2026-03-19 01:35:00,324 - Server_DefaultID - INFO - Training client 29 (2/30)...
2026-03-19 01:35:06,024 - Server_DefaultID - INFO - Client 29: Acc=56.64, Loss=-289.2505, NLL=-985.7737, KL=14.0793, AvgS=423.95, ProxLoss=0.0000
2026-03-19 01:35:06,024 - Server_DefaultID - INFO - Training client 83 (3/30)...
2026-03-19 01:35:17,680 - Server_DefaultID - INFO - Client 83: Acc=99.69, Loss=-341.9435, NLL=-1161.7523, KL=13.7521, AvgS=499.99, ProxLoss=0.0000
2026-03-19 01:35:17,680 - Server_DefaultID - INFO - Training client 94 (4/30)...
2026-03-19 01:35:32,009 - Server_DefaultID - INFO - Client 94: Acc=80.57, Loss=-344.0839, NLL=-1161.6424, KL=14.8514, AvgS=499.95, ProxLoss=0.0000
2026-03-19 01:35:32,009 - Server_DefaultID - INFO - Training client 64 (5/30)...
2026-03-19 01:35:33,842 - Server_DefaultID - INFO - Client 64: Acc=66.88, Loss=-86.7830, NLL=-299.8855, KL=9.4160, AvgS=128.63, ProxLoss=0.0000
2026-03-19 01:35:33,842 - Server_DefaultID - INFO - Training client 17 (6/30)...
2026-03-19 01:35:36,990 - Server_DefaultID - INFO - Client 17: Acc=82.97, Loss=-345.2968, NLL=-1161.6215, KL=14.5103, AvgS=499.94, ProxLoss=0.0000
2026-03-19 01:35:36,990 - Server_DefaultID - INFO - Training client 10 (7/30)...
2026-03-19 01:35:42,712 - Server_DefaultID - INFO - Client 10: Acc=58.36, Loss=-345.7537, NLL=-1161.7333, KL=13.8827, AvgS=499.98, ProxLoss=0.0000
2026-03-19 01:35:42,712 - Server_DefaultID - INFO - Training client 37 (8/30)...
2026-03-19 01:35:48,182 - Server_DefaultID - INFO - Client 37: Acc=78.52, Loss=-342.5306, NLL=-1154.7573, KL=14.4481, AvgS=496.97, ProxLoss=0.0000
2026-03-19 01:35:48,182 - Server_DefaultID - INFO - Training client 27 (9/30)...
2026-03-19 01:35:53,148 - Server_DefaultID - INFO - Client 27: Acc=43.12, Loss=-331.1375, NLL=-1121.4068, KL=14.2885, AvgS=482.56, ProxLoss=0.0000
2026-03-19 01:35:53,148 - Server_DefaultID - INFO - Training client 52 (10/30)...
2026-03-19 01:35:57,516 - Server_DefaultID - INFO - Client 52: Acc=62.08, Loss=-341.1090, NLL=-1154.8147, KL=14.7511, AvgS=496.99, ProxLoss=0.0000
2026-03-19 01:35:57,516 - Server_DefaultID - INFO - Training client 82 (11/30)...
2026-03-19 01:36:04,132 - Server_DefaultID - INFO - Client 82: Acc=86.25, Loss=-343.2745, NLL=-1160.6068, KL=14.7726, AvgS=499.50, ProxLoss=0.0000
2026-03-19 01:36:04,132 - Server_DefaultID - INFO - Training client 48 (12/30)...
2026-03-19 01:36:22,774 - Server_DefaultID - INFO - Client 48: Acc=86.91, Loss=-344.2086, NLL=-1161.6487, KL=14.8133, AvgS=499.95, ProxLoss=0.0000
2026-03-19 01:36:22,774 - Server_DefaultID - INFO - Training client 49 (13/30)...
2026-03-19 01:36:32,260 - Server_DefaultID - INFO - Client 49: Acc=83.26, Loss=-343.8599, NLL=-1161.6716, KL=14.8937, AvgS=499.96, ProxLoss=0.0000
2026-03-19 01:36:32,260 - Server_DefaultID - INFO - Training client 31 (14/30)...
2026-03-19 01:36:45,966 - Server_DefaultID - INFO - Client 31: Acc=76.39, Loss=-343.8870, NLL=-1161.5353, KL=14.8798, AvgS=499.90, ProxLoss=0.0000
2026-03-19 01:36:45,966 - Server_DefaultID - INFO - Training client 41 (15/30)...
2026-03-19 01:36:56,201 - Server_DefaultID - INFO - Client 41: Acc=67.15, Loss=-343.3168, NLL=-1161.6214, KL=14.7261, AvgS=499.94, ProxLoss=0.0000
2026-03-19 01:36:56,201 - Server_DefaultID - INFO - Training client 54 (16/30)...
2026-03-19 01:36:58,798 - Server_DefaultID - INFO - Client 54: Acc=78.28, Loss=-54.8394, NLL=-193.9003, KL=7.7497, AvgS=83.56, ProxLoss=0.0000
2026-03-19 01:36:58,798 - Server_DefaultID - INFO - Training client 38 (17/30)...
2026-03-19 01:37:01,378 - Server_DefaultID - INFO - Client 38: Acc=42.34, Loss=-207.5639, NLL=-701.1203, KL=10.2729, AvgS=301.06, ProxLoss=0.0000
2026-03-19 01:37:01,379 - Server_DefaultID - INFO - Training client 26 (18/30)...
2026-03-19 01:37:23,927 - Server_DefaultID - INFO - Client 26: Acc=95.57, Loss=-343.3040, NLL=-1161.7365, KL=14.6239, AvgS=499.99, ProxLoss=0.0000
2026-03-19 01:37:23,928 - Server_DefaultID - INFO - Training client 77 (19/30)...
2026-03-19 01:37:44,060 - Server_DefaultID - INFO - Client 77: Acc=90.56, Loss=-343.8176, NLL=-1161.5927, KL=14.8474, AvgS=499.92, ProxLoss=0.0000
2026-03-19 01:37:44,060 - Server_DefaultID - INFO - Training client 0 (20/30)...
2026-03-19 01:37:45,515 - Server_DefaultID - INFO - Client 0: Acc=44.38, Loss=-344.2411, NLL=-1161.2214, KL=14.7780, AvgS=499.76, ProxLoss=0.0000
2026-03-19 01:37:45,515 - Server_DefaultID - INFO - Training client 87 (21/30)...
2026-03-19 01:37:54,196 - Server_DefaultID - INFO - Client 87: Acc=49.51, Loss=-345.8453, NLL=-1161.6520, KL=13.7539, AvgS=499.95, ProxLoss=0.0000
2026-03-19 01:37:54,196 - Server_DefaultID - INFO - Training client 72 (22/30)...
2026-03-19 01:37:59,642 - Server_DefaultID - INFO - Client 72: Acc=94.92, Loss=-343.0730, NLL=-1160.2367, KL=14.7233, AvgS=499.34, ProxLoss=0.0000
2026-03-19 01:37:59,642 - Server_DefaultID - INFO - Training client 43 (23/30)...
2026-03-19 01:38:12,047 - Server_DefaultID - INFO - Client 43: Acc=77.27, Loss=-343.8918, NLL=-1161.7020, KL=14.8942, AvgS=499.97, ProxLoss=0.0000
2026-03-19 01:38:12,048 - Server_DefaultID - INFO - Training client 75 (24/30)...
2026-03-19 01:38:22,886 - Server_DefaultID - INFO - Client 75: Acc=90.90, Loss=-343.1492, NLL=-1161.7560, KL=14.6000, AvgS=499.99, ProxLoss=0.0000
2026-03-19 01:38:22,886 - Server_DefaultID - INFO - Training client 80 (25/30)...
2026-03-19 01:38:24,679 - Server_DefaultID - INFO - Client 80: Acc=41.56, Loss=-86.0192, NLL=-297.0161, KL=9.1084, AvgS=127.36, ProxLoss=0.0000
2026-03-19 01:38:24,679 - Server_DefaultID - INFO - Training client 3 (26/30)...
2026-03-19 01:38:33,586 - Server_DefaultID - INFO - Client 3: Acc=60.57, Loss=-346.0452, NLL=-1161.6967, KL=13.5261, AvgS=499.97, ProxLoss=0.0000
2026-03-19 01:38:33,586 - Server_DefaultID - INFO - Training client 32 (27/30)...
2026-03-19 01:38:40,463 - Server_DefaultID - INFO - Client 32: Acc=76.67, Loss=-344.6815, NLL=-1161.5628, KL=14.7497, AvgS=499.91, ProxLoss=0.0000
2026-03-19 01:38:40,463 - Server_DefaultID - INFO - Training client 53 (28/30)...
2026-03-19 01:38:54,670 - Server_DefaultID - INFO - Client 53: Acc=96.06, Loss=-343.4337, NLL=-1161.5374, KL=14.6109, AvgS=499.90, ProxLoss=0.0000
2026-03-19 01:38:54,670 - Server_DefaultID - INFO - Training client 35 (29/30)...
2026-03-19 01:38:59,105 - Server_DefaultID - INFO - Client 35: Acc=59.90, Loss=-343.9038, NLL=-1158.3253, KL=14.2117, AvgS=498.51, ProxLoss=0.0000
2026-03-19 01:38:59,105 - Server_DefaultID - INFO - Training client 57 (30/30)...
2026-03-19 01:39:18,624 - Server_DefaultID - INFO - Client 57: Acc=94.71, Loss=-343.6792, NLL=-1161.6655, KL=14.7320, AvgS=499.96, ProxLoss=0.0000
2026-03-19 01:39:22,113 - Server_DefaultID - WARNING - Global prior extremely imbalanced (max/min=1.0), applied adaptive smoothing lam=0.10.
2026-03-19 01:39:22,115 - Server_DefaultID - INFO - Round [16/200] Summary | Avg Client Train Stats:	Loss [-334.1466]	 Acc [80.76]	NLL [-1129.2848]	 KL [14.3802]	AvgS [486.00]	 ProxLoss [0.0000]
GlobalPriorAlpha (first 10): [5.0, 5.0, 5.0, 5.0, 5.0, 5.0, 5.0, 5.0, 5.0, 5.0]
Round Time: 265.86s
2026-03-19 01:39:22,117 - Server_DefaultID - INFO - --- Global Round 17/200 ---
2026-03-19 01:39:22,118 - Server_DefaultID - INFO - Selected 30 active clients for round 17.
2026-03-19 01:39:22,118 - Server_DefaultID - INFO - Training client 88 (1/30)...
2026-03-19 01:39:28,922 - Server_DefaultID - INFO - Client 88: Acc=58.70, Loss=-343.9487, NLL=-1159.8131, KL=14.4834, AvgS=499.16, ProxLoss=0.0000
2026-03-19 01:39:28,923 - Server_DefaultID - INFO - Training client 99 (2/30)...
2026-03-19 01:39:30,241 - Server_DefaultID - INFO - Client 99: Acc=44.69, Loss=-71.9173, NLL=-245.3554, KL=4.8068, AvgS=105.28, ProxLoss=0.0000
2026-03-19 01:39:30,241 - Server_DefaultID - INFO - Training client 20 (3/30)...
2026-03-19 01:39:37,197 - Server_DefaultID - INFO - Client 20: Acc=64.84, Loss=-346.3547, NLL=-1161.6384, KL=12.8256, AvgS=499.94, ProxLoss=0.0000
2026-03-19 01:39:37,197 - Server_DefaultID - INFO - Training client 10 (4/30)...
2026-03-19 01:39:42,177 - Server_DefaultID - INFO - Client 10: Acc=62.73, Loss=-345.7755, NLL=-1161.6620, KL=13.8525, AvgS=499.95, ProxLoss=0.0000
2026-03-19 01:39:42,177 - Server_DefaultID - INFO - Training client 45 (5/30)...
2026-03-19 01:39:51,909 - Server_DefaultID - INFO - Client 45: Acc=60.86, Loss=-343.6625, NLL=-1161.3897, KL=14.8767, AvgS=499.84, ProxLoss=0.0000
2026-03-19 01:39:51,909 - Server_DefaultID - INFO - Training client 51 (6/30)...
2026-03-19 01:39:55,910 - Server_DefaultID - INFO - Client 51: Acc=21.41, Loss=-157.7103, NLL=-535.9239, KL=9.4107, AvgS=230.04, ProxLoss=0.0000
2026-03-19 01:39:55,911 - Server_DefaultID - INFO - Training client 14 (7/30)...
2026-03-19 01:40:07,037 - Server_DefaultID - INFO - Client 14: Acc=86.11, Loss=-342.7698, NLL=-1161.6951, KL=14.5139, AvgS=499.97, ProxLoss=0.0000
2026-03-19 01:40:07,037 - Server_DefaultID - INFO - Training client 2 (8/30)...
2026-03-19 01:40:18,557 - Server_DefaultID - INFO - Client 2: Acc=79.41, Loss=-344.1927, NLL=-1161.7684, KL=14.8555, AvgS=500.00, ProxLoss=0.0000
2026-03-19 01:40:18,557 - Server_DefaultID - INFO - Training client 52 (9/30)...
2026-03-19 01:40:23,500 - Server_DefaultID - INFO - Client 52: Acc=67.08, Loss=-343.1754, NLL=-1159.5052, KL=14.7650, AvgS=499.02, ProxLoss=0.0000
2026-03-19 01:40:23,500 - Server_DefaultID - INFO - Training client 0 (10/30)...
2026-03-19 01:40:25,314 - Server_DefaultID - INFO - Client 0: Acc=50.00, Loss=-344.4438, NLL=-1161.3788, KL=14.7795, AvgS=499.83, ProxLoss=0.0000
2026-03-19 01:40:25,314 - Server_DefaultID - INFO - Training client 63 (11/30)...
2026-03-19 01:40:33,159 - Server_DefaultID - INFO - Client 63: Acc=56.31, Loss=-344.1458, NLL=-1161.6849, KL=14.8190, AvgS=499.96, ProxLoss=0.0000
2026-03-19 01:40:33,159 - Server_DefaultID - INFO - Training client 37 (12/30)...
2026-03-19 01:40:37,721 - Server_DefaultID - INFO - Client 37: Acc=79.38, Loss=-345.0256, NLL=-1161.3840, KL=14.5630, AvgS=499.83, ProxLoss=0.0000
2026-03-19 01:40:37,721 - Server_DefaultID - INFO - Training client 38 (13/30)...
2026-03-19 01:40:39,726 - Server_DefaultID - INFO - Client 38: Acc=40.16, Loss=-255.0790, NLL=-860.4688, KL=11.2450, AvgS=369.83, ProxLoss=0.0000
2026-03-19 01:40:39,726 - Server_DefaultID - INFO - Training client 96 (14/30)...
2026-03-19 01:40:49,858 - Server_DefaultID - INFO - Client 96: Acc=64.13, Loss=-343.8464, NLL=-1161.3874, KL=14.7134, AvgS=499.83, ProxLoss=0.0000
2026-03-19 01:40:49,858 - Server_DefaultID - INFO - Training client 78 (15/30)...
2026-03-19 01:41:26,122 - Server_DefaultID - INFO - Client 78: Acc=93.75, Loss=-344.0929, NLL=-1161.6952, KL=14.7543, AvgS=499.97, ProxLoss=0.0000
2026-03-19 01:41:26,122 - Server_DefaultID - INFO - Training client 93 (16/30)...
2026-03-19 01:41:28,553 - Server_DefaultID - INFO - Client 93: Acc=30.47, Loss=-302.0587, NLL=-1023.5469, KL=14.0344, AvgS=440.29, ProxLoss=0.0000
2026-03-19 01:41:28,553 - Server_DefaultID - INFO - Training client 57 (17/30)...
2026-03-19 01:41:49,145 - Server_DefaultID - INFO - Client 57: Acc=94.63, Loss=-343.7498, NLL=-1161.7474, KL=14.7543, AvgS=499.99, ProxLoss=0.0000
2026-03-19 01:41:49,145 - Server_DefaultID - INFO - Training client 27 (18/30)...
2026-03-19 01:41:52,804 - Server_DefaultID - INFO - Client 27: Acc=44.17, Loss=-343.2290, NLL=-1157.6563, KL=14.3358, AvgS=498.22, ProxLoss=0.0000
2026-03-19 01:41:52,804 - Server_DefaultID - INFO - Training client 74 (19/30)...
2026-03-19 01:41:58,532 - Server_DefaultID - INFO - Client 74: Acc=55.23, Loss=-341.7431, NLL=-1156.0503, KL=14.7862, AvgS=497.53, ProxLoss=0.0000
2026-03-19 01:41:58,532 - Server_DefaultID - INFO - Training client 69 (20/30)...
2026-03-19 01:42:01,190 - Server_DefaultID - INFO - Client 69: Acc=37.97, Loss=-202.0230, NLL=-686.9494, KL=11.9579, AvgS=294.97, ProxLoss=0.0000
2026-03-19 01:42:01,190 - Server_DefaultID - INFO - Training client 41 (21/30)...
2026-03-19 01:42:12,613 - Server_DefaultID - INFO - Client 41: Acc=72.73, Loss=-343.3046, NLL=-1161.6756, KL=14.7321, AvgS=499.96, ProxLoss=0.0000
2026-03-19 01:42:12,614 - Server_DefaultID - INFO - Training client 89 (22/30)...
2026-03-19 01:42:29,909 - Server_DefaultID - INFO - Client 89: Acc=98.50, Loss=-342.5073, NLL=-1161.7282, KL=14.1406, AvgS=499.98, ProxLoss=0.0000
2026-03-19 01:42:29,909 - Server_DefaultID - INFO - Training client 61 (23/30)...
2026-03-19 01:42:36,031 - Server_DefaultID - INFO - Client 61: Acc=60.44, Loss=-345.8493, NLL=-1161.3773, KL=13.2814, AvgS=499.83, ProxLoss=0.0000
2026-03-19 01:42:36,031 - Server_DefaultID - INFO - Training client 47 (24/30)...
2026-03-19 01:42:45,156 - Server_DefaultID - INFO - Client 47: Acc=54.64, Loss=-345.5314, NLL=-1161.6555, KL=14.0530, AvgS=499.95, ProxLoss=0.0000
2026-03-19 01:42:45,156 - Server_DefaultID - INFO - Training client 77 (25/30)...
2026-03-19 01:43:04,050 - Server_DefaultID - INFO - Client 77: Acc=91.04, Loss=-343.8038, NLL=-1161.6814, KL=14.8305, AvgS=499.96, ProxLoss=0.0000
2026-03-19 01:43:04,050 - Server_DefaultID - INFO - Training client 13 (26/30)...
2026-03-19 01:43:05,660 - Server_DefaultID - INFO - Client 13: Acc=55.31, Loss=-342.6685, NLL=-1161.2275, KL=14.5871, AvgS=499.77, ProxLoss=0.0000
2026-03-19 01:43:05,661 - Server_DefaultID - INFO - Training client 64 (27/30)...
2026-03-19 01:43:07,573 - Server_DefaultID - INFO - Client 64: Acc=68.12, Loss=-103.0058, NLL=-354.7335, KL=9.9940, AvgS=152.10, ProxLoss=0.0000
2026-03-19 01:43:07,573 - Server_DefaultID - INFO - Training client 66 (28/30)...
2026-03-19 01:43:16,355 - Server_DefaultID - INFO - Client 66: Acc=87.99, Loss=-343.7505, NLL=-1161.7103, KL=14.8400, AvgS=499.97, ProxLoss=0.0000
2026-03-19 01:43:16,356 - Server_DefaultID - INFO - Training client 9 (29/30)...
2026-03-19 01:43:24,787 - Server_DefaultID - INFO - Client 9: Acc=97.46, Loss=-342.8805, NLL=-1161.7549, KL=14.4000, AvgS=499.99, ProxLoss=0.0000
2026-03-19 01:43:24,787 - Server_DefaultID - INFO - Training client 28 (30/30)...
2026-03-19 01:43:26,181 - Server_DefaultID - INFO - Client 28: Acc=12.19, Loss=-52.5248, NLL=-185.9654, KL=7.4902, AvgS=80.12, ProxLoss=0.0000
2026-03-19 01:43:28,697 - Server_DefaultID - WARNING - Global prior extremely imbalanced (max/min=1.0), applied adaptive smoothing lam=0.10.
2026-03-19 01:43:28,698 - Server_DefaultID - INFO - Round [17/200] Summary | Avg Client Train Stats:	Loss [-332.0618]	 Acc [76.39]	NLL [-1121.7245]	 KL [14.2255]	AvgS [482.74]	 ProxLoss [0.0000]
GlobalPriorAlpha (first 10): [5.0, 5.0, 5.0, 5.0, 5.0, 5.0, 5.0, 5.0, 5.0, 5.0]
Round Time: 246.58s
2026-03-19 01:43:28,700 - Server_DefaultID - INFO - --- Global Round 18/200 ---
2026-03-19 01:43:28,701 - Server_DefaultID - INFO - Selected 30 active clients for round 18.
2026-03-19 01:43:28,701 - Server_DefaultID - INFO - Training client 65 (1/30)...
2026-03-19 01:43:30,041 - Server_DefaultID - INFO - Client 65: Acc=67.50, Loss=-72.4050, NLL=-249.6368, KL=8.4000, AvgS=107.20, ProxLoss=0.0000
2026-03-19 01:43:30,041 - Server_DefaultID - INFO - Training client 88 (2/30)...
2026-03-19 01:43:36,436 - Server_DefaultID - INFO - Client 88: Acc=57.50, Loss=-344.7227, NLL=-1161.6106, KL=14.5402, AvgS=499.93, ProxLoss=0.0000
2026-03-19 01:43:36,436 - Server_DefaultID - INFO - Training client 34 (3/30)...
2026-03-19 01:43:40,225 - Server_DefaultID - INFO - Client 34: Acc=68.96, Loss=-341.5951, NLL=-1153.9882, KL=14.5250, AvgS=496.64, ProxLoss=0.0000
2026-03-19 01:43:40,225 - Server_DefaultID - INFO - Training client 35 (4/30)...
2026-03-19 01:43:44,402 - Server_DefaultID - INFO - Client 35: Acc=58.44, Loss=-344.3943, NLL=-1160.7781, KL=14.3673, AvgS=499.57, ProxLoss=0.0000
2026-03-19 01:43:44,402 - Server_DefaultID - INFO - Training client 63 (5/30)...
2026-03-19 01:43:52,883 - Server_DefaultID - INFO - Client 63: Acc=60.88, Loss=-344.1770, NLL=-1161.6376, KL=14.7923, AvgS=499.94, ProxLoss=0.0000
2026-03-19 01:43:52,883 - Server_DefaultID - INFO - Training client 19 (6/30)...
2026-03-19 01:44:10,550 - Server_DefaultID - INFO - Client 19: Acc=95.78, Loss=-342.7377, NLL=-1161.7437, KL=14.4327, AvgS=499.99, ProxLoss=0.0000
2026-03-19 01:44:10,550 - Server_DefaultID - INFO - Training client 62 (7/30)...
2026-03-19 01:44:13,109 - Server_DefaultID - INFO - Client 62: Acc=67.81, Loss=-86.1259, NLL=-297.7242, KL=8.3727, AvgS=128.19, ProxLoss=0.0000
2026-03-19 01:44:13,110 - Server_DefaultID - INFO - Training client 14 (8/30)...
2026-03-19 01:44:25,698 - Server_DefaultID - INFO - Client 14: Acc=89.38, Loss=-342.6766, NLL=-1161.5381, KL=14.5123, AvgS=499.90, ProxLoss=0.0000
2026-03-19 01:44:25,698 - Server_DefaultID - INFO - Training client 16 (9/30)...
2026-03-19 01:44:28,994 - Server_DefaultID - INFO - Client 16: Acc=71.25, Loss=-343.7190, NLL=-1161.6164, KL=14.8930, AvgS=499.93, ProxLoss=0.0000
2026-03-19 01:44:28,994 - Server_DefaultID - INFO - Training client 13 (10/30)...
2026-03-19 01:44:30,611 - Server_DefaultID - INFO - Client 13: Acc=60.00, Loss=-343.1278, NLL=-1161.4275, KL=14.7389, AvgS=499.85, ProxLoss=0.0000
2026-03-19 01:44:30,611 - Server_DefaultID - INFO - Training client 43 (11/30)...
2026-03-19 01:44:44,455 - Server_DefaultID - INFO - Client 43: Acc=80.48, Loss=-343.7948, NLL=-1161.6361, KL=14.8934, AvgS=499.94, ProxLoss=0.0000
2026-03-19 01:44:44,455 - Server_DefaultID - INFO - Training client 6 (12/30)...
2026-03-19 01:44:49,289 - Server_DefaultID - INFO - Client 6: Acc=78.85, Loss=-343.9631, NLL=-1161.7587, KL=14.8072, AvgS=500.00, ProxLoss=0.0000
2026-03-19 01:44:49,289 - Server_DefaultID - INFO - Training client 78 (13/30)...
2026-03-19 01:45:31,082 - Server_DefaultID - INFO - Client 78: Acc=94.30, Loss=-344.1359, NLL=-1161.7336, KL=14.7680, AvgS=499.98, ProxLoss=0.0000
2026-03-19 01:45:31,082 - Server_DefaultID - INFO - Training client 91 (14/30)...
2026-03-19 01:45:35,219 - Server_DefaultID - INFO - Client 91: Acc=80.52, Loss=-342.0258, NLL=-1159.9711, KL=14.5030, AvgS=499.22, ProxLoss=0.0000
2026-03-19 01:45:35,219 - Server_DefaultID - INFO - Training client 92 (15/30)...
2026-03-19 01:45:40,636 - Server_DefaultID - INFO - Client 92: Acc=95.62, Loss=-343.0634, NLL=-1159.9585, KL=14.7069, AvgS=499.22, ProxLoss=0.0000
2026-03-19 01:45:40,636 - Server_DefaultID - INFO - Training client 85 (16/30)...
2026-03-19 01:45:56,304 - Server_DefaultID - INFO - Client 85: Acc=99.74, Loss=-341.7761, NLL=-1161.7223, KL=13.6884, AvgS=499.98, ProxLoss=0.0000
2026-03-19 01:45:56,304 - Server_DefaultID - INFO - Training client 77 (17/30)...
2026-03-19 01:46:15,388 - Server_DefaultID - INFO - Client 77: Acc=91.42, Loss=-343.8377, NLL=-1161.7482, KL=14.8491, AvgS=499.99, ProxLoss=0.0000
2026-03-19 01:46:15,388 - Server_DefaultID - INFO - Training client 47 (18/30)...
2026-03-19 01:46:25,796 - Server_DefaultID - INFO - Client 47: Acc=52.50, Loss=-345.4765, NLL=-1161.6671, KL=14.0968, AvgS=499.96, ProxLoss=0.0000
2026-03-19 01:46:25,796 - Server_DefaultID - INFO - Training client 67 (19/30)...
2026-03-19 01:46:32,940 - Server_DefaultID - INFO - Client 67: Acc=66.25, Loss=-344.6241, NLL=-1161.4624, KL=14.6790, AvgS=499.87, ProxLoss=0.0000
2026-03-19 01:46:32,940 - Server_DefaultID - INFO - Training client 61 (20/30)...
2026-03-19 01:46:38,842 - Server_DefaultID - INFO - Client 61: Acc=67.12, Loss=-345.9162, NLL=-1161.5719, KL=13.5109, AvgS=499.91, ProxLoss=0.0000
2026-03-19 01:46:38,842 - Server_DefaultID - INFO - Training client 40 (21/30)...
2026-03-19 01:46:46,287 - Server_DefaultID - INFO - Client 40: Acc=64.90, Loss=-345.3774, NLL=-1161.2746, KL=13.9874, AvgS=499.79, ProxLoss=0.0000
2026-03-19 01:46:46,287 - Server_DefaultID - INFO - Training client 81 (22/30)...
2026-03-19 01:46:57,059 - Server_DefaultID - INFO - Client 81: Acc=79.15, Loss=-344.0391, NLL=-1161.7251, KL=14.8550, AvgS=499.98, ProxLoss=0.0000
2026-03-19 01:46:57,059 - Server_DefaultID - INFO - Training client 8 (23/30)...
2026-03-19 01:47:00,797 - Server_DefaultID - INFO - Client 8: Acc=86.88, Loss=-344.0833, NLL=-1161.6863, KL=14.8607, AvgS=499.96, ProxLoss=0.0000
2026-03-19 01:47:00,797 - Server_DefaultID - INFO - Training client 76 (24/30)...
2026-03-19 01:47:10,480 - Server_DefaultID - INFO - Client 76: Acc=77.23, Loss=-345.8852, NLL=-1161.5910, KL=13.8372, AvgS=499.92, ProxLoss=0.0000
2026-03-19 01:47:10,480 - Server_DefaultID - INFO - Training client 80 (25/30)...
2026-03-19 01:47:12,103 - Server_DefaultID - INFO - Client 80: Acc=52.50, Loss=-104.4490, NLL=-359.4438, KL=10.0406, AvgS=154.06, ProxLoss=0.0000
2026-03-19 01:47:12,103 - Server_DefaultID - INFO - Training client 55 (26/30)...
2026-03-19 01:47:50,143 - Server_DefaultID - INFO - Client 55: Acc=85.62, Loss=-344.6894, NLL=-1161.7352, KL=14.8065, AvgS=499.99, ProxLoss=0.0000
2026-03-19 01:47:50,143 - Server_DefaultID - INFO - Training client 15 (27/30)...
2026-03-19 01:47:52,785 - Server_DefaultID - INFO - Client 15: Acc=59.22, Loss=-344.5486, NLL=-1161.6774, KL=14.6966, AvgS=499.96, ProxLoss=0.0000
2026-03-19 01:47:52,785 - Server_DefaultID - INFO - Training client 24 (28/30)...
2026-03-19 01:47:54,297 - Server_DefaultID - INFO - Client 24: Acc=59.38, Loss=-71.1221, NLL=-243.1966, KL=6.9649, AvgS=104.49, ProxLoss=0.0000
2026-03-19 01:47:54,297 - Server_DefaultID - INFO - Training client 95 (29/30)...
2026-03-19 01:48:08,169 - Server_DefaultID - INFO - Client 95: Acc=60.97, Loss=-342.8912, NLL=-1161.5896, KL=14.6396, AvgS=499.92, ProxLoss=0.0000
2026-03-19 01:48:08,169 - Server_DefaultID - INFO - Training client 33 (30/30)...
2026-03-19 01:48:16,327 - Server_DefaultID - INFO - Client 33: Acc=59.20, Loss=-345.5778, NLL=-1161.6569, KL=13.8982, AvgS=499.95, ProxLoss=0.0000
2026-03-19 01:48:18,189 - Server_DefaultID - WARNING - Global prior extremely imbalanced (max/min=1.0), applied adaptive smoothing lam=0.10.
2026-03-19 01:48:18,191 - Server_DefaultID - INFO - Round [18/200] Summary | Avg Client Train Stats:	Loss [-336.5149]	 Acc [80.27]	NLL [-1136.3812]	 KL [14.3514]	AvgS [489.07]	 ProxLoss [0.0000]
GlobalPriorAlpha (first 10): [5.0, 5.0, 5.0, 5.0, 5.0, 5.0, 5.0, 5.0, 5.0, 5.0]
Round Time: 289.49s
2026-03-19 01:48:18,193 - Server_DefaultID - INFO - --- Global Round 19/200 ---
2026-03-19 01:48:18,194 - Server_DefaultID - INFO - Selected 30 active clients for round 19.
2026-03-19 01:48:18,194 - Server_DefaultID - INFO - Training client 52 (1/30)...
2026-03-19 01:48:21,318 - Server_DefaultID - INFO - Client 52: Acc=66.46, Loss=-343.9316, NLL=-1161.2413, KL=14.7690, AvgS=499.77, ProxLoss=0.0000
2026-03-19 01:48:21,318 - Server_DefaultID - INFO - Training client 76 (2/30)...
2026-03-19 01:48:31,825 - Server_DefaultID - INFO - Client 76: Acc=79.49, Loss=-345.8170, NLL=-1161.7483, KL=13.8602, AvgS=499.99, ProxLoss=0.0000
2026-03-19 01:48:31,825 - Server_DefaultID - INFO - Training client 73 (3/30)...
2026-03-19 01:48:47,140 - Server_DefaultID - INFO - Client 73: Acc=81.75, Loss=-343.1942, NLL=-1161.5339, KL=14.6787, AvgS=499.90, ProxLoss=0.0000
2026-03-19 01:48:47,140 - Server_DefaultID - INFO - Training client 0 (4/30)...
2026-03-19 01:48:48,930 - Server_DefaultID - INFO - Client 0: Acc=44.38, Loss=-344.3781, NLL=-1161.7014, KL=14.7830, AvgS=499.97, ProxLoss=0.0000
2026-03-19 01:48:48,930 - Server_DefaultID - INFO - Training client 83 (5/30)...
2026-03-19 01:49:01,843 - Server_DefaultID - INFO - Client 83: Acc=99.69, Loss=-341.7764, NLL=-1161.6652, KL=13.7324, AvgS=499.95, ProxLoss=0.0000
2026-03-19 01:49:01,844 - Server_DefaultID - INFO - Training client 49 (6/30)...
2026-03-19 01:49:09,882 - Server_DefaultID - INFO - Client 49: Acc=85.40, Loss=-343.7653, NLL=-1161.6361, KL=14.8933, AvgS=499.94, ProxLoss=0.0000
2026-03-19 01:49:09,882 - Server_DefaultID - INFO - Training client 18 (7/30)...
2026-03-19 01:49:27,851 - Server_DefaultID - INFO - Client 18: Acc=84.77, Loss=-344.3283, NLL=-1161.7220, KL=14.8239, AvgS=499.98, ProxLoss=0.0000
2026-03-19 01:49:27,851 - Server_DefaultID - INFO - Training client 22 (8/30)...
2026-03-19 01:49:30,475 - Server_DefaultID - INFO - Client 22: Acc=49.38, Loss=-119.3103, NLL=-412.0933, KL=10.5216, AvgS=176.61, ProxLoss=0.0000
2026-03-19 01:49:30,475 - Server_DefaultID - INFO - Training client 28 (9/30)...
2026-03-19 01:49:32,092 - Server_DefaultID - INFO - Client 28: Acc=4.38, Loss=-67.2293, NLL=-235.8642, KL=8.1890, AvgS=101.36, ProxLoss=0.0000
2026-03-19 01:49:32,092 - Server_DefaultID - INFO - Training client 15 (10/30)...
2026-03-19 01:49:34,717 - Server_DefaultID - INFO - Client 15: Acc=65.16, Loss=-344.2859, NLL=-1161.7699, KL=14.7311, AvgS=500.00, ProxLoss=0.0000
2026-03-19 01:49:34,717 - Server_DefaultID - INFO - Training client 40 (11/30)...
2026-03-19 01:49:41,430 - Server_DefaultID - INFO - Client 40: Acc=65.47, Loss=-345.2191, NLL=-1161.4393, KL=14.1599, AvgS=499.86, ProxLoss=0.0000
2026-03-19 01:49:41,430 - Server_DefaultID - INFO - Training client 23 (12/30)...
2026-03-19 01:49:42,668 - Server_DefaultID - INFO - Client 23: Acc=73.90, Loss=-71.7252, NLL=-250.1154, KL=8.8374, AvgS=107.45, ProxLoss=0.0000
2026-03-19 01:49:42,668 - Server_DefaultID - INFO - Training client 61 (13/30)...
2026-03-19 01:49:49,220 - Server_DefaultID - INFO - Client 61: Acc=70.44, Loss=-346.1810, NLL=-1161.7515, KL=13.2272, AvgS=499.99, ProxLoss=0.0000
2026-03-19 01:49:49,220 - Server_DefaultID - INFO - Training client 97 (14/30)...
2026-03-19 01:50:21,270 - Server_DefaultID - INFO - Client 97: Acc=99.58, Loss=-341.8979, NLL=-1161.7467, KL=13.7979, AvgS=499.99, ProxLoss=0.0000
2026-03-19 01:50:21,270 - Server_DefaultID - INFO - Training client 19 (15/30)...
2026-03-19 01:50:35,413 - Server_DefaultID - INFO - Client 19: Acc=95.67, Loss=-342.7615, NLL=-1161.7642, KL=14.4738, AvgS=500.00, ProxLoss=0.0000
2026-03-19 01:50:35,413 - Server_DefaultID - INFO - Training client 64 (16/30)...
2026-03-19 01:50:37,297 - Server_DefaultID - INFO - Client 64: Acc=68.44, Loss=-121.6595, NLL=-417.7138, KL=10.5829, AvgS=179.12, ProxLoss=0.0000
2026-03-19 01:50:37,297 - Server_DefaultID - INFO - Training client 27 (17/30)...
2026-03-19 01:50:43,484 - Server_DefaultID - INFO - Client 27: Acc=47.29, Loss=-344.3717, NLL=-1160.3208, KL=14.4465, AvgS=499.37, ProxLoss=0.0000
2026-03-19 01:50:43,484 - Server_DefaultID - INFO - Training client 51 (18/30)...
2026-03-19 01:50:46,068 - Server_DefaultID - INFO - Client 51: Acc=28.12, Loss=-201.0654, NLL=-681.8217, KL=10.6136, AvgS=292.91, ProxLoss=0.0000
2026-03-19 01:50:46,068 - Server_DefaultID - INFO - Training client 24 (19/30)...
2026-03-19 01:50:47,584 - Server_DefaultID - INFO - Client 24: Acc=52.19, Loss=-89.0484, NLL=-304.2354, KL=7.9899, AvgS=130.52, ProxLoss=0.0000
2026-03-19 01:50:47,584 - Server_DefaultID - INFO - Training client 30 (20/30)...
2026-03-19 01:50:56,444 - Server_DefaultID - INFO - Client 30: Acc=51.29, Loss=-342.2099, NLL=-1161.0814, KL=14.5082, AvgS=499.70, ProxLoss=0.0000
2026-03-19 01:50:56,444 - Server_DefaultID - INFO - Training client 98 (21/30)...
2026-03-19 01:51:00,052 - Server_DefaultID - INFO - Client 98: Acc=79.17, Loss=-342.4605, NLL=-1161.4362, KL=14.5115, AvgS=499.86, ProxLoss=0.0000
2026-03-19 01:51:00,052 - Server_DefaultID - INFO - Training client 86 (22/30)...
2026-03-19 01:51:05,904 - Server_DefaultID - INFO - Client 86: Acc=66.81, Loss=-338.3710, NLL=-1148.5184, KL=14.7161, AvgS=494.28, ProxLoss=0.0000
2026-03-19 01:51:05,904 - Server_DefaultID - INFO - Training client 53 (23/30)...
2026-03-19 01:51:19,493 - Server_DefaultID - INFO - Client 53: Acc=96.03, Loss=-343.2840, NLL=-1161.6828, KL=14.5970, AvgS=499.96, ProxLoss=0.0000
2026-03-19 01:51:19,494 - Server_DefaultID - INFO - Training client 91 (24/30)...
2026-03-19 01:51:23,796 - Server_DefaultID - INFO - Client 91: Acc=80.83, Loss=-342.3724, NLL=-1160.9396, KL=14.5081, AvgS=499.64, ProxLoss=0.0000
2026-03-19 01:51:23,796 - Server_DefaultID - INFO - Training client 32 (25/30)...
2026-03-19 01:51:30,299 - Server_DefaultID - INFO - Client 32: Acc=76.72, Loss=-344.5073, NLL=-1161.6669, KL=14.7490, AvgS=499.96, ProxLoss=0.0000
2026-03-19 01:51:30,300 - Server_DefaultID - INFO - Training client 58 (26/30)...
2026-03-19 01:51:38,268 - Server_DefaultID - INFO - Client 58: Acc=76.70, Loss=-342.6602, NLL=-1161.5743, KL=14.5672, AvgS=499.92, ProxLoss=0.0000
2026-03-19 01:51:38,268 - Server_DefaultID - INFO - Training client 9 (27/30)...
2026-03-19 01:51:46,297 - Server_DefaultID - INFO - Client 9: Acc=97.41, Loss=-342.7223, NLL=-1161.6232, KL=14.3882, AvgS=499.94, ProxLoss=0.0000
2026-03-19 01:51:46,298 - Server_DefaultID - INFO - Training client 41 (28/30)...
2026-03-19 01:51:58,704 - Server_DefaultID - INFO - Client 41: Acc=77.58, Loss=-343.2464, NLL=-1161.6906, KL=14.6955, AvgS=499.97, ProxLoss=0.0000
2026-03-19 01:51:58,704 - Server_DefaultID - INFO - Training client 72 (29/30)...
2026-03-19 01:52:03,191 - Server_DefaultID - INFO - Client 72: Acc=94.92, Loss=-343.2676, NLL=-1161.7462, KL=14.6283, AvgS=499.99, ProxLoss=0.0000
2026-03-19 01:52:03,191 - Server_DefaultID - INFO - Training client 59 (30/30)...
2026-03-19 01:52:11,827 - Server_DefaultID - INFO - Client 59: Acc=78.85, Loss=-344.0090, NLL=-1161.6623, KL=14.8470, AvgS=499.95, ProxLoss=0.0000
2026-03-19 01:52:12,699 - Server_DefaultID - WARNING - Global prior extremely imbalanced (max/min=1.0), applied adaptive smoothing lam=0.10.
2026-03-19 01:52:12,701 - Server_DefaultID - INFO - Round [19/200] Summary | Avg Client Train Stats:	Loss [-331.4946]	 Acc [81.41]	NLL [-1121.9454]	 KL [14.1488]	AvgS [482.83]	 ProxLoss [0.0000]
GlobalPriorAlpha (first 10): [5.0, 5.0, 5.0, 5.0, 5.0, 5.0, 5.0, 5.0, 5.0, 5.0]
Round Time: 234.51s
2026-03-19 01:52:12,703 - Server_DefaultID - INFO - --- Global Round 20/200 ---
2026-03-19 01:52:12,704 - Server_DefaultID - INFO - Selected 30 active clients for round 20.
2026-03-19 01:52:12,704 - Server_DefaultID - INFO - Training client 13 (1/30)...
2026-03-19 01:52:14,710 - Server_DefaultID - INFO - Client 13: Acc=57.81, Loss=-343.1042, NLL=-1161.5997, KL=14.7406, AvgS=499.93, ProxLoss=0.0000
2026-03-19 01:52:14,710 - Server_DefaultID - INFO - Training client 91 (2/30)...
2026-03-19 01:52:18,446 - Server_DefaultID - INFO - Client 91: Acc=87.08, Loss=-342.6138, NLL=-1161.6321, KL=14.5133, AvgS=499.94, ProxLoss=0.0000
2026-03-19 01:52:18,446 - Server_DefaultID - INFO - Training client 53 (3/30)...
2026-03-19 01:52:30,182 - Server_DefaultID - INFO - Client 53: Acc=95.78, Loss=-343.4110, NLL=-1161.7324, KL=14.6656, AvgS=499.98, ProxLoss=0.0000
2026-03-19 01:52:30,182 - Server_DefaultID - INFO - Training client 26 (4/30)...
2026-03-19 01:52:47,852 - Server_DefaultID - INFO - Client 26: Acc=96.47, Loss=-343.1682, NLL=-1161.7613, KL=14.6354, AvgS=500.00, ProxLoss=0.0000
2026-03-19 01:52:47,852 - Server_DefaultID - INFO - Training client 28 (5/30)...
2026-03-19 01:52:49,431 - Server_DefaultID - INFO - Client 28: Acc=5.94, Loss=-83.9705, NLL=-292.8887, KL=8.8679, AvgS=125.64, ProxLoss=0.0000
2026-03-19 01:52:49,431 - Server_DefaultID - INFO - Training client 7 (6/30)...
2026-03-19 01:52:58,430 - Server_DefaultID - INFO - Client 7: Acc=57.29, Loss=-344.2076, NLL=-1161.7438, KL=14.7812, AvgS=499.99, ProxLoss=0.0000
2026-03-19 01:52:58,430 - Server_DefaultID - INFO - Training client 49 (7/30)...
2026-03-19 01:53:07,377 - Server_DefaultID - INFO - Client 49: Acc=83.62, Loss=-343.6963, NLL=-1161.5427, KL=14.8925, AvgS=499.90, ProxLoss=0.0000
2026-03-19 01:53:07,377 - Server_DefaultID - INFO - Training client 58 (8/30)...
2026-03-19 01:53:14,646 - Server_DefaultID - INFO - Client 58: Acc=79.24, Loss=-342.7813, NLL=-1161.7600, KL=14.5688, AvgS=500.00, ProxLoss=0.0000
2026-03-19 01:53:14,646 - Server_DefaultID - INFO - Training client 86 (9/30)...
2026-03-19 01:53:21,058 - Server_DefaultID - INFO - Client 86: Acc=62.19, Loss=-343.6019, NLL=-1161.1867, KL=14.7601, AvgS=499.75, ProxLoss=0.0000
2026-03-19 01:53:21,058 - Server_DefaultID - INFO - Training client 46 (10/30)...
2026-03-19 01:53:31,346 - Server_DefaultID - INFO - Client 46: Acc=86.80, Loss=-343.6221, NLL=-1161.0324, KL=14.8506, AvgS=499.68, ProxLoss=0.0000
2026-03-19 01:53:31,346 - Server_DefaultID - INFO - Training client 80 (11/30)...
2026-03-19 01:53:33,056 - Server_DefaultID - INFO - Client 80: Acc=45.00, Loss=-122.0601, NLL=-419.8199, KL=10.5816, AvgS=179.95, ProxLoss=0.0000
2026-03-19 01:53:33,056 - Server_DefaultID - INFO - Training client 69 (12/30)...
2026-03-19 01:53:35,444 - Server_DefaultID - INFO - Client 69: Acc=42.03, Loss=-244.7260, NLL=-830.5756, KL=12.7630, AvgS=356.95, ProxLoss=0.0000
2026-03-19 01:53:35,444 - Server_DefaultID - INFO - Training client 67 (13/30)...
2026-03-19 01:53:42,928 - Server_DefaultID - INFO - Client 67: Acc=67.50, Loss=-344.7104, NLL=-1161.4755, KL=14.6587, AvgS=499.87, ProxLoss=0.0000
2026-03-19 01:53:42,928 - Server_DefaultID - INFO - Training client 20 (14/30)...
2026-03-19 01:53:50,597 - Server_DefaultID - INFO - Client 20: Acc=64.95, Loss=-346.1573, NLL=-1161.6039, KL=12.9893, AvgS=499.93, ProxLoss=0.0000
2026-03-19 01:53:50,597 - Server_DefaultID - INFO - Training client 8 (15/30)...
2026-03-19 01:53:53,359 - Server_DefaultID - INFO - Client 8: Acc=85.94, Loss=-344.0554, NLL=-1161.5176, KL=14.8474, AvgS=499.89, ProxLoss=0.0000
2026-03-19 01:53:53,359 - Server_DefaultID - INFO - Training client 59 (16/30)...
2026-03-19 01:54:08,235 - Server_DefaultID - INFO - Client 59: Acc=82.22, Loss=-343.9996, NLL=-1161.6218, KL=14.8478, AvgS=499.94, ProxLoss=0.0000
2026-03-19 01:54:08,235 - Server_DefaultID - INFO - Training client 79 (17/30)...
2026-03-19 01:54:14,244 - Server_DefaultID - INFO - Client 79: Acc=41.88, Loss=-281.6143, NLL=-965.5366, KL=13.6679, AvgS=415.18, ProxLoss=0.0000
2026-03-19 01:54:14,245 - Server_DefaultID - INFO - Training client 68 (18/30)...
2026-03-19 01:54:24,526 - Server_DefaultID - INFO - Client 68: Acc=81.63, Loss=-342.5368, NLL=-1161.5545, KL=14.5127, AvgS=499.91, ProxLoss=0.0000
2026-03-19 01:54:24,526 - Server_DefaultID - INFO - Training client 78 (19/30)...
2026-03-19 01:55:02,337 - Server_DefaultID - INFO - Client 78: Acc=94.79, Loss=-343.9943, NLL=-1161.7527, KL=14.7330, AvgS=499.99, ProxLoss=0.0000
2026-03-19 01:55:02,338 - Server_DefaultID - INFO - Training client 47 (20/30)...
2026-03-19 01:55:12,678 - Server_DefaultID - INFO - Client 47: Acc=56.88, Loss=-345.2174, NLL=-1161.5949, KL=14.1863, AvgS=499.92, ProxLoss=0.0000
2026-03-19 01:55:12,678 - Server_DefaultID - INFO - Training client 9 (21/30)...
2026-03-19 01:55:21,299 - Server_DefaultID - INFO - Client 9: Acc=97.37, Loss=-342.9155, NLL=-1161.7699, KL=14.4926, AvgS=500.00, ProxLoss=0.0000
2026-03-19 01:55:21,300 - Server_DefaultID - INFO - Training client 40 (22/30)...
2026-03-19 01:55:28,309 - Server_DefaultID - INFO - Client 40: Acc=68.07, Loss=-345.5333, NLL=-1161.6526, KL=14.0165, AvgS=499.95, ProxLoss=0.0000
2026-03-19 01:55:28,309 - Server_DefaultID - INFO - Training client 21 (23/30)...
2026-03-19 01:55:37,461 - Server_DefaultID - INFO - Client 21: Acc=57.42, Loss=-345.4809, NLL=-1161.6502, KL=14.0465, AvgS=499.95, ProxLoss=0.0000
2026-03-19 01:55:37,461 - Server_DefaultID - INFO - Training client 16 (24/30)...
2026-03-19 01:55:40,369 - Server_DefaultID - INFO - Client 16: Acc=75.31, Loss=-343.3018, NLL=-1161.3648, KL=14.8139, AvgS=499.83, ProxLoss=0.0000
2026-03-19 01:55:40,369 - Server_DefaultID - INFO - Training client 32 (25/30)...
2026-03-19 01:55:48,724 - Server_DefaultID - INFO - Client 32: Acc=78.80, Loss=-344.5328, NLL=-1161.7245, KL=14.7300, AvgS=499.98, ProxLoss=0.0000
2026-03-19 01:55:48,724 - Server_DefaultID - INFO - Training client 99 (26/30)...
2026-03-19 01:55:50,371 - Server_DefaultID - INFO - Client 99: Acc=37.81, Loss=-88.0077, NLL=-299.6815, KL=6.1816, AvgS=128.45, ProxLoss=0.0000
2026-03-19 01:55:50,371 - Server_DefaultID - INFO - Training client 30 (27/30)...
2026-03-19 01:55:59,778 - Server_DefaultID - INFO - Client 30: Acc=69.69, Loss=-342.4864, NLL=-1161.6386, KL=14.5133, AvgS=499.94, ProxLoss=0.0000
2026-03-19 01:55:59,778 - Server_DefaultID - INFO - Training client 57 (28/30)...
2026-03-19 01:56:19,780 - Server_DefaultID - INFO - Client 57: Acc=94.94, Loss=-343.6567, NLL=-1161.7607, KL=14.7711, AvgS=500.00, ProxLoss=0.0000
2026-03-19 01:56:19,780 - Server_DefaultID - INFO - Training client 50 (29/30)...
2026-03-19 01:56:50,462 - Server_DefaultID - INFO - Client 50: Acc=97.50, Loss=-342.9521, NLL=-1161.7316, KL=14.4859, AvgS=499.98, ProxLoss=0.0000
2026-03-19 01:56:50,462 - Server_DefaultID - INFO - Training client 34 (30/30)...
2026-03-19 01:56:57,024 - Server_DefaultID - INFO - Client 34: Acc=68.65, Loss=-344.3382, NLL=-1160.5705, KL=14.5634, AvgS=499.48, ProxLoss=0.0000
2026-03-19 01:56:59,355 - Server_DefaultID - WARNING - Global prior extremely imbalanced (max/min=1.0), applied adaptive smoothing lam=0.10.
2026-03-19 01:56:59,357 - Server_DefaultID - INFO - Round [20/200] Summary | Avg Client Train Stats:	Loss [-335.8456]	 Acc [80.88]	NLL [-1135.4127]	 KL [14.3996]	AvgS [488.63]	 ProxLoss [0.0000]
GlobalPriorAlpha (first 10): [5.0, 5.0, 5.0, 5.0, 5.0, 5.0, 5.0, 5.0, 5.0, 5.0]
Round Time: 286.65s
2026-03-19 01:56:59,357 - Server_DefaultID - INFO - --- Evaluating models at round 20 ---
2026-03-19 01:58:35,385 - Server_DefaultID - INFO - Global Model Evaluation (Round 20): 
  Avg Test Acc: 67.64%
  Avg Test Acc Softmax: 67.64%
  Avg Test Loss: -1014.8893
  Avg Test NLL: -1026.8098
  Avg Test KL (vs flat prior): 13.0706
  Avg Test S: 441.82
2026-03-19 01:59:59,559 - Server_DefaultID - INFO - Personalized Model Evaluation (Round 20): 
  Avg Test Acc: 71.63%
  Avg Test Acc Softmax: 71.63%
  Avg Test Loss: -1022.1501
  Avg Test NLL: -1034.0696
  Avg Test KL (vs flat prior): 13.0684
  Avg Test S: 444.97
2026-03-19 01:59:59,559 - Server_DefaultID - INFO - [Metric 1] Personalized Brier Score | Mean: 0.4189
2026-03-19 01:59:59,559 - Server_DefaultID - INFO - [Metric 1] Personalized ECE | Mean: 0.1279
2026-03-19 01:59:59,559 - Server_DefaultID - INFO - [OOD Eval] OOD AUC-ROC (Epistemic): 0.1060
2026-03-19 01:59:59,559 - Server_DefaultID - INFO - [Metric 4] OOD FPR@95%TPR: 0.9654
2026-03-19 02:00:03,029 - Server_DefaultID - INFO - --- Global Round 21/200 ---
2026-03-19 02:00:03,030 - Server_DefaultID - INFO - Selected 30 active clients for round 21.
2026-03-19 02:00:03,030 - Server_DefaultID - INFO - Training client 23 (1/30)...
2026-03-19 02:00:04,261 - Server_DefaultID - INFO - Client 23: Acc=59.66, Loss=-85.8635, NLL=-299.3133, KL=9.3900, AvgS=128.42, ProxLoss=0.0000
2026-03-19 02:00:04,261 - Server_DefaultID - INFO - Training client 31 (2/30)...
2026-03-19 02:00:11,768 - Server_DefaultID - INFO - Client 31: Acc=77.47, Loss=-343.7510, NLL=-1161.6478, KL=14.8811, AvgS=499.95, ProxLoss=0.0000
2026-03-19 02:00:11,768 - Server_DefaultID - INFO - Training client 54 (3/30)...
2026-03-19 02:00:15,637 - Server_DefaultID - INFO - Client 54: Acc=74.53, Loss=-86.2963, NLL=-300.9028, KL=9.3657, AvgS=129.05, ProxLoss=0.0000
2026-03-19 02:00:15,637 - Server_DefaultID - INFO - Training client 49 (4/30)...
2026-03-19 02:00:21,516 - Server_DefaultID - INFO - Client 49: Acc=84.33, Loss=-343.6293, NLL=-1161.4671, KL=14.8925, AvgS=499.87, ProxLoss=0.0000
2026-03-19 02:00:21,516 - Server_DefaultID - INFO - Training client 7 (5/30)...
2026-03-19 02:00:26,559 - Server_DefaultID - INFO - Client 7: Acc=47.29, Loss=-341.0681, NLL=-1155.3896, KL=14.7193, AvgS=497.24, ProxLoss=0.0000
2026-03-19 02:00:26,559 - Server_DefaultID - INFO - Training client 4 (6/30)...
2026-03-19 02:00:32,610 - Server_DefaultID - INFO - Client 4: Acc=66.72, Loss=-344.7254, NLL=-1160.1085, KL=13.9642, AvgS=499.28, ProxLoss=0.0000
2026-03-19 02:00:32,610 - Server_DefaultID - INFO - Training client 14 (7/30)...
2026-03-19 02:00:41,638 - Server_DefaultID - INFO - Client 14: Acc=70.14, Loss=-341.9671, NLL=-1160.2482, KL=14.5041, AvgS=499.34, ProxLoss=0.0000
2026-03-19 02:00:41,638 - Server_DefaultID - INFO - Training client 63 (8/30)...
2026-03-19 02:00:54,187 - Server_DefaultID - INFO - Client 63: Acc=64.06, Loss=-344.0834, NLL=-1161.6782, KL=14.7974, AvgS=499.96, ProxLoss=0.0000
2026-03-19 02:00:54,187 - Server_DefaultID - INFO - Training client 77 (9/30)...
2026-03-19 02:01:25,077 - Server_DefaultID - INFO - Client 77: Acc=91.90, Loss=-343.6208, NLL=-1161.5063, KL=14.8515, AvgS=499.89, ProxLoss=0.0000
2026-03-19 02:01:25,077 - Server_DefaultID - INFO - Training client 27 (10/30)...
2026-03-19 02:01:31,899 - Server_DefaultID - INFO - Client 27: Acc=49.90, Loss=-344.5434, NLL=-1160.8028, KL=14.3872, AvgS=499.58, ProxLoss=0.0000
2026-03-19 02:01:31,899 - Server_DefaultID - INFO - Training client 17 (11/30)...
2026-03-19 02:01:37,060 - Server_DefaultID - INFO - Client 17: Acc=79.22, Loss=-329.9086, NLL=-1114.5504, KL=14.3121, AvgS=479.60, ProxLoss=0.0000
2026-03-19 02:01:37,060 - Server_DefaultID - INFO - Training client 84 (12/30)...
2026-03-19 02:01:38,349 - Server_DefaultID - INFO - Client 84: Acc=63.40, Loss=-38.0023, NLL=-136.2277, KL=7.0107, AvgS=59.21, ProxLoss=0.0000
2026-03-19 02:01:38,349 - Server_DefaultID - INFO - Training client 44 (13/30)...
2026-03-19 02:01:48,615 - Server_DefaultID - INFO - Client 44: Acc=87.36, Loss=-343.6739, NLL=-1161.6121, KL=14.8848, AvgS=499.93, ProxLoss=0.0000
2026-03-19 02:01:48,615 - Server_DefaultID - INFO - Training client 15 (14/30)...
2026-03-19 02:01:51,872 - Server_DefaultID - INFO - Client 15: Acc=49.84, Loss=-321.6193, NLL=-1090.0440, KL=14.3556, AvgS=469.02, ProxLoss=0.0000
2026-03-19 02:01:51,872 - Server_DefaultID - INFO - Training client 50 (15/30)...
2026-03-19 02:02:10,179 - Server_DefaultID - INFO - Client 50: Acc=97.48, Loss=-342.8964, NLL=-1161.6584, KL=14.4794, AvgS=499.95, ProxLoss=0.0000
2026-03-19 02:02:10,180 - Server_DefaultID - INFO - Training client 51 (16/30)...
2026-03-19 02:02:12,552 - Server_DefaultID - INFO - Client 51: Acc=37.34, Loss=-245.9502, NLL=-831.2139, KL=11.3810, AvgS=357.30, ProxLoss=0.0000
2026-03-19 02:02:12,553 - Server_DefaultID - INFO - Training client 75 (17/30)...
2026-03-19 02:02:20,268 - Server_DefaultID - INFO - Client 75: Acc=91.60, Loss=-342.9389, NLL=-1161.7085, KL=14.5967, AvgS=499.97, ProxLoss=0.0000
2026-03-19 02:02:20,268 - Server_DefaultID - INFO - Training client 68 (18/30)...
2026-03-19 02:02:29,264 - Server_DefaultID - INFO - Client 68: Acc=83.92, Loss=-342.6167, NLL=-1161.7555, KL=14.5145, AvgS=499.99, ProxLoss=0.0000
2026-03-19 02:02:29,265 - Server_DefaultID - INFO - Training client 29 (19/30)...
2026-03-19 02:02:33,377 - Server_DefaultID - INFO - Client 29: Acc=79.61, Loss=-336.9028, NLL=-1143.9535, KL=14.7983, AvgS=492.30, ProxLoss=0.0000
2026-03-19 02:02:33,377 - Server_DefaultID - INFO - Training client 34 (20/30)...
2026-03-19 02:02:37,002 - Server_DefaultID - INFO - Client 34: Acc=68.33, Loss=-344.5287, NLL=-1161.4652, KL=14.4593, AvgS=499.87, ProxLoss=0.0000
2026-03-19 02:02:37,002 - Server_DefaultID - INFO - Training client 10 (21/30)...
2026-03-19 02:02:42,341 - Server_DefaultID - INFO - Client 10: Acc=40.55, Loss=-337.9337, NLL=-1142.2266, KL=13.7491, AvgS=491.56, ProxLoss=0.0000
2026-03-19 02:02:42,341 - Server_DefaultID - INFO - Training client 25 (22/30)...
2026-03-19 02:02:45,053 - Server_DefaultID - INFO - Client 25: Acc=59.69, Loss=-201.7927, NLL=-689.5194, KL=11.4265, AvgS=296.57, ProxLoss=0.0000
2026-03-19 02:02:45,053 - Server_DefaultID - INFO - Training client 33 (23/30)...
2026-03-19 02:02:51,699 - Server_DefaultID - INFO - Client 33: Acc=59.96, Loss=-345.4738, NLL=-1161.7224, KL=13.9437, AvgS=499.98, ProxLoss=0.0000
2026-03-19 02:02:51,700 - Server_DefaultID - INFO - Training client 18 (24/30)...
2026-03-19 02:03:08,428 - Server_DefaultID - INFO - Client 18: Acc=84.29, Loss=-344.1091, NLL=-1161.7043, KL=14.7912, AvgS=499.97, ProxLoss=0.0000
2026-03-19 02:03:08,429 - Server_DefaultID - INFO - Training client 96 (25/30)...
2026-03-19 02:03:17,691 - Server_DefaultID - INFO - Client 96: Acc=74.51, Loss=-343.7611, NLL=-1161.6574, KL=14.7735, AvgS=499.95, ProxLoss=0.0000
2026-03-19 02:03:17,692 - Server_DefaultID - INFO - Training client 62 (26/30)...
2026-03-19 02:03:19,654 - Server_DefaultID - INFO - Client 62: Acc=65.16, Loss=-121.6086, NLL=-417.2831, KL=9.4590, AvgS=179.33, ProxLoss=0.0000
2026-03-19 02:03:19,654 - Server_DefaultID - INFO - Training client 78 (27/30)...
2026-03-19 02:03:49,005 - Server_DefaultID - INFO - Client 78: Acc=95.04, Loss=-343.9860, NLL=-1161.7511, KL=14.6973, AvgS=499.99, ProxLoss=0.0000
2026-03-19 02:03:49,005 - Server_DefaultID - INFO - Training client 73 (28/30)...
2026-03-19 02:03:59,000 - Server_DefaultID - INFO - Client 73: Acc=84.18, Loss=-343.1799, NLL=-1161.7246, KL=14.6904, AvgS=499.98, ProxLoss=0.0000
2026-03-19 02:03:59,000 - Server_DefaultID - INFO - Training client 83 (29/30)...
2026-03-19 02:04:09,949 - Server_DefaultID - INFO - Client 83: Acc=99.72, Loss=-341.7120, NLL=-1161.7699, KL=13.7141, AvgS=500.00, ProxLoss=0.0000
2026-03-19 02:04:09,949 - Server_DefaultID - INFO - Training client 8 (30/30)...
2026-03-19 02:04:13,844 - Server_DefaultID - INFO - Client 8: Acc=87.03, Loss=-322.9326, NLL=-1095.1788, KL=14.3329, AvgS=471.26, ProxLoss=0.0000
2026-03-19 02:04:18,493 - Server_DefaultID - WARNING - Global prior extremely imbalanced (max/min=1.0), applied adaptive smoothing lam=0.10.
2026-03-19 02:04:18,495 - Server_DefaultID - INFO - Round [21/200] Summary | Avg Client Train Stats:	Loss [-333.3072]	 Acc [81.21]	NLL [-1127.5168]	 KL [14.3560]	AvgS [485.24]	 ProxLoss [0.0000]
GlobalPriorAlpha (first 10): [5.0, 5.0, 5.0, 5.0, 5.0, 5.0, 5.0, 5.0, 5.0, 5.0]
Round Time: 255.46s
2026-03-19 02:04:18,499 - Server_DefaultID - INFO - --- Global Round 22/200 ---
2026-03-19 02:04:18,500 - Server_DefaultID - INFO - Selected 30 active clients for round 22.
2026-03-19 02:04:18,500 - Server_DefaultID - INFO - Training client 80 (1/30)...
2026-03-19 02:04:21,242 - Server_DefaultID - INFO - Client 80: Acc=54.38, Loss=-141.7324, NLL=-485.1869, KL=11.1093, AvgS=208.05, ProxLoss=0.0000
2026-03-19 02:04:21,242 - Server_DefaultID - INFO - Training client 70 (2/30)...
2026-03-19 02:04:31,398 - Server_DefaultID - INFO - Client 70: Acc=78.69, Loss=-342.7969, NLL=-1161.3729, KL=14.6436, AvgS=499.83, ProxLoss=0.0000
2026-03-19 02:04:31,399 - Server_DefaultID - INFO - Training client 49 (3/30)...
2026-03-19 02:04:44,474 - Server_DefaultID - INFO - Client 49: Acc=84.46, Loss=-343.6589, NLL=-1161.6510, KL=14.8936, AvgS=499.95, ProxLoss=0.0000
2026-03-19 02:04:44,474 - Server_DefaultID - INFO - Training client 10 (4/30)...
2026-03-19 02:04:53,216 - Server_DefaultID - INFO - Client 10: Acc=35.94, Loss=-344.7756, NLL=-1160.5407, KL=13.7326, AvgS=499.47, ProxLoss=0.0000
2026-03-19 02:04:53,216 - Server_DefaultID - INFO - Training client 73 (5/30)...
2026-03-19 02:05:16,268 - Server_DefaultID - INFO - Client 73: Acc=85.89, Loss=-343.1448, NLL=-1161.6498, KL=14.6804, AvgS=499.95, ProxLoss=0.0000
2026-03-19 02:05:16,268 - Server_DefaultID - INFO - Training client 60 (6/30)...
2026-03-19 02:05:19,472 - Server_DefaultID - INFO - Client 60: Acc=53.23, Loss=-333.4750, NLL=-1136.2494, KL=14.6796, AvgS=488.98, ProxLoss=0.0000
2026-03-19 02:05:19,472 - Server_DefaultID - INFO - Training client 15 (7/30)...
2026-03-19 02:05:21,881 - Server_DefaultID - INFO - Client 15: Acc=46.72, Loss=-335.8867, NLL=-1137.5414, KL=14.6013, AvgS=489.53, ProxLoss=0.0000
2026-03-19 02:05:21,882 - Server_DefaultID - INFO - Training client 28 (8/30)...
2026-03-19 02:05:23,143 - Server_DefaultID - INFO - Client 28: Acc=4.06, Loss=-100.2027, NLL=-348.1967, KL=9.4426, AvgS=149.38, ProxLoss=0.0000
2026-03-19 02:05:23,143 - Server_DefaultID - INFO - Training client 36 (9/30)...
2026-03-19 02:05:31,399 - Server_DefaultID - INFO - Client 36: Acc=94.05, Loss=-342.7675, NLL=-1161.7197, KL=14.5471, AvgS=499.98, ProxLoss=0.0000
2026-03-19 02:05:31,399 - Server_DefaultID - INFO - Training client 69 (10/30)...
2026-03-19 02:05:32,014 - Server_DefaultID - INFO - Client 69: Acc=48.28, Loss=-291.1131, NLL=-985.9916, KL=13.6395, AvgS=424.04, ProxLoss=0.0000
2026-03-19 02:05:32,014 - Server_DefaultID - INFO - Training client 16 (11/30)...
2026-03-19 02:05:32,618 - Server_DefaultID - INFO - Client 16: Acc=55.47, Loss=-315.5132, NLL=-1071.6340, KL=14.2570, AvgS=461.11, ProxLoss=0.0000
2026-03-19 02:05:32,618 - Server_DefaultID - INFO - Training client 54 (12/30)...
2026-03-19 02:05:33,305 - Server_DefaultID - INFO - Client 54: Acc=71.41, Loss=-118.4826, NLL=-410.9083, KL=10.4333, AvgS=176.18, ProxLoss=0.0000
2026-03-19 02:05:33,305 - Server_DefaultID - INFO - Training client 99 (13/30)...
2026-03-19 02:05:33,787 - Server_DefaultID - INFO - Client 99: Acc=46.56, Loss=-106.5455, NLL=-361.4443, KL=5.9316, AvgS=154.88, ProxLoss=0.0000
2026-03-19 02:05:33,787 - Server_DefaultID - INFO - Training client 67 (14/30)...
2026-03-19 02:05:35,432 - Server_DefaultID - INFO - Client 67: Acc=67.97, Loss=-344.6419, NLL=-1161.6150, KL=14.6631, AvgS=499.93, ProxLoss=0.0000
2026-03-19 02:05:35,432 - Server_DefaultID - INFO - Training client 61 (15/30)...
2026-03-19 02:05:36,759 - Server_DefaultID - INFO - Client 61: Acc=73.31, Loss=-346.0151, NLL=-1161.5259, KL=13.1249, AvgS=499.89, ProxLoss=0.0000
2026-03-19 02:05:36,759 - Server_DefaultID - INFO - Training client 5 (16/30)...
2026-03-19 02:05:37,076 - Server_DefaultID - INFO - Client 5: Acc=70.94, Loss=-318.0204, NLL=-1072.1695, KL=13.7765, AvgS=461.33, ProxLoss=0.0000
2026-03-19 02:05:37,076 - Server_DefaultID - INFO - Training client 39 (17/30)...
2026-03-19 02:05:40,538 - Server_DefaultID - INFO - Client 39: Acc=76.48, Loss=-343.9475, NLL=-1161.6854, KL=14.8499, AvgS=499.96, ProxLoss=0.0000
2026-03-19 02:05:40,538 - Server_DefaultID - INFO - Training client 13 (18/30)...
2026-03-19 02:05:40,977 - Server_DefaultID - INFO - Client 13: Acc=52.19, Loss=-304.2098, NLL=-1032.0393, KL=13.9921, AvgS=444.02, ProxLoss=0.0000
2026-03-19 02:05:40,977 - Server_DefaultID - INFO - Training client 0 (19/30)...
2026-03-19 02:05:41,551 - Server_DefaultID - INFO - Client 0: Acc=26.56, Loss=-308.9292, NLL=-1044.9231, KL=13.9211, AvgS=449.58, ProxLoss=0.0000
2026-03-19 02:05:41,557 - Server_DefaultID - INFO - Training client 27 (20/30)...
2026-03-19 02:05:42,450 - Server_DefaultID - INFO - Client 27: Acc=55.10, Loss=-344.8551, NLL=-1161.6391, KL=14.3696, AvgS=499.94, ProxLoss=0.0000
2026-03-19 02:05:42,450 - Server_DefaultID - INFO - Training client 82 (21/30)...
2026-03-19 02:05:43,799 - Server_DefaultID - INFO - Client 82: Acc=85.38, Loss=-343.3783, NLL=-1161.4377, KL=14.7347, AvgS=499.86, ProxLoss=0.0000
2026-03-19 02:05:43,799 - Server_DefaultID - INFO - Training client 4 (22/30)...
2026-03-19 02:05:45,372 - Server_DefaultID - INFO - Client 4: Acc=69.32, Loss=-345.4631, NLL=-1161.5036, KL=13.9415, AvgS=499.89, ProxLoss=0.0000
2026-03-19 02:05:45,372 - Server_DefaultID - INFO - Training client 25 (23/30)...
2026-03-19 02:05:46,119 - Server_DefaultID - INFO - Client 25: Acc=87.66, Loss=-234.7954, NLL=-801.0772, KL=12.1552, AvgS=344.56, ProxLoss=0.0000
2026-03-19 02:05:46,119 - Server_DefaultID - INFO - Training client 48 (24/30)...
2026-03-19 02:05:50,101 - Server_DefaultID - INFO - Client 48: Acc=86.62, Loss=-343.9769, NLL=-1161.6886, KL=14.8137, AvgS=499.96, ProxLoss=0.0000
2026-03-19 02:05:50,101 - Server_DefaultID - INFO - Training client 42 (25/30)...
2026-03-19 02:05:51,631 - Server_DefaultID - INFO - Client 42: Acc=90.78, Loss=-342.9308, NLL=-1160.0908, KL=14.7363, AvgS=499.28, ProxLoss=0.0000
2026-03-19 02:05:51,631 - Server_DefaultID - INFO - Training client 31 (26/30)...
2026-03-19 02:05:53,940 - Server_DefaultID - INFO - Client 31: Acc=79.27, Loss=-343.7242, NLL=-1161.6524, KL=14.8812, AvgS=499.95, ProxLoss=0.0000
2026-03-19 02:05:53,940 - Server_DefaultID - INFO - Training client 6 (27/30)...
2026-03-19 02:05:54,857 - Server_DefaultID - INFO - Client 6: Acc=58.75, Loss=-330.9920, NLL=-1124.9049, KL=14.5339, AvgS=484.08, ProxLoss=0.0000
2026-03-19 02:05:54,857 - Server_DefaultID - INFO - Training client 43 (28/30)...
2026-03-19 02:05:58,565 - Server_DefaultID - INFO - Client 43: Acc=80.11, Loss=-343.6372, NLL=-1161.6532, KL=14.8935, AvgS=499.95, ProxLoss=0.0000
2026-03-19 02:05:58,565 - Server_DefaultID - INFO - Training client 98 (29/30)...
2026-03-19 02:05:59,425 - Server_DefaultID - INFO - Client 98: Acc=82.50, Loss=-342.3714, NLL=-1161.4442, KL=14.5116, AvgS=499.86, ProxLoss=0.0000
2026-03-19 02:05:59,425 - Server_DefaultID - INFO - Training client 87 (30/30)...
2026-03-19 02:06:01,228 - Server_DefaultID - INFO - Client 87: Acc=54.15, Loss=-345.7326, NLL=-1161.6905, KL=13.6214, AvgS=499.97, ProxLoss=0.0000
2026-03-19 02:06:01,439 - Server_DefaultID - WARNING - Global prior extremely imbalanced (max/min=1.0), applied adaptive smoothing lam=0.10.
2026-03-19 02:06:01,439 - Server_DefaultID - INFO - Round [22/200] Summary | Avg Client Train Stats:	Loss [-330.9172]	 Acc [75.58]	NLL [-1118.9189]	 KL [14.2881]	AvgS [481.52]	 ProxLoss [0.0000]
GlobalPriorAlpha (first 10): [5.0, 5.0, 5.0, 5.0, 5.0, 5.0, 5.0, 5.0, 5.0, 5.0]
Round Time: 102.94s
2026-03-19 02:06:01,441 - Server_DefaultID - INFO - --- Global Round 23/200 ---
2026-03-19 02:06:01,442 - Server_DefaultID - INFO - Selected 30 active clients for round 23.
2026-03-19 02:06:01,442 - Server_DefaultID - INFO - Training client 82 (1/30)...
2026-03-19 02:06:02,789 - Server_DefaultID - INFO - Client 82: Acc=87.62, Loss=-343.1962, NLL=-1161.1588, KL=14.7459, AvgS=499.74, ProxLoss=0.0000
2026-03-19 02:06:02,789 - Server_DefaultID - INFO - Training client 78 (2/30)...
2026-03-19 02:06:09,941 - Server_DefaultID - INFO - Client 78: Acc=95.45, Loss=-343.8546, NLL=-1161.7639, KL=14.7382, AvgS=500.00, ProxLoss=0.0000
2026-03-19 02:06:09,941 - Server_DefaultID - INFO - Training client 49 (3/30)...
2026-03-19 02:06:11,481 - Server_DefaultID - INFO - Client 49: Acc=84.64, Loss=-343.6590, NLL=-1161.7344, KL=14.8946, AvgS=499.98, ProxLoss=0.0000
2026-03-19 02:06:11,481 - Server_DefaultID - INFO - Training client 75 (4/30)...
2026-03-19 02:06:13,557 - Server_DefaultID - INFO - Client 75: Acc=90.04, Loss=-342.8696, NLL=-1161.7534, KL=14.5972, AvgS=499.99, ProxLoss=0.0000
2026-03-19 02:06:13,557 - Server_DefaultID - INFO - Training client 38 (5/30)...
2026-03-19 02:06:14,273 - Server_DefaultID - INFO - Client 38: Acc=36.41, Loss=-305.0265, NLL=-1028.9253, KL=12.2365, AvgS=442.60, ProxLoss=0.0000
2026-03-19 02:06:14,273 - Server_DefaultID - INFO - Training client 91 (6/30)...
2026-03-19 02:06:15,450 - Server_DefaultID - INFO - Client 91: Acc=88.12, Loss=-342.5273, NLL=-1161.6334, KL=14.5132, AvgS=499.94, ProxLoss=0.0000
2026-03-19 02:06:15,450 - Server_DefaultID - INFO - Training client 41 (7/30)...
2026-03-19 02:06:17,338 - Server_DefaultID - INFO - Client 41: Acc=79.34, Loss=-343.1003, NLL=-1161.6242, KL=14.7044, AvgS=499.94, ProxLoss=0.0000
2026-03-19 02:06:17,338 - Server_DefaultID - INFO - Training client 5 (8/30)...
2026-03-19 02:06:17,713 - Server_DefaultID - INFO - Client 5: Acc=69.69, Loss=-331.0764, NLL=-1115.2519, KL=13.9783, AvgS=479.91, ProxLoss=0.0000
2026-03-19 02:06:17,713 - Server_DefaultID - INFO - Training client 86 (9/30)...
2026-03-19 02:06:18,948 - Server_DefaultID - INFO - Client 86: Acc=73.38, Loss=-343.6331, NLL=-1161.3377, KL=14.7276, AvgS=499.81, ProxLoss=0.0000
2026-03-19 02:06:18,948 - Server_DefaultID - INFO - Training client 88 (10/30)...
2026-03-19 02:06:20,241 - Server_DefaultID - INFO - Client 88: Acc=59.01, Loss=-344.4977, NLL=-1161.5595, KL=14.4725, AvgS=499.91, ProxLoss=0.0000
2026-03-19 02:06:20,241 - Server_DefaultID - INFO - Training client 93 (11/30)...
2026-03-19 02:06:20,788 - Server_DefaultID - INFO - Client 93: Acc=47.34, Loss=-332.9346, NLL=-1125.9444, KL=14.3602, AvgS=484.53, ProxLoss=0.0000
2026-03-19 02:06:20,789 - Server_DefaultID - INFO - Training client 9 (12/30)...
2026-03-19 02:06:22,442 - Server_DefaultID - INFO - Client 9: Acc=97.54, Loss=-339.2178, NLL=-1151.8890, KL=14.4152, AvgS=495.73, ProxLoss=0.0000
2026-03-19 02:06:22,443 - Server_DefaultID - INFO - Training client 43 (13/30)...
2026-03-19 02:06:24,921 - Server_DefaultID - INFO - Client 43: Acc=81.93, Loss=-343.6319, NLL=-1161.7058, KL=14.8942, AvgS=499.97, ProxLoss=0.0000
2026-03-19 02:06:24,921 - Server_DefaultID - INFO - Training client 13 (14/30)...
2026-03-19 02:06:25,334 - Server_DefaultID - INFO - Client 13: Acc=54.69, Loss=-325.5995, NLL=-1104.8391, KL=14.3855, AvgS=475.42, ProxLoss=0.0000
2026-03-19 02:06:25,334 - Server_DefaultID - INFO - Training client 71 (15/30)...
2026-03-19 02:06:26,083 - Server_DefaultID - INFO - Client 71: Acc=66.72, Loss=-161.6288, NLL=-551.7326, KL=11.4184, AvgS=236.72, ProxLoss=0.0000
2026-03-19 02:06:26,083 - Server_DefaultID - INFO - Training client 25 (16/30)...
2026-03-19 02:06:26,820 - Server_DefaultID - INFO - Client 25: Acc=90.94, Loss=-255.9618, NLL=-870.8818, KL=12.8274, AvgS=374.56, ProxLoss=0.0000
2026-03-19 02:06:26,820 - Server_DefaultID - INFO - Training client 19 (17/30)...
2026-03-19 02:06:29,882 - Server_DefaultID - INFO - Client 19: Acc=95.16, Loss=-342.5725, NLL=-1161.7246, KL=14.4870, AvgS=499.98, ProxLoss=0.0000
2026-03-19 02:06:29,882 - Server_DefaultID - INFO - Training client 92 (18/30)...
2026-03-19 02:06:32,026 - Server_DefaultID - INFO - Client 92: Acc=95.23, Loss=-343.4329, NLL=-1161.4687, KL=14.5978, AvgS=499.87, ProxLoss=0.0000
2026-03-19 02:06:32,026 - Server_DefaultID - INFO - Training client 40 (19/30)...
2026-03-19 02:06:33,583 - Server_DefaultID - INFO - Client 40: Acc=71.09, Loss=-345.4791, NLL=-1161.6619, KL=13.9733, AvgS=499.95, ProxLoss=0.0000
2026-03-19 02:06:33,583 - Server_DefaultID - INFO - Training client 60 (20/30)...
2026-03-19 02:06:34,355 - Server_DefaultID - INFO - Client 60: Acc=60.83, Loss=-340.8095, NLL=-1156.8093, KL=14.7271, AvgS=497.86, ProxLoss=0.0000
2026-03-19 02:06:34,355 - Server_DefaultID - INFO - Training client 59 (21/30)...
2026-03-19 02:06:36,469 - Server_DefaultID - INFO - Client 59: Acc=82.50, Loss=-343.8333, NLL=-1161.5746, KL=14.8487, AvgS=499.92, ProxLoss=0.0000
2026-03-19 02:06:36,469 - Server_DefaultID - INFO - Training client 14 (22/30)...
2026-03-19 02:06:38,688 - Server_DefaultID - INFO - Client 14: Acc=82.64, Loss=-342.4878, NLL=-1161.6738, KL=14.5137, AvgS=499.96, ProxLoss=0.0000
2026-03-19 02:06:38,688 - Server_DefaultID - INFO - Training client 28 (23/30)...
2026-03-19 02:06:39,129 - Server_DefaultID - INFO - Client 28: Acc=2.81, Loss=-118.5801, NLL=-410.4078, KL=9.9815, AvgS=176.03, ProxLoss=0.0000
2026-03-19 02:06:39,129 - Server_DefaultID - INFO - Training client 21 (24/30)...
2026-03-19 02:06:41,092 - Server_DefaultID - INFO - Client 21: Acc=63.44, Loss=-345.4534, NLL=-1161.7357, KL=14.0467, AvgS=499.99, ProxLoss=0.0000
2026-03-19 02:06:41,093 - Server_DefaultID - INFO - Training client 83 (25/30)...
2026-03-19 02:06:43,349 - Client_83 - WARNING - Client 83: Too few classes (1) or samples (694) for alpha report, returning uniform.
2026-03-19 02:06:43,350 - Server_DefaultID - INFO - Client 83: Acc=99.69, Loss=-341.5981, NLL=-1161.6514, KL=13.7323, AvgS=499.95, ProxLoss=0.0000
2026-03-19 02:06:43,350 - Server_DefaultID - INFO - Training client 67 (26/30)...
2026-03-19 02:06:45,209 - Server_DefaultID - INFO - Client 67: Acc=68.49, Loss=-344.7005, NLL=-1161.6818, KL=14.6420, AvgS=499.96, ProxLoss=0.0000
2026-03-19 02:06:45,209 - Server_DefaultID - INFO - Training client 47 (27/30)...
2026-03-19 02:06:47,149 - Server_DefaultID - INFO - Client 47: Acc=58.02, Loss=-345.2980, NLL=-1161.7439, KL=14.1211, AvgS=499.99, ProxLoss=0.0000
2026-03-19 02:06:47,149 - Server_DefaultID - INFO - Training client 51 (28/30)...
2026-03-19 02:06:47,911 - Server_DefaultID - INFO - Client 51: Acc=39.38, Loss=-279.4709, NLL=-943.3020, KL=12.0120, AvgS=405.64, ProxLoss=0.0000
2026-03-19 02:06:47,911 - Server_DefaultID - INFO - Training client 6 (29/30)...
2026-03-19 02:06:48,974 - Server_DefaultID - INFO - Client 6: Acc=58.44, Loss=-343.1056, NLL=-1160.4816, KL=14.7897, AvgS=499.44, ProxLoss=0.0000
2026-03-19 02:06:48,974 - Server_DefaultID - INFO - Training client 64 (30/30)...
2026-03-19 02:06:49,417 - Server_DefaultID - INFO - Client 64: Acc=69.38, Loss=-140.6065, NLL=-481.9852, KL=11.1537, AvgS=206.71, ProxLoss=0.0000
2026-03-19 02:06:49,678 - Server_DefaultID - WARNING - Global prior extremely imbalanced (max/min=1.0), applied adaptive smoothing lam=0.10.
2026-03-19 02:06:49,678 - Server_DefaultID - INFO - Round [23/200] Summary | Avg Client Train Stats:	Loss [-334.2905]	 Acc [80.68]	NLL [-1130.7733]	 KL [14.3444]	AvgS [486.63]	 ProxLoss [0.0000]
GlobalPriorAlpha (first 10): [5.0, 5.0, 5.0, 5.0, 5.0, 5.0, 5.0, 5.0, 5.0, 5.0]
Round Time: 48.24s
2026-03-19 02:06:49,681 - Server_DefaultID - INFO - --- Global Round 24/200 ---
2026-03-19 02:06:49,682 - Server_DefaultID - INFO - Selected 30 active clients for round 24.
2026-03-19 02:06:49,682 - Server_DefaultID - INFO - Training client 11 (1/30)...
2026-03-19 02:06:51,513 - Server_DefaultID - INFO - Client 11: Acc=86.67, Loss=-342.7345, NLL=-1158.6837, KL=14.8017, AvgS=498.67, ProxLoss=0.0000
2026-03-19 02:06:51,513 - Server_DefaultID - INFO - Training client 85 (2/30)...
2026-03-19 02:06:54,839 - Server_DefaultID - INFO - Client 85: Acc=99.79, Loss=-341.5166, NLL=-1161.7129, KL=13.6883, AvgS=499.98, ProxLoss=0.0000
2026-03-19 02:06:54,839 - Server_DefaultID - INFO - Training client 29 (3/30)...
2026-03-19 02:06:56,236 - Server_DefaultID - INFO - Client 29: Acc=81.56, Loss=-343.0612, NLL=-1160.8758, KL=14.8875, AvgS=499.61, ProxLoss=0.0000
2026-03-19 02:06:56,236 - Server_DefaultID - INFO - Training client 6 (4/30)...
2026-03-19 02:06:57,303 - Server_DefaultID - INFO - Client 6: Acc=65.52, Loss=-343.0548, NLL=-1160.3290, KL=14.7973, AvgS=499.38, ProxLoss=0.0000
2026-03-19 02:06:57,303 - Server_DefaultID - INFO - Training client 43 (5/30)...
2026-03-19 02:07:00,627 - Server_DefaultID - INFO - Client 43: Acc=82.95, Loss=-343.6021, NLL=-1161.7037, KL=14.8942, AvgS=499.97, ProxLoss=0.0000
2026-03-19 02:07:00,627 - Server_DefaultID - INFO - Training client 62 (6/30)...
2026-03-19 02:07:01,421 - Server_DefaultID - INFO - Client 62: Acc=64.53, Loss=-160.5056, NLL=-550.3864, KL=10.4610, AvgS=236.62, ProxLoss=0.0000
2026-03-19 02:07:01,421 - Server_DefaultID - INFO - Training client 33 (7/30)...
2026-03-19 02:07:03,604 - Server_DefaultID - INFO - Client 33: Acc=59.46, Loss=-345.2728, NLL=-1161.6152, KL=13.9750, AvgS=499.93, ProxLoss=0.0000
2026-03-19 02:07:03,604 - Server_DefaultID - INFO - Training client 60 (8/30)...
2026-03-19 02:07:05,663 - Server_DefaultID - INFO - Client 60: Acc=60.52, Loss=-342.9592, NLL=-1161.1757, KL=14.7728, AvgS=499.74, ProxLoss=0.0000
2026-03-19 02:07:05,663 - Server_DefaultID - INFO - Training client 84 (9/30)...
2026-03-19 02:07:06,110 - Server_DefaultID - INFO - Client 84: Acc=64.91, Loss=-52.6096, NLL=-186.4727, KL=7.7006, AvgS=80.44, ProxLoss=0.0000
2026-03-19 02:07:06,110 - Server_DefaultID - INFO - Training client 28 (10/30)...
2026-03-19 02:07:06,651 - Server_DefaultID - INFO - Client 28: Acc=2.19, Loss=-134.3205, NLL=-463.9612, KL=10.5894, AvgS=199.02, ProxLoss=0.0000
2026-03-19 02:07:06,652 - Server_DefaultID - INFO - Training client 92 (11/30)...
2026-03-19 02:07:08,069 - Server_DefaultID - INFO - Client 92: Acc=95.00, Loss=-343.9072, NLL=-1161.6676, KL=14.7653, AvgS=499.96, ProxLoss=0.0000
2026-03-19 02:07:08,069 - Server_DefaultID - INFO - Training client 16 (12/30)...
2026-03-19 02:07:08,881 - Server_DefaultID - INFO - Client 16: Acc=56.56, Loss=-335.0624, NLL=-1137.6288, KL=14.7000, AvgS=489.57, ProxLoss=0.0000
2026-03-19 02:07:08,885 - Server_DefaultID - INFO - Training client 67 (13/30)...
2026-03-19 02:07:10,839 - Server_DefaultID - INFO - Client 67: Acc=71.46, Loss=-344.6283, NLL=-1161.7238, KL=14.6500, AvgS=499.98, ProxLoss=0.0000
2026-03-19 02:07:10,839 - Server_DefaultID - INFO - Training client 96 (14/30)...
2026-03-19 02:07:14,194 - Server_DefaultID - INFO - Client 96: Acc=84.86, Loss=-343.8054, NLL=-1161.6062, KL=14.7042, AvgS=499.93, ProxLoss=0.0000
2026-03-19 02:07:14,194 - Server_DefaultID - INFO - Training client 74 (15/30)...
2026-03-19 02:07:15,559 - Server_DefaultID - INFO - Client 74: Acc=49.45, Loss=-343.5458, NLL=-1160.9135, KL=14.8298, AvgS=499.63, ProxLoss=0.0000
2026-03-19 02:07:15,559 - Server_DefaultID - INFO - Training client 23 (16/30)...
2026-03-19 02:07:16,076 - Server_DefaultID - INFO - Client 23: Acc=73.90, Loss=-104.5393, NLL=-361.6703, KL=10.0909, AvgS=155.09, ProxLoss=0.0000
2026-03-19 02:07:16,076 - Server_DefaultID - INFO - Training client 39 (17/30)...
2026-03-19 02:07:20,661 - Server_DefaultID - INFO - Client 39: Acc=78.17, Loss=-343.8171, NLL=-1161.6884, KL=14.8360, AvgS=499.96, ProxLoss=0.0000
2026-03-19 02:07:20,661 - Server_DefaultID - INFO - Training client 4 (18/30)...
2026-03-19 02:07:22,665 - Server_DefaultID - INFO - Client 4: Acc=75.89, Loss=-345.3671, NLL=-1161.6534, KL=14.0696, AvgS=499.95, ProxLoss=0.0000
2026-03-19 02:07:22,665 - Server_DefaultID - INFO - Training client 93 (19/30)...
2026-03-19 02:07:23,342 - Server_DefaultID - INFO - Client 93: Acc=50.00, Loss=-341.3717, NLL=-1152.6529, KL=14.4484, AvgS=496.06, ProxLoss=0.0000
2026-03-19 02:07:23,342 - Server_DefaultID - INFO - Training client 73 (20/30)...
2026-03-19 02:07:27,216 - Server_DefaultID - INFO - Client 73: Acc=88.10, Loss=-343.0766, NLL=-1161.7014, KL=14.6976, AvgS=499.97, ProxLoss=0.0000
2026-03-19 02:07:27,216 - Server_DefaultID - INFO - Training client 79 (21/30)...
2026-03-19 02:07:29,018 - Server_DefaultID - INFO - Client 79: Acc=94.12, Loss=-339.3967, NLL=-1154.9855, KL=14.4695, AvgS=497.07, ProxLoss=0.0000
2026-03-19 02:07:29,018 - Server_DefaultID - INFO - Training client 66 (22/30)...
2026-03-19 02:07:31,317 - Server_DefaultID - INFO - Client 66: Acc=88.17, Loss=-343.2389, NLL=-1161.7109, KL=14.7747, AvgS=499.97, ProxLoss=0.0000
2026-03-19 02:07:31,318 - Server_DefaultID - INFO - Training client 24 (23/30)...
2026-03-19 02:07:31,846 - Server_DefaultID - INFO - Client 24: Acc=55.31, Loss=-106.1862, NLL=-361.3735, KL=7.9894, AvgS=154.97, ProxLoss=0.0000
2026-03-19 02:07:31,846 - Server_DefaultID - INFO - Training client 51 (24/30)...
2026-03-19 02:07:32,630 - Server_DefaultID - INFO - Client 51: Acc=39.69, Loss=-310.0446, NLL=-1045.4406, KL=12.4484, AvgS=449.74, ProxLoss=0.0000
2026-03-19 02:07:32,630 - Server_DefaultID - INFO - Training client 83 (25/30)...
2026-03-19 02:07:35,791 - Server_DefaultID - INFO - Client 83: Acc=99.69, Loss=-341.6335, NLL=-1161.7696, KL=13.7522, AvgS=500.00, ProxLoss=0.0000
2026-03-19 02:07:35,791 - Server_DefaultID - INFO - Training client 89 (26/30)...
2026-03-19 02:07:41,180 - Server_DefaultID - INFO - Client 89: Acc=98.55, Loss=-342.2247, NLL=-1161.7176, KL=14.1558, AvgS=499.98, ProxLoss=0.0000
2026-03-19 02:07:41,180 - Server_DefaultID - INFO - Training client 69 (27/30)...
2026-03-19 02:07:42,046 - Server_DefaultID - INFO - Client 69: Acc=55.31, Loss=-317.3466, NLL=-1072.6291, KL=13.9379, AvgS=461.48, ProxLoss=0.0000
2026-03-19 02:07:42,046 - Server_DefaultID - INFO - Training client 27 (28/30)...
2026-03-19 02:07:43,253 - Server_DefaultID - INFO - Client 27: Acc=61.88, Loss=-344.5631, NLL=-1161.1251, KL=14.4514, AvgS=499.72, ProxLoss=0.0000
2026-03-19 02:07:43,253 - Server_DefaultID - INFO - Training client 36 (29/30)...
2026-03-19 02:07:50,735 - Server_DefaultID - INFO - Client 36: Acc=95.07, Loss=-342.7034, NLL=-1161.7534, KL=14.5441, AvgS=499.99, ProxLoss=0.0000
2026-03-19 02:07:50,735 - Server_DefaultID - INFO - Training client 72 (30/30)...
2026-03-19 02:07:52,186 - Server_DefaultID - INFO - Client 72: Acc=95.08, Loss=-343.3284, NLL=-1161.6041, KL=14.7986, AvgS=499.93, ProxLoss=0.0000
2026-03-19 02:07:52,549 - Server_DefaultID - WARNING - Global prior extremely imbalanced (max/min=1.0), applied adaptive smoothing lam=0.10.
2026-03-19 02:07:52,549 - Server_DefaultID - INFO - Round [24/200] Summary | Avg Client Train Stats:	Loss [-333.8191]	 Acc [82.47]	NLL [-1130.2120]	 KL [14.2747]	AvgS [486.40]	 ProxLoss [0.0000]
GlobalPriorAlpha (first 10): [5.0, 5.0, 5.0, 5.0, 5.0, 5.0, 5.0, 5.0, 5.0, 5.0]
Round Time: 62.87s
2026-03-19 02:07:52,552 - Server_DefaultID - INFO - --- Global Round 25/200 ---
2026-03-19 02:07:52,553 - Server_DefaultID - INFO - Selected 30 active clients for round 25.
2026-03-19 02:07:52,553 - Server_DefaultID - INFO - Training client 80 (1/30)...
2026-03-19 02:07:53,238 - Server_DefaultID - INFO - Client 80: Acc=61.25, Loss=-163.8579, NLL=-559.0953, KL=11.6012, AvgS=239.86, ProxLoss=0.0000
2026-03-19 02:07:53,238 - Server_DefaultID - INFO - Training client 57 (2/30)...
2026-03-19 02:08:02,872 - Server_DefaultID - INFO - Client 57: Acc=95.13, Loss=-343.3184, NLL=-1161.7557, KL=14.7414, AvgS=499.99, ProxLoss=0.0000
2026-03-19 02:08:02,872 - Server_DefaultID - INFO - Training client 35 (3/30)...
2026-03-19 02:08:04,802 - Server_DefaultID - INFO - Client 35: Acc=62.19, Loss=-344.5649, NLL=-1161.0309, KL=14.2908, AvgS=499.68, ProxLoss=0.0000
2026-03-19 02:08:04,803 - Server_DefaultID - INFO - Training client 49 (4/30)...
2026-03-19 02:08:08,841 - Server_DefaultID - INFO - Client 49: Acc=85.27, Loss=-343.5780, NLL=-1161.7303, KL=14.8945, AvgS=499.98, ProxLoss=0.0000
2026-03-19 02:08:08,841 - Server_DefaultID - INFO - Training client 46 (5/30)...
2026-03-19 02:08:15,237 - Server_DefaultID - INFO - Client 46: Acc=86.99, Loss=-343.7541, NLL=-1161.6907, KL=14.8663, AvgS=499.97, ProxLoss=0.0000
2026-03-19 02:08:15,237 - Server_DefaultID - INFO - Training client 78 (6/30)...
2026-03-19 02:08:37,363 - Server_DefaultID - INFO - Client 78: Acc=95.68, Loss=-343.8254, NLL=-1161.7463, KL=14.7314, AvgS=499.99, ProxLoss=0.0000
2026-03-19 02:08:37,363 - Server_DefaultID - INFO - Training client 66 (7/30)...
2026-03-19 02:08:43,535 - Server_DefaultID - INFO - Client 66: Acc=88.21, Loss=-343.3292, NLL=-1161.6839, KL=14.8182, AvgS=499.96, ProxLoss=0.0000
2026-03-19 02:08:43,535 - Server_DefaultID - INFO - Training client 42 (8/30)...
2026-03-19 02:08:51,998 - Server_DefaultID - INFO - Client 42: Acc=90.73, Loss=-343.5758, NLL=-1161.6360, KL=14.6921, AvgS=499.94, ProxLoss=0.0000
2026-03-19 02:08:51,998 - Server_DefaultID - INFO - Training client 74 (9/30)...
2026-03-19 02:08:58,173 - Server_DefaultID - INFO - Client 74: Acc=50.62, Loss=-343.6658, NLL=-1161.5217, KL=14.8181, AvgS=499.89, ProxLoss=0.0000
2026-03-19 02:08:58,173 - Server_DefaultID - INFO - Training client 22 (10/30)...
2026-03-19 02:09:01,058 - Server_DefaultID - INFO - Client 22: Acc=47.81, Loss=-159.0932, NLL=-547.3538, KL=11.5523, AvgS=234.76, ProxLoss=0.0000
2026-03-19 02:09:01,058 - Server_DefaultID - INFO - Training client 50 (11/30)...
2026-03-19 02:09:27,857 - Server_DefaultID - INFO - Client 50: Acc=97.50, Loss=-342.7269, NLL=-1161.7699, KL=14.4823, AvgS=500.00, ProxLoss=0.0000
2026-03-19 02:09:27,857 - Server_DefaultID - INFO - Training client 99 (12/30)...
2026-03-19 02:09:29,443 - Server_DefaultID - INFO - Client 99: Acc=42.81, Loss=-123.9097, NLL=-420.3548, KL=7.0621, AvgS=180.15, ProxLoss=0.0000
2026-03-19 02:09:29,443 - Server_DefaultID - INFO - Training client 44 (13/30)...
2026-03-19 02:09:42,100 - Server_DefaultID - INFO - Client 44: Acc=89.27, Loss=-343.4423, NLL=-1161.7113, KL=14.8436, AvgS=499.97, ProxLoss=0.0000
2026-03-19 02:09:42,100 - Server_DefaultID - INFO - Training client 33 (14/30)...
2026-03-19 02:09:53,055 - Server_DefaultID - INFO - Client 33: Acc=61.43, Loss=-345.3653, NLL=-1161.7174, KL=13.9557, AvgS=499.98, ProxLoss=0.0000
2026-03-19 02:09:53,056 - Server_DefaultID - INFO - Training client 71 (15/30)...
2026-03-19 02:09:56,650 - Server_DefaultID - INFO - Client 71: Acc=66.56, Loss=-206.7162, NLL=-703.2640, KL=12.4487, AvgS=302.02, ProxLoss=0.0000
2026-03-19 02:09:56,650 - Server_DefaultID - INFO - Training client 89 (16/30)...
2026-03-19 02:10:14,977 - Server_DefaultID - INFO - Client 89: Acc=98.57, Loss=-342.2294, NLL=-1161.7307, KL=14.1967, AvgS=499.98, ProxLoss=0.0000
2026-03-19 02:10:14,977 - Server_DefaultID - INFO - Training client 0 (17/30)...
2026-03-19 02:10:17,142 - Server_DefaultID - INFO - Client 0: Acc=29.06, Loss=-321.9617, NLL=-1088.9567, KL=14.2779, AvgS=468.56, ProxLoss=0.0000
2026-03-19 02:10:17,142 - Server_DefaultID - INFO - Training client 96 (18/30)...
2026-03-19 02:10:31,295 - Server_DefaultID - INFO - Client 96: Acc=86.63, Loss=-343.8863, NLL=-1161.7409, KL=14.7674, AvgS=499.99, ProxLoss=0.0000
2026-03-19 02:10:31,295 - Server_DefaultID - INFO - Training client 3 (19/30)...
2026-03-19 02:10:39,578 - Server_DefaultID - INFO - Client 3: Acc=60.89, Loss=-343.6149, NLL=-1158.0641, KL=13.6676, AvgS=498.40, ProxLoss=0.0000
2026-03-19 02:10:39,578 - Server_DefaultID - INFO - Training client 27 (20/30)...
2026-03-19 02:10:44,370 - Server_DefaultID - INFO - Client 27: Acc=63.44, Loss=-344.6586, NLL=-1161.2532, KL=14.3406, AvgS=499.78, ProxLoss=0.0000
2026-03-19 02:10:44,371 - Server_DefaultID - INFO - Training client 86 (21/30)...
2026-03-19 02:10:50,420 - Server_DefaultID - INFO - Client 86: Acc=80.75, Loss=-343.7529, NLL=-1161.5051, KL=14.7547, AvgS=499.89, ProxLoss=0.0000
2026-03-19 02:10:50,420 - Server_DefaultID - INFO - Training client 36 (22/30)...
2026-03-19 02:11:24,742 - Server_DefaultID - INFO - Client 36: Acc=96.56, Loss=-342.6991, NLL=-1161.7693, KL=14.5476, AvgS=500.00, ProxLoss=0.0000
2026-03-19 02:11:24,742 - Server_DefaultID - INFO - Training client 23 (23/30)...
2026-03-19 02:11:27,257 - Server_DefaultID - INFO - Client 23: Acc=73.90, Loss=-122.5147, NLL=-422.5946, KL=10.6829, AvgS=181.21, ProxLoss=0.0000
2026-03-19 02:11:27,257 - Server_DefaultID - INFO - Training client 53 (24/30)...
2026-03-19 02:11:42,597 - Server_DefaultID - INFO - Client 53: Acc=96.38, Loss=-343.1397, NLL=-1161.6246, KL=14.6217, AvgS=499.94, ProxLoss=0.0000
2026-03-19 02:11:42,597 - Server_DefaultID - INFO - Training client 25 (25/30)...
2026-03-19 02:11:45,634 - Server_DefaultID - INFO - Client 25: Acc=92.50, Loss=-286.3870, NLL=-972.6738, KL=13.5645, AvgS=418.42, ProxLoss=0.0000
2026-03-19 02:11:45,634 - Server_DefaultID - INFO - Training client 91 (26/30)...
2026-03-19 02:11:49,791 - Server_DefaultID - INFO - Client 91: Acc=86.25, Loss=-342.4176, NLL=-1161.6881, KL=14.5137, AvgS=499.96, ProxLoss=0.0000
2026-03-19 02:11:49,791 - Server_DefaultID - INFO - Training client 92 (27/30)...
2026-03-19 02:11:54,327 - Server_DefaultID - INFO - Client 92: Acc=95.16, Loss=-343.9344, NLL=-1161.7166, KL=14.7356, AvgS=499.98, ProxLoss=0.0000
2026-03-19 02:11:54,327 - Server_DefaultID - INFO - Training client 18 (28/30)...
2026-03-19 02:12:17,041 - Server_DefaultID - INFO - Client 18: Acc=87.46, Loss=-343.9991, NLL=-1161.5357, KL=14.7989, AvgS=499.90, ProxLoss=0.0000
2026-03-19 02:12:17,041 - Server_DefaultID - INFO - Training client 47 (29/30)...
2026-03-19 02:12:25,775 - Server_DefaultID - INFO - Client 47: Acc=61.93, Loss=-345.1202, NLL=-1161.5609, KL=14.1505, AvgS=499.91, ProxLoss=0.0000
2026-03-19 02:12:25,775 - Server_DefaultID - INFO - Training client 75 (30/30)...
2026-03-19 02:12:35,555 - Server_DefaultID - INFO - Client 75: Acc=91.60, Loss=-342.7748, NLL=-1161.7589, KL=14.6000, AvgS=500.00, ProxLoss=0.0000
2026-03-19 02:12:37,237 - Server_DefaultID - WARNING - Global prior extremely imbalanced (max/min=1.0), applied adaptive smoothing lam=0.10.
2026-03-19 02:12:37,237 - Server_DefaultID - INFO - Round [25/200] Summary | Avg Client Train Stats:	Loss [-335.7370]	 Acc [87.08]	NLL [-1135.7579]	 KL [14.4398]	AvgS [488.77]	 ProxLoss [0.0000]
GlobalPriorAlpha (first 10): [5.0, 5.0, 5.0, 5.0, 5.0, 5.0, 5.0, 5.0, 5.0, 5.0]
Round Time: 284.68s
2026-03-19 02:12:37,240 - Server_DefaultID - INFO - --- Global Round 26/200 ---
2026-03-19 02:12:37,241 - Server_DefaultID - INFO - Selected 30 active clients for round 26.
2026-03-19 02:12:37,241 - Server_DefaultID - INFO - Training client 89 (1/30)...
2026-03-19 02:12:57,271 - Server_DefaultID - INFO - Client 89: Acc=98.59, Loss=-342.2158, NLL=-1161.7410, KL=14.1882, AvgS=499.99, ProxLoss=0.0000
2026-03-19 02:12:57,271 - Server_DefaultID - INFO - Training client 46 (2/30)...
2026-03-19 02:13:08,269 - Server_DefaultID - INFO - Client 46: Acc=86.84, Loss=-343.6114, NLL=-1161.5185, KL=14.8702, AvgS=499.89, ProxLoss=0.0000
2026-03-19 02:13:08,269 - Server_DefaultID - INFO - Training client 3 (3/30)...
2026-03-19 02:13:19,126 - Server_DefaultID - INFO - Client 3: Acc=64.17, Loss=-345.5218, NLL=-1161.3487, KL=13.4740, AvgS=499.82, ProxLoss=0.0000
2026-03-19 02:13:19,126 - Server_DefaultID - INFO - Training client 97 (4/30)...
2026-03-19 02:13:54,967 - Server_DefaultID - INFO - Client 97: Acc=99.56, Loss=-341.5795, NLL=-1161.7326, KL=13.7826, AvgS=499.98, ProxLoss=0.0000
2026-03-19 02:13:54,967 - Server_DefaultID - INFO - Training client 14 (5/30)...
2026-03-19 02:14:06,120 - Server_DefaultID - INFO - Client 14: Acc=86.46, Loss=-342.3658, NLL=-1161.6740, KL=14.5137, AvgS=499.96, ProxLoss=0.0000
2026-03-19 02:14:06,120 - Server_DefaultID - INFO - Training client 85 (6/30)...
2026-03-19 02:14:22,053 - Server_DefaultID - INFO - Client 85: Acc=99.74, Loss=-341.4701, NLL=-1161.7054, KL=13.7042, AvgS=499.97, ProxLoss=0.0000
2026-03-19 02:14:22,053 - Server_DefaultID - INFO - Training client 48 (7/30)...
2026-03-19 02:14:45,259 - Server_DefaultID - INFO - Client 48: Acc=86.64, Loss=-343.9842, NLL=-1161.7467, KL=14.8464, AvgS=499.99, ProxLoss=0.0000
2026-03-19 02:14:45,259 - Server_DefaultID - INFO - Training client 99 (8/30)...
2026-03-19 02:14:47,698 - Server_DefaultID - INFO - Client 99: Acc=38.75, Loss=-145.5948, NLL=-492.4811, KL=7.2641, AvgS=211.16, ProxLoss=0.0000
2026-03-19 02:14:47,698 - Server_DefaultID - INFO - Training client 84 (9/30)...
2026-03-19 02:14:49,646 - Server_DefaultID - INFO - Client 84: Acc=53.58, Loss=-68.6569, NLL=-241.7084, KL=8.5877, AvgS=103.77, ProxLoss=0.0000
2026-03-19 02:14:49,646 - Server_DefaultID - INFO - Training client 49 (10/30)...
2026-03-19 02:15:00,238 - Server_DefaultID - INFO - Client 49: Acc=86.12, Loss=-343.5189, NLL=-1161.6502, KL=14.8935, AvgS=499.95, ProxLoss=0.0000
2026-03-19 02:15:00,238 - Server_DefaultID - INFO - Training client 26 (11/30)...
2026-03-19 02:15:22,684 - Server_DefaultID - INFO - Client 26: Acc=96.89, Loss=-342.9403, NLL=-1161.7398, KL=14.6441, AvgS=499.99, ProxLoss=0.0000
2026-03-19 02:15:22,684 - Server_DefaultID - INFO - Training client 31 (12/30)...
2026-03-19 02:15:35,936 - Server_DefaultID - INFO - Client 31: Acc=78.09, Loss=-343.5583, NLL=-1161.7362, KL=14.8847, AvgS=499.99, ProxLoss=0.0000
2026-03-19 02:15:35,936 - Server_DefaultID - INFO - Training client 57 (13/30)...
2026-03-19 02:16:01,072 - Server_DefaultID - INFO - Client 57: Acc=95.46, Loss=-343.4062, NLL=-1161.7326, KL=14.7763, AvgS=499.98, ProxLoss=0.0000
2026-03-19 02:16:01,072 - Server_DefaultID - INFO - Training client 91 (14/30)...
2026-03-19 02:16:06,141 - Server_DefaultID - INFO - Client 91: Acc=89.38, Loss=-342.2599, NLL=-1161.3784, KL=14.5110, AvgS=499.83, ProxLoss=0.0000
2026-03-19 02:16:06,141 - Server_DefaultID - INFO - Training client 19 (15/30)...
2026-03-19 02:16:24,897 - Server_DefaultID - INFO - Client 19: Acc=95.74, Loss=-342.3803, NLL=-1161.6649, KL=14.4457, AvgS=499.95, ProxLoss=0.0000
2026-03-19 02:16:24,897 - Server_DefaultID - INFO - Training client 80 (16/30)...
2026-03-19 02:16:26,477 - Server_DefaultID - INFO - Client 80: Acc=64.06, Loss=-188.5136, NLL=-641.4598, KL=12.1805, AvgS=275.34, ProxLoss=0.0000
2026-03-19 02:16:26,477 - Server_DefaultID - INFO - Training client 90 (17/30)...
2026-03-19 02:16:40,310 - Client_90 - WARNING - Client 90: Too few classes (1) or samples (592) for alpha report, returning uniform.
2026-03-19 02:16:40,311 - Server_DefaultID - INFO - Client 90: Acc=100.00, Loss=-341.3031, NLL=-1161.7582, KL=13.5617, AvgS=499.99, ProxLoss=0.0000
2026-03-19 02:16:40,311 - Server_DefaultID - INFO - Training client 16 (18/30)...
2026-03-19 02:16:43,216 - Server_DefaultID - INFO - Client 16: Acc=57.50, Loss=-342.2416, NLL=-1160.1723, KL=14.8040, AvgS=499.31, ProxLoss=0.0000
2026-03-19 02:16:43,216 - Server_DefaultID - INFO - Training client 23 (19/30)...
2026-03-19 02:16:45,372 - Server_DefaultID - INFO - Client 23: Acc=71.19, Loss=-141.2344, NLL=-486.1152, KL=11.2572, AvgS=208.48, ProxLoss=0.0000
2026-03-19 02:16:45,372 - Server_DefaultID - INFO - Training client 35 (20/30)...
2026-03-19 02:16:50,018 - Server_DefaultID - INFO - Client 35: Acc=63.96, Loss=-344.8076, NLL=-1161.3958, KL=14.2327, AvgS=499.84, ProxLoss=0.0000
2026-03-19 02:16:50,018 - Server_DefaultID - INFO - Training client 7 (21/30)...
2026-03-19 02:16:58,495 - Server_DefaultID - INFO - Client 7: Acc=50.62, Loss=-343.6756, NLL=-1161.4470, KL=14.8022, AvgS=499.86, ProxLoss=0.0000
2026-03-19 02:16:58,495 - Server_DefaultID - INFO - Training client 76 (22/30)...
2026-03-19 02:17:08,987 - Server_DefaultID - INFO - Client 76: Acc=82.03, Loss=-345.4238, NLL=-1161.6350, KL=13.8814, AvgS=499.94, ProxLoss=0.0000
2026-03-19 02:17:08,987 - Server_DefaultID - INFO - Training client 92 (23/30)...
2026-03-19 02:17:16,842 - Server_DefaultID - INFO - Client 92: Acc=95.08, Loss=-343.7426, NLL=-1161.5919, KL=14.7732, AvgS=499.92, ProxLoss=0.0000
2026-03-19 02:17:16,843 - Server_DefaultID - INFO - Training client 61 (24/30)...
2026-03-19 02:17:25,816 - Server_DefaultID - INFO - Client 61: Acc=74.88, Loss=-345.7535, NLL=-1161.6807, KL=13.3835, AvgS=499.96, ProxLoss=0.0000
2026-03-19 02:17:25,816 - Server_DefaultID - INFO - Training client 43 (25/30)...
2026-03-19 02:17:40,012 - Server_DefaultID - INFO - Client 43: Acc=84.63, Loss=-343.5593, NLL=-1161.7505, KL=14.8948, AvgS=499.99, ProxLoss=0.0000
2026-03-19 02:17:40,012 - Server_DefaultID - INFO - Training client 53 (26/30)...
2026-03-19 02:17:53,909 - Server_DefaultID - INFO - Client 53: Acc=96.47, Loss=-343.0315, NLL=-1161.7156, KL=14.4988, AvgS=499.98, ProxLoss=0.0000
2026-03-19 02:17:53,910 - Server_DefaultID - INFO - Training client 73 (27/30)...
2026-03-19 02:18:13,326 - Server_DefaultID - INFO - Client 73: Acc=88.89, Loss=-342.8905, NLL=-1161.5862, KL=14.6584, AvgS=499.92, ProxLoss=0.0000
2026-03-19 02:18:13,326 - Server_DefaultID - INFO - Training client 86 (28/30)...
2026-03-19 02:18:21,126 - Server_DefaultID - INFO - Client 86: Acc=81.00, Loss=-343.8555, NLL=-1161.5701, KL=14.7265, AvgS=499.91, ProxLoss=0.0000
2026-03-19 02:18:21,126 - Server_DefaultID - INFO - Training client 62 (29/30)...
2026-03-19 02:18:24,276 - Server_DefaultID - INFO - Client 62: Acc=74.22, Loss=-196.0011, NLL=-669.1771, KL=11.3983, AvgS=287.77, ProxLoss=0.0000
2026-03-19 02:18:24,276 - Server_DefaultID - INFO - Training client 95 (30/30)...
2026-03-19 02:18:37,984 - Server_DefaultID - INFO - Client 95: Acc=62.47, Loss=-342.6158, NLL=-1161.6701, KL=14.6488, AvgS=499.96, ProxLoss=0.0000
2026-03-19 02:18:39,938 - Server_DefaultID - WARNING - Global prior extremely imbalanced (max/min=1.0), applied adaptive smoothing lam=0.10.
2026-03-19 02:18:39,939 - Server_DefaultID - INFO - Round [26/200] Summary | Avg Client Train Stats:	Loss [-337.9707]	 Acc [87.53]	NLL [-1144.6251]	 KL [14.2895]	AvgS [492.61]	 ProxLoss [0.0000]
GlobalPriorAlpha (first 10): [5.0, 5.0, 5.0, 5.0, 5.0, 5.0, 5.0, 5.0, 5.0, 5.0]
Round Time: 362.70s
2026-03-19 02:18:39,941 - Server_DefaultID - INFO - --- Global Round 27/200 ---
2026-03-19 02:18:39,941 - Server_DefaultID - INFO - Selected 30 active clients for round 27.
2026-03-19 02:18:39,941 - Server_DefaultID - INFO - Training client 75 (1/30)...
2026-03-19 02:18:52,025 - Server_DefaultID - INFO - Client 75: Acc=91.33, Loss=-342.6074, NLL=-1161.5842, KL=14.6079, AvgS=499.92, ProxLoss=0.0000
2026-03-19 02:18:52,026 - Server_DefaultID - INFO - Training client 57 (2/30)...
2026-03-19 02:19:17,925 - Server_DefaultID - INFO - Client 57: Acc=95.51, Loss=-343.3634, NLL=-1161.7415, KL=14.7753, AvgS=499.99, ProxLoss=0.0000
2026-03-19 02:19:17,925 - Server_DefaultID - INFO - Training client 91 (3/30)...
2026-03-19 02:19:24,376 - Server_DefaultID - INFO - Client 91: Acc=90.42, Loss=-342.0560, NLL=-1160.8163, KL=14.5058, AvgS=499.59, ProxLoss=0.0000
2026-03-19 02:19:24,376 - Server_DefaultID - INFO - Training client 34 (4/30)...
2026-03-19 02:19:28,540 - Server_DefaultID - INFO - Client 34: Acc=68.96, Loss=-344.5250, NLL=-1161.4881, KL=14.5649, AvgS=499.88, ProxLoss=0.0000
2026-03-19 02:19:28,540 - Server_DefaultID - INFO - Training client 31 (5/30)...
2026-03-19 02:19:41,544 - Server_DefaultID - INFO - Client 31: Acc=79.41, Loss=-343.5579, NLL=-1161.7243, KL=14.8821, AvgS=499.98, ProxLoss=0.0000
2026-03-19 02:19:41,544 - Server_DefaultID - INFO - Training client 20 (6/30)...
2026-03-19 02:19:52,045 - Server_DefaultID - INFO - Client 20: Acc=65.31, Loss=-346.0897, NLL=-1161.6863, KL=12.7526, AvgS=499.96, ProxLoss=0.0000
2026-03-19 02:19:52,045 - Server_DefaultID - INFO - Training client 35 (7/30)...
2026-03-19 02:19:57,758 - Server_DefaultID - INFO - Client 35: Acc=62.29, Loss=-344.8460, NLL=-1161.4429, KL=14.2230, AvgS=499.86, ProxLoss=0.0000
2026-03-19 02:19:57,758 - Server_DefaultID - INFO - Training client 14 (8/30)...
2026-03-19 02:20:10,805 - Server_DefaultID - INFO - Client 14: Acc=88.58, Loss=-342.3806, NLL=-1161.6752, KL=14.5137, AvgS=499.96, ProxLoss=0.0000
2026-03-19 02:20:10,805 - Server_DefaultID - INFO - Training client 39 (9/30)...
2026-03-19 02:20:35,537 - Server_DefaultID - INFO - Client 39: Acc=77.85, Loss=-343.7029, NLL=-1161.6999, KL=14.8420, AvgS=499.97, ProxLoss=0.0000
2026-03-19 02:20:35,537 - Server_DefaultID - INFO - Training client 48 (10/30)...
2026-03-19 02:21:02,260 - Server_DefaultID - INFO - Client 48: Acc=86.95, Loss=-343.8361, NLL=-1161.7210, KL=14.8289, AvgS=499.98, ProxLoss=0.0000
2026-03-19 02:21:02,260 - Server_DefaultID - INFO - Training client 51 (11/30)...
2026-03-19 02:21:06,304 - Server_DefaultID - INFO - Client 51: Acc=43.75, Loss=-329.0801, NLL=-1109.6803, KL=12.6792, AvgS=477.49, ProxLoss=0.0000
2026-03-19 02:21:06,304 - Server_DefaultID - INFO - Training client 72 (12/30)...
2026-03-19 02:21:11,956 - Server_DefaultID - INFO - Client 72: Acc=95.16, Loss=-342.7976, NLL=-1161.4142, KL=14.6548, AvgS=499.85, ProxLoss=0.0000
2026-03-19 02:21:11,956 - Server_DefaultID - INFO - Training client 41 (13/30)...
2026-03-19 02:21:24,615 - Server_DefaultID - INFO - Client 41: Acc=81.17, Loss=-343.0242, NLL=-1161.7674, KL=14.7154, AvgS=500.00, ProxLoss=0.0000
2026-03-19 02:21:24,616 - Server_DefaultID - INFO - Training client 95 (14/30)...
2026-03-19 02:21:38,972 - Server_DefaultID - INFO - Client 95: Acc=70.14, Loss=-342.5836, NLL=-1161.6693, KL=14.6403, AvgS=499.96, ProxLoss=0.0000
2026-03-19 02:21:38,972 - Server_DefaultID - INFO - Training client 36 (15/30)...
2026-03-19 02:22:12,275 - Server_DefaultID - INFO - Client 36: Acc=96.98, Loss=-342.5839, NLL=-1161.7275, KL=14.5439, AvgS=499.98, ProxLoss=0.0000
2026-03-19 02:22:12,275 - Server_DefaultID - INFO - Training client 78 (16/30)...
2026-03-19 02:22:58,860 - Server_DefaultID - INFO - Client 78: Acc=95.57, Loss=-343.7248, NLL=-1161.7450, KL=14.7333, AvgS=499.99, ProxLoss=0.0000
2026-03-19 02:22:58,860 - Server_DefaultID - INFO - Training client 94 (17/30)...
2026-03-19 02:23:12,764 - Server_DefaultID - INFO - Client 94: Acc=80.51, Loss=-343.5736, NLL=-1161.6391, KL=14.8536, AvgS=499.94, ProxLoss=0.0000
2026-03-19 02:23:12,764 - Server_DefaultID - INFO - Training client 50 (18/30)...
2026-03-19 02:23:38,596 - Server_DefaultID - INFO - Client 50: Acc=97.50, Loss=-342.5520, NLL=-1161.7248, KL=14.4538, AvgS=499.98, ProxLoss=0.0000
2026-03-19 02:23:38,596 - Server_DefaultID - INFO - Training client 84 (19/30)...
2026-03-19 02:23:40,439 - Server_DefaultID - INFO - Client 84: Acc=62.26, Loss=-84.4925, NLL=-295.3341, KL=9.1145, AvgS=126.75, ProxLoss=0.0000
2026-03-19 02:23:40,439 - Server_DefaultID - INFO - Training client 58 (20/30)...
2026-03-19 02:23:53,011 - Server_DefaultID - INFO - Client 58: Acc=79.24, Loss=-342.4406, NLL=-1161.7139, KL=14.5683, AvgS=499.98, ProxLoss=0.0000
2026-03-19 02:23:53,012 - Server_DefaultID - INFO - Training client 44 (21/30)...
2026-03-19 02:24:04,433 - Server_DefaultID - INFO - Client 44: Acc=90.38, Loss=-343.3839, NLL=-1161.7307, KL=14.8439, AvgS=499.98, ProxLoss=0.0000
2026-03-19 02:24:04,434 - Server_DefaultID - INFO - Training client 30 (22/30)...
2026-03-19 02:24:16,412 - Server_DefaultID - INFO - Client 30: Acc=79.30, Loss=-342.1802, NLL=-1161.5451, KL=14.5124, AvgS=499.90, ProxLoss=0.0000
2026-03-19 02:24:16,412 - Server_DefaultID - INFO - Training client 38 (23/30)...
2026-03-19 02:24:19,674 - Server_DefaultID - INFO - Client 38: Acc=43.28, Loss=-336.1130, NLL=-1131.7346, KL=12.1887, AvgS=487.03, ProxLoss=0.0000
2026-03-19 02:24:19,674 - Server_DefaultID - INFO - Training client 71 (24/30)...
2026-03-19 02:24:23,717 - Server_DefaultID - INFO - Client 71: Acc=70.47, Loss=-255.0830, NLL=-865.5563, KL=13.3105, AvgS=372.07, ProxLoss=0.0000
2026-03-19 02:24:23,719 - Server_DefaultID - INFO - Training client 85 (25/30)...
2026-03-19 02:24:40,277 - Server_DefaultID - INFO - Client 85: Acc=99.74, Loss=-341.4415, NLL=-1161.7382, KL=13.7044, AvgS=499.99, ProxLoss=0.0000
2026-03-19 02:24:40,277 - Server_DefaultID - INFO - Training client 90 (26/30)...
2026-03-19 02:24:55,163 - Client_90 - WARNING - Client 90: Too few classes (1) or samples (592) for alpha report, returning uniform.
2026-03-19 02:24:55,164 - Server_DefaultID - INFO - Client 90: Acc=100.00, Loss=-341.1879, NLL=-1161.6717, KL=13.5611, AvgS=499.96, ProxLoss=0.0000
2026-03-19 02:24:55,164 - Server_DefaultID - INFO - Training client 98 (27/30)...
2026-03-19 02:25:00,376 - Server_DefaultID - INFO - Client 98: Acc=85.73, Loss=-342.3239, NLL=-1161.7107, KL=14.5140, AvgS=499.97, ProxLoss=0.0000
2026-03-19 02:25:00,376 - Server_DefaultID - INFO - Training client 77 (28/30)...
2026-03-19 02:25:21,256 - Server_DefaultID - INFO - Client 77: Acc=92.62, Loss=-343.4651, NLL=-1161.7544, KL=14.8492, AvgS=499.99, ProxLoss=0.0000
2026-03-19 02:25:21,256 - Server_DefaultID - INFO - Training client 15 (29/30)...
2026-03-19 02:25:24,114 - Server_DefaultID - INFO - Client 15: Acc=45.47, Loss=-342.6334, NLL=-1157.9677, KL=14.6697, AvgS=498.36, ProxLoss=0.0000
2026-03-19 02:25:24,114 - Server_DefaultID - INFO - Training client 16 (30/30)...
2026-03-19 02:25:26,651 - Server_DefaultID - INFO - Client 16: Acc=61.72, Loss=-342.7799, NLL=-1160.8290, KL=14.8879, AvgS=499.59, ProxLoss=0.0000
2026-03-19 02:25:28,950 - Server_DefaultID - WARNING - Global prior extremely imbalanced (max/min=1.0), applied adaptive smoothing lam=0.10.
2026-03-19 02:25:28,951 - Server_DefaultID - INFO - Round [27/200] Summary | Avg Client Train Stats:	Loss [-341.2788]	 Acc [86.99]	NLL [-1155.5248]	 KL [14.4949]	AvgS [497.31]	 ProxLoss [0.0000]
GlobalPriorAlpha (first 10): [5.0, 5.0, 5.0, 5.0, 5.0, 5.0, 5.0, 5.0, 5.0, 5.0]
Round Time: 409.01s
2026-03-19 02:25:28,954 - Server_DefaultID - INFO - --- Global Round 28/200 ---
2026-03-19 02:25:28,954 - Server_DefaultID - INFO - Selected 30 active clients for round 28.
2026-03-19 02:25:28,954 - Server_DefaultID - INFO - Training client 98 (1/30)...
2026-03-19 02:25:36,544 - Server_DefaultID - INFO - Client 98: Acc=87.50, Loss=-342.2747, NLL=-1161.7105, KL=14.5139, AvgS=499.97, ProxLoss=0.0000
2026-03-19 02:25:36,544 - Server_DefaultID - INFO - Training client 77 (2/30)...
2026-03-19 02:25:57,307 - Server_DefaultID - INFO - Client 77: Acc=92.88, Loss=-343.4578, NLL=-1161.7076, KL=14.8563, AvgS=499.97, ProxLoss=0.0000
2026-03-19 02:25:57,307 - Server_DefaultID - INFO - Training client 15 (3/30)...
2026-03-19 02:25:59,909 - Server_DefaultID - INFO - Client 15: Acc=52.03, Loss=-343.3143, NLL=-1160.2183, KL=14.7929, AvgS=499.33, ProxLoss=0.0000
2026-03-19 02:25:59,910 - Server_DefaultID - INFO - Training client 82 (4/30)...
