2026-03-19 00:42:02,998 - Server_DefaultID - INFO - Server model moved to device: cuda:0
2026-03-19 00:43:04,883 - Server_DefaultID - INFO - Starting Optimized FedUG Training Process
2026-03-19 00:43:04,883 - Server_DefaultID - INFO - --- Global Round 1/200 ---
2026-03-19 00:43:04,883 - Server_DefaultID - INFO - Selected 30 active clients for round 1.
2026-03-19 00:43:04,884 - Server_DefaultID - INFO - Training client 35 (1/30)...
2026-03-19 00:43:07,102 - Server_DefaultID - INFO - Client 35: Acc=61.88, Loss=-39.4465, NLL=-139.1835, KL=21.5988, AvgS=60.57, ProxLoss=0.0000
2026-03-19 00:43:07,103 - Server_DefaultID - INFO - Training client 87 (2/30)...
2026-03-19 00:43:09,241 - Server_DefaultID - INFO - Client 87: Acc=38.44, Loss=-110.8087, NLL=-380.9987, KL=19.6437, AvgS=163.31, ProxLoss=0.0000
2026-03-19 00:43:09,241 - Server_DefaultID - INFO - Training client 38 (3/30)...
2026-03-19 00:43:10,799 - Server_DefaultID - INFO - Client 38: Acc=66.72, Loss=-26.5479, NLL=-93.2555, KL=16.6968, AvgS=41.40, ProxLoss=0.0000
2026-03-19 00:43:10,799 - Server_DefaultID - INFO - Training client 74 (4/30)...
2026-03-19 00:43:12,334 - Server_DefaultID - INFO - Client 74: Acc=64.38, Loss=-54.8377, NLL=-193.2885, KL=20.6463, AvgS=83.23, ProxLoss=0.0000
2026-03-19 00:43:12,334 - Server_DefaultID - INFO - Training client 17 (5/30)...
2026-03-19 00:43:13,112 - Server_DefaultID - INFO - Client 17: Acc=65.62, Loss=-24.3110, NLL=-87.8509, KL=21.2771, AvgS=39.10, ProxLoss=0.0000
2026-03-19 00:43:13,112 - Server_DefaultID - INFO - Training client 10 (6/30)...
2026-03-19 00:43:14,352 - Server_DefaultID - INFO - Client 10: Acc=47.66, Loss=-54.7000, NLL=-190.8191, KL=19.6727, AvgS=82.21, ProxLoss=0.0000
2026-03-19 00:43:14,353 - Server_DefaultID - INFO - Training client 43 (7/30)...
2026-03-19 00:43:17,636 - Server_DefaultID - INFO - Client 43: Acc=51.62, Loss=-197.7630, NLL=-678.9559, KL=24.2045, AvgS=291.47, ProxLoss=0.0000
2026-03-19 00:43:17,636 - Server_DefaultID - INFO - Training client 91 (8/30)...
2026-03-19 00:43:18,649 - Server_DefaultID - INFO - Client 91: Acc=75.10, Loss=-38.6215, NLL=-138.6669, KL=17.8632, AvgS=60.32, ProxLoss=0.0000
2026-03-19 00:43:18,650 - Server_DefaultID - INFO - Training client 93 (9/30)...
2026-03-19 00:43:19,405 - Server_DefaultID - INFO - Client 93: Acc=50.00, Loss=-24.4822, NLL=-88.2145, KL=20.4689, AvgS=39.19, ProxLoss=0.0000
2026-03-19 00:43:19,405 - Server_DefaultID - INFO - Training client 20 (10/30)...
2026-03-19 00:43:21,029 - Server_DefaultID - INFO - Client 20: Acc=58.39, Loss=-94.4049, NLL=-323.3859, KL=18.0531, AvgS=138.68, ProxLoss=0.0000
2026-03-19 00:43:21,029 - Server_DefaultID - INFO - Training client 21 (11/30)...
2026-03-19 00:43:23,582 - Server_DefaultID - INFO - Client 21: Acc=45.86, Loss=-130.5609, NLL=-447.2649, KL=21.8351, AvgS=191.74, ProxLoss=0.0000
2026-03-19 00:43:23,583 - Server_DefaultID - INFO - Training client 26 (12/30)...
2026-03-19 00:43:28,377 - Server_DefaultID - INFO - Client 26: Acc=87.94, Loss=-330.0074, NLL=-1128.9278, KL=24.4711, AvgS=485.81, ProxLoss=0.0000
2026-03-19 00:43:28,378 - Server_DefaultID - INFO - Training client 83 (13/30)...
2026-03-19 00:43:31,026 - Server_DefaultID - INFO - Client 83: Acc=57.66, Loss=-171.9118, NLL=-598.6862, KL=17.4279, AvgS=256.84, ProxLoss=0.0000
2026-03-19 00:43:31,026 - Server_DefaultID - INFO - Training client 39 (14/30)...
2026-03-19 00:43:35,058 - Server_DefaultID - INFO - Client 39: Acc=47.71, Loss=-299.3851, NLL=-1022.3407, KL=25.9405, AvgS=439.75, ProxLoss=0.0000
2026-03-19 00:43:35,058 - Server_DefaultID - INFO - Training client 30 (15/30)...
2026-03-19 00:43:37,439 - Server_DefaultID - INFO - Client 30: Acc=82.15, Loss=-123.9638, NLL=-433.2158, KL=20.5394, AvgS=185.82, ProxLoss=0.0000
2026-03-19 00:43:37,439 - Server_DefaultID - INFO - Training client 68 (16/30)...
2026-03-19 00:43:40,067 - Server_DefaultID - INFO - Client 68: Acc=64.55, Loss=-148.0042, NLL=-516.8741, KL=20.7291, AvgS=221.72, ProxLoss=0.0000
2026-03-19 00:43:40,067 - Server_DefaultID - INFO - Training client 34 (17/30)...
2026-03-19 00:43:41,118 - Server_DefaultID - INFO - Client 34: Acc=73.12, Loss=-39.2852, NLL=-138.7591, KL=21.1862, AvgS=60.36, ProxLoss=0.0000
2026-03-19 00:43:41,118 - Server_DefaultID - INFO - Training client 18 (18/30)...
2026-03-19 00:43:46,063 - Server_DefaultID - INFO - Client 18: Acc=59.56, Loss=-285.4643, NLL=-975.1759, KL=25.7237, AvgS=419.36, ProxLoss=0.0000
2026-03-19 00:43:46,064 - Server_DefaultID - INFO - Training client 69 (19/30)...
2026-03-19 00:43:46,767 - Server_DefaultID - INFO - Client 69: Acc=35.62, Loss=-24.3211, NLL=-87.8796, KL=21.5186, AvgS=38.93, ProxLoss=0.0000
2026-03-19 00:43:46,767 - Server_DefaultID - INFO - Training client 52 (20/30)...
2026-03-19 00:43:47,798 - Server_DefaultID - INFO - Client 52: Acc=71.15, Loss=-38.2442, NLL=-136.5481, KL=20.0837, AvgS=59.41, ProxLoss=0.0000
2026-03-19 00:43:47,798 - Server_DefaultID - INFO - Training client 57 (21/30)...
2026-03-19 00:43:52,582 - Server_DefaultID - INFO - Client 57: Acc=68.05, Loss=-324.6345, NLL=-1110.0761, KL=25.5064, AvgS=477.65, ProxLoss=0.0000
2026-03-19 00:43:52,582 - Server_DefaultID - INFO - Training client 13 (22/30)...
2026-03-19 00:43:53,078 - Server_DefaultID - INFO - Client 13: Acc=55.31, Loss=-14.2256, NLL=-52.8066, KL=17.5309, AvgS=24.67, ProxLoss=0.0000
2026-03-19 00:43:53,078 - Server_DefaultID - INFO - Training client 89 (23/30)...
2026-03-19 00:43:56,998 - Server_DefaultID - INFO - Client 89: Acc=15.98, Loss=-275.8107, NLL=-947.8979, KL=21.7968, AvgS=407.55, ProxLoss=0.0000
2026-03-19 00:43:56,999 - Server_DefaultID - INFO - Training client 75 (24/30)...
2026-03-19 00:43:59,290 - Server_DefaultID - INFO - Client 75: Acc=65.62, Loss=-134.2372, NLL=-465.8384, KL=20.7384, AvgS=199.73, ProxLoss=0.0000
2026-03-19 00:43:59,290 - Server_DefaultID - INFO - Training client 71 (25/30)...
2026-03-19 00:44:00,051 - Server_DefaultID - INFO - Client 71: Acc=71.41, Loss=-27.4730, NLL=-96.7224, KL=19.4949, AvgS=42.86, ProxLoss=0.0000
2026-03-19 00:44:00,051 - Server_DefaultID - INFO - Training client 8 (26/30)...
2026-03-19 00:44:00,878 - Server_DefaultID - INFO - Client 8: Acc=57.19, Loss=-23.2625, NLL=-85.1412, KL=18.6625, AvgS=37.78, ProxLoss=0.0000
2026-03-19 00:44:00,878 - Server_DefaultID - INFO - Training client 51 (27/30)...
2026-03-19 00:44:01,688 - Server_DefaultID - INFO - Client 51: Acc=49.84, Loss=-24.4102, NLL=-87.2700, KL=19.1264, AvgS=38.78, ProxLoss=0.0000
2026-03-19 00:44:01,688 - Server_DefaultID - INFO - Training client 60 (28/30)...
2026-03-19 00:44:02,663 - Server_DefaultID - INFO - Client 60: Acc=69.06, Loss=-38.2893, NLL=-137.3374, KL=18.6383, AvgS=59.79, ProxLoss=0.0000
2026-03-19 00:44:02,663 - Server_DefaultID - INFO - Training client 19 (29/30)...
2026-03-19 00:44:06,635 - Server_DefaultID - INFO - Client 19: Acc=28.59, Loss=-259.4098, NLL=-894.8798, KL=22.6676, AvgS=384.71, ProxLoss=0.0000
2026-03-19 00:44:06,635 - Server_DefaultID - INFO - Training client 47 (30/30)...
2026-03-19 00:44:08,622 - Server_DefaultID - INFO - Client 47: Acc=44.69, Loss=-90.7592, NLL=-314.0259, KL=20.7423, AvgS=134.60, ProxLoss=0.0000
2026-03-19 00:44:08,975 - Server_DefaultID - WARNING - Global prior extremely imbalanced (max/min=1.0), applied adaptive smoothing lam=0.10.
2026-03-19 00:44:08,976 - Server_DefaultID - INFO - Round [1/200] Summary | Avg Client Train Stats:	Loss [-186.4139]	 Acc [56.33]	NLL [-641.1740]	 KL [22.0625]	AvgS [275.76]	 ProxLoss [0.0000]
GlobalPriorAlpha (first 10): [5.02269983291626, 4.958000183105469, 4.934800148010254, 4.916900157928467, 5.0117998123168945, 4.917099952697754, 5.028900146484375, 5.0903000831604, 5.014999866485596, 5.104599952697754]
Round Time: 64.09s
2026-03-19 00:44:08,978 - Server_DefaultID - INFO - --- Global Round 2/200 ---
2026-03-19 00:44:08,978 - Server_DefaultID - INFO - Selected 30 active clients for round 2.
2026-03-19 00:44:08,978 - Server_DefaultID - INFO - Training client 77 (1/30)...
2026-03-19 00:44:13,354 - Server_DefaultID - INFO - Client 77: Acc=51.88, Loss=-294.8043, NLL=-1009.6630, KL=14.1148, AvgS=434.26, ProxLoss=0.0000
2026-03-19 00:44:13,354 - Server_DefaultID - INFO - Training client 28 (2/30)...
2026-03-19 00:44:13,931 - Server_DefaultID - INFO - Client 28: Acc=61.88, Loss=-14.0708, NLL=-52.4292, KL=5.4904, AvgS=24.45, ProxLoss=0.0000
2026-03-19 00:44:13,931 - Server_DefaultID - INFO - Training client 14 (3/30)...
2026-03-19 00:44:17,492 - Server_DefaultID - INFO - Client 14: Acc=77.60, Loss=-155.2582, NLL=-536.3494, KL=11.0617, AvgS=230.10, ProxLoss=0.0000
2026-03-19 00:44:17,492 - Server_DefaultID - INFO - Training client 51 (4/30)...
2026-03-19 00:44:18,322 - Server_DefaultID - INFO - Client 51: Acc=52.03, Loss=-50.8451, NLL=-176.6265, KL=6.5429, AvgS=76.14, ProxLoss=0.0000
2026-03-19 00:44:18,322 - Server_DefaultID - INFO - Training client 85 (5/30)...
2026-03-19 00:44:21,741 - Server_DefaultID - INFO - Client 85: Acc=2.68, Loss=-220.1830, NLL=-762.7353, KL=11.6693, AvgS=327.65, ProxLoss=0.0000
2026-03-19 00:44:21,741 - Server_DefaultID - INFO - Training client 60 (6/30)...
2026-03-19 00:44:22,859 - Server_DefaultID - INFO - Client 60: Acc=63.85, Loss=-84.9852, NLL=-297.0846, KL=9.0433, AvgS=127.41, ProxLoss=0.0000
2026-03-19 00:44:22,859 - Server_DefaultID - INFO - Training client 33 (7/30)...
2026-03-19 00:44:24,947 - Server_DefaultID - INFO - Client 33: Acc=39.24, Loss=-108.8963, NLL=-374.5011, KL=9.5546, AvgS=160.47, ProxLoss=0.0000
2026-03-19 00:44:24,948 - Server_DefaultID - INFO - Training client 23 (8/30)...
2026-03-19 00:44:25,442 - Server_DefaultID - INFO - Client 23: Acc=76.95, Loss=-15.2280, NLL=-54.9819, KL=5.9918, AvgS=25.81, ProxLoss=0.0000
2026-03-19 00:44:25,442 - Server_DefaultID - INFO - Training client 88 (9/30)...
2026-03-19 00:44:27,346 - Server_DefaultID - INFO - Client 88: Acc=36.88, Loss=-87.2603, NLL=-304.4971, KL=9.1899, AvgS=130.51, ProxLoss=0.0000
2026-03-19 00:44:27,346 - Server_DefaultID - INFO - Training client 81 (10/30)...
2026-03-19 00:44:29,398 - Server_DefaultID - INFO - Client 81: Acc=67.81, Loss=-110.1441, NLL=-382.0736, KL=9.4417, AvgS=164.11, ProxLoss=0.0000
2026-03-19 00:44:29,398 - Server_DefaultID - INFO - Training client 6 (11/30)...
2026-03-19 00:44:30,452 - Server_DefaultID - INFO - Client 6: Acc=82.60, Loss=-40.8830, NLL=-144.0676, KL=6.9844, AvgS=62.64, ProxLoss=0.0000
2026-03-19 00:44:30,452 - Server_DefaultID - INFO - Training client 97 (12/30)...
2026-03-19 00:44:37,279 - Server_DefaultID - INFO - Client 97: Acc=99.58, Loss=-342.4236, NLL=-1161.4128, KL=13.8839, AvgS=499.85, ProxLoss=0.0000
2026-03-19 00:44:37,279 - Server_DefaultID - INFO - Training client 34 (13/30)...
2026-03-19 00:44:38,296 - Server_DefaultID - INFO - Client 34: Acc=63.23, Loss=-82.5888, NLL=-286.3069, KL=9.0835, AvgS=122.81, ProxLoss=0.0000
2026-03-19 00:44:38,296 - Server_DefaultID - INFO - Training client 93 (14/30)...
2026-03-19 00:44:39,019 - Server_DefaultID - INFO - Client 93: Acc=45.94, Loss=-52.1444, NLL=-182.0241, KL=7.3987, AvgS=78.40, ProxLoss=0.0000
2026-03-19 00:44:39,019 - Server_DefaultID - INFO - Training client 98 (15/30)...
2026-03-19 00:44:40,035 - Server_DefaultID - INFO - Client 98: Acc=82.08, Loss=-40.3934, NLL=-143.7672, KL=6.2040, AvgS=62.50, ProxLoss=0.0000
2026-03-19 00:44:40,035 - Server_DefaultID - INFO - Training client 32 (16/30)...
2026-03-19 00:44:41,832 - Server_DefaultID - INFO - Client 32: Acc=53.18, Loss=-90.9869, NLL=-315.7911, KL=9.6234, AvgS=135.39, ProxLoss=0.0000
2026-03-19 00:44:41,832 - Server_DefaultID - INFO - Training client 68 (17/30)...
2026-03-19 00:44:44,445 - Server_DefaultID - INFO - Client 68: Acc=52.40, Loss=-328.5081, NLL=-1122.7164, KL=14.3147, AvgS=483.12, ProxLoss=0.0000
2026-03-19 00:44:44,445 - Server_DefaultID - INFO - Training client 21 (18/30)...
2026-03-19 00:44:46,717 - Server_DefaultID - INFO - Client 21: Acc=37.34, Loss=-313.0861, NLL=-1061.0251, KL=13.6601, AvgS=456.46, ProxLoss=0.0000
2026-03-19 00:44:46,717 - Server_DefaultID - INFO - Training client 82 (19/30)...
2026-03-19 00:44:48,354 - Server_DefaultID - INFO - Client 82: Acc=61.38, Loss=-68.2180, NLL=-241.0125, KL=8.3197, AvgS=103.47, ProxLoss=0.0000
2026-03-19 00:44:48,359 - Server_DefaultID - INFO - Training client 73 (20/30)...
2026-03-19 00:44:52,983 - Server_DefaultID - INFO - Client 73: Acc=68.03, Loss=-255.9604, NLL=-876.6678, KL=13.4936, AvgS=376.85, ProxLoss=0.0000
2026-03-19 00:44:52,983 - Server_DefaultID - INFO - Training client 26 (21/30)...
2026-03-19 00:44:57,969 - Server_DefaultID - INFO - Client 26: Acc=94.32, Loss=-343.8242, NLL=-1161.6649, KL=14.5416, AvgS=499.95, ProxLoss=0.0000
2026-03-19 00:44:57,969 - Server_DefaultID - INFO - Training client 46 (22/30)...
2026-03-19 00:45:00,166 - Server_DefaultID - INFO - Client 46: Acc=52.77, Loss=-122.4383, NLL=-425.6255, KL=10.4179, AvgS=182.45, ProxLoss=0.0000
2026-03-19 00:45:00,166 - Server_DefaultID - INFO - Training client 95 (23/30)...
2026-03-19 00:45:02,582 - Server_DefaultID - INFO - Client 95: Acc=56.70, Loss=-144.3554, NLL=-502.7784, KL=11.1296, AvgS=215.63, ProxLoss=0.0000
2026-03-19 00:45:02,582 - Server_DefaultID - INFO - Training client 27 (24/30)...
2026-03-19 00:45:03,561 - Server_DefaultID - INFO - Client 27: Acc=61.46, Loss=-39.7011, NLL=-139.7717, KL=6.8753, AvgS=60.74, ProxLoss=0.0000
2026-03-19 00:45:03,561 - Server_DefaultID - INFO - Training client 31 (25/30)...
2026-03-19 00:45:06,189 - Server_DefaultID - INFO - Client 31: Acc=72.19, Loss=-153.7623, NLL=-527.8040, KL=11.5234, AvgS=226.42, ProxLoss=0.0000
2026-03-19 00:45:06,189 - Server_DefaultID - INFO - Training client 58 (26/30)...
2026-03-19 00:45:08,455 - Server_DefaultID - INFO - Client 58: Acc=50.80, Loss=-100.4589, NLL=-354.1204, KL=9.5626, AvgS=151.78, ProxLoss=0.0000
2026-03-19 00:45:08,455 - Server_DefaultID - INFO - Training client 24 (27/30)...
2026-03-19 00:45:09,022 - Server_DefaultID - INFO - Client 24: Acc=61.56, Loss=-15.5046, NLL=-55.5589, KL=6.5595, AvgS=25.94, ProxLoss=0.0000
2026-03-19 00:45:09,023 - Server_DefaultID - INFO - Training client 76 (28/30)...
2026-03-19 00:45:11,424 - Server_DefaultID - INFO - Client 76: Acc=71.64, Loss=-126.8622, NLL=-436.3221, KL=9.9667, AvgS=187.11, ProxLoss=0.0000
2026-03-19 00:45:11,424 - Server_DefaultID - INFO - Training client 47 (29/30)...
2026-03-19 00:45:13,208 - Server_DefaultID - INFO - Client 47: Acc=42.19, Loss=-216.3200, NLL=-734.2832, KL=12.1693, AvgS=315.34, ProxLoss=0.0000
2026-03-19 00:45:13,208 - Server_DefaultID - INFO - Training client 75 (30/30)...
2026-03-19 00:45:15,586 - Server_DefaultID - INFO - Client 75: Acc=73.40, Loss=-320.4551, NLL=-1091.4925, KL=14.3844, AvgS=469.65, ProxLoss=0.0000
2026-03-19 00:45:15,888 - Server_DefaultID - WARNING - Global prior extremely imbalanced (max/min=1.2), applied adaptive smoothing lam=0.12.
2026-03-19 00:45:15,889 - Server_DefaultID - INFO - Round [2/200] Summary | Avg Client Train Stats:	Loss [-204.0943]	 Acc [62.83]	NLL [-698.4995]	 KL [11.6105]	AvgS [300.32]	 ProxLoss [0.0000]
GlobalPriorAlpha (first 10): [5.320099830627441, 5.1321001052856445, 4.81850004196167, 4.798999786376953, 4.918700218200684, 4.926799774169922, 4.9369001388549805, 5.363500118255615, 4.680200099945068, 5.1041998863220215]
Round Time: 66.91s
2026-03-19 00:45:15,891 - Server_DefaultID - INFO - --- Global Round 3/200 ---
2026-03-19 00:45:15,891 - Server_DefaultID - INFO - Selected 30 active clients for round 3.
2026-03-19 00:45:15,892 - Server_DefaultID - INFO - Training client 64 (1/30)...
2026-03-19 00:45:16,495 - Server_DefaultID - INFO - Client 64: Acc=73.75, Loss=-15.0752, NLL=-54.3885, KL=6.5012, AvgS=25.53, ProxLoss=0.0000
2026-03-19 00:45:16,495 - Server_DefaultID - INFO - Training client 96 (2/30)...
2026-03-19 00:45:19,160 - Server_DefaultID - INFO - Client 96: Acc=70.87, Loss=-142.6911, NLL=-493.9787, KL=11.3218, AvgS=211.83, ProxLoss=0.0000
2026-03-19 00:45:19,160 - Server_DefaultID - INFO - Training client 48 (3/30)...
2026-03-19 00:45:23,933 - Server_DefaultID - INFO - Client 48: Acc=82.11, Loss=-333.4774, NLL=-1134.1363, KL=14.7100, AvgS=488.06, ProxLoss=0.0000
2026-03-19 00:45:23,933 - Server_DefaultID - INFO - Training client 18 (4/30)...
2026-03-19 00:45:28,049 - Server_DefaultID - INFO - Client 18: Acc=83.83, Loss=-344.9253, NLL=-1161.5196, KL=14.7623, AvgS=499.89, ProxLoss=0.0000
2026-03-19 00:45:28,049 - Server_DefaultID - INFO - Training client 57 (5/30)...
2026-03-19 00:45:32,780 - Server_DefaultID - INFO - Client 57: Acc=93.84, Loss=-344.2348, NLL=-1161.6279, KL=14.4180, AvgS=499.94, ProxLoss=0.0000
2026-03-19 00:45:32,780 - Server_DefaultID - INFO - Training client 53 (6/30)...
2026-03-19 00:45:35,582 - Server_DefaultID - INFO - Client 53: Acc=22.47, Loss=-168.9795, NLL=-584.6136, KL=11.5469, AvgS=250.78, ProxLoss=0.0000
2026-03-19 00:45:35,582 - Server_DefaultID - INFO - Training client 15 (7/30)...
2026-03-19 00:45:36,385 - Server_DefaultID - INFO - Client 15: Acc=66.09, Loss=-27.0499, NLL=-96.0925, KL=5.9570, AvgS=42.63, ProxLoss=0.0000
2026-03-19 00:45:36,385 - Server_DefaultID - INFO - Training client 32 (8/30)...
2026-03-19 00:45:39,512 - Server_DefaultID - INFO - Client 32: Acc=49.43, Loss=-210.9621, NLL=-719.4983, KL=12.5509, AvgS=308.99, ProxLoss=0.0000
2026-03-19 00:45:39,512 - Server_DefaultID - INFO - Training client 63 (9/30)...
2026-03-19 00:45:41,043 - Server_DefaultID - INFO - Client 63: Acc=62.62, Loss=-70.2289, NLL=-247.5479, KL=8.3817, AvgS=106.49, ProxLoss=0.0000
2026-03-19 00:45:41,043 - Server_DefaultID - INFO - Training client 66 (10/30)...
2026-03-19 00:45:42,950 - Server_DefaultID - INFO - Client 66: Acc=73.08, Loss=-104.8307, NLL=-365.5591, KL=9.7406, AvgS=156.74, ProxLoss=0.0000
2026-03-19 00:45:42,950 - Server_DefaultID - INFO - Training client 35 (11/30)...
2026-03-19 00:45:44,006 - Server_DefaultID - INFO - Client 35: Acc=56.88, Loss=-83.3717, NLL=-289.0840, KL=9.1044, AvgS=124.05, ProxLoss=0.0000
2026-03-19 00:45:44,006 - Server_DefaultID - INFO - Training client 43 (12/30)...
2026-03-19 00:45:46,856 - Server_DefaultID - INFO - Client 43: Acc=62.10, Loss=-343.7547, NLL=-1160.5774, KL=14.8115, AvgS=499.49, ProxLoss=0.0000
2026-03-19 00:45:46,856 - Server_DefaultID - INFO - Training client 2 (13/30)...
2026-03-19 00:45:49,430 - Server_DefaultID - INFO - Client 2: Acc=26.18, Loss=-143.8664, NLL=-499.0404, KL=11.1760, AvgS=213.96, ProxLoss=0.0000
2026-03-19 00:45:49,430 - Server_DefaultID - INFO - Training client 52 (14/30)...
2026-03-19 00:45:50,489 - Server_DefaultID - INFO - Client 52: Acc=50.83, Loss=-80.4700, NLL=-281.8413, KL=9.0586, AvgS=120.91, ProxLoss=0.0000
2026-03-19 00:45:50,489 - Server_DefaultID - INFO - Training client 12 (15/30)...
2026-03-19 00:45:51,958 - Server_DefaultID - INFO - Client 12: Acc=53.69, Loss=-70.6039, NLL=-245.9456, KL=7.9940, AvgS=105.58, ProxLoss=0.0000
2026-03-19 00:45:51,958 - Server_DefaultID - INFO - Training client 10 (16/30)...
2026-03-19 00:45:53,182 - Server_DefaultID - INFO - Client 10: Acc=34.30, Loss=-120.0465, NLL=-412.3216, KL=9.7374, AvgS=176.74, ProxLoss=0.0000
2026-03-19 00:45:53,183 - Server_DefaultID - INFO - Training client 97 (17/30)...
2026-03-19 00:45:59,704 - Server_DefaultID - INFO - Client 97: Acc=99.56, Loss=-342.5376, NLL=-1161.7000, KL=13.8640, AvgS=499.97, ProxLoss=0.0000
2026-03-19 00:45:59,704 - Server_DefaultID - INFO - Training client 95 (18/30)...
2026-03-19 00:46:02,370 - Server_DefaultID - INFO - Client 95: Acc=57.81, Loss=-335.6854, NLL=-1143.5016, KL=14.3769, AvgS=492.11, ProxLoss=0.0000
2026-03-19 00:46:02,370 - Server_DefaultID - INFO - Training client 83 (19/30)...
2026-03-19 00:46:05,132 - Server_DefaultID - INFO - Client 83: Acc=99.69, Loss=-340.1008, NLL=-1157.2254, KL=14.0296, AvgS=498.04, ProxLoss=0.0000
2026-03-19 00:46:05,132 - Server_DefaultID - INFO - Training client 24 (20/30)...
2026-03-19 00:46:05,583 - Server_DefaultID - INFO - Client 24: Acc=63.44, Loss=-26.0282, NLL=-90.8091, KL=5.8538, AvgS=40.39, ProxLoss=0.0000
2026-03-19 00:46:05,583 - Server_DefaultID - INFO - Training client 61 (21/30)...
2026-03-19 00:46:07,000 - Server_DefaultID - INFO - Client 61: Acc=46.81, Loss=-72.2607, NLL=-251.2082, KL=7.3259, AvgS=107.89, ProxLoss=0.0000
2026-03-19 00:46:07,000 - Server_DefaultID - INFO - Training client 21 (22/30)...
2026-03-19 00:46:09,247 - Server_DefaultID - INFO - Client 21: Acc=42.93, Loss=-345.8638, NLL=-1161.2823, KL=14.0953, AvgS=499.79, ProxLoss=0.0000
2026-03-19 00:46:09,247 - Server_DefaultID - INFO - Training client 70 (23/30)...
2026-03-19 00:46:10,754 - Server_DefaultID - INFO - Client 70: Acc=74.19, Loss=-74.9465, NLL=-262.7640, KL=8.6565, AvgS=112.77, ProxLoss=0.0000
2026-03-19 00:46:10,754 - Server_DefaultID - INFO - Training client 44 (24/30)...
2026-03-19 00:46:14,161 - Server_DefaultID - INFO - Client 44: Acc=65.83, Loss=-143.0711, NLL=-496.4641, KL=11.2530, AvgS=212.92, ProxLoss=0.0000
2026-03-19 00:46:14,161 - Server_DefaultID - INFO - Training client 69 (25/30)...
2026-03-19 00:46:14,995 - Server_DefaultID - INFO - Client 69: Acc=22.81, Loss=-50.9127, NLL=-178.3331, KL=7.5888, AvgS=76.80, ProxLoss=0.0000
2026-03-19 00:46:14,995 - Server_DefaultID - INFO - Training client 27 (26/30)...
2026-03-19 00:46:15,962 - Server_DefaultID - INFO - Client 27: Acc=56.25, Loss=-81.6835, NLL=-283.0108, KL=8.7949, AvgS=121.39, ProxLoss=0.0000
2026-03-19 00:46:15,962 - Server_DefaultID - INFO - Training client 87 (27/30)...
2026-03-19 00:46:18,027 - Server_DefaultID - INFO - Client 87: Acc=38.26, Loss=-265.9141, NLL=-900.1636, KL=12.6728, AvgS=386.95, ProxLoss=0.0000
2026-03-19 00:46:18,027 - Server_DefaultID - INFO - Training client 51 (28/30)...
2026-03-19 00:46:18,750 - Server_DefaultID - INFO - Client 51: Acc=42.66, Loss=-80.8374, NLL=-278.0388, KL=7.5421, AvgS=119.22, ProxLoss=0.0000
2026-03-19 00:46:18,750 - Server_DefaultID - INFO - Training client 38 (29/30)...
2026-03-19 00:46:19,479 - Server_DefaultID - INFO - Client 38: Acc=50.78, Loss=-54.4562, NLL=-187.2116, KL=5.8192, AvgS=80.64, ProxLoss=0.0000
2026-03-19 00:46:19,479 - Server_DefaultID - INFO - Training client 76 (30/30)...
2026-03-19 00:46:21,687 - Server_DefaultID - INFO - Client 76: Acc=54.61, Loss=-301.7744, NLL=-1025.6507, KL=13.5541, AvgS=441.20, ProxLoss=0.0000
2026-03-19 00:46:22,012 - Server_DefaultID - WARNING - Global prior extremely imbalanced (max/min=1.1), applied adaptive smoothing lam=0.11.
2026-03-19 00:46:22,013 - Server_DefaultID - INFO - Round [3/200] Summary | Avg Client Train Stats:	Loss [-236.7279]	 Acc [66.56]	NLL [-805.4746]	 KL [12.2248]	AvgS [346.44]	 ProxLoss [0.0000]
GlobalPriorAlpha (first 10): [5.253499984741211, 4.983500003814697, 4.67710018157959, 4.893400192260742, 5.088099956512451, 4.890399932861328, 4.97189998626709, 5.216599941253662, 4.858099937438965, 5.167300224304199]
Round Time: 66.12s
2026-03-19 00:46:22,015 - Server_DefaultID - INFO - --- Global Round 4/200 ---
2026-03-19 00:46:22,015 - Server_DefaultID - INFO - Selected 30 active clients for round 4.
2026-03-19 00:46:22,016 - Server_DefaultID - INFO - Training client 63 (1/30)...
2026-03-19 00:46:23,427 - Server_DefaultID - INFO - Client 63: Acc=55.19, Loss=-163.0006, NLL=-561.1859, KL=11.3905, AvgS=240.91, ProxLoss=0.0000
2026-03-19 00:46:23,427 - Server_DefaultID - INFO - Training client 19 (2/30)...
2026-03-19 00:46:27,111 - Server_DefaultID - INFO - Client 19: Acc=95.38, Loss=-343.0223, NLL=-1161.0874, KL=14.6100, AvgS=499.71, ProxLoss=0.0000
2026-03-19 00:46:27,111 - Server_DefaultID - INFO - Training client 49 (3/30)...
2026-03-19 00:46:29,119 - Server_DefaultID - INFO - Client 49: Acc=66.43, Loss=-107.7477, NLL=-374.5825, KL=10.2503, AvgS=160.58, ProxLoss=0.0000
2026-03-19 00:46:29,119 - Server_DefaultID - INFO - Training client 59 (4/30)...
2026-03-19 00:46:31,742 - Server_DefaultID - INFO - Client 59: Acc=64.10, Loss=-147.5736, NLL=-510.5956, KL=11.1735, AvgS=219.02, ProxLoss=0.0000
2026-03-19 00:46:31,742 - Server_DefaultID - INFO - Training client 57 (5/30)...
2026-03-19 00:46:36,171 - Server_DefaultID - INFO - Client 57: Acc=93.75, Loss=-344.3050, NLL=-1161.7207, KL=14.6464, AvgS=499.98, ProxLoss=0.0000
2026-03-19 00:46:36,171 - Server_DefaultID - INFO - Training client 72 (6/30)...
2026-03-19 00:46:37,354 - Server_DefaultID - INFO - Client 72: Acc=50.08, Loss=-48.9869, NLL=-176.0298, KL=7.0512, AvgS=75.77, ProxLoss=0.0000
2026-03-19 00:46:37,354 - Server_DefaultID - INFO - Training client 52 (7/30)...
2026-03-19 00:46:38,309 - Server_DefaultID - INFO - Client 52: Acc=54.48, Loss=-132.3652, NLL=-457.9658, KL=10.9245, AvgS=196.38, ProxLoss=0.0000
2026-03-19 00:46:38,309 - Server_DefaultID - INFO - Training client 24 (8/30)...
2026-03-19 00:46:38,824 - Server_DefaultID - INFO - Client 24: Acc=68.12, Loss=-39.6925, NLL=-136.6429, KL=5.9759, AvgS=59.43, ProxLoss=0.0000
2026-03-19 00:46:38,824 - Server_DefaultID - INFO - Training client 58 (9/30)...
2026-03-19 00:46:40,765 - Server_DefaultID - INFO - Client 58: Acc=45.85, Loss=-244.1968, NLL=-839.2726, KL=12.9390, AvgS=360.67, ProxLoss=0.0000
2026-03-19 00:46:40,765 - Server_DefaultID - INFO - Training client 37 (10/30)...
2026-03-19 00:46:42,081 - Server_DefaultID - INFO - Client 37: Acc=60.16, Loss=-53.7662, NLL=-188.9958, KL=7.7263, AvgS=81.42, ProxLoss=0.0000
2026-03-19 00:46:42,081 - Server_DefaultID - INFO - Training client 92 (11/30)...
2026-03-19 00:46:43,227 - Server_DefaultID - INFO - Client 92: Acc=92.34, Loss=-56.0638, NLL=-197.5445, KL=7.4321, AvgS=85.03, ProxLoss=0.0000
2026-03-19 00:46:43,227 - Server_DefaultID - INFO - Training client 82 (12/30)...
2026-03-19 00:46:45,478 - Server_DefaultID - INFO - Client 82: Acc=48.88, Loss=-161.6711, NLL=-556.2532, KL=11.6067, AvgS=238.59, ProxLoss=0.0000
2026-03-19 00:46:45,479 - Server_DefaultID - INFO - Training client 60 (13/30)...
2026-03-19 00:46:46,553 - Server_DefaultID - INFO - Client 60: Acc=44.17, Loss=-136.5564, NLL=-473.1014, KL=10.9434, AvgS=202.84, ProxLoss=0.0000
2026-03-19 00:46:46,553 - Server_DefaultID - INFO - Training client 66 (14/30)...
2026-03-19 00:46:48,588 - Server_DefaultID - INFO - Client 66: Acc=76.25, Loss=-255.6108, NLL=-871.4115, KL=13.4793, AvgS=374.58, ProxLoss=0.0000
2026-03-19 00:46:48,588 - Server_DefaultID - INFO - Training client 30 (15/30)...
2026-03-19 00:46:50,806 - Server_DefaultID - INFO - Client 30: Acc=78.01, Loss=-298.7436, NLL=-1023.3114, KL=13.9897, AvgS=440.24, ProxLoss=0.0000
2026-03-19 00:46:50,807 - Server_DefaultID - INFO - Training client 2 (16/30)...
2026-03-19 00:46:53,306 - Server_DefaultID - INFO - Client 2: Acc=48.30, Loss=-326.1700, NLL=-1112.8035, KL=14.4137, AvgS=478.84, ProxLoss=0.0000
2026-03-19 00:46:53,307 - Server_DefaultID - INFO - Training client 0 (17/30)...
2026-03-19 00:46:53,712 - Server_DefaultID - INFO - Client 0: Acc=59.06, Loss=-14.9302, NLL=-54.1689, KL=6.7031, AvgS=25.43, ProxLoss=0.0000
2026-03-19 00:46:53,712 - Server_DefaultID - INFO - Training client 4 (18/30)...
2026-03-19 00:46:55,350 - Server_DefaultID - INFO - Client 4: Acc=59.84, Loss=-92.3100, NLL=-318.7797, KL=8.9069, AvgS=136.69, ProxLoss=0.0000
2026-03-19 00:46:55,350 - Server_DefaultID - INFO - Training client 9 (19/30)...
2026-03-19 00:46:57,358 - Server_DefaultID - INFO - Client 9: Acc=77.86, Loss=-108.0307, NLL=-378.2003, KL=9.6553, AvgS=162.10, ProxLoss=0.0000
2026-03-19 00:46:57,358 - Server_DefaultID - INFO - Training client 7 (20/30)...
2026-03-19 00:46:59,087 - Server_DefaultID - INFO - Client 7: Acc=56.82, Loss=-85.9521, NLL=-301.4019, KL=9.2525, AvgS=129.22, ProxLoss=0.0000
2026-03-19 00:46:59,087 - Server_DefaultID - INFO - Training client 41 (21/30)...
2026-03-19 00:47:01,256 - Server_DefaultID - INFO - Client 41: Acc=58.32, Loss=-127.5969, NLL=-445.0400, KL=10.6327, AvgS=190.84, ProxLoss=0.0000
2026-03-19 00:47:01,256 - Server_DefaultID - INFO - Training client 35 (22/30)...
2026-03-19 00:47:02,389 - Server_DefaultID - INFO - Client 35: Acc=62.40, Loss=-137.1521, NLL=-469.5555, KL=10.5823, AvgS=201.40, ProxLoss=0.0000
2026-03-19 00:47:02,394 - Server_DefaultID - INFO - Training client 93 (23/30)...
2026-03-19 00:47:03,130 - Server_DefaultID - INFO - Client 93: Acc=37.34, Loss=-82.9780, NLL=-286.7118, KL=9.0311, AvgS=122.90, ProxLoss=0.0000
2026-03-19 00:47:03,130 - Server_DefaultID - INFO - Training client 71 (24/30)...
2026-03-19 00:47:03,839 - Server_DefaultID - INFO - Client 71: Acc=65.16, Loss=-54.2793, NLL=-188.7815, KL=7.5472, AvgS=81.38, ProxLoss=0.0000
2026-03-19 00:47:03,839 - Server_DefaultID - INFO - Training client 64 (25/30)...
2026-03-19 00:47:04,293 - Server_DefaultID - INFO - Client 64: Acc=72.50, Loss=-25.2835, NLL=-89.3158, KL=6.5724, AvgS=39.80, ProxLoss=0.0000
2026-03-19 00:47:04,293 - Server_DefaultID - INFO - Training client 23 (26/30)...
2026-03-19 00:47:04,726 - Server_DefaultID - INFO - Client 23: Acc=79.32, Loss=-25.5044, NLL=-90.3780, KL=6.2752, AvgS=40.33, ProxLoss=0.0000
2026-03-19 00:47:04,726 - Server_DefaultID - INFO - Training client 26 (27/30)...
2026-03-19 00:47:09,100 - Server_DefaultID - INFO - Client 26: Acc=94.34, Loss=-343.7458, NLL=-1161.6721, KL=14.5953, AvgS=499.96, ProxLoss=0.0000
2026-03-19 00:47:09,101 - Server_DefaultID - INFO - Training client 33 (28/30)...
2026-03-19 00:47:11,005 - Server_DefaultID - INFO - Client 33: Acc=26.70, Loss=-263.8083, NLL=-895.6053, KL=12.8049, AvgS=384.97, ProxLoss=0.0000
2026-03-19 00:47:11,005 - Server_DefaultID - INFO - Training client 78 (29/30)...
2026-03-19 00:47:19,206 - Server_DefaultID - INFO - Client 78: Acc=82.57, Loss=-344.4894, NLL=-1161.6093, KL=14.8272, AvgS=499.93, ProxLoss=0.0000
2026-03-19 00:47:19,206 - Server_DefaultID - INFO - Training client 85 (30/30)...
2026-03-19 00:47:22,164 - Server_DefaultID - INFO - Client 85: Acc=99.77, Loss=-341.8387, NLL=-1160.5378, KL=13.4129, AvgS=499.47, ProxLoss=0.0000
2026-03-19 00:47:22,463 - Server_DefaultID - WARNING - Global prior extremely imbalanced (max/min=1.1), applied adaptive smoothing lam=0.11.
2026-03-19 00:47:22,463 - Server_DefaultID - INFO - Round [4/200] Summary | Avg Client Train Stats:	Loss [-235.6715]	 Acc [72.56]	NLL [-802.2258]	 KL [12.3668]	AvgS [345.03]	 ProxLoss [0.0000]
GlobalPriorAlpha (first 10): [5.030099868774414, 4.978899955749512, 4.813199996948242, 4.845099925994873, 5.0472002029418945, 4.8983001708984375, 4.986800193786621, 5.122200012207031, 5.005499839782715, 5.27269983291626]
Round Time: 60.45s
2026-03-19 00:47:22,467 - Server_DefaultID - INFO - --- Global Round 5/200 ---
2026-03-19 00:47:22,468 - Server_DefaultID - INFO - Selected 30 active clients for round 5.
2026-03-19 00:47:22,468 - Server_DefaultID - INFO - Training client 75 (1/30)...
2026-03-19 00:47:24,590 - Server_DefaultID - INFO - Client 75: Acc=75.35, Loss=-343.2234, NLL=-1161.1249, KL=14.6437, AvgS=499.72, ProxLoss=0.0000
2026-03-19 00:47:24,590 - Server_DefaultID - INFO - Training client 10 (2/30)...
2026-03-19 00:47:25,700 - Server_DefaultID - INFO - Client 10: Acc=24.06, Loss=-198.2039, NLL=-675.5502, KL=11.6161, AvgS=290.01, ProxLoss=0.0000
2026-03-19 00:47:25,700 - Server_DefaultID - INFO - Training client 98 (3/30)...
2026-03-19 00:47:26,657 - Server_DefaultID - INFO - Client 98: Acc=72.08, Loss=-84.1436, NLL=-294.4715, KL=8.5925, AvgS=126.38, ProxLoss=0.0000
2026-03-19 00:47:26,657 - Server_DefaultID - INFO - Training client 87 (4/30)...
2026-03-19 00:47:28,566 - Server_DefaultID - INFO - Client 87: Acc=34.96, Loss=-344.7783, NLL=-1158.4882, KL=13.6748, AvgS=498.58, ProxLoss=0.0000
2026-03-19 00:47:28,566 - Server_DefaultID - INFO - Training client 47 (5/30)...
2026-03-19 00:47:30,239 - Server_DefaultID - INFO - Client 47: Acc=42.03, Loss=-338.8696, NLL=-1143.2521, KL=14.0451, AvgS=492.00, ProxLoss=0.0000
2026-03-19 00:47:30,239 - Server_DefaultID - INFO - Training client 40 (6/30)...
2026-03-19 00:47:31,923 - Server_DefaultID - INFO - Client 40: Acc=64.43, Loss=-93.7831, NLL=-323.4262, KL=8.9588, AvgS=138.70, ProxLoss=0.0000
2026-03-19 00:47:31,923 - Server_DefaultID - INFO - Training client 33 (7/30)...
2026-03-19 00:47:33,851 - Server_DefaultID - INFO - Client 33: Acc=57.54, Loss=-345.4115, NLL=-1160.5461, KL=13.8271, AvgS=499.47, ProxLoss=0.0000
2026-03-19 00:47:33,852 - Server_DefaultID - INFO - Training client 97 (8/30)...
2026-03-19 00:47:40,119 - Server_DefaultID - INFO - Client 97: Acc=99.56, Loss=-342.4289, NLL=-1161.6220, KL=14.0167, AvgS=499.94, ProxLoss=0.0000
2026-03-19 00:47:40,119 - Server_DefaultID - INFO - Training client 31 (9/30)...
2026-03-19 00:47:42,474 - Server_DefaultID - INFO - Client 31: Acc=70.94, Loss=-338.6859, NLL=-1147.6653, KL=14.7749, AvgS=493.91, ProxLoss=0.0000
2026-03-19 00:47:42,474 - Server_DefaultID - INFO - Training client 38 (10/30)...
2026-03-19 00:47:43,117 - Server_DefaultID - INFO - Client 38: Acc=53.28, Loss=-86.4806, NLL=-294.8398, KL=7.1145, AvgS=126.41, ProxLoss=0.0000
2026-03-19 00:47:43,117 - Server_DefaultID - INFO - Training client 66 (11/30)...
2026-03-19 00:47:45,171 - Server_DefaultID - INFO - Client 66: Acc=87.99, Loss=-340.6008, NLL=-1153.4795, KL=14.7613, AvgS=496.42, ProxLoss=0.0000
2026-03-19 00:47:45,171 - Server_DefaultID - INFO - Training client 12 (12/30)...
2026-03-19 00:47:46,596 - Server_DefaultID - INFO - Client 12: Acc=50.56, Loss=-166.7722, NLL=-568.1050, KL=10.9301, AvgS=243.72, ProxLoss=0.0000
2026-03-19 00:47:46,596 - Server_DefaultID - INFO - Training client 82 (13/30)...
2026-03-19 00:47:48,038 - Server_DefaultID - INFO - Client 82: Acc=48.62, Loss=-276.2814, NLL=-942.2087, KL=13.8935, AvgS=405.12, ProxLoss=0.0000
2026-03-19 00:47:48,038 - Server_DefaultID - INFO - Training client 91 (14/30)...
2026-03-19 00:47:48,945 - Server_DefaultID - INFO - Client 91: Acc=71.77, Loss=-82.5349, NLL=-289.8082, KL=8.8350, AvgS=124.33, ProxLoss=0.0000
2026-03-19 00:47:48,945 - Server_DefaultID - INFO - Training client 89 (15/30)...
2026-03-19 00:47:53,580 - Server_DefaultID - INFO - Client 89: Acc=98.55, Loss=-342.9953, NLL=-1161.5979, KL=14.1662, AvgS=499.93, ProxLoss=0.0000
2026-03-19 00:47:53,580 - Server_DefaultID - INFO - Training client 80 (16/30)...
2026-03-19 00:47:53,970 - Server_DefaultID - INFO - Client 80: Acc=61.56, Loss=-15.2321, NLL=-55.4669, KL=7.5269, AvgS=25.89, ProxLoss=0.0000
2026-03-19 00:47:53,970 - Server_DefaultID - INFO - Training client 44 (17/30)...
2026-03-19 00:47:56,287 - Server_DefaultID - INFO - Client 44: Acc=58.09, Loss=-325.4405, NLL=-1111.5190, KL=14.6269, AvgS=478.29, ProxLoss=0.0000
2026-03-19 00:47:56,288 - Server_DefaultID - INFO - Training client 43 (18/30)...
2026-03-19 00:47:59,198 - Server_DefaultID - INFO - Client 43: Acc=69.74, Loss=-344.1783, NLL=-1161.4750, KL=14.7799, AvgS=499.87, ProxLoss=0.0000
2026-03-19 00:47:59,199 - Server_DefaultID - INFO - Training client 26 (19/30)...
2026-03-19 00:48:03,566 - Server_DefaultID - INFO - Client 26: Acc=94.32, Loss=-343.7061, NLL=-1161.6771, KL=14.5059, AvgS=499.96, ProxLoss=0.0000
2026-03-19 00:48:03,566 - Server_DefaultID - INFO - Training client 21 (20/30)...
2026-03-19 00:48:05,640 - Server_DefaultID - INFO - Client 21: Acc=53.95, Loss=-346.1190, NLL=-1161.6856, KL=13.9834, AvgS=499.96, ProxLoss=0.0000
2026-03-19 00:48:05,640 - Server_DefaultID - INFO - Training client 42 (21/30)...
2026-03-19 00:48:07,275 - Server_DefaultID - INFO - Client 42: Acc=46.56, Loss=-87.7746, NLL=-307.6093, KL=9.1374, AvgS=131.84, ProxLoss=0.0000
2026-03-19 00:48:07,275 - Server_DefaultID - INFO - Training client 84 (22/30)...
2026-03-19 00:48:07,763 - Server_DefaultID - INFO - Client 84: Acc=68.30, Loss=-14.1363, NLL=-52.1604, KL=5.4824, AvgS=24.42, ProxLoss=0.0000
2026-03-19 00:48:07,763 - Server_DefaultID - INFO - Training client 17 (23/30)...
2026-03-19 00:48:08,525 - Server_DefaultID - INFO - Client 17: Acc=58.59, Loss=-51.6377, NLL=-181.1087, KL=7.5473, AvgS=78.03, ProxLoss=0.0000
2026-03-19 00:48:08,525 - Server_DefaultID - INFO - Training client 41 (24/30)...
2026-03-19 00:48:10,695 - Server_DefaultID - INFO - Client 41: Acc=49.69, Loss=-304.4078, NLL=-1041.4492, KL=14.2355, AvgS=448.01, ProxLoss=0.0000
2026-03-19 00:48:10,695 - Server_DefaultID - INFO - Training client 27 (25/30)...
2026-03-19 00:48:11,761 - Server_DefaultID - INFO - Client 27: Acc=51.25, Loss=-136.1737, NLL=-465.7292, KL=10.6413, AvgS=199.68, ProxLoss=0.0000
2026-03-19 00:48:11,761 - Server_DefaultID - INFO - Training client 20 (26/30)...
2026-03-19 00:48:13,557 - Server_DefaultID - INFO - Client 20: Acc=55.16, Loss=-218.7495, NLL=-740.4788, KL=11.0628, AvgS=318.06, ProxLoss=0.0000
2026-03-19 00:48:13,557 - Server_DefaultID - INFO - Training client 93 (27/30)...
2026-03-19 00:48:14,241 - Server_DefaultID - INFO - Client 93: Acc=34.38, Loss=-116.7375, NLL=-400.0711, KL=10.1511, AvgS=171.41, ProxLoss=0.0000
2026-03-19 00:48:14,241 - Server_DefaultID - INFO - Training client 39 (28/30)...
2026-03-19 00:48:18,044 - Server_DefaultID - INFO - Client 39: Acc=67.60, Loss=-344.3086, NLL=-1161.1821, KL=14.7890, AvgS=499.75, ProxLoss=0.0000
2026-03-19 00:48:18,044 - Server_DefaultID - INFO - Training client 54 (29/30)...
2026-03-19 00:48:18,716 - Server_DefaultID - INFO - Client 54: Acc=85.00, Loss=-24.8696, NLL=-88.9620, KL=6.0785, AvgS=39.80, ProxLoss=0.0000
2026-03-19 00:48:18,716 - Server_DefaultID - INFO - Training client 37 (30/30)...
2026-03-19 00:48:19,903 - Server_DefaultID - INFO - Client 37: Acc=56.88, Loss=-119.3557, NLL=-410.4204, KL=10.1984, AvgS=175.92, ProxLoss=0.0000
2026-03-19 00:48:20,183 - Server_DefaultID - WARNING - Global prior extremely imbalanced (max/min=1.1), applied adaptive smoothing lam=0.11.
2026-03-19 00:48:20,183 - Server_DefaultID - INFO - Round [5/200] Summary | Avg Client Train Stats:	Loss [-282.3096]	 Acc [69.11]	NLL [-956.7832]	 KL [13.1188]	AvgS [411.65]	 ProxLoss [0.0000]
GlobalPriorAlpha (first 10): [5.03249979019165, 5.004899978637695, 4.932400226593018, 4.986700057983398, 5.02839994430542, 4.831500053405762, 4.990699768066406, 5.076000213623047, 5.063899993896484, 5.052999973297119]
Round Time: 57.72s
2026-03-19 00:48:20,185 - Server_DefaultID - INFO - --- Global Round 6/200 ---
2026-03-19 00:48:20,185 - Server_DefaultID - INFO - Selected 30 active clients for round 6.
2026-03-19 00:48:20,185 - Server_DefaultID - INFO - Training client 41 (1/30)...
2026-03-19 00:48:22,342 - Server_DefaultID - INFO - Client 41: Acc=55.16, Loss=-343.2759, NLL=-1161.0002, KL=14.6405, AvgS=499.67, ProxLoss=0.0000
2026-03-19 00:48:22,342 - Server_DefaultID - INFO - Training client 57 (2/30)...
2026-03-19 00:48:27,376 - Server_DefaultID - INFO - Client 57: Acc=93.66, Loss=-344.0984, NLL=-1161.6168, KL=14.7921, AvgS=499.93, ProxLoss=0.0000
2026-03-19 00:48:27,376 - Server_DefaultID - INFO - Training client 25 (3/30)...
2026-03-19 00:48:28,156 - Server_DefaultID - INFO - Client 25: Acc=47.19, Loss=-22.7564, NLL=-83.6254, KL=5.3922, AvgS=37.11, ProxLoss=0.0000
2026-03-19 00:48:28,156 - Server_DefaultID - INFO - Training client 92 (4/30)...
2026-03-19 00:48:29,426 - Server_DefaultID - INFO - Client 92: Acc=93.05, Loss=-122.7131, NLL=-423.6903, KL=10.0849, AvgS=181.67, ProxLoss=0.0000
2026-03-19 00:48:29,426 - Server_DefaultID - INFO - Training client 16 (5/30)...
2026-03-19 00:48:30,177 - Server_DefaultID - INFO - Client 16: Acc=72.97, Loss=-25.7981, NLL=-92.6779, KL=5.7953, AvgS=41.22, ProxLoss=0.0000
2026-03-19 00:48:30,177 - Server_DefaultID - INFO - Training client 10 (6/30)...
2026-03-19 00:48:31,386 - Server_DefaultID - INFO - Client 10: Acc=29.92, Loss=-291.6762, NLL=-987.7702, KL=13.1364, AvgS=424.81, ProxLoss=0.0000
2026-03-19 00:48:31,386 - Server_DefaultID - INFO - Training client 42 (7/30)...
2026-03-19 00:48:33,025 - Server_DefaultID - INFO - Client 42: Acc=44.53, Loss=-208.6720, NLL=-715.5552, KL=12.4335, AvgS=307.29, ProxLoss=0.0000
2026-03-19 00:48:33,025 - Server_DefaultID - INFO - Training client 59 (8/30)...
2026-03-19 00:48:35,338 - Server_DefaultID - INFO - Client 59: Acc=69.38, Loss=-338.4020, NLL=-1147.1852, KL=14.8161, AvgS=493.71, ProxLoss=0.0000
2026-03-19 00:48:35,338 - Server_DefaultID - INFO - Training client 76 (9/30)...
2026-03-19 00:48:37,379 - Server_DefaultID - INFO - Client 76: Acc=56.13, Loss=-345.9456, NLL=-1161.3968, KL=13.7793, AvgS=499.84, ProxLoss=0.0000
2026-03-19 00:48:37,379 - Server_DefaultID - INFO - Training client 43 (10/30)...
2026-03-19 00:48:40,125 - Server_DefaultID - INFO - Client 43: Acc=74.89, Loss=-344.1308, NLL=-1161.3742, KL=14.8805, AvgS=499.83, ProxLoss=0.0000
2026-03-19 00:48:40,125 - Server_DefaultID - INFO - Training client 47 (11/30)...
2026-03-19 00:48:41,822 - Server_DefaultID - INFO - Client 47: Acc=49.53, Loss=-345.6963, NLL=-1161.3694, KL=14.0876, AvgS=499.83, ProxLoss=0.0000
2026-03-19 00:48:41,822 - Server_DefaultID - INFO - Training client 70 (12/30)...
2026-03-19 00:48:43,184 - Server_DefaultID - INFO - Client 70: Acc=73.12, Loss=-168.0369, NLL=-577.9024, KL=11.5473, AvgS=247.94, ProxLoss=0.0000
2026-03-19 00:48:43,184 - Server_DefaultID - INFO - Training client 52 (13/30)...
2026-03-19 00:48:44,060 - Server_DefaultID - INFO - Client 52: Acc=29.58, Loss=-190.4333, NLL=-653.6382, KL=12.2445, AvgS=280.60, ProxLoss=0.0000
2026-03-19 00:48:44,060 - Server_DefaultID - INFO - Training client 7 (14/30)...
2026-03-19 00:48:45,690 - Server_DefaultID - INFO - Client 7: Acc=55.62, Loss=-197.9152, NLL=-680.2000, KL=12.5189, AvgS=292.04, ProxLoss=0.0000
2026-03-19 00:48:45,690 - Server_DefaultID - INFO - Training client 73 (15/30)...
2026-03-19 00:48:48,711 - Server_DefaultID - INFO - Client 73: Acc=73.94, Loss=-343.6271, NLL=-1161.4765, KL=14.5901, AvgS=499.87, ProxLoss=0.0000
2026-03-19 00:48:48,711 - Server_DefaultID - INFO - Training client 99 (16/30)...
2026-03-19 00:48:49,149 - Server_DefaultID - INFO - Client 99: Acc=55.94, Loss=-15.2733, NLL=-55.1261, KL=5.0276, AvgS=25.76, ProxLoss=0.0000
2026-03-19 00:48:49,149 - Server_DefaultID - INFO - Training client 75 (17/30)...
2026-03-19 00:48:51,112 - Server_DefaultID - INFO - Client 75: Acc=84.80, Loss=-343.4495, NLL=-1161.6279, KL=14.6376, AvgS=499.94, ProxLoss=0.0000
2026-03-19 00:48:51,112 - Server_DefaultID - INFO - Training client 38 (18/30)...
2026-03-19 00:48:51,856 - Server_DefaultID - INFO - Client 38: Acc=52.03, Loss=-123.1060, NLL=-417.5534, KL=8.3828, AvgS=178.96, ProxLoss=0.0000
2026-03-19 00:48:51,856 - Server_DefaultID - INFO - Training client 9 (19/30)...
2026-03-19 00:48:53,675 - Server_DefaultID - INFO - Client 9: Acc=80.76, Loss=-261.2493, NLL=-894.4789, KL=13.1469, AvgS=384.50, ProxLoss=0.0000
2026-03-19 00:48:53,675 - Server_DefaultID - INFO - Training client 61 (20/30)...
2026-03-19 00:48:54,897 - Server_DefaultID - INFO - Client 61: Acc=54.69, Loss=-163.8232, NLL=-556.6315, KL=10.3747, AvgS=238.84, ProxLoss=0.0000
2026-03-19 00:48:54,897 - Server_DefaultID - INFO - Training client 2 (21/30)...
2026-03-19 00:48:58,057 - Server_DefaultID - INFO - Client 2: Acc=79.44, Loss=-344.4193, NLL=-1161.3859, KL=14.7167, AvgS=499.83, ProxLoss=0.0000
2026-03-19 00:48:58,057 - Server_DefaultID - INFO - Training client 45 (22/30)...
2026-03-19 00:49:00,179 - Server_DefaultID - INFO - Client 45: Acc=46.52, Loss=-131.1441, NLL=-454.8004, KL=10.8585, AvgS=195.00, ProxLoss=0.0000
2026-03-19 00:49:00,179 - Server_DefaultID - INFO - Training client 44 (23/30)...
2026-03-19 00:49:02,570 - Server_DefaultID - INFO - Client 44: Acc=70.35, Loss=-343.8753, NLL=-1161.1957, KL=14.7732, AvgS=499.75, ProxLoss=0.0000
2026-03-19 00:49:02,570 - Server_DefaultID - INFO - Training client 36 (24/30)...
2026-03-19 00:49:08,001 - Server_DefaultID - INFO - Client 36: Acc=72.09, Loss=-342.9350, NLL=-1161.0098, KL=14.5671, AvgS=499.67, ProxLoss=0.0000
2026-03-19 00:49:08,001 - Server_DefaultID - INFO - Training client 17 (25/30)...
2026-03-19 00:49:08,666 - Server_DefaultID - INFO - Client 17: Acc=57.81, Loss=-82.9237, NLL=-286.4838, KL=8.8614, AvgS=122.80, ProxLoss=0.0000
2026-03-19 00:49:08,666 - Server_DefaultID - INFO - Training client 72 (26/30)...
2026-03-19 00:49:09,770 - Server_DefaultID - INFO - Client 72: Acc=51.72, Loss=-117.5910, NLL=-408.8739, KL=9.9467, AvgS=175.20, ProxLoss=0.0000
2026-03-19 00:49:09,770 - Server_DefaultID - INFO - Training client 23 (27/30)...
2026-03-19 00:49:10,182 - Server_DefaultID - INFO - Client 23: Acc=76.27, Loss=-38.4007, NLL=-135.1932, KL=6.9220, AvgS=58.89, ProxLoss=0.0000
2026-03-19 00:49:10,182 - Server_DefaultID - INFO - Training client 49 (28/30)...
2026-03-19 00:49:12,078 - Server_DefaultID - INFO - Client 49: Acc=61.61, Loss=-255.3787, NLL=-872.2329, KL=13.7369, AvgS=374.93, ProxLoss=0.0000
2026-03-19 00:49:12,078 - Server_DefaultID - INFO - Training client 90 (29/30)...
2026-03-19 00:49:14,444 - Client_90 - WARNING - Client 90: Too few classes (1) or samples (592) for alpha report, returning uniform.
2026-03-19 00:49:14,444 - Server_DefaultID - INFO - Client 90: Acc=58.02, Loss=-150.7317, NLL=-525.5518, KL=9.9526, AvgS=225.35, ProxLoss=0.0000
2026-03-19 00:49:14,444 - Server_DefaultID - INFO - Training client 3 (30/30)...
2026-03-19 00:49:16,060 - Server_DefaultID - INFO - Client 3: Acc=51.35, Loss=-92.5496, NLL=-318.6666, KL=8.5967, AvgS=136.58, ProxLoss=0.0000
2026-03-19 00:49:16,282 - Server_DefaultID - WARNING - Global prior extremely imbalanced (max/min=1.0), applied adaptive smoothing lam=0.10.
2026-03-19 00:49:16,282 - Server_DefaultID - INFO - Round [6/200] Summary | Avg Client Train Stats:	Loss [-267.6054]	 Acc [66.42]	NLL [-907.8564]	 KL [12.9938]	AvgS [390.52]	 ProxLoss [0.0000]
GlobalPriorAlpha (first 10): [4.996399879455566, 5.01039981842041, 4.990699768066406, 5.018700122833252, 4.98859977722168, 4.929599761962891, 5.017000198364258, 4.968999862670898, 5.010499954223633, 5.0690999031066895]
Round Time: 56.10s
2026-03-19 00:49:16,284 - Server_DefaultID - INFO - --- Global Round 7/200 ---
2026-03-19 00:49:16,285 - Server_DefaultID - INFO - Selected 30 active clients for round 7.
2026-03-19 00:49:16,285 - Server_DefaultID - INFO - Training client 80 (1/30)...
2026-03-19 00:49:16,669 - Server_DefaultID - INFO - Client 80: Acc=69.06, Loss=-26.1214, NLL=-92.4460, KL=7.5025, AvgS=41.07, ProxLoss=0.0000
2026-03-19 00:49:16,669 - Server_DefaultID - INFO - Training client 14 (2/30)...
2026-03-19 00:49:19,011 - Server_DefaultID - INFO - Client 14: Acc=81.77, Loss=-336.9543, NLL=-1145.8583, KL=14.4635, AvgS=493.13, ProxLoss=0.0000
2026-03-19 00:49:19,011 - Server_DefaultID - INFO - Training client 91 (3/30)...
2026-03-19 00:49:19,898 - Server_DefaultID - INFO - Client 91: Acc=55.73, Loss=-133.5919, NLL=-464.4284, KL=10.6570, AvgS=199.13, ProxLoss=0.0000
2026-03-19 00:49:19,899 - Server_DefaultID - INFO - Training client 19 (4/30)...
2026-03-19 00:49:23,478 - Server_DefaultID - INFO - Client 19: Acc=95.54, Loss=-343.0490, NLL=-1161.3821, KL=14.4756, AvgS=499.83, ProxLoss=0.0000
2026-03-19 00:49:23,478 - Server_DefaultID - INFO - Training client 49 (5/30)...
2026-03-19 00:49:25,358 - Server_DefaultID - INFO - Client 49: Acc=65.09, Loss=-342.8399, NLL=-1158.8013, KL=14.8806, AvgS=498.72, ProxLoss=0.0000
2026-03-19 00:49:25,358 - Server_DefaultID - INFO - Training client 17 (6/30)...
2026-03-19 00:49:26,026 - Server_DefaultID - INFO - Client 17: Acc=55.62, Loss=-118.1858, NLL=-405.5366, KL=10.2477, AvgS=173.78, ProxLoss=0.0000
2026-03-19 00:49:26,026 - Server_DefaultID - INFO - Training client 33 (7/30)...
2026-03-19 00:49:28,038 - Server_DefaultID - INFO - Client 33: Acc=56.88, Loss=-345.8663, NLL=-1161.5016, KL=13.9288, AvgS=499.88, ProxLoss=0.0000
2026-03-19 00:49:28,038 - Server_DefaultID - INFO - Training client 11 (8/30)...
2026-03-19 00:49:29,664 - Server_DefaultID - INFO - Client 11: Acc=41.51, Loss=-86.3542, NLL=-303.6263, KL=9.4601, AvgS=130.12, ProxLoss=0.0000
2026-03-19 00:49:29,664 - Server_DefaultID - INFO - Training client 1 (9/30)...
2026-03-19 00:49:31,431 - Server_DefaultID - INFO - Client 1: Acc=61.88, Loss=-25.8210, NLL=-92.0917, KL=6.5663, AvgS=40.99, ProxLoss=0.0000
2026-03-19 00:49:31,432 - Server_DefaultID - INFO - Training client 73 (10/30)...
2026-03-19 00:49:34,927 - Server_DefaultID - INFO - Client 73: Acc=73.97, Loss=-343.6669, NLL=-1161.6658, KL=14.6423, AvgS=499.96, ProxLoss=0.0000
2026-03-19 00:49:34,927 - Server_DefaultID - INFO - Training client 63 (11/30)...
2026-03-19 00:49:36,287 - Server_DefaultID - INFO - Client 63: Acc=47.88, Loss=-264.4947, NLL=-902.5307, KL=13.4881, AvgS=388.04, ProxLoss=0.0000
2026-03-19 00:49:36,287 - Server_DefaultID - INFO - Training client 6 (12/30)...
2026-03-19 00:49:37,238 - Server_DefaultID - INFO - Client 6: Acc=72.40, Loss=-82.3566, NLL=-287.5707, KL=8.9099, AvgS=123.36, ProxLoss=0.0000
2026-03-19 00:49:37,238 - Server_DefaultID - INFO - Training client 61 (13/30)...
2026-03-19 00:49:38,718 - Server_DefaultID - INFO - Client 61: Acc=55.00, Loss=-273.0062, NLL=-923.7609, KL=12.2465, AvgS=397.21, ProxLoss=0.0000
2026-03-19 00:49:38,718 - Server_DefaultID - INFO - Training client 81 (14/30)...
2026-03-19 00:49:40,785 - Server_DefaultID - INFO - Client 81: Acc=68.88, Loss=-234.5156, NLL=-803.6391, KL=12.6696, AvgS=345.50, ProxLoss=0.0000
2026-03-19 00:49:40,785 - Server_DefaultID - INFO - Training client 21 (15/30)...
2026-03-19 00:49:42,910 - Server_DefaultID - INFO - Client 21: Acc=59.49, Loss=-345.9598, NLL=-1161.5573, KL=14.0213, AvgS=499.91, ProxLoss=0.0000
2026-03-19 00:49:42,910 - Server_DefaultID - INFO - Training client 92 (16/30)...
2026-03-19 00:49:44,137 - Server_DefaultID - INFO - Client 92: Acc=92.11, Loss=-207.8005, NLL=-710.3075, KL=12.4449, AvgS=305.05, ProxLoss=0.0000
2026-03-19 00:49:44,137 - Server_DefaultID - INFO - Training client 89 (17/30)...
2026-03-19 00:49:47,699 - Server_DefaultID - INFO - Client 89: Acc=98.55, Loss=-343.0590, NLL=-1161.7463, KL=14.2640, AvgS=499.99, ProxLoss=0.0000
2026-03-19 00:49:47,699 - Server_DefaultID - INFO - Training client 98 (18/30)...
2026-03-19 00:49:48,604 - Server_DefaultID - INFO - Client 98: Acc=50.31, Loss=-138.1947, NLL=-479.2153, KL=10.6127, AvgS=205.48, ProxLoss=0.0000
2026-03-19 00:49:48,604 - Server_DefaultID - INFO - Training client 44 (19/30)...
2026-03-19 00:49:51,047 - Server_DefaultID - INFO - Client 44: Acc=80.62, Loss=-344.1659, NLL=-1161.6503, KL=14.8172, AvgS=499.95, ProxLoss=0.0000
2026-03-19 00:49:51,047 - Server_DefaultID - INFO - Training client 18 (20/30)...
2026-03-19 00:49:54,904 - Server_DefaultID - INFO - Client 18: Acc=84.04, Loss=-344.8197, NLL=-1161.6717, KL=14.7687, AvgS=499.96, ProxLoss=0.0000
2026-03-19 00:49:54,904 - Server_DefaultID - INFO - Training client 16 (21/30)...
2026-03-19 00:49:55,721 - Server_DefaultID - INFO - Client 16: Acc=67.19, Loss=-52.1762, NLL=-183.7115, KL=7.3280, AvgS=79.23, ProxLoss=0.0000
2026-03-19 00:49:55,721 - Server_DefaultID - INFO - Training client 72 (22/30)...
2026-03-19 00:49:56,836 - Server_DefaultID - INFO - Client 72: Acc=50.47, Loss=-201.5533, NLL=-691.7842, KL=12.3935, AvgS=296.98, ProxLoss=0.0000
2026-03-19 00:49:56,836 - Server_DefaultID - INFO - Training client 78 (23/30)...
2026-03-19 00:50:05,018 - Server_DefaultID - INFO - Client 78: Acc=90.79, Loss=-344.4768, NLL=-1161.6527, KL=14.7393, AvgS=499.95, ProxLoss=0.0000
2026-03-19 00:50:05,018 - Server_DefaultID - INFO - Training client 58 (24/30)...
2026-03-19 00:50:07,012 - Server_DefaultID - INFO - Client 58: Acc=77.41, Loss=-340.7954, NLL=-1156.9237, KL=14.5422, AvgS=497.91, ProxLoss=0.0000
2026-03-19 00:50:07,012 - Server_DefaultID - INFO - Training client 57 (25/30)...
2026-03-19 00:50:11,435 - Server_DefaultID - INFO - Client 57: Acc=94.04, Loss=-344.2281, NLL=-1161.7632, KL=14.7975, AvgS=500.00, ProxLoss=0.0000
2026-03-19 00:50:11,435 - Server_DefaultID - INFO - Training client 10 (26/30)...
2026-03-19 00:50:12,780 - Server_DefaultID - INFO - Client 10: Acc=29.14, Loss=-342.5450, NLL=-1154.0452, KL=13.7830, AvgS=496.66, ProxLoss=0.0000
2026-03-19 00:50:12,780 - Server_DefaultID - INFO - Training client 65 (27/30)...
2026-03-19 00:50:13,177 - Server_DefaultID - INFO - Client 65: Acc=71.25, Loss=-15.7692, NLL=-56.7115, KL=6.5212, AvgS=26.52, ProxLoss=0.0000
2026-03-19 00:50:13,177 - Server_DefaultID - INFO - Training client 34 (28/30)...
2026-03-19 00:50:14,104 - Server_DefaultID - INFO - Client 34: Acc=58.33, Loss=-135.2759, NLL=-463.9283, KL=10.7813, AvgS=198.91, ProxLoss=0.0000
2026-03-19 00:50:14,104 - Server_DefaultID - INFO - Training client 79 (29/30)...
2026-03-19 00:50:15,527 - Server_DefaultID - INFO - Client 79: Acc=22.50, Loss=-67.7125, NLL=-241.6130, KL=7.9750, AvgS=103.64, ProxLoss=0.0000
2026-03-19 00:50:15,527 - Server_DefaultID - INFO - Training client 2 (30/30)...
2026-03-19 00:50:17,776 - Server_DefaultID - INFO - Client 2: Acc=79.10, Loss=-344.4953, NLL=-1161.6152, KL=14.8143, AvgS=499.93, ProxLoss=0.0000
2026-03-19 00:50:18,093 - Server_DefaultID - WARNING - Global prior extremely imbalanced (max/min=1.0), applied adaptive smoothing lam=0.10.
2026-03-19 00:50:18,093 - Server_DefaultID - INFO - Round [7/200] Summary | Avg Client Train Stats:	Loss [-291.4444]	 Acc [74.92]	NLL [-986.6722]	 KL [13.4848]	AvgS [424.55]	 ProxLoss [0.0000]
GlobalPriorAlpha (first 10): [4.9893999099731445, 5.06689977645874, 4.969799995422363, 5.0370001792907715, 4.977399826049805, 4.974999904632568, 4.995299816131592, 4.93209981918335, 5.032899856567383, 5.024099826812744]
Round Time: 61.81s
2026-03-19 00:50:18,097 - Server_DefaultID - INFO - --- Global Round 8/200 ---
2026-03-19 00:50:18,097 - Server_DefaultID - INFO - Selected 30 active clients for round 8.
2026-03-19 00:50:18,097 - Server_DefaultID - INFO - Training client 20 (1/30)...
2026-03-19 00:50:19,676 - Server_DefaultID - INFO - Client 20: Acc=50.16, Loss=-338.4532, NLL=-1140.4356, KL=12.9166, AvgS=490.79, ProxLoss=0.0000
2026-03-19 00:50:19,676 - Server_DefaultID - INFO - Training client 97 (2/30)...
2026-03-19 00:50:26,036 - Server_DefaultID - INFO - Client 97: Acc=99.56, Loss=-342.3872, NLL=-1161.7691, KL=13.8286, AvgS=500.00, ProxLoss=0.0000
2026-03-19 00:50:26,037 - Server_DefaultID - INFO - Training client 83 (3/30)...
2026-03-19 00:50:28,615 - Server_DefaultID - INFO - Client 83: Acc=99.69, Loss=-342.0774, NLL=-1161.4887, KL=13.6489, AvgS=499.88, ProxLoss=0.0000
2026-03-19 00:50:28,616 - Server_DefaultID - INFO - Training client 71 (4/30)...
2026-03-19 00:50:29,306 - Server_DefaultID - INFO - Client 71: Acc=68.28, Loss=-85.7931, NLL=-294.3343, KL=8.6851, AvgS=126.24, ProxLoss=0.0000
2026-03-19 00:50:29,306 - Server_DefaultID - INFO - Training client 92 (5/30)...
2026-03-19 00:50:30,462 - Server_DefaultID - INFO - Client 92: Acc=93.36, Loss=-289.9565, NLL=-985.5645, KL=13.8795, AvgS=423.87, ProxLoss=0.0000
2026-03-19 00:50:30,462 - Server_DefaultID - INFO - Training client 11 (6/30)...
2026-03-19 00:50:32,154 - Server_DefaultID - INFO - Client 11: Acc=41.35, Loss=-206.0519, NLL=-706.8259, KL=12.7667, AvgS=303.50, ProxLoss=0.0000
2026-03-19 00:50:32,154 - Server_DefaultID - INFO - Training client 53 (7/30)...
2026-03-19 00:50:34,852 - Server_DefaultID - INFO - Client 53: Acc=96.00, Loss=-338.5251, NLL=-1150.1433, KL=14.5840, AvgS=494.98, ProxLoss=0.0000
2026-03-19 00:50:34,852 - Server_DefaultID - INFO - Training client 38 (8/30)...
2026-03-19 00:50:35,521 - Server_DefaultID - INFO - Client 38: Acc=52.50, Loss=-163.3764, NLL=-552.6152, KL=9.1039, AvgS=237.04, ProxLoss=0.0000
2026-03-19 00:50:35,521 - Server_DefaultID - INFO - Training client 75 (9/30)...
2026-03-19 00:50:38,572 - Server_DefaultID - INFO - Client 75: Acc=83.63, Loss=-343.3485, NLL=-1161.6587, KL=14.5630, AvgS=499.95, ProxLoss=0.0000
2026-03-19 00:50:38,572 - Server_DefaultID - INFO - Training client 48 (10/30)...
2026-03-19 00:50:42,680 - Server_DefaultID - INFO - Client 48: Acc=86.71, Loss=-344.6068, NLL=-1161.6716, KL=14.7893, AvgS=499.96, ProxLoss=0.0000
2026-03-19 00:50:42,680 - Server_DefaultID - INFO - Training client 34 (11/30)...
2026-03-19 00:50:43,562 - Server_DefaultID - INFO - Client 34: Acc=60.62, Loss=-199.6729, NLL=-680.1704, KL=12.3236, AvgS=292.03, ProxLoss=0.0000
2026-03-19 00:50:43,562 - Server_DefaultID - INFO - Training client 66 (12/30)...
2026-03-19 00:50:45,369 - Server_DefaultID - INFO - Client 66: Acc=88.04, Loss=-344.0293, NLL=-1161.5984, KL=14.8754, AvgS=499.93, ProxLoss=0.0000
2026-03-19 00:50:45,369 - Server_DefaultID - INFO - Training client 16 (13/30)...
2026-03-19 00:50:46,050 - Server_DefaultID - INFO - Client 16: Acc=60.94, Loss=-84.3959, NLL=-293.6126, KL=9.0247, AvgS=125.91, ProxLoss=0.0000
2026-03-19 00:50:46,050 - Server_DefaultID - INFO - Training client 70 (14/30)...
2026-03-19 00:50:47,387 - Server_DefaultID - INFO - Client 70: Acc=67.19, Loss=-284.1042, NLL=-971.1275, KL=13.6813, AvgS=417.64, ProxLoss=0.0000
2026-03-19 00:50:47,387 - Server_DefaultID - INFO - Training client 32 (15/30)...
2026-03-19 00:50:49,004 - Server_DefaultID - INFO - Client 32: Acc=57.34, Loss=-333.8919, NLL=-1132.2497, KL=14.6128, AvgS=487.25, ProxLoss=0.0000
2026-03-19 00:50:49,004 - Server_DefaultID - INFO - Training client 86 (16/30)...
2026-03-19 00:50:50,322 - Server_DefaultID - INFO - Client 86: Acc=72.19, Loss=-73.7213, NLL=-257.9986, KL=8.3996, AvgS=110.74, ProxLoss=0.0000
2026-03-19 00:50:50,322 - Server_DefaultID - INFO - Training client 87 (17/30)...
2026-03-19 00:50:52,195 - Server_DefaultID - INFO - Client 87: Acc=42.05, Loss=-346.1699, NLL=-1161.5297, KL=13.5683, AvgS=499.90, ProxLoss=0.0000
2026-03-19 00:50:52,195 - Server_DefaultID - INFO - Training client 3 (18/30)...
2026-03-19 00:50:53,834 - Server_DefaultID - INFO - Client 3: Acc=42.34, Loss=-214.1165, NLL=-726.9035, KL=11.7678, AvgS=312.14, ProxLoss=0.0000
2026-03-19 00:50:53,834 - Server_DefaultID - INFO - Training client 85 (19/30)...
2026-03-19 00:50:56,924 - Server_DefaultID - INFO - Client 85: Acc=99.74, Loss=-342.2081, NLL=-1161.6753, KL=13.7012, AvgS=499.96, ProxLoss=0.0000
2026-03-19 00:50:56,924 - Server_DefaultID - INFO - Training client 88 (20/30)...
2026-03-19 00:50:58,650 - Server_DefaultID - INFO - Client 88: Acc=32.97, Loss=-207.6230, NLL=-709.1508, KL=12.4171, AvgS=304.49, ProxLoss=0.0000
2026-03-19 00:50:58,651 - Server_DefaultID - INFO - Training client 36 (21/30)...
2026-03-19 00:51:04,465 - Server_DefaultID - INFO - Client 36: Acc=88.22, Loss=-343.2907, NLL=-1161.6632, KL=14.5792, AvgS=499.95, ProxLoss=0.0000
2026-03-19 00:51:04,465 - Server_DefaultID - INFO - Training client 12 (22/30)...
2026-03-19 00:51:05,863 - Server_DefaultID - INFO - Client 12: Acc=48.88, Loss=-285.3118, NLL=-965.4869, KL=13.1297, AvgS=415.19, ProxLoss=0.0000
2026-03-19 00:51:05,863 - Server_DefaultID - INFO - Training client 93 (23/30)...
2026-03-19 00:51:06,551 - Server_DefaultID - INFO - Client 93: Acc=27.81, Loss=-154.9211, NLL=-529.2994, KL=11.2059, AvgS=226.96, ProxLoss=0.0000
2026-03-19 00:51:06,551 - Server_DefaultID - INFO - Training client 58 (24/30)...
2026-03-19 00:51:08,404 - Server_DefaultID - INFO - Client 58: Acc=77.01, Loss=-342.8311, NLL=-1161.1039, KL=14.5568, AvgS=499.71, ProxLoss=0.0000
2026-03-19 00:51:08,404 - Server_DefaultID - INFO - Training client 13 (25/30)...
2026-03-19 00:51:08,798 - Server_DefaultID - INFO - Client 13: Acc=70.00, Loss=-23.5430, NLL=-85.1891, KL=5.5215, AvgS=37.98, ProxLoss=0.0000
2026-03-19 00:51:08,798 - Server_DefaultID - INFO - Training client 40 (26/30)...
2026-03-19 00:51:11,255 - Server_DefaultID - INFO - Client 40: Acc=59.48, Loss=-214.2303, NLL=-728.9093, KL=12.0266, AvgS=313.07, ProxLoss=0.0000
2026-03-19 00:51:11,255 - Server_DefaultID - INFO - Training client 81 (27/30)...
2026-03-19 00:51:13,187 - Server_DefaultID - INFO - Client 81: Acc=74.24, Loss=-331.7035, NLL=-1127.4528, KL=14.6403, AvgS=485.18, ProxLoss=0.0000
2026-03-19 00:51:13,187 - Server_DefaultID - INFO - Training client 25 (28/30)...
2026-03-19 00:51:14,038 - Server_DefaultID - INFO - Client 25: Acc=34.22, Loss=-48.8136, NLL=-172.8551, KL=7.2316, AvgS=74.51, ProxLoss=0.0000
2026-03-19 00:51:14,039 - Server_DefaultID - INFO - Training client 67 (29/30)...
2026-03-19 00:51:15,608 - Server_DefaultID - INFO - Client 67: Acc=63.85, Loss=-93.2453, NLL=-322.7653, KL=9.4562, AvgS=138.39, ProxLoss=0.0000
2026-03-19 00:51:15,608 - Server_DefaultID - INFO - Training client 74 (30/30)...
2026-03-19 00:51:16,870 - Server_DefaultID - INFO - Client 74: Acc=60.23, Loss=-116.3776, NLL=-402.1448, KL=10.4129, AvgS=172.37, ProxLoss=0.0000
2026-03-19 00:51:17,186 - Server_DefaultID - WARNING - Global prior extremely imbalanced (max/min=1.0), applied adaptive smoothing lam=0.10.
2026-03-19 00:51:17,187 - Server_DefaultID - INFO - Round [8/200] Summary | Avg Client Train Stats:	Loss [-286.2308]	 Acc [75.56]	NLL [-970.9175]	 KL [13.2063]	AvgS [417.69]	 ProxLoss [0.0000]
GlobalPriorAlpha (first 10): [5.003699779510498, 5.003699779510498, 5.003699779510498, 5.003699779510498, 5.003699779510498, 5.003699779510498, 5.003699779510498, 4.966700077056885, 5.003699779510498, 5.003699779510498]
Round Time: 59.09s
2026-03-19 00:51:17,189 - Server_DefaultID - INFO - --- Global Round 9/200 ---
2026-03-19 00:51:17,189 - Server_DefaultID - INFO - Selected 30 active clients for round 9.
2026-03-19 00:51:17,189 - Server_DefaultID - INFO - Training client 78 (1/30)...
2026-03-19 00:51:24,546 - Server_DefaultID - INFO - Client 78: Acc=92.18, Loss=-344.4189, NLL=-1161.7053, KL=14.7270, AvgS=499.97, ProxLoss=0.0000
2026-03-19 00:51:24,546 - Server_DefaultID - INFO - Training client 12 (2/30)...
2026-03-19 00:51:25,874 - Server_DefaultID - INFO - Client 12: Acc=73.12, Loss=-343.1462, NLL=-1154.7662, KL=13.7925, AvgS=496.97, ProxLoss=0.0000
2026-03-19 00:51:25,874 - Server_DefaultID - INFO - Training client 22 (3/30)...
2026-03-19 00:51:26,529 - Server_DefaultID - INFO - Client 22: Acc=58.44, Loss=-23.4400, NLL=-85.2547, KL=5.8837, AvgS=37.85, ProxLoss=0.0000
2026-03-19 00:51:26,529 - Server_DefaultID - INFO - Training client 11 (4/30)...
2026-03-19 00:51:28,082 - Server_DefaultID - INFO - Client 11: Acc=52.45, Loss=-328.6050, NLL=-1116.8484, KL=14.6376, AvgS=480.58, ProxLoss=0.0000
2026-03-19 00:51:28,082 - Server_DefaultID - INFO - Training client 47 (5/30)...
2026-03-19 00:51:29,732 - Server_DefaultID - INFO - Client 47: Acc=48.59, Loss=-345.5967, NLL=-1161.3645, KL=14.0714, AvgS=499.83, ProxLoss=0.0000
2026-03-19 00:51:29,732 - Server_DefaultID - INFO - Training client 6 (6/30)...
2026-03-19 00:51:30,599 - Server_DefaultID - INFO - Client 6: Acc=75.62, Loss=-136.9194, NLL=-471.8527, KL=10.8451, AvgS=202.35, ProxLoss=0.0000
2026-03-19 00:51:30,599 - Server_DefaultID - INFO - Training client 10 (7/30)...
2026-03-19 00:51:31,802 - Server_DefaultID - INFO - Client 10: Acc=29.38, Loss=-345.4488, NLL=-1160.8828, KL=13.7844, AvgS=499.62, ProxLoss=0.0000
2026-03-19 00:51:31,802 - Server_DefaultID - INFO - Training client 50 (8/30)...
2026-03-19 00:51:36,386 - Server_DefaultID - INFO - Client 50: Acc=83.42, Loss=-332.0945, NLL=-1135.3130, KL=14.3115, AvgS=488.56, ProxLoss=0.0000
2026-03-19 00:51:36,387 - Server_DefaultID - INFO - Training client 75 (9/30)...
2026-03-19 00:51:38,436 - Server_DefaultID - INFO - Client 75: Acc=88.28, Loss=-343.3814, NLL=-1161.6153, KL=14.6015, AvgS=499.93, ProxLoss=0.0000
2026-03-19 00:51:38,437 - Server_DefaultID - INFO - Training client 46 (10/30)...
2026-03-19 00:51:40,440 - Server_DefaultID - INFO - Client 46: Acc=58.36, Loss=-297.9021, NLL=-1014.6276, KL=14.2169, AvgS=436.40, ProxLoss=0.0000
2026-03-19 00:51:40,440 - Server_DefaultID - INFO - Training client 68 (11/30)...
2026-03-19 00:51:43,664 - Server_DefaultID - INFO - Client 68: Acc=70.97, Loss=-342.9006, NLL=-1161.4935, KL=14.5176, AvgS=499.88, ProxLoss=0.0000
2026-03-19 00:51:43,664 - Server_DefaultID - INFO - Training client 86 (12/30)...
2026-03-19 00:51:45,088 - Server_DefaultID - INFO - Client 86: Acc=61.69, Loss=-166.1268, NLL=-570.2146, KL=11.6501, AvgS=244.63, ProxLoss=0.0000
2026-03-19 00:51:45,088 - Server_DefaultID - INFO - Training client 91 (13/30)...
2026-03-19 00:51:45,951 - Server_DefaultID - INFO - Client 91: Acc=64.90, Loss=-196.6538, NLL=-677.0007, KL=12.2984, AvgS=290.66, ProxLoss=0.0000
2026-03-19 00:51:45,952 - Server_DefaultID - INFO - Training client 67 (14/30)...
2026-03-19 00:51:47,533 - Server_DefaultID - INFO - Client 67: Acc=63.02, Loss=-218.2598, NLL=-741.8921, KL=12.7473, AvgS=318.68, ProxLoss=0.0000
2026-03-19 00:51:47,533 - Server_DefaultID - INFO - Training client 1 (15/30)...
2026-03-19 00:51:48,205 - Server_DefaultID - INFO - Client 1: Acc=50.00, Loss=-51.6445, NLL=-181.1243, KL=7.6183, AvgS=78.18, ProxLoss=0.0000
2026-03-19 00:51:48,205 - Server_DefaultID - INFO - Training client 72 (16/30)...
2026-03-19 00:51:49,399 - Server_DefaultID - INFO - Client 72: Acc=50.86, Loss=-294.8063, NLL=-1007.3590, KL=14.0325, AvgS=433.26, ProxLoss=0.0000
2026-03-19 00:51:49,400 - Server_DefaultID - INFO - Training client 89 (17/30)...
2026-03-19 00:51:52,766 - Server_DefaultID - INFO - Client 89: Acc=98.57, Loss=-342.8704, NLL=-1161.7112, KL=14.2139, AvgS=499.97, ProxLoss=0.0000
2026-03-19 00:51:52,766 - Server_DefaultID - INFO - Training client 41 (18/30)...
2026-03-19 00:51:54,869 - Server_DefaultID - INFO - Client 41: Acc=59.61, Loss=-343.6504, NLL=-1161.6203, KL=14.7177, AvgS=499.94, ProxLoss=0.0000
2026-03-19 00:51:54,869 - Server_DefaultID - INFO - Training client 81 (19/30)...
2026-03-19 00:51:56,748 - Server_DefaultID - INFO - Client 81: Acc=75.89, Loss=-344.1263, NLL=-1161.2819, KL=14.8533, AvgS=499.79, ProxLoss=0.0000
2026-03-19 00:51:56,749 - Server_DefaultID - INFO - Training client 25 (20/30)...
2026-03-19 00:51:57,421 - Server_DefaultID - INFO - Client 25: Acc=31.56, Loss=-78.3921, NLL=-273.2515, KL=8.6186, AvgS=117.22, ProxLoss=0.0000
2026-03-19 00:51:57,421 - Server_DefaultID - INFO - Training client 20 (21/30)...
2026-03-19 00:51:59,069 - Server_DefaultID - INFO - Client 20: Acc=52.45, Loss=-346.3437, NLL=-1161.2944, KL=12.9145, AvgS=499.80, ProxLoss=0.0000
2026-03-19 00:51:59,069 - Server_DefaultID - INFO - Training client 49 (22/30)...
2026-03-19 00:52:00,866 - Server_DefaultID - INFO - Client 49: Acc=71.88, Loss=-343.8666, NLL=-1161.2392, KL=14.8961, AvgS=499.77, ProxLoss=0.0000
2026-03-19 00:52:00,866 - Server_DefaultID - INFO - Training client 39 (23/30)...
2026-03-19 00:52:04,703 - Server_DefaultID - INFO - Client 39: Acc=71.58, Loss=-344.5279, NLL=-1161.7209, KL=14.8539, AvgS=499.98, ProxLoss=0.0000
2026-03-19 00:52:04,703 - Server_DefaultID - INFO - Training client 94 (24/30)...
2026-03-19 00:52:07,407 - Server_DefaultID - INFO - Client 94: Acc=63.84, Loss=-201.3174, NLL=-691.5726, KL=12.6963, AvgS=296.95, ProxLoss=0.0000
2026-03-19 00:52:07,407 - Server_DefaultID - INFO - Training client 8 (25/30)...
2026-03-19 00:52:08,059 - Server_DefaultID - INFO - Client 8: Acc=42.66, Loss=-49.4618, NLL=-175.2906, KL=7.2590, AvgS=75.53, ProxLoss=0.0000
2026-03-19 00:52:08,059 - Server_DefaultID - INFO - Training client 3 (26/30)...
2026-03-19 00:52:09,684 - Server_DefaultID - INFO - Client 3: Acc=42.86, Loss=-333.0646, NLL=-1125.9736, KL=13.5369, AvgS=484.53, ProxLoss=0.0000
2026-03-19 00:52:09,684 - Server_DefaultID - INFO - Training client 33 (27/30)...
2026-03-19 00:52:11,536 - Server_DefaultID - INFO - Client 33: Acc=56.88, Loss=-345.9964, NLL=-1161.7200, KL=13.9091, AvgS=499.98, ProxLoss=0.0000
2026-03-19 00:52:11,536 - Server_DefaultID - INFO - Training client 80 (28/30)...
2026-03-19 00:52:11,944 - Server_DefaultID - INFO - Client 80: Acc=69.06, Loss=-39.3929, NLL=-137.7811, KL=7.5852, AvgS=59.92, ProxLoss=0.0000
2026-03-19 00:52:11,944 - Server_DefaultID - INFO - Training client 5 (29/30)...
2026-03-19 00:52:12,391 - Server_DefaultID - INFO - Client 5: Acc=72.50, Loss=-15.5088, NLL=-56.3537, KL=6.4595, AvgS=26.27, ProxLoss=0.0000
2026-03-19 00:52:12,391 - Server_DefaultID - INFO - Training client 87 (30/30)...
2026-03-19 00:52:14,315 - Server_DefaultID - INFO - Client 87: Acc=47.32, Loss=-346.1441, NLL=-1161.4932, KL=13.6019, AvgS=499.88, ProxLoss=0.0000
2026-03-19 00:52:14,474 - Server_DefaultID - WARNING - Global prior extremely imbalanced (max/min=1.0), applied adaptive smoothing lam=0.10.
2026-03-19 00:52:14,474 - Server_DefaultID - INFO - Round [9/200] Summary | Avg Client Train Stats:	Loss [-302.0754]	 Acc [69.73]	NLL [-1022.9129]	 KL [13.6679]	AvgS [440.15]	 ProxLoss [0.0000]
GlobalPriorAlpha (first 10): [5.002900123596191, 5.002900123596191, 5.002900123596191, 5.002900123596191, 5.002900123596191, 5.002900123596191, 5.002900123596191, 4.973599910736084, 5.002900123596191, 5.002900123596191]
Round Time: 57.28s
2026-03-19 00:52:14,476 - Server_DefaultID - INFO - --- Global Round 10/200 ---
2026-03-19 00:52:14,477 - Server_DefaultID - INFO - Selected 30 active clients for round 10.
2026-03-19 00:52:14,477 - Server_DefaultID - INFO - Training client 34 (1/30)...
2026-03-19 00:52:15,392 - Server_DefaultID - INFO - Client 34: Acc=59.38, Loss=-270.7543, NLL=-918.9546, KL=13.6406, AvgS=395.11, ProxLoss=0.0000
2026-03-19 00:52:15,392 - Server_DefaultID - INFO - Training client 48 (2/30)...
2026-03-19 00:52:20,503 - Server_DefaultID - INFO - Client 48: Acc=86.69, Loss=-344.5592, NLL=-1161.6994, KL=14.7997, AvgS=499.97, ProxLoss=0.0000
2026-03-19 00:52:20,503 - Server_DefaultID - INFO - Training client 70 (3/30)...
2026-03-19 00:52:21,823 - Server_DefaultID - INFO - Client 70: Acc=75.88, Loss=-342.2140, NLL=-1158.6629, KL=14.5747, AvgS=498.66, ProxLoss=0.0000
2026-03-19 00:52:21,823 - Server_DefaultID - INFO - Training client 16 (4/30)...
2026-03-19 00:52:22,477 - Server_DefaultID - INFO - Client 16: Acc=56.88, Loss=-116.5564, NLL=-402.6537, KL=10.2529, AvgS=172.59, ProxLoss=0.0000
2026-03-19 00:52:22,477 - Server_DefaultID - INFO - Training client 55 (5/30)...
2026-03-19 00:52:30,005 - Server_DefaultID - INFO - Client 55: Acc=84.57, Loss=-344.9597, NLL=-1161.4720, KL=14.7979, AvgS=499.87, ProxLoss=0.0000
2026-03-19 00:52:30,006 - Server_DefaultID - INFO - Training client 47 (6/30)...
2026-03-19 00:52:31,666 - Server_DefaultID - INFO - Client 47: Acc=52.34, Loss=-345.5757, NLL=-1161.4324, KL=14.1080, AvgS=499.85, ProxLoss=0.0000
2026-03-19 00:52:31,666 - Server_DefaultID - INFO - Training client 67 (7/30)...
2026-03-19 00:52:33,139 - Server_DefaultID - INFO - Client 67: Acc=65.62, Loss=-337.4550, NLL=-1140.4150, KL=14.6302, AvgS=490.78, ProxLoss=0.0000
2026-03-19 00:52:33,139 - Server_DefaultID - INFO - Training client 69 (8/30)...
2026-03-19 00:52:33,865 - Server_DefaultID - INFO - Client 69: Acc=15.62, Loss=-81.3860, NLL=-281.3740, KL=8.8349, AvgS=120.61, ProxLoss=0.0000
2026-03-19 00:52:33,865 - Server_DefaultID - INFO - Training client 98 (9/30)...
2026-03-19 00:52:34,765 - Server_DefaultID - INFO - Client 98: Acc=69.06, Loss=-198.5524, NLL=-681.6338, KL=12.0733, AvgS=292.72, ProxLoss=0.0000
2026-03-19 00:52:34,765 - Server_DefaultID - INFO - Training client 4 (10/30)...
2026-03-19 00:52:36,435 - Server_DefaultID - INFO - Client 4: Acc=55.62, Loss=-210.4618, NLL=-716.5446, KL=12.0011, AvgS=307.69, ProxLoss=0.0000
2026-03-19 00:52:36,435 - Server_DefaultID - INFO - Training client 22 (11/30)...
2026-03-19 00:52:37,100 - Server_DefaultID - INFO - Client 22: Acc=56.88, Loss=-50.4490, NLL=-177.3964, KL=7.3498, AvgS=76.41, ProxLoss=0.0000
2026-03-19 00:52:37,100 - Server_DefaultID - INFO - Training client 29 (12/30)...
2026-03-19 00:52:38,164 - Server_DefaultID - INFO - Client 29: Acc=21.95, Loss=-51.1268, NLL=-182.9890, KL=7.6978, AvgS=78.76, ProxLoss=0.0000
2026-03-19 00:52:38,164 - Server_DefaultID - INFO - Training client 45 (13/30)...
2026-03-19 00:52:40,367 - Server_DefaultID - INFO - Client 45: Acc=52.81, Loss=-308.5153, NLL=-1053.5184, KL=14.4845, AvgS=453.22, ProxLoss=0.0000
2026-03-19 00:52:40,368 - Server_DefaultID - INFO - Training client 63 (14/30)...
2026-03-19 00:52:41,720 - Server_DefaultID - INFO - Client 63: Acc=56.06, Loss=-331.0805, NLL=-1122.9727, KL=14.6108, AvgS=483.24, ProxLoss=0.0000
2026-03-19 00:52:41,720 - Server_DefaultID - INFO - Training client 86 (15/30)...
2026-03-19 00:52:43,040 - Server_DefaultID - INFO - Client 86: Acc=56.62, Loss=-280.2238, NLL=-954.0705, KL=13.7627, AvgS=410.25, ProxLoss=0.0000
2026-03-19 00:52:43,040 - Server_DefaultID - INFO - Training client 41 (16/30)...
2026-03-19 00:52:45,145 - Server_DefaultID - INFO - Client 41: Acc=60.12, Loss=-343.5437, NLL=-1161.5721, KL=14.6895, AvgS=499.91, ProxLoss=0.0000
2026-03-19 00:52:45,145 - Server_DefaultID - INFO - Training client 36 (17/30)...
2026-03-19 00:52:51,901 - Server_DefaultID - INFO - Client 36: Acc=90.73, Loss=-343.1964, NLL=-1161.5941, KL=14.5503, AvgS=499.92, ProxLoss=0.0000
2026-03-19 00:52:51,901 - Server_DefaultID - INFO - Training client 24 (18/30)...
2026-03-19 00:52:52,364 - Server_DefaultID - INFO - Client 24: Acc=58.12, Loss=-54.5733, NLL=-186.9146, KL=5.9287, AvgS=80.55, ProxLoss=0.0000
2026-03-19 00:52:52,364 - Server_DefaultID - INFO - Training client 66 (19/30)...
2026-03-19 00:52:54,393 - Server_DefaultID - INFO - Client 66: Acc=87.68, Loss=-344.0535, NLL=-1161.7269, KL=14.8452, AvgS=499.98, ProxLoss=0.0000
2026-03-19 00:52:54,393 - Server_DefaultID - INFO - Training client 3 (20/30)...
2026-03-19 00:52:56,022 - Server_DefaultID - INFO - Client 3: Acc=58.12, Loss=-345.8656, NLL=-1161.3008, KL=13.5556, AvgS=499.80, ProxLoss=0.0000
2026-03-19 00:52:56,022 - Server_DefaultID - INFO - Training client 94 (21/30)...
2026-03-19 00:52:59,035 - Server_DefaultID - INFO - Client 94: Acc=67.78, Loss=-343.5693, NLL=-1160.7326, KL=14.8302, AvgS=499.55, ProxLoss=0.0000
2026-03-19 00:52:59,035 - Server_DefaultID - INFO - Training client 64 (22/30)...
2026-03-19 00:52:59,440 - Server_DefaultID - INFO - Client 64: Acc=74.69, Loss=-37.5351, NLL=-132.0083, KL=7.0244, AvgS=57.49, ProxLoss=0.0000
2026-03-19 00:52:59,440 - Server_DefaultID - INFO - Training client 61 (23/30)...
2026-03-19 00:53:00,759 - Server_DefaultID - INFO - Client 61: Acc=53.69, Loss=-341.3887, NLL=-1150.1659, KL=13.3537, AvgS=494.99, ProxLoss=0.0000
2026-03-19 00:53:00,759 - Server_DefaultID - INFO - Training client 33 (24/30)...
2026-03-19 00:53:02,810 - Server_DefaultID - INFO - Client 33: Acc=57.54, Loss=-345.8448, NLL=-1161.6609, KL=13.9537, AvgS=499.95, ProxLoss=0.0000
2026-03-19 00:53:02,810 - Server_DefaultID - INFO - Training client 76 (25/30)...
2026-03-19 00:53:05,001 - Server_DefaultID - INFO - Client 76: Acc=71.76, Loss=-345.8250, NLL=-1161.4296, KL=13.9200, AvgS=499.85, ProxLoss=0.0000
2026-03-19 00:53:05,001 - Server_DefaultID - INFO - Training client 18 (26/30)...
2026-03-19 00:53:08,677 - Server_DefaultID - INFO - Client 18: Acc=87.35, Loss=-344.6732, NLL=-1161.6570, KL=14.7761, AvgS=499.95, ProxLoss=0.0000
2026-03-19 00:53:08,677 - Server_DefaultID - INFO - Training client 25 (27/30)...
2026-03-19 00:53:09,312 - Server_DefaultID - INFO - Client 25: Acc=36.88, Loss=-112.3168, NLL=-387.9531, KL=10.0542, AvgS=166.29, ProxLoss=0.0000
2026-03-19 00:53:09,312 - Server_DefaultID - INFO - Training client 11 (28/30)...
2026-03-19 00:53:10,805 - Server_DefaultID - INFO - Client 11: Acc=86.93, Loss=-344.2277, NLL=-1160.6903, KL=14.8245, AvgS=499.53, ProxLoss=0.0000
2026-03-19 00:53:10,805 - Server_DefaultID - INFO - Training client 99 (29/30)...
2026-03-19 00:53:11,235 - Server_DefaultID - INFO - Client 99: Acc=53.12, Loss=-26.1403, NLL=-91.6482, KL=4.8732, AvgS=40.69, ProxLoss=0.0000
2026-03-19 00:53:11,235 - Server_DefaultID - INFO - Training client 26 (30/30)...
2026-03-19 00:53:14,991 - Server_DefaultID - INFO - Client 26: Acc=94.21, Loss=-343.4789, NLL=-1161.6716, KL=14.6233, AvgS=499.96, ProxLoss=0.0000
2026-03-19 00:53:15,170 - Server_DefaultID - WARNING - Global prior extremely imbalanced (max/min=1.0), applied adaptive smoothing lam=0.10.
2026-03-19 00:53:15,170 - Server_DefaultID - INFO - Round [10/200] Summary | Avg Client Train Stats:	Loss [-311.0538]	 Acc [73.01]	NLL [-1051.1284]	 KL [13.8695]	AvgS [452.32]	 ProxLoss [0.0000]
GlobalPriorAlpha (first 10): [5.0, 5.0, 5.0, 5.0, 5.0, 5.0, 5.0, 5.0, 5.0, 5.0]
Round Time: 60.69s
2026-03-19 00:53:15,170 - Server_DefaultID - INFO - --- Evaluating models at round 10 ---
2026-03-19 00:54:23,726 - Server_DefaultID - INFO - Global Model Evaluation (Round 10): 
  Avg Test Acc: 61.68%
  Avg Test Acc Softmax: 61.68%
  Avg Test Loss: -746.2408
  Avg Test NLL: -755.4634
  Avg Test KL (vs flat prior): 10.8085
  Avg Test S: 325.12
2026-03-19 00:55:29,554 - Server_DefaultID - INFO - Personalized Model Evaluation (Round 10): 
  Avg Test Acc: 63.10%
  Avg Test Acc Softmax: 63.10%
  Avg Test Loss: -771.2363
  Avg Test NLL: -780.5354
  Avg Test KL (vs flat prior): 10.9048
  Avg Test S: 335.93
2026-03-19 00:55:29,554 - Server_DefaultID - INFO - [Metric 1] Personalized Brier Score | Mean: 0.5531
2026-03-19 00:55:29,554 - Server_DefaultID - INFO - [Metric 1] Personalized ECE | Mean: 0.1704
2026-03-19 00:55:29,554 - Server_DefaultID - INFO - [OOD Eval] OOD AUC-ROC (Epistemic): 0.2771
2026-03-19 00:55:29,554 - Server_DefaultID - INFO - [Metric 4] OOD FPR@95%TPR: 0.9112
2026-03-19 00:55:31,032 - Server_DefaultID - INFO - --- Global Round 11/200 ---
2026-03-19 00:55:31,032 - Server_DefaultID - INFO - Selected 30 active clients for round 11.
2026-03-19 00:55:31,032 - Server_DefaultID - INFO - Training client 81 (1/30)...
2026-03-19 00:55:32,696 - Server_DefaultID - INFO - Client 81: Acc=75.00, Loss=-344.2148, NLL=-1161.4153, KL=14.8597, AvgS=499.85, ProxLoss=0.0000
2026-03-19 00:55:32,696 - Server_DefaultID - INFO - Training client 45 (2/30)...
2026-03-19 00:55:34,676 - Server_DefaultID - INFO - Client 45: Acc=60.16, Loss=-343.8760, NLL=-1161.3328, KL=14.8759, AvgS=499.81, ProxLoss=0.0000
2026-03-19 00:55:34,676 - Server_DefaultID - INFO - Training client 99 (3/30)...
2026-03-19 00:55:36,044 - Server_DefaultID - INFO - Client 99: Acc=42.19, Loss=-39.3290, NLL=-136.0182, KL=3.8849, AvgS=59.11, ProxLoss=0.0000
2026-03-19 00:55:36,044 - Server_DefaultID - INFO - Training client 92 (4/30)...
2026-03-19 00:55:37,064 - Server_DefaultID - INFO - Client 92: Acc=95.00, Loss=-338.5121, NLL=-1146.9260, KL=14.6048, AvgS=493.59, ProxLoss=0.0000
2026-03-19 00:55:37,064 - Server_DefaultID - INFO - Training client 41 (5/30)...
2026-03-19 00:55:38,962 - Server_DefaultID - INFO - Client 41: Acc=66.33, Loss=-343.6434, NLL=-1161.6329, KL=14.7426, AvgS=499.94, ProxLoss=0.0000
2026-03-19 00:55:38,962 - Server_DefaultID - INFO - Training client 34 (6/30)...
2026-03-19 00:55:39,715 - Server_DefaultID - INFO - Client 34: Acc=45.00, Loss=-325.3673, NLL=-1103.4544, KL=14.3704, AvgS=474.80, ProxLoss=0.0000
2026-03-19 00:55:39,715 - Server_DefaultID - INFO - Training client 52 (7/30)...
2026-03-19 00:55:40,770 - Server_DefaultID - INFO - Client 52: Acc=27.50, Loss=-256.6849, NLL=-876.9274, KL=13.5480, AvgS=376.96, ProxLoss=0.0000
2026-03-19 00:55:40,770 - Server_DefaultID - INFO - Training client 88 (8/30)...
2026-03-19 00:55:42,410 - Server_DefaultID - INFO - Client 88: Acc=44.11, Loss=-330.9932, NLL=-1121.8285, KL=14.2290, AvgS=482.74, ProxLoss=0.0000
2026-03-19 00:55:42,410 - Server_DefaultID - INFO - Training client 37 (9/30)...
2026-03-19 00:55:43,439 - Server_DefaultID - INFO - Client 37: Acc=52.58, Loss=-205.8233, NLL=-700.6038, KL=12.4508, AvgS=300.83, ProxLoss=0.0000
2026-03-19 00:55:43,439 - Server_DefaultID - INFO - Training client 43 (10/30)...
2026-03-19 00:55:45,798 - Server_DefaultID - INFO - Client 43: Acc=75.85, Loss=-344.0131, NLL=-1161.6023, KL=14.8929, AvgS=499.93, ProxLoss=0.0000
2026-03-19 00:55:45,799 - Server_DefaultID - INFO - Training client 68 (11/30)...
2026-03-19 00:55:47,779 - Server_DefaultID - INFO - Client 68: Acc=77.92, Loss=-342.8928, NLL=-1161.5869, KL=14.5129, AvgS=499.92, ProxLoss=0.0000
2026-03-19 00:55:47,779 - Server_DefaultID - INFO - Training client 90 (12/30)...
2026-03-19 00:55:49,652 - Client_90 - WARNING - Client 90: Too few classes (1) or samples (592) for alpha report, returning uniform.
2026-03-19 00:55:49,652 - Server_DefaultID - INFO - Client 90: Acc=97.01, Loss=-331.1990, NLL=-1134.4472, KL=13.4233, AvgS=488.19, ProxLoss=0.0000
2026-03-19 00:55:49,653 - Server_DefaultID - INFO - Training client 55 (13/30)...
2026-03-19 00:55:55,842 - Server_DefaultID - INFO - Client 55: Acc=84.19, Loss=-344.9424, NLL=-1161.7228, KL=14.8078, AvgS=499.98, ProxLoss=0.0000
2026-03-19 00:55:55,843 - Server_DefaultID - INFO - Training client 16 (14/30)...
2026-03-19 00:55:56,398 - Server_DefaultID - INFO - Client 16: Acc=56.25, Loss=-342.3505, NLL=-1157.9298, KL=14.8701, AvgS=498.34, ProxLoss=0.0000
2026-03-19 00:55:56,398 - Server_DefaultID - INFO - Training client 12 (15/30)...
2026-03-19 00:55:57,492 - Server_DefaultID - INFO - Client 12: Acc=72.06, Loss=-345.9655, NLL=-1161.4780, KL=13.8632, AvgS=499.87, ProxLoss=0.0000
2026-03-19 00:55:57,492 - Server_DefaultID - INFO - Training client 35 (16/30)...
2026-03-19 00:55:58,282 - Server_DefaultID - INFO - Client 35: Acc=58.85, Loss=-199.0957, NLL=-678.6128, KL=12.2569, AvgS=291.41, ProxLoss=0.0000
2026-03-19 00:55:58,282 - Server_DefaultID - INFO - Training client 94 (17/30)...
2026-03-19 00:56:00,517 - Server_DefaultID - INFO - Client 94: Acc=69.15, Loss=-344.0746, NLL=-1161.4664, KL=14.8379, AvgS=499.87, ProxLoss=0.0000
2026-03-19 00:56:00,517 - Server_DefaultID - INFO - Training client 17 (18/30)...
2026-03-19 00:56:01,047 - Server_DefaultID - INFO - Client 17: Acc=77.97, Loss=-343.3274, NLL=-1156.5763, KL=14.4780, AvgS=497.76, ProxLoss=0.0000
2026-03-19 00:56:01,047 - Server_DefaultID - INFO - Training client 96 (19/30)...
2026-03-19 00:56:03,240 - Server_DefaultID - INFO - Client 96: Acc=67.50, Loss=-331.0017, NLL=-1128.3513, KL=14.5775, AvgS=485.56, ProxLoss=0.0000
2026-03-19 00:56:03,240 - Server_DefaultID - INFO - Training client 89 (20/30)...
2026-03-19 00:56:06,805 - Server_DefaultID - INFO - Client 89: Acc=98.55, Loss=-342.7430, NLL=-1161.7296, KL=14.1574, AvgS=499.98, ProxLoss=0.0000
2026-03-19 00:56:06,805 - Server_DefaultID - INFO - Training client 13 (21/30)...
2026-03-19 00:56:07,187 - Server_DefaultID - INFO - Client 13: Acc=47.50, Loss=-275.6293, NLL=-934.5152, KL=12.8075, AvgS=402.37, ProxLoss=0.0000
2026-03-19 00:56:07,187 - Server_DefaultID - INFO - Training client 72 (22/30)...
2026-03-19 00:56:09,371 - Server_DefaultID - INFO - Client 72: Acc=94.92, Loss=-341.1975, NLL=-1156.7060, KL=14.6722, AvgS=497.81, ProxLoss=0.0000
2026-03-19 00:56:09,372 - Server_DefaultID - INFO - Training client 59 (23/30)...
2026-03-19 00:56:11,749 - Server_DefaultID - INFO - Client 59: Acc=68.30, Loss=-344.1397, NLL=-1161.4441, KL=14.8496, AvgS=499.86, ProxLoss=0.0000
2026-03-19 00:56:11,749 - Server_DefaultID - INFO - Training client 10 (24/30)...
2026-03-19 00:56:12,789 - Server_DefaultID - INFO - Client 10: Acc=45.78, Loss=-345.9594, NLL=-1161.7683, KL=13.8081, AvgS=500.00, ProxLoss=0.0000
2026-03-19 00:56:12,789 - Server_DefaultID - INFO - Training client 83 (25/30)...
2026-03-19 00:56:15,381 - Server_DefaultID - INFO - Client 83: Acc=99.72, Loss=-342.0830, NLL=-1161.6268, KL=13.7320, AvgS=499.94, ProxLoss=0.0000
2026-03-19 00:56:15,381 - Server_DefaultID - INFO - Training client 23 (26/30)...
2026-03-19 00:56:15,797 - Server_DefaultID - INFO - Client 23: Acc=77.97, Loss=-52.4811, NLL=-183.4724, KL=7.7018, AvgS=79.18, ProxLoss=0.0000
2026-03-19 00:56:15,798 - Server_DefaultID - INFO - Training client 20 (27/30)...
2026-03-19 00:56:17,325 - Server_DefaultID - INFO - Client 20: Acc=42.66, Loss=-346.4134, NLL=-1161.5892, KL=12.6978, AvgS=499.92, ProxLoss=0.0000
2026-03-19 00:56:17,325 - Server_DefaultID - INFO - Training client 75 (28/30)...
2026-03-19 00:56:19,421 - Server_DefaultID - INFO - Client 75: Acc=87.85, Loss=-343.3085, NLL=-1161.7171, KL=14.5996, AvgS=499.98, ProxLoss=0.0000
2026-03-19 00:56:19,422 - Server_DefaultID - INFO - Training client 14 (29/30)...
2026-03-19 00:56:21,776 - Server_DefaultID - INFO - Client 14: Acc=81.01, Loss=-343.0517, NLL=-1161.7684, KL=14.5146, AvgS=500.00, ProxLoss=0.0000
2026-03-19 00:56:21,776 - Server_DefaultID - INFO - Training client 95 (30/30)...
2026-03-19 00:56:23,996 - Server_DefaultID - INFO - Client 95: Acc=60.59, Loss=-343.2201, NLL=-1161.5692, KL=14.6479, AvgS=499.91, ProxLoss=0.0000
2026-03-19 00:56:24,241 - Server_DefaultID - WARNING - Global prior extremely imbalanced (max/min=1.0), applied adaptive smoothing lam=0.10.
2026-03-19 00:56:24,241 - Server_DefaultID - INFO - Round [11/200] Summary | Avg Client Train Stats:	Loss [-331.8027]	 Acc [73.95]	NLL [-1122.4431]	 KL [14.2537]	AvgS [483.04]	 ProxLoss [0.0000]
GlobalPriorAlpha (first 10): [5.0, 5.0, 5.0, 5.0, 5.0, 5.0, 5.0, 5.0, 5.0, 5.0]
Round Time: 53.21s
2026-03-19 00:56:24,244 - Server_DefaultID - INFO - --- Global Round 12/200 ---
2026-03-19 00:56:24,244 - Server_DefaultID - INFO - Selected 30 active clients for round 12.
2026-03-19 00:56:24,244 - Server_DefaultID - INFO - Training client 64 (1/30)...
2026-03-19 00:56:24,660 - Server_DefaultID - INFO - Client 64: Acc=73.44, Loss=-52.0582, NLL=-181.5276, KL=7.7740, AvgS=78.30, ProxLoss=0.0000
2026-03-19 00:56:24,661 - Server_DefaultID - INFO - Training client 65 (2/30)...
2026-03-19 00:56:25,084 - Server_DefaultID - INFO - Client 65: Acc=71.88, Loss=-26.2550, NLL=-92.5435, KL=6.2938, AvgS=41.24, ProxLoss=0.0000
2026-03-19 00:56:25,084 - Server_DefaultID - INFO - Training client 83 (3/30)...
2026-03-19 00:56:27,555 - Server_DefaultID - INFO - Client 83: Acc=99.69, Loss=-342.0273, NLL=-1161.6548, KL=13.7133, AvgS=499.95, ProxLoss=0.0000
2026-03-19 00:56:27,555 - Server_DefaultID - INFO - Training client 29 (4/30)...
2026-03-19 00:56:28,627 - Server_DefaultID - INFO - Client 29: Acc=5.55, Loss=-117.3753, NLL=-407.7469, KL=10.5361, AvgS=174.71, ProxLoss=0.0000
2026-03-19 00:56:28,627 - Server_DefaultID - INFO - Training client 58 (5/30)...
2026-03-19 00:56:30,380 - Server_DefaultID - INFO - Client 58: Acc=77.50, Loss=-343.0307, NLL=-1161.6593, KL=14.5677, AvgS=499.95, ProxLoss=0.0000
2026-03-19 00:56:30,380 - Server_DefaultID - INFO - Training client 76 (6/30)...
2026-03-19 00:56:32,332 - Server_DefaultID - INFO - Client 76: Acc=75.04, Loss=-345.9931, NLL=-1161.5019, KL=13.7904, AvgS=499.88, ProxLoss=0.0000
2026-03-19 00:56:32,332 - Server_DefaultID - INFO - Training client 94 (7/30)...
2026-03-19 00:56:35,160 - Server_DefaultID - INFO - Client 94: Acc=75.80, Loss=-344.1168, NLL=-1161.6576, KL=14.8438, AvgS=499.95, ProxLoss=0.0000
2026-03-19 00:56:35,160 - Server_DefaultID - INFO - Training client 25 (8/30)...
2026-03-19 00:56:35,764 - Server_DefaultID - INFO - Client 25: Acc=37.81, Loss=-149.0885, NLL=-511.7942, KL=10.9265, AvgS=219.53, ProxLoss=0.0000
2026-03-19 00:56:35,764 - Server_DefaultID - INFO - Training client 28 (9/30)...
2026-03-19 00:56:36,183 - Server_DefaultID - INFO - Client 28: Acc=57.19, Loss=-22.4984, NLL=-82.1878, KL=5.0623, AvgS=36.57, ProxLoss=0.0000
2026-03-19 00:56:36,184 - Server_DefaultID - INFO - Training client 18 (10/30)...
2026-03-19 00:56:39,677 - Server_DefaultID - INFO - Client 18: Acc=86.02, Loss=-344.6566, NLL=-1161.7131, KL=14.8180, AvgS=499.98, ProxLoss=0.0000
2026-03-19 00:56:39,677 - Server_DefaultID - INFO - Training client 85 (11/30)...
2026-03-19 00:56:43,717 - Server_DefaultID - INFO - Client 85: Acc=99.74, Loss=-342.0304, NLL=-1161.6727, KL=13.7198, AvgS=499.96, ProxLoss=0.0000
2026-03-19 00:56:43,717 - Server_DefaultID - INFO - Training client 72 (12/30)...
2026-03-19 00:56:44,741 - Server_DefaultID - INFO - Client 72: Acc=94.92, Loss=-343.3708, NLL=-1160.9163, KL=14.7169, AvgS=499.63, ProxLoss=0.0000
2026-03-19 00:56:44,741 - Server_DefaultID - INFO - Training client 62 (13/30)...
2026-03-19 00:56:45,472 - Server_DefaultID - INFO - Client 62: Acc=77.03, Loss=-24.9306, NLL=-89.8066, KL=6.1621, AvgS=39.78, ProxLoss=0.0000
2026-03-19 00:56:45,472 - Server_DefaultID - INFO - Training client 61 (14/30)...
2026-03-19 00:56:46,854 - Server_DefaultID - INFO - Client 61: Acc=44.62, Loss=-345.7638, NLL=-1161.1102, KL=13.3719, AvgS=499.72, ProxLoss=0.0000
2026-03-19 00:56:46,854 - Server_DefaultID - INFO - Training client 67 (15/30)...
2026-03-19 00:56:48,505 - Server_DefaultID - INFO - Client 67: Acc=65.16, Loss=-344.9284, NLL=-1161.4399, KL=14.6602, AvgS=499.86, ProxLoss=0.0000
2026-03-19 00:56:48,505 - Server_DefaultID - INFO - Training client 26 (16/30)...
2026-03-19 00:56:52,487 - Server_DefaultID - INFO - Client 26: Acc=94.47, Loss=-343.4291, NLL=-1161.7075, KL=14.6080, AvgS=499.97, ProxLoss=0.0000
2026-03-19 00:56:52,487 - Server_DefaultID - INFO - Training client 1 (17/30)...
2026-03-19 00:56:53,085 - Server_DefaultID - INFO - Client 1: Acc=49.84, Loss=-341.7476, NLL=-1154.3297, KL=14.7237, AvgS=496.79, ProxLoss=0.0000
2026-03-19 00:56:53,085 - Server_DefaultID - INFO - Training client 20 (18/30)...
2026-03-19 00:56:54,545 - Server_DefaultID - INFO - Client 20: Acc=59.17, Loss=-346.4610, NLL=-1161.6443, KL=12.8865, AvgS=499.95, ProxLoss=0.0000
2026-03-19 00:56:54,545 - Server_DefaultID - INFO - Training client 36 (19/30)...
2026-03-19 00:56:59,923 - Server_DefaultID - INFO - Client 36: Acc=92.46, Loss=-343.2063, NLL=-1161.7465, KL=14.5474, AvgS=499.99, ProxLoss=0.0000
2026-03-19 00:56:59,924 - Server_DefaultID - INFO - Training client 53 (20/30)...
2026-03-19 00:57:02,396 - Server_DefaultID - INFO - Client 53: Acc=95.97, Loss=-343.4708, NLL=-1161.4159, KL=14.5980, AvgS=499.85, ProxLoss=0.0000
2026-03-19 00:57:02,396 - Server_DefaultID - INFO - Training client 71 (21/30)...
2026-03-19 00:57:03,079 - Server_DefaultID - INFO - Client 71: Acc=68.75, Loss=-121.6578, NLL=-416.0846, KL=10.1762, AvgS=178.37, ProxLoss=0.0000
2026-03-19 00:57:03,079 - Server_DefaultID - INFO - Training client 55 (22/30)...
2026-03-19 00:57:10,111 - Server_DefaultID - INFO - Client 55: Acc=85.41, Loss=-345.0316, NLL=-1161.7324, KL=14.7975, AvgS=499.98, ProxLoss=0.0000
2026-03-19 00:57:10,111 - Server_DefaultID - INFO - Training client 15 (23/30)...
2026-03-19 00:57:10,824 - Server_DefaultID - INFO - Client 15: Acc=47.66, Loss=-343.2895, NLL=-1158.8464, KL=14.6547, AvgS=498.74, ProxLoss=0.0000
2026-03-19 00:57:10,824 - Server_DefaultID - INFO - Training client 57 (24/30)...
2026-03-19 00:57:15,960 - Server_DefaultID - INFO - Client 57: Acc=93.82, Loss=-343.9292, NLL=-1161.6658, KL=14.7766, AvgS=499.96, ProxLoss=0.0000
2026-03-19 00:57:15,960 - Server_DefaultID - INFO - Training client 87 (25/30)...
2026-03-19 00:57:17,775 - Server_DefaultID - INFO - Client 87: Acc=48.17, Loss=-346.2136, NLL=-1161.6858, KL=13.5005, AvgS=499.96, ProxLoss=0.0000
2026-03-19 00:57:17,775 - Server_DefaultID - INFO - Training client 40 (26/30)...
2026-03-19 00:57:19,396 - Server_DefaultID - INFO - Client 40: Acc=59.64, Loss=-332.2804, NLL=-1123.8961, KL=13.8908, AvgS=483.65, ProxLoss=0.0000
2026-03-19 00:57:19,397 - Server_DefaultID - INFO - Training client 59 (27/30)...
2026-03-19 00:57:21,560 - Server_DefaultID - INFO - Client 59: Acc=72.50, Loss=-344.2293, NLL=-1161.5060, KL=14.8265, AvgS=499.89, ProxLoss=0.0000
2026-03-19 00:57:21,560 - Server_DefaultID - INFO - Training client 39 (28/30)...
2026-03-19 00:57:25,203 - Server_DefaultID - INFO - Client 39: Acc=71.77, Loss=-344.3406, NLL=-1161.7099, KL=14.8450, AvgS=499.97, ProxLoss=0.0000
2026-03-19 00:57:25,203 - Server_DefaultID - INFO - Training client 60 (29/30)...
2026-03-19 00:57:26,172 - Server_DefaultID - INFO - Client 60: Acc=57.81, Loss=-194.5176, NLL=-669.2645, KL=12.3771, AvgS=287.32, ProxLoss=0.0000
2026-03-19 00:57:26,172 - Server_DefaultID - INFO - Training client 98 (30/30)...
2026-03-19 00:57:27,054 - Server_DefaultID - INFO - Client 98: Acc=75.00, Loss=-271.1254, NLL=-926.5036, KL=13.4935, AvgS=398.40, ProxLoss=0.0000
2026-03-19 00:57:27,309 - Server_DefaultID - WARNING - Global prior extremely imbalanced (max/min=1.0), applied adaptive smoothing lam=0.10.
2026-03-19 00:57:27,309 - Server_DefaultID - INFO - Round [12/200] Summary | Avg Client Train Stats:	Loss [-323.6485]	 Acc [79.45]	NLL [-1093.4694]	 KL [14.0219]	AvgS [470.59]	 ProxLoss [0.0000]
GlobalPriorAlpha (first 10): [5.0, 5.0, 5.0, 5.0, 5.0, 5.0, 5.0, 5.0, 5.0, 5.0]
Round Time: 63.06s
2026-03-19 00:57:27,312 - Server_DefaultID - INFO - --- Global Round 13/200 ---
2026-03-19 00:57:27,313 - Server_DefaultID - INFO - Selected 30 active clients for round 13.
2026-03-19 00:57:27,313 - Server_DefaultID - INFO - Training client 4 (1/30)...
2026-03-19 00:57:28,808 - Server_DefaultID - INFO - Client 4: Acc=69.38, Loss=-345.8314, NLL=-1161.7378, KL=14.0743, AvgS=499.99, ProxLoss=0.0000
2026-03-19 00:57:28,808 - Server_DefaultID - INFO - Training client 10 (2/30)...
2026-03-19 00:57:30,038 - Server_DefaultID - INFO - Client 10: Acc=54.84, Loss=-345.9612, NLL=-1161.7036, KL=13.7779, AvgS=499.97, ProxLoss=0.0000
2026-03-19 00:57:30,038 - Server_DefaultID - INFO - Training client 12 (3/30)...
2026-03-19 00:57:31,392 - Server_DefaultID - INFO - Client 12: Acc=73.19, Loss=-345.9473, NLL=-1161.7651, KL=13.9169, AvgS=500.00, ProxLoss=0.0000
2026-03-19 00:57:31,392 - Server_DefaultID - INFO - Training client 27 (4/30)...
2026-03-19 00:57:32,269 - Server_DefaultID - INFO - Client 27: Acc=47.19, Loss=-199.3354, NLL=-678.4616, KL=12.0643, AvgS=291.28, ProxLoss=0.0000
2026-03-19 00:57:32,269 - Server_DefaultID - INFO - Training client 65 (5/30)...
2026-03-19 00:57:32,806 - Server_DefaultID - INFO - Client 65: Acc=69.06, Loss=-39.4694, NLL=-137.6749, KL=6.6602, AvgS=60.03, ProxLoss=0.0000
2026-03-19 00:57:32,806 - Server_DefaultID - INFO - Training client 29 (6/30)...
2026-03-19 00:57:34,032 - Server_DefaultID - INFO - Client 29: Acc=3.52, Loss=-199.7849, NLL=-684.6455, KL=12.5992, AvgS=293.93, ProxLoss=0.0000
2026-03-19 00:57:34,033 - Server_DefaultID - INFO - Training client 50 (7/30)...
2026-03-19 00:57:38,503 - Server_DefaultID - INFO - Client 50: Acc=97.48, Loss=-343.1105, NLL=-1161.5588, KL=14.4422, AvgS=499.91, ProxLoss=0.0000
2026-03-19 00:57:38,503 - Server_DefaultID - INFO - Training client 17 (8/30)...
2026-03-19 00:57:39,160 - Server_DefaultID - INFO - Client 17: Acc=78.75, Loss=-345.1109, NLL=-1161.7036, KL=14.6746, AvgS=499.97, ProxLoss=0.0000
2026-03-19 00:57:39,160 - Server_DefaultID - INFO - Training client 94 (9/30)...
2026-03-19 00:57:41,941 - Server_DefaultID - INFO - Client 94: Acc=77.02, Loss=-344.1446, NLL=-1161.5516, KL=14.8526, AvgS=499.91, ProxLoss=0.0000
2026-03-19 00:57:41,941 - Server_DefaultID - INFO - Training client 87 (10/30)...
2026-03-19 00:57:43,679 - Server_DefaultID - INFO - Client 87: Acc=51.29, Loss=-346.0944, NLL=-1161.6956, KL=13.5953, AvgS=499.97, ProxLoss=0.0000
2026-03-19 00:57:43,679 - Server_DefaultID - INFO - Training client 70 (11/30)...
2026-03-19 00:57:45,083 - Server_DefaultID - INFO - Client 70: Acc=75.06, Loss=-343.2226, NLL=-1161.5655, KL=14.6494, AvgS=499.91, ProxLoss=0.0000
2026-03-19 00:57:45,083 - Server_DefaultID - INFO - Training client 0 (12/30)...
2026-03-19 00:57:45,544 - Server_DefaultID - INFO - Client 0: Acc=18.75, Loss=-305.8173, NLL=-1033.6279, KL=13.9004, AvgS=444.78, ProxLoss=0.0000
2026-03-19 00:57:45,544 - Server_DefaultID - INFO - Training client 43 (13/30)...
2026-03-19 00:57:49,375 - Server_DefaultID - INFO - Client 43: Acc=76.76, Loss=-344.0292, NLL=-1161.7262, KL=14.8945, AvgS=499.98, ProxLoss=0.0000
2026-03-19 00:57:49,375 - Server_DefaultID - INFO - Training client 14 (14/30)...
2026-03-19 00:57:51,681 - Server_DefaultID - INFO - Client 14: Acc=83.23, Loss=-342.9493, NLL=-1161.7184, KL=14.5141, AvgS=499.98, ProxLoss=0.0000
2026-03-19 00:57:51,681 - Server_DefaultID - INFO - Training client 74 (15/30)...
2026-03-19 00:57:52,793 - Server_DefaultID - INFO - Client 74: Acc=61.56, Loss=-198.5616, NLL=-679.3683, KL=12.5664, AvgS=291.66, ProxLoss=0.0000
2026-03-19 00:57:52,793 - Server_DefaultID - INFO - Training client 61 (16/30)...
2026-03-19 00:57:54,336 - Server_DefaultID - INFO - Client 61: Acc=52.25, Loss=-346.0438, NLL=-1161.2921, KL=13.0368, AvgS=499.79, ProxLoss=0.0000
2026-03-19 00:57:54,336 - Server_DefaultID - INFO - Training client 42 (17/30)...
2026-03-19 00:57:56,239 - Server_DefaultID - INFO - Client 42: Acc=84.32, Loss=-324.4219, NLL=-1102.8255, KL=14.4360, AvgS=474.52, ProxLoss=0.0000
2026-03-19 00:57:56,239 - Server_DefaultID - INFO - Training client 82 (18/30)...
2026-03-19 00:57:57,652 - Server_DefaultID - INFO - Client 82: Acc=85.44, Loss=-339.9599, NLL=-1152.0965, KL=14.7565, AvgS=495.82, ProxLoss=0.0000
2026-03-19 00:57:57,653 - Server_DefaultID - INFO - Training client 48 (19/30)...
2026-03-19 00:58:01,525 - Server_DefaultID - INFO - Client 48: Acc=86.67, Loss=-344.3436, NLL=-1161.7219, KL=14.8341, AvgS=499.98, ProxLoss=0.0000
2026-03-19 00:58:01,525 - Server_DefaultID - INFO - Training client 93 (20/30)...
2026-03-19 00:58:02,125 - Server_DefaultID - INFO - Client 93: Acc=31.72, Loss=-196.5985, NLL=-669.9989, KL=12.2647, AvgS=287.60, ProxLoss=0.0000
2026-03-19 00:58:02,125 - Server_DefaultID - INFO - Training client 31 (21/30)...
2026-03-19 00:58:04,429 - Server_DefaultID - INFO - Client 31: Acc=72.60, Loss=-344.0085, NLL=-1161.5915, KL=14.8806, AvgS=499.92, ProxLoss=0.0000
2026-03-19 00:58:04,429 - Server_DefaultID - INFO - Training client 19 (22/30)...
2026-03-19 00:58:07,875 - Server_DefaultID - INFO - Client 19: Acc=95.42, Loss=-343.0350, NLL=-1161.7659, KL=14.4874, AvgS=500.00, ProxLoss=0.0000
2026-03-19 00:58:07,875 - Server_DefaultID - INFO - Training client 33 (23/30)...
2026-03-19 00:58:09,742 - Server_DefaultID - INFO - Client 33: Acc=58.21, Loss=-345.7782, NLL=-1161.6011, KL=13.8971, AvgS=499.93, ProxLoss=0.0000
2026-03-19 00:58:09,742 - Server_DefaultID - INFO - Training client 79 (24/30)...
2026-03-19 00:58:11,078 - Server_DefaultID - INFO - Client 79: Acc=22.19, Loss=-158.3074, NLL=-548.7625, KL=11.1575, AvgS=235.38, ProxLoss=0.0000
2026-03-19 00:58:11,078 - Server_DefaultID - INFO - Training client 77 (25/30)...
2026-03-19 00:58:14,872 - Server_DefaultID - INFO - Client 77: Acc=90.65, Loss=-343.8944, NLL=-1161.6099, KL=14.8276, AvgS=499.93, ProxLoss=0.0000
2026-03-19 00:58:14,872 - Server_DefaultID - INFO - Training client 56 (26/30)...
2026-03-19 00:58:16,965 - Server_DefaultID - INFO - Client 56: Acc=37.42, Loss=-123.4487, NLL=-430.9212, KL=10.6197, AvgS=184.73, ProxLoss=0.0000
2026-03-19 00:58:16,965 - Server_DefaultID - INFO - Training client 75 (27/30)...
2026-03-19 00:58:18,969 - Server_DefaultID - INFO - Client 75: Acc=88.67, Loss=-343.2222, NLL=-1161.6445, KL=14.6084, AvgS=499.95, ProxLoss=0.0000
2026-03-19 00:58:18,969 - Server_DefaultID - INFO - Training client 15 (28/30)...
2026-03-19 00:58:19,666 - Server_DefaultID - INFO - Client 15: Acc=56.88, Loss=-344.4934, NLL=-1161.7509, KL=14.7308, AvgS=499.99, ProxLoss=0.0000
2026-03-19 00:58:19,667 - Server_DefaultID - INFO - Training client 69 (29/30)...
2026-03-19 00:58:20,340 - Server_DefaultID - INFO - Client 69: Acc=13.28, Loss=-116.4468, NLL=-399.8898, KL=10.0501, AvgS=171.38, ProxLoss=0.0000
2026-03-19 00:58:20,340 - Server_DefaultID - INFO - Training client 97 (30/30)...
2026-03-19 00:58:27,525 - Server_DefaultID - INFO - Client 97: Acc=99.56, Loss=-342.1299, NLL=-1161.7361, KL=13.7902, AvgS=499.99, ProxLoss=0.0000
2026-03-19 00:58:27,735 - Server_DefaultID - WARNING - Global prior extremely imbalanced (max/min=1.0), applied adaptive smoothing lam=0.10.
2026-03-19 00:58:27,735 - Server_DefaultID - INFO - Round [13/200] Summary | Avg Client Train Stats:	Loss [-317.8098]	 Acc [75.56]	NLL [-1075.2066]	 KL [13.9722]	AvgS [462.65]	 ProxLoss [0.0000]
GlobalPriorAlpha (first 10): [5.0, 5.0, 5.0, 5.0, 5.0, 5.0, 5.0, 5.0, 5.0, 5.0]
Round Time: 60.42s
2026-03-19 00:58:27,741 - Server_DefaultID - INFO - --- Global Round 14/200 ---
2026-03-19 00:58:27,741 - Server_DefaultID - INFO - Selected 30 active clients for round 14.
2026-03-19 00:58:27,741 - Server_DefaultID - INFO - Training client 98 (1/30)...
2026-03-19 00:58:28,686 - Server_DefaultID - INFO - Client 98: Acc=63.85, Loss=-326.2653, NLL=-1112.6048, KL=14.3317, AvgS=478.76, ProxLoss=0.0000
2026-03-19 00:58:28,686 - Server_DefaultID - INFO - Training client 32 (2/30)...
2026-03-19 00:58:30,369 - Server_DefaultID - INFO - Client 32: Acc=73.65, Loss=-344.5672, NLL=-1161.4040, KL=14.7044, AvgS=499.84, ProxLoss=0.0000
2026-03-19 00:58:30,369 - Server_DefaultID - INFO - Training client 36 (3/30)...
2026-03-19 00:58:35,690 - Server_DefaultID - INFO - Client 36: Acc=93.87, Loss=-343.1271, NLL=-1161.7459, KL=14.5474, AvgS=499.99, ProxLoss=0.0000
2026-03-19 00:58:35,690 - Server_DefaultID - INFO - Training client 31 (4/30)...
2026-03-19 00:58:37,998 - Server_DefaultID - INFO - Client 31: Acc=73.61, Loss=-343.9030, NLL=-1161.4757, KL=14.8795, AvgS=499.87, ProxLoss=0.0000
2026-03-19 00:58:37,998 - Server_DefaultID - INFO - Training client 66 (5/30)...
2026-03-19 00:58:39,958 - Server_DefaultID - INFO - Client 66: Acc=87.99, Loss=-343.8838, NLL=-1161.7245, KL=14.8402, AvgS=499.98, ProxLoss=0.0000
2026-03-19 00:58:39,959 - Server_DefaultID - INFO - Training client 4 (6/30)...
2026-03-19 00:58:41,595 - Server_DefaultID - INFO - Client 4: Acc=74.48, Loss=-345.9243, NLL=-1161.6499, KL=13.9368, AvgS=499.95, ProxLoss=0.0000
2026-03-19 00:58:41,595 - Server_DefaultID - INFO - Training client 7 (7/30)...
2026-03-19 00:58:43,211 - Server_DefaultID - INFO - Client 7: Acc=51.30, Loss=-344.2937, NLL=-1161.6976, KL=14.8348, AvgS=499.97, ProxLoss=0.0000
2026-03-19 00:58:43,211 - Server_DefaultID - INFO - Training client 17 (8/30)...
2026-03-19 00:58:43,921 - Server_DefaultID - INFO - Client 17: Acc=81.41, Loss=-345.2008, NLL=-1161.5829, KL=14.6185, AvgS=499.92, ProxLoss=0.0000
2026-03-19 00:58:43,921 - Server_DefaultID - INFO - Training client 0 (9/30)...
2026-03-19 00:58:44,386 - Server_DefaultID - INFO - Client 0: Acc=40.00, Loss=-344.5012, NLL=-1161.3854, KL=14.7795, AvgS=499.83, ProxLoss=0.0000
2026-03-19 00:58:44,386 - Server_DefaultID - INFO - Training client 80 (10/30)...
2026-03-19 00:58:44,830 - Server_DefaultID - INFO - Client 80: Acc=64.69, Loss=-53.1548, NLL=-185.2881, KL=8.1478, AvgS=79.90, ProxLoss=0.0000
2026-03-19 00:58:44,830 - Server_DefaultID - INFO - Training client 99 (11/30)...
2026-03-19 00:58:45,280 - Server_DefaultID - INFO - Client 99: Acc=46.88, Loss=-54.0463, NLL=-185.0592, KL=3.7792, AvgS=79.76, ProxLoss=0.0000
2026-03-19 00:58:45,280 - Server_DefaultID - INFO - Training client 73 (12/30)...
2026-03-19 00:58:48,490 - Server_DefaultID - INFO - Client 73: Acc=79.59, Loss=-343.4243, NLL=-1161.6859, KL=14.6671, AvgS=499.96, ProxLoss=0.0000
2026-03-19 00:58:48,490 - Server_DefaultID - INFO - Training client 60 (13/30)...
2026-03-19 00:58:49,356 - Server_DefaultID - INFO - Client 60: Acc=55.00, Loss=-268.8128, NLL=-919.8031, KL=13.6935, AvgS=395.47, ProxLoss=0.0000
2026-03-19 00:58:49,356 - Server_DefaultID - INFO - Training client 40 (14/30)...
2026-03-19 00:58:50,910 - Server_DefaultID - INFO - Client 40: Acc=57.14, Loss=-345.2815, NLL=-1160.7771, KL=13.9958, AvgS=499.57, ProxLoss=0.0000
2026-03-19 00:58:50,910 - Server_DefaultID - INFO - Training client 65 (15/30)...
2026-03-19 00:58:51,321 - Server_DefaultID - INFO - Client 65: Acc=70.00, Loss=-53.6453, NLL=-185.4053, KL=7.1574, AvgS=80.11, ProxLoss=0.0000
2026-03-19 00:58:51,321 - Server_DefaultID - INFO - Training client 39 (16/30)...
2026-03-19 00:58:56,249 - Server_DefaultID - INFO - Client 39: Acc=75.73, Loss=-344.2757, NLL=-1161.7099, KL=14.8442, AvgS=499.97, ProxLoss=0.0000
2026-03-19 00:58:56,250 - Server_DefaultID - INFO - Training client 72 (17/30)...
2026-03-19 00:58:57,458 - Server_DefaultID - INFO - Client 72: Acc=95.08, Loss=-343.3761, NLL=-1161.5459, KL=14.6841, AvgS=499.90, ProxLoss=0.0000
2026-03-19 00:58:57,458 - Server_DefaultID - INFO - Training client 57 (18/30)...
2026-03-19 00:59:01,676 - Server_DefaultID - INFO - Client 57: Acc=94.34, Loss=-343.8063, NLL=-1161.7371, KL=14.7315, AvgS=499.99, ProxLoss=0.0000
2026-03-19 00:59:01,676 - Server_DefaultID - INFO - Training client 81 (19/30)...
2026-03-19 00:59:03,475 - Server_DefaultID - INFO - Client 81: Acc=75.58, Loss=-344.1502, NLL=-1161.6412, KL=14.8652, AvgS=499.94, ProxLoss=0.0000
2026-03-19 00:59:03,476 - Server_DefaultID - INFO - Training client 6 (20/30)...
2026-03-19 00:59:04,410 - Server_DefaultID - INFO - Client 6: Acc=65.00, Loss=-341.8360, NLL=-1156.7238, KL=14.7932, AvgS=497.82, ProxLoss=0.0000
2026-03-19 00:59:04,410 - Server_DefaultID - INFO - Training client 16 (21/30)...
2026-03-19 00:59:05,141 - Server_DefaultID - INFO - Client 16: Acc=54.38, Loss=-343.6200, NLL=-1161.6595, KL=14.8555, AvgS=499.95, ProxLoss=0.0000
2026-03-19 00:59:05,141 - Server_DefaultID - INFO - Training client 51 (22/30)...
2026-03-19 00:59:05,805 - Server_DefaultID - INFO - Client 51: Acc=47.19, Loss=-115.8722, NLL=-395.6571, KL=8.5270, AvgS=169.57, ProxLoss=0.0000
2026-03-19 00:59:05,805 - Server_DefaultID - INFO - Training client 49 (23/30)...
2026-03-19 00:59:07,550 - Server_DefaultID - INFO - Client 49: Acc=79.42, Loss=-343.7472, NLL=-1161.1916, KL=14.8885, AvgS=499.75, ProxLoss=0.0000
2026-03-19 00:59:07,550 - Server_DefaultID - INFO - Training client 61 (24/30)...
2026-03-19 00:59:08,915 - Server_DefaultID - INFO - Client 61: Acc=61.94, Loss=-346.0141, NLL=-1161.6537, KL=13.5160, AvgS=499.95, ProxLoss=0.0000
2026-03-19 00:59:08,916 - Server_DefaultID - INFO - Training client 41 (25/30)...
2026-03-19 00:59:10,968 - Server_DefaultID - INFO - Client 41: Acc=74.10, Loss=-343.4740, NLL=-1161.5967, KL=14.7475, AvgS=499.93, ProxLoss=0.0000
2026-03-19 00:59:10,968 - Server_DefaultID - INFO - Training client 64 (26/30)...
2026-03-19 00:59:11,389 - Server_DefaultID - INFO - Client 64: Acc=67.81, Loss=-67.2946, NLL=-233.2558, KL=8.4868, AvgS=100.23, ProxLoss=0.0000
2026-03-19 00:59:11,389 - Server_DefaultID - INFO - Training client 35 (27/30)...
2026-03-19 00:59:12,300 - Server_DefaultID - INFO - Client 35: Acc=57.92, Loss=-271.0480, NLL=-920.6688, KL=13.4740, AvgS=395.87, ProxLoss=0.0000
2026-03-19 00:59:12,300 - Server_DefaultID - INFO - Training client 5 (28/30)...
2026-03-19 00:59:12,786 - Server_DefaultID - INFO - Client 5: Acc=58.12, Loss=-276.4688, NLL=-932.4549, KL=12.7248, AvgS=401.27, ProxLoss=0.0000
2026-03-19 00:59:12,787 - Server_DefaultID - INFO - Training client 43 (29/30)...
2026-03-19 00:59:15,412 - Server_DefaultID - INFO - Client 43: Acc=80.03, Loss=-343.9845, NLL=-1161.6662, KL=14.8937, AvgS=499.96, ProxLoss=0.0000
2026-03-19 00:59:15,412 - Server_DefaultID - INFO - Training client 77 (30/30)...
2026-03-19 00:59:19,095 - Server_DefaultID - INFO - Client 77: Acc=90.85, Loss=-343.9049, NLL=-1161.7322, KL=14.8210, AvgS=499.98, ProxLoss=0.0000
2026-03-19 00:59:19,385 - Server_DefaultID - WARNING - Global prior extremely imbalanced (max/min=1.0), applied adaptive smoothing lam=0.10.
2026-03-19 00:59:19,385 - Server_DefaultID - INFO - Round [14/200] Summary | Avg Client Train Stats:	Loss [-329.9110]	 Acc [77.70]	NLL [-1114.7692]	 KL [14.3221]	AvgS [479.75]	 ProxLoss [0.0000]
GlobalPriorAlpha (first 10): [5.0, 5.0, 5.0, 5.0, 5.0, 5.0, 5.0, 5.0, 5.0, 5.0]
Round Time: 51.64s
2026-03-19 00:59:19,390 - Server_DefaultID - INFO - --- Global Round 15/200 ---
2026-03-19 00:59:19,391 - Server_DefaultID - INFO - Selected 30 active clients for round 15.
2026-03-19 00:59:19,391 - Server_DefaultID - INFO - Training client 58 (1/30)...
2026-03-19 00:59:21,201 - Server_DefaultID - INFO - Client 58: Acc=77.72, Loss=-342.8133, NLL=-1161.5971, KL=14.5457, AvgS=499.93, ProxLoss=0.0000
2026-03-19 00:59:21,201 - Server_DefaultID - INFO - Training client 37 (2/30)...
2026-03-19 00:59:22,341 - Server_DefaultID - INFO - Client 37: Acc=51.17, Loss=-296.6996, NLL=-1006.5614, KL=14.0166, AvgS=432.94, ProxLoss=0.0000
2026-03-19 00:59:22,342 - Server_DefaultID - INFO - Training client 81 (3/30)...
2026-03-19 00:59:24,243 - Server_DefaultID - INFO - Client 81: Acc=76.83, Loss=-344.0129, NLL=-1161.5713, KL=14.8563, AvgS=499.91, ProxLoss=0.0000
2026-03-19 00:59:24,243 - Server_DefaultID - INFO - Training client 35 (4/30)...
2026-03-19 00:59:25,080 - Server_DefaultID - INFO - Client 35: Acc=60.62, Loss=-325.9671, NLL=-1103.6669, KL=14.1854, AvgS=474.91, ProxLoss=0.0000
2026-03-19 00:59:25,081 - Server_DefaultID - INFO - Training client 63 (5/30)...
2026-03-19 00:59:26,422 - Server_DefaultID - INFO - Client 63: Acc=56.88, Loss=-343.2057, NLL=-1159.9207, KL=14.7830, AvgS=499.20, ProxLoss=0.0000
2026-03-19 00:59:26,422 - Server_DefaultID - INFO - Training client 22 (6/30)...
2026-03-19 00:59:27,121 - Server_DefaultID - INFO - Client 22: Acc=54.69, Loss=-80.8586, NLL=-280.6530, KL=8.7372, AvgS=120.35, ProxLoss=0.0000
2026-03-19 00:59:27,121 - Server_DefaultID - INFO - Training client 93 (7/30)...
2026-03-19 00:59:27,821 - Server_DefaultID - INFO - Client 93: Acc=23.91, Loss=-243.4464, NLL=-827.4483, KL=13.1276, AvgS=355.53, ProxLoss=0.0000
2026-03-19 00:59:27,821 - Server_DefaultID - INFO - Training client 32 (8/30)...
2026-03-19 00:59:30,512 - Server_DefaultID - INFO - Client 32: Acc=77.14, Loss=-344.7139, NLL=-1161.5877, KL=14.7354, AvgS=499.92, ProxLoss=0.0000
2026-03-19 00:59:30,512 - Server_DefaultID - INFO - Training client 68 (9/30)...
2026-03-19 00:59:32,825 - Server_DefaultID - INFO - Client 68: Acc=78.75, Loss=-342.7995, NLL=-1161.7055, KL=14.5140, AvgS=499.97, ProxLoss=0.0000
2026-03-19 00:59:32,825 - Server_DefaultID - INFO - Training client 84 (10/30)...
2026-03-19 00:59:33,337 - Server_DefaultID - INFO - Client 84: Acc=75.85, Loss=-22.9307, NLL=-83.1104, KL=5.9833, AvgS=37.11, ProxLoss=0.0000
2026-03-19 00:59:33,341 - Server_DefaultID - INFO - Training client 74 (11/30)...
2026-03-19 00:59:34,491 - Server_DefaultID - INFO - Client 74: Acc=60.39, Loss=-293.7750, NLL=-999.6539, KL=14.2362, AvgS=429.96, ProxLoss=0.0000
2026-03-19 00:59:34,491 - Server_DefaultID - INFO - Training client 91 (12/30)...
2026-03-19 00:59:35,492 - Server_DefaultID - INFO - Client 91: Acc=64.48, Loss=-271.3071, NLL=-928.2619, KL=13.6403, AvgS=399.13, ProxLoss=0.0000
2026-03-19 00:59:35,492 - Server_DefaultID - INFO - Training client 76 (13/30)...
2026-03-19 00:59:37,581 - Server_DefaultID - INFO - Client 76: Acc=76.41, Loss=-345.6978, NLL=-1161.5934, KL=13.9727, AvgS=499.92, ProxLoss=0.0000
2026-03-19 00:59:37,582 - Server_DefaultID - INFO - Training client 69 (14/30)...
2026-03-19 00:59:38,227 - Server_DefaultID - INFO - Client 69: Acc=14.06, Loss=-156.0095, NLL=-533.3696, KL=11.2949, AvgS=228.74, ProxLoss=0.0000
2026-03-19 00:59:38,227 - Server_DefaultID - INFO - Training client 13 (15/30)...
2026-03-19 00:59:38,786 - Server_DefaultID - INFO - Client 13: Acc=52.50, Loss=-334.7692, NLL=-1133.5702, KL=14.6397, AvgS=487.83, ProxLoss=0.0000
2026-03-19 00:59:38,786 - Server_DefaultID - INFO - Training client 90 (16/30)...
2026-03-19 00:59:41,130 - Client_90 - WARNING - Client 90: Too few classes (1) or samples (592) for alpha report, returning uniform.
2026-03-19 00:59:41,130 - Server_DefaultID - INFO - Client 90: Acc=100.00, Loss=-341.6527, NLL=-1161.5490, KL=13.5603, AvgS=499.90, ProxLoss=0.0000
2026-03-19 00:59:41,130 - Server_DefaultID - INFO - Training client 98 (17/30)...
2026-03-19 00:59:42,020 - Server_DefaultID - INFO - Client 98: Acc=85.10, Loss=-341.7187, NLL=-1158.9545, KL=14.4963, AvgS=498.78, ProxLoss=0.0000
2026-03-19 00:59:42,020 - Server_DefaultID - INFO - Training client 56 (18/30)...
2026-03-19 00:59:44,068 - Server_DefaultID - INFO - Client 56: Acc=52.11, Loss=-300.2101, NLL=-1026.2345, KL=14.3260, AvgS=441.42, ProxLoss=0.0000
2026-03-19 00:59:44,068 - Server_DefaultID - INFO - Training client 67 (19/30)...
2026-03-19 00:59:45,636 - Server_DefaultID - INFO - Client 67: Acc=66.67, Loss=-344.9583, NLL=-1161.6363, KL=14.6449, AvgS=499.94, ProxLoss=0.0000
2026-03-19 00:59:45,636 - Server_DefaultID - INFO - Training client 80 (20/30)...
2026-03-19 00:59:46,029 - Server_DefaultID - INFO - Client 80: Acc=64.69, Loss=-69.0504, NLL=-238.3700, KL=8.5843, AvgS=102.38, ProxLoss=0.0000
2026-03-19 00:59:46,029 - Server_DefaultID - INFO - Training client 5 (21/30)...
2026-03-19 00:59:46,436 - Server_DefaultID - INFO - Client 5: Acc=70.94, Loss=-340.5311, NLL=-1146.0792, KL=14.2516, AvgS=493.23, ProxLoss=0.0000
2026-03-19 00:59:46,436 - Server_DefaultID - INFO - Training client 8 (22/30)...
2026-03-19 00:59:46,982 - Server_DefaultID - INFO - Client 8: Acc=86.72, Loss=-338.9012, NLL=-1146.7797, KL=14.7103, AvgS=493.53, ProxLoss=0.0000
2026-03-19 00:59:46,982 - Server_DefaultID - INFO - Training client 52 (23/30)...
2026-03-19 00:59:47,918 - Server_DefaultID - INFO - Client 52: Acc=29.58, Loss=-315.4467, NLL=-1074.1877, KL=14.4800, AvgS=462.15, ProxLoss=0.0000
2026-03-19 00:59:47,918 - Server_DefaultID - INFO - Training client 0 (24/30)...
2026-03-19 00:59:48,394 - Server_DefaultID - INFO - Client 0: Acc=46.88, Loss=-344.6391, NLL=-1161.7699, KL=14.7841, AvgS=500.00, ProxLoss=0.0000
2026-03-19 00:59:48,394 - Server_DefaultID - INFO - Training client 20 (25/30)...
2026-03-19 00:59:49,996 - Server_DefaultID - INFO - Client 20: Acc=60.52, Loss=-346.3760, NLL=-1161.7288, KL=12.9062, AvgS=499.98, ProxLoss=0.0000
2026-03-19 00:59:49,996 - Server_DefaultID - INFO - Training client 49 (26/30)...
2026-03-19 00:59:51,882 - Server_DefaultID - INFO - Client 49: Acc=82.32, Loss=-343.8873, NLL=-1161.5718, KL=14.8929, AvgS=499.91, ProxLoss=0.0000
2026-03-19 00:59:51,882 - Server_DefaultID - INFO - Training client 27 (27/30)...
2026-03-19 00:59:52,801 - Server_DefaultID - INFO - Client 27: Acc=48.33, Loss=-272.3724, NLL=-925.7871, KL=13.4471, AvgS=398.03, ProxLoss=0.0000
2026-03-19 00:59:52,801 - Server_DefaultID - INFO - Training client 62 (28/30)...
2026-03-19 00:59:53,449 - Server_DefaultID - INFO - Client 62: Acc=65.00, Loss=-51.3776, NLL=-180.5624, KL=7.3864, AvgS=77.79, ProxLoss=0.0000
2026-03-19 00:59:53,449 - Server_DefaultID - INFO - Training client 28 (29/30)...
2026-03-19 00:59:53,881 - Server_DefaultID - INFO - Client 28: Acc=60.62, Loss=-35.0457, NLL=-125.0674, KL=6.1586, AvgS=54.46, ProxLoss=0.0000
2026-03-19 00:59:53,881 - Server_DefaultID - INFO - Training client 31 (30/30)...
2026-03-19 00:59:56,218 - Server_DefaultID - INFO - Client 31: Acc=75.03, Loss=-343.9417, NLL=-1161.6165, KL=14.8832, AvgS=499.93, ProxLoss=0.0000
2026-03-19 00:59:56,371 - Server_DefaultID - WARNING - Global prior extremely imbalanced (max/min=1.0), applied adaptive smoothing lam=0.10.
2026-03-19 00:59:56,372 - Server_DefaultID - INFO - Round [15/200] Summary | Avg Client Train Stats:	Loss [-308.9401]	 Acc [68.20]	NLL [-1046.0702]	 KL [13.8074]	AvgS [450.13]	 ProxLoss [0.0000]
GlobalPriorAlpha (first 10): [5.0, 5.0, 5.0, 5.0, 5.0, 5.0, 5.0, 5.0, 5.0, 5.0]
Round Time: 36.98s
2026-03-19 00:59:56,374 - Server_DefaultID - INFO - --- Global Round 16/200 ---
2026-03-19 00:59:56,374 - Server_DefaultID - INFO - Selected 30 active clients for round 16.
2026-03-19 00:59:56,375 - Server_DefaultID - INFO - Training client 91 (1/30)...
2026-03-19 00:59:57,248 - Server_DefaultID - INFO - Client 91: Acc=70.94, Loss=-331.1216, NLL=-1128.8185, KL=14.4437, AvgS=485.78, ProxLoss=0.0000
2026-03-19 00:59:57,248 - Server_DefaultID - INFO - Training client 29 (2/30)...
2026-03-19 00:59:58,545 - Server_DefaultID - INFO - Client 29: Acc=13.67, Loss=-283.1173, NLL=-967.8779, KL=14.1104, AvgS=416.19, ProxLoss=0.0000
2026-03-19 00:59:58,545 - Server_DefaultID - INFO - Training client 83 (3/30)...
2026-03-19 01:00:01,148 - Server_DefaultID - INFO - Client 83: Acc=99.72, Loss=-341.9397, NLL=-1161.7668, KL=13.7331, AvgS=500.00, ProxLoss=0.0000
2026-03-19 01:00:01,148 - Server_DefaultID - INFO - Training client 94 (4/30)...
2026-03-19 01:00:05,108 - Server_DefaultID - INFO - Client 94: Acc=77.81, Loss=-344.0890, NLL=-1161.7063, KL=14.8611, AvgS=499.97, ProxLoss=0.0000
2026-03-19 01:00:05,108 - Server_DefaultID - INFO - Training client 64 (5/30)...
2026-03-19 01:00:05,584 - Server_DefaultID - INFO - Client 64: Acc=63.75, Loss=-81.7229, NLL=-282.3435, KL=9.0682, AvgS=121.15, ProxLoss=0.0000
2026-03-19 01:00:05,584 - Server_DefaultID - INFO - Training client 17 (6/30)...
2026-03-19 01:00:06,260 - Server_DefaultID - INFO - Client 17: Acc=84.06, Loss=-345.4108, NLL=-1161.7629, KL=14.5129, AvgS=500.00, ProxLoss=0.0000
2026-03-19 01:00:06,260 - Server_DefaultID - INFO - Training client 10 (7/30)...
2026-03-19 01:00:07,493 - Server_DefaultID - INFO - Client 10: Acc=60.08, Loss=-345.7507, NLL=-1161.6253, KL=13.8054, AvgS=499.94, ProxLoss=0.0000
2026-03-19 01:00:07,493 - Server_DefaultID - INFO - Training client 37 (8/30)...
2026-03-19 01:00:08,704 - Server_DefaultID - INFO - Client 37: Acc=79.14, Loss=-341.8856, NLL=-1153.0440, KL=14.5206, AvgS=496.23, ProxLoss=0.0000
2026-03-19 01:00:08,704 - Server_DefaultID - INFO - Training client 27 (9/30)...
2026-03-19 01:00:09,656 - Server_DefaultID - INFO - Client 27: Acc=46.77, Loss=-331.9044, NLL=-1122.5478, KL=14.2692, AvgS=483.05, ProxLoss=0.0000
2026-03-19 01:00:09,657 - Server_DefaultID - INFO - Training client 52 (10/30)...
2026-03-19 01:00:10,557 - Server_DefaultID - INFO - Client 52: Acc=68.44, Loss=-340.6667, NLL=-1152.9709, KL=14.7583, AvgS=496.20, ProxLoss=0.0000
2026-03-19 01:00:10,557 - Server_DefaultID - INFO - Training client 82 (11/30)...
2026-03-19 01:00:11,933 - Server_DefaultID - INFO - Client 82: Acc=86.25, Loss=-343.5001, NLL=-1160.7224, KL=14.7587, AvgS=499.55, ProxLoss=0.0000
2026-03-19 01:00:11,933 - Server_DefaultID - INFO - Training client 48 (12/30)...
2026-03-19 01:00:15,949 - Server_DefaultID - INFO - Client 48: Acc=86.82, Loss=-344.3602, NLL=-1161.7237, KL=14.8430, AvgS=499.98, ProxLoss=0.0000
2026-03-19 01:00:15,949 - Server_DefaultID - INFO - Training client 49 (13/30)...
2026-03-19 01:00:17,688 - Server_DefaultID - INFO - Client 49: Acc=83.26, Loss=-343.8973, NLL=-1161.6099, KL=14.8931, AvgS=499.93, ProxLoss=0.0000
2026-03-19 01:00:17,688 - Server_DefaultID - INFO - Training client 31 (14/30)...
2026-03-19 01:00:19,929 - Server_DefaultID - INFO - Client 31: Acc=76.39, Loss=-343.9500, NLL=-1161.7033, KL=14.8843, AvgS=499.97, ProxLoss=0.0000
2026-03-19 01:00:19,930 - Server_DefaultID - INFO - Training client 41 (15/30)...
2026-03-19 01:00:21,938 - Server_DefaultID - INFO - Client 41: Acc=76.02, Loss=-343.5414, NLL=-1161.6327, KL=14.7369, AvgS=499.94, ProxLoss=0.0000
2026-03-19 01:00:21,939 - Server_DefaultID - INFO - Training client 54 (16/30)...
2026-03-19 01:00:22,543 - Server_DefaultID - INFO - Client 54: Acc=77.03, Loss=-51.0495, NLL=-180.4937, KL=7.4936, AvgS=78.00, ProxLoss=0.0000
2026-03-19 01:00:22,544 - Server_DefaultID - INFO - Training client 38 (17/30)...
2026-03-19 01:00:23,207 - Server_DefaultID - INFO - Client 38: Acc=51.88, Loss=-208.7270, NLL=-704.1269, KL=10.0021, AvgS=302.33, ProxLoss=0.0000
2026-03-19 01:00:23,207 - Server_DefaultID - INFO - Training client 26 (18/30)...
2026-03-19 01:00:27,289 - Server_DefaultID - INFO - Client 26: Acc=95.39, Loss=-343.2597, NLL=-1161.7670, KL=14.5951, AvgS=500.00, ProxLoss=0.0000
2026-03-19 01:00:27,289 - Server_DefaultID - INFO - Training client 77 (19/30)...
2026-03-19 01:00:30,881 - Server_DefaultID - INFO - Client 77: Acc=90.81, Loss=-343.8514, NLL=-1161.6991, KL=14.8385, AvgS=499.97, ProxLoss=0.0000
2026-03-19 01:00:30,881 - Server_DefaultID - INFO - Training client 0 (20/30)...
2026-03-19 01:00:31,292 - Server_DefaultID - INFO - Client 0: Acc=67.81, Loss=-344.4645, NLL=-1161.0343, KL=14.7753, AvgS=499.68, ProxLoss=0.0000
2026-03-19 01:00:31,292 - Server_DefaultID - INFO - Training client 87 (21/30)...
2026-03-19 01:00:33,227 - Server_DefaultID - INFO - Client 87: Acc=55.58, Loss=-346.0295, NLL=-1161.5180, KL=13.4723, AvgS=499.89, ProxLoss=0.0000
2026-03-19 01:00:33,227 - Server_DefaultID - INFO - Training client 72 (22/30)...
2026-03-19 01:00:34,380 - Server_DefaultID - INFO - Client 72: Acc=95.16, Loss=-343.3062, NLL=-1161.4523, KL=14.6266, AvgS=499.86, ProxLoss=0.0000
2026-03-19 01:00:34,381 - Server_DefaultID - INFO - Training client 43 (23/30)...
2026-03-19 01:00:38,292 - Server_DefaultID - INFO - Client 43: Acc=81.25, Loss=-343.9341, NLL=-1161.7187, KL=14.8944, AvgS=499.98, ProxLoss=0.0000
2026-03-19 01:00:38,292 - Server_DefaultID - INFO - Training client 75 (24/30)...
2026-03-19 01:00:40,505 - Server_DefaultID - INFO - Client 75: Acc=89.02, Loss=-342.9550, NLL=-1161.5635, KL=14.5887, AvgS=499.91, ProxLoss=0.0000
2026-03-19 01:00:40,505 - Server_DefaultID - INFO - Training client 80 (25/30)...
2026-03-19 01:00:40,937 - Server_DefaultID - INFO - Client 80: Acc=65.31, Loss=-84.7553, NLL=-291.6909, KL=9.3310, AvgS=125.12, ProxLoss=0.0000
2026-03-19 01:00:40,937 - Server_DefaultID - INFO - Training client 3 (26/30)...
2026-03-19 01:00:42,452 - Server_DefaultID - INFO - Client 3: Acc=63.75, Loss=-345.9827, NLL=-1161.7233, KL=13.5574, AvgS=499.98, ProxLoss=0.0000
2026-03-19 01:00:42,452 - Server_DefaultID - INFO - Training client 32 (27/30)...
2026-03-19 01:00:44,043 - Server_DefaultID - INFO - Client 32: Acc=79.79, Loss=-344.6468, NLL=-1161.5859, KL=14.6835, AvgS=499.92, ProxLoss=0.0000
2026-03-19 01:00:44,043 - Server_DefaultID - INFO - Training client 53 (28/30)...
2026-03-19 01:00:46,457 - Server_DefaultID - INFO - Client 53: Acc=96.19, Loss=-343.4307, NLL=-1161.6926, KL=14.6439, AvgS=499.97, ProxLoss=0.0000
2026-03-19 01:00:46,457 - Server_DefaultID - INFO - Training client 35 (29/30)...
2026-03-19 01:00:47,373 - Server_DefaultID - INFO - Client 35: Acc=51.98, Loss=-342.7394, NLL=-1156.5653, KL=14.2767, AvgS=497.75, ProxLoss=0.0000
2026-03-19 01:00:47,373 - Server_DefaultID - INFO - Training client 57 (30/30)...
2026-03-19 01:00:51,507 - Server_DefaultID - INFO - Client 57: Acc=94.82, Loss=-343.7512, NLL=-1161.6962, KL=14.7546, AvgS=499.97, ProxLoss=0.0000
2026-03-19 01:00:51,885 - Server_DefaultID - WARNING - Global prior extremely imbalanced (max/min=1.0), applied adaptive smoothing lam=0.10.
2026-03-19 01:00:51,885 - Server_DefaultID - INFO - Round [16/200] Summary | Avg Client Train Stats:	Loss [-333.9040]	 Acc [81.20]	NLL [-1128.4524]	 KL [14.3649]	AvgS [485.64]	 ProxLoss [0.0000]
GlobalPriorAlpha (first 10): [5.0, 5.0, 5.0, 5.0, 5.0, 5.0, 5.0, 5.0, 5.0, 5.0]
Round Time: 55.51s
2026-03-19 01:00:51,888 - Server_DefaultID - INFO - --- Global Round 17/200 ---
2026-03-19 01:00:51,889 - Server_DefaultID - INFO - Selected 30 active clients for round 17.
2026-03-19 01:00:51,889 - Server_DefaultID - INFO - Training client 88 (1/30)...
2026-03-19 01:00:53,477 - Server_DefaultID - INFO - Client 88: Acc=58.33, Loss=-344.5771, NLL=-1160.8072, KL=14.4258, AvgS=499.59, ProxLoss=0.0000
2026-03-19 01:00:53,477 - Server_DefaultID - INFO - Training client 99 (2/30)...
2026-03-19 01:00:53,946 - Server_DefaultID - INFO - Client 99: Acc=40.00, Loss=-67.2393, NLL=-230.8587, KL=6.0100, AvgS=99.17, ProxLoss=0.0000
2026-03-19 01:00:53,946 - Server_DefaultID - INFO - Training client 20 (3/30)...
2026-03-19 01:00:55,500 - Server_DefaultID - INFO - Client 20: Acc=62.45, Loss=-346.3349, NLL=-1161.7329, KL=12.9191, AvgS=499.98, ProxLoss=0.0000
2026-03-19 01:00:55,500 - Server_DefaultID - INFO - Training client 10 (4/30)...
2026-03-19 01:00:56,642 - Server_DefaultID - INFO - Client 10: Acc=62.27, Loss=-345.7686, NLL=-1161.7404, KL=13.8636, AvgS=499.99, ProxLoss=0.0000
2026-03-19 01:00:56,643 - Server_DefaultID - INFO - Training client 45 (5/30)...
2026-03-19 01:00:58,707 - Server_DefaultID - INFO - Client 45: Acc=65.00, Loss=-343.6862, NLL=-1161.2819, KL=14.8766, AvgS=499.79, ProxLoss=0.0000
2026-03-19 01:00:58,708 - Server_DefaultID - INFO - Training client 51 (6/30)...
2026-03-19 01:00:59,430 - Server_DefaultID - INFO - Client 51: Acc=43.91, Loss=-155.6440, NLL=-529.5891, KL=9.9486, AvgS=227.12, ProxLoss=0.0000
2026-03-19 01:00:59,430 - Server_DefaultID - INFO - Training client 14 (7/30)...
2026-03-19 01:01:01,751 - Server_DefaultID - INFO - Client 14: Acc=85.49, Loss=-342.8017, NLL=-1161.7211, KL=14.5142, AvgS=499.98, ProxLoss=0.0000
2026-03-19 01:01:01,751 - Server_DefaultID - INFO - Training client 2 (8/30)...
2026-03-19 01:01:03,923 - Server_DefaultID - INFO - Client 2: Acc=79.83, Loss=-344.0810, NLL=-1161.7002, KL=14.8510, AvgS=499.97, ProxLoss=0.0000
2026-03-19 01:01:03,923 - Server_DefaultID - INFO - Training client 52 (9/30)...
2026-03-19 01:01:04,871 - Server_DefaultID - INFO - Client 52: Acc=67.50, Loss=-343.3964, NLL=-1160.2139, KL=14.7761, AvgS=499.33, ProxLoss=0.0000
2026-03-19 01:01:04,871 - Server_DefaultID - INFO - Training client 0 (10/30)...
2026-03-19 01:01:05,339 - Server_DefaultID - INFO - Client 0: Acc=68.12, Loss=-344.4072, NLL=-1161.1489, KL=14.7741, AvgS=499.73, ProxLoss=0.0000
2026-03-19 01:01:05,339 - Server_DefaultID - INFO - Training client 63 (11/30)...
2026-03-19 01:01:06,713 - Server_DefaultID - INFO - Client 63: Acc=59.56, Loss=-344.0669, NLL=-1161.5439, KL=14.8175, AvgS=499.90, ProxLoss=0.0000
2026-03-19 01:01:06,713 - Server_DefaultID - INFO - Training client 37 (12/30)...
2026-03-19 01:01:07,783 - Server_DefaultID - INFO - Client 37: Acc=78.98, Loss=-344.9234, NLL=-1161.1691, KL=14.4812, AvgS=499.74, ProxLoss=0.0000
2026-03-19 01:01:07,784 - Server_DefaultID - INFO - Training client 38 (13/30)...
2026-03-19 01:01:08,467 - Server_DefaultID - INFO - Client 38: Acc=47.19, Loss=-256.2844, NLL=-864.5675, KL=11.2581, AvgS=371.59, ProxLoss=0.0000
2026-03-19 01:01:08,467 - Server_DefaultID - INFO - Training client 96 (14/30)...
2026-03-19 01:01:11,796 - Server_DefaultID - INFO - Client 96: Acc=71.81, Loss=-343.7834, NLL=-1161.3253, KL=14.7394, AvgS=499.81, ProxLoss=0.0000
2026-03-19 01:01:11,797 - Server_DefaultID - INFO - Training client 78 (15/30)...
2026-03-19 01:01:19,153 - Server_DefaultID - INFO - Client 78: Acc=93.52, Loss=-344.1191, NLL=-1161.7457, KL=14.7101, AvgS=499.99, ProxLoss=0.0000
2026-03-19 01:01:19,153 - Server_DefaultID - INFO - Training client 93 (16/30)...
2026-03-19 01:01:19,817 - Server_DefaultID - INFO - Client 93: Acc=20.31, Loss=-291.8115, NLL=-989.1215, KL=13.8292, AvgS=425.38, ProxLoss=0.0000
2026-03-19 01:01:19,817 - Server_DefaultID - INFO - Training client 57 (17/30)...
2026-03-19 01:01:24,029 - Server_DefaultID - INFO - Client 57: Acc=94.63, Loss=-343.7723, NLL=-1161.7622, KL=14.7532, AvgS=500.00, ProxLoss=0.0000
2026-03-19 01:01:24,029 - Server_DefaultID - INFO - Training client 27 (18/30)...
2026-03-19 01:01:24,934 - Server_DefaultID - INFO - Client 27: Acc=45.73, Loss=-342.8937, NLL=-1156.8099, KL=14.3591, AvgS=497.86, ProxLoss=0.0000
2026-03-19 01:01:24,934 - Server_DefaultID - INFO - Training client 74 (19/30)...
2026-03-19 01:01:26,146 - Server_DefaultID - INFO - Client 74: Acc=60.62, Loss=-341.2703, NLL=-1154.6904, KL=14.8006, AvgS=496.94, ProxLoss=0.0000
2026-03-19 01:01:26,146 - Server_DefaultID - INFO - Training client 69 (20/30)...
2026-03-19 01:01:26,778 - Server_DefaultID - INFO - Client 69: Acc=13.91, Loss=-199.1697, NLL=-677.9366, KL=12.1472, AvgS=291.02, ProxLoss=0.0000
2026-03-19 01:01:26,778 - Server_DefaultID - INFO - Training client 41 (21/30)...
2026-03-19 01:01:28,728 - Server_DefaultID - INFO - Client 41: Acc=77.58, Loss=-343.3554, NLL=-1161.6684, KL=14.7172, AvgS=499.96, ProxLoss=0.0000
2026-03-19 01:01:28,728 - Server_DefaultID - INFO - Training client 89 (22/30)...
2026-03-19 01:01:32,024 - Server_DefaultID - INFO - Client 89: Acc=98.55, Loss=-342.4604, NLL=-1161.5936, KL=14.1783, AvgS=499.92, ProxLoss=0.0000
2026-03-19 01:01:32,024 - Server_DefaultID - INFO - Training client 61 (23/30)...
2026-03-19 01:01:33,342 - Server_DefaultID - INFO - Client 61: Acc=63.62, Loss=-346.0251, NLL=-1161.7277, KL=13.3485, AvgS=499.98, ProxLoss=0.0000
2026-03-19 01:01:33,342 - Server_DefaultID - INFO - Training client 47 (24/30)...
2026-03-19 01:01:34,998 - Server_DefaultID - INFO - Client 47: Acc=53.91, Loss=-345.4264, NLL=-1161.7069, KL=14.1951, AvgS=499.97, ProxLoss=0.0000
2026-03-19 01:01:34,998 - Server_DefaultID - INFO - Training client 77 (25/30)...
2026-03-19 01:01:38,698 - Server_DefaultID - INFO - Client 77: Acc=91.04, Loss=-343.8825, NLL=-1161.7369, KL=14.8540, AvgS=499.99, ProxLoss=0.0000
2026-03-19 01:01:38,698 - Server_DefaultID - INFO - Training client 13 (26/30)...
2026-03-19 01:01:39,213 - Server_DefaultID - INFO - Client 13: Acc=53.75, Loss=-340.0384, NLL=-1152.0691, KL=14.6800, AvgS=495.81, ProxLoss=0.0000
2026-03-19 01:01:39,214 - Server_DefaultID - INFO - Training client 64 (27/30)...
2026-03-19 01:01:39,668 - Server_DefaultID - INFO - Client 64: Acc=69.69, Loss=-98.6926, NLL=-339.5789, KL=9.7197, AvgS=145.62, ProxLoss=0.0000
2026-03-19 01:01:39,668 - Server_DefaultID - INFO - Training client 66 (28/30)...
2026-03-19 01:01:41,565 - Server_DefaultID - INFO - Client 66: Acc=87.86, Loss=-343.6083, NLL=-1161.4875, KL=14.8159, AvgS=499.88, ProxLoss=0.0000
2026-03-19 01:01:41,565 - Server_DefaultID - INFO - Training client 9 (29/30)...
2026-03-19 01:01:44,339 - Server_DefaultID - INFO - Client 9: Acc=97.41, Loss=-342.9054, NLL=-1161.6876, KL=14.4430, AvgS=499.96, ProxLoss=0.0000
2026-03-19 01:01:44,339 - Server_DefaultID - INFO - Training client 28 (30/30)...
2026-03-19 01:01:44,784 - Server_DefaultID - INFO - Client 28: Acc=55.94, Loss=-49.1313, NLL=-173.0316, KL=7.2134, AvgS=74.64, ProxLoss=0.0000
2026-03-19 01:01:45,134 - Server_DefaultID - WARNING - Global prior extremely imbalanced (max/min=1.0), applied adaptive smoothing lam=0.10.
2026-03-19 01:01:45,134 - Server_DefaultID - INFO - Round [17/200] Summary | Avg Client Train Stats:	Loss [-331.7904]	 Acc [77.62]	NLL [-1120.7839]	 KL [14.2412]	AvgS [482.33]	 ProxLoss [0.0000]
GlobalPriorAlpha (first 10): [5.0, 5.0, 5.0, 5.0, 5.0, 5.0, 5.0, 5.0, 5.0, 5.0]
Round Time: 53.25s
2026-03-19 01:01:45,137 - Server_DefaultID - INFO - --- Global Round 18/200 ---
2026-03-19 01:01:45,137 - Server_DefaultID - INFO - Selected 30 active clients for round 18.
2026-03-19 01:01:45,137 - Server_DefaultID - INFO - Training client 65 (1/30)...
2026-03-19 01:01:45,600 - Server_DefaultID - INFO - Client 65: Acc=60.31, Loss=-67.7867, NLL=-234.2398, KL=7.7389, AvgS=100.80, ProxLoss=0.0000
2026-03-19 01:01:45,600 - Server_DefaultID - INFO - Training client 88 (2/30)...
2026-03-19 01:01:47,266 - Server_DefaultID - INFO - Client 88: Acc=57.76, Loss=-344.8524, NLL=-1161.6255, KL=14.4438, AvgS=499.94, ProxLoss=0.0000
2026-03-19 01:01:47,266 - Server_DefaultID - INFO - Training client 34 (3/30)...
2026-03-19 01:01:48,163 - Server_DefaultID - INFO - Client 34: Acc=68.23, Loss=-342.1380, NLL=-1156.2604, KL=14.6589, AvgS=497.62, ProxLoss=0.0000
2026-03-19 01:01:48,164 - Server_DefaultID - INFO - Training client 35 (4/30)...
2026-03-19 01:01:49,077 - Server_DefaultID - INFO - Client 35: Acc=56.56, Loss=-344.4564, NLL=-1160.7602, KL=14.4302, AvgS=499.56, ProxLoss=0.0000
2026-03-19 01:01:49,077 - Server_DefaultID - INFO - Training client 63 (5/30)...
2026-03-19 01:01:50,424 - Server_DefaultID - INFO - Client 63: Acc=57.00, Loss=-343.9294, NLL=-1161.2795, KL=14.7802, AvgS=499.79, ProxLoss=0.0000
2026-03-19 01:01:50,425 - Server_DefaultID - INFO - Training client 19 (6/30)...
2026-03-19 01:01:53,860 - Server_DefaultID - INFO - Client 19: Acc=95.38, Loss=-342.8305, NLL=-1161.7637, KL=14.4874, AvgS=500.00, ProxLoss=0.0000
2026-03-19 01:01:53,860 - Server_DefaultID - INFO - Training client 62 (7/30)...
2026-03-19 01:01:54,512 - Server_DefaultID - INFO - Client 62: Acc=69.69, Loss=-83.3550, NLL=-289.0624, KL=8.8829, AvgS=123.91, ProxLoss=0.0000
2026-03-19 01:01:54,512 - Server_DefaultID - INFO - Training client 14 (8/30)...
2026-03-19 01:01:56,859 - Server_DefaultID - INFO - Client 14: Acc=88.78, Loss=-342.7670, NLL=-1161.7163, KL=14.5141, AvgS=499.98, ProxLoss=0.0000
2026-03-19 01:01:56,859 - Server_DefaultID - INFO - Training client 16 (9/30)...
2026-03-19 01:01:57,423 - Server_DefaultID - INFO - Client 16: Acc=66.88, Loss=-343.3763, NLL=-1161.2385, KL=14.8514, AvgS=499.77, ProxLoss=0.0000
2026-03-19 01:01:57,423 - Server_DefaultID - INFO - Training client 13 (10/30)...
2026-03-19 01:01:57,820 - Server_DefaultID - INFO - Client 13: Acc=49.69, Loss=-342.2403, NLL=-1158.5854, KL=14.7201, AvgS=498.63, ProxLoss=0.0000
2026-03-19 01:01:57,820 - Server_DefaultID - INFO - Training client 43 (11/30)...
2026-03-19 01:02:00,477 - Server_DefaultID - INFO - Client 43: Acc=82.36, Loss=-343.8621, NLL=-1161.7262, KL=14.8945, AvgS=499.98, ProxLoss=0.0000
2026-03-19 01:02:00,477 - Server_DefaultID - INFO - Training client 6 (12/30)...
2026-03-19 01:02:01,427 - Server_DefaultID - INFO - Client 6: Acc=72.92, Loss=-343.9503, NLL=-1161.7682, KL=14.8073, AvgS=500.00, ProxLoss=0.0000
2026-03-19 01:02:01,427 - Server_DefaultID - INFO - Training client 78 (13/30)...
2026-03-19 01:02:08,617 - Server_DefaultID - INFO - Client 78: Acc=93.99, Loss=-344.1102, NLL=-1161.7608, KL=14.7237, AvgS=500.00, ProxLoss=0.0000
2026-03-19 01:02:08,617 - Server_DefaultID - INFO - Training client 91 (14/30)...
2026-03-19 01:02:09,549 - Server_DefaultID - INFO - Client 91: Acc=79.27, Loss=-340.4278, NLL=-1157.2766, KL=14.4857, AvgS=498.06, ProxLoss=0.0000
2026-03-19 01:02:09,549 - Server_DefaultID - INFO - Training client 92 (15/30)...
2026-03-19 01:02:10,674 - Server_DefaultID - INFO - Client 92: Acc=95.08, Loss=-343.3494, NLL=-1160.4311, KL=14.6744, AvgS=499.42, ProxLoss=0.0000
2026-03-19 01:02:10,674 - Server_DefaultID - INFO - Training client 85 (16/30)...
2026-03-19 01:02:13,646 - Server_DefaultID - INFO - Client 85: Acc=99.74, Loss=-341.7816, NLL=-1161.6433, KL=13.7196, AvgS=499.95, ProxLoss=0.0000
2026-03-19 01:02:13,646 - Server_DefaultID - INFO - Training client 77 (17/30)...
2026-03-19 01:02:18,375 - Server_DefaultID - INFO - Client 77: Acc=91.67, Loss=-343.8483, NLL=-1161.6808, KL=14.8636, AvgS=499.96, ProxLoss=0.0000
2026-03-19 01:02:18,376 - Server_DefaultID - INFO - Training client 47 (18/30)...
2026-03-19 01:02:20,036 - Server_DefaultID - INFO - Client 47: Acc=55.89, Loss=-345.2860, NLL=-1161.6521, KL=14.2488, AvgS=499.95, ProxLoss=0.0000
2026-03-19 01:02:20,036 - Server_DefaultID - INFO - Training client 67 (19/30)...
2026-03-19 01:02:21,570 - Server_DefaultID - INFO - Client 67: Acc=66.56, Loss=-344.6296, NLL=-1161.1102, KL=14.6188, AvgS=499.72, ProxLoss=0.0000
2026-03-19 01:02:21,570 - Server_DefaultID - INFO - Training client 61 (20/30)...
2026-03-19 01:02:23,038 - Server_DefaultID - INFO - Client 61: Acc=66.69, Loss=-345.9905, NLL=-1161.5811, KL=13.3620, AvgS=499.92, ProxLoss=0.0000
2026-03-19 01:02:23,038 - Server_DefaultID - INFO - Training client 40 (21/30)...
2026-03-19 01:02:24,637 - Server_DefaultID - INFO - Client 40: Acc=60.36, Loss=-345.4207, NLL=-1161.5475, KL=14.0208, AvgS=499.90, ProxLoss=0.0000
2026-03-19 01:02:24,638 - Server_DefaultID - INFO - Training client 81 (22/30)...
2026-03-19 01:02:26,484 - Server_DefaultID - INFO - Client 81: Acc=77.14, Loss=-344.0343, NLL=-1161.6968, KL=14.8515, AvgS=499.97, ProxLoss=0.0000
2026-03-19 01:02:26,484 - Server_DefaultID - INFO - Training client 8 (23/30)...
2026-03-19 01:02:27,243 - Server_DefaultID - INFO - Client 8: Acc=87.97, Loss=-343.8216, NLL=-1161.6130, KL=14.8327, AvgS=499.93, ProxLoss=0.0000
2026-03-19 01:02:27,243 - Server_DefaultID - INFO - Training client 76 (24/30)...
2026-03-19 01:02:29,296 - Server_DefaultID - INFO - Client 76: Acc=76.91, Loss=-345.8022, NLL=-1161.7441, KL=13.8997, AvgS=499.99, ProxLoss=0.0000
2026-03-19 01:02:29,296 - Server_DefaultID - INFO - Training client 80 (25/30)...
2026-03-19 01:02:29,686 - Server_DefaultID - INFO - Client 80: Acc=67.81, Loss=-101.9101, NLL=-349.5815, KL=9.8908, AvgS=149.89, ProxLoss=0.0000
2026-03-19 01:02:29,686 - Server_DefaultID - INFO - Training client 55 (26/30)...
2026-03-19 01:02:37,085 - Server_DefaultID - INFO - Client 55: Acc=86.07, Loss=-344.7038, NLL=-1161.7500, KL=14.8074, AvgS=499.99, ProxLoss=0.0000
2026-03-19 01:02:37,085 - Server_DefaultID - INFO - Training client 15 (27/30)...
2026-03-19 01:02:37,752 - Server_DefaultID - INFO - Client 15: Acc=69.38, Loss=-343.8826, NLL=-1160.1175, KL=14.7464, AvgS=499.29, ProxLoss=0.0000
2026-03-19 01:02:37,752 - Server_DefaultID - INFO - Training client 24 (28/30)...
2026-03-19 01:02:38,142 - Server_DefaultID - INFO - Client 24: Acc=58.75, Loss=-70.9156, NLL=-242.6565, KL=6.9882, AvgS=104.20, ProxLoss=0.0000
2026-03-19 01:02:38,142 - Server_DefaultID - INFO - Training client 95 (29/30)...
2026-03-19 01:02:40,429 - Server_DefaultID - INFO - Client 95: Acc=65.66, Loss=-342.9819, NLL=-1161.6677, KL=14.6572, AvgS=499.96, ProxLoss=0.0000
2026-03-19 01:02:40,429 - Server_DefaultID - INFO - Training client 33 (30/30)...
2026-03-19 01:02:42,249 - Server_DefaultID - INFO - Client 33: Acc=57.95, Loss=-345.4757, NLL=-1161.5855, KL=13.9491, AvgS=499.92, ProxLoss=0.0000
2026-03-19 01:02:42,517 - Server_DefaultID - WARNING - Global prior extremely imbalanced (max/min=1.0), applied adaptive smoothing lam=0.10.
2026-03-19 01:02:42,517 - Server_DefaultID - INFO - Round [18/200] Summary | Avg Client Train Stats:	Loss [-336.4203]	 Acc [80.26]	NLL [-1136.1112]	 KL [14.3561]	AvgS [488.95]	 ProxLoss [0.0000]
GlobalPriorAlpha (first 10): [5.0, 5.0, 5.0, 5.0, 5.0, 5.0, 5.0, 5.0, 5.0, 5.0]
Round Time: 57.38s
2026-03-19 01:02:42,521 - Server_DefaultID - INFO - --- Global Round 19/200 ---
2026-03-19 01:02:42,521 - Server_DefaultID - INFO - Selected 30 active clients for round 19.
2026-03-19 01:02:42,521 - Server_DefaultID - INFO - Training client 52 (1/30)...
2026-03-19 01:02:43,420 - Server_DefaultID - INFO - Client 52: Acc=68.12, Loss=-343.2211, NLL=-1160.2979, KL=14.7394, AvgS=499.37, ProxLoss=0.0000
2026-03-19 01:02:43,420 - Server_DefaultID - INFO - Training client 76 (2/30)...
2026-03-19 01:02:45,447 - Server_DefaultID - INFO - Client 76: Acc=78.91, Loss=-345.8689, NLL=-1161.6958, KL=13.7544, AvgS=499.97, ProxLoss=0.0000
2026-03-19 01:02:45,447 - Server_DefaultID - INFO - Training client 73 (3/30)...
2026-03-19 01:02:48,748 - Server_DefaultID - INFO - Client 73: Acc=80.55, Loss=-343.1463, NLL=-1161.6670, KL=14.6704, AvgS=499.96, ProxLoss=0.0000
2026-03-19 01:02:48,748 - Server_DefaultID - INFO - Training client 0 (4/30)...
2026-03-19 01:02:50,059 - Server_DefaultID - INFO - Client 0: Acc=66.56, Loss=-344.5822, NLL=-1161.7348, KL=14.7835, AvgS=499.98, ProxLoss=0.0000
2026-03-19 01:02:50,060 - Server_DefaultID - INFO - Training client 83 (5/30)...
2026-03-19 01:02:52,710 - Server_DefaultID - INFO - Client 83: Acc=99.78, Loss=-341.7646, NLL=-1161.7503, KL=13.6949, AvgS=499.99, ProxLoss=0.0000
2026-03-19 01:02:52,710 - Server_DefaultID - INFO - Training client 49 (6/30)...
2026-03-19 01:02:54,465 - Server_DefaultID - INFO - Client 49: Acc=83.08, Loss=-343.7926, NLL=-1161.6933, KL=14.8941, AvgS=499.97, ProxLoss=0.0000
2026-03-19 01:02:54,465 - Server_DefaultID - INFO - Training client 18 (7/30)...
2026-03-19 01:02:58,210 - Server_DefaultID - INFO - Client 18: Acc=87.88, Loss=-344.4069, NLL=-1161.7199, KL=14.7892, AvgS=499.98, ProxLoss=0.0000
2026-03-19 01:02:58,210 - Server_DefaultID - INFO - Training client 22 (8/30)...
2026-03-19 01:02:58,862 - Server_DefaultID - INFO - Client 22: Acc=53.75, Loss=-114.9380, NLL=-396.5395, KL=9.9600, AvgS=169.96, ProxLoss=0.0000
2026-03-19 01:02:58,862 - Server_DefaultID - INFO - Training client 28 (9/30)...
2026-03-19 01:02:59,345 - Server_DefaultID - INFO - Client 28: Acc=48.44, Loss=-64.0597, NLL=-224.3025, KL=7.8692, AvgS=96.35, ProxLoss=0.0000
2026-03-19 01:02:59,345 - Server_DefaultID - INFO - Training client 15 (10/30)...
2026-03-19 01:03:00,028 - Server_DefaultID - INFO - Client 15: Acc=69.06, Loss=-344.3423, NLL=-1161.2311, KL=14.7471, AvgS=499.77, ProxLoss=0.0000
2026-03-19 01:03:00,028 - Server_DefaultID - INFO - Training client 40 (11/30)...
2026-03-19 01:03:01,642 - Server_DefaultID - INFO - Client 40: Acc=65.73, Loss=-345.5878, NLL=-1161.7342, KL=13.9743, AvgS=499.98, ProxLoss=0.0000
2026-03-19 01:03:01,642 - Server_DefaultID - INFO - Training client 23 (12/30)...
2026-03-19 01:03:02,093 - Server_DefaultID - INFO - Client 23: Acc=81.02, Loss=-67.6362, NLL=-235.5929, KL=8.4744, AvgS=101.25, ProxLoss=0.0000
2026-03-19 01:03:02,093 - Server_DefaultID - INFO - Training client 61 (13/30)...
2026-03-19 01:03:03,470 - Server_DefaultID - INFO - Client 61: Acc=69.56, Loss=-345.9864, NLL=-1161.7038, KL=13.3468, AvgS=499.97, ProxLoss=0.0000
2026-03-19 01:03:03,470 - Server_DefaultID - INFO - Training client 97 (14/30)...
2026-03-19 01:03:09,559 - Server_DefaultID - INFO - Client 97: Acc=99.56, Loss=-341.8898, NLL=-1161.7563, KL=13.7904, AvgS=499.99, ProxLoss=0.0000
2026-03-19 01:03:09,559 - Server_DefaultID - INFO - Training client 19 (15/30)...
2026-03-19 01:03:13,082 - Server_DefaultID - INFO - Client 19: Acc=95.58, Loss=-342.7584, NLL=-1161.7308, KL=14.4734, AvgS=499.98, ProxLoss=0.0000
2026-03-19 01:03:13,082 - Server_DefaultID - INFO - Training client 64 (16/30)...
2026-03-19 01:03:13,604 - Server_DefaultID - INFO - Client 64: Acc=65.31, Loss=-116.6839, NLL=-400.5923, KL=10.3337, AvgS=171.75, ProxLoss=0.0000
2026-03-19 01:03:13,604 - Server_DefaultID - INFO - Training client 27 (17/30)...
2026-03-19 01:03:14,481 - Server_DefaultID - INFO - Client 27: Acc=47.19, Loss=-344.5895, NLL=-1160.8551, KL=14.3879, AvgS=499.61, ProxLoss=0.0000
2026-03-19 01:03:14,481 - Server_DefaultID - INFO - Training client 51 (18/30)...
2026-03-19 01:03:15,227 - Server_DefaultID - INFO - Client 51: Acc=47.97, Loss=-195.8805, NLL=-664.4320, KL=10.8437, AvgS=285.22, ProxLoss=0.0000
2026-03-19 01:03:15,227 - Server_DefaultID - INFO - Training client 24 (19/30)...
2026-03-19 01:03:15,769 - Server_DefaultID - INFO - Client 24: Acc=55.62, Loss=-86.6034, NLL=-295.2718, KL=7.2655, AvgS=126.67, ProxLoss=0.0000
2026-03-19 01:03:15,769 - Server_DefaultID - INFO - Training client 30 (20/30)...
2026-03-19 01:03:17,815 - Server_DefaultID - INFO - Client 30: Acc=83.75, Loss=-342.2095, NLL=-1161.0375, KL=14.5078, AvgS=499.68, ProxLoss=0.0000
2026-03-19 01:03:17,815 - Server_DefaultID - INFO - Training client 98 (21/30)...
2026-03-19 01:03:18,710 - Server_DefaultID - INFO - Client 98: Acc=82.19, Loss=-342.0730, NLL=-1160.4736, KL=14.5039, AvgS=499.44, ProxLoss=0.0000
2026-03-19 01:03:18,710 - Server_DefaultID - INFO - Training client 86 (22/30)...
2026-03-19 01:03:20,161 - Server_DefaultID - INFO - Client 86: Acc=61.25, Loss=-340.9877, NLL=-1155.2775, KL=14.6839, AvgS=497.20, ProxLoss=0.0000
2026-03-19 01:03:20,161 - Server_DefaultID - INFO - Training client 53 (23/30)...
2026-03-19 01:03:23,825 - Server_DefaultID - INFO - Client 53: Acc=95.69, Loss=-343.3094, NLL=-1161.6384, KL=14.6065, AvgS=499.94, ProxLoss=0.0000
2026-03-19 01:03:23,825 - Server_DefaultID - INFO - Training client 91 (24/30)...
2026-03-19 01:03:24,757 - Server_DefaultID - INFO - Client 91: Acc=79.27, Loss=-342.2576, NLL=-1160.5113, KL=14.5042, AvgS=499.46, ProxLoss=0.0000
2026-03-19 01:03:24,757 - Server_DefaultID - INFO - Training client 32 (25/30)...
2026-03-19 01:03:26,315 - Server_DefaultID - INFO - Client 32: Acc=81.61, Loss=-344.5779, NLL=-1161.6936, KL=14.7026, AvgS=499.97, ProxLoss=0.0000
2026-03-19 01:03:26,315 - Server_DefaultID - INFO - Training client 58 (26/30)...
2026-03-19 01:03:28,182 - Server_DefaultID - INFO - Client 58: Acc=76.88, Loss=-342.6841, NLL=-1161.5811, KL=14.5670, AvgS=499.92, ProxLoss=0.0000
2026-03-19 01:03:28,182 - Server_DefaultID - INFO - Training client 9 (27/30)...
2026-03-19 01:03:30,075 - Server_DefaultID - INFO - Client 9: Acc=97.46, Loss=-342.8587, NLL=-1161.7635, KL=14.4381, AvgS=500.00, ProxLoss=0.0000
2026-03-19 01:03:30,075 - Server_DefaultID - INFO - Training client 41 (28/30)...
2026-03-19 01:03:32,126 - Server_DefaultID - INFO - Client 41: Acc=78.55, Loss=-343.3212, NLL=-1161.5537, KL=14.7447, AvgS=499.91, ProxLoss=0.0000
2026-03-19 01:03:32,126 - Server_DefaultID - INFO - Training client 72 (29/30)...
2026-03-19 01:03:33,262 - Server_DefaultID - INFO - Client 72: Acc=95.08, Loss=-343.3972, NLL=-1161.7653, KL=14.7238, AvgS=500.00, ProxLoss=0.0000
2026-03-19 01:03:33,262 - Server_DefaultID - INFO - Training client 59 (30/30)...
2026-03-19 01:03:35,460 - Server_DefaultID - INFO - Client 59: Acc=76.46, Loss=-344.0409, NLL=-1161.6928, KL=14.8475, AvgS=499.97, ProxLoss=0.0000
2026-03-19 01:03:35,711 - Server_DefaultID - WARNING - Global prior extremely imbalanced (max/min=1.0), applied adaptive smoothing lam=0.10.
2026-03-19 01:03:35,712 - Server_DefaultID - INFO - Round [19/200] Summary | Avg Client Train Stats:	Loss [-331.3649]	 Acc [83.54]	NLL [-1121.3653]	 KL [14.1219]	AvgS [482.58]	 ProxLoss [0.0000]
GlobalPriorAlpha (first 10): [5.0, 5.0, 5.0, 5.0, 5.0, 5.0, 5.0, 5.0, 5.0, 5.0]
Round Time: 53.19s
2026-03-19 01:03:35,714 - Server_DefaultID - INFO - --- Global Round 20/200 ---
2026-03-19 01:03:35,715 - Server_DefaultID - INFO - Selected 30 active clients for round 20.
2026-03-19 01:03:35,715 - Server_DefaultID - INFO - Training client 13 (1/30)...
2026-03-19 01:03:36,122 - Server_DefaultID - INFO - Client 13: Acc=59.06, Loss=-342.4877, NLL=-1159.4209, KL=14.8034, AvgS=498.99, ProxLoss=0.0000
2026-03-19 01:03:36,122 - Server_DefaultID - INFO - Training client 91 (2/30)...
2026-03-19 01:03:37,018 - Server_DefaultID - INFO - Client 91: Acc=79.69, Loss=-342.4849, NLL=-1161.5011, KL=14.5120, AvgS=499.88, ProxLoss=0.0000
2026-03-19 01:03:37,018 - Server_DefaultID - INFO - Training client 53 (3/30)...
2026-03-19 01:03:39,658 - Server_DefaultID - INFO - Client 53: Acc=96.31, Loss=-343.2980, NLL=-1161.7164, KL=14.6013, AvgS=499.98, ProxLoss=0.0000
2026-03-19 01:03:39,658 - Server_DefaultID - INFO - Training client 26 (4/30)...
2026-03-19 01:03:43,873 - Server_DefaultID - INFO - Client 26: Acc=95.66, Loss=-343.0986, NLL=-1161.7405, KL=14.5971, AvgS=499.99, ProxLoss=0.0000
2026-03-19 01:03:43,873 - Server_DefaultID - INFO - Training client 28 (5/30)...
2026-03-19 01:03:44,377 - Server_DefaultID - INFO - Client 28: Acc=50.00, Loss=-79.7344, NLL=-277.0823, KL=8.6606, AvgS=118.86, ProxLoss=0.0000
2026-03-19 01:03:44,377 - Server_DefaultID - INFO - Training client 7 (6/30)...
2026-03-19 01:03:45,933 - Server_DefaultID - INFO - Client 7: Acc=56.93, Loss=-344.1038, NLL=-1161.6696, KL=14.7591, AvgS=499.96, ProxLoss=0.0000
2026-03-19 01:03:45,933 - Server_DefaultID - INFO - Training client 49 (7/30)...
2026-03-19 01:03:47,863 - Server_DefaultID - INFO - Client 49: Acc=84.46, Loss=-343.7653, NLL=-1161.6620, KL=14.8938, AvgS=499.95, ProxLoss=0.0000
2026-03-19 01:03:47,863 - Server_DefaultID - INFO - Training client 58 (8/30)...
2026-03-19 01:03:49,585 - Server_DefaultID - INFO - Client 58: Acc=78.71, Loss=-342.6031, NLL=-1161.5734, KL=14.5561, AvgS=499.92, ProxLoss=0.0000
2026-03-19 01:03:49,585 - Server_DefaultID - INFO - Training client 86 (9/30)...
2026-03-19 01:03:50,881 - Server_DefaultID - INFO - Client 86: Acc=67.12, Loss=-343.5534, NLL=-1161.2497, KL=14.7899, AvgS=499.78, ProxLoss=0.0000
2026-03-19 01:03:50,881 - Server_DefaultID - INFO - Training client 46 (10/30)...
2026-03-19 01:03:53,046 - Server_DefaultID - INFO - Client 46: Acc=86.76, Loss=-342.9339, NLL=-1159.7981, KL=14.8559, AvgS=499.15, ProxLoss=0.0000
2026-03-19 01:03:53,046 - Server_DefaultID - INFO - Training client 80 (11/30)...
2026-03-19 01:03:53,488 - Server_DefaultID - INFO - Client 80: Acc=66.25, Loss=-119.9447, NLL=-411.2305, KL=10.6781, AvgS=176.31, ProxLoss=0.0000
2026-03-19 01:03:53,488 - Server_DefaultID - INFO - Training client 69 (12/30)...
2026-03-19 01:03:54,125 - Server_DefaultID - INFO - Client 69: Acc=15.47, Loss=-248.2296, NLL=-842.3802, KL=13.0894, AvgS=362.00, ProxLoss=0.0000
2026-03-19 01:03:54,125 - Server_DefaultID - INFO - Training client 67 (13/30)...
2026-03-19 01:03:56,757 - Server_DefaultID - INFO - Client 67: Acc=66.20, Loss=-344.7341, NLL=-1161.6870, KL=14.6495, AvgS=499.96, ProxLoss=0.0000
2026-03-19 01:03:56,757 - Server_DefaultID - INFO - Training client 20 (14/30)...
2026-03-19 01:03:58,348 - Server_DefaultID - INFO - Client 20: Acc=62.40, Loss=-346.2662, NLL=-1161.6555, KL=12.8145, AvgS=499.95, ProxLoss=0.0000
2026-03-19 01:03:58,348 - Server_DefaultID - INFO - Training client 8 (15/30)...
2026-03-19 01:03:58,950 - Server_DefaultID - INFO - Client 8: Acc=87.19, Loss=-343.9630, NLL=-1161.7256, KL=14.8723, AvgS=499.98, ProxLoss=0.0000
2026-03-19 01:03:58,950 - Server_DefaultID - INFO - Training client 59 (16/30)...
2026-03-19 01:04:01,233 - Server_DefaultID - INFO - Client 59: Acc=81.60, Loss=-344.0149, NLL=-1161.7131, KL=14.8105, AvgS=499.98, ProxLoss=0.0000
2026-03-19 01:04:01,233 - Server_DefaultID - INFO - Training client 79 (17/30)...
2026-03-19 01:04:02,637 - Server_DefaultID - INFO - Client 79: Acc=27.12, Loss=-264.0744, NLL=-906.1628, KL=13.3502, AvgS=389.56, ProxLoss=0.0000
2026-03-19 01:04:02,637 - Server_DefaultID - INFO - Training client 68 (18/30)...
2026-03-19 01:04:05,020 - Server_DefaultID - INFO - Client 68: Acc=85.35, Loss=-342.6100, NLL=-1161.6092, KL=14.5132, AvgS=499.93, ProxLoss=0.0000
2026-03-19 01:04:05,021 - Server_DefaultID - INFO - Training client 78 (19/30)...
2026-03-19 01:04:12,314 - Server_DefaultID - INFO - Client 78: Acc=94.14, Loss=-343.9987, NLL=-1161.6959, KL=14.7520, AvgS=499.97, ProxLoss=0.0000
2026-03-19 01:04:12,314 - Server_DefaultID - INFO - Training client 47 (20/30)...
2026-03-19 01:04:13,906 - Server_DefaultID - INFO - Client 47: Acc=59.79, Loss=-345.3855, NLL=-1161.6633, KL=14.1458, AvgS=499.95, ProxLoss=0.0000
2026-03-19 01:04:13,907 - Server_DefaultID - INFO - Training client 9 (21/30)...
2026-03-19 01:04:15,716 - Server_DefaultID - INFO - Client 9: Acc=97.37, Loss=-342.8013, NLL=-1161.7436, KL=14.4597, AvgS=499.99, ProxLoss=0.0000
2026-03-19 01:04:15,716 - Server_DefaultID - INFO - Training client 40 (22/30)...
2026-03-19 01:04:17,383 - Server_DefaultID - INFO - Client 40: Acc=68.75, Loss=-345.4669, NLL=-1161.5554, KL=13.9959, AvgS=499.91, ProxLoss=0.0000
2026-03-19 01:04:17,384 - Server_DefaultID - INFO - Training client 21 (23/30)...
2026-03-19 01:04:19,512 - Server_DefaultID - INFO - Client 21: Acc=62.19, Loss=-345.4973, NLL=-1161.5746, KL=13.9952, AvgS=499.92, ProxLoss=0.0000
2026-03-19 01:04:19,512 - Server_DefaultID - INFO - Training client 16 (24/30)...
2026-03-19 01:04:20,203 - Server_DefaultID - INFO - Client 16: Acc=71.25, Loss=-343.5169, NLL=-1161.6760, KL=14.8558, AvgS=499.96, ProxLoss=0.0000
2026-03-19 01:04:20,203 - Server_DefaultID - INFO - Training client 32 (25/30)...
2026-03-19 01:04:21,704 - Server_DefaultID - INFO - Client 32: Acc=84.79, Loss=-344.3785, NLL=-1161.5596, KL=14.7537, AvgS=499.91, ProxLoss=0.0000
2026-03-19 01:04:21,704 - Server_DefaultID - INFO - Training client 99 (26/30)...
2026-03-19 01:04:22,061 - Server_DefaultID - INFO - Client 99: Acc=48.75, Loss=-84.1452, NLL=-286.2843, KL=4.8724, AvgS=122.77, ProxLoss=0.0000
2026-03-19 01:04:22,061 - Server_DefaultID - INFO - Training client 30 (27/30)...
2026-03-19 01:04:23,841 - Server_DefaultID - INFO - Client 30: Acc=87.03, Loss=-342.5544, NLL=-1161.5463, KL=14.5125, AvgS=499.90, ProxLoss=0.0000
2026-03-19 01:04:23,841 - Server_DefaultID - INFO - Training client 57 (28/30)...
2026-03-19 01:04:27,518 - Server_DefaultID - INFO - Client 57: Acc=95.00, Loss=-343.6256, NLL=-1161.7691, KL=14.7635, AvgS=500.00, ProxLoss=0.0000
2026-03-19 01:04:27,518 - Server_DefaultID - INFO - Training client 50 (29/30)...
2026-03-19 01:04:32,557 - Server_DefaultID - INFO - Client 50: Acc=97.52, Loss=-342.8730, NLL=-1161.5957, KL=14.4849, AvgS=499.92, ProxLoss=0.0000
2026-03-19 01:04:32,557 - Server_DefaultID - INFO - Training client 34 (30/30)...
2026-03-19 01:04:33,290 - Server_DefaultID - INFO - Client 34: Acc=69.38, Loss=-344.0888, NLL=-1159.9709, KL=14.5970, AvgS=499.22, ProxLoss=0.0000
2026-03-19 01:04:33,442 - Server_DefaultID - WARNING - Global prior extremely imbalanced (max/min=1.0), applied adaptive smoothing lam=0.10.
2026-03-19 01:04:33,443 - Server_DefaultID - INFO - Round [20/200] Summary | Avg Client Train Stats:	Loss [-335.3323]	 Acc [81.74]	NLL [-1133.7513]	 KL [14.3731]	AvgS [487.91]	 ProxLoss [0.0000]
GlobalPriorAlpha (first 10): [5.0, 5.0, 5.0, 5.0, 5.0, 5.0, 5.0, 5.0, 5.0, 5.0]
Round Time: 57.73s
2026-03-19 01:04:33,443 - Server_DefaultID - INFO - --- Evaluating models at round 20 ---
2026-03-19 01:05:39,597 - Server_DefaultID - INFO - Global Model Evaluation (Round 20): 
  Avg Test Acc: 68.52%
  Avg Test Acc Softmax: 68.52%
  Avg Test Loss: -1009.9254
  Avg Test NLL: -1021.8202
  Avg Test KL (vs flat prior): 13.0332
  Avg Test S: 439.67
2026-03-19 01:06:44,608 - Server_DefaultID - INFO - Personalized Model Evaluation (Round 20): 
  Avg Test Acc: 71.81%
  Avg Test Acc Softmax: 71.81%
  Avg Test Loss: -1018.0246
  Avg Test NLL: -1029.9307
  Avg Test KL (vs flat prior): 13.0579
  Avg Test S: 443.18
2026-03-19 01:06:44,608 - Server_DefaultID - INFO - [Metric 1] Personalized Brier Score | Mean: 0.4193
2026-03-19 01:06:44,608 - Server_DefaultID - INFO - [Metric 1] Personalized ECE | Mean: 0.1176
2026-03-19 01:06:44,608 - Server_DefaultID - INFO - [OOD Eval] OOD AUC-ROC (Epistemic): 0.1122
2026-03-19 01:06:44,608 - Server_DefaultID - INFO - [Metric 4] OOD FPR@95%TPR: 0.9627
2026-03-19 01:06:46,064 - Server_DefaultID - INFO - --- Global Round 21/200 ---
2026-03-19 01:06:46,065 - Server_DefaultID - INFO - Selected 30 active clients for round 21.
2026-03-19 01:06:46,065 - Server_DefaultID - INFO - Training client 23 (1/30)...
2026-03-19 01:06:46,491 - Server_DefaultID - INFO - Client 23: Acc=74.92, Loss=-83.3022, NLL=-289.2909, KL=9.1402, AvgS=124.15, ProxLoss=0.0000
2026-03-19 01:06:46,491 - Server_DefaultID - INFO - Training client 31 (2/30)...
2026-03-19 01:06:48,535 - Server_DefaultID - INFO - Client 31: Acc=77.26, Loss=-343.7524, NLL=-1161.6582, KL=14.8816, AvgS=499.95, ProxLoss=0.0000
2026-03-19 01:06:48,536 - Server_DefaultID - INFO - Training client 54 (3/30)...
2026-03-19 01:06:49,154 - Server_DefaultID - INFO - Client 54: Acc=72.97, Loss=-80.6804, NLL=-282.3224, KL=8.8266, AvgS=121.21, ProxLoss=0.0000
2026-03-19 01:06:49,154 - Server_DefaultID - INFO - Training client 49 (4/30)...
2026-03-19 01:06:50,675 - Server_DefaultID - INFO - Client 49: Acc=84.38, Loss=-343.7161, NLL=-1161.6922, KL=14.8941, AvgS=499.97, ProxLoss=0.0000
2026-03-19 01:06:50,675 - Server_DefaultID - INFO - Training client 7 (5/30)...
2026-03-19 01:06:52,126 - Server_DefaultID - INFO - Client 7: Acc=47.03, Loss=-343.0319, NLL=-1159.1823, KL=14.7566, AvgS=498.88, ProxLoss=0.0000
2026-03-19 01:06:52,126 - Server_DefaultID - INFO - Training client 4 (6/30)...
2026-03-19 01:06:53,576 - Server_DefaultID - INFO - Client 4: Acc=67.29, Loss=-345.1478, NLL=-1160.9095, KL=14.0171, AvgS=499.63, ProxLoss=0.0000
2026-03-19 01:06:53,576 - Server_DefaultID - INFO - Training client 14 (7/30)...
2026-03-19 01:06:55,591 - Server_DefaultID - INFO - Client 14: Acc=71.67, Loss=-342.3519, NLL=-1161.2591, KL=14.5110, AvgS=499.78, ProxLoss=0.0000
2026-03-19 01:06:55,591 - Server_DefaultID - INFO - Training client 63 (8/30)...
2026-03-19 01:06:56,777 - Server_DefaultID - INFO - Client 63: Acc=56.50, Loss=-343.7755, NLL=-1161.0285, KL=14.8097, AvgS=499.68, ProxLoss=0.0000
2026-03-19 01:06:56,777 - Server_DefaultID - INFO - Training client 77 (9/30)...
2026-03-19 01:06:59,992 - Server_DefaultID - INFO - Client 77: Acc=92.17, Loss=-343.5973, NLL=-1161.6872, KL=14.8180, AvgS=499.96, ProxLoss=0.0000
2026-03-19 01:06:59,993 - Server_DefaultID - INFO - Training client 27 (10/30)...
2026-03-19 01:07:00,944 - Server_DefaultID - INFO - Client 27: Acc=42.60, Loss=-344.0481, NLL=-1159.5469, KL=14.3037, AvgS=499.04, ProxLoss=0.0000
2026-03-19 01:07:00,944 - Server_DefaultID - INFO - Training client 17 (11/30)...
2026-03-19 01:07:01,554 - Server_DefaultID - INFO - Client 17: Acc=76.41, Loss=-328.1177, NLL=-1108.3820, KL=14.2866, AvgS=476.93, ProxLoss=0.0000
2026-03-19 01:07:01,554 - Server_DefaultID - INFO - Training client 84 (12/30)...
2026-03-19 01:07:01,927 - Server_DefaultID - INFO - Client 84: Acc=74.34, Loss=-34.3169, NLL=-122.5134, KL=6.4016, AvgS=53.43, ProxLoss=0.0000
2026-03-19 01:07:01,927 - Server_DefaultID - INFO - Training client 44 (13/30)...
2026-03-19 01:07:03,843 - Server_DefaultID - INFO - Client 44: Acc=85.52, Loss=-343.4815, NLL=-1161.6365, KL=14.8258, AvgS=499.94, ProxLoss=0.0000
2026-03-19 01:07:03,843 - Server_DefaultID - INFO - Training client 15 (14/30)...
2026-03-19 01:07:04,457 - Server_DefaultID - INFO - Client 15: Acc=54.84, Loss=-329.3205, NLL=-1113.9303, KL=14.4007, AvgS=479.34, ProxLoss=0.0000
2026-03-19 01:07:04,457 - Server_DefaultID - INFO - Training client 50 (15/30)...
2026-03-19 01:07:08,260 - Server_DefaultID - INFO - Client 50: Acc=97.52, Loss=-342.8305, NLL=-1161.6587, KL=14.4834, AvgS=499.95, ProxLoss=0.0000
2026-03-19 01:07:08,260 - Server_DefaultID - INFO - Training client 51 (16/30)...
2026-03-19 01:07:08,825 - Server_DefaultID - INFO - Client 51: Acc=47.34, Loss=-243.1877, NLL=-822.7486, KL=11.5134, AvgS=353.53, ProxLoss=0.0000
2026-03-19 01:07:08,825 - Server_DefaultID - INFO - Training client 75 (17/30)...
2026-03-19 01:07:10,685 - Server_DefaultID - INFO - Client 75: Acc=90.86, Loss=-342.8800, NLL=-1161.7236, KL=14.5902, AvgS=499.98, ProxLoss=0.0000
2026-03-19 01:07:10,685 - Server_DefaultID - INFO - Training client 68 (18/30)...
2026-03-19 01:07:12,847 - Server_DefaultID - INFO - Client 68: Acc=85.24, Loss=-342.5889, NLL=-1161.6979, KL=14.5139, AvgS=499.97, ProxLoss=0.0000
2026-03-19 01:07:12,848 - Server_DefaultID - INFO - Training client 29 (19/30)...
2026-03-19 01:07:13,891 - Server_DefaultID - INFO - Client 29: Acc=81.09, Loss=-338.3801, NLL=-1147.8478, KL=14.8106, AvgS=493.99, ProxLoss=0.0000
2026-03-19 01:07:13,891 - Server_DefaultID - INFO - Training client 34 (20/30)...
2026-03-19 01:07:14,749 - Server_DefaultID - INFO - Client 34: Acc=68.54, Loss=-344.4761, NLL=-1161.5271, KL=14.6591, AvgS=499.90, ProxLoss=0.0000
2026-03-19 01:07:14,749 - Server_DefaultID - INFO - Training client 10 (21/30)...
2026-03-19 01:07:16,882 - Server_DefaultID - INFO - Client 10: Acc=32.42, Loss=-340.5581, NLL=-1149.4476, KL=13.7491, AvgS=494.68, ProxLoss=0.0000
2026-03-19 01:07:16,882 - Server_DefaultID - INFO - Training client 25 (22/30)...
2026-03-19 01:07:17,539 - Server_DefaultID - INFO - Client 25: Acc=34.38, Loss=-189.9029, NLL=-651.9823, KL=12.0114, AvgS=279.89, ProxLoss=0.0000
2026-03-19 01:07:17,539 - Server_DefaultID - INFO - Training client 33 (23/30)...
2026-03-19 01:07:19,207 - Server_DefaultID - INFO - Client 33: Acc=57.50, Loss=-345.4283, NLL=-1161.6494, KL=13.9133, AvgS=499.95, ProxLoss=0.0000
2026-03-19 01:07:19,207 - Server_DefaultID - INFO - Training client 18 (24/30)...
2026-03-19 01:07:22,500 - Server_DefaultID - INFO - Client 18: Acc=83.88, Loss=-344.0255, NLL=-1161.4014, KL=14.8025, AvgS=499.84, ProxLoss=0.0000
2026-03-19 01:07:22,500 - Server_DefaultID - INFO - Training client 96 (25/30)...
2026-03-19 01:07:24,491 - Server_DefaultID - INFO - Client 96: Acc=81.22, Loss=-344.0148, NLL=-1161.6929, KL=14.7605, AvgS=499.97, ProxLoss=0.0000
2026-03-19 01:07:24,492 - Server_DefaultID - INFO - Training client 62 (26/30)...
2026-03-19 01:07:25,092 - Server_DefaultID - INFO - Client 62: Acc=72.34, Loss=-120.4134, NLL=-414.4882, KL=10.1300, AvgS=177.64, ProxLoss=0.0000
2026-03-19 01:07:25,092 - Server_DefaultID - INFO - Training client 78 (27/30)...
2026-03-19 01:07:31,400 - Server_DefaultID - INFO - Client 78: Acc=94.69, Loss=-343.9827, NLL=-1161.7555, KL=14.7258, AvgS=499.99, ProxLoss=0.0000
2026-03-19 01:07:31,400 - Server_DefaultID - INFO - Training client 73 (28/30)...
2026-03-19 01:07:34,265 - Server_DefaultID - INFO - Client 73: Acc=82.28, Loss=-343.0991, NLL=-1161.5984, KL=14.6891, AvgS=499.93, ProxLoss=0.0000
2026-03-19 01:07:34,266 - Server_DefaultID - INFO - Training client 83 (29/30)...
2026-03-19 01:07:36,522 - Server_DefaultID - INFO - Client 83: Acc=99.69, Loss=-341.7452, NLL=-1161.7505, KL=13.7521, AvgS=499.99, ProxLoss=0.0000
2026-03-19 01:07:36,523 - Server_DefaultID - INFO - Training client 8 (30/30)...
2026-03-19 01:07:37,123 - Server_DefaultID - INFO - Client 8: Acc=87.66, Loss=-323.7528, NLL=-1097.1774, KL=14.4737, AvgS=472.11, ProxLoss=0.0000
2026-03-19 01:07:37,296 - Server_DefaultID - WARNING - Global prior extremely imbalanced (max/min=1.0), applied adaptive smoothing lam=0.10.
2026-03-19 01:07:37,296 - Server_DefaultID - INFO - Round [21/200] Summary | Avg Client Train Stats:	Loss [-333.2652]	 Acc [80.84]	NLL [-1127.2879]	 KL [14.3708]	AvgS [485.13]	 ProxLoss [0.0000]
GlobalPriorAlpha (first 10): [5.0, 5.0, 5.0, 5.0, 5.0, 5.0, 5.0, 5.0, 5.0, 5.0]
Round Time: 51.23s
2026-03-19 01:07:37,299 - Server_DefaultID - INFO - --- Global Round 22/200 ---
2026-03-19 01:07:37,299 - Server_DefaultID - INFO - Selected 30 active clients for round 22.
2026-03-19 01:07:37,299 - Server_DefaultID - INFO - Training client 80 (1/30)...
2026-03-19 01:07:37,687 - Server_DefaultID - INFO - Client 80: Acc=66.56, Loss=-140.3042, NLL=-479.6594, KL=11.1599, AvgS=205.70, ProxLoss=0.0000
2026-03-19 01:07:37,688 - Server_DefaultID - INFO - Training client 70 (2/30)...
2026-03-19 01:07:38,882 - Server_DefaultID - INFO - Client 70: Acc=78.62, Loss=-342.9636, NLL=-1161.7546, KL=14.6514, AvgS=499.99, ProxLoss=0.0000
2026-03-19 01:07:38,882 - Server_DefaultID - INFO - Training client 49 (3/30)...
2026-03-19 01:07:40,542 - Server_DefaultID - INFO - Client 49: Acc=85.31, Loss=-343.6672, NLL=-1161.6684, KL=14.8937, AvgS=499.96, ProxLoss=0.0000
2026-03-19 01:07:40,542 - Server_DefaultID - INFO - Training client 10 (4/30)...
2026-03-19 01:07:41,507 - Server_DefaultID - INFO - Client 10: Acc=35.62, Loss=-344.8788, NLL=-1160.8325, KL=13.8003, AvgS=499.60, ProxLoss=0.0000
2026-03-19 01:07:41,507 - Server_DefaultID - INFO - Training client 73 (5/30)...
2026-03-19 01:07:44,232 - Server_DefaultID - INFO - Client 73: Acc=84.52, Loss=-343.1896, NLL=-1161.7394, KL=14.7022, AvgS=499.99, ProxLoss=0.0000
2026-03-19 01:07:44,232 - Server_DefaultID - INFO - Training client 60 (6/30)...
2026-03-19 01:07:45,153 - Server_DefaultID - INFO - Client 60: Acc=55.31, Loss=-328.7554, NLL=-1119.7917, KL=14.6049, AvgS=481.87, ProxLoss=0.0000
2026-03-19 01:07:45,154 - Server_DefaultID - INFO - Training client 15 (7/30)...
2026-03-19 01:07:45,699 - Server_DefaultID - INFO - Client 15: Acc=61.72, Loss=-342.7947, NLL=-1159.0751, KL=14.7223, AvgS=498.84, ProxLoss=0.0000
2026-03-19 01:07:45,699 - Server_DefaultID - INFO - Training client 28 (8/30)...
2026-03-19 01:07:46,200 - Server_DefaultID - INFO - Client 28: Acc=51.88, Loss=-95.6939, NLL=-332.8553, KL=9.1695, AvgS=142.71, ProxLoss=0.0000
2026-03-19 01:07:46,201 - Server_DefaultID - INFO - Training client 36 (9/30)...
2026-03-19 01:07:52,670 - Server_DefaultID - INFO - Client 36: Acc=94.65, Loss=-342.7832, NLL=-1161.7467, KL=14.5441, AvgS=499.99, ProxLoss=0.0000
2026-03-19 01:07:52,671 - Server_DefaultID - INFO - Training client 69 (10/30)...
2026-03-19 01:07:53,398 - Server_DefaultID - INFO - Client 69: Acc=37.03, Loss=-288.4573, NLL=-976.1065, KL=13.4731, AvgS=419.77, ProxLoss=0.0000
2026-03-19 01:07:53,399 - Server_DefaultID - INFO - Training client 16 (11/30)...
2026-03-19 01:07:54,076 - Server_DefaultID - INFO - Client 16: Acc=52.19, Loss=-326.9828, NLL=-1109.0569, KL=14.5606, AvgS=477.24, ProxLoss=0.0000
2026-03-19 01:07:54,076 - Server_DefaultID - INFO - Training client 54 (12/30)...
2026-03-19 01:07:54,754 - Server_DefaultID - INFO - Client 54: Acc=70.16, Loss=-112.5053, NLL=-390.3462, KL=10.0607, AvgS=167.42, ProxLoss=0.0000
2026-03-19 01:07:54,755 - Server_DefaultID - INFO - Training client 99 (13/30)...
2026-03-19 01:07:55,223 - Server_DefaultID - INFO - Client 99: Acc=44.06, Loss=-100.3123, NLL=-341.1664, KL=6.6260, AvgS=146.27, ProxLoss=0.0000
2026-03-19 01:07:55,223 - Server_DefaultID - INFO - Training client 67 (14/30)...
2026-03-19 01:07:56,845 - Server_DefaultID - INFO - Client 67: Acc=68.96, Loss=-344.7405, NLL=-1161.7029, KL=14.6423, AvgS=499.97, ProxLoss=0.0000
2026-03-19 01:07:56,845 - Server_DefaultID - INFO - Training client 61 (15/30)...
2026-03-19 01:07:58,299 - Server_DefaultID - INFO - Client 61: Acc=72.00, Loss=-345.7726, NLL=-1161.5749, KL=13.5107, AvgS=499.92, ProxLoss=0.0000
2026-03-19 01:07:58,299 - Server_DefaultID - INFO - Training client 5 (16/30)...
2026-03-19 01:07:58,786 - Server_DefaultID - INFO - Client 5: Acc=68.75, Loss=-318.3570, NLL=-1073.2414, KL=13.8047, AvgS=461.78, ProxLoss=0.0000
2026-03-19 01:07:58,786 - Server_DefaultID - INFO - Training client 39 (17/30)...
2026-03-19 01:08:02,388 - Server_DefaultID - INFO - Client 39: Acc=77.33, Loss=-343.8630, NLL=-1161.7250, KL=14.8294, AvgS=499.98, ProxLoss=0.0000
2026-03-19 01:08:02,388 - Server_DefaultID - INFO - Training client 13 (18/30)...
2026-03-19 01:08:02,834 - Server_DefaultID - INFO - Client 13: Acc=55.00, Loss=-313.9891, NLL=-1065.5856, KL=14.1360, AvgS=458.48, ProxLoss=0.0000
2026-03-19 01:08:02,834 - Server_DefaultID - INFO - Training client 0 (19/30)...
2026-03-19 01:08:03,283 - Server_DefaultID - INFO - Client 0: Acc=25.62, Loss=-314.2353, NLL=-1062.6551, KL=14.0614, AvgS=457.21, ProxLoss=0.0000
2026-03-19 01:08:03,283 - Server_DefaultID - INFO - Training client 27 (20/30)...
2026-03-19 01:08:04,164 - Server_DefaultID - INFO - Client 27: Acc=43.85, Loss=-344.5876, NLL=-1161.4317, KL=14.3927, AvgS=499.85, ProxLoss=0.0000
2026-03-19 01:08:04,165 - Server_DefaultID - INFO - Training client 82 (21/30)...
2026-03-19 01:08:05,623 - Server_DefaultID - INFO - Client 82: Acc=85.69, Loss=-343.6226, NLL=-1161.6000, KL=14.8299, AvgS=499.93, ProxLoss=0.0000
2026-03-19 01:08:05,623 - Server_DefaultID - INFO - Training client 4 (22/30)...
2026-03-19 01:08:07,271 - Server_DefaultID - INFO - Client 4: Acc=68.28, Loss=-345.4861, NLL=-1161.6621, KL=13.9805, AvgS=499.95, ProxLoss=0.0000
2026-03-19 01:08:07,271 - Server_DefaultID - INFO - Training client 25 (23/30)...
2026-03-19 01:08:07,900 - Server_DefaultID - INFO - Client 25: Acc=37.34, Loss=-236.3129, NLL=-808.1510, KL=12.7326, AvgS=347.27, ProxLoss=0.0000
2026-03-19 01:08:07,900 - Server_DefaultID - INFO - Training client 48 (24/30)...
2026-03-19 01:08:12,141 - Server_DefaultID - INFO - Client 48: Acc=86.69, Loss=-344.0618, NLL=-1161.7340, KL=14.8239, AvgS=499.98, ProxLoss=0.0000
2026-03-19 01:08:12,141 - Server_DefaultID - INFO - Training client 42 (25/30)...
2026-03-19 01:08:13,752 - Server_DefaultID - INFO - Client 42: Acc=90.73, Loss=-343.4264, NLL=-1161.0119, KL=14.7021, AvgS=499.67, ProxLoss=0.0000
2026-03-19 01:08:13,752 - Server_DefaultID - INFO - Training client 31 (26/30)...
2026-03-19 01:08:16,004 - Server_DefaultID - INFO - Client 31: Acc=77.22, Loss=-343.7354, NLL=-1161.7480, KL=14.8849, AvgS=499.99, ProxLoss=0.0000
2026-03-19 01:08:16,004 - Server_DefaultID - INFO - Training client 6 (27/30)...
2026-03-19 01:08:16,882 - Server_DefaultID - INFO - Client 6: Acc=62.60, Loss=-337.5559, NLL=-1145.3046, KL=14.6640, AvgS=492.89, ProxLoss=0.0000
2026-03-19 01:08:16,882 - Server_DefaultID - INFO - Training client 43 (28/30)...
2026-03-19 01:08:19,570 - Server_DefaultID - INFO - Client 43: Acc=82.87, Loss=-343.7188, NLL=-1161.7638, KL=14.8949, AvgS=500.00, ProxLoss=0.0000
2026-03-19 01:08:19,570 - Server_DefaultID - INFO - Training client 98 (29/30)...
2026-03-19 01:08:20,508 - Server_DefaultID - INFO - Client 98: Acc=81.15, Loss=-342.4506, NLL=-1161.6559, KL=14.5134, AvgS=499.95, ProxLoss=0.0000
2026-03-19 01:08:20,508 - Server_DefaultID - INFO - Training client 87 (30/30)...
2026-03-19 01:08:23,298 - Server_DefaultID - INFO - Client 87: Acc=56.88, Loss=-345.7434, NLL=-1161.7056, KL=13.6479, AvgS=499.97, ProxLoss=0.0000
2026-03-19 01:08:23,522 - Server_DefaultID - WARNING - Global prior extremely imbalanced (max/min=1.0), applied adaptive smoothing lam=0.10.
2026-03-19 01:08:23,523 - Server_DefaultID - INFO - Round [22/200] Summary | Avg Client Train Stats:	Loss [-331.1747]	 Acc [75.50]	NLL [-1119.6801]	 KL [14.3227]	AvgS [481.84]	 ProxLoss [0.0000]
GlobalPriorAlpha (first 10): [5.0, 5.0, 5.0, 5.0, 5.0, 5.0, 5.0, 5.0, 5.0, 5.0]
Round Time: 46.22s
2026-03-19 01:08:23,528 - Server_DefaultID - INFO - --- Global Round 23/200 ---
2026-03-19 01:08:23,529 - Server_DefaultID - INFO - Selected 30 active clients for round 23.
2026-03-19 01:08:23,529 - Server_DefaultID - INFO - Training client 82 (1/30)...
2026-03-19 01:08:24,911 - Server_DefaultID - INFO - Client 82: Acc=85.31, Loss=-343.3721, NLL=-1161.1947, KL=14.8316, AvgS=499.75, ProxLoss=0.0000
2026-03-19 01:08:24,911 - Server_DefaultID - INFO - Training client 78 (2/30)...
2026-03-19 01:08:32,185 - Server_DefaultID - INFO - Client 78: Acc=95.03, Loss=-343.9145, NLL=-1161.7519, KL=14.7380, AvgS=499.99, ProxLoss=0.0000
2026-03-19 01:08:32,185 - Server_DefaultID - INFO - Training client 49 (3/30)...
2026-03-19 01:08:33,990 - Server_DefaultID - INFO - Client 49: Acc=85.62, Loss=-343.6493, NLL=-1161.6915, KL=14.8941, AvgS=499.97, ProxLoss=0.0000
2026-03-19 01:08:33,990 - Server_DefaultID - INFO - Training client 75 (4/30)...
2026-03-19 01:08:36,165 - Server_DefaultID - INFO - Client 75: Acc=90.12, Loss=-342.8747, NLL=-1161.7628, KL=14.6096, AvgS=500.00, ProxLoss=0.0000
2026-03-19 01:08:36,165 - Server_DefaultID - INFO - Training client 38 (5/30)...
2026-03-19 01:08:36,808 - Server_DefaultID - INFO - Client 38: Acc=40.31, Loss=-302.6495, NLL=-1020.6761, KL=12.0361, AvgS=439.04, ProxLoss=0.0000
2026-03-19 01:08:36,808 - Server_DefaultID - INFO - Training client 91 (6/30)...
2026-03-19 01:08:37,671 - Server_DefaultID - INFO - Client 91: Acc=80.62, Loss=-342.2854, NLL=-1161.2374, KL=14.5100, AvgS=499.77, ProxLoss=0.0000
2026-03-19 01:08:37,672 - Server_DefaultID - INFO - Training client 41 (7/30)...
2026-03-19 01:08:39,739 - Server_DefaultID - INFO - Client 41: Acc=80.94, Loss=-343.1528, NLL=-1161.6692, KL=14.7361, AvgS=499.96, ProxLoss=0.0000
2026-03-19 01:08:39,739 - Server_DefaultID - INFO - Training client 5 (8/30)...
2026-03-19 01:08:40,187 - Server_DefaultID - INFO - Client 5: Acc=70.62, Loss=-327.6428, NLL=-1104.5720, KL=14.0442, AvgS=475.29, ProxLoss=0.0000
2026-03-19 01:08:40,187 - Server_DefaultID - INFO - Training client 86 (9/30)...
2026-03-19 01:08:41,507 - Server_DefaultID - INFO - Client 86: Acc=75.88, Loss=-343.8718, NLL=-1161.3506, KL=14.7009, AvgS=499.82, ProxLoss=0.0000
2026-03-19 01:08:41,507 - Server_DefaultID - INFO - Training client 88 (10/30)...
2026-03-19 01:08:43,097 - Server_DefaultID - INFO - Client 88: Acc=59.79, Loss=-344.6226, NLL=-1161.6159, KL=14.4818, AvgS=499.93, ProxLoss=0.0000
2026-03-19 01:08:43,097 - Server_DefaultID - INFO - Training client 93 (11/30)...
2026-03-19 01:08:43,884 - Server_DefaultID - INFO - Client 93: Acc=34.53, Loss=-324.5563, NLL=-1099.7164, KL=14.3095, AvgS=473.18, ProxLoss=0.0000
2026-03-19 01:08:43,884 - Server_DefaultID - INFO - Training client 9 (12/30)...
2026-03-19 01:08:45,731 - Server_DefaultID - INFO - Client 9: Acc=97.37, Loss=-342.3581, NLL=-1161.4793, KL=14.3653, AvgS=499.87, ProxLoss=0.0000
2026-03-19 01:08:45,731 - Server_DefaultID - INFO - Training client 43 (13/30)...
2026-03-19 01:08:48,334 - Server_DefaultID - INFO - Client 43: Acc=84.29, Loss=-343.6699, NLL=-1161.7144, KL=14.8943, AvgS=499.98, ProxLoss=0.0000
2026-03-19 01:08:48,334 - Server_DefaultID - INFO - Training client 13 (14/30)...
2026-03-19 01:08:48,761 - Server_DefaultID - INFO - Client 13: Acc=49.38, Loss=-326.1133, NLL=-1108.0979, KL=14.2542, AvgS=476.82, ProxLoss=0.0000
2026-03-19 01:08:48,761 - Server_DefaultID - INFO - Training client 71 (15/30)...
2026-03-19 01:08:49,378 - Server_DefaultID - INFO - Client 71: Acc=71.72, Loss=-161.1198, NLL=-549.3249, KL=11.2182, AvgS=235.64, ProxLoss=0.0000
2026-03-19 01:08:49,378 - Server_DefaultID - INFO - Training client 25 (16/30)...
2026-03-19 01:08:50,058 - Server_DefaultID - INFO - Client 25: Acc=79.84, Loss=-276.7126, NLL=-942.4138, KL=13.5929, AvgS=405.23, ProxLoss=0.0000
2026-03-19 01:08:50,058 - Server_DefaultID - INFO - Training client 19 (17/30)...
2026-03-19 01:08:53,286 - Server_DefaultID - INFO - Client 19: Acc=95.47, Loss=-342.5651, NLL=-1161.6738, KL=14.5001, AvgS=499.96, ProxLoss=0.0000
2026-03-19 01:08:53,286 - Server_DefaultID - INFO - Training client 92 (18/30)...
2026-03-19 01:08:54,384 - Server_DefaultID - INFO - Client 92: Acc=95.16, Loss=-343.5273, NLL=-1161.3284, KL=14.6825, AvgS=499.81, ProxLoss=0.0000
2026-03-19 01:08:54,384 - Server_DefaultID - INFO - Training client 40 (19/30)...
2026-03-19 01:08:56,990 - Server_DefaultID - INFO - Client 40: Acc=69.95, Loss=-345.4615, NLL=-1161.6446, KL=13.9733, AvgS=499.95, ProxLoss=0.0000
2026-03-19 01:08:56,990 - Server_DefaultID - INFO - Training client 60 (20/30)...
2026-03-19 01:08:57,850 - Server_DefaultID - INFO - Client 60: Acc=60.62, Loss=-341.0223, NLL=-1157.3558, KL=14.6864, AvgS=498.09, ProxLoss=0.0000
2026-03-19 01:08:57,850 - Server_DefaultID - INFO - Training client 59 (21/30)...
2026-03-19 01:09:00,128 - Server_DefaultID - INFO - Client 59: Acc=82.60, Loss=-343.9150, NLL=-1161.6971, KL=14.8404, AvgS=499.97, ProxLoss=0.0000
2026-03-19 01:09:00,128 - Server_DefaultID - INFO - Training client 14 (22/30)...
2026-03-19 01:09:02,309 - Server_DefaultID - INFO - Client 14: Acc=86.11, Loss=-342.5093, NLL=-1161.6644, KL=14.5137, AvgS=499.95, ProxLoss=0.0000
2026-03-19 01:09:02,309 - Server_DefaultID - INFO - Training client 28 (23/30)...
2026-03-19 01:09:02,804 - Server_DefaultID - INFO - Client 28: Acc=48.44, Loss=-113.1080, NLL=-391.4385, KL=9.8277, AvgS=167.79, ProxLoss=0.0000
2026-03-19 01:09:02,804 - Server_DefaultID - INFO - Training client 21 (24/30)...
2026-03-19 01:09:04,784 - Server_DefaultID - INFO - Client 21: Acc=61.37, Loss=-345.4032, NLL=-1161.6738, KL=14.0691, AvgS=499.96, ProxLoss=0.0000
2026-03-19 01:09:04,784 - Server_DefaultID - INFO - Training client 83 (25/30)...
2026-03-19 01:09:07,329 - Server_DefaultID - INFO - Client 83: Acc=99.72, Loss=-341.6045, NLL=-1161.7699, KL=13.6950, AvgS=500.00, ProxLoss=0.0000
2026-03-19 01:09:07,330 - Server_DefaultID - INFO - Training client 67 (26/30)...
2026-03-19 01:09:08,868 - Server_DefaultID - INFO - Client 67: Acc=68.02, Loss=-344.6663, NLL=-1161.7276, KL=14.6930, AvgS=499.98, ProxLoss=0.0000
2026-03-19 01:09:08,868 - Server_DefaultID - INFO - Training client 47 (27/30)...
2026-03-19 01:09:10,430 - Server_DefaultID - INFO - Client 47: Acc=61.46, Loss=-345.2044, NLL=-1161.5762, KL=14.1504, AvgS=499.92, ProxLoss=0.0000
2026-03-19 01:09:10,430 - Server_DefaultID - INFO - Training client 51 (28/30)...
2026-03-19 01:09:11,123 - Server_DefaultID - INFO - Client 51: Acc=45.47, Loss=-288.6517, NLL=-975.5830, KL=12.3833, AvgS=419.55, ProxLoss=0.0000
2026-03-19 01:09:11,123 - Server_DefaultID - INFO - Training client 6 (29/30)...
2026-03-19 01:09:12,006 - Server_DefaultID - INFO - Client 6: Acc=58.75, Loss=-342.9474, NLL=-1159.8397, KL=14.7619, AvgS=499.17, ProxLoss=0.0000
2026-03-19 01:09:12,006 - Server_DefaultID - INFO - Training client 64 (30/30)...
2026-03-19 01:09:12,428 - Server_DefaultID - INFO - Client 64: Acc=65.31, Loss=-136.8747, NLL=-468.8401, KL=10.9678, AvgS=201.05, ProxLoss=0.0000
2026-03-19 01:09:12,635 - Server_DefaultID - WARNING - Global prior extremely imbalanced (max/min=1.0), applied adaptive smoothing lam=0.10.
2026-03-19 01:09:12,635 - Server_DefaultID - INFO - Round [23/200] Summary | Avg Client Train Stats:	Loss [-334.5789]	 Acc [81.15]	NLL [-1131.6637]	 KL [14.3540]	AvgS [487.01]	 ProxLoss [0.0000]
GlobalPriorAlpha (first 10): [5.0, 5.0, 5.0, 5.0, 5.0, 5.0, 5.0, 5.0, 5.0, 5.0]
Round Time: 49.11s
2026-03-19 01:09:12,637 - Server_DefaultID - INFO - --- Global Round 24/200 ---
2026-03-19 01:09:12,638 - Server_DefaultID - INFO - Selected 30 active clients for round 24.
2026-03-19 01:09:12,638 - Server_DefaultID - INFO - Training client 11 (1/30)...
2026-03-19 01:09:14,327 - Server_DefaultID - INFO - Client 11: Acc=87.14, Loss=-343.6429, NLL=-1160.8211, KL=14.8162, AvgS=499.59, ProxLoss=0.0000
2026-03-19 01:09:14,327 - Server_DefaultID - INFO - Training client 85 (2/30)...
2026-03-19 01:09:17,304 - Server_DefaultID - INFO - Client 85: Acc=99.77, Loss=-341.5435, NLL=-1161.6655, KL=13.7039, AvgS=499.95, ProxLoss=0.0000
2026-03-19 01:09:17,304 - Server_DefaultID - INFO - Training client 29 (3/30)...
2026-03-19 01:09:18,449 - Server_DefaultID - INFO - Client 29: Acc=81.17, Loss=-342.9659, NLL=-1160.7390, KL=14.8850, AvgS=499.56, ProxLoss=0.0000
2026-03-19 01:09:18,449 - Server_DefaultID - INFO - Training client 6 (4/30)...
2026-03-19 01:09:19,448 - Server_DefaultID - INFO - Client 6: Acc=64.79, Loss=-343.5298, NLL=-1161.2569, KL=14.8206, AvgS=499.78, ProxLoss=0.0000
2026-03-19 01:09:19,448 - Server_DefaultID - INFO - Training client 43 (5/30)...
2026-03-19 01:09:22,293 - Server_DefaultID - INFO - Client 43: Acc=85.17, Loss=-343.6105, NLL=-1161.6912, KL=14.8940, AvgS=499.97, ProxLoss=0.0000
2026-03-19 01:09:22,293 - Server_DefaultID - INFO - Training client 62 (6/30)...
2026-03-19 01:09:22,943 - Server_DefaultID - INFO - Client 62: Acc=72.66, Loss=-161.0293, NLL=-550.5344, KL=11.3497, AvgS=236.14, ProxLoss=0.0000
2026-03-19 01:09:22,943 - Server_DefaultID - INFO - Training client 33 (7/30)...
2026-03-19 01:09:24,900 - Server_DefaultID - INFO - Client 33: Acc=58.04, Loss=-345.1807, NLL=-1161.4684, KL=13.9532, AvgS=499.87, ProxLoss=0.0000
2026-03-19 01:09:24,900 - Server_DefaultID - INFO - Training client 60 (8/30)...
2026-03-19 01:09:25,806 - Server_DefaultID - INFO - Client 60: Acc=65.31, Loss=-342.8194, NLL=-1161.2489, KL=14.7305, AvgS=499.78, ProxLoss=0.0000
2026-03-19 01:09:25,806 - Server_DefaultID - INFO - Training client 84 (9/30)...
2026-03-19 01:09:26,294 - Server_DefaultID - INFO - Client 84: Acc=62.64, Loss=-48.5539, NLL=-171.8636, KL=7.2580, AvgS=74.09, ProxLoss=0.0000
2026-03-19 01:09:26,294 - Server_DefaultID - INFO - Training client 28 (10/30)...
2026-03-19 01:09:26,711 - Server_DefaultID - INFO - Client 28: Acc=50.94, Loss=-132.4664, NLL=-456.5185, KL=10.4560, AvgS=195.73, ProxLoss=0.0000
2026-03-19 01:09:26,711 - Server_DefaultID - INFO - Training client 92 (11/30)...
2026-03-19 01:09:28,920 - Server_DefaultID - INFO - Client 92: Acc=95.16, Loss=-343.8711, NLL=-1161.3824, KL=14.7297, AvgS=499.83, ProxLoss=0.0000
2026-03-19 01:09:28,920 - Server_DefaultID - INFO - Training client 16 (12/30)...
2026-03-19 01:09:29,589 - Server_DefaultID - INFO - Client 16: Acc=51.25, Loss=-337.7536, NLL=-1146.3788, KL=14.7627, AvgS=493.35, ProxLoss=0.0000
2026-03-19 01:09:29,589 - Server_DefaultID - INFO - Training client 67 (13/30)...
2026-03-19 01:09:31,211 - Server_DefaultID - INFO - Client 67: Acc=70.42, Loss=-344.4501, NLL=-1161.3050, KL=14.6418, AvgS=499.80, ProxLoss=0.0000
2026-03-19 01:09:31,211 - Server_DefaultID - INFO - Training client 96 (14/30)...
2026-03-19 01:09:33,428 - Server_DefaultID - INFO - Client 96: Acc=87.85, Loss=-343.7812, NLL=-1161.4980, KL=14.7566, AvgS=499.88, ProxLoss=0.0000
2026-03-19 01:09:33,428 - Server_DefaultID - INFO - Training client 74 (15/30)...
2026-03-19 01:09:34,563 - Server_DefaultID - INFO - Client 74: Acc=59.92, Loss=-343.6542, NLL=-1161.0322, KL=14.8210, AvgS=499.68, ProxLoss=0.0000
2026-03-19 01:09:34,563 - Server_DefaultID - INFO - Training client 23 (16/30)...
2026-03-19 01:09:34,970 - Server_DefaultID - INFO - Client 23: Acc=63.73, Loss=-97.0390, NLL=-337.0446, KL=9.6412, AvgS=144.54, ProxLoss=0.0000
2026-03-19 01:09:34,970 - Server_DefaultID - INFO - Training client 39 (17/30)...
2026-03-19 01:09:38,481 - Server_DefaultID - INFO - Client 39: Acc=76.54, Loss=-343.8975, NLL=-1161.7409, KL=14.8309, AvgS=499.99, ProxLoss=0.0000
2026-03-19 01:09:38,481 - Server_DefaultID - INFO - Training client 4 (18/30)...
2026-03-19 01:09:40,044 - Server_DefaultID - INFO - Client 4: Acc=75.78, Loss=-345.6092, NLL=-1161.7072, KL=13.8889, AvgS=499.97, ProxLoss=0.0000
2026-03-19 01:09:40,044 - Server_DefaultID - INFO - Training client 93 (19/30)...
2026-03-19 01:09:40,716 - Server_DefaultID - INFO - Client 93: Acc=47.03, Loss=-338.8371, NLL=-1145.5579, KL=14.4810, AvgS=493.00, ProxLoss=0.0000
2026-03-19 01:09:40,716 - Server_DefaultID - INFO - Training client 73 (20/30)...
2026-03-19 01:09:43,847 - Server_DefaultID - INFO - Client 73: Acc=86.35, Loss=-343.0731, NLL=-1161.6935, KL=14.7109, AvgS=499.97, ProxLoss=0.0000
2026-03-19 01:09:43,847 - Server_DefaultID - INFO - Training client 79 (21/30)...
2026-03-19 01:09:45,178 - Server_DefaultID - INFO - Client 79: Acc=93.44, Loss=-336.8544, NLL=-1146.9330, KL=14.4417, AvgS=493.59, ProxLoss=0.0000
2026-03-19 01:09:45,178 - Server_DefaultID - INFO - Training client 66 (22/30)...
2026-03-19 01:09:47,049 - Server_DefaultID - INFO - Client 66: Acc=87.95, Loss=-343.3927, NLL=-1161.7459, KL=14.8187, AvgS=499.99, ProxLoss=0.0000
2026-03-19 01:09:47,049 - Server_DefaultID - INFO - Training client 24 (23/30)...
2026-03-19 01:09:47,450 - Server_DefaultID - INFO - Client 24: Acc=56.56, Loss=-103.9667, NLL=-353.3761, KL=7.6093, AvgS=151.50, ProxLoss=0.0000
2026-03-19 01:09:47,451 - Server_DefaultID - INFO - Training client 51 (24/30)...
2026-03-19 01:09:48,057 - Server_DefaultID - INFO - Client 51: Acc=36.41, Loss=-332.0860, NLL=-1120.4588, KL=12.8559, AvgS=482.15, ProxLoss=0.0000
2026-03-19 01:09:48,057 - Server_DefaultID - INFO - Training client 83 (25/30)...
2026-03-19 01:09:50,608 - Server_DefaultID - INFO - Client 83: Acc=99.69, Loss=-341.5774, NLL=-1161.6358, KL=13.7513, AvgS=499.94, ProxLoss=0.0000
2026-03-19 01:09:50,608 - Server_DefaultID - INFO - Training client 89 (26/30)...
2026-03-19 01:09:54,080 - Server_DefaultID - INFO - Client 89: Acc=98.55, Loss=-342.1995, NLL=-1161.7257, KL=14.1504, AvgS=499.98, ProxLoss=0.0000
2026-03-19 01:09:54,080 - Server_DefaultID - INFO - Training client 69 (27/30)...
2026-03-19 01:09:54,798 - Server_DefaultID - INFO - Client 69: Acc=48.44, Loss=-328.5221, NLL=-1110.7344, KL=14.1955, AvgS=477.95, ProxLoss=0.0000
2026-03-19 01:09:54,798 - Server_DefaultID - INFO - Training client 27 (28/30)...
2026-03-19 01:09:55,782 - Server_DefaultID - INFO - Client 27: Acc=48.12, Loss=-344.6742, NLL=-1161.5714, KL=14.3792, AvgS=499.91, ProxLoss=0.0000
2026-03-19 01:09:55,782 - Server_DefaultID - INFO - Training client 36 (29/30)...
2026-03-19 01:10:01,440 - Server_DefaultID - INFO - Client 36: Acc=95.82, Loss=-342.6863, NLL=-1161.7355, KL=14.5406, AvgS=499.99, ProxLoss=0.0000
2026-03-19 01:10:01,440 - Server_DefaultID - INFO - Training client 72 (30/30)...
2026-03-19 01:10:02,543 - Server_DefaultID - INFO - Client 72: Acc=94.92, Loss=-343.1165, NLL=-1161.5080, KL=14.7399, AvgS=499.89, ProxLoss=0.0000
2026-03-19 01:10:02,889 - Server_DefaultID - WARNING - Global prior extremely imbalanced (max/min=1.0), applied adaptive smoothing lam=0.10.
2026-03-19 01:10:02,890 - Server_DefaultID - INFO - Round [24/200] Summary | Avg Client Train Stats:	Loss [-334.0857]	 Acc [82.87]	NLL [-1131.0452]	 KL [14.2802]	AvgS [486.75]	 ProxLoss [0.0000]
GlobalPriorAlpha (first 10): [5.0, 5.0, 5.0, 5.0, 5.0, 5.0, 5.0, 5.0, 5.0, 5.0]
Round Time: 50.25s
2026-03-19 01:10:02,893 - Server_DefaultID - INFO - --- Global Round 25/200 ---
2026-03-19 01:10:02,893 - Server_DefaultID - INFO - Selected 30 active clients for round 25.
2026-03-19 01:10:02,893 - Server_DefaultID - INFO - Training client 80 (1/30)...
2026-03-19 01:10:03,349 - Server_DefaultID - INFO - Client 80: Acc=65.00, Loss=-158.0503, NLL=-538.4951, KL=11.2527, AvgS=231.02, ProxLoss=0.0000
2026-03-19 01:10:03,349 - Server_DefaultID - INFO - Training client 57 (2/30)...
2026-03-19 01:10:07,514 - Server_DefaultID - INFO - Client 57: Acc=95.07, Loss=-343.3433, NLL=-1161.7592, KL=14.7253, AvgS=500.00, ProxLoss=0.0000
2026-03-19 01:10:07,514 - Server_DefaultID - INFO - Training client 35 (3/30)...
2026-03-19 01:10:08,403 - Server_DefaultID - INFO - Client 35: Acc=55.73, Loss=-344.7503, NLL=-1161.0015, KL=14.1572, AvgS=499.67, ProxLoss=0.0000
2026-03-19 01:10:08,404 - Server_DefaultID - INFO - Training client 49 (4/30)...
2026-03-19 01:10:10,375 - Server_DefaultID - INFO - Client 49: Acc=87.19, Loss=-343.5527, NLL=-1161.6564, KL=14.8937, AvgS=499.95, ProxLoss=0.0000
2026-03-19 01:10:10,375 - Server_DefaultID - INFO - Training client 46 (5/30)...
2026-03-19 01:10:12,554 - Server_DefaultID - INFO - Client 46: Acc=86.41, Loss=-343.4574, NLL=-1161.2367, KL=14.8317, AvgS=499.77, ProxLoss=0.0000
2026-03-19 01:10:12,554 - Server_DefaultID - INFO - Training client 78 (6/30)...
2026-03-19 01:10:21,141 - Server_DefaultID - INFO - Client 78: Acc=95.47, Loss=-343.8002, NLL=-1161.7414, KL=14.7376, AvgS=499.99, ProxLoss=0.0000
2026-03-19 01:10:21,141 - Server_DefaultID - INFO - Training client 66 (7/30)...
2026-03-19 01:10:22,876 - Server_DefaultID - INFO - Client 66: Acc=88.17, Loss=-343.3517, NLL=-1161.7421, KL=14.8186, AvgS=499.99, ProxLoss=0.0000
2026-03-19 01:10:22,876 - Server_DefaultID - INFO - Training client 42 (8/30)...
2026-03-19 01:10:24,521 - Server_DefaultID - INFO - Client 42: Acc=90.73, Loss=-343.6583, NLL=-1161.6145, KL=14.7643, AvgS=499.93, ProxLoss=0.0000
2026-03-19 01:10:24,522 - Server_DefaultID - INFO - Training client 74 (9/30)...
2026-03-19 01:10:25,489 - Server_DefaultID - INFO - Client 74: Acc=58.05, Loss=-343.5973, NLL=-1161.1679, KL=14.8332, AvgS=499.74, ProxLoss=0.0000
2026-03-19 01:10:25,489 - Server_DefaultID - INFO - Training client 22 (10/30)...
2026-03-19 01:10:26,166 - Server_DefaultID - INFO - Client 22: Acc=49.69, Loss=-152.7213, NLL=-524.3802, KL=11.1595, AvgS=224.96, ProxLoss=0.0000
2026-03-19 01:10:26,166 - Server_DefaultID - INFO - Training client 50 (11/30)...
2026-03-19 01:10:30,526 - Server_DefaultID - INFO - Client 50: Acc=97.47, Loss=-342.6748, NLL=-1161.7240, KL=14.4598, AvgS=499.98, ProxLoss=0.0000
2026-03-19 01:10:30,526 - Server_DefaultID - INFO - Training client 99 (12/30)...
2026-03-19 01:10:30,956 - Server_DefaultID - INFO - Client 99: Acc=40.62, Loss=-117.3288, NLL=-398.5467, KL=7.2110, AvgS=170.85, ProxLoss=0.0000
2026-03-19 01:10:30,957 - Server_DefaultID - INFO - Training client 44 (13/30)...
2026-03-19 01:10:33,151 - Server_DefaultID - INFO - Client 44: Acc=88.72, Loss=-343.4313, NLL=-1161.4965, KL=14.8666, AvgS=499.88, ProxLoss=0.0000
2026-03-19 01:10:33,151 - Server_DefaultID - INFO - Training client 33 (14/30)...
2026-03-19 01:10:34,908 - Server_DefaultID - INFO - Client 33: Acc=58.88, Loss=-345.1988, NLL=-1161.7052, KL=14.0538, AvgS=499.97, ProxLoss=0.0000
2026-03-19 01:10:34,908 - Server_DefaultID - INFO - Training client 71 (15/30)...
2026-03-19 01:10:35,520 - Server_DefaultID - INFO - Client 71: Acc=67.19, Loss=-203.0018, NLL=-690.7489, KL=12.2702, AvgS=296.59, ProxLoss=0.0000
2026-03-19 01:10:35,520 - Server_DefaultID - INFO - Training client 89 (16/30)...
2026-03-19 01:10:38,797 - Server_DefaultID - INFO - Client 89: Acc=98.55, Loss=-342.1013, NLL=-1161.7442, KL=14.1086, AvgS=499.99, ProxLoss=0.0000
2026-03-19 01:10:38,798 - Server_DefaultID - INFO - Training client 0 (17/30)...
2026-03-19 01:10:39,300 - Server_DefaultID - INFO - Client 0: Acc=30.94, Loss=-333.3785, NLL=-1127.2908, KL=14.5415, AvgS=485.11, ProxLoss=0.0000
2026-03-19 01:10:39,301 - Server_DefaultID - INFO - Training client 96 (18/30)...
2026-03-19 01:10:41,531 - Server_DefaultID - INFO - Client 96: Acc=86.70, Loss=-343.7714, NLL=-1161.6528, KL=14.6772, AvgS=499.95, ProxLoss=0.0000
2026-03-19 01:10:41,531 - Server_DefaultID - INFO - Training client 3 (19/30)...
2026-03-19 01:10:43,103 - Server_DefaultID - INFO - Client 3: Acc=60.21, Loss=-345.1910, NLL=-1161.1584, KL=13.6204, AvgS=499.74, ProxLoss=0.0000
2026-03-19 01:10:43,103 - Server_DefaultID - INFO - Training client 27 (20/30)...
2026-03-19 01:10:44,017 - Server_DefaultID - INFO - Client 27: Acc=53.33, Loss=-344.6632, NLL=-1161.6162, KL=14.3698, AvgS=499.93, ProxLoss=0.0000
2026-03-19 01:10:44,017 - Server_DefaultID - INFO - Training client 86 (21/30)...
2026-03-19 01:10:45,406 - Server_DefaultID - INFO - Client 86: Acc=78.81, Loss=-343.6737, NLL=-1161.4017, KL=14.7386, AvgS=499.84, ProxLoss=0.0000
2026-03-19 01:10:45,406 - Server_DefaultID - INFO - Training client 36 (22/30)...
2026-03-19 01:10:52,025 - Server_DefaultID - INFO - Client 36: Acc=96.09, Loss=-342.6638, NLL=-1161.7230, KL=14.5471, AvgS=499.98, ProxLoss=0.0000
2026-03-19 01:10:52,025 - Server_DefaultID - INFO - Training client 23 (23/30)...
2026-03-19 01:10:52,465 - Server_DefaultID - INFO - Client 23: Acc=62.37, Loss=-115.9165, NLL=-401.1696, KL=10.3575, AvgS=172.00, ProxLoss=0.0000
2026-03-19 01:10:52,465 - Server_DefaultID - INFO - Training client 53 (24/30)...
2026-03-19 01:10:55,005 - Server_DefaultID - INFO - Client 53: Acc=96.34, Loss=-342.8691, NLL=-1161.3308, KL=14.6377, AvgS=499.81, ProxLoss=0.0000
2026-03-19 01:10:55,005 - Server_DefaultID - INFO - Training client 25 (25/30)...
2026-03-19 01:10:55,811 - Server_DefaultID - INFO - Client 25: Acc=87.19, Loss=-317.9907, NLL=-1079.4885, KL=14.3360, AvgS=464.44, ProxLoss=0.0000
2026-03-19 01:10:55,811 - Server_DefaultID - INFO - Training client 91 (26/30)...
2026-03-19 01:10:56,786 - Server_DefaultID - INFO - Client 91: Acc=83.54, Loss=-342.3420, NLL=-1161.5806, KL=14.5126, AvgS=499.92, ProxLoss=0.0000
2026-03-19 01:10:56,786 - Server_DefaultID - INFO - Training client 92 (27/30)...
2026-03-19 01:10:57,878 - Server_DefaultID - INFO - Client 92: Acc=95.23, Loss=-343.7705, NLL=-1161.7529, KL=14.7799, AvgS=499.99, ProxLoss=0.0000
2026-03-19 01:10:57,878 - Server_DefaultID - INFO - Training client 18 (28/30)...
2026-03-19 01:11:01,657 - Server_DefaultID - INFO - Client 18: Acc=87.65, Loss=-344.0418, NLL=-1161.7520, KL=14.8006, AvgS=499.99, ProxLoss=0.0000
2026-03-19 01:11:01,658 - Server_DefaultID - INFO - Training client 47 (29/30)...
2026-03-19 01:11:03,309 - Server_DefaultID - INFO - Client 47: Acc=64.48, Loss=-345.2127, NLL=-1161.6358, KL=14.1453, AvgS=499.94, ProxLoss=0.0000
2026-03-19 01:11:03,309 - Server_DefaultID - INFO - Training client 75 (30/30)...
2026-03-19 01:11:05,427 - Server_DefaultID - INFO - Client 75: Acc=91.02, Loss=-342.7786, NLL=-1161.7262, KL=14.5970, AvgS=499.98, ProxLoss=0.0000
2026-03-19 01:11:05,726 - Server_DefaultID - WARNING - Global prior extremely imbalanced (max/min=1.0), applied adaptive smoothing lam=0.10.
2026-03-19 01:11:05,726 - Server_DefaultID - INFO - Round [25/200] Summary | Avg Client Train Stats:	Loss [-335.9123]	 Acc [86.77]	NLL [-1136.3921]	 KL [14.4328]	AvgS [489.05]	 ProxLoss [0.0000]
GlobalPriorAlpha (first 10): [5.0, 5.0, 5.0, 5.0, 5.0, 5.0, 5.0, 5.0, 5.0, 5.0]
Round Time: 62.83s
2026-03-19 01:11:05,728 - Server_DefaultID - INFO - --- Global Round 26/200 ---
2026-03-19 01:11:05,729 - Server_DefaultID - INFO - Selected 30 active clients for round 26.
2026-03-19 01:11:05,729 - Server_DefaultID - INFO - Training client 89 (1/30)...
2026-03-19 01:11:09,288 - Server_DefaultID - INFO - Client 89: Acc=98.55, Loss=-342.1723, NLL=-1161.7611, KL=14.1850, AvgS=500.00, ProxLoss=0.0000
2026-03-19 01:11:09,288 - Server_DefaultID - INFO - Training client 46 (2/30)...
2026-03-19 01:11:11,368 - Server_DefaultID - INFO - Client 46: Acc=86.64, Loss=-343.7408, NLL=-1161.6494, KL=14.8660, AvgS=499.95, ProxLoss=0.0000
2026-03-19 01:11:11,368 - Server_DefaultID - INFO - Training client 3 (3/30)...
2026-03-19 01:11:13,130 - Server_DefaultID - INFO - Client 3: Acc=64.11, Loss=-345.6313, NLL=-1161.7017, KL=13.5461, AvgS=499.97, ProxLoss=0.0000
2026-03-19 01:11:13,130 - Server_DefaultID - INFO - Training client 97 (4/30)...
2026-03-19 01:11:19,136 - Server_DefaultID - INFO - Client 97: Acc=99.56, Loss=-341.6258, NLL=-1161.7661, KL=13.8057, AvgS=500.00, ProxLoss=0.0000
2026-03-19 01:11:19,136 - Server_DefaultID - INFO - Training client 14 (5/30)...
2026-03-19 01:11:21,566 - Server_DefaultID - INFO - Client 14: Acc=88.40, Loss=-342.2897, NLL=-1161.4716, KL=14.5118, AvgS=499.87, ProxLoss=0.0000
2026-03-19 01:11:21,566 - Server_DefaultID - INFO - Training client 85 (6/30)...
2026-03-19 01:11:25,642 - Server_DefaultID - INFO - Client 85: Acc=99.77, Loss=-341.4646, NLL=-1161.7538, KL=13.6886, AvgS=499.99, ProxLoss=0.0000
2026-03-19 01:11:25,642 - Server_DefaultID - INFO - Training client 48 (7/30)...
2026-03-19 01:11:29,775 - Server_DefaultID - INFO - Client 48: Acc=86.78, Loss=-343.8919, NLL=-1161.7359, KL=14.8483, AvgS=499.99, ProxLoss=0.0000
2026-03-19 01:11:29,775 - Server_DefaultID - INFO - Training client 99 (8/30)...
2026-03-19 01:11:30,320 - Server_DefaultID - INFO - Client 99: Acc=42.50, Loss=-137.5743, NLL=-465.2516, KL=6.4913, AvgS=199.47, ProxLoss=0.0000
2026-03-19 01:11:30,320 - Server_DefaultID - INFO - Training client 84 (9/30)...
2026-03-19 01:11:30,761 - Server_DefaultID - INFO - Client 84: Acc=55.85, Loss=-63.2628, NLL=-222.4306, KL=8.0592, AvgS=95.49, ProxLoss=0.0000
2026-03-19 01:11:30,762 - Server_DefaultID - INFO - Training client 49 (10/30)...
2026-03-19 01:11:32,770 - Server_DefaultID - INFO - Client 49: Acc=87.72, Loss=-343.5702, NLL=-1161.7252, KL=14.8944, AvgS=499.98, ProxLoss=0.0000
2026-03-19 01:11:32,770 - Server_DefaultID - INFO - Training client 26 (11/30)...
2026-03-19 01:11:36,906 - Server_DefaultID - INFO - Client 26: Acc=96.18, Loss=-342.9331, NLL=-1161.7264, KL=14.6417, AvgS=499.98, ProxLoss=0.0000
2026-03-19 01:11:36,906 - Server_DefaultID - INFO - Training client 31 (12/30)...
2026-03-19 01:11:39,242 - Server_DefaultID - INFO - Client 31: Acc=78.37, Loss=-343.5576, NLL=-1161.7372, KL=14.8847, AvgS=499.99, ProxLoss=0.0000
2026-03-19 01:11:39,242 - Server_DefaultID - INFO - Training client 57 (13/30)...
2026-03-19 01:11:43,504 - Server_DefaultID - INFO - Client 57: Acc=95.07, Loss=-343.4016, NLL=-1161.7669, KL=14.7702, AvgS=500.00, ProxLoss=0.0000
2026-03-19 01:11:43,504 - Server_DefaultID - INFO - Training client 91 (14/30)...
2026-03-19 01:11:44,410 - Server_DefaultID - INFO - Client 91: Acc=89.06, Loss=-341.8813, NLL=-1160.7441, KL=14.5064, AvgS=499.56, ProxLoss=0.0000
2026-03-19 01:11:44,410 - Server_DefaultID - INFO - Training client 19 (15/30)...
2026-03-19 01:11:47,755 - Server_DefaultID - INFO - Client 19: Acc=95.60, Loss=-342.4113, NLL=-1161.7470, KL=14.4464, AvgS=499.99, ProxLoss=0.0000
2026-03-19 01:11:47,755 - Server_DefaultID - INFO - Training client 80 (16/30)...
2026-03-19 01:11:48,161 - Server_DefaultID - INFO - Client 80: Acc=52.19, Loss=-178.4722, NLL=-609.9609, KL=12.0837, AvgS=261.79, ProxLoss=0.0000
2026-03-19 01:11:48,161 - Server_DefaultID - INFO - Training client 90 (17/30)...
2026-03-19 01:11:50,428 - Client_90 - WARNING - Client 90: Too few classes (1) or samples (592) for alpha report, returning uniform.
2026-03-19 01:11:50,428 - Server_DefaultID - INFO - Client 90: Acc=100.00, Loss=-341.2455, NLL=-1161.6971, KL=13.5613, AvgS=499.97, ProxLoss=0.0000
2026-03-19 01:11:50,428 - Server_DefaultID - INFO - Training client 16 (18/30)...
2026-03-19 01:11:51,076 - Server_DefaultID - INFO - Client 16: Acc=50.00, Loss=-342.1505, NLL=-1159.6224, KL=14.8804, AvgS=499.07, ProxLoss=0.0000
2026-03-19 01:11:51,076 - Server_DefaultID - INFO - Training client 23 (19/30)...
2026-03-19 01:11:51,499 - Server_DefaultID - INFO - Client 23: Acc=71.53, Loss=-132.9402, NLL=-458.1572, KL=10.9033, AvgS=196.46, ProxLoss=0.0000
2026-03-19 01:11:51,499 - Server_DefaultID - INFO - Training client 35 (20/30)...
2026-03-19 01:11:52,458 - Server_DefaultID - INFO - Client 35: Acc=64.90, Loss=-344.7360, NLL=-1161.2813, KL=14.2431, AvgS=499.79, ProxLoss=0.0000
2026-03-19 01:11:52,458 - Server_DefaultID - INFO - Training client 7 (21/30)...
2026-03-19 01:11:54,080 - Server_DefaultID - INFO - Client 7: Acc=45.16, Loss=-343.7560, NLL=-1161.6228, KL=14.7586, AvgS=499.94, ProxLoss=0.0000
2026-03-19 01:11:54,080 - Server_DefaultID - INFO - Training client 76 (22/30)...
2026-03-19 01:11:56,199 - Server_DefaultID - INFO - Client 76: Acc=80.35, Loss=-345.5778, NLL=-1161.6946, KL=13.8203, AvgS=499.97, ProxLoss=0.0000
2026-03-19 01:11:56,199 - Server_DefaultID - INFO - Training client 92 (23/30)...
2026-03-19 01:11:58,262 - Server_DefaultID - INFO - Client 92: Acc=95.23, Loss=-343.5106, NLL=-1161.6147, KL=14.7459, AvgS=499.93, ProxLoss=0.0000
2026-03-19 01:11:58,262 - Server_DefaultID - INFO - Training client 61 (24/30)...
2026-03-19 01:11:59,560 - Server_DefaultID - INFO - Client 61: Acc=71.19, Loss=-345.6390, NLL=-1161.6190, KL=13.5622, AvgS=499.93, ProxLoss=0.0000
2026-03-19 01:11:59,560 - Server_DefaultID - INFO - Training client 43 (25/30)...
2026-03-19 01:12:02,504 - Server_DefaultID - INFO - Client 43: Acc=85.94, Loss=-343.5638, NLL=-1161.7502, KL=14.8948, AvgS=499.99, ProxLoss=0.0000
2026-03-19 01:12:02,504 - Server_DefaultID - INFO - Training client 53 (26/30)...
2026-03-19 01:12:05,143 - Server_DefaultID - INFO - Client 53: Acc=95.88, Loss=-342.9887, NLL=-1161.6554, KL=14.6225, AvgS=499.95, ProxLoss=0.0000
2026-03-19 01:12:05,143 - Server_DefaultID - INFO - Training client 73 (27/30)...
2026-03-19 01:12:08,415 - Server_DefaultID - INFO - Client 73: Acc=88.15, Loss=-343.0473, NLL=-1161.7394, KL=14.6946, AvgS=499.99, ProxLoss=0.0000
2026-03-19 01:12:08,415 - Server_DefaultID - INFO - Training client 86 (28/30)...
2026-03-19 01:12:09,892 - Server_DefaultID - INFO - Client 86: Acc=81.62, Loss=-343.5625, NLL=-1161.6618, KL=14.7411, AvgS=499.95, ProxLoss=0.0000
2026-03-19 01:12:09,893 - Server_DefaultID - INFO - Training client 62 (29/30)...
2026-03-19 01:12:10,566 - Server_DefaultID - INFO - Client 62: Acc=72.66, Loss=-202.8137, NLL=-691.3395, KL=12.3243, AvgS=296.83, ProxLoss=0.0000
2026-03-19 01:12:10,566 - Server_DefaultID - INFO - Training client 95 (30/30)...
2026-03-19 01:12:12,861 - Server_DefaultID - INFO - Client 95: Acc=59.55, Loss=-342.5808, NLL=-1161.6114, KL=14.6481, AvgS=499.93, ProxLoss=0.0000
2026-03-19 01:12:13,102 - Server_DefaultID - WARNING - Global prior extremely imbalanced (max/min=1.0), applied adaptive smoothing lam=0.10.
2026-03-19 01:12:13,103 - Server_DefaultID - INFO - Round [26/200] Summary | Avg Client Train Stats:	Loss [-337.8705]	 Acc [87.08]	NLL [-1144.3259]	 KL [14.3010]	AvgS [492.47]	 ProxLoss [0.0000]
GlobalPriorAlpha (first 10): [5.0, 5.0, 5.0, 5.0, 5.0, 5.0, 5.0, 5.0, 5.0, 5.0]
Round Time: 67.37s
2026-03-19 01:12:13,110 - Server_DefaultID - INFO - --- Global Round 27/200 ---
2026-03-19 01:12:13,112 - Server_DefaultID - INFO - Selected 30 active clients for round 27.
2026-03-19 01:12:13,112 - Server_DefaultID - INFO - Training client 75 (1/30)...
2026-03-19 01:12:15,354 - Server_DefaultID - INFO - Client 75: Acc=90.74, Loss=-342.6734, NLL=-1161.7041, KL=14.6090, AvgS=499.97, ProxLoss=0.0000
2026-03-19 01:12:15,354 - Server_DefaultID - INFO - Training client 57 (2/30)...
2026-03-19 01:12:19,812 - Server_DefaultID - INFO - Client 57: Acc=95.48, Loss=-343.4147, NLL=-1161.7572, KL=14.7957, AvgS=499.99, ProxLoss=0.0000
2026-03-19 01:12:19,812 - Server_DefaultID - INFO - Training client 91 (3/30)...
2026-03-19 01:12:20,755 - Server_DefaultID - INFO - Client 91: Acc=92.60, Loss=-342.3703, NLL=-1161.6583, KL=14.5136, AvgS=499.95, ProxLoss=0.0000
2026-03-19 01:12:20,755 - Server_DefaultID - INFO - Training client 34 (4/30)...
2026-03-19 01:12:21,650 - Server_DefaultID - INFO - Client 34: Acc=69.17, Loss=-344.5823, NLL=-1161.6896, KL=14.6021, AvgS=499.97, ProxLoss=0.0000
2026-03-19 01:12:21,650 - Server_DefaultID - INFO - Training client 31 (5/30)...
2026-03-19 01:12:23,915 - Server_DefaultID - INFO - Client 31: Acc=78.78, Loss=-343.4975, NLL=-1161.6282, KL=14.8808, AvgS=499.94, ProxLoss=0.0000
2026-03-19 01:12:23,915 - Server_DefaultID - INFO - Training client 20 (6/30)...
2026-03-19 01:12:25,490 - Server_DefaultID - INFO - Client 20: Acc=63.33, Loss=-345.8623, NLL=-1161.6030, KL=13.0451, AvgS=499.93, ProxLoss=0.0000
2026-03-19 01:12:25,491 - Server_DefaultID - INFO - Training client 35 (7/30)...
2026-03-19 01:12:26,323 - Server_DefaultID - INFO - Client 35: Acc=64.90, Loss=-344.4751, NLL=-1160.9352, KL=14.3885, AvgS=499.64, ProxLoss=0.0000
2026-03-19 01:12:26,323 - Server_DefaultID - INFO - Training client 14 (8/30)...
2026-03-19 01:12:28,698 - Server_DefaultID - INFO - Client 14: Acc=91.04, Loss=-342.3875, NLL=-1161.6656, KL=14.5136, AvgS=499.96, ProxLoss=0.0000
2026-03-19 01:12:28,698 - Server_DefaultID - INFO - Training client 39 (9/30)...
2026-03-19 01:12:33,578 - Server_DefaultID - INFO - Client 39: Acc=77.83, Loss=-343.7429, NLL=-1161.7007, KL=14.8188, AvgS=499.97, ProxLoss=0.0000
2026-03-19 01:12:33,578 - Server_DefaultID - INFO - Training client 48 (10/30)...
2026-03-19 01:12:37,836 - Server_DefaultID - INFO - Client 48: Acc=86.56, Loss=-343.8759, NLL=-1161.7504, KL=14.8356, AvgS=499.99, ProxLoss=0.0000
2026-03-19 01:12:37,836 - Server_DefaultID - INFO - Training client 51 (11/30)...
2026-03-19 01:12:38,474 - Server_DefaultID - INFO - Client 51: Acc=48.12, Loss=-340.8111, NLL=-1148.9936, KL=12.9522, AvgS=494.48, ProxLoss=0.0000
2026-03-19 01:12:38,474 - Server_DefaultID - INFO - Training client 72 (12/30)...
2026-03-19 01:12:39,574 - Server_DefaultID - INFO - Client 72: Acc=95.16, Loss=-343.1322, NLL=-1161.7699, KL=14.7428, AvgS=500.00, ProxLoss=0.0000
2026-03-19 01:12:39,574 - Server_DefaultID - INFO - Training client 41 (13/30)...
2026-03-19 01:12:41,766 - Server_DefaultID - INFO - Client 41: Acc=83.12, Loss=-342.9905, NLL=-1161.7363, KL=14.7301, AvgS=499.99, ProxLoss=0.0000
2026-03-19 01:12:41,767 - Server_DefaultID - INFO - Training client 95 (14/30)...
2026-03-19 01:12:44,053 - Server_DefaultID - INFO - Client 95: Acc=68.85, Loss=-342.4980, NLL=-1161.4782, KL=14.6469, AvgS=499.87, ProxLoss=0.0000
2026-03-19 01:12:44,053 - Server_DefaultID - INFO - Training client 36 (15/30)...
2026-03-19 01:12:49,646 - Server_DefaultID - INFO - Client 36: Acc=96.79, Loss=-342.5710, NLL=-1161.7161, KL=14.5438, AvgS=499.98, ProxLoss=0.0000
2026-03-19 01:12:49,646 - Server_DefaultID - INFO - Training client 78 (16/30)...
2026-03-19 01:12:56,706 - Server_DefaultID - INFO - Client 78: Acc=95.29, Loss=-343.6707, NLL=-1161.7555, KL=14.7268, AvgS=499.99, ProxLoss=0.0000
2026-03-19 01:12:56,706 - Server_DefaultID - INFO - Training client 94 (17/30)...
2026-03-19 01:12:59,465 - Server_DefaultID - INFO - Client 94: Acc=80.45, Loss=-343.5782, NLL=-1161.6871, KL=14.8471, AvgS=499.96, ProxLoss=0.0000
2026-03-19 01:12:59,465 - Server_DefaultID - INFO - Training client 50 (18/30)...
2026-03-19 01:13:05,154 - Server_DefaultID - INFO - Client 50: Acc=97.38, Loss=-342.5336, NLL=-1161.7273, KL=14.4519, AvgS=499.98, ProxLoss=0.0000
2026-03-19 01:13:05,154 - Server_DefaultID - INFO - Training client 84 (19/30)...
2026-03-19 01:13:05,624 - Server_DefaultID - INFO - Client 84: Acc=49.43, Loss=-79.4876, NLL=-277.9825, KL=8.8768, AvgS=119.13, ProxLoss=0.0000
2026-03-19 01:13:05,624 - Server_DefaultID - INFO - Training client 58 (20/30)...
2026-03-19 01:13:07,574 - Server_DefaultID - INFO - Client 58: Acc=78.17, Loss=-342.3891, NLL=-1161.7694, KL=14.5471, AvgS=500.00, ProxLoss=0.0000
2026-03-19 01:13:07,574 - Server_DefaultID - INFO - Training client 44 (21/30)...
2026-03-19 01:13:09,999 - Server_DefaultID - INFO - Client 44: Acc=91.81, Loss=-343.2884, NLL=-1161.5793, KL=14.8336, AvgS=499.92, ProxLoss=0.0000
2026-03-19 01:13:09,999 - Server_DefaultID - INFO - Training client 30 (22/30)...
2026-03-19 01:13:12,110 - Server_DefaultID - INFO - Client 30: Acc=91.91, Loss=-342.3500, NLL=-1161.5940, KL=14.5129, AvgS=499.92, ProxLoss=0.0000
2026-03-19 01:13:12,110 - Server_DefaultID - INFO - Training client 38 (23/30)...
2026-03-19 01:13:12,744 - Server_DefaultID - INFO - Client 38: Acc=49.84, Loss=-338.4606, NLL=-1139.1560, KL=12.4154, AvgS=490.24, ProxLoss=0.0000
2026-03-19 01:13:12,744 - Server_DefaultID - INFO - Training client 71 (24/30)...
2026-03-19 01:13:13,400 - Server_DefaultID - INFO - Client 71: Acc=69.53, Loss=-251.5617, NLL=-853.2276, KL=13.1120, AvgS=366.71, ProxLoss=0.0000
2026-03-19 01:13:13,400 - Server_DefaultID - INFO - Training client 85 (25/30)...
2026-03-19 01:13:16,453 - Server_DefaultID - INFO - Client 85: Acc=99.77, Loss=-341.4507, NLL=-1161.7600, KL=13.7045, AvgS=500.00, ProxLoss=0.0000
2026-03-19 01:13:16,453 - Server_DefaultID - INFO - Training client 90 (26/30)...
2026-03-19 01:13:18,819 - Client_90 - WARNING - Client 90: Too few classes (1) or samples (592) for alpha report, returning uniform.
2026-03-19 01:13:18,819 - Server_DefaultID - INFO - Client 90: Acc=100.00, Loss=-341.2559, NLL=-1161.7568, KL=13.5617, AvgS=499.99, ProxLoss=0.0000
2026-03-19 01:13:18,819 - Server_DefaultID - INFO - Training client 98 (27/30)...
2026-03-19 01:13:19,767 - Server_DefaultID - INFO - Client 98: Acc=87.81, Loss=-342.2487, NLL=-1161.5225, KL=14.5122, AvgS=499.89, ProxLoss=0.0000
2026-03-19 01:13:19,767 - Server_DefaultID - INFO - Training client 77 (28/30)...
2026-03-19 01:13:23,615 - Server_DefaultID - INFO - Client 77: Acc=92.25, Loss=-343.4113, NLL=-1161.7158, KL=14.8310, AvgS=499.98, ProxLoss=0.0000
2026-03-19 01:13:23,615 - Server_DefaultID - INFO - Training client 15 (29/30)...
2026-03-19 01:13:24,345 - Server_DefaultID - INFO - Client 15: Acc=40.47, Loss=-343.3123, NLL=-1160.5094, KL=14.7093, AvgS=499.46, ProxLoss=0.0000
2026-03-19 01:13:24,345 - Server_DefaultID - INFO - Training client 16 (30/30)...
2026-03-19 01:13:25,005 - Server_DefaultID - INFO - Client 16: Acc=58.91, Loss=-342.8291, NLL=-1161.1901, KL=14.8896, AvgS=499.75, ProxLoss=0.0000
2026-03-19 01:13:25,284 - Server_DefaultID - WARNING - Global prior extremely imbalanced (max/min=1.0), applied adaptive smoothing lam=0.10.
2026-03-19 01:13:25,285 - Server_DefaultID - INFO - Round [27/200] Summary | Avg Client Train Stats:	Loss [-341.3339]	 Acc [87.34]	NLL [-1155.7256]	 KL [14.5050]	AvgS [497.39]	 ProxLoss [0.0000]
GlobalPriorAlpha (first 10): [5.0, 5.0, 5.0, 5.0, 5.0, 5.0, 5.0, 5.0, 5.0, 5.0]
Round Time: 72.17s
2026-03-19 01:13:25,288 - Server_DefaultID - INFO - --- Global Round 28/200 ---
2026-03-19 01:13:25,288 - Server_DefaultID - INFO - Selected 30 active clients for round 28.
2026-03-19 01:13:25,289 - Server_DefaultID - INFO - Training client 98 (1/30)...
2026-03-19 01:13:26,221 - Server_DefaultID - INFO - Client 98: Acc=88.85, Loss=-342.2642, NLL=-1161.6767, KL=14.5136, AvgS=499.96, ProxLoss=0.0000
2026-03-19 01:13:26,222 - Server_DefaultID - INFO - Training client 77 (2/30)...
2026-03-19 01:13:29,881 - Server_DefaultID - INFO - Client 77: Acc=93.04, Loss=-343.4348, NLL=-1161.7148, KL=14.8564, AvgS=499.98, ProxLoss=0.0000
2026-03-19 01:13:29,881 - Server_DefaultID - INFO - Training client 15 (3/30)...
2026-03-19 01:13:30,565 - Server_DefaultID - INFO - Client 15: Acc=64.06, Loss=-343.5466, NLL=-1161.3004, KL=14.7807, AvgS=499.80, ProxLoss=0.0000
2026-03-19 01:13:30,565 - Server_DefaultID - INFO - Training client 82 (4/30)...
2026-03-19 01:13:32,027 - Server_DefaultID - INFO - Client 82: Acc=88.44, Loss=-343.2810, NLL=-1161.4995, KL=14.7934, AvgS=499.88, ProxLoss=0.0000
2026-03-19 01:13:32,027 - Server_DefaultID - INFO - Training client 25 (5/30)...
2026-03-19 01:13:32,720 - Server_DefaultID - INFO - Client 25: Acc=95.00, Loss=-338.6421, NLL=-1146.3116, KL=14.7570, AvgS=493.32, ProxLoss=0.0000
2026-03-19 01:13:32,720 - Server_DefaultID - INFO - Training client 95 (6/30)...
2026-03-19 01:13:35,009 - Server_DefaultID - INFO - Client 95: Acc=71.60, Loss=-342.5143, NLL=-1161.6397, KL=14.6484, AvgS=499.94, ProxLoss=0.0000
2026-03-19 01:13:35,009 - Server_DefaultID - INFO - Training client 18 (7/30)...
2026-03-19 01:13:39,779 - Server_DefaultID - INFO - Client 18: Acc=89.44, Loss=-343.9064, NLL=-1161.6982, KL=14.7891, AvgS=499.97, ProxLoss=0.0000
2026-03-19 01:13:39,779 - Server_DefaultID - INFO - Training client 88 (8/30)...
2026-03-19 01:13:41,412 - Server_DefaultID - INFO - Client 88: Acc=61.56, Loss=-344.4913, NLL=-1161.6248, KL=14.5381, AvgS=499.94, ProxLoss=0.0000
2026-03-19 01:13:41,412 - Server_DefaultID - INFO - Training client 73 (9/30)...
2026-03-19 01:13:44,680 - Server_DefaultID - INFO - Client 73: Acc=89.74, Loss=-342.9487, NLL=-1161.6654, KL=14.6939, AvgS=499.96, ProxLoss=0.0000
2026-03-19 01:13:44,680 - Server_DefaultID - INFO - Training client 14 (10/30)...
2026-03-19 01:13:47,092 - Server_DefaultID - INFO - Client 14: Acc=91.77, Loss=-342.3154, NLL=-1161.6059, KL=14.5132, AvgS=499.93, ProxLoss=0.0000
2026-03-19 01:13:47,092 - Server_DefaultID - INFO - Training client 70 (11/30)...
2026-03-19 01:13:48,520 - Server_DefaultID - INFO - Client 70: Acc=80.44, Loss=-342.6777, NLL=-1161.7324, KL=14.6118, AvgS=499.98, ProxLoss=0.0000
2026-03-19 01:13:48,520 - Server_DefaultID - INFO - Training client 47 (12/30)...
2026-03-19 01:13:50,193 - Server_DefaultID - INFO - Client 47: Acc=69.27, Loss=-345.1859, NLL=-1161.7078, KL=14.1156, AvgS=499.97, ProxLoss=0.0000
2026-03-19 01:13:50,193 - Server_DefaultID - INFO - Training client 50 (13/30)...
2026-03-19 01:13:54,940 - Server_DefaultID - INFO - Client 50: Acc=97.43, Loss=-342.6576, NLL=-1161.7534, KL=14.4941, AvgS=499.99, ProxLoss=0.0000
2026-03-19 01:13:54,940 - Server_DefaultID - INFO - Training client 81 (14/30)...
2026-03-19 01:13:56,880 - Server_DefaultID - INFO - Client 81: Acc=78.35, Loss=-343.5923, NLL=-1161.6502, KL=14.8650, AvgS=499.95, ProxLoss=0.0000
2026-03-19 01:13:56,880 - Server_DefaultID - INFO - Training client 90 (15/30)...
2026-03-19 01:13:59,223 - Client_90 - WARNING - Client 90: Too few classes (1) or samples (592) for alpha report, returning uniform.
2026-03-19 01:13:59,223 - Server_DefaultID - INFO - Client 90: Acc=100.00, Loss=-341.2043, NLL=-1161.7337, KL=13.5615, AvgS=499.98, ProxLoss=0.0000
2026-03-19 01:13:59,223 - Server_DefaultID - INFO - Training client 65 (16/30)...
2026-03-19 01:13:59,641 - Server_DefaultID - INFO - Client 65: Acc=43.75, Loss=-80.7897, NLL=-280.1113, KL=8.4734, AvgS=120.18, ProxLoss=0.0000
2026-03-19 01:13:59,641 - Server_DefaultID - INFO - Training client 40 (17/30)...
2026-03-19 01:14:01,349 - Server_DefaultID - INFO - Client 40: Acc=72.66, Loss=-345.2458, NLL=-1161.6828, KL=14.0788, AvgS=499.96, ProxLoss=0.0000
2026-03-19 01:14:01,349 - Server_DefaultID - INFO - Training client 68 (18/30)...
2026-03-19 01:14:03,745 - Server_DefaultID - INFO - Client 68: Acc=90.10, Loss=-342.3183, NLL=-1161.6450, KL=14.5135, AvgS=499.95, ProxLoss=0.0000
2026-03-19 01:14:03,745 - Server_DefaultID - INFO - Training client 3 (19/30)...
2026-03-19 01:14:05,468 - Server_DefaultID - INFO - Client 3: Acc=65.89, Loss=-345.5873, NLL=-1161.6788, KL=13.5506, AvgS=499.96, ProxLoss=0.0000
2026-03-19 01:14:05,468 - Server_DefaultID - INFO - Training client 46 (20/30)...
2026-03-19 01:14:07,497 - Server_DefaultID - INFO - Client 46: Acc=86.80, Loss=-343.4782, NLL=-1161.2853, KL=14.8659, AvgS=499.79, ProxLoss=0.0000
2026-03-19 01:14:07,497 - Server_DefaultID - INFO - Training client 91 (21/30)...
2026-03-19 01:14:08,388 - Server_DefaultID - INFO - Client 91: Acc=92.92, Loss=-342.3095, NLL=-1161.6063, KL=14.5130, AvgS=499.93, ProxLoss=0.0000
2026-03-19 01:14:08,389 - Server_DefaultID - INFO - Training client 33 (22/30)...
2026-03-19 01:14:11,206 - Server_DefaultID - INFO - Client 33: Acc=59.20, Loss=-345.1793, NLL=-1161.7238, KL=13.9604, AvgS=499.98, ProxLoss=0.0000
2026-03-19 01:14:11,206 - Server_DefaultID - INFO - Training client 62 (23/30)...
2026-03-19 01:14:11,883 - Server_DefaultID - INFO - Client 62: Acc=83.28, Loss=-247.9101, NLL=-843.1085, KL=13.2643, AvgS=362.33, ProxLoss=0.0000
2026-03-19 01:14:11,883 - Server_DefaultID - INFO - Training client 74 (24/30)...
2026-03-19 01:14:13,020 - Server_DefaultID - INFO - Client 74: Acc=56.88, Loss=-343.0031, NLL=-1160.6716, KL=14.8283, AvgS=499.53, ProxLoss=0.0000
2026-03-19 01:14:13,020 - Server_DefaultID - INFO - Training client 28 (25/30)...
2026-03-19 01:14:13,417 - Server_DefaultID - INFO - Client 28: Acc=50.31, Loss=-151.5793, NLL=-522.9282, KL=10.9469, AvgS=224.30, ProxLoss=0.0000
2026-03-19 01:14:13,417 - Server_DefaultID - INFO - Training client 26 (26/30)...
2026-03-19 01:14:17,697 - Server_DefaultID - INFO - Client 26: Acc=96.82, Loss=-342.8030, NLL=-1161.7616, KL=14.6062, AvgS=500.00, ProxLoss=0.0000
2026-03-19 01:14:17,698 - Server_DefaultID - INFO - Training client 34 (27/30)...
2026-03-19 01:14:18,612 - Server_DefaultID - INFO - Client 34: Acc=67.60, Loss=-344.5364, NLL=-1161.5178, KL=14.5288, AvgS=499.89, ProxLoss=0.0000
2026-03-19 01:14:18,612 - Server_DefaultID - INFO - Training client 64 (28/30)...
2026-03-19 01:14:19,032 - Server_DefaultID - INFO - Client 64: Acc=65.31, Loss=-155.2120, NLL=-531.0493, KL=11.3986, AvgS=227.84, ProxLoss=0.0000
2026-03-19 01:14:19,032 - Server_DefaultID - INFO - Training client 66 (29/30)...
2026-03-19 01:14:20,948 - Server_DefaultID - INFO - Client 66: Acc=88.17, Loss=-343.1606, NLL=-1161.7500, KL=14.7970, AvgS=499.99, ProxLoss=0.0000
2026-03-19 01:14:20,948 - Server_DefaultID - INFO - Training client 42 (30/30)...
2026-03-19 01:14:22,641 - Server_DefaultID - INFO - Client 42: Acc=90.68, Loss=-343.5872, NLL=-1161.7271, KL=14.7307, AvgS=499.98, ProxLoss=0.0000
2026-03-19 01:14:22,923 - Server_DefaultID - WARNING - Global prior extremely imbalanced (max/min=1.0), applied adaptive smoothing lam=0.10.
2026-03-19 01:14:22,923 - Server_DefaultID - INFO - Round [28/200] Summary | Avg Client Train Stats:	Loss [-337.8767]	 Acc [84.52]	NLL [-1143.5714]	 KL [14.4397]	AvgS [492.15]	 ProxLoss [0.0000]
GlobalPriorAlpha (first 10): [5.0, 5.0, 5.0, 5.0, 5.0, 5.0, 5.0, 5.0, 5.0, 5.0]
Round Time: 57.63s
2026-03-19 01:14:22,927 - Server_DefaultID - INFO - --- Global Round 29/200 ---
2026-03-19 01:14:22,928 - Server_DefaultID - INFO - Selected 30 active clients for round 29.
2026-03-19 01:14:22,928 - Server_DefaultID - INFO - Training client 36 (1/30)...
2026-03-19 01:14:28,761 - Server_DefaultID - INFO - Client 36: Acc=97.35, Loss=-342.5232, NLL=-1161.7537, KL=14.5475, AvgS=499.99, ProxLoss=0.0000
2026-03-19 01:14:28,762 - Server_DefaultID - INFO - Training client 2 (2/30)...
2026-03-19 01:14:31,155 - Server_DefaultID - INFO - Client 2: Acc=79.31, Loss=-343.5018, NLL=-1161.4063, KL=14.8518, AvgS=499.84, ProxLoss=0.0000
2026-03-19 01:14:31,155 - Server_DefaultID - INFO - Training client 30 (3/30)...
2026-03-19 01:14:33,364 - Server_DefaultID - INFO - Client 30: Acc=93.95, Loss=-342.2635, NLL=-1161.5246, KL=14.5125, AvgS=499.89, ProxLoss=0.0000
2026-03-19 01:14:33,364 - Server_DefaultID - INFO - Training client 46 (4/30)...
2026-03-19 01:14:35,476 - Server_DefaultID - INFO - Client 46: Acc=86.76, Loss=-343.5348, NLL=-1161.7270, KL=14.8685, AvgS=499.98, ProxLoss=0.0000
2026-03-19 01:14:35,476 - Server_DefaultID - INFO - Training client 43 (5/30)...
2026-03-19 01:14:38,159 - Server_DefaultID - INFO - Client 43: Acc=88.27, Loss=-343.4353, NLL=-1161.7037, KL=14.8942, AvgS=499.97, ProxLoss=0.0000
2026-03-19 01:14:38,160 - Server_DefaultID - INFO - Training client 76 (6/30)...
2026-03-19 01:14:40,162 - Server_DefaultID - INFO - Client 76: Acc=82.03, Loss=-345.3825, NLL=-1161.7363, KL=13.9434, AvgS=499.99, ProxLoss=0.0000
2026-03-19 01:14:40,162 - Server_DefaultID - INFO - Training client 87 (7/30)...
2026-03-19 01:14:42,031 - Server_DefaultID - INFO - Client 87: Acc=61.29, Loss=-345.5327, NLL=-1161.6184, KL=13.5793, AvgS=499.93, ProxLoss=0.0000
2026-03-19 01:14:42,031 - Server_DefaultID - INFO - Training client 41 (8/30)...
2026-03-19 01:14:45,150 - Server_DefaultID - INFO - Client 41: Acc=85.86, Loss=-342.9925, NLL=-1161.7544, KL=14.7493, AvgS=499.99, ProxLoss=0.0000
2026-03-19 01:14:45,150 - Server_DefaultID - INFO - Training client 90 (9/30)...
2026-03-19 01:14:47,454 - Client_90 - WARNING - Client 90: Too few classes (1) or samples (592) for alpha report, returning uniform.
2026-03-19 01:14:47,454 - Server_DefaultID - INFO - Client 90: Acc=100.00, Loss=-341.1168, NLL=-1161.6250, KL=13.5608, AvgS=499.94, ProxLoss=0.0000
2026-03-19 01:14:47,454 - Server_DefaultID - INFO - Training client 84 (10/30)...
2026-03-19 01:14:47,920 - Server_DefaultID - INFO - Client 84: Acc=43.77, Loss=-94.7610, NLL=-330.0780, KL=9.5193, AvgS=141.41, ProxLoss=0.0000
2026-03-19 01:14:47,920 - Server_DefaultID - INFO - Training client 74 (11/30)...
2026-03-19 01:14:49,191 - Server_DefaultID - INFO - Client 74: Acc=55.47, Loss=-343.7346, NLL=-1161.6893, KL=14.8331, AvgS=499.97, ProxLoss=0.0000
2026-03-19 01:14:49,192 - Server_DefaultID - INFO - Training client 42 (12/30)...
2026-03-19 01:14:50,784 - Server_DefaultID - INFO - Client 42: Acc=90.57, Loss=-343.6153, NLL=-1161.7591, KL=14.7785, AvgS=500.00, ProxLoss=0.0000
2026-03-19 01:14:50,784 - Server_DefaultID - INFO - Training client 54 (13/30)...
2026-03-19 01:14:51,489 - Server_DefaultID - INFO - Client 54: Acc=72.66, Loss=-153.2873, NLL=-528.0822, KL=11.3997, AvgS=226.59, ProxLoss=0.0000
2026-03-19 01:14:51,489 - Server_DefaultID - INFO - Training client 16 (14/30)...
2026-03-19 01:14:52,187 - Server_DefaultID - INFO - Client 16: Acc=51.88, Loss=-342.6758, NLL=-1161.2327, KL=14.8144, AvgS=499.77, ProxLoss=0.0000
2026-03-19 01:14:52,187 - Server_DefaultID - INFO - Training client 38 (15/30)...
2026-03-19 01:14:52,807 - Server_DefaultID - INFO - Client 38: Acc=47.66, Loss=-343.8387, NLL=-1157.4480, KL=12.7433, AvgS=498.13, ProxLoss=0.0000
2026-03-19 01:14:52,807 - Server_DefaultID - INFO - Training client 24 (16/30)...
2026-03-19 01:14:53,250 - Server_DefaultID - INFO - Client 24: Acc=60.94, Loss=-120.9578, NLL=-411.2240, KL=8.5810, AvgS=176.28, ProxLoss=0.0000
2026-03-19 01:14:53,250 - Server_DefaultID - INFO - Training client 44 (17/30)...
2026-03-19 01:14:55,509 - Server_DefaultID - INFO - Client 44: Acc=91.67, Loss=-343.2547, NLL=-1161.6078, KL=14.8430, AvgS=499.93, ProxLoss=0.0000
2026-03-19 01:14:55,509 - Server_DefaultID - INFO - Training client 62 (18/30)...
2026-03-19 01:14:56,220 - Server_DefaultID - INFO - Client 62: Acc=82.19, Loss=-294.1652, NLL=-997.8472, KL=13.8767, AvgS=429.18, ProxLoss=0.0000
2026-03-19 01:14:56,220 - Server_DefaultID - INFO - Training client 69 (19/30)...
2026-03-19 01:14:56,947 - Server_DefaultID - INFO - Client 69: Acc=54.84, Loss=-340.2758, NLL=-1149.5887, KL=14.3368, AvgS=494.74, ProxLoss=0.0000
2026-03-19 01:14:56,947 - Server_DefaultID - INFO - Training client 58 (20/30)...
2026-03-19 01:14:58,776 - Server_DefaultID - INFO - Client 58: Acc=79.60, Loss=-342.2935, NLL=-1161.7238, KL=14.5467, AvgS=499.98, ProxLoss=0.0000
2026-03-19 01:14:58,776 - Server_DefaultID - INFO - Training client 6 (21/30)...
2026-03-19 01:14:59,659 - Server_DefaultID - INFO - Client 6: Acc=67.71, Loss=-342.9718, NLL=-1160.9645, KL=14.7428, AvgS=499.65, ProxLoss=0.0000
2026-03-19 01:14:59,659 - Server_DefaultID - INFO - Training client 39 (22/30)...
2026-03-19 01:15:03,395 - Server_DefaultID - INFO - Client 39: Acc=77.92, Loss=-343.6101, NLL=-1161.6113, KL=14.8356, AvgS=499.93, ProxLoss=0.0000
2026-03-19 01:15:03,395 - Server_DefaultID - INFO - Training client 4 (23/30)...
2026-03-19 01:15:05,102 - Server_DefaultID - INFO - Client 4: Acc=77.34, Loss=-345.3537, NLL=-1161.6962, KL=13.9251, AvgS=499.97, ProxLoss=0.0000
2026-03-19 01:15:05,103 - Server_DefaultID - INFO - Training client 60 (24/30)...
2026-03-19 01:15:05,955 - Server_DefaultID - INFO - Client 60: Acc=62.40, Loss=-342.4557, NLL=-1160.7045, KL=14.7517, AvgS=499.54, ProxLoss=0.0000
2026-03-19 01:15:05,956 - Server_DefaultID - INFO - Training client 13 (25/30)...
2026-03-19 01:15:06,378 - Server_DefaultID - INFO - Client 13: Acc=53.44, Loss=-334.6612, NLL=-1134.6767, KL=14.7313, AvgS=488.30, ProxLoss=0.0000
2026-03-19 01:15:06,378 - Server_DefaultID - INFO - Training client 67 (26/30)...
2026-03-19 01:15:08,066 - Server_DefaultID - INFO - Client 67: Acc=70.47, Loss=-344.4697, NLL=-1161.6592, KL=14.6415, AvgS=499.95, ProxLoss=0.0000
2026-03-19 01:15:08,066 - Server_DefaultID - INFO - Training client 50 (27/30)...
2026-03-19 01:15:12,900 - Server_DefaultID - INFO - Client 50: Acc=97.40, Loss=-342.5069, NLL=-1161.7485, KL=14.4199, AvgS=499.99, ProxLoss=0.0000
2026-03-19 01:15:12,900 - Server_DefaultID - INFO - Training client 64 (28/30)...
2026-03-19 01:15:13,380 - Server_DefaultID - INFO - Client 64: Acc=62.19, Loss=-174.0606, NLL=-594.8127, KL=11.8171, AvgS=255.30, ProxLoss=0.0000
2026-03-19 01:15:13,381 - Server_DefaultID - INFO - Training client 45 (29/30)...
2026-03-19 01:15:15,403 - Server_DefaultID - INFO - Client 45: Acc=65.55, Loss=-343.1917, NLL=-1161.5130, KL=14.8841, AvgS=499.89, ProxLoss=0.0000
2026-03-19 01:15:15,403 - Server_DefaultID - INFO - Training client 21 (30/30)...
2026-03-19 01:15:18,553 - Server_DefaultID - INFO - Client 21: Acc=64.77, Loss=-345.1913, NLL=-1161.6582, KL=14.0139, AvgS=499.95, ProxLoss=0.0000
2026-03-19 01:15:18,886 - Server_DefaultID - WARNING - Global prior extremely imbalanced (max/min=1.0), applied adaptive smoothing lam=0.10.
2026-03-19 01:15:18,887 - Server_DefaultID - INFO - Round [29/200] Summary | Avg Client Train Stats:	Loss [-337.1050]	 Acc [81.65]	NLL [-1140.7188]	 KL [14.3818]	AvgS [490.92]	 ProxLoss [0.0000]
GlobalPriorAlpha (first 10): [5.0, 5.0, 5.0, 5.0, 5.0, 5.0, 5.0, 5.0, 5.0, 5.0]
Round Time: 55.96s
2026-03-19 01:15:18,890 - Server_DefaultID - INFO - --- Global Round 30/200 ---
2026-03-19 01:15:18,891 - Server_DefaultID - INFO - Selected 30 active clients for round 30.
2026-03-19 01:15:18,891 - Server_DefaultID - INFO - Training client 5 (1/30)...
2026-03-19 01:15:19,322 - Server_DefaultID - INFO - Client 5: Acc=71.88, Loss=-332.7412, NLL=-1123.3146, KL=14.2600, AvgS=483.39, ProxLoss=0.0000
2026-03-19 01:15:19,322 - Server_DefaultID - INFO - Training client 81 (2/30)...
2026-03-19 01:15:21,214 - Server_DefaultID - INFO - Client 81: Acc=79.60, Loss=-343.3409, NLL=-1161.5209, KL=14.8449, AvgS=499.89, ProxLoss=0.0000
2026-03-19 01:15:21,214 - Server_DefaultID - INFO - Training client 11 (3/30)...
2026-03-19 01:15:22,875 - Server_DefaultID - INFO - Client 11: Acc=87.19, Loss=-343.7770, NLL=-1161.6677, KL=14.8218, AvgS=499.96, ProxLoss=0.0000
2026-03-19 01:15:22,875 - Server_DefaultID - INFO - Training client 30 (4/30)...
2026-03-19 01:15:24,977 - Server_DefaultID - INFO - Client 30: Acc=94.88, Loss=-342.2865, NLL=-1161.6540, KL=14.5135, AvgS=499.95, ProxLoss=0.0000
2026-03-19 01:15:24,977 - Server_DefaultID - INFO - Training client 76 (5/30)...
2026-03-19 01:15:27,103 - Server_DefaultID - INFO - Client 76: Acc=86.41, Loss=-345.4314, NLL=-1161.7595, KL=13.9396, AvgS=500.00, ProxLoss=0.0000
2026-03-19 01:15:27,103 - Server_DefaultID - INFO - Training client 36 (6/30)...
2026-03-19 01:15:32,704 - Server_DefaultID - INFO - Client 36: Acc=97.66, Loss=-342.4817, NLL=-1161.7471, KL=14.5474, AvgS=499.99, ProxLoss=0.0000
2026-03-19 01:15:32,704 - Server_DefaultID - INFO - Training client 33 (7/30)...
2026-03-19 01:15:34,609 - Server_DefaultID - INFO - Client 33: Acc=60.22, Loss=-345.0984, NLL=-1161.7264, KL=14.0188, AvgS=499.98, ProxLoss=0.0000
2026-03-19 01:15:34,610 - Server_DefaultID - INFO - Training client 43 (8/30)...
2026-03-19 01:15:37,313 - Server_DefaultID - INFO - Client 43: Acc=88.75, Loss=-343.3988, NLL=-1161.7194, KL=14.8944, AvgS=499.98, ProxLoss=0.0000
2026-03-19 01:15:37,313 - Server_DefaultID - INFO - Training client 90 (9/30)...
2026-03-19 01:15:39,598 - Client_90 - WARNING - Client 90: Too few classes (1) or samples (592) for alpha report, returning uniform.
2026-03-19 01:15:39,598 - Server_DefaultID - INFO - Client 90: Acc=100.00, Loss=-341.1264, NLL=-1161.7371, KL=13.5615, AvgS=499.99, ProxLoss=0.0000
2026-03-19 01:15:39,598 - Server_DefaultID - INFO - Training client 75 (10/30)...
2026-03-19 01:15:41,678 - Server_DefaultID - INFO - Client 75: Acc=91.05, Loss=-342.5561, NLL=-1161.7693, KL=14.5878, AvgS=500.00, ProxLoss=0.0000
2026-03-19 01:15:41,678 - Server_DefaultID - INFO - Training client 19 (11/30)...
2026-03-19 01:15:45,131 - Server_DefaultID - INFO - Client 19: Acc=95.40, Loss=-342.2727, NLL=-1161.7441, KL=14.4872, AvgS=499.99, ProxLoss=0.0000
2026-03-19 01:15:45,131 - Server_DefaultID - INFO - Training client 29 (12/30)...
2026-03-19 01:15:46,398 - Server_DefaultID - INFO - Client 29: Acc=81.25, Loss=-342.6353, NLL=-1160.4143, KL=14.8823, AvgS=499.42, ProxLoss=0.0000
2026-03-19 01:15:46,398 - Server_DefaultID - INFO - Training client 21 (13/30)...
2026-03-19 01:15:48,408 - Server_DefaultID - INFO - Client 21: Acc=66.48, Loss=-345.1778, NLL=-1161.6929, KL=14.0461, AvgS=499.97, ProxLoss=0.0000
2026-03-19 01:15:48,408 - Server_DefaultID - INFO - Training client 38 (14/30)...
2026-03-19 01:15:49,039 - Server_DefaultID - INFO - Client 38: Acc=53.44, Loss=-345.4744, NLL=-1160.5600, KL=12.2880, AvgS=499.48, ProxLoss=0.0000
2026-03-19 01:15:49,039 - Server_DefaultID - INFO - Training client 12 (15/30)...
2026-03-19 01:15:51,640 - Server_DefaultID - INFO - Client 12: Acc=72.50, Loss=-343.9057, NLL=-1159.0387, KL=13.7870, AvgS=498.82, ProxLoss=0.0000
2026-03-19 01:15:51,640 - Server_DefaultID - INFO - Training client 26 (16/30)...
2026-03-19 01:15:55,960 - Server_DefaultID - INFO - Client 26: Acc=96.01, Loss=-342.6806, NLL=-1161.7295, KL=14.6194, AvgS=499.98, ProxLoss=0.0000
2026-03-19 01:15:55,961 - Server_DefaultID - INFO - Training client 14 (17/30)...
2026-03-19 01:15:58,169 - Server_DefaultID - INFO - Client 14: Acc=93.78, Loss=-342.3171, NLL=-1161.7354, KL=14.5143, AvgS=499.99, ProxLoss=0.0000
2026-03-19 01:15:58,169 - Server_DefaultID - INFO - Training client 77 (18/30)...
2026-03-19 01:16:01,766 - Server_DefaultID - INFO - Client 77: Acc=93.54, Loss=-343.3890, NLL=-1161.7572, KL=14.8644, AvgS=499.99, ProxLoss=0.0000
2026-03-19 01:16:01,767 - Server_DefaultID - INFO - Training client 53 (19/30)...
2026-03-19 01:16:04,091 - Server_DefaultID - INFO - Client 53: Acc=96.69, Loss=-343.0324, NLL=-1161.7697, KL=14.6005, AvgS=500.00, ProxLoss=0.0000
2026-03-19 01:16:04,091 - Server_DefaultID - INFO - Training client 1 (20/30)...
2026-03-19 01:16:04,799 - Server_DefaultID - INFO - Client 1: Acc=33.59, Loss=-324.1981, NLL=-1099.0020, KL=14.3204, AvgS=472.91, ProxLoss=0.0000
2026-03-19 01:16:04,799 - Server_DefaultID - INFO - Training client 85 (21/30)...
2026-03-19 01:16:07,547 - Server_DefaultID - INFO - Client 85: Acc=99.77, Loss=-341.3253, NLL=-1161.7656, KL=13.7046, AvgS=500.00, ProxLoss=0.0000
2026-03-19 01:16:07,547 - Server_DefaultID - INFO - Training client 50 (22/30)...
2026-03-19 01:16:11,631 - Server_DefaultID - INFO - Client 50: Acc=97.43, Loss=-342.4922, NLL=-1161.6770, KL=14.4773, AvgS=499.96, ProxLoss=0.0000
2026-03-19 01:16:11,631 - Server_DefaultID - INFO - Training client 64 (23/30)...
2026-03-19 01:16:12,026 - Server_DefaultID - INFO - Client 64: Acc=65.31, Loss=-201.4051, NLL=-687.1387, KL=12.5218, AvgS=295.06, ProxLoss=0.0000
2026-03-19 01:16:12,026 - Server_DefaultID - INFO - Training client 37 (24/30)...
2026-03-19 01:16:13,067 - Server_DefaultID - INFO - Client 37: Acc=80.47, Loss=-344.3033, NLL=-1160.9610, KL=14.5594, AvgS=499.65, ProxLoss=0.0000
2026-03-19 01:16:13,068 - Server_DefaultID - INFO - Training client 51 (25/30)...
2026-03-19 01:16:13,638 - Server_DefaultID - INFO - Client 51: Acc=45.31, Loss=-344.4089, NLL=-1159.2184, KL=13.2463, AvgS=498.90, ProxLoss=0.0000
2026-03-19 01:16:13,638 - Server_DefaultID - INFO - Training client 10 (26/30)...
2026-03-19 01:16:14,645 - Server_DefaultID - INFO - Client 10: Acc=37.66, Loss=-344.9840, NLL=-1161.4822, KL=13.8047, AvgS=499.88, ProxLoss=0.0000
2026-03-19 01:16:14,645 - Server_DefaultID - INFO - Training client 2 (27/30)...
2026-03-19 01:16:16,600 - Server_DefaultID - INFO - Client 2: Acc=79.48, Loss=-343.5448, NLL=-1161.7658, KL=14.8192, AvgS=500.00, ProxLoss=0.0000
2026-03-19 01:16:16,600 - Server_DefaultID - INFO - Training client 70 (28/30)...
2026-03-19 01:16:17,822 - Server_DefaultID - INFO - Client 70: Acc=77.88, Loss=-342.5366, NLL=-1161.7490, KL=14.6209, AvgS=499.99, ProxLoss=0.0000
2026-03-19 01:16:17,823 - Server_DefaultID - INFO - Training client 6 (29/30)...
2026-03-19 01:16:18,498 - Server_DefaultID - INFO - Client 6: Acc=70.10, Loss=-343.4022, NLL=-1161.3577, KL=14.7806, AvgS=499.82, ProxLoss=0.0000
2026-03-19 01:16:18,498 - Server_DefaultID - INFO - Training client 16 (30/30)...
2026-03-19 01:16:19,103 - Server_DefaultID - INFO - Client 16: Acc=57.19, Loss=-342.8345, NLL=-1161.0571, KL=14.8879, AvgS=499.69, ProxLoss=0.0000
2026-03-19 01:16:19,304 - Server_DefaultID - WARNING - Global prior extremely imbalanced (max/min=1.0), applied adaptive smoothing lam=0.10.
2026-03-19 01:16:19,305 - Server_DefaultID - INFO - Round [30/200] Summary | Avg Client Train Stats:	Loss [-341.8986]	 Acc [86.98]	NLL [-1157.7011]	 KL [14.4071]	AvgS [498.24]	 ProxLoss [0.0000]
GlobalPriorAlpha (first 10): [5.0, 5.0, 5.0, 5.0, 5.0, 5.0, 5.0, 5.0, 5.0, 5.0]
Round Time: 60.41s
2026-03-19 01:16:19,305 - Server_DefaultID - INFO - --- Evaluating models at round 30 ---
2026-03-19 01:17:25,704 - Server_DefaultID - INFO - Global Model Evaluation (Round 30): 
  Avg Test Acc: 71.77%
  Avg Test Acc Softmax: 71.77%
  Avg Test Loss: -1060.6301
  Avg Test NLL: -1073.5612
  Avg Test KL (vs flat prior): 13.4339
  Avg Test S: 461.94
2026-03-19 01:18:32,158 - Server_DefaultID - INFO - Personalized Model Evaluation (Round 30): 
  Avg Test Acc: 74.28%
  Avg Test Acc Softmax: 74.28%
  Avg Test Loss: -1072.5037
  Avg Test NLL: -1085.5085
  Avg Test KL (vs flat prior): 13.5063
  Avg Test S: 467.10
2026-03-19 01:18:32,158 - Server_DefaultID - INFO - [Metric 1] Personalized Brier Score | Mean: 0.3743
2026-03-19 01:18:32,158 - Server_DefaultID - INFO - [Metric 1] Personalized ECE | Mean: 0.1054
2026-03-19 01:18:32,158 - Server_DefaultID - INFO - [OOD Eval] OOD AUC-ROC (Epistemic): 0.0815
2026-03-19 01:18:32,158 - Server_DefaultID - INFO - [Metric 4] OOD FPR@95%TPR: 0.9678
2026-03-19 01:18:33,631 - Server_DefaultID - INFO - --- Global Round 31/200 ---
2026-03-19 01:18:33,631 - Server_DefaultID - INFO - Selected 30 active clients for round 31.
2026-03-19 01:18:33,631 - Server_DefaultID - INFO - Training client 94 (1/30)...
2026-03-19 01:18:35,976 - Server_DefaultID - INFO - Client 94: Acc=83.10, Loss=-343.4229, NLL=-1161.6850, KL=14.8381, AvgS=499.96, ProxLoss=0.0000
2026-03-19 01:18:35,976 - Server_DefaultID - INFO - Training client 22 (2/30)...
2026-03-19 01:18:37,795 - Server_DefaultID - INFO - Client 22: Acc=49.53, Loss=-194.9628, NLL=-666.2768, KL=12.0061, AvgS=286.12, ProxLoss=0.0000
2026-03-19 01:18:37,796 - Server_DefaultID - INFO - Training client 34 (3/30)...
2026-03-19 01:18:38,621 - Server_DefaultID - INFO - Client 34: Acc=73.33, Loss=-344.3466, NLL=-1161.6863, KL=14.5812, AvgS=499.96, ProxLoss=0.0000
2026-03-19 01:18:38,621 - Server_DefaultID - INFO - Training client 11 (4/30)...
2026-03-19 01:18:40,124 - Server_DefaultID - INFO - Client 11: Acc=88.70, Loss=-343.9260, NLL=-1161.7642, KL=14.7956, AvgS=500.00, ProxLoss=0.0000
2026-03-19 01:18:40,124 - Server_DefaultID - INFO - Training client 67 (5/30)...
2026-03-19 01:18:41,570 - Server_DefaultID - INFO - Client 67: Acc=72.08, Loss=-344.2655, NLL=-1161.5646, KL=14.6441, AvgS=499.91, ProxLoss=0.0000
2026-03-19 01:18:41,570 - Server_DefaultID - INFO - Training client 26 (6/30)...
2026-03-19 01:18:45,404 - Server_DefaultID - INFO - Client 26: Acc=97.26, Loss=-342.7141, NLL=-1161.7496, KL=14.6263, AvgS=499.99, ProxLoss=0.0000
2026-03-19 01:18:45,404 - Server_DefaultID - INFO - Training client 39 (7/30)...
2026-03-19 01:18:48,322 - Server_DefaultID - INFO - Client 39: Acc=79.15, Loss=-343.5593, NLL=-1161.7656, KL=14.8377, AvgS=500.00, ProxLoss=0.0000
2026-03-19 01:18:48,322 - Server_DefaultID - INFO - Training client 6 (8/30)...
2026-03-19 01:18:49,108 - Server_DefaultID - INFO - Client 6: Acc=61.56, Loss=-343.1018, NLL=-1161.5291, KL=14.7461, AvgS=499.90, ProxLoss=0.0000
2026-03-19 01:18:49,108 - Server_DefaultID - INFO - Training client 73 (9/30)...
2026-03-19 01:18:51,740 - Server_DefaultID - INFO - Client 73: Acc=90.53, Loss=-342.8304, NLL=-1161.7435, KL=14.6586, AvgS=499.99, ProxLoss=0.0000
2026-03-19 01:18:51,740 - Server_DefaultID - INFO - Training client 87 (10/30)...
2026-03-19 01:18:53,362 - Server_DefaultID - INFO - Client 87: Acc=66.65, Loss=-345.4522, NLL=-1161.5493, KL=13.5829, AvgS=499.91, ProxLoss=0.0000
2026-03-19 01:18:53,362 - Server_DefaultID - INFO - Training client 81 (11/30)...
2026-03-19 01:18:54,938 - Server_DefaultID - INFO - Client 81: Acc=80.89, Loss=-343.5109, NLL=-1161.7030, KL=14.8656, AvgS=499.97, ProxLoss=0.0000
2026-03-19 01:18:54,939 - Server_DefaultID - INFO - Training client 18 (12/30)...
2026-03-19 01:18:58,231 - Server_DefaultID - INFO - Client 18: Acc=86.40, Loss=-343.8246, NLL=-1161.7475, KL=14.8062, AvgS=499.99, ProxLoss=0.0000
2026-03-19 01:18:58,231 - Server_DefaultID - INFO - Training client 93 (13/30)...
2026-03-19 01:18:58,866 - Server_DefaultID - INFO - Client 93: Acc=46.41, Loss=-342.3435, NLL=-1157.0147, KL=14.5191, AvgS=497.95, ProxLoss=0.0000
2026-03-19 01:18:58,866 - Server_DefaultID - INFO - Training client 3 (14/30)...
2026-03-19 01:19:00,283 - Server_DefaultID - INFO - Client 3: Acc=66.41, Loss=-345.3683, NLL=-1161.7100, KL=13.5703, AvgS=499.97, ProxLoss=0.0000
2026-03-19 01:19:00,284 - Server_DefaultID - INFO - Training client 13 (15/30)...
2026-03-19 01:19:00,633 - Server_DefaultID - INFO - Client 13: Acc=51.56, Loss=-323.9163, NLL=-1101.6336, KL=14.2405, AvgS=474.03, ProxLoss=0.0000
2026-03-19 01:19:00,634 - Server_DefaultID - INFO - Training client 70 (16/30)...
2026-03-19 01:19:01,788 - Server_DefaultID - INFO - Client 70: Acc=78.62, Loss=-342.2950, NLL=-1161.1795, KL=14.6620, AvgS=499.75, ProxLoss=0.0000
2026-03-19 01:19:01,788 - Server_DefaultID - INFO - Training client 92 (17/30)...
2026-03-19 01:19:02,818 - Server_DefaultID - INFO - Client 92: Acc=95.16, Loss=-343.4001, NLL=-1161.7050, KL=14.6897, AvgS=499.97, ProxLoss=0.0000
2026-03-19 01:19:02,818 - Server_DefaultID - INFO - Training client 44 (18/30)...
2026-03-19 01:19:04,899 - Server_DefaultID - INFO - Client 44: Acc=92.85, Loss=-343.2647, NLL=-1161.7141, KL=14.8521, AvgS=499.98, ProxLoss=0.0000
2026-03-19 01:19:04,899 - Server_DefaultID - INFO - Training client 80 (19/30)...
2026-03-19 01:19:05,312 - Server_DefaultID - INFO - Client 80: Acc=69.69, Loss=-202.3759, NLL=-688.8937, KL=12.4777, AvgS=295.82, ProxLoss=0.0000
2026-03-19 01:19:05,312 - Server_DefaultID - INFO - Training client 59 (20/30)...
2026-03-19 01:19:07,359 - Server_DefaultID - INFO - Client 59: Acc=84.97, Loss=-343.6107, NLL=-1161.7076, KL=14.8596, AvgS=499.97, ProxLoss=0.0000
2026-03-19 01:19:07,359 - Server_DefaultID - INFO - Training client 63 (21/30)...
2026-03-19 01:19:08,550 - Server_DefaultID - INFO - Client 63: Acc=59.31, Loss=-343.4712, NLL=-1161.4229, KL=14.8125, AvgS=499.85, ProxLoss=0.0000
2026-03-19 01:19:08,551 - Server_DefaultID - INFO - Training client 17 (22/30)...
2026-03-19 01:19:09,253 - Server_DefaultID - INFO - Client 17: Acc=79.22, Loss=-344.1221, NLL=-1161.3846, KL=14.6280, AvgS=499.83, ProxLoss=0.0000
2026-03-19 01:19:09,254 - Server_DefaultID - INFO - Training client 20 (23/30)...
2026-03-19 01:19:11,798 - Server_DefaultID - INFO - Client 20: Acc=65.05, Loss=-345.7795, NLL=-1161.5655, KL=12.8546, AvgS=499.91, ProxLoss=0.0000
2026-03-19 01:19:11,798 - Server_DefaultID - INFO - Training client 27 (24/30)...
2026-03-19 01:19:12,631 - Server_DefaultID - INFO - Client 27: Acc=56.98, Loss=-344.3277, NLL=-1161.2997, KL=14.3668, AvgS=499.80, ProxLoss=0.0000
2026-03-19 01:19:12,631 - Server_DefaultID - INFO - Training client 76 (25/30)...
2026-03-19 01:19:14,425 - Server_DefaultID - INFO - Client 76: Acc=87.15, Loss=-345.3425, NLL=-1161.6916, KL=13.9707, AvgS=499.97, ProxLoss=0.0000
2026-03-19 01:19:14,425 - Server_DefaultID - INFO - Training client 32 (26/30)...
2026-03-19 01:19:15,853 - Server_DefaultID - INFO - Client 32: Acc=85.31, Loss=-344.0089, NLL=-1161.6478, KL=14.7382, AvgS=499.95, ProxLoss=0.0000
2026-03-19 01:19:15,853 - Server_DefaultID - INFO - Training client 41 (27/30)...
2026-03-19 01:19:17,797 - Server_DefaultID - INFO - Client 41: Acc=88.52, Loss=-342.7881, NLL=-1161.6966, KL=14.6984, AvgS=499.97, ProxLoss=0.0000
2026-03-19 01:19:17,797 - Server_DefaultID - INFO - Training client 65 (28/30)...
2026-03-19 01:19:18,238 - Server_DefaultID - INFO - Client 65: Acc=52.81, Loss=-99.9657, NLL=-344.1330, KL=9.0834, AvgS=147.61, ProxLoss=0.0000
2026-03-19 01:19:18,238 - Server_DefaultID - INFO - Training client 10 (29/30)...
2026-03-19 01:19:19,266 - Server_DefaultID - INFO - Client 10: Acc=51.95, Loss=-345.1412, NLL=-1161.7482, KL=13.8077, AvgS=499.99, ProxLoss=0.0000
2026-03-19 01:19:19,266 - Server_DefaultID - INFO - Training client 50 (30/30)...
2026-03-19 01:19:23,265 - Server_DefaultID - INFO - Client 50: Acc=97.47, Loss=-342.4771, NLL=-1161.7604, KL=14.4742, AvgS=500.00, ProxLoss=0.0000
2026-03-19 01:19:23,403 - Server_DefaultID - WARNING - Global prior extremely imbalanced (max/min=1.0), applied adaptive smoothing lam=0.10.
2026-03-19 01:19:23,403 - Server_DefaultID - INFO - Round [31/200] Summary | Avg Client Train Stats:	Loss [-339.4069]	 Acc [81.86]	NLL [-1147.5867]	 KL [14.4584]	AvgS [493.88]	 ProxLoss [0.0000]
GlobalPriorAlpha (first 10): [5.0, 5.0, 5.0, 5.0, 5.0, 5.0, 5.0, 5.0, 5.0, 5.0]
Round Time: 49.77s
2026-03-19 01:19:23,405 - Server_DefaultID - INFO - --- Global Round 32/200 ---
2026-03-19 01:19:23,406 - Server_DefaultID - INFO - Selected 30 active clients for round 32.
2026-03-19 01:19:23,406 - Server_DefaultID - INFO - Training client 87 (1/30)...
2026-03-19 01:19:24,860 - Server_DefaultID - INFO - Client 87: Acc=71.25, Loss=-345.4622, NLL=-1161.5260, KL=13.5514, AvgS=499.90, ProxLoss=0.0000
2026-03-19 01:19:24,860 - Server_DefaultID - INFO - Training client 85 (2/30)...
2026-03-19 01:19:27,292 - Server_DefaultID - INFO - Client 85: Acc=99.74, Loss=-341.1942, NLL=-1161.7032, KL=13.6882, AvgS=499.97, ProxLoss=0.0000
2026-03-19 01:19:27,292 - Server_DefaultID - INFO - Training client 84 (3/30)...
2026-03-19 01:19:27,642 - Server_DefaultID - INFO - Client 84: Acc=48.68, Loss=-112.9627, NLL=-392.0030, KL=10.2531, AvgS=167.92, ProxLoss=0.0000
2026-03-19 01:19:27,643 - Server_DefaultID - INFO - Training client 27 (4/30)...
2026-03-19 01:19:28,359 - Server_DefaultID - INFO - Client 27: Acc=58.54, Loss=-344.4949, NLL=-1161.5632, KL=14.3698, AvgS=499.91, ProxLoss=0.0000
2026-03-19 01:19:28,359 - Server_DefaultID - INFO - Training client 5 (5/30)...
2026-03-19 01:19:28,757 - Server_DefaultID - INFO - Client 5: Acc=59.38, Loss=-338.0353, NLL=-1140.0037, KL=14.1196, AvgS=490.60, ProxLoss=0.0000
2026-03-19 01:19:28,757 - Server_DefaultID - INFO - Training client 11 (6/30)...
2026-03-19 01:19:30,118 - Server_DefaultID - INFO - Client 11: Acc=91.41, Loss=-343.8058, NLL=-1161.7516, KL=14.7901, AvgS=499.99, ProxLoss=0.0000
2026-03-19 01:19:30,118 - Server_DefaultID - INFO - Training client 33 (7/30)...
2026-03-19 01:19:31,833 - Server_DefaultID - INFO - Client 33: Acc=60.98, Loss=-345.0441, NLL=-1161.7646, KL=13.9448, AvgS=500.00, ProxLoss=0.0000
2026-03-19 01:19:31,833 - Server_DefaultID - INFO - Training client 6 (8/30)...
2026-03-19 01:19:32,615 - Server_DefaultID - INFO - Client 6: Acc=79.38, Loss=-343.2662, NLL=-1161.6753, KL=14.8134, AvgS=499.96, ProxLoss=0.0000
2026-03-19 01:19:32,615 - Server_DefaultID - INFO - Training client 63 (9/30)...
2026-03-19 01:19:33,835 - Server_DefaultID - INFO - Client 63: Acc=69.19, Loss=-343.6512, NLL=-1161.7126, KL=14.7762, AvgS=499.98, ProxLoss=0.0000
2026-03-19 01:19:33,835 - Server_DefaultID - INFO - Training client 79 (10/30)...
2026-03-19 01:19:35,018 - Server_DefaultID - INFO - Client 79: Acc=94.06, Loss=-341.9759, NLL=-1161.3351, KL=14.5107, AvgS=499.81, ProxLoss=0.0000
2026-03-19 01:19:35,019 - Server_DefaultID - INFO - Training client 47 (11/30)...
2026-03-19 01:19:36,405 - Server_DefaultID - INFO - Client 47: Acc=67.97, Loss=-344.9743, NLL=-1161.7386, KL=14.1775, AvgS=499.99, ProxLoss=0.0000
2026-03-19 01:19:36,405 - Server_DefaultID - INFO - Training client 38 (12/30)...
2026-03-19 01:19:37,033 - Server_DefaultID - INFO - Client 38: Acc=53.28, Loss=-345.6187, NLL=-1161.3804, KL=12.8036, AvgS=499.83, ProxLoss=0.0000
2026-03-19 01:19:37,033 - Server_DefaultID - INFO - Training client 67 (13/30)...
2026-03-19 01:19:38,444 - Server_DefaultID - INFO - Client 67: Acc=74.43, Loss=-344.4020, NLL=-1161.6830, KL=14.6097, AvgS=499.96, ProxLoss=0.0000
2026-03-19 01:19:38,444 - Server_DefaultID - INFO - Training client 72 (14/30)...
2026-03-19 01:19:39,517 - Server_DefaultID - INFO - Client 72: Acc=95.08, Loss=-342.8174, NLL=-1161.7645, KL=14.7237, AvgS=500.00, ProxLoss=0.0000
2026-03-19 01:19:39,517 - Server_DefaultID - INFO - Training client 97 (15/30)...
2026-03-19 01:19:46,298 - Server_DefaultID - INFO - Client 97: Acc=99.58, Loss=-341.3447, NLL=-1161.7313, KL=13.7902, AvgS=499.98, ProxLoss=0.0000
2026-03-19 01:19:46,298 - Server_DefaultID - INFO - Training client 89 (16/30)...
2026-03-19 01:19:49,902 - Server_DefaultID - INFO - Client 89: Acc=98.55, Loss=-341.9402, NLL=-1161.7099, KL=14.2172, AvgS=499.97, ProxLoss=0.0000
2026-03-19 01:19:49,902 - Server_DefaultID - INFO - Training client 16 (17/30)...
2026-03-19 01:19:50,566 - Server_DefaultID - INFO - Client 16: Acc=61.41, Loss=-342.4746, NLL=-1161.3175, KL=14.7760, AvgS=499.81, ProxLoss=0.0000
2026-03-19 01:19:50,566 - Server_DefaultID - INFO - Training client 45 (18/30)...
2026-03-19 01:19:52,588 - Server_DefaultID - INFO - Client 45: Acc=67.19, Loss=-343.1335, NLL=-1161.6358, KL=14.8794, AvgS=499.94, ProxLoss=0.0000
2026-03-19 01:19:52,588 - Server_DefaultID - INFO - Training client 31 (19/30)...
2026-03-19 01:19:54,602 - Server_DefaultID - INFO - Client 31: Acc=80.42, Loss=-343.2953, NLL=-1161.7115, KL=14.8844, AvgS=499.97, ProxLoss=0.0000
2026-03-19 01:19:54,602 - Server_DefaultID - INFO - Training client 98 (20/30)...
2026-03-19 01:19:55,393 - Server_DefaultID - INFO - Client 98: Acc=90.31, Loss=-342.0666, NLL=-1161.5048, KL=14.5120, AvgS=499.89, ProxLoss=0.0000
2026-03-19 01:19:55,393 - Server_DefaultID - INFO - Training client 60 (21/30)...
2026-03-19 01:19:56,218 - Server_DefaultID - INFO - Client 60: Acc=64.90, Loss=-342.2644, NLL=-1160.7618, KL=14.7020, AvgS=499.57, ProxLoss=0.0000
2026-03-19 01:19:56,218 - Server_DefaultID - INFO - Training client 35 (22/30)...
2026-03-19 01:19:56,977 - Server_DefaultID - INFO - Client 35: Acc=66.35, Loss=-344.6763, NLL=-1161.7213, KL=14.3241, AvgS=499.98, ProxLoss=0.0000
2026-03-19 01:19:56,977 - Server_DefaultID - INFO - Training client 80 (23/30)...
2026-03-19 01:19:57,405 - Server_DefaultID - INFO - Client 80: Acc=67.19, Loss=-224.4256, NLL=-763.2694, KL=12.9819, AvgS=327.91, ProxLoss=0.0000
2026-03-19 01:19:57,406 - Server_DefaultID - INFO - Training client 21 (24/30)...
2026-03-19 01:19:59,273 - Server_DefaultID - INFO - Client 21: Acc=68.79, Loss=-345.1821, NLL=-1161.7431, KL=14.0333, AvgS=499.99, ProxLoss=0.0000
2026-03-19 01:19:59,273 - Server_DefaultID - INFO - Training client 34 (25/30)...
2026-03-19 01:20:00,128 - Server_DefaultID - INFO - Client 34: Acc=73.85, Loss=-344.1377, NLL=-1161.2890, KL=14.6726, AvgS=499.79, ProxLoss=0.0000
2026-03-19 01:20:00,128 - Server_DefaultID - INFO - Training client 20 (26/30)...
2026-03-19 01:20:01,803 - Server_DefaultID - INFO - Client 20: Acc=65.94, Loss=-345.8229, NLL=-1161.7242, KL=12.9305, AvgS=499.98, ProxLoss=0.0000
2026-03-19 01:20:01,803 - Server_DefaultID - INFO - Training client 14 (27/30)...
2026-03-19 01:20:04,300 - Server_DefaultID - INFO - Client 14: Acc=86.98, Loss=-342.1819, NLL=-1161.7677, KL=14.5146, AvgS=500.00, ProxLoss=0.0000
2026-03-19 01:20:04,300 - Server_DefaultID - INFO - Training client 36 (28/30)...
2026-03-19 01:20:10,199 - Server_DefaultID - INFO - Client 36: Acc=98.06, Loss=-342.4041, NLL=-1161.7668, KL=14.5443, AvgS=500.00, ProxLoss=0.0000
2026-03-19 01:20:10,200 - Server_DefaultID - INFO - Training client 62 (29/30)...
2026-03-19 01:20:10,920 - Server_DefaultID - INFO - Client 62: Acc=88.91, Loss=-329.7761, NLL=-1116.9304, KL=14.4392, AvgS=480.63, ProxLoss=0.0000
2026-03-19 01:20:10,920 - Server_DefaultID - INFO - Training client 28 (30/30)...
2026-03-19 01:20:11,393 - Server_DefaultID - INFO - Client 28: Acc=51.25, Loss=-175.6195, NLL=-602.1678, KL=11.8111, AvgS=258.41, ProxLoss=0.0000
2026-03-19 01:20:11,653 - Server_DefaultID - WARNING - Global prior extremely imbalanced (max/min=1.0), applied adaptive smoothing lam=0.10.
2026-03-19 01:20:11,653 - Server_DefaultID - INFO - Round [32/200] Summary | Avg Client Train Stats:	Loss [-339.4093]	 Acc [83.36]	NLL [-1149.4469]	 KL [14.2062]	AvgS [494.68]	 ProxLoss [0.0000]
GlobalPriorAlpha (first 10): [5.0, 5.0, 5.0, 5.0, 5.0, 5.0, 5.0, 5.0, 5.0, 5.0]
Round Time: 48.25s
2026-03-19 01:20:11,656 - Server_DefaultID - INFO - --- Global Round 33/200 ---
2026-03-19 01:20:11,657 - Server_DefaultID - INFO - Selected 30 active clients for round 33.
2026-03-19 01:20:11,657 - Server_DefaultID - INFO - Training client 72 (1/30)...
2026-03-19 01:20:12,862 - Server_DefaultID - INFO - Client 72: Acc=95.00, Loss=-342.7469, NLL=-1161.6376, KL=14.7224, AvgS=499.94, ProxLoss=0.0000
2026-03-19 01:20:12,862 - Server_DefaultID - INFO - Training client 27 (2/30)...
2026-03-19 01:20:13,764 - Server_DefaultID - INFO - Client 27: Acc=61.88, Loss=-344.5033, NLL=-1161.6463, KL=14.3957, AvgS=499.95, ProxLoss=0.0000
2026-03-19 01:20:13,765 - Server_DefaultID - INFO - Training client 90 (3/30)...
2026-03-19 01:20:16,187 - Client_90 - WARNING - Client 90: Too few classes (1) or samples (592) for alpha report, returning uniform.
2026-03-19 01:20:16,187 - Server_DefaultID - INFO - Client 90: Acc=100.00, Loss=-340.9523, NLL=-1161.6430, KL=13.5609, AvgS=499.95, ProxLoss=0.0000
2026-03-19 01:20:16,188 - Server_DefaultID - INFO - Training client 25 (4/30)...
2026-03-19 01:20:18,092 - Server_DefaultID - INFO - Client 25: Acc=96.09, Loss=-341.3996, NLL=-1157.4272, KL=14.5740, AvgS=498.12, ProxLoss=0.0000
2026-03-19 01:20:18,092 - Server_DefaultID - INFO - Training client 81 (5/30)...
2026-03-19 01:20:20,048 - Server_DefaultID - INFO - Client 81: Acc=82.05, Loss=-343.4818, NLL=-1161.7367, KL=14.8629, AvgS=499.99, ProxLoss=0.0000
2026-03-19 01:20:20,048 - Server_DefaultID - INFO - Training client 1 (6/30)...
2026-03-19 01:20:20,759 - Server_DefaultID - INFO - Client 1: Acc=50.16, Loss=-343.8203, NLL=-1161.7476, KL=14.7837, AvgS=499.99, ProxLoss=0.0000
2026-03-19 01:20:20,760 - Server_DefaultID - INFO - Training client 63 (7/30)...
2026-03-19 01:20:22,301 - Server_DefaultID - INFO - Client 63: Acc=72.62, Loss=-343.5985, NLL=-1161.6002, KL=14.8135, AvgS=499.93, ProxLoss=0.0000
2026-03-19 01:20:22,301 - Server_DefaultID - INFO - Training client 3 (8/30)...
2026-03-19 01:20:24,219 - Server_DefaultID - INFO - Client 3: Acc=67.97, Loss=-345.2229, NLL=-1161.7258, KL=13.6732, AvgS=499.98, ProxLoss=0.0000
2026-03-19 01:20:24,219 - Server_DefaultID - INFO - Training client 59 (9/30)...
2026-03-19 01:20:26,538 - Server_DefaultID - INFO - Client 59: Acc=86.15, Loss=-343.5699, NLL=-1161.7398, KL=14.8289, AvgS=499.99, ProxLoss=0.0000
2026-03-19 01:20:26,538 - Server_DefaultID - INFO - Training client 41 (10/30)...
2026-03-19 01:20:28,468 - Server_DefaultID - INFO - Client 41: Acc=89.38, Loss=-342.7717, NLL=-1161.6877, KL=14.7296, AvgS=499.96, ProxLoss=0.0000
2026-03-19 01:20:28,468 - Server_DefaultID - INFO - Training client 49 (11/30)...
2026-03-19 01:20:30,213 - Server_DefaultID - INFO - Client 49: Acc=87.10, Loss=-343.2452, NLL=-1161.7110, KL=14.8943, AvgS=499.97, ProxLoss=0.0000
2026-03-19 01:20:30,213 - Server_DefaultID - INFO - Training client 7 (12/30)...
2026-03-19 01:20:31,860 - Server_DefaultID - INFO - Client 7: Acc=61.88, Loss=-343.5043, NLL=-1161.6783, KL=14.8058, AvgS=499.96, ProxLoss=0.0000
2026-03-19 01:20:31,860 - Server_DefaultID - INFO - Training client 75 (13/30)...
2026-03-19 01:20:33,998 - Server_DefaultID - INFO - Client 75: Acc=91.45, Loss=-342.3391, NLL=-1161.6534, KL=14.5894, AvgS=499.95, ProxLoss=0.0000
2026-03-19 01:20:33,998 - Server_DefaultID - INFO - Training client 39 (14/30)...
2026-03-19 01:20:37,692 - Server_DefaultID - INFO - Client 39: Acc=81.60, Loss=-343.5388, NLL=-1161.7340, KL=14.8388, AvgS=499.98, ProxLoss=0.0000
2026-03-19 01:20:37,692 - Server_DefaultID - INFO - Training client 32 (15/30)...
2026-03-19 01:20:39,408 - Server_DefaultID - INFO - Client 32: Acc=85.21, Loss=-343.9507, NLL=-1161.5580, KL=14.7103, AvgS=499.91, ProxLoss=0.0000
2026-03-19 01:20:39,408 - Server_DefaultID - INFO - Training client 64 (16/30)...
2026-03-19 01:20:39,831 - Server_DefaultID - INFO - Client 64: Acc=68.12, Loss=-220.0487, NLL=-749.4866, KL=12.8523, AvgS=321.97, ProxLoss=0.0000
2026-03-19 01:20:39,831 - Server_DefaultID - INFO - Training client 15 (17/30)...
2026-03-19 01:20:40,545 - Server_DefaultID - INFO - Client 15: Acc=43.44, Loss=-343.5078, NLL=-1161.1994, KL=14.7456, AvgS=499.75, ProxLoss=0.0000
2026-03-19 01:20:40,546 - Server_DefaultID - INFO - Training client 38 (18/30)...
2026-03-19 01:20:41,169 - Server_DefaultID - INFO - Client 38: Acc=59.06, Loss=-345.8336, NLL=-1161.4822, KL=12.2962, AvgS=499.88, ProxLoss=0.0000
2026-03-19 01:20:41,169 - Server_DefaultID - INFO - Training client 35 (19/30)...
2026-03-19 01:20:42,162 - Server_DefaultID - INFO - Client 35: Acc=68.33, Loss=-344.6268, NLL=-1161.6151, KL=14.3229, AvgS=499.93, ProxLoss=0.0000
2026-03-19 01:20:42,162 - Server_DefaultID - INFO - Training client 96 (20/30)...
2026-03-19 01:20:44,439 - Server_DefaultID - INFO - Client 96: Acc=89.34, Loss=-343.3727, NLL=-1161.5246, KL=14.7678, AvgS=499.89, ProxLoss=0.0000
2026-03-19 01:20:44,439 - Server_DefaultID - INFO - Training client 86 (21/30)...
2026-03-19 01:20:45,762 - Server_DefaultID - INFO - Client 86: Acc=84.50, Loss=-343.4940, NLL=-1161.6406, KL=14.7212, AvgS=499.94, ProxLoss=0.0000
2026-03-19 01:20:45,763 - Server_DefaultID - INFO - Training client 55 (22/30)...
2026-03-19 01:20:54,618 - Server_DefaultID - INFO - Client 55: Acc=86.30, Loss=-344.0871, NLL=-1161.7012, KL=14.7985, AvgS=499.97, ProxLoss=0.0000
2026-03-19 01:20:54,618 - Server_DefaultID - INFO - Training client 67 (23/30)...
2026-03-19 01:20:56,198 - Server_DefaultID - INFO - Client 67: Acc=75.36, Loss=-344.2682, NLL=-1161.7496, KL=14.6827, AvgS=499.99, ProxLoss=0.0000
2026-03-19 01:20:56,199 - Server_DefaultID - INFO - Training client 95 (24/30)...
2026-03-19 01:20:58,462 - Server_DefaultID - INFO - Client 95: Acc=73.72, Loss=-342.2442, NLL=-1161.6409, KL=14.6146, AvgS=499.94, ProxLoss=0.0000
2026-03-19 01:20:58,462 - Server_DefaultID - INFO - Training client 33 (25/30)...
2026-03-19 01:21:00,387 - Server_DefaultID - INFO - Client 33: Acc=63.84, Loss=-344.9729, NLL=-1161.7404, KL=14.0182, AvgS=499.99, ProxLoss=0.0000
2026-03-19 01:21:00,387 - Server_DefaultID - INFO - Training client 71 (26/30)...
2026-03-19 01:21:01,041 - Server_DefaultID - INFO - Client 71: Acc=68.75, Loss=-300.9992, NLL=-1019.3469, KL=13.8605, AvgS=438.48, ProxLoss=0.0000
2026-03-19 01:21:01,042 - Server_DefaultID - INFO - Training client 22 (27/30)...
2026-03-19 01:21:01,823 - Server_DefaultID - INFO - Client 22: Acc=54.84, Loss=-244.8865, NLL=-833.7654, KL=13.0028, AvgS=358.32, ProxLoss=0.0000
2026-03-19 01:21:01,823 - Server_DefaultID - INFO - Training client 30 (28/30)...
2026-03-19 01:21:03,824 - Server_DefaultID - INFO - Client 30: Acc=95.39, Loss=-342.0450, NLL=-1161.3430, KL=14.5110, AvgS=499.82, ProxLoss=0.0000
2026-03-19 01:21:03,824 - Server_DefaultID - INFO - Training client 12 (29/30)...
2026-03-19 01:21:05,209 - Server_DefaultID - INFO - Client 12: Acc=71.94, Loss=-345.2069, NLL=-1161.7699, KL=13.7487, AvgS=500.00, ProxLoss=0.0000
2026-03-19 01:21:05,209 - Server_DefaultID - INFO - Training client 88 (30/30)...
2026-03-19 01:21:06,928 - Server_DefaultID - INFO - Client 88: Acc=61.67, Loss=-344.3588, NLL=-1161.6652, KL=14.4429, AvgS=499.95, ProxLoss=0.0000
2026-03-19 01:21:07,141 - Server_DefaultID - WARNING - Global prior extremely imbalanced (max/min=1.0), applied adaptive smoothing lam=0.10.
2026-03-19 01:21:07,141 - Server_DefaultID - INFO - Round [33/200] Summary | Avg Client Train Stats:	Loss [-340.6918]	 Acc [80.27]	NLL [-1152.1921]	 KL [14.5122]	AvgS [495.86]	 ProxLoss [0.0000]
GlobalPriorAlpha (first 10): [5.0, 5.0, 5.0, 5.0, 5.0, 5.0, 5.0, 5.0, 5.0, 5.0]
Round Time: 55.48s
2026-03-19 01:21:07,144 - Server_DefaultID - INFO - --- Global Round 34/200 ---
2026-03-19 01:21:07,144 - Server_DefaultID - INFO - Selected 30 active clients for round 34.
2026-03-19 01:21:07,144 - Server_DefaultID - INFO - Training client 98 (1/30)...
2026-03-19 01:21:08,110 - Server_DefaultID - INFO - Client 98: Acc=90.83, Loss=-342.1071, NLL=-1161.7699, KL=14.5145, AvgS=500.00, ProxLoss=0.0000
2026-03-19 01:21:08,110 - Server_DefaultID - INFO - Training client 31 (2/30)...
2026-03-19 01:21:10,482 - Server_DefaultID - INFO - Client 31: Acc=81.81, Loss=-343.2463, NLL=-1161.7112, KL=14.8847, AvgS=499.97, ProxLoss=0.0000
2026-03-19 01:21:10,482 - Server_DefaultID - INFO - Training client 86 (3/30)...
2026-03-19 01:21:11,884 - Server_DefaultID - INFO - Client 86: Acc=83.31, Loss=-343.3553, NLL=-1161.5273, KL=14.7057, AvgS=499.90, ProxLoss=0.0000
2026-03-19 01:21:11,884 - Server_DefaultID - INFO - Training client 13 (4/30)...
2026-03-19 01:21:12,365 - Server_DefaultID - INFO - Client 13: Acc=57.19, Loss=-342.8667, NLL=-1161.6554, KL=14.8939, AvgS=499.95, ProxLoss=0.0000
2026-03-19 01:21:12,366 - Server_DefaultID - INFO - Training client 16 (5/30)...
2026-03-19 01:21:12,965 - Server_DefaultID - INFO - Client 16: Acc=57.50, Loss=-342.9549, NLL=-1161.6972, KL=14.8941, AvgS=499.97, ProxLoss=0.0000
2026-03-19 01:21:12,966 - Server_DefaultID - INFO - Training client 55 (6/30)...
2026-03-19 01:21:20,319 - Server_DefaultID - INFO - Client 55: Acc=86.72, Loss=-344.0241, NLL=-1161.7602, KL=14.8054, AvgS=500.00, ProxLoss=0.0000
2026-03-19 01:21:20,322 - Server_DefaultID - INFO - Training client 15 (7/30)...
2026-03-19 01:21:20,909 - Server_DefaultID - INFO - Client 15: Acc=59.84, Loss=-342.9124, NLL=-1160.7653, KL=14.7622, AvgS=499.57, ProxLoss=0.0000
2026-03-19 01:21:20,909 - Server_DefaultID - INFO - Training client 32 (8/30)...
2026-03-19 01:21:22,535 - Server_DefaultID - INFO - Client 32: Acc=84.01, Loss=-343.9982, NLL=-1161.7207, KL=14.7120, AvgS=499.98, ProxLoss=0.0000
2026-03-19 01:21:22,535 - Server_DefaultID - INFO - Training client 82 (9/30)...
2026-03-19 01:21:25,045 - Server_DefaultID - INFO - Client 82: Acc=88.12, Loss=-343.0606, NLL=-1161.7553, KL=14.7465, AvgS=499.99, ProxLoss=0.0000
2026-03-19 01:21:25,045 - Server_DefaultID - INFO - Training client 3 (10/30)...
2026-03-19 01:21:26,608 - Server_DefaultID - INFO - Client 3: Acc=69.17, Loss=-345.3827, NLL=-1161.7600, KL=13.5580, AvgS=500.00, ProxLoss=0.0000
2026-03-19 01:21:26,609 - Server_DefaultID - INFO - Training client 61 (11/30)...
2026-03-19 01:21:28,110 - Server_DefaultID - INFO - Client 61: Acc=72.75, Loss=-345.5100, NLL=-1161.6532, KL=13.2657, AvgS=499.95, ProxLoss=0.0000
2026-03-19 01:21:28,110 - Server_DefaultID - INFO - Training client 93 (12/30)...
2026-03-19 01:21:28,965 - Server_DefaultID - INFO - Client 93: Acc=49.06, Loss=-344.0401, NLL=-1161.4561, KL=14.5091, AvgS=499.86, ProxLoss=0.0000
2026-03-19 01:21:28,965 - Server_DefaultID - INFO - Training client 38 (13/30)...
2026-03-19 01:21:29,806 - Server_DefaultID - INFO - Client 38: Acc=61.56, Loss=-345.7639, NLL=-1161.4268, KL=12.5152, AvgS=499.85, ProxLoss=0.0000
2026-03-19 01:21:29,806 - Server_DefaultID - INFO - Training client 74 (14/30)...
2026-03-19 01:21:30,998 - Server_DefaultID - INFO - Client 74: Acc=63.12, Loss=-343.2644, NLL=-1161.2821, KL=14.8466, AvgS=499.79, ProxLoss=0.0000
2026-03-19 01:21:30,998 - Server_DefaultID - INFO - Training client 21 (15/30)...
2026-03-19 01:21:33,037 - Server_DefaultID - INFO - Client 21: Acc=73.59, Loss=-345.0591, NLL=-1161.7198, KL=14.0610, AvgS=499.98, ProxLoss=0.0000
2026-03-19 01:21:33,037 - Server_DefaultID - INFO - Training client 46 (16/30)...
2026-03-19 01:21:35,011 - Server_DefaultID - INFO - Client 46: Acc=86.41, Loss=-343.3749, NLL=-1161.7578, KL=14.8754, AvgS=499.99, ProxLoss=0.0000
2026-03-19 01:21:35,011 - Server_DefaultID - INFO - Training client 65 (17/30)...
2026-03-19 01:21:35,416 - Server_DefaultID - INFO - Client 65: Acc=59.38, Loss=-117.0242, NLL=-401.3781, KL=9.5601, AvgS=172.19, ProxLoss=0.0000
2026-03-19 01:21:35,417 - Server_DefaultID - INFO - Training client 96 (18/30)...
2026-03-19 01:21:37,831 - Server_DefaultID - INFO - Client 96: Acc=89.17, Loss=-343.5477, NLL=-1161.6936, KL=14.8138, AvgS=499.97, ProxLoss=0.0000
2026-03-19 01:21:37,832 - Server_DefaultID - INFO - Training client 63 (19/30)...
2026-03-19 01:21:39,258 - Server_DefaultID - INFO - Client 63: Acc=75.50, Loss=-343.6248, NLL=-1161.6862, KL=14.7929, AvgS=499.96, ProxLoss=0.0000
2026-03-19 01:21:39,258 - Server_DefaultID - INFO - Training client 22 (20/30)...
2026-03-19 01:21:39,988 - Server_DefaultID - INFO - Client 22: Acc=62.97, Loss=-291.3062, NLL=-991.4762, KL=13.9371, AvgS=426.41, ProxLoss=0.0000
2026-03-19 01:21:39,988 - Server_DefaultID - INFO - Training client 91 (21/30)...
2026-03-19 01:21:40,941 - Server_DefaultID - INFO - Client 91: Acc=95.62, Loss=-342.0752, NLL=-1161.6011, KL=14.5131, AvgS=499.93, ProxLoss=0.0000
2026-03-19 01:21:40,941 - Server_DefaultID - INFO - Training client 99 (22/30)...
2026-03-19 01:21:41,355 - Server_DefaultID - INFO - Client 99: Acc=44.69, Loss=-157.3419, NLL=-533.0483, KL=8.6165, AvgS=228.62, ProxLoss=0.0000
2026-03-19 01:21:41,355 - Server_DefaultID - INFO - Training client 64 (23/30)...
2026-03-19 01:21:41,760 - Server_DefaultID - INFO - Client 64: Acc=60.94, Loss=-248.9233, NLL=-847.4626, KL=13.4126, AvgS=364.25, ProxLoss=0.0000
2026-03-19 01:21:41,760 - Server_DefaultID - INFO - Training client 27 (24/30)...
2026-03-19 01:21:42,709 - Server_DefaultID - INFO - Client 27: Acc=64.06, Loss=-344.3141, NLL=-1161.1860, KL=14.3898, AvgS=499.75, ProxLoss=0.0000
2026-03-19 01:21:42,710 - Server_DefaultID - INFO - Training client 58 (25/30)...
2026-03-19 01:21:44,749 - Server_DefaultID - INFO - Client 58: Acc=80.54, Loss=-342.1711, NLL=-1161.7618, KL=14.5688, AvgS=500.00, ProxLoss=0.0000
2026-03-19 01:21:44,750 - Server_DefaultID - INFO - Training client 44 (26/30)...
2026-03-19 01:21:46,959 - Server_DefaultID - INFO - Client 44: Acc=93.12, Loss=-343.1967, NLL=-1161.7136, KL=14.8691, AvgS=499.98, ProxLoss=0.0000
2026-03-19 01:21:46,959 - Server_DefaultID - INFO - Training client 52 (27/30)...
2026-03-19 01:21:47,981 - Server_DefaultID - INFO - Client 52: Acc=67.92, Loss=-343.1728, NLL=-1161.0456, KL=14.7313, AvgS=499.69, ProxLoss=0.0000
2026-03-19 01:21:47,981 - Server_DefaultID - INFO - Training client 83 (28/30)...
2026-03-19 01:21:50,641 - Server_DefaultID - INFO - Client 83: Acc=99.72, Loss=-341.1980, NLL=-1161.7543, KL=13.7330, AvgS=499.99, ProxLoss=0.0000
2026-03-19 01:21:50,641 - Server_DefaultID - INFO - Training client 29 (29/30)...
2026-03-19 01:21:51,842 - Server_DefaultID - INFO - Client 29: Acc=81.72, Loss=-342.9245, NLL=-1161.3981, KL=14.8915, AvgS=499.84, ProxLoss=0.0000
2026-03-19 01:21:51,843 - Server_DefaultID - INFO - Training client 49 (30/30)...
2026-03-19 01:21:53,689 - Server_DefaultID - INFO - Client 49: Acc=88.66, Loss=-343.2167, NLL=-1161.7313, KL=14.8945, AvgS=499.98, ProxLoss=0.0000
2026-03-19 01:21:53,947 - Server_DefaultID - WARNING - Global prior extremely imbalanced (max/min=1.0), applied adaptive smoothing lam=0.10.
2026-03-19 01:21:53,947 - Server_DefaultID - INFO - Round [34/200] Summary | Avg Client Train Stats:	Loss [-338.9028]	 Acc [81.10]	NLL [-1146.2894]	 KL [14.4471]	AvgS [493.32]	 ProxLoss [0.0000]
GlobalPriorAlpha (first 10): [5.0, 5.0, 5.0, 5.0, 5.0, 5.0, 5.0, 5.0, 5.0, 5.0]
Round Time: 46.80s
2026-03-19 01:21:53,949 - Server_DefaultID - INFO - --- Global Round 35/200 ---
2026-03-19 01:21:53,950 - Server_DefaultID - INFO - Selected 30 active clients for round 35.
2026-03-19 01:21:53,950 - Server_DefaultID - INFO - Training client 76 (1/30)...
2026-03-19 01:21:56,015 - Server_DefaultID - INFO - Client 76: Acc=88.24, Loss=-345.2255, NLL=-1161.7543, KL=13.9809, AvgS=499.99, ProxLoss=0.0000
2026-03-19 01:21:56,015 - Server_DefaultID - INFO - Training client 47 (2/30)...
2026-03-19 01:21:58,938 - Server_DefaultID - INFO - Client 47: Acc=74.27, Loss=-344.9512, NLL=-1161.6904, KL=14.1158, AvgS=499.97, ProxLoss=0.0000
2026-03-19 01:21:58,938 - Server_DefaultID - INFO - Training client 34 (3/30)...
2026-03-19 01:22:00,040 - Server_DefaultID - INFO - Client 34: Acc=74.17, Loss=-343.9863, NLL=-1161.2314, KL=14.5474, AvgS=499.77, ProxLoss=0.0000
2026-03-19 01:22:00,040 - Server_DefaultID - INFO - Training client 20 (4/30)...
2026-03-19 01:22:01,692 - Server_DefaultID - INFO - Client 20: Acc=67.60, Loss=-345.6946, NLL=-1161.7110, KL=12.9073, AvgS=499.97, ProxLoss=0.0000
2026-03-19 01:22:01,693 - Server_DefaultID - INFO - Training client 5 (5/30)...
2026-03-19 01:22:02,194 - Server_DefaultID - INFO - Client 5: Acc=70.00, Loss=-344.5181, NLL=-1161.7699, KL=14.4588, AvgS=500.00, ProxLoss=0.0000
2026-03-19 01:22:02,194 - Server_DefaultID - INFO - Training client 78 (6/30)...
2026-03-19 01:22:09,609 - Server_DefaultID - INFO - Client 78: Acc=95.68, Loss=-343.4343, NLL=-1161.7684, KL=14.7350, AvgS=500.00, ProxLoss=0.0000
2026-03-19 01:22:09,609 - Server_DefaultID - INFO - Training client 31 (7/30)...
2026-03-19 01:22:11,912 - Server_DefaultID - INFO - Client 31: Acc=83.09, Loss=-343.2083, NLL=-1161.7188, KL=14.8820, AvgS=499.98, ProxLoss=0.0000
2026-03-19 01:22:11,913 - Server_DefaultID - INFO - Training client 55 (8/30)...
2026-03-19 01:22:19,173 - Server_DefaultID - INFO - Client 55: Acc=87.34, Loss=-343.9512, NLL=-1161.7419, KL=14.8056, AvgS=499.99, ProxLoss=0.0000
2026-03-19 01:22:19,173 - Server_DefaultID - INFO - Training client 94 (9/30)...
2026-03-19 01:22:21,958 - Server_DefaultID - INFO - Client 94: Acc=85.23, Loss=-343.2542, NLL=-1161.6949, KL=14.8423, AvgS=499.97, ProxLoss=0.0000
2026-03-19 01:22:21,958 - Server_DefaultID - INFO - Training client 7 (10/30)...
2026-03-19 01:22:23,613 - Server_DefaultID - INFO - Client 7: Acc=66.77, Loss=-343.4840, NLL=-1161.7150, KL=14.8026, AvgS=499.98, ProxLoss=0.0000
2026-03-19 01:22:23,613 - Server_DefaultID - INFO - Training client 71 (11/30)...
2026-03-19 01:22:24,326 - Server_DefaultID - INFO - Client 71: Acc=64.84, Loss=-335.4272, NLL=-1134.3356, KL=14.2387, AvgS=488.15, ProxLoss=0.0000
2026-03-19 01:22:24,326 - Server_DefaultID - INFO - Training client 67 (12/30)...
2026-03-19 01:22:26,171 - Server_DefaultID - INFO - Client 67: Acc=77.71, Loss=-344.1285, NLL=-1161.6261, KL=14.6994, AvgS=499.94, ProxLoss=0.0000
2026-03-19 01:22:26,171 - Server_DefaultID - INFO - Training client 24 (13/30)...
2026-03-19 01:22:26,581 - Server_DefaultID - INFO - Client 24: Acc=55.62, Loss=-139.7154, NLL=-475.1705, KL=9.3303, AvgS=203.77, ProxLoss=0.0000
2026-03-19 01:22:26,581 - Server_DefaultID - INFO - Training client 28 (14/30)...
2026-03-19 01:22:27,053 - Server_DefaultID - INFO - Client 28: Acc=51.88, Loss=-195.0532, NLL=-668.2007, KL=12.1017, AvgS=286.92, ProxLoss=0.0000
2026-03-19 01:22:27,053 - Server_DefaultID - INFO - Training client 63 (15/30)...
2026-03-19 01:22:28,677 - Server_DefaultID - INFO - Client 63: Acc=76.44, Loss=-343.5438, NLL=-1161.7341, KL=14.8024, AvgS=499.98, ProxLoss=0.0000
2026-03-19 01:22:28,678 - Server_DefaultID - INFO - Training client 25 (16/30)...
2026-03-19 01:22:29,446 - Server_DefaultID - INFO - Client 25: Acc=95.31, Loss=-342.8104, NLL=-1160.1416, KL=14.7795, AvgS=499.30, ProxLoss=0.0000
2026-03-19 01:22:29,446 - Server_DefaultID - INFO - Training client 87 (17/30)...
2026-03-19 01:22:31,503 - Server_DefaultID - INFO - Client 87: Acc=73.21, Loss=-345.5345, NLL=-1161.7656, KL=13.5279, AvgS=500.00, ProxLoss=0.0000
2026-03-19 01:22:31,503 - Server_DefaultID - INFO - Training client 99 (18/30)...
2026-03-19 01:22:31,947 - Server_DefaultID - INFO - Client 99: Acc=46.25, Loss=-179.7654, NLL=-607.5927, KL=8.4951, AvgS=260.73, ProxLoss=0.0000
2026-03-19 01:22:31,948 - Server_DefaultID - INFO - Training client 85 (19/30)...
2026-03-19 01:22:35,124 - Server_DefaultID - INFO - Client 85: Acc=99.74, Loss=-341.1442, NLL=-1161.7609, KL=13.7204, AvgS=500.00, ProxLoss=0.0000
2026-03-19 01:22:35,125 - Server_DefaultID - INFO - Training client 42 (20/30)...
2026-03-19 01:22:36,715 - Server_DefaultID - INFO - Client 42: Acc=90.89, Loss=-343.3685, NLL=-1161.7012, KL=14.6906, AvgS=499.97, ProxLoss=0.0000
2026-03-19 01:22:36,715 - Server_DefaultID - INFO - Training client 12 (21/30)...
2026-03-19 01:22:38,255 - Server_DefaultID - INFO - Client 12: Acc=74.25, Loss=-344.9774, NLL=-1161.6559, KL=13.9144, AvgS=499.95, ProxLoss=0.0000
2026-03-19 01:22:38,255 - Server_DefaultID - INFO - Training client 74 (22/30)...
2026-03-19 01:22:39,370 - Server_DefaultID - INFO - Client 74: Acc=61.02, Loss=-343.3505, NLL=-1161.5597, KL=14.8369, AvgS=499.91, ProxLoss=0.0000
2026-03-19 01:22:39,370 - Server_DefaultID - INFO - Training client 1 (23/30)...
2026-03-19 01:22:40,114 - Server_DefaultID - INFO - Client 1: Acc=58.28, Loss=-343.8427, NLL=-1161.7696, KL=14.7841, AvgS=500.00, ProxLoss=0.0000
2026-03-19 01:22:40,114 - Server_DefaultID - INFO - Training client 40 (24/30)...
2026-03-19 01:22:41,995 - Server_DefaultID - INFO - Client 40: Acc=73.65, Loss=-344.9398, NLL=-1161.5813, KL=14.0153, AvgS=499.92, ProxLoss=0.0000
2026-03-19 01:22:41,995 - Server_DefaultID - INFO - Training client 9 (25/30)...
2026-03-19 01:22:44,159 - Server_DefaultID - INFO - Client 9: Acc=97.54, Loss=-341.9671, NLL=-1161.7535, KL=14.3237, AvgS=499.99, ProxLoss=0.0000
2026-03-19 01:22:44,159 - Server_DefaultID - INFO - Training client 95 (26/30)...
2026-03-19 01:22:48,170 - Server_DefaultID - INFO - Client 95: Acc=73.16, Loss=-342.2959, NLL=-1161.7003, KL=14.6574, AvgS=499.97, ProxLoss=0.0000
2026-03-19 01:22:48,170 - Server_DefaultID - INFO - Training client 6 (27/30)...
2026-03-19 01:22:49,211 - Server_DefaultID - INFO - Client 6: Acc=85.31, Loss=-343.0996, NLL=-1161.7167, KL=14.7559, AvgS=499.98, ProxLoss=0.0000
2026-03-19 01:22:49,211 - Server_DefaultID - INFO - Training client 97 (28/30)...
2026-03-19 01:22:56,273 - Server_DefaultID - INFO - Client 97: Acc=99.59, Loss=-341.1917, NLL=-1161.7173, KL=13.7748, AvgS=499.98, ProxLoss=0.0000
2026-03-19 01:22:56,273 - Server_DefaultID - INFO - Training client 33 (29/30)...
2026-03-19 01:22:58,289 - Server_DefaultID - INFO - Client 33: Acc=66.83, Loss=-344.9812, NLL=-1161.7397, KL=13.9762, AvgS=499.99, ProxLoss=0.0000
2026-03-19 01:22:58,289 - Server_DefaultID - INFO - Training client 96 (30/30)...
2026-03-19 01:23:00,802 - Server_DefaultID - INFO - Client 96: Acc=92.15, Loss=-343.5217, NLL=-1161.7521, KL=14.8070, AvgS=499.99, ProxLoss=0.0000
2026-03-19 01:23:01,041 - Server_DefaultID - WARNING - Global prior extremely imbalanced (max/min=1.0), applied adaptive smoothing lam=0.10.
2026-03-19 01:23:01,042 - Server_DefaultID - INFO - Round [35/200] Summary | Avg Client Train Stats:	Loss [-339.8729]	 Acc [84.58]	NLL [-1149.8036]	 KL [14.3043]	AvgS [494.83]	 ProxLoss [0.0000]
GlobalPriorAlpha (first 10): [5.0, 5.0, 5.0, 5.0, 5.0, 5.0, 5.0, 5.0, 5.0, 5.0]
Round Time: 67.09s
2026-03-19 01:23:01,044 - Server_DefaultID - INFO - --- Global Round 36/200 ---
2026-03-19 01:23:01,045 - Server_DefaultID - INFO - Selected 30 active clients for round 36.
2026-03-19 01:23:01,045 - Server_DefaultID - INFO - Training client 88 (1/30)...
2026-03-19 01:23:02,984 - Server_DefaultID - INFO - Client 88: Acc=62.81, Loss=-344.0866, NLL=-1161.5668, KL=14.5274, AvgS=499.91, ProxLoss=0.0000
2026-03-19 01:23:02,985 - Server_DefaultID - INFO - Training client 62 (2/30)...
2026-03-19 01:23:03,696 - Server_DefaultID - INFO - Client 62: Acc=90.62, Loss=-339.4423, NLL=-1150.0129, KL=14.7504, AvgS=494.92, ProxLoss=0.0000
2026-03-19 01:23:03,696 - Server_DefaultID - INFO - Training client 20 (3/30)...
2026-03-19 01:23:05,408 - Server_DefaultID - INFO - Client 20: Acc=71.35, Loss=-345.6699, NLL=-1161.6825, KL=12.9838, AvgS=499.96, ProxLoss=0.0000
2026-03-19 01:23:05,408 - Server_DefaultID - INFO - Training client 36 (4/30)...
2026-03-19 01:23:11,327 - Server_DefaultID - INFO - Client 36: Acc=98.36, Loss=-342.2262, NLL=-1161.7318, KL=14.5472, AvgS=499.98, ProxLoss=0.0000
2026-03-19 01:23:11,327 - Server_DefaultID - INFO - Training client 98 (5/30)...
2026-03-19 01:23:12,308 - Server_DefaultID - INFO - Client 98: Acc=90.42, Loss=-341.8892, NLL=-1161.5539, KL=14.5124, AvgS=499.91, ProxLoss=0.0000
2026-03-19 01:23:12,308 - Server_DefaultID - INFO - Training client 4 (6/30)...
2026-03-19 01:23:14,032 - Server_DefaultID - INFO - Client 4: Acc=72.81, Loss=-345.0364, NLL=-1161.7268, KL=13.9506, AvgS=499.98, ProxLoss=0.0000
2026-03-19 01:23:14,032 - Server_DefaultID - INFO - Training client 32 (7/30)...
2026-03-19 01:23:15,745 - Server_DefaultID - INFO - Client 32: Acc=87.24, Loss=-343.8999, NLL=-1161.5906, KL=14.7114, AvgS=499.92, ProxLoss=0.0000
2026-03-19 01:23:15,745 - Server_DefaultID - INFO - Training client 10 (8/30)...
2026-03-19 01:23:17,018 - Server_DefaultID - INFO - Client 10: Acc=62.34, Loss=-344.9727, NLL=-1161.6629, KL=13.8524, AvgS=499.95, ProxLoss=0.0000
2026-03-19 01:23:17,019 - Server_DefaultID - INFO - Training client 80 (9/30)...
2026-03-19 01:23:17,444 - Server_DefaultID - INFO - Client 80: Acc=64.38, Loss=-250.9746, NLL=-851.8405, KL=13.2352, AvgS=366.14, ProxLoss=0.0000
2026-03-19 01:23:17,444 - Server_DefaultID - INFO - Training client 43 (10/30)...
2026-03-19 01:23:21,394 - Server_DefaultID - INFO - Client 43: Acc=89.38, Loss=-343.1539, NLL=-1161.7352, KL=14.8946, AvgS=499.99, ProxLoss=0.0000
2026-03-19 01:23:21,394 - Server_DefaultID - INFO - Training client 40 (11/30)...
2026-03-19 01:23:23,113 - Server_DefaultID - INFO - Client 40: Acc=75.47, Loss=-344.9200, NLL=-1161.7207, KL=14.0539, AvgS=499.98, ProxLoss=0.0000
2026-03-19 01:23:23,113 - Server_DefaultID - INFO - Training client 17 (12/30)...
2026-03-19 01:23:23,844 - Server_DefaultID - INFO - Client 17: Acc=79.84, Loss=-344.2246, NLL=-1161.4155, KL=14.5085, AvgS=499.85, ProxLoss=0.0000
2026-03-19 01:23:23,844 - Server_DefaultID - INFO - Training client 99 (13/30)...
2026-03-19 01:23:24,309 - Server_DefaultID - INFO - Client 99: Acc=45.00, Loss=-200.9980, NLL=-678.6229, KL=8.4752, AvgS=291.34, ProxLoss=0.0000
2026-03-19 01:23:24,309 - Server_DefaultID - INFO - Training client 65 (14/30)...
2026-03-19 01:23:24,902 - Server_DefaultID - INFO - Client 65: Acc=55.62, Loss=-137.9889, NLL=-472.4140, KL=10.3169, AvgS=202.63, ProxLoss=0.0000
2026-03-19 01:23:24,902 - Server_DefaultID - INFO - Training client 78 (15/30)...
2026-03-19 01:23:32,396 - Server_DefaultID - INFO - Client 78: Acc=95.80, Loss=-343.3082, NLL=-1161.7583, KL=14.7657, AvgS=500.00, ProxLoss=0.0000
2026-03-19 01:23:32,396 - Server_DefaultID - INFO - Training client 90 (16/30)...
2026-03-19 01:23:34,705 - Client_90 - WARNING - Client 90: Too few classes (1) or samples (592) for alpha report, returning uniform.
2026-03-19 01:23:34,706 - Server_DefaultID - INFO - Client 90: Acc=100.00, Loss=-340.8774, NLL=-1161.7261, KL=13.5615, AvgS=499.98, ProxLoss=0.0000
2026-03-19 01:23:34,706 - Server_DefaultID - INFO - Training client 22 (17/30)...
2026-03-19 01:23:35,547 - Server_DefaultID - INFO - Client 22: Acc=65.94, Loss=-320.1896, NLL=-1085.8514, KL=14.3156, AvgS=467.19, ProxLoss=0.0000
2026-03-19 01:23:35,547 - Server_DefaultID - INFO - Training client 69 (18/30)...
2026-03-19 01:23:36,326 - Server_DefaultID - INFO - Client 69: Acc=56.09, Loss=-342.5422, NLL=-1157.8777, KL=14.4822, AvgS=498.32, ProxLoss=0.0000
2026-03-19 01:23:36,327 - Server_DefaultID - INFO - Training client 85 (19/30)...
2026-03-19 01:23:39,596 - Server_DefaultID - INFO - Client 85: Acc=99.74, Loss=-341.0606, NLL=-1161.7143, KL=13.7042, AvgS=499.98, ProxLoss=0.0000
2026-03-19 01:23:39,597 - Server_DefaultID - INFO - Training client 83 (20/30)...
2026-03-19 01:23:42,324 - Server_DefaultID - INFO - Client 83: Acc=99.72, Loss=-341.0534, NLL=-1161.6507, KL=13.7133, AvgS=499.95, ProxLoss=0.0000
2026-03-19 01:23:42,324 - Server_DefaultID - INFO - Training client 35 (21/30)...
2026-03-19 01:23:43,171 - Server_DefaultID - INFO - Client 35: Acc=71.88, Loss=-344.4885, NLL=-1161.4503, KL=14.2593, AvgS=499.86, ProxLoss=0.0000
2026-03-19 01:23:43,171 - Server_DefaultID - INFO - Training client 89 (22/30)...
2026-03-19 01:23:46,868 - Server_DefaultID - INFO - Client 89: Acc=98.55, Loss=-341.7495, NLL=-1161.7694, KL=14.1523, AvgS=500.00, ProxLoss=0.0000
2026-03-19 01:23:46,868 - Server_DefaultID - INFO - Training client 75 (23/30)...
2026-03-19 01:23:49,260 - Server_DefaultID - INFO - Client 75: Acc=92.11, Loss=-342.3319, NLL=-1161.7652, KL=14.6096, AvgS=500.00, ProxLoss=0.0000
2026-03-19 01:23:49,260 - Server_DefaultID - INFO - Training client 56 (24/30)...
2026-03-19 01:23:51,460 - Server_DefaultID - INFO - Client 56: Acc=84.84, Loss=-342.9675, NLL=-1161.4193, KL=14.8779, AvgS=499.85, ProxLoss=0.0000
2026-03-19 01:23:51,460 - Server_DefaultID - INFO - Training client 3 (25/30)...
2026-03-19 01:23:54,055 - Server_DefaultID - INFO - Client 3: Acc=71.77, Loss=-345.3868, NLL=-1161.7403, KL=13.4601, AvgS=499.99, ProxLoss=0.0000
2026-03-19 01:23:54,055 - Server_DefaultID - INFO - Training client 55 (26/30)...
2026-03-19 01:24:01,721 - Server_DefaultID - INFO - Client 55: Acc=88.29, Loss=-343.9893, NLL=-1161.7411, KL=14.8014, AvgS=499.99, ProxLoss=0.0000
2026-03-19 01:24:01,721 - Server_DefaultID - INFO - Training client 29 (27/30)...
2026-03-19 01:24:02,791 - Server_DefaultID - INFO - Client 29: Acc=81.95, Loss=-342.8143, NLL=-1161.6308, KL=14.8742, AvgS=499.94, ProxLoss=0.0000
2026-03-19 01:24:02,791 - Server_DefaultID - INFO - Training client 58 (28/30)...
2026-03-19 01:24:04,608 - Server_DefaultID - INFO - Client 58: Acc=79.55, Loss=-342.0188, NLL=-1161.6579, KL=14.5677, AvgS=499.95, ProxLoss=0.0000
2026-03-19 01:24:04,608 - Server_DefaultID - INFO - Training client 12 (29/30)...
2026-03-19 01:24:05,865 - Server_DefaultID - INFO - Client 12: Acc=79.31, Loss=-345.2234, NLL=-1161.7699, KL=13.8149, AvgS=500.00, ProxLoss=0.0000
2026-03-19 01:24:05,865 - Server_DefaultID - INFO - Training client 28 (30/30)...
2026-03-19 01:24:06,264 - Server_DefaultID - INFO - Client 28: Acc=53.44, Loss=-219.2835, NLL=-750.4686, KL=12.5556, AvgS=322.38, ProxLoss=0.0000
2026-03-19 01:24:06,545 - Server_DefaultID - WARNING - Global prior extremely imbalanced (max/min=1.0), applied adaptive smoothing lam=0.10.
2026-03-19 01:24:06,545 - Server_DefaultID - INFO - Round [36/200] Summary | Avg Client Train Stats:	Loss [-339.4271]	 Acc [87.29]	NLL [-1149.3825]	 KL [14.2916]	AvgS [494.65]	 ProxLoss [0.0000]
GlobalPriorAlpha (first 10): [5.0, 5.0, 5.0, 5.0, 5.0, 5.0, 5.0, 5.0, 5.0, 5.0]
Round Time: 65.50s
2026-03-19 01:24:06,548 - Server_DefaultID - INFO - --- Global Round 37/200 ---
2026-03-19 01:24:06,548 - Server_DefaultID - INFO - Selected 30 active clients for round 37.
2026-03-19 01:24:06,548 - Server_DefaultID - INFO - Training client 92 (1/30)...
2026-03-19 01:24:07,793 - Server_DefaultID - INFO - Client 92: Acc=95.31, Loss=-343.1084, NLL=-1161.3453, KL=14.6157, AvgS=499.82, ProxLoss=0.0000
2026-03-19 01:24:07,793 - Server_DefaultID - INFO - Training client 85 (2/30)...
2026-03-19 01:24:10,902 - Server_DefaultID - INFO - Client 85: Acc=99.74, Loss=-341.0521, NLL=-1161.7400, KL=13.7203, AvgS=499.99, ProxLoss=0.0000
2026-03-19 01:24:10,902 - Server_DefaultID - INFO - Training client 32 (3/30)...
2026-03-19 01:24:12,604 - Server_DefaultID - INFO - Client 32: Acc=88.70, Loss=-343.6913, NLL=-1161.4195, KL=14.7635, AvgS=499.85, ProxLoss=0.0000
2026-03-19 01:24:12,604 - Server_DefaultID - INFO - Training client 83 (4/30)...
2026-03-19 01:24:15,376 - Server_DefaultID - INFO - Client 83: Acc=99.69, Loss=-341.0677, NLL=-1161.7375, KL=13.7519, AvgS=499.99, ProxLoss=0.0000
2026-03-19 01:24:15,377 - Server_DefaultID - INFO - Training client 46 (5/30)...
2026-03-19 01:24:17,564 - Server_DefaultID - INFO - Client 46: Acc=87.38, Loss=-343.2708, NLL=-1161.7445, KL=14.8602, AvgS=499.99, ProxLoss=0.0000
2026-03-19 01:24:17,564 - Server_DefaultID - INFO - Training client 15 (6/30)...
2026-03-19 01:24:18,297 - Server_DefaultID - INFO - Client 15: Acc=59.84, Loss=-343.2308, NLL=-1161.7181, KL=14.7957, AvgS=499.98, ProxLoss=0.0000
2026-03-19 01:24:18,297 - Server_DefaultID - INFO - Training client 25 (7/30)...
2026-03-19 01:24:18,975 - Server_DefaultID - INFO - Client 25: Acc=95.47, Loss=-342.3344, NLL=-1159.8210, KL=14.5195, AvgS=499.16, ProxLoss=0.0000
2026-03-19 01:24:18,975 - Server_DefaultID - INFO - Training client 59 (8/30)...
2026-03-19 01:24:21,404 - Server_DefaultID - INFO - Client 59: Acc=88.44, Loss=-343.4014, NLL=-1161.7442, KL=14.8601, AvgS=499.99, ProxLoss=0.0000
2026-03-19 01:24:21,404 - Server_DefaultID - INFO - Training client 68 (9/30)...
2026-03-19 01:24:23,692 - Server_DefaultID - INFO - Client 68: Acc=91.18, Loss=-341.9233, NLL=-1161.6135, KL=14.5131, AvgS=499.93, ProxLoss=0.0000
2026-03-19 01:24:23,693 - Server_DefaultID - INFO - Training client 89 (10/30)...
2026-03-19 01:24:28,418 - Server_DefaultID - INFO - Client 89: Acc=98.55, Loss=-341.7810, NLL=-1161.7665, KL=14.2406, AvgS=500.00, ProxLoss=0.0000
2026-03-19 01:24:28,418 - Server_DefaultID - INFO - Training client 7 (11/30)...
2026-03-19 01:24:30,074 - Server_DefaultID - INFO - Client 7: Acc=69.95, Loss=-343.4786, NLL=-1161.7299, KL=14.7990, AvgS=499.98, ProxLoss=0.0000
2026-03-19 01:24:30,074 - Server_DefaultID - INFO - Training client 41 (12/30)...
2026-03-19 01:24:32,158 - Server_DefaultID - INFO - Client 41: Acc=90.66, Loss=-342.5451, NLL=-1161.7533, KL=14.6649, AvgS=499.99, ProxLoss=0.0000
2026-03-19 01:24:32,158 - Server_DefaultID - INFO - Training client 1 (13/30)...
2026-03-19 01:24:32,868 - Server_DefaultID - INFO - Client 1: Acc=64.06, Loss=-343.7830, NLL=-1161.5620, KL=14.7819, AvgS=499.91, ProxLoss=0.0000
2026-03-19 01:24:32,868 - Server_DefaultID - INFO - Training client 66 (14/30)...
2026-03-19 01:24:34,866 - Server_DefaultID - INFO - Client 66: Acc=88.17, Loss=-342.8199, NLL=-1161.5862, KL=14.8389, AvgS=499.92, ProxLoss=0.0000
2026-03-19 01:24:34,866 - Server_DefaultID - INFO - Training client 39 (15/30)...
2026-03-19 01:24:38,398 - Server_DefaultID - INFO - Client 39: Acc=81.38, Loss=-343.3628, NLL=-1161.7176, KL=14.8369, AvgS=499.98, ProxLoss=0.0000
2026-03-19 01:24:38,398 - Server_DefaultID - INFO - Training client 90 (16/30)...
2026-03-19 01:24:40,854 - Client_90 - WARNING - Client 90: Too few classes (1) or samples (592) for alpha report, returning uniform.
2026-03-19 01:24:40,854 - Server_DefaultID - INFO - Client 90: Acc=100.00, Loss=-340.8371, NLL=-1161.7069, KL=13.5613, AvgS=499.97, ProxLoss=0.0000
2026-03-19 01:24:40,854 - Server_DefaultID - INFO - Training client 13 (17/30)...
2026-03-19 01:24:41,299 - Server_DefaultID - INFO - Client 13: Acc=59.69, Loss=-342.6352, NLL=-1161.7699, KL=14.8189, AvgS=500.00, ProxLoss=0.0000
2026-03-19 01:24:41,299 - Server_DefaultID - INFO - Training client 77 (18/30)...
2026-03-19 01:24:45,090 - Server_DefaultID - INFO - Client 77: Acc=93.65, Loss=-343.0418, NLL=-1161.7529, KL=14.8543, AvgS=499.99, ProxLoss=0.0000
2026-03-19 01:24:45,091 - Server_DefaultID - INFO - Training client 73 (19/30)...
2026-03-19 01:24:48,540 - Server_DefaultID - INFO - Client 73: Acc=91.75, Loss=-342.6419, NLL=-1161.7045, KL=14.6967, AvgS=499.97, ProxLoss=0.0000
2026-03-19 01:24:48,540 - Server_DefaultID - INFO - Training client 12 (20/30)...
2026-03-19 01:24:49,886 - Server_DefaultID - INFO - Client 12: Acc=79.31, Loss=-345.1141, NLL=-1161.7578, KL=13.9059, AvgS=499.99, ProxLoss=0.0000
2026-03-19 01:24:49,886 - Server_DefaultID - INFO - Training client 2 (21/30)...
2026-03-19 01:24:52,268 - Server_DefaultID - INFO - Client 2: Acc=79.31, Loss=-343.2404, NLL=-1161.6942, KL=14.8571, AvgS=499.97, ProxLoss=0.0000
2026-03-19 01:24:52,268 - Server_DefaultID - INFO - Training client 76 (22/30)...
2026-03-19 01:24:54,646 - Server_DefaultID - INFO - Client 76: Acc=90.20, Loss=-345.1880, NLL=-1161.7322, KL=13.8712, AvgS=499.98, ProxLoss=0.0000
2026-03-19 01:24:54,646 - Server_DefaultID - INFO - Training client 16 (23/30)...
2026-03-19 01:24:55,401 - Server_DefaultID - INFO - Client 16: Acc=68.44, Loss=-342.9077, NLL=-1161.7677, KL=14.8950, AvgS=500.00, ProxLoss=0.0000
2026-03-19 01:24:55,401 - Server_DefaultID - INFO - Training client 24 (24/30)...
2026-03-19 01:24:55,872 - Server_DefaultID - INFO - Client 24: Acc=60.31, Loss=-162.7432, NLL=-551.5779, KL=9.4789, AvgS=236.64, ProxLoss=0.0000
2026-03-19 01:24:55,872 - Server_DefaultID - INFO - Training client 10 (25/30)...
2026-03-19 01:24:57,066 - Server_DefaultID - INFO - Client 10: Acc=63.28, Loss=-345.0191, NLL=-1161.7141, KL=13.8709, AvgS=499.98, ProxLoss=0.0000
2026-03-19 01:24:57,066 - Server_DefaultID - INFO - Training client 40 (26/30)...
2026-03-19 01:24:58,770 - Server_DefaultID - INFO - Client 40: Acc=76.15, Loss=-344.8857, NLL=-1161.6447, KL=14.0533, AvgS=499.95, ProxLoss=0.0000
2026-03-19 01:24:58,770 - Server_DefaultID - INFO - Training client 57 (27/30)...
2026-03-19 01:25:04,120 - Server_DefaultID - INFO - Client 57: Acc=95.53, Loss=-342.9812, NLL=-1161.7443, KL=14.7942, AvgS=499.99, ProxLoss=0.0000
2026-03-19 01:25:04,120 - Server_DefaultID - INFO - Training client 78 (28/30)...
2026-03-19 01:25:11,357 - Server_DefaultID - INFO - Client 78: Acc=95.72, Loss=-343.2543, NLL=-1161.7555, KL=14.6858, AvgS=499.99, ProxLoss=0.0000
2026-03-19 01:25:11,357 - Server_DefaultID - INFO - Training client 63 (29/30)...
2026-03-19 01:25:12,771 - Server_DefaultID - INFO - Client 63: Acc=78.56, Loss=-343.5304, NLL=-1161.7370, KL=14.7980, AvgS=499.99, ProxLoss=0.0000
2026-03-19 01:25:12,771 - Server_DefaultID - INFO - Training client 21 (30/30)...
2026-03-19 01:25:14,999 - Server_DefaultID - INFO - Client 21: Acc=78.44, Loss=-345.0593, NLL=-1161.7361, KL=14.0330, AvgS=499.99, ProxLoss=0.0000
2026-03-19 01:25:15,324 - Server_DefaultID - WARNING - Global prior extremely imbalanced (max/min=1.0), applied adaptive smoothing lam=0.10.
2026-03-19 01:25:15,325 - Server_DefaultID - INFO - Round [37/200] Summary | Avg Client Train Stats:	Loss [-341.9671]	 Acc [88.88]	NLL [-1158.2080]	 KL [14.4620]	AvgS [498.46]	 ProxLoss [0.0000]
GlobalPriorAlpha (first 10): [5.0, 5.0, 5.0, 5.0, 5.0, 5.0, 5.0, 5.0, 5.0, 5.0]
Round Time: 68.78s
2026-03-19 01:25:15,328 - Server_DefaultID - INFO - --- Global Round 38/200 ---
2026-03-19 01:25:15,328 - Server_DefaultID - INFO - Selected 30 active clients for round 38.
2026-03-19 01:25:15,329 - Server_DefaultID - INFO - Training client 51 (1/30)...
2026-03-19 01:25:16,038 - Server_DefaultID - INFO - Client 51: Acc=48.12, Loss=-344.7615, NLL=-1160.7138, KL=13.0718, AvgS=499.54, ProxLoss=0.0000
2026-03-19 01:25:16,038 - Server_DefaultID - INFO - Training client 43 (2/30)...
2026-03-19 01:25:18,737 - Server_DefaultID - INFO - Client 43: Acc=91.19, Loss=-343.0635, NLL=-1161.6951, KL=14.8941, AvgS=499.97, ProxLoss=0.0000
2026-03-19 01:25:18,737 - Server_DefaultID - INFO - Training client 74 (3/30)...
2026-03-19 01:25:19,926 - Server_DefaultID - INFO - Client 74: Acc=63.98, Loss=-343.4035, NLL=-1161.7370, KL=14.8335, AvgS=499.99, ProxLoss=0.0000
2026-03-19 01:25:19,926 - Server_DefaultID - INFO - Training client 88 (4/30)...
2026-03-19 01:25:21,639 - Server_DefaultID - INFO - Client 88: Acc=62.60, Loss=-344.1801, NLL=-1161.6799, KL=14.4573, AvgS=499.96, ProxLoss=0.0000
2026-03-19 01:25:21,639 - Server_DefaultID - INFO - Training client 38 (5/30)...
2026-03-19 01:25:22,385 - Server_DefaultID - INFO - Client 38: Acc=65.62, Loss=-345.3290, NLL=-1161.2660, KL=12.6404, AvgS=499.78, ProxLoss=0.0000
2026-03-19 01:25:22,385 - Server_DefaultID - INFO - Training client 87 (6/30)...
2026-03-19 01:25:24,339 - Server_DefaultID - INFO - Client 87: Acc=78.88, Loss=-345.2399, NLL=-1161.6129, KL=13.6479, AvgS=499.93, ProxLoss=0.0000
2026-03-19 01:25:24,342 - Server_DefaultID - INFO - Training client 72 (7/30)...
2026-03-19 01:25:25,508 - Server_DefaultID - INFO - Client 72: Acc=94.92, Loss=-342.3056, NLL=-1161.7699, KL=14.6001, AvgS=500.00, ProxLoss=0.0000
2026-03-19 01:25:25,508 - Server_DefaultID - INFO - Training client 75 (8/30)...
2026-03-19 01:25:27,692 - Server_DefaultID - INFO - Client 75: Acc=92.62, Loss=-342.2090, NLL=-1161.7511, KL=14.5877, AvgS=499.99, ProxLoss=0.0000
2026-03-19 01:25:27,692 - Server_DefaultID - INFO - Training client 39 (9/30)...
2026-03-19 01:25:31,543 - Server_DefaultID - INFO - Client 39: Acc=84.65, Loss=-343.3295, NLL=-1161.7571, KL=14.8289, AvgS=499.99, ProxLoss=0.0000
2026-03-19 01:25:31,543 - Server_DefaultID - INFO - Training client 15 (10/30)...
2026-03-19 01:25:32,236 - Server_DefaultID - INFO - Client 15: Acc=72.03, Loss=-343.5595, NLL=-1161.6410, KL=14.7181, AvgS=499.94, ProxLoss=0.0000
2026-03-19 01:25:32,236 - Server_DefaultID - INFO - Training client 30 (11/30)...
2026-03-19 01:25:34,277 - Server_DefaultID - INFO - Client 30: Acc=96.02, Loss=-341.9665, NLL=-1161.6730, KL=14.5137, AvgS=499.96, ProxLoss=0.0000
2026-03-19 01:25:34,277 - Server_DefaultID - INFO - Training client 44 (12/30)...
2026-03-19 01:25:36,805 - Server_DefaultID - INFO - Client 44: Acc=93.68, Loss=-343.0636, NLL=-1161.7542, KL=14.8780, AvgS=499.99, ProxLoss=0.0000
2026-03-19 01:25:36,805 - Server_DefaultID - INFO - Training client 57 (13/30)...
2026-03-19 01:25:41,118 - Server_DefaultID - INFO - Client 57: Acc=95.79, Loss=-342.8351, NLL=-1161.7530, KL=14.7633, AvgS=499.99, ProxLoss=0.0000
2026-03-19 01:25:41,118 - Server_DefaultID - INFO - Training client 27 (14/30)...
2026-03-19 01:25:42,004 - Server_DefaultID - INFO - Client 27: Acc=66.15, Loss=-344.1776, NLL=-1161.4075, KL=14.4295, AvgS=499.84, ProxLoss=0.0000
2026-03-19 01:25:42,005 - Server_DefaultID - INFO - Training client 94 (15/30)...
2026-03-19 01:25:44,946 - Server_DefaultID - INFO - Client 94: Acc=86.34, Loss=-343.1728, NLL=-1161.6381, KL=14.8534, AvgS=499.94, ProxLoss=0.0000
2026-03-19 01:25:44,946 - Server_DefaultID - INFO - Training client 97 (16/30)...
2026-03-19 01:25:52,866 - Server_DefaultID - INFO - Client 97: Acc=99.56, Loss=-341.1004, NLL=-1161.7400, KL=13.7902, AvgS=499.99, ProxLoss=0.0000
2026-03-19 01:25:52,866 - Server_DefaultID - INFO - Training client 41 (17/30)...
2026-03-19 01:25:55,063 - Server_DefaultID - INFO - Client 41: Acc=92.89, Loss=-342.5749, NLL=-1161.6120, KL=14.7382, AvgS=499.93, ProxLoss=0.0000
2026-03-19 01:25:55,063 - Server_DefaultID - INFO - Training client 18 (18/30)...
2026-03-19 01:25:58,583 - Server_DefaultID - INFO - Client 18: Acc=89.48, Loss=-343.4884, NLL=-1161.7417, KL=14.7982, AvgS=499.99, ProxLoss=0.0000
2026-03-19 01:25:58,583 - Server_DefaultID - INFO - Training client 22 (19/30)...
2026-03-19 01:25:59,259 - Server_DefaultID - INFO - Client 22: Acc=84.06, Loss=-336.7942, NLL=-1141.1639, KL=14.5609, AvgS=491.10, ProxLoss=0.0000
2026-03-19 01:25:59,259 - Server_DefaultID - INFO - Training client 81 (20/30)...
2026-03-19 01:26:01,048 - Server_DefaultID - INFO - Client 81: Acc=83.44, Loss=-343.2443, NLL=-1161.7312, KL=14.8520, AvgS=499.98, ProxLoss=0.0000
2026-03-19 01:26:01,048 - Server_DefaultID - INFO - Training client 62 (21/30)...
2026-03-19 01:26:01,710 - Server_DefaultID - INFO - Client 62: Acc=90.00, Loss=-343.4238, NLL=-1160.1935, KL=14.6708, AvgS=499.32, ProxLoss=0.0000
2026-03-19 01:26:01,710 - Server_DefaultID - INFO - Training client 86 (22/30)...
2026-03-19 01:26:03,191 - Server_DefaultID - INFO - Client 86: Acc=83.19, Loss=-343.1015, NLL=-1161.6458, KL=14.7954, AvgS=499.95, ProxLoss=0.0000
2026-03-19 01:26:03,192 - Server_DefaultID - INFO - Training client 6 (23/30)...
2026-03-19 01:26:04,056 - Server_DefaultID - INFO - Client 6: Acc=87.08, Loss=-343.2458, NLL=-1161.7666, KL=14.7671, AvgS=500.00, ProxLoss=0.0000
2026-03-19 01:26:04,056 - Server_DefaultID - INFO - Training client 42 (24/30)...
2026-03-19 01:26:05,818 - Server_DefaultID - INFO - Client 42: Acc=90.57, Loss=-343.1816, NLL=-1161.6238, KL=14.7203, AvgS=499.94, ProxLoss=0.0000
2026-03-19 01:26:05,818 - Server_DefaultID - INFO - Training client 80 (25/30)...
2026-03-19 01:26:06,192 - Server_DefaultID - INFO - Client 80: Acc=68.75, Loss=-276.6243, NLL=-936.8490, KL=13.5269, AvgS=402.86, ProxLoss=0.0000
2026-03-19 01:26:06,193 - Server_DefaultID - INFO - Training client 98 (26/30)...
2026-03-19 01:26:07,083 - Server_DefaultID - INFO - Client 98: Acc=91.15, Loss=-341.9158, NLL=-1161.7379, KL=14.5142, AvgS=499.99, ProxLoss=0.0000
2026-03-19 01:26:07,083 - Server_DefaultID - INFO - Training client 5 (27/30)...
2026-03-19 01:26:07,524 - Server_DefaultID - INFO - Client 5: Acc=71.88, Loss=-344.4780, NLL=-1160.7479, KL=14.2340, AvgS=499.56, ProxLoss=0.0000
2026-03-19 01:26:07,524 - Server_DefaultID - INFO - Training client 55 (28/30)...
2026-03-19 01:26:14,626 - Server_DefaultID - INFO - Client 55: Acc=89.05, Loss=-343.8972, NLL=-1161.7586, KL=14.7980, AvgS=500.00, ProxLoss=0.0000
2026-03-19 01:26:14,626 - Server_DefaultID - INFO - Training client 37 (29/30)...
2026-03-19 01:26:15,815 - Server_DefaultID - INFO - Client 37: Acc=78.20, Loss=-344.1556, NLL=-1161.5997, KL=14.5927, AvgS=499.93, ProxLoss=0.0000
2026-03-19 01:26:15,815 - Server_DefaultID - INFO - Training client 13 (30/30)...
2026-03-19 01:26:16,243 - Server_DefaultID - INFO - Client 13: Acc=64.69, Loss=-342.3301, NLL=-1161.0839, KL=14.8109, AvgS=499.71, ProxLoss=0.0000
2026-03-19 01:26:16,554 - Server_DefaultID - WARNING - Global prior extremely imbalanced (max/min=1.0), applied adaptive smoothing lam=0.10.
2026-03-19 01:26:16,555 - Server_DefaultID - INFO - Round [38/200] Summary | Avg Client Train Stats:	Loss [-342.5485]	 Acc [87.63]	NLL [-1159.8813]	 KL [14.5642]	AvgS [499.18]	 ProxLoss [0.0000]
GlobalPriorAlpha (first 10): [5.0, 5.0, 5.0, 5.0, 5.0, 5.0, 5.0, 5.0, 5.0, 5.0]
Round Time: 61.23s
2026-03-19 01:26:16,557 - Server_DefaultID - INFO - --- Global Round 39/200 ---
2026-03-19 01:26:16,558 - Server_DefaultID - INFO - Selected 30 active clients for round 39.
2026-03-19 01:26:16,558 - Server_DefaultID - INFO - Training client 55 (1/30)...
2026-03-19 01:26:24,764 - Server_DefaultID - INFO - Client 55: Acc=89.89, Loss=-343.8707, NLL=-1161.7469, KL=14.8037, AvgS=499.99, ProxLoss=0.0000
2026-03-19 01:26:24,764 - Server_DefaultID - INFO - Training client 1 (2/30)...
2026-03-19 01:26:25,390 - Server_DefaultID - INFO - Client 1: Acc=67.81, Loss=-343.7699, NLL=-1161.7439, KL=14.7836, AvgS=499.99, ProxLoss=0.0000
2026-03-19 01:26:25,390 - Server_DefaultID - INFO - Training client 58 (3/30)...
2026-03-19 01:26:27,436 - Server_DefaultID - INFO - Client 58: Acc=80.31, Loss=-341.8318, NLL=-1161.6480, KL=14.5568, AvgS=499.95, ProxLoss=0.0000
2026-03-19 01:26:27,436 - Server_DefaultID - INFO - Training client 68 (4/30)...
2026-03-19 01:26:29,734 - Server_DefaultID - INFO - Client 68: Acc=94.34, Loss=-341.9240, NLL=-1161.7378, KL=14.5143, AvgS=499.99, ProxLoss=0.0000
2026-03-19 01:26:29,734 - Server_DefaultID - INFO - Training client 94 (5/30)...
2026-03-19 01:26:32,554 - Server_DefaultID - INFO - Client 94: Acc=87.56, Loss=-343.0394, NLL=-1161.6890, KL=14.8504, AvgS=499.97, ProxLoss=0.0000
2026-03-19 01:26:32,555 - Server_DefaultID - INFO - Training client 75 (6/30)...
2026-03-19 01:26:34,583 - Server_DefaultID - INFO - Client 75: Acc=93.09, Loss=-342.1854, NLL=-1161.7047, KL=14.6089, AvgS=499.97, ProxLoss=0.0000
2026-03-19 01:26:34,583 - Server_DefaultID - INFO - Training client 42 (7/30)...
2026-03-19 01:26:35,956 - Server_DefaultID - INFO - Client 42: Acc=90.68, Loss=-343.0559, NLL=-1161.6742, KL=14.7195, AvgS=499.96, ProxLoss=0.0000
2026-03-19 01:26:35,956 - Server_DefaultID - INFO - Training client 64 (8/30)...
2026-03-19 01:26:36,398 - Server_DefaultID - INFO - Client 64: Acc=61.88, Loss=-268.4800, NLL=-912.8717, KL=13.6913, AvgS=392.49, ProxLoss=0.0000
2026-03-19 01:26:36,398 - Server_DefaultID - INFO - Training client 7 (9/30)...
2026-03-19 01:26:38,029 - Server_DefaultID - INFO - Client 7: Acc=70.68, Loss=-343.2561, NLL=-1161.6892, KL=14.8220, AvgS=499.97, ProxLoss=0.0000
2026-03-19 01:26:38,029 - Server_DefaultID - INFO - Training client 36 (10/30)...
2026-03-19 01:26:43,502 - Server_DefaultID - INFO - Client 36: Acc=98.72, Loss=-342.1048, NLL=-1161.7407, KL=14.5473, AvgS=499.99, ProxLoss=0.0000
2026-03-19 01:26:43,503 - Server_DefaultID - INFO - Training client 71 (11/30)...
2026-03-19 01:26:44,237 - Server_DefaultID - INFO - Client 71: Acc=69.22, Loss=-342.4917, NLL=-1157.2410, KL=14.4303, AvgS=498.04, ProxLoss=0.0000
2026-03-19 01:26:44,237 - Server_DefaultID - INFO - Training client 84 (12/30)...
2026-03-19 01:26:44,712 - Server_DefaultID - INFO - Client 84: Acc=46.42, Loss=-131.0400, NLL=-453.8838, KL=10.8521, AvgS=194.49, ProxLoss=0.0000
2026-03-19 01:26:44,712 - Server_DefaultID - INFO - Training client 60 (13/30)...
2026-03-19 01:26:45,657 - Server_DefaultID - INFO - Client 60: Acc=66.88, Loss=-342.3234, NLL=-1161.2105, KL=14.7478, AvgS=499.76, ProxLoss=0.0000
2026-03-19 01:26:45,657 - Server_DefaultID - INFO - Training client 45 (14/30)...
2026-03-19 01:26:47,757 - Server_DefaultID - INFO - Client 45: Acc=68.44, Loss=-342.8325, NLL=-1161.5796, KL=14.8815, AvgS=499.92, ProxLoss=0.0000
2026-03-19 01:26:47,757 - Server_DefaultID - INFO - Training client 49 (15/30)...
2026-03-19 01:26:49,596 - Server_DefaultID - INFO - Client 49: Acc=89.64, Loss=-343.0141, NLL=-1161.7442, KL=14.8947, AvgS=499.99, ProxLoss=0.0000
2026-03-19 01:26:49,596 - Server_DefaultID - INFO - Training client 40 (16/30)...
2026-03-19 01:26:51,305 - Server_DefaultID - INFO - Client 40: Acc=78.28, Loss=-344.7644, NLL=-1161.5824, KL=14.1021, AvgS=499.92, ProxLoss=0.0000
2026-03-19 01:26:51,305 - Server_DefaultID - INFO - Training client 11 (17/30)...
2026-03-19 01:26:52,832 - Server_DefaultID - INFO - Client 11: Acc=92.14, Loss=-343.5166, NLL=-1161.7688, KL=14.8268, AvgS=500.00, ProxLoss=0.0000
2026-03-19 01:26:52,833 - Server_DefaultID - INFO - Training client 15 (18/30)...
2026-03-19 01:26:53,558 - Server_DefaultID - INFO - Client 15: Acc=73.28, Loss=-343.7558, NLL=-1161.7185, KL=14.6971, AvgS=499.98, ProxLoss=0.0000
2026-03-19 01:26:53,558 - Server_DefaultID - INFO - Training client 65 (19/30)...
2026-03-19 01:26:54,034 - Server_DefaultID - INFO - Client 65: Acc=57.81, Loss=-157.8435, NLL=-539.1073, KL=10.7846, AvgS=231.34, ProxLoss=0.0000
2026-03-19 01:26:54,035 - Server_DefaultID - INFO - Training client 21 (20/30)...
2026-03-19 01:26:57,156 - Server_DefaultID - INFO - Client 21: Acc=81.52, Loss=-344.8067, NLL=-1161.5018, KL=14.1042, AvgS=499.88, ProxLoss=0.0000
2026-03-19 01:26:57,156 - Server_DefaultID - INFO - Training client 31 (21/30)...
2026-03-19 01:26:59,557 - Server_DefaultID - INFO - Client 31: Acc=85.76, Loss=-342.9749, NLL=-1161.6418, KL=14.8860, AvgS=499.94, ProxLoss=0.0000
2026-03-19 01:26:59,557 - Server_DefaultID - INFO - Training client 9 (22/30)...
2026-03-19 01:27:01,376 - Server_DefaultID - INFO - Client 9: Acc=97.63, Loss=-342.0813, NLL=-1161.7384, KL=14.4759, AvgS=499.99, ProxLoss=0.0000
2026-03-19 01:27:01,376 - Server_DefaultID - INFO - Training client 13 (23/30)...
2026-03-19 01:27:01,844 - Server_DefaultID - INFO - Client 13: Acc=59.69, Loss=-341.8876, NLL=-1161.3107, KL=14.6622, AvgS=499.80, ProxLoss=0.0000
2026-03-19 01:27:01,845 - Server_DefaultID - INFO - Training client 24 (24/30)...
2026-03-19 01:27:02,308 - Server_DefaultID - INFO - Client 24: Acc=54.38, Loss=-182.4317, NLL=-618.7070, KL=10.3957, AvgS=265.57, ProxLoss=0.0000
2026-03-19 01:27:02,308 - Server_DefaultID - INFO - Training client 92 (25/30)...
2026-03-19 01:27:03,425 - Server_DefaultID - INFO - Client 92: Acc=95.00, Loss=-343.1739, NLL=-1161.6416, KL=14.7465, AvgS=499.94, ProxLoss=0.0000
2026-03-19 01:27:03,425 - Server_DefaultID - INFO - Training client 82 (26/30)...
2026-03-19 01:27:04,773 - Server_DefaultID - INFO - Client 82: Acc=89.88, Loss=-342.8249, NLL=-1161.5557, KL=14.8039, AvgS=499.91, ProxLoss=0.0000
2026-03-19 01:27:04,773 - Server_DefaultID - INFO - Training client 38 (27/30)...
2026-03-19 01:27:05,510 - Server_DefaultID - INFO - Client 38: Acc=65.78, Loss=-345.3987, NLL=-1160.5626, KL=12.2905, AvgS=499.48, ProxLoss=0.0000
2026-03-19 01:27:05,510 - Server_DefaultID - INFO - Training client 76 (28/30)...
2026-03-19 01:27:07,618 - Server_DefaultID - INFO - Client 76: Acc=92.11, Loss=-345.1191, NLL=-1161.7314, KL=13.8990, AvgS=499.98, ProxLoss=0.0000
2026-03-19 01:27:07,618 - Server_DefaultID - INFO - Training client 26 (29/30)...
2026-03-19 01:27:11,879 - Server_DefaultID - INFO - Client 26: Acc=97.56, Loss=-342.3252, NLL=-1161.7469, KL=14.6128, AvgS=499.99, ProxLoss=0.0000
2026-03-19 01:27:11,879 - Server_DefaultID - INFO - Training client 46 (30/30)...
2026-03-19 01:27:13,829 - Server_DefaultID - INFO - Client 46: Acc=87.77, Loss=-343.2043, NLL=-1161.7211, KL=14.8571, AvgS=499.98, ProxLoss=0.0000
2026-03-19 01:27:14,126 - Server_DefaultID - WARNING - Global prior extremely imbalanced (max/min=1.0), applied adaptive smoothing lam=0.10.
2026-03-19 01:27:14,127 - Server_DefaultID - INFO - Round [39/200] Summary | Avg Client Train Stats:	Loss [-339.7978]	 Acc [87.27]	NLL [-1150.6318]	 KL [14.5466]	AvgS [495.19]	 ProxLoss [0.0000]
GlobalPriorAlpha (first 10): [5.0, 5.0, 5.0, 5.0, 5.0, 5.0, 5.0, 5.0, 5.0, 5.0]
Round Time: 57.57s
2026-03-19 01:27:14,130 - Server_DefaultID - INFO - --- Global Round 40/200 ---
2026-03-19 01:27:14,130 - Server_DefaultID - INFO - Selected 30 active clients for round 40.
2026-03-19 01:27:14,130 - Server_DefaultID - INFO - Training client 71 (1/30)...
2026-03-19 01:27:14,857 - Server_DefaultID - INFO - Client 71: Acc=70.31, Loss=-343.5995, NLL=-1160.5110, KL=14.3936, AvgS=499.46, ProxLoss=0.0000
2026-03-19 01:27:14,857 - Server_DefaultID - INFO - Training client 66 (2/30)...
2026-03-19 01:27:16,724 - Server_DefaultID - INFO - Client 66: Acc=88.12, Loss=-342.6625, NLL=-1161.7544, KL=14.8079, AvgS=499.99, ProxLoss=0.0000
2026-03-19 01:27:16,724 - Server_DefaultID - INFO - Training client 81 (3/30)...
2026-03-19 01:27:18,510 - Server_DefaultID - INFO - Client 81: Acc=85.45, Loss=-343.1511, NLL=-1161.7619, KL=14.8555, AvgS=500.00, ProxLoss=0.0000
2026-03-19 01:27:18,510 - Server_DefaultID - INFO - Training client 62 (4/30)...
2026-03-19 01:27:19,279 - Server_DefaultID - INFO - Client 62: Acc=89.22, Loss=-343.0853, NLL=-1160.2459, KL=14.6980, AvgS=499.34, ProxLoss=0.0000
2026-03-19 01:27:19,280 - Server_DefaultID - INFO - Training client 11 (5/30)...
2026-03-19 01:27:20,937 - Server_DefaultID - INFO - Client 11: Acc=91.88, Loss=-343.5607, NLL=-1161.7393, KL=14.8153, AvgS=499.99, ProxLoss=0.0000
2026-03-19 01:27:20,937 - Server_DefaultID - INFO - Training client 55 (6/30)...
2026-03-19 01:27:28,389 - Server_DefaultID - INFO - Client 55: Acc=90.82, Loss=-343.9055, NLL=-1161.7676, KL=14.7981, AvgS=500.00, ProxLoss=0.0000
2026-03-19 01:27:28,389 - Server_DefaultID - INFO - Training client 60 (7/30)...
2026-03-19 01:27:29,372 - Server_DefaultID - INFO - Client 60: Acc=72.40, Loss=-342.5068, NLL=-1161.3743, KL=14.7344, AvgS=499.83, ProxLoss=0.0000
2026-03-19 01:27:29,372 - Server_DefaultID - INFO - Training client 84 (8/30)...
2026-03-19 01:27:29,759 - Server_DefaultID - INFO - Client 84: Acc=45.66, Loss=-151.9027, NLL=-524.4113, KL=11.4379, AvgS=224.83, ProxLoss=0.0000
2026-03-19 01:27:29,759 - Server_DefaultID - INFO - Training client 80 (9/30)...
2026-03-19 01:27:30,207 - Server_DefaultID - INFO - Client 80: Acc=63.75, Loss=-299.0254, NLL=-1013.2165, KL=13.9627, AvgS=435.86, ProxLoss=0.0000
2026-03-19 01:27:30,207 - Server_DefaultID - INFO - Training client 9 (10/30)...
2026-03-19 01:27:31,946 - Server_DefaultID - INFO - Client 9: Acc=97.46, Loss=-341.9383, NLL=-1161.7629, KL=14.4436, AvgS=500.00, ProxLoss=0.0000
2026-03-19 01:27:31,946 - Server_DefaultID - INFO - Training client 22 (11/30)...
2026-03-19 01:27:32,708 - Server_DefaultID - INFO - Client 22: Acc=91.88, Loss=-341.0567, NLL=-1154.9058, KL=14.7254, AvgS=497.03, ProxLoss=0.0000
2026-03-19 01:27:32,708 - Server_DefaultID - INFO - Training client 34 (12/30)...
2026-03-19 01:27:33,632 - Server_DefaultID - INFO - Client 34: Acc=71.98, Loss=-343.7179, NLL=-1161.6876, KL=14.6316, AvgS=499.96, ProxLoss=0.0000
2026-03-19 01:27:33,632 - Server_DefaultID - INFO - Training client 99 (13/30)...
2026-03-19 01:27:34,017 - Server_DefaultID - INFO - Client 99: Acc=44.69, Loss=-224.3406, NLL=-756.3805, KL=8.6453, AvgS=324.91, ProxLoss=0.0000
2026-03-19 01:27:34,017 - Server_DefaultID - INFO - Training client 2 (14/30)...
2026-03-19 01:27:36,574 - Server_DefaultID - INFO - Client 2: Acc=79.44, Loss=-343.1213, NLL=-1161.7699, KL=14.8630, AvgS=500.00, ProxLoss=0.0000
2026-03-19 01:27:36,574 - Server_DefaultID - INFO - Training client 78 (15/30)...
2026-03-19 01:27:43,653 - Server_DefaultID - INFO - Client 78: Acc=96.14, Loss=-343.1838, NLL=-1161.7544, KL=14.7405, AvgS=499.99, ProxLoss=0.0000
2026-03-19 01:27:43,653 - Server_DefaultID - INFO - Training client 47 (16/30)...
2026-03-19 01:27:45,052 - Server_DefaultID - INFO - Client 47: Acc=76.93, Loss=-344.7758, NLL=-1161.7264, KL=14.1158, AvgS=499.98, ProxLoss=0.0000
2026-03-19 01:27:45,052 - Server_DefaultID - INFO - Training client 18 (17/30)...
2026-03-19 01:27:48,266 - Server_DefaultID - INFO - Client 18: Acc=90.48, Loss=-343.4152, NLL=-1161.7696, KL=14.7892, AvgS=500.00, ProxLoss=0.0000
2026-03-19 01:27:48,266 - Server_DefaultID - INFO - Training client 38 (18/30)...
2026-03-19 01:27:48,850 - Server_DefaultID - INFO - Client 38: Acc=67.19, Loss=-345.6558, NLL=-1161.4391, KL=12.2962, AvgS=499.86, ProxLoss=0.0000
2026-03-19 01:27:48,853 - Server_DefaultID - INFO - Training client 13 (19/30)...
2026-03-19 01:27:49,258 - Server_DefaultID - INFO - Client 13: Acc=65.62, Loss=-341.9824, NLL=-1161.3418, KL=14.7383, AvgS=499.82, ProxLoss=0.0000
2026-03-19 01:27:49,258 - Server_DefaultID - INFO - Training client 17 (20/30)...
2026-03-19 01:27:49,963 - Server_DefaultID - INFO - Client 17: Acc=82.34, Loss=-344.2977, NLL=-1161.7484, KL=14.5126, AvgS=499.99, ProxLoss=0.0000
2026-03-19 01:27:49,963 - Server_DefaultID - INFO - Training client 65 (21/30)...
2026-03-19 01:27:50,426 - Server_DefaultID - INFO - Client 65: Acc=57.81, Loss=-177.0969, NLL=-603.7128, KL=11.2633, AvgS=259.16, ProxLoss=0.0000
2026-03-19 01:27:50,426 - Server_DefaultID - INFO - Training client 83 (22/30)...
2026-03-19 01:27:52,661 - Server_DefaultID - INFO - Client 83: Acc=99.72, Loss=-340.9405, NLL=-1161.7466, KL=13.7330, AvgS=499.99, ProxLoss=0.0000
2026-03-19 01:27:52,661 - Server_DefaultID - INFO - Training client 6 (23/30)...
2026-03-19 01:27:53,474 - Server_DefaultID - INFO - Client 6: Acc=88.23, Loss=-343.3076, NLL=-1161.7430, KL=14.7848, AvgS=499.99, ProxLoss=0.0000
2026-03-19 01:27:53,474 - Server_DefaultID - INFO - Training client 58 (24/30)...
2026-03-19 01:27:55,193 - Server_DefaultID - INFO - Client 58: Acc=80.22, Loss=-341.9150, NLL=-1161.7395, KL=14.5686, AvgS=499.99, ProxLoss=0.0000
2026-03-19 01:27:55,193 - Server_DefaultID - INFO - Training client 48 (25/30)...
2026-03-19 01:27:58,848 - Server_DefaultID - INFO - Client 48: Acc=86.65, Loss=-343.2183, NLL=-1161.7436, KL=14.8273, AvgS=499.99, ProxLoss=0.0000
2026-03-19 01:27:58,848 - Server_DefaultID - INFO - Training client 16 (26/30)...
2026-03-19 01:27:59,456 - Server_DefaultID - INFO - Client 16: Acc=78.75, Loss=-342.5502, NLL=-1161.6814, KL=14.8178, AvgS=499.96, ProxLoss=0.0000
2026-03-19 01:27:59,456 - Server_DefaultID - INFO - Training client 92 (27/30)...
2026-03-19 01:28:00,575 - Server_DefaultID - INFO - Client 92: Acc=95.16, Loss=-342.9093, NLL=-1161.5943, KL=14.6481, AvgS=499.92, ProxLoss=0.0000
2026-03-19 01:28:00,575 - Server_DefaultID - INFO - Training client 56 (28/30)...
2026-03-19 01:28:02,472 - Server_DefaultID - INFO - Client 56: Acc=85.47, Loss=-342.7907, NLL=-1161.3431, KL=14.8767, AvgS=499.82, ProxLoss=0.0000
2026-03-19 01:28:02,472 - Server_DefaultID - INFO - Training client 95 (29/30)...
2026-03-19 01:28:05,337 - Server_DefaultID - INFO - Client 95: Acc=74.62, Loss=-342.0435, NLL=-1161.6810, KL=14.6489, AvgS=499.96, ProxLoss=0.0000
2026-03-19 01:28:05,337 - Server_DefaultID - INFO - Training client 31 (30/30)...
2026-03-19 01:28:07,397 - Server_DefaultID - INFO - Client 31: Acc=88.37, Loss=-343.0069, NLL=-1161.6511, KL=14.8838, AvgS=499.95, ProxLoss=0.0000
2026-03-19 01:28:07,480 - Server_DefaultID - WARNING - Global prior extremely imbalanced (max/min=1.0), applied adaptive smoothing lam=0.10.
2026-03-19 01:28:07,480 - Server_DefaultID - INFO - Round [40/200] Summary | Avg Client Train Stats:	Loss [-340.3928]	 Acc [86.99]	NLL [-1152.6004]	 KL [14.5836]	AvgS [496.04]	 ProxLoss [0.0000]
GlobalPriorAlpha (first 10): [5.0, 5.0, 5.0, 5.0, 5.0, 5.0, 5.0, 5.0, 5.0, 5.0]
Round Time: 53.35s
2026-03-19 01:28:07,480 - Server_DefaultID - INFO - --- Evaluating models at round 40 ---
2026-03-19 01:29:14,813 - Server_DefaultID - INFO - Global Model Evaluation (Round 40): 
  Avg Test Acc: 75.35%
  Avg Test Acc Softmax: 75.35%
  Avg Test Loss: -1088.4150
  Avg Test NLL: -1102.1348
  Avg Test KL (vs flat prior): 13.5897
  Avg Test S: 474.28
2026-03-19 01:30:21,719 - Server_DefaultID - INFO - Personalized Model Evaluation (Round 40): 
  Avg Test Acc: 77.85%
  Avg Test Acc Softmax: 77.85%
  Avg Test Loss: -1098.2003
  Avg Test NLL: -1112.0018
  Avg Test KL (vs flat prior): 13.6732
  Avg Test S: 478.52
2026-03-19 01:30:21,719 - Server_DefaultID - INFO - [Metric 1] Personalized Brier Score | Mean: 0.3313
2026-03-19 01:30:21,719 - Server_DefaultID - INFO - [Metric 1] Personalized ECE | Mean: 0.0990
2026-03-19 01:30:21,719 - Server_DefaultID - INFO - [OOD Eval] OOD AUC-ROC (Epistemic): 0.0522
2026-03-19 01:30:21,719 - Server_DefaultID - INFO - [Metric 4] OOD FPR@95%TPR: 0.9777
2026-03-19 01:30:23,277 - Server_DefaultID - INFO - --- Global Round 41/200 ---
2026-03-19 01:30:23,277 - Server_DefaultID - INFO - Selected 30 active clients for round 41.
2026-03-19 01:30:23,277 - Server_DefaultID - INFO - Training client 34 (1/30)...
2026-03-19 01:30:24,111 - Server_DefaultID - INFO - Client 34: Acc=77.40, Loss=-343.6812, NLL=-1161.6868, KL=14.6318, AvgS=499.96, ProxLoss=0.0000
2026-03-19 01:30:24,112 - Server_DefaultID - INFO - Training client 23 (2/30)...
2026-03-19 01:30:24,586 - Server_DefaultID - INFO - Client 23: Acc=49.15, Loss=-150.4354, NLL=-520.6257, KL=11.3829, AvgS=223.32, ProxLoss=0.0000
2026-03-19 01:30:24,586 - Server_DefaultID - INFO - Training client 64 (3/30)...
2026-03-19 01:30:25,004 - Server_DefaultID - INFO - Client 64: Acc=66.88, Loss=-295.5855, NLL=-1003.8340, KL=14.1419, AvgS=431.79, ProxLoss=0.0000
2026-03-19 01:30:25,004 - Server_DefaultID - INFO - Training client 56 (4/30)...
2026-03-19 01:30:27,097 - Server_DefaultID - INFO - Client 56: Acc=85.47, Loss=-342.8846, NLL=-1161.6750, KL=14.8705, AvgS=499.96, ProxLoss=0.0000
2026-03-19 01:30:27,097 - Server_DefaultID - INFO - Training client 77 (5/30)...
2026-03-19 01:30:31,365 - Server_DefaultID - INFO - Client 77: Acc=94.65, Loss=-342.8521, NLL=-1161.7459, KL=14.8364, AvgS=499.99, ProxLoss=0.0000
2026-03-19 01:30:31,365 - Server_DefaultID - INFO - Training client 82 (6/30)...
2026-03-19 01:30:32,582 - Server_DefaultID - INFO - Client 82: Acc=90.56, Loss=-342.7923, NLL=-1161.6565, KL=14.8393, AvgS=499.95, ProxLoss=0.0000
2026-03-19 01:30:32,582 - Server_DefaultID - INFO - Training client 54 (7/30)...
2026-03-19 01:30:33,160 - Server_DefaultID - INFO - Client 54: Acc=72.81, Loss=-193.5923, NLL=-665.8261, KL=12.3461, AvgS=285.91, ProxLoss=0.0000
2026-03-19 01:30:33,160 - Server_DefaultID - INFO - Training client 13 (8/30)...
2026-03-19 01:30:33,514 - Server_DefaultID - INFO - Client 13: Acc=49.38, Loss=-340.5701, NLL=-1156.5651, KL=14.7766, AvgS=497.75, ProxLoss=0.0000
2026-03-19 01:30:33,514 - Server_DefaultID - INFO - Training client 19 (9/30)...
2026-03-19 01:30:36,526 - Server_DefaultID - INFO - Client 19: Acc=95.29, Loss=-341.8334, NLL=-1161.7233, KL=14.5142, AvgS=499.98, ProxLoss=0.0000
2026-03-19 01:30:36,526 - Server_DefaultID - INFO - Training client 4 (10/30)...
2026-03-19 01:30:37,993 - Server_DefaultID - INFO - Client 4: Acc=66.56, Loss=-344.7335, NLL=-1161.6146, KL=13.8750, AvgS=499.93, ProxLoss=0.0000
2026-03-19 01:30:37,993 - Server_DefaultID - INFO - Training client 87 (11/30)...
2026-03-19 01:30:39,630 - Server_DefaultID - INFO - Client 87: Acc=84.60, Loss=-345.3349, NLL=-1161.6726, KL=13.5534, AvgS=499.96, ProxLoss=0.0000
2026-03-19 01:30:39,630 - Server_DefaultID - INFO - Training client 57 (12/30)...
2026-03-19 01:30:43,191 - Server_DefaultID - INFO - Client 57: Acc=95.74, Loss=-342.7567, NLL=-1161.7581, KL=14.7755, AvgS=499.99, ProxLoss=0.0000
2026-03-19 01:30:43,191 - Server_DefaultID - INFO - Training client 75 (13/30)...
2026-03-19 01:30:45,048 - Server_DefaultID - INFO - Client 75: Acc=92.93, Loss=-342.1162, NLL=-1161.7528, KL=14.6095, AvgS=499.99, ProxLoss=0.0000
2026-03-19 01:30:45,048 - Server_DefaultID - INFO - Training client 41 (14/30)...
2026-03-19 01:30:46,819 - Server_DefaultID - INFO - Client 41: Acc=93.87, Loss=-342.4566, NLL=-1161.7699, KL=14.6992, AvgS=500.00, ProxLoss=0.0000
2026-03-19 01:30:46,819 - Server_DefaultID - INFO - Training client 47 (15/30)...
2026-03-19 01:30:48,237 - Server_DefaultID - INFO - Client 47: Acc=81.51, Loss=-344.6916, NLL=-1161.5957, KL=14.1147, AvgS=499.92, ProxLoss=0.0000
2026-03-19 01:30:48,237 - Server_DefaultID - INFO - Training client 17 (16/30)...
2026-03-19 01:30:48,855 - Server_DefaultID - INFO - Client 17: Acc=80.31, Loss=-343.7978, NLL=-1161.1473, KL=14.5052, AvgS=499.73, ProxLoss=0.0000
2026-03-19 01:30:48,855 - Server_DefaultID - INFO - Training client 90 (17/30)...
2026-03-19 01:30:50,896 - Client_90 - WARNING - Client 90: Too few classes (1) or samples (592) for alpha report, returning uniform.
2026-03-19 01:30:50,897 - Server_DefaultID - INFO - Client 90: Acc=100.00, Loss=-340.6581, NLL=-1161.6935, KL=13.5612, AvgS=499.97, ProxLoss=0.0000
2026-03-19 01:30:50,897 - Server_DefaultID - INFO - Training client 25 (18/30)...
2026-03-19 01:30:51,499 - Server_DefaultID - INFO - Client 25: Acc=95.31, Loss=-343.2276, NLL=-1161.7309, KL=14.8120, AvgS=499.98, ProxLoss=0.0000
2026-03-19 01:30:51,499 - Server_DefaultID - INFO - Training client 59 (19/30)...
2026-03-19 01:30:53,575 - Server_DefaultID - INFO - Client 59: Acc=89.31, Loss=-343.1953, NLL=-1161.6273, KL=14.8372, AvgS=499.94, ProxLoss=0.0000
2026-03-19 01:30:53,575 - Server_DefaultID - INFO - Training client 38 (20/30)...
2026-03-19 01:30:54,132 - Server_DefaultID - INFO - Client 38: Acc=68.12, Loss=-345.5127, NLL=-1161.5060, KL=12.6773, AvgS=499.89, ProxLoss=0.0000
2026-03-19 01:30:54,132 - Server_DefaultID - INFO - Training client 74 (21/30)...
2026-03-19 01:30:55,144 - Server_DefaultID - INFO - Client 74: Acc=65.00, Loss=-343.1178, NLL=-1161.6340, KL=14.8438, AvgS=499.94, ProxLoss=0.0000
2026-03-19 01:30:55,144 - Server_DefaultID - INFO - Training client 63 (22/30)...
2026-03-19 01:30:56,457 - Server_DefaultID - INFO - Client 63: Acc=83.31, Loss=-343.4207, NLL=-1161.7227, KL=14.7934, AvgS=499.98, ProxLoss=0.0000
2026-03-19 01:30:56,457 - Server_DefaultID - INFO - Training client 16 (23/30)...
2026-03-19 01:30:57,042 - Server_DefaultID - INFO - Client 16: Acc=57.19, Loss=-341.9909, NLL=-1160.0010, KL=14.8804, AvgS=499.24, ProxLoss=0.0000
2026-03-19 01:30:57,042 - Server_DefaultID - INFO - Training client 37 (24/30)...
2026-03-19 01:30:58,122 - Server_DefaultID - INFO - Client 37: Acc=80.31, Loss=-344.1326, NLL=-1161.5602, KL=14.4947, AvgS=499.91, ProxLoss=0.0000
2026-03-19 01:30:58,123 - Server_DefaultID - INFO - Training client 18 (25/30)...
2026-03-19 01:31:01,385 - Server_DefaultID - INFO - Client 18: Acc=85.12, Loss=-343.3149, NLL=-1161.7402, KL=14.8221, AvgS=499.99, ProxLoss=0.0000
2026-03-19 01:31:01,385 - Server_DefaultID - INFO - Training client 28 (26/30)...
2026-03-19 01:31:01,830 - Server_DefaultID - INFO - Client 28: Acc=49.69, Loss=-239.1806, NLL=-816.7870, KL=12.9675, AvgS=351.06, ProxLoss=0.0000
2026-03-19 01:31:01,830 - Server_DefaultID - INFO - Training client 67 (27/30)...
2026-03-19 01:31:04,035 - Server_DefaultID - INFO - Client 67: Acc=79.32, Loss=-343.9985, NLL=-1161.7429, KL=14.6645, AvgS=499.99, ProxLoss=0.0000
2026-03-19 01:31:04,035 - Server_DefaultID - INFO - Training client 3 (28/30)...
2026-03-19 01:31:05,551 - Server_DefaultID - INFO - Client 3: Acc=65.10, Loss=-345.0562, NLL=-1161.6424, KL=13.4394, AvgS=499.95, ProxLoss=0.0000
2026-03-19 01:31:05,552 - Server_DefaultID - INFO - Training client 29 (29/30)...
2026-03-19 01:31:06,589 - Server_DefaultID - INFO - Client 29: Acc=81.56, Loss=-342.7145, NLL=-1161.7011, KL=14.8942, AvgS=499.97, ProxLoss=0.0000
2026-03-19 01:31:06,589 - Server_DefaultID - INFO - Training client 98 (30/30)...
2026-03-19 01:31:07,438 - Server_DefaultID - INFO - Client 98: Acc=92.81, Loss=-341.7767, NLL=-1161.7165, KL=14.5140, AvgS=499.98, ProxLoss=0.0000
2026-03-19 01:31:07,595 - Server_DefaultID - WARNING - Global prior extremely imbalanced (max/min=1.0), applied adaptive smoothing lam=0.10.
2026-03-19 01:31:07,595 - Server_DefaultID - INFO - Round [41/200] Summary | Avg Client Train Stats:	Loss [-339.1083]	 Acc [85.53]	NLL [-1148.5067]	 KL [14.4557]	AvgS [494.27]	 ProxLoss [0.0000]
GlobalPriorAlpha (first 10): [5.0, 5.0, 5.0, 5.0, 5.0, 5.0, 5.0, 5.0, 5.0, 5.0]
Round Time: 44.32s
2026-03-19 01:31:07,598 - Server_DefaultID - INFO - --- Global Round 42/200 ---
2026-03-19 01:31:07,598 - Server_DefaultID - INFO - Selected 30 active clients for round 42.
2026-03-19 01:31:07,598 - Server_DefaultID - INFO - Training client 82 (1/30)...
2026-03-19 01:31:08,901 - Server_DefaultID - INFO - Client 82: Acc=91.38, Loss=-342.8847, NLL=-1161.7361, KL=14.7722, AvgS=499.99, ProxLoss=0.0000
2026-03-19 01:31:08,901 - Server_DefaultID - INFO - Training client 20 (2/30)...
2026-03-19 01:31:10,322 - Server_DefaultID - INFO - Client 20: Acc=72.34, Loss=-345.5627, NLL=-1161.6719, KL=12.8378, AvgS=499.96, ProxLoss=0.0000
2026-03-19 01:31:10,322 - Server_DefaultID - INFO - Training client 62 (3/30)...
2026-03-19 01:31:10,968 - Server_DefaultID - INFO - Client 62: Acc=89.06, Loss=-343.7750, NLL=-1160.5898, KL=14.5574, AvgS=499.49, ProxLoss=0.0000
2026-03-19 01:31:10,968 - Server_DefaultID - INFO - Training client 76 (4/30)...
2026-03-19 01:31:12,687 - Server_DefaultID - INFO - Client 76: Acc=93.36, Loss=-345.1303, NLL=-1161.7281, KL=13.8003, AvgS=499.98, ProxLoss=0.0000
2026-03-19 01:31:12,687 - Server_DefaultID - INFO - Training client 12 (5/30)...
2026-03-19 01:31:13,816 - Server_DefaultID - INFO - Client 12: Acc=72.62, Loss=-344.7268, NLL=-1161.7160, KL=13.8712, AvgS=499.98, ProxLoss=0.0000
2026-03-19 01:31:13,817 - Server_DefaultID - INFO - Training client 6 (6/30)...
2026-03-19 01:31:14,668 - Server_DefaultID - INFO - Client 6: Acc=56.04, Loss=-342.3435, NLL=-1161.3522, KL=14.8005, AvgS=499.82, ProxLoss=0.0000
2026-03-19 01:31:14,668 - Server_DefaultID - INFO - Training client 66 (7/30)...
2026-03-19 01:31:16,304 - Server_DefaultID - INFO - Client 66: Acc=87.86, Loss=-342.4968, NLL=-1161.5597, KL=14.8171, AvgS=499.91, ProxLoss=0.0000
2026-03-19 01:31:16,304 - Server_DefaultID - INFO - Training client 81 (8/30)...
2026-03-19 01:31:17,934 - Server_DefaultID - INFO - Client 81: Acc=86.47, Loss=-343.1079, NLL=-1161.7175, KL=14.8626, AvgS=499.98, ProxLoss=0.0000
2026-03-19 01:31:17,934 - Server_DefaultID - INFO - Training client 95 (9/30)...
2026-03-19 01:31:19,891 - Server_DefaultID - INFO - Client 95: Acc=73.99, Loss=-342.0100, NLL=-1161.7411, KL=14.6495, AvgS=499.99, ProxLoss=0.0000
2026-03-19 01:31:19,891 - Server_DefaultID - INFO - Training client 9 (10/30)...
2026-03-19 01:31:21,518 - Server_DefaultID - INFO - Client 9: Acc=97.59, Loss=-341.6943, NLL=-1161.6278, KL=14.3879, AvgS=499.94, ProxLoss=0.0000
2026-03-19 01:31:21,519 - Server_DefaultID - INFO - Training client 58 (11/30)...
2026-03-19 01:31:23,081 - Server_DefaultID - INFO - Client 58: Acc=81.92, Loss=-341.8275, NLL=-1161.7355, KL=14.5686, AvgS=499.99, ProxLoss=0.0000
2026-03-19 01:31:23,081 - Server_DefaultID - INFO - Training client 59 (12/30)...
2026-03-19 01:31:25,107 - Server_DefaultID - INFO - Client 59: Acc=91.15, Loss=-343.2092, NLL=-1161.6924, KL=14.8475, AvgS=499.97, ProxLoss=0.0000
2026-03-19 01:31:25,107 - Server_DefaultID - INFO - Training client 27 (13/30)...
2026-03-19 01:31:25,850 - Server_DefaultID - INFO - Client 27: Acc=73.02, Loss=-344.1768, NLL=-1161.3967, KL=14.3939, AvgS=499.84, ProxLoss=0.0000
2026-03-19 01:31:25,851 - Server_DefaultID - INFO - Training client 92 (14/30)...
2026-03-19 01:31:26,829 - Server_DefaultID - INFO - Client 92: Acc=95.00, Loss=-342.8667, NLL=-1161.6352, KL=14.7124, AvgS=499.94, ProxLoss=0.0000
2026-03-19 01:31:26,830 - Server_DefaultID - INFO - Training client 19 (15/30)...
2026-03-19 01:31:29,836 - Server_DefaultID - INFO - Client 19: Acc=96.54, Loss=-341.7808, NLL=-1161.7696, KL=14.4602, AvgS=500.00, ProxLoss=0.0000
2026-03-19 01:31:29,836 - Server_DefaultID - INFO - Training client 71 (16/30)...
2026-03-19 01:31:30,478 - Server_DefaultID - INFO - Client 71: Acc=69.69, Loss=-343.6034, NLL=-1160.4847, KL=14.4438, AvgS=499.45, ProxLoss=0.0000
2026-03-19 01:31:30,478 - Server_DefaultID - INFO - Training client 1 (17/30)...
2026-03-19 01:31:31,120 - Server_DefaultID - INFO - Client 1: Acc=53.91, Loss=-343.1019, NLL=-1161.1175, KL=14.7744, AvgS=499.72, ProxLoss=0.0000
2026-03-19 01:31:31,120 - Server_DefaultID - INFO - Training client 48 (18/30)...
2026-03-19 01:31:34,753 - Server_DefaultID - INFO - Client 48: Acc=86.86, Loss=-343.2211, NLL=-1161.7122, KL=14.8280, AvgS=499.98, ProxLoss=0.0000
2026-03-19 01:31:34,753 - Server_DefaultID - INFO - Training client 69 (19/30)...
2026-03-19 01:31:36,025 - Server_DefaultID - INFO - Client 69: Acc=55.62, Loss=-343.8065, NLL=-1161.0283, KL=14.3441, AvgS=499.68, ProxLoss=0.0000
2026-03-19 01:31:36,025 - Server_DefaultID - INFO - Training client 40 (20/30)...
2026-03-19 01:31:37,358 - Server_DefaultID - INFO - Client 40: Acc=81.77, Loss=-344.8137, NLL=-1161.4884, KL=13.9550, AvgS=499.88, ProxLoss=0.0000
2026-03-19 01:31:37,358 - Server_DefaultID - INFO - Training client 38 (21/30)...
2026-03-19 01:31:38,008 - Server_DefaultID - INFO - Client 38: Acc=67.03, Loss=-345.4661, NLL=-1161.4808, KL=12.6772, AvgS=499.88, ProxLoss=0.0000
2026-03-19 01:31:38,008 - Server_DefaultID - INFO - Training client 68 (22/30)...
2026-03-19 01:31:40,013 - Server_DefaultID - INFO - Client 68: Acc=94.79, Loss=-341.7562, NLL=-1161.6772, KL=14.5137, AvgS=499.96, ProxLoss=0.0000
2026-03-19 01:31:40,014 - Server_DefaultID - INFO - Training client 30 (23/30)...
2026-03-19 01:31:41,851 - Server_DefaultID - INFO - Client 30: Acc=96.21, Loss=-341.7645, NLL=-1161.5511, KL=14.5129, AvgS=499.91, ProxLoss=0.0000
2026-03-19 01:31:41,851 - Server_DefaultID - INFO - Training client 88 (24/30)...
2026-03-19 01:31:43,280 - Server_DefaultID - INFO - Client 88: Acc=63.70, Loss=-343.8178, NLL=-1161.6528, KL=14.4917, AvgS=499.95, ProxLoss=0.0000
2026-03-19 01:31:43,280 - Server_DefaultID - INFO - Training client 72 (25/30)...
2026-03-19 01:31:44,322 - Server_DefaultID - INFO - Client 72: Acc=94.92, Loss=-342.5329, NLL=-1161.6470, KL=14.7795, AvgS=499.95, ProxLoss=0.0000
2026-03-19 01:31:44,322 - Server_DefaultID - INFO - Training client 57 (26/30)...
2026-03-19 01:31:47,869 - Server_DefaultID - INFO - Client 57: Acc=96.21, Loss=-342.6355, NLL=-1161.7589, KL=14.7477, AvgS=500.00, ProxLoss=0.0000
2026-03-19 01:31:47,869 - Server_DefaultID - INFO - Training client 85 (27/30)...
2026-03-19 01:31:50,418 - Server_DefaultID - INFO - Client 85: Acc=99.74, Loss=-340.8075, NLL=-1161.6320, KL=13.7195, AvgS=499.94, ProxLoss=0.0000
2026-03-19 01:31:50,419 - Server_DefaultID - INFO - Training client 22 (28/30)...
2026-03-19 01:31:50,946 - Server_DefaultID - INFO - Client 22: Acc=92.66, Loss=-342.7523, NLL=-1160.3899, KL=14.6847, AvgS=499.40, ProxLoss=0.0000
2026-03-19 01:31:50,946 - Server_DefaultID - INFO - Training client 44 (29/30)...
2026-03-19 01:31:52,961 - Server_DefaultID - INFO - Client 44: Acc=94.06, Loss=-342.7541, NLL=-1161.6327, KL=14.8512, AvgS=499.94, ProxLoss=0.0000
2026-03-19 01:31:52,961 - Server_DefaultID - INFO - Training client 29 (30/30)...
2026-03-19 01:31:54,004 - Server_DefaultID - INFO - Client 29: Acc=81.72, Loss=-342.5909, NLL=-1161.6322, KL=14.8742, AvgS=499.94, ProxLoss=0.0000
2026-03-19 01:31:54,138 - Server_DefaultID - WARNING - Global prior extremely imbalanced (max/min=1.0), applied adaptive smoothing lam=0.10.
2026-03-19 01:31:54,139 - Server_DefaultID - INFO - Round [42/200] Summary | Avg Client Train Stats:	Loss [-342.8437]	 Acc [87.05]	NLL [-1161.6109]	 KL [14.4553]	AvgS [499.93]	 ProxLoss [0.0000]
GlobalPriorAlpha (first 10): [5.0, 5.0, 5.0, 5.0, 5.0, 5.0, 5.0, 5.0, 5.0, 5.0]
Round Time: 46.54s
2026-03-19 01:31:54,141 - Server_DefaultID - INFO - --- Global Round 43/200 ---
2026-03-19 01:31:54,141 - Server_DefaultID - INFO - Selected 30 active clients for round 43.
2026-03-19 01:31:54,141 - Server_DefaultID - INFO - Training client 6 (1/30)...
2026-03-19 01:31:55,002 - Server_DefaultID - INFO - Client 6: Acc=67.19, Loss=-342.5469, NLL=-1161.6510, KL=14.8207, AvgS=499.95, ProxLoss=0.0000
2026-03-19 01:31:55,002 - Server_DefaultID - INFO - Training client 40 (2/30)...
2026-03-19 01:31:56,380 - Server_DefaultID - INFO - Client 40: Acc=85.42, Loss=-344.9583, NLL=-1161.6858, KL=13.9509, AvgS=499.96, ProxLoss=0.0000
2026-03-19 01:31:56,380 - Server_DefaultID - INFO - Training client 23 (3/30)...
2026-03-19 01:31:56,817 - Server_DefaultID - INFO - Client 23: Acc=71.19, Loss=-169.4693, NLL=-583.2975, KL=11.7976, AvgS=250.35, ProxLoss=0.0000
2026-03-19 01:31:56,817 - Server_DefaultID - INFO - Training client 87 (4/30)...
2026-03-19 01:31:58,453 - Server_DefaultID - INFO - Client 87: Acc=87.32, Loss=-345.2491, NLL=-1161.5964, KL=13.5529, AvgS=499.93, ProxLoss=0.0000
2026-03-19 01:31:58,453 - Server_DefaultID - INFO - Training client 5 (5/30)...
2026-03-19 01:31:58,826 - Server_DefaultID - INFO - Client 5: Acc=70.00, Loss=-342.9351, NLL=-1158.1240, KL=14.3227, AvgS=498.43, ProxLoss=0.0000
2026-03-19 01:31:58,826 - Server_DefaultID - INFO - Training client 10 (6/30)...
2026-03-19 01:31:59,882 - Server_DefaultID - INFO - Client 10: Acc=37.81, Loss=-344.3442, NLL=-1161.4253, KL=13.7226, AvgS=499.85, ProxLoss=0.0000
2026-03-19 01:31:59,882 - Server_DefaultID - INFO - Training client 48 (7/30)...
2026-03-19 01:32:03,523 - Server_DefaultID - INFO - Client 48: Acc=87.41, Loss=-343.2479, NLL=-1161.7242, KL=14.8159, AvgS=499.98, ProxLoss=0.0000
2026-03-19 01:32:03,523 - Server_DefaultID - INFO - Training client 26 (8/30)...
2026-03-19 01:32:07,213 - Server_DefaultID - INFO - Client 26: Acc=97.96, Loss=-342.1963, NLL=-1161.7514, KL=14.6330, AvgS=499.99, ProxLoss=0.0000
2026-03-19 01:32:07,214 - Server_DefaultID - INFO - Training client 22 (9/30)...
2026-03-19 01:32:07,874 - Server_DefaultID - INFO - Client 22: Acc=91.72, Loss=-343.2271, NLL=-1161.1662, KL=14.7259, AvgS=499.74, ProxLoss=0.0000
2026-03-19 01:32:07,874 - Server_DefaultID - INFO - Training client 94 (10/30)...
2026-03-19 01:32:11,103 - Server_DefaultID - INFO - Client 94: Acc=89.69, Loss=-343.0413, NLL=-1161.7356, KL=14.8455, AvgS=499.99, ProxLoss=0.0000
2026-03-19 01:32:11,104 - Server_DefaultID - INFO - Training client 50 (11/30)...
2026-03-19 01:32:15,194 - Server_DefaultID - INFO - Client 50: Acc=97.48, Loss=-341.9120, NLL=-1161.7286, KL=14.4780, AvgS=499.98, ProxLoss=0.0000
2026-03-19 01:32:15,194 - Server_DefaultID - INFO - Training client 89 (12/30)...
2026-03-19 01:32:18,223 - Server_DefaultID - INFO - Client 89: Acc=98.55, Loss=-341.4725, NLL=-1161.7699, KL=14.1846, AvgS=500.00, ProxLoss=0.0000
2026-03-19 01:32:18,223 - Server_DefaultID - INFO - Training client 57 (13/30)...
2026-03-19 01:32:22,207 - Server_DefaultID - INFO - Client 57: Acc=96.21, Loss=-342.6283, NLL=-1161.7636, KL=14.7487, AvgS=500.00, ProxLoss=0.0000
2026-03-19 01:32:22,207 - Server_DefaultID - INFO - Training client 47 (14/30)...
2026-03-19 01:32:23,850 - Server_DefaultID - INFO - Client 47: Acc=84.95, Loss=-344.5454, NLL=-1161.5145, KL=14.1635, AvgS=499.89, ProxLoss=0.0000
2026-03-19 01:32:23,850 - Server_DefaultID - INFO - Training client 69 (15/30)...
2026-03-19 01:32:24,536 - Server_DefaultID - INFO - Client 69: Acc=57.97, Loss=-343.0891, NLL=-1159.9408, KL=14.4420, AvgS=499.21, ProxLoss=0.0000
2026-03-19 01:32:24,536 - Server_DefaultID - INFO - Training client 92 (16/30)...
2026-03-19 01:32:25,612 - Server_DefaultID - INFO - Client 92: Acc=95.23, Loss=-342.8232, NLL=-1161.6664, KL=14.6389, AvgS=499.96, ProxLoss=0.0000
2026-03-19 01:32:25,612 - Server_DefaultID - INFO - Training client 36 (17/30)...
2026-03-19 01:32:31,362 - Server_DefaultID - INFO - Client 36: Acc=98.65, Loss=-341.9278, NLL=-1161.7599, KL=14.5442, AvgS=500.00, ProxLoss=0.0000
2026-03-19 01:32:31,362 - Server_DefaultID - INFO - Training client 8 (18/30)...
2026-03-19 01:32:32,101 - Server_DefaultID - INFO - Client 8: Acc=87.50, Loss=-342.6929, NLL=-1160.9092, KL=14.8437, AvgS=499.63, ProxLoss=0.0000
2026-03-19 01:32:32,101 - Server_DefaultID - INFO - Training client 21 (19/30)...
2026-03-19 01:32:34,165 - Server_DefaultID - INFO - Client 21: Acc=82.77, Loss=-344.8095, NLL=-1161.7283, KL=14.0613, AvgS=499.98, ProxLoss=0.0000
2026-03-19 01:32:34,166 - Server_DefaultID - INFO - Training client 35 (20/30)...
2026-03-19 01:32:35,085 - Server_DefaultID - INFO - Client 35: Acc=71.88, Loss=-344.0533, NLL=-1161.6202, KL=14.3146, AvgS=499.94, ProxLoss=0.0000
2026-03-19 01:32:35,085 - Server_DefaultID - INFO - Training client 7 (21/30)...
2026-03-19 01:32:36,734 - Server_DefaultID - INFO - Client 7: Acc=48.49, Loss=-343.1094, NLL=-1161.6393, KL=14.7798, AvgS=499.94, ProxLoss=0.0000
2026-03-19 01:32:36,734 - Server_DefaultID - INFO - Training client 32 (22/30)...
2026-03-19 01:32:38,365 - Server_DefaultID - INFO - Client 32: Acc=89.06, Loss=-343.5169, NLL=-1161.5559, KL=14.6633, AvgS=499.91, ProxLoss=0.0000
2026-03-19 01:32:38,365 - Server_DefaultID - INFO - Training client 64 (23/30)...
2026-03-19 01:32:38,772 - Server_DefaultID - INFO - Client 64: Acc=68.44, Loss=-317.0557, NLL=-1076.5945, KL=14.4756, AvgS=463.21, ProxLoss=0.0000
2026-03-19 01:32:38,772 - Server_DefaultID - INFO - Training client 25 (24/30)...
2026-03-19 01:32:39,537 - Server_DefaultID - INFO - Client 25: Acc=96.09, Loss=-342.2369, NLL=-1160.7160, KL=14.7626, AvgS=499.55, ProxLoss=0.0000
2026-03-19 01:32:39,537 - Server_DefaultID - INFO - Training client 91 (25/30)...
2026-03-19 01:32:40,441 - Server_DefaultID - INFO - Client 91: Acc=94.58, Loss=-341.4966, NLL=-1161.3472, KL=14.5106, AvgS=499.82, ProxLoss=0.0000
2026-03-19 01:32:40,441 - Server_DefaultID - INFO - Training client 72 (26/30)...
2026-03-19 01:32:42,349 - Server_DefaultID - INFO - Client 72: Acc=94.84, Loss=-342.1049, NLL=-1161.6021, KL=14.6365, AvgS=499.93, ProxLoss=0.0000
2026-03-19 01:32:42,349 - Server_DefaultID - INFO - Training client 85 (27/30)...
2026-03-19 01:32:45,350 - Server_DefaultID - INFO - Client 85: Acc=99.74, Loss=-340.7953, NLL=-1161.7491, KL=13.7203, AvgS=499.99, ProxLoss=0.0000
2026-03-19 01:32:45,350 - Server_DefaultID - INFO - Training client 53 (28/30)...
2026-03-19 01:32:47,979 - Server_DefaultID - INFO - Client 53: Acc=96.53, Loss=-342.4805, NLL=-1161.7191, KL=14.6786, AvgS=499.98, ProxLoss=0.0000
2026-03-19 01:32:47,979 - Server_DefaultID - INFO - Training client 62 (29/30)...
2026-03-19 01:32:48,659 - Server_DefaultID - INFO - Client 62: Acc=89.22, Loss=-343.3751, NLL=-1160.5905, KL=14.7313, AvgS=499.49, ProxLoss=0.0000
2026-03-19 01:32:48,659 - Server_DefaultID - INFO - Training client 0 (30/30)...
2026-03-19 01:32:49,122 - Server_DefaultID - INFO - Client 0: Acc=39.69, Loss=-342.1709, NLL=-1158.8695, KL=14.7525, AvgS=498.75, ProxLoss=0.0000
2026-03-19 01:32:49,397 - Server_DefaultID - WARNING - Global prior extremely imbalanced (max/min=1.0), applied adaptive smoothing lam=0.10.
2026-03-19 01:32:49,397 - Server_DefaultID - INFO - Round [43/200] Summary | Avg Client Train Stats:	Loss [-341.8194]	 Acc [89.68]	NLL [-1158.6325]	 KL [14.4515]	AvgS [498.65]	 ProxLoss [0.0000]
GlobalPriorAlpha (first 10): [5.0, 5.0, 5.0, 5.0, 5.0, 5.0, 5.0, 5.0, 5.0, 5.0]
Round Time: 55.26s
2026-03-19 01:32:49,400 - Server_DefaultID - INFO - --- Global Round 44/200 ---
2026-03-19 01:32:49,400 - Server_DefaultID - INFO - Selected 30 active clients for round 44.
2026-03-19 01:32:49,400 - Server_DefaultID - INFO - Training client 51 (1/30)...
2026-03-19 01:32:50,021 - Server_DefaultID - INFO - Client 51: Acc=49.84, Loss=-344.5001, NLL=-1161.1322, KL=13.3891, AvgS=499.72, ProxLoss=0.0000
2026-03-19 01:32:50,021 - Server_DefaultID - INFO - Training client 86 (2/30)...
2026-03-19 01:32:51,336 - Server_DefaultID - INFO - Client 86: Acc=83.69, Loss=-342.7681, NLL=-1161.5614, KL=14.7010, AvgS=499.91, ProxLoss=0.0000
2026-03-19 01:32:51,336 - Server_DefaultID - INFO - Training client 4 (3/30)...
2026-03-19 01:32:52,850 - Server_DefaultID - INFO - Client 4: Acc=75.99, Loss=-344.5690, NLL=-1161.7414, KL=14.0977, AvgS=499.99, ProxLoss=0.0000
2026-03-19 01:32:52,850 - Server_DefaultID - INFO - Training client 50 (4/30)...
2026-03-19 01:32:57,497 - Server_DefaultID - INFO - Client 50: Acc=97.52, Loss=-341.9112, NLL=-1161.7455, KL=14.4720, AvgS=499.99, ProxLoss=0.0000
2026-03-19 01:32:57,497 - Server_DefaultID - INFO - Training client 54 (5/30)...
2026-03-19 01:32:58,231 - Server_DefaultID - INFO - Client 54: Acc=69.38, Loss=-238.2984, NLL=-816.8709, KL=13.2651, AvgS=351.07, ProxLoss=0.0000
2026-03-19 01:32:58,231 - Server_DefaultID - INFO - Training client 79 (6/30)...
2026-03-19 01:32:59,623 - Server_DefaultID - INFO - Client 79: Acc=94.12, Loss=-341.5449, NLL=-1161.5143, KL=14.5123, AvgS=499.89, ProxLoss=0.0000
2026-03-19 01:32:59,623 - Server_DefaultID - INFO - Training client 75 (7/30)...
2026-03-19 01:33:01,667 - Server_DefaultID - INFO - Client 75: Acc=94.65, Loss=-341.9681, NLL=-1161.7289, KL=14.5874, AvgS=499.98, ProxLoss=0.0000
2026-03-19 01:33:01,667 - Server_DefaultID - INFO - Training client 41 (8/30)...
2026-03-19 01:33:03,620 - Server_DefaultID - INFO - Client 41: Acc=95.27, Loss=-342.4686, NLL=-1161.6496, KL=14.7429, AvgS=499.95, ProxLoss=0.0000
2026-03-19 01:33:03,620 - Server_DefaultID - INFO - Training client 61 (9/30)...
2026-03-19 01:33:05,041 - Server_DefaultID - INFO - Client 61: Acc=76.19, Loss=-344.9951, NLL=-1161.5743, KL=13.4610, AvgS=499.92, ProxLoss=0.0000
2026-03-19 01:33:05,041 - Server_DefaultID - INFO - Training client 7 (10/30)...
2026-03-19 01:33:06,580 - Server_DefaultID - INFO - Client 7: Acc=48.44, Loss=-343.0244, NLL=-1161.7490, KL=14.8211, AvgS=499.99, ProxLoss=0.0000
2026-03-19 01:33:06,580 - Server_DefaultID - INFO - Training client 24 (11/30)...
2026-03-19 01:33:06,930 - Server_DefaultID - INFO - Client 24: Acc=57.50, Loss=-207.5603, NLL=-702.4900, KL=10.4307, AvgS=301.68, ProxLoss=0.0000
2026-03-19 01:33:06,930 - Server_DefaultID - INFO - Training client 48 (12/30)...
2026-03-19 01:33:11,218 - Server_DefaultID - INFO - Client 48: Acc=87.70, Loss=-343.2282, NLL=-1161.7695, KL=14.8249, AvgS=500.00, ProxLoss=0.0000
2026-03-19 01:33:11,218 - Server_DefaultID - INFO - Training client 0 (13/30)...
2026-03-19 01:33:11,642 - Server_DefaultID - INFO - Client 0: Acc=43.75, Loss=-342.9487, NLL=-1160.8482, KL=14.7763, AvgS=499.60, ProxLoss=0.0000
2026-03-19 01:33:11,642 - Server_DefaultID - INFO - Training client 85 (14/30)...
2026-03-19 01:33:15,528 - Server_DefaultID - INFO - Client 85: Acc=99.74, Loss=-340.7595, NLL=-1161.7410, KL=13.7203, AvgS=499.99, ProxLoss=0.0000
2026-03-19 01:33:15,529 - Server_DefaultID - INFO - Training client 84 (15/30)...
2026-03-19 01:33:15,922 - Server_DefaultID - INFO - Client 84: Acc=44.91, Loss=-174.6644, NLL=-601.6784, KL=12.0172, AvgS=258.11, ProxLoss=0.0000
2026-03-19 01:33:15,922 - Server_DefaultID - INFO - Training client 47 (16/30)...
2026-03-19 01:33:17,585 - Server_DefaultID - INFO - Client 47: Acc=87.50, Loss=-344.6525, NLL=-1161.6724, KL=14.1465, AvgS=499.96, ProxLoss=0.0000
2026-03-19 01:33:17,585 - Server_DefaultID - INFO - Training client 52 (17/30)...
2026-03-19 01:33:18,485 - Server_DefaultID - INFO - Client 52: Acc=70.00, Loss=-342.8526, NLL=-1161.4246, KL=14.8153, AvgS=499.85, ProxLoss=0.0000
2026-03-19 01:33:18,485 - Server_DefaultID - INFO - Training client 5 (18/30)...
2026-03-19 01:33:18,942 - Server_DefaultID - INFO - Client 5: Acc=76.25, Loss=-343.4021, NLL=-1160.9535, KL=14.5600, AvgS=499.65, ProxLoss=0.0000
2026-03-19 01:33:18,942 - Server_DefaultID - INFO - Training client 49 (19/30)...
2026-03-19 01:33:20,753 - Server_DefaultID - INFO - Client 49: Acc=90.36, Loss=-342.7994, NLL=-1161.7331, KL=14.8945, AvgS=499.98, ProxLoss=0.0000
2026-03-19 01:33:20,753 - Server_DefaultID - INFO - Training client 36 (20/30)...
2026-03-19 01:33:26,372 - Server_DefaultID - INFO - Client 36: Acc=98.34, Loss=-341.8822, NLL=-1161.7412, KL=14.5474, AvgS=499.99, ProxLoss=0.0000
2026-03-19 01:33:26,372 - Server_DefaultID - INFO - Training client 45 (21/30)...
2026-03-19 01:33:28,413 - Server_DefaultID - INFO - Client 45: Acc=67.62, Loss=-342.6536, NLL=-1161.6213, KL=14.8794, AvgS=499.94, ProxLoss=0.0000
2026-03-19 01:33:28,413 - Server_DefaultID - INFO - Training client 90 (22/30)...
2026-03-19 01:33:30,738 - Client_90 - WARNING - Client 90: Too few classes (1) or samples (592) for alpha report, returning uniform.
2026-03-19 01:33:30,738 - Server_DefaultID - INFO - Client 90: Acc=100.00, Loss=-340.3593, NLL=-1161.2723, KL=13.5584, AvgS=499.79, ProxLoss=0.0000
2026-03-19 01:33:30,738 - Server_DefaultID - INFO - Training client 16 (23/30)...
2026-03-19 01:33:31,393 - Server_DefaultID - INFO - Client 16: Acc=58.44, Loss=-342.0648, NLL=-1160.3795, KL=14.8851, AvgS=499.40, ProxLoss=0.0000
2026-03-19 01:33:31,393 - Server_DefaultID - INFO - Training client 3 (24/30)...
2026-03-19 01:33:33,141 - Server_DefaultID - INFO - Client 3: Acc=67.19, Loss=-344.9993, NLL=-1161.7619, KL=13.4605, AvgS=500.00, ProxLoss=0.0000
2026-03-19 01:33:33,141 - Server_DefaultID - INFO - Training client 98 (25/30)...
2026-03-19 01:33:34,073 - Server_DefaultID - INFO - Client 98: Acc=93.23, Loss=-341.4791, NLL=-1161.2479, KL=14.5098, AvgS=499.77, ProxLoss=0.0000
2026-03-19 01:33:34,073 - Server_DefaultID - INFO - Training client 29 (26/30)...
2026-03-19 01:33:35,127 - Server_DefaultID - INFO - Client 29: Acc=81.25, Loss=-342.5941, NLL=-1161.6756, KL=14.8938, AvgS=499.96, ProxLoss=0.0000
2026-03-19 01:33:35,127 - Server_DefaultID - INFO - Training client 77 (27/30)...
2026-03-19 01:33:38,824 - Server_DefaultID - INFO - Client 77: Acc=94.88, Loss=-342.8032, NLL=-1161.6971, KL=14.8789, AvgS=499.97, ProxLoss=0.0000
2026-03-19 01:33:38,824 - Server_DefaultID - INFO - Training client 58 (28/30)...
2026-03-19 01:33:40,714 - Server_DefaultID - INFO - Client 58: Acc=80.49, Loss=-341.7583, NLL=-1161.7699, KL=14.5689, AvgS=500.00, ProxLoss=0.0000
2026-03-19 01:33:40,714 - Server_DefaultID - INFO - Training client 81 (29/30)...
2026-03-19 01:33:42,663 - Server_DefaultID - INFO - Client 81: Acc=89.38, Loss=-343.0201, NLL=-1161.7179, KL=14.8549, AvgS=499.98, ProxLoss=0.0000
2026-03-19 01:33:42,663 - Server_DefaultID - INFO - Training client 95 (30/30)...
2026-03-19 01:33:45,019 - Server_DefaultID - INFO - Client 95: Acc=76.39, Loss=-341.8652, NLL=-1161.7000, KL=14.6321, AvgS=499.97, ProxLoss=0.0000
2026-03-19 01:33:45,258 - Server_DefaultID - WARNING - Global prior extremely imbalanced (max/min=1.0), applied adaptive smoothing lam=0.10.
2026-03-19 01:33:45,259 - Server_DefaultID - INFO - Round [44/200] Summary | Avg Client Train Stats:	Loss [-340.0170]	 Acc [86.50]	NLL [-1153.3623]	 KL [14.4301]	AvgS [496.37]	 ProxLoss [0.0000]
GlobalPriorAlpha (first 10): [5.0, 5.0, 5.0, 5.0, 5.0, 5.0, 5.0, 5.0, 5.0, 5.0]
Round Time: 55.86s
2026-03-19 01:33:45,261 - Server_DefaultID - INFO - --- Global Round 45/200 ---
2026-03-19 01:33:45,262 - Server_DefaultID - INFO - Selected 30 active clients for round 45.
2026-03-19 01:33:45,262 - Server_DefaultID - INFO - Training client 57 (1/30)...
2026-03-19 01:33:50,229 - Server_DefaultID - INFO - Client 57: Acc=96.16, Loss=-342.5286, NLL=-1161.7415, KL=14.7642, AvgS=499.99, ProxLoss=0.0000
2026-03-19 01:33:50,230 - Server_DefaultID - INFO - Training client 75 (2/30)...
2026-03-19 01:33:52,374 - Server_DefaultID - INFO - Client 75: Acc=95.51, Loss=-341.9764, NLL=-1161.7589, KL=14.6096, AvgS=500.00, ProxLoss=0.0000
2026-03-19 01:33:52,374 - Server_DefaultID - INFO - Training client 25 (3/30)...
2026-03-19 01:33:53,082 - Server_DefaultID - INFO - Client 25: Acc=95.00, Loss=-343.2910, NLL=-1161.6461, KL=14.7352, AvgS=499.95, ProxLoss=0.0000
2026-03-19 01:33:53,082 - Server_DefaultID - INFO - Training client 99 (4/30)...
2026-03-19 01:33:53,495 - Server_DefaultID - INFO - Client 99: Acc=40.94, Loss=-248.6162, NLL=-838.3725, KL=9.0339, AvgS=360.29, ProxLoss=0.0000
2026-03-19 01:33:53,495 - Server_DefaultID - INFO - Training client 31 (5/30)...
2026-03-19 01:33:55,822 - Server_DefaultID - INFO - Client 31: Acc=89.58, Loss=-342.8485, NLL=-1161.7593, KL=14.8850, AvgS=500.00, ProxLoss=0.0000
2026-03-19 01:33:55,822 - Server_DefaultID - INFO - Training client 35 (6/30)...
2026-03-19 01:33:56,627 - Server_DefaultID - INFO - Client 35: Acc=73.65, Loss=-344.0360, NLL=-1161.2153, KL=14.2559, AvgS=499.76, ProxLoss=0.0000
2026-03-19 01:33:56,627 - Server_DefaultID - INFO - Training client 14 (7/30)...
2026-03-19 01:33:59,051 - Server_DefaultID - INFO - Client 14: Acc=81.25, Loss=-341.4968, NLL=-1161.7157, KL=14.5141, AvgS=499.98, ProxLoss=0.0000
2026-03-19 01:33:59,051 - Server_DefaultID - INFO - Training client 84 (8/30)...
2026-03-19 01:33:59,512 - Server_DefaultID - INFO - Client 84: Acc=43.40, Loss=-196.7516, NLL=-676.0582, KL=12.5360, AvgS=290.16, ProxLoss=0.0000
2026-03-19 01:33:59,512 - Server_DefaultID - INFO - Training client 88 (9/30)...
2026-03-19 01:34:01,033 - Server_DefaultID - INFO - Client 88: Acc=69.22, Loss=-343.7713, NLL=-1161.5366, KL=14.5257, AvgS=499.90, ProxLoss=0.0000
2026-03-19 01:34:01,033 - Server_DefaultID - INFO - Training client 46 (10/30)...
2026-03-19 01:34:03,124 - Server_DefaultID - INFO - Client 46: Acc=87.66, Loss=-342.9652, NLL=-1161.7659, KL=14.8577, AvgS=500.00, ProxLoss=0.0000
2026-03-19 01:34:03,124 - Server_DefaultID - INFO - Training client 90 (11/30)...
2026-03-19 01:34:05,276 - Client_90 - WARNING - Client 90: Too few classes (1) or samples (592) for alpha report, returning uniform.
2026-03-19 01:34:05,276 - Server_DefaultID - INFO - Client 90: Acc=100.00, Loss=-340.5180, NLL=-1161.7337, KL=13.5615, AvgS=499.98, ProxLoss=0.0000
2026-03-19 01:34:05,276 - Server_DefaultID - INFO - Training client 12 (12/30)...
2026-03-19 01:34:06,634 - Server_DefaultID - INFO - Client 12: Acc=71.56, Loss=-344.6353, NLL=-1161.7354, KL=13.9377, AvgS=499.99, ProxLoss=0.0000
2026-03-19 01:34:06,634 - Server_DefaultID - INFO - Training client 60 (13/30)...
2026-03-19 01:34:07,535 - Server_DefaultID - INFO - Client 60: Acc=75.10, Loss=-342.1376, NLL=-1161.6944, KL=14.7018, AvgS=499.97, ProxLoss=0.0000
2026-03-19 01:34:07,535 - Server_DefaultID - INFO - Training client 39 (14/30)...
2026-03-19 01:34:11,190 - Server_DefaultID - INFO - Client 39: Acc=86.75, Loss=-343.0355, NLL=-1161.7482, KL=14.8550, AvgS=499.99, ProxLoss=0.0000
2026-03-19 01:34:11,190 - Server_DefaultID - INFO - Training client 17 (15/30)...
2026-03-19 01:34:12,070 - Server_DefaultID - INFO - Client 17: Acc=81.72, Loss=-343.9798, NLL=-1161.6585, KL=14.5112, AvgS=499.95, ProxLoss=0.0000
2026-03-19 01:34:12,070 - Server_DefaultID - INFO - Training client 89 (16/30)...
2026-03-19 01:34:15,514 - Server_DefaultID - INFO - Client 89: Acc=98.55, Loss=-341.4231, NLL=-1161.7691, KL=14.1768, AvgS=500.00, ProxLoss=0.0000
2026-03-19 01:34:15,514 - Server_DefaultID - INFO - Training client 58 (17/30)...
2026-03-19 01:34:17,449 - Server_DefaultID - INFO - Client 58: Acc=81.65, Loss=-341.6546, NLL=-1161.7211, KL=14.5575, AvgS=499.98, ProxLoss=0.0000
2026-03-19 01:34:17,449 - Server_DefaultID - INFO - Training client 7 (18/30)...
2026-03-19 01:34:19,040 - Server_DefaultID - INFO - Client 7: Acc=50.57, Loss=-342.9849, NLL=-1161.7148, KL=14.8351, AvgS=499.98, ProxLoss=0.0000
2026-03-19 01:34:19,040 - Server_DefaultID - INFO - Training client 98 (19/30)...
2026-03-19 01:34:19,925 - Server_DefaultID - INFO - Client 98: Acc=94.06, Loss=-341.5001, NLL=-1161.3145, KL=14.5113, AvgS=499.80, ProxLoss=0.0000
2026-03-19 01:34:19,925 - Server_DefaultID - INFO - Training client 33 (20/30)...
2026-03-19 01:34:22,787 - Server_DefaultID - INFO - Client 33: Acc=70.89, Loss=-344.6010, NLL=-1161.7133, KL=13.9703, AvgS=499.98, ProxLoss=0.0000
2026-03-19 01:34:22,787 - Server_DefaultID - INFO - Training client 52 (21/30)...
2026-03-19 01:34:23,650 - Server_DefaultID - INFO - Client 52: Acc=69.38, Loss=-342.7086, NLL=-1161.4282, KL=14.7573, AvgS=499.85, ProxLoss=0.0000
2026-03-19 01:34:23,650 - Server_DefaultID - INFO - Training client 8 (22/30)...
2026-03-19 01:34:24,370 - Server_DefaultID - INFO - Client 8: Acc=88.44, Loss=-342.6749, NLL=-1161.6647, KL=14.7843, AvgS=499.95, ProxLoss=0.0000
2026-03-19 01:34:24,370 - Server_DefaultID - INFO - Training client 77 (23/30)...
2026-03-19 01:34:28,216 - Server_DefaultID - INFO - Client 77: Acc=94.79, Loss=-342.5936, NLL=-1161.6398, KL=14.8326, AvgS=499.94, ProxLoss=0.0000
2026-03-19 01:34:28,216 - Server_DefaultID - INFO - Training client 37 (24/30)...
2026-03-19 01:34:29,368 - Server_DefaultID - INFO - Client 37: Acc=80.86, Loss=-344.1230, NLL=-1161.7119, KL=14.4419, AvgS=499.98, ProxLoss=0.0000
2026-03-19 01:34:29,369 - Server_DefaultID - INFO - Training client 67 (25/30)...
2026-03-19 01:34:31,066 - Server_DefaultID - INFO - Client 67: Acc=82.03, Loss=-343.8613, NLL=-1161.7359, KL=14.6751, AvgS=499.99, ProxLoss=0.0000
2026-03-19 01:34:31,066 - Server_DefaultID - INFO - Training client 72 (26/30)...
2026-03-19 01:34:32,177 - Server_DefaultID - INFO - Client 72: Acc=94.92, Loss=-342.0693, NLL=-1161.6326, KL=14.6655, AvgS=499.94, ProxLoss=0.0000
2026-03-19 01:34:32,177 - Server_DefaultID - INFO - Training client 68 (27/30)...
2026-03-19 01:34:34,432 - Server_DefaultID - INFO - Client 68: Acc=95.97, Loss=-341.6682, NLL=-1161.6730, KL=14.5137, AvgS=499.96, ProxLoss=0.0000
2026-03-19 01:34:34,432 - Server_DefaultID - INFO - Training client 86 (28/30)...
2026-03-19 01:34:35,861 - Server_DefaultID - INFO - Client 86: Acc=83.69, Loss=-342.8536, NLL=-1161.7524, KL=14.7940, AvgS=499.99, ProxLoss=0.0000
2026-03-19 01:34:35,861 - Server_DefaultID - INFO - Training client 54 (29/30)...
2026-03-19 01:34:36,512 - Server_DefaultID - INFO - Client 54: Acc=71.09, Loss=-289.4134, NLL=-989.4285, KL=14.0871, AvgS=425.57, ProxLoss=0.0000
2026-03-19 01:34:36,512 - Server_DefaultID - INFO - Training client 83 (30/30)...
2026-03-19 01:34:39,145 - Server_DefaultID - INFO - Client 83: Acc=99.72, Loss=-340.7394, NLL=-1161.7536, KL=13.7330, AvgS=499.99, ProxLoss=0.0000
2026-03-19 01:34:39,387 - Server_DefaultID - WARNING - Global prior extremely imbalanced (max/min=1.0), applied adaptive smoothing lam=0.10.
2026-03-19 01:34:39,387 - Server_DefaultID - INFO - Round [45/200] Summary | Avg Client Train Stats:	Loss [-340.7147]	 Acc [86.64]	NLL [-1155.7174]	 KL [14.4612]	AvgS [497.39]	 ProxLoss [0.0000]
GlobalPriorAlpha (first 10): [5.0, 5.0, 5.0, 5.0, 5.0, 5.0, 5.0, 5.0, 5.0, 5.0]
Round Time: 54.13s
2026-03-19 01:34:39,390 - Server_DefaultID - INFO - --- Global Round 46/200 ---
2026-03-19 01:34:39,391 - Server_DefaultID - INFO - Selected 30 active clients for round 46.
2026-03-19 01:34:39,391 - Server_DefaultID - INFO - Training client 51 (1/30)...
2026-03-19 01:34:40,092 - Server_DefaultID - INFO - Client 51: Acc=47.03, Loss=-344.6500, NLL=-1160.5747, KL=12.9851, AvgS=499.48, ProxLoss=0.0000
2026-03-19 01:34:40,092 - Server_DefaultID - INFO - Training client 84 (2/30)...
2026-03-19 01:34:40,517 - Server_DefaultID - INFO - Client 84: Acc=40.75, Loss=-219.6093, NLL=-753.0229, KL=12.9732, AvgS=323.38, ProxLoss=0.0000
2026-03-19 01:34:40,517 - Server_DefaultID - INFO - Training client 87 (3/30)...
2026-03-19 01:34:42,318 - Server_DefaultID - INFO - Client 87: Acc=90.49, Loss=-345.1341, NLL=-1161.7511, KL=13.6753, AvgS=499.99, ProxLoss=0.0000
2026-03-19 01:34:42,318 - Server_DefaultID - INFO - Training client 80 (4/30)...
2026-03-19 01:34:42,721 - Server_DefaultID - INFO - Client 80: Acc=59.69, Loss=-323.0866, NLL=-1094.3642, KL=14.1722, AvgS=470.91, ProxLoss=0.0000
2026-03-19 01:34:42,721 - Server_DefaultID - INFO - Training client 82 (5/30)...
2026-03-19 01:34:44,071 - Server_DefaultID - INFO - Client 82: Acc=90.69, Loss=-342.4526, NLL=-1161.6665, KL=14.7543, AvgS=499.96, ProxLoss=0.0000
2026-03-19 01:34:44,071 - Server_DefaultID - INFO - Training client 64 (6/30)...
2026-03-19 01:34:44,546 - Server_DefaultID - INFO - Client 64: Acc=65.31, Loss=-330.5666, NLL=-1121.4308, KL=14.6205, AvgS=482.57, ProxLoss=0.0000
2026-03-19 01:34:44,548 - Server_DefaultID - INFO - Training client 66 (7/30)...
2026-03-19 01:34:46,338 - Server_DefaultID - INFO - Client 66: Acc=88.35, Loss=-342.2732, NLL=-1161.7062, KL=14.7747, AvgS=499.97, ProxLoss=0.0000
2026-03-19 01:34:46,338 - Server_DefaultID - INFO - Training client 5 (8/30)...
2026-03-19 01:34:46,732 - Server_DefaultID - INFO - Client 5: Acc=74.38, Loss=-344.2373, NLL=-1161.6246, KL=14.2397, AvgS=499.94, ProxLoss=0.0000
2026-03-19 01:34:46,732 - Server_DefaultID - INFO - Training client 16 (9/30)...
2026-03-19 01:34:47,405 - Server_DefaultID - INFO - Client 16: Acc=52.97, Loss=-342.1578, NLL=-1161.4193, KL=14.8530, AvgS=499.85, ProxLoss=0.0000
2026-03-19 01:34:47,405 - Server_DefaultID - INFO - Training client 0 (10/30)...
2026-03-19 01:34:47,815 - Server_DefaultID - INFO - Client 0: Acc=39.38, Loss=-342.7886, NLL=-1161.1312, KL=14.7741, AvgS=499.72, ProxLoss=0.0000
2026-03-19 01:34:47,815 - Server_DefaultID - INFO - Training client 69 (11/30)...
2026-03-19 01:34:48,404 - Server_DefaultID - INFO - Client 69: Acc=57.34, Loss=-343.7048, NLL=-1161.2050, KL=14.3992, AvgS=499.76, ProxLoss=0.0000
2026-03-19 01:34:48,404 - Server_DefaultID - INFO - Training client 54 (12/30)...
2026-03-19 01:34:49,099 - Server_DefaultID - INFO - Client 54: Acc=70.31, Loss=-324.2881, NLL=-1105.8364, KL=14.6070, AvgS=475.84, ProxLoss=0.0000
2026-03-19 01:34:49,099 - Server_DefaultID - INFO - Training client 57 (13/30)...
2026-03-19 01:34:53,342 - Server_DefaultID - INFO - Client 57: Acc=96.58, Loss=-342.5584, NLL=-1161.7504, KL=14.7867, AvgS=499.99, ProxLoss=0.0000
2026-03-19 01:34:53,342 - Server_DefaultID - INFO - Training client 86 (14/30)...
2026-03-19 01:34:55,621 - Server_DefaultID - INFO - Client 86: Acc=85.38, Loss=-342.9663, NLL=-1161.6739, KL=14.7801, AvgS=499.96, ProxLoss=0.0000
2026-03-19 01:34:55,621 - Server_DefaultID - INFO - Training client 85 (15/30)...
2026-03-19 01:34:58,690 - Server_DefaultID - INFO - Client 85: Acc=99.74, Loss=-340.6903, NLL=-1161.7582, KL=13.7204, AvgS=499.99, ProxLoss=0.0000
2026-03-19 01:34:58,691 - Server_DefaultID - INFO - Training client 28 (16/30)...
2026-03-19 01:34:59,098 - Server_DefaultID - INFO - Client 28: Acc=54.69, Loss=-262.7812, NLL=-897.2583, KL=13.5982, AvgS=385.72, ProxLoss=0.0000
2026-03-19 01:34:59,098 - Server_DefaultID - INFO - Training client 93 (17/30)...
2026-03-19 01:34:59,757 - Server_DefaultID - INFO - Client 93: Acc=50.00, Loss=-343.0699, NLL=-1161.0451, KL=14.5700, AvgS=499.69, ProxLoss=0.0000
2026-03-19 01:34:59,757 - Server_DefaultID - INFO - Training client 35 (18/30)...
2026-03-19 01:35:00,746 - Server_DefaultID - INFO - Client 35: Acc=73.65, Loss=-344.0773, NLL=-1161.4698, KL=14.2968, AvgS=499.87, ProxLoss=0.0000
2026-03-19 01:35:00,746 - Server_DefaultID - INFO - Training client 48 (19/30)...
2026-03-19 01:35:05,031 - Server_DefaultID - INFO - Client 48: Acc=89.65, Loss=-343.1578, NLL=-1161.7606, KL=14.8248, AvgS=500.00, ProxLoss=0.0000
2026-03-19 01:35:05,031 - Server_DefaultID - INFO - Training client 31 (20/30)...
2026-03-19 01:35:07,240 - Server_DefaultID - INFO - Client 31: Acc=92.85, Loss=-342.8647, NLL=-1161.7443, KL=14.8824, AvgS=499.99, ProxLoss=0.0000
2026-03-19 01:35:07,240 - Server_DefaultID - INFO - Training client 89 (21/30)...
2026-03-19 01:35:10,847 - Server_DefaultID - INFO - Client 89: Acc=98.48, Loss=-341.2926, NLL=-1161.6807, KL=14.1925, AvgS=499.96, ProxLoss=0.0000
2026-03-19 01:35:10,847 - Server_DefaultID - INFO - Training client 37 (22/30)...
2026-03-19 01:35:12,033 - Server_DefaultID - INFO - Client 37: Acc=80.47, Loss=-343.9353, NLL=-1161.7216, KL=14.5449, AvgS=499.98, ProxLoss=0.0000
2026-03-19 01:35:12,033 - Server_DefaultID - INFO - Training client 8 (23/30)...
2026-03-19 01:35:12,706 - Server_DefaultID - INFO - Client 8: Acc=87.66, Loss=-342.8857, NLL=-1161.7057, KL=14.8608, AvgS=499.97, ProxLoss=0.0000
2026-03-19 01:35:12,707 - Server_DefaultID - INFO - Training client 95 (24/30)...
2026-03-19 01:35:15,067 - Server_DefaultID - INFO - Client 95: Acc=78.06, Loss=-341.8128, NLL=-1161.7476, KL=14.6327, AvgS=499.99, ProxLoss=0.0000
2026-03-19 01:35:15,067 - Server_DefaultID - INFO - Training client 42 (25/30)...
2026-03-19 01:35:16,762 - Server_DefaultID - INFO - Client 42: Acc=90.83, Loss=-342.8484, NLL=-1161.6902, KL=14.7760, AvgS=499.97, ProxLoss=0.0000
2026-03-19 01:35:16,763 - Server_DefaultID - INFO - Training client 60 (26/30)...
2026-03-19 01:35:17,711 - Server_DefaultID - INFO - Client 60: Acc=74.38, Loss=-341.9002, NLL=-1161.3443, KL=14.6910, AvgS=499.82, ProxLoss=0.0000
2026-03-19 01:35:17,711 - Server_DefaultID - INFO - Training client 12 (27/30)...
2026-03-19 01:35:19,188 - Server_DefaultID - INFO - Client 12: Acc=74.94, Loss=-344.5453, NLL=-1161.7330, KL=14.0043, AvgS=499.98, ProxLoss=0.0000
2026-03-19 01:35:19,189 - Server_DefaultID - INFO - Training client 11 (28/30)...
2026-03-19 01:35:20,745 - Server_DefaultID - INFO - Client 11: Acc=89.95, Loss=-343.4008, NLL=-1161.7304, KL=14.8130, AvgS=499.98, ProxLoss=0.0000
2026-03-19 01:35:20,745 - Server_DefaultID - INFO - Training client 1 (29/30)...
2026-03-19 01:35:21,391 - Server_DefaultID - INFO - Client 1: Acc=52.03, Loss=-343.2497, NLL=-1161.6154, KL=14.7818, AvgS=499.93, ProxLoss=0.0000
2026-03-19 01:35:21,391 - Server_DefaultID - INFO - Training client 32 (30/30)...
2026-03-19 01:35:22,992 - Server_DefaultID - INFO - Client 32: Acc=89.53, Loss=-343.6575, NLL=-1161.7699, KL=14.7052, AvgS=500.00, ProxLoss=0.0000
2026-03-19 01:35:23,255 - Server_DefaultID - WARNING - Global prior extremely imbalanced (max/min=1.0), applied adaptive smoothing lam=0.10.
2026-03-19 01:35:23,256 - Server_DefaultID - INFO - Round [46/200] Summary | Avg Client Train Stats:	Loss [-340.7180]	 Acc [85.34]	NLL [-1155.0079]	 KL [14.4950]	AvgS [497.08]	 ProxLoss [0.0000]
GlobalPriorAlpha (first 10): [5.0, 5.0, 5.0, 5.0, 5.0, 5.0, 5.0, 5.0, 5.0, 5.0]
Round Time: 43.86s
2026-03-19 01:35:23,258 - Server_DefaultID - INFO - --- Global Round 47/200 ---
2026-03-19 01:35:23,259 - Server_DefaultID - INFO - Selected 30 active clients for round 47.
2026-03-19 01:35:23,259 - Server_DefaultID - INFO - Training client 19 (1/30)...
2026-03-19 01:35:26,888 - Server_DefaultID - INFO - Client 19: Acc=95.71, Loss=-341.5259, NLL=-1161.6513, KL=14.4862, AvgS=499.95, ProxLoss=0.0000
2026-03-19 01:35:26,888 - Server_DefaultID - INFO - Training client 90 (2/30)...
2026-03-19 01:35:29,983 - Client_90 - WARNING - Client 90: Too few classes (1) or samples (592) for alpha report, returning uniform.
2026-03-19 01:35:29,983 - Server_DefaultID - INFO - Client 90: Acc=100.00, Loss=-340.4450, NLL=-1161.7428, KL=13.5616, AvgS=499.99, ProxLoss=0.0000
2026-03-19 01:35:29,983 - Server_DefaultID - INFO - Training client 4 (3/30)...
2026-03-19 01:35:31,490 - Server_DefaultID - INFO - Client 4: Acc=77.60, Loss=-344.5011, NLL=-1161.7207, KL=14.0793, AvgS=499.98, ProxLoss=0.0000
2026-03-19 01:35:31,490 - Server_DefaultID - INFO - Training client 46 (4/30)...
2026-03-19 01:35:33,575 - Server_DefaultID - INFO - Client 46: Acc=87.73, Loss=-342.7732, NLL=-1161.7238, KL=14.8655, AvgS=499.98, ProxLoss=0.0000
2026-03-19 01:35:33,575 - Server_DefaultID - INFO - Training client 97 (5/30)...
2026-03-19 01:35:39,683 - Server_DefaultID - INFO - Client 97: Acc=99.58, Loss=-340.7546, NLL=-1161.7671, KL=13.7981, AvgS=500.00, ProxLoss=0.0000
2026-03-19 01:35:39,683 - Server_DefaultID - INFO - Training client 6 (6/30)...
2026-03-19 01:35:40,658 - Server_DefaultID - INFO - Client 6: Acc=79.69, Loss=-342.5973, NLL=-1161.6743, KL=14.7807, AvgS=499.96, ProxLoss=0.0000
2026-03-19 01:35:40,658 - Server_DefaultID - INFO - Training client 96 (7/30)...
2026-03-19 01:35:43,082 - Server_DefaultID - INFO - Client 96: Acc=91.81, Loss=-342.8291, NLL=-1161.6032, KL=14.6959, AvgS=499.93, ProxLoss=0.0000
2026-03-19 01:35:43,082 - Server_DefaultID - INFO - Training client 62 (8/30)...
2026-03-19 01:35:43,717 - Server_DefaultID - INFO - Client 62: Acc=89.53, Loss=-343.3039, NLL=-1161.4035, KL=14.6498, AvgS=499.84, ProxLoss=0.0000
2026-03-19 01:35:43,717 - Server_DefaultID - INFO - Training client 63 (9/30)...
2026-03-19 01:35:45,084 - Server_DefaultID - INFO - Client 63: Acc=83.94, Loss=-343.1205, NLL=-1161.7277, KL=14.8151, AvgS=499.98, ProxLoss=0.0000
2026-03-19 01:35:45,084 - Server_DefaultID - INFO - Training client 64 (10/30)...
2026-03-19 01:35:45,481 - Server_DefaultID - INFO - Client 64: Acc=62.81, Loss=-337.1693, NLL=-1144.6645, KL=14.7334, AvgS=492.61, ProxLoss=0.0000
2026-03-19 01:35:45,481 - Server_DefaultID - INFO - Training client 8 (11/30)...
2026-03-19 01:35:46,107 - Server_DefaultID - INFO - Client 8: Acc=87.97, Loss=-342.6969, NLL=-1161.6913, KL=14.7738, AvgS=499.97, ProxLoss=0.0000
2026-03-19 01:35:46,107 - Server_DefaultID - INFO - Training client 67 (12/30)...
2026-03-19 01:35:47,706 - Server_DefaultID - INFO - Client 67: Acc=84.32, Loss=-343.8317, NLL=-1161.6759, KL=14.6562, AvgS=499.96, ProxLoss=0.0000
2026-03-19 01:35:47,706 - Server_DefaultID - INFO - Training client 51 (13/30)...
2026-03-19 01:35:48,321 - Server_DefaultID - INFO - Client 51: Acc=52.03, Loss=-344.7527, NLL=-1161.5702, KL=13.2104, AvgS=499.91, ProxLoss=0.0000
2026-03-19 01:35:48,322 - Server_DefaultID - INFO - Training client 71 (14/30)...
2026-03-19 01:35:48,934 - Server_DefaultID - INFO - Client 71: Acc=69.38, Loss=-343.6589, NLL=-1161.4031, KL=14.5098, AvgS=499.84, ProxLoss=0.0000
2026-03-19 01:35:48,934 - Server_DefaultID - INFO - Training client 39 (15/30)...
2026-03-19 01:35:52,838 - Server_DefaultID - INFO - Client 39: Acc=88.35, Loss=-342.9785, NLL=-1161.7461, KL=14.8354, AvgS=499.99, ProxLoss=0.0000
2026-03-19 01:35:52,838 - Server_DefaultID - INFO - Training client 24 (16/30)...
2026-03-19 01:35:53,303 - Server_DefaultID - INFO - Client 24: Acc=58.44, Loss=-229.8404, NLL=-777.2032, KL=10.8552, AvgS=333.91, ProxLoss=0.0000
2026-03-19 01:35:53,303 - Server_DefaultID - INFO - Training client 44 (17/30)...
2026-03-19 01:35:55,531 - Server_DefaultID - INFO - Client 44: Acc=95.56, Loss=-342.6153, NLL=-1161.7486, KL=14.8525, AvgS=499.99, ProxLoss=0.0000
2026-03-19 01:35:55,531 - Server_DefaultID - INFO - Training client 91 (18/30)...
2026-03-19 01:35:56,449 - Server_DefaultID - INFO - Client 91: Acc=95.10, Loss=-341.5311, NLL=-1161.5786, KL=14.5129, AvgS=499.92, ProxLoss=0.0000
2026-03-19 01:35:56,449 - Server_DefaultID - INFO - Training client 9 (19/30)...
2026-03-19 01:35:58,357 - Server_DefaultID - INFO - Client 9: Acc=97.41, Loss=-341.3850, NLL=-1161.6601, KL=14.3230, AvgS=499.95, ProxLoss=0.0000
2026-03-19 01:35:58,357 - Server_DefaultID - INFO - Training client 61 (20/30)...
2026-03-19 01:35:59,772 - Server_DefaultID - INFO - Client 61: Acc=78.94, Loss=-344.9101, NLL=-1161.6152, KL=13.4265, AvgS=499.93, ProxLoss=0.0000
2026-03-19 01:35:59,772 - Server_DefaultID - INFO - Training client 32 (21/30)...
2026-03-19 01:36:02,297 - Server_DefaultID - INFO - Client 32: Acc=90.57, Loss=-343.4672, NLL=-1161.7439, KL=14.6925, AvgS=499.99, ProxLoss=0.0000
2026-03-19 01:36:02,297 - Server_DefaultID - INFO - Training client 22 (22/30)...
2026-03-19 01:36:02,876 - Server_DefaultID - INFO - Client 22: Acc=92.50, Loss=-343.2991, NLL=-1161.1112, KL=14.7340, AvgS=499.72, ProxLoss=0.0000
2026-03-19 01:36:02,877 - Server_DefaultID - INFO - Training client 65 (23/30)...
2026-03-19 01:36:03,294 - Server_DefaultID - INFO - Client 65: Acc=61.56, Loss=-202.5072, NLL=-689.8572, KL=11.8642, AvgS=296.27, ProxLoss=0.0000
2026-03-19 01:36:03,294 - Server_DefaultID - INFO - Training client 57 (24/30)...
2026-03-19 01:36:07,481 - Server_DefaultID - INFO - Client 57: Acc=97.33, Loss=-342.5454, NLL=-1161.7468, KL=14.7955, AvgS=499.99, ProxLoss=0.0000
2026-03-19 01:36:07,481 - Server_DefaultID - INFO - Training client 83 (25/30)...
2026-03-19 01:36:10,057 - Server_DefaultID - INFO - Client 83: Acc=99.69, Loss=-340.6637, NLL=-1161.7641, KL=13.7331, AvgS=500.00, ProxLoss=0.0000
2026-03-19 01:36:10,057 - Server_DefaultID - INFO - Training client 5 (26/30)...
2026-03-19 01:36:10,493 - Server_DefaultID - INFO - Client 5: Acc=80.31, Loss=-343.9319, NLL=-1160.8211, KL=14.2287, AvgS=499.59, ProxLoss=0.0000
2026-03-19 01:36:10,493 - Server_DefaultID - INFO - Training client 34 (27/30)...
2026-03-19 01:36:11,344 - Server_DefaultID - INFO - Client 34: Acc=79.90, Loss=-343.5637, NLL=-1161.4402, KL=14.5579, AvgS=499.86, ProxLoss=0.0000
2026-03-19 01:36:11,344 - Server_DefaultID - INFO - Training client 3 (28/30)...
2026-03-19 01:36:12,864 - Server_DefaultID - INFO - Client 3: Acc=69.11, Loss=-344.8425, NLL=-1161.7242, KL=13.5587, AvgS=499.98, ProxLoss=0.0000
2026-03-19 01:36:12,864 - Server_DefaultID - INFO - Training client 42 (29/30)...
2026-03-19 01:36:14,516 - Server_DefaultID - INFO - Client 42: Acc=90.57, Loss=-342.7946, NLL=-1161.7595, KL=14.7494, AvgS=500.00, ProxLoss=0.0000
2026-03-19 01:36:14,516 - Server_DefaultID - INFO - Training client 82 (30/30)...
2026-03-19 01:36:15,933 - Server_DefaultID - INFO - Client 82: Acc=92.31, Loss=-342.5656, NLL=-1161.1159, KL=14.7978, AvgS=499.72, ProxLoss=0.0000
2026-03-19 01:36:16,196 - Server_DefaultID - WARNING - Global prior extremely imbalanced (max/min=1.0), applied adaptive smoothing lam=0.10.
2026-03-19 01:36:16,196 - Server_DefaultID - INFO - Round [47/200] Summary | Avg Client Train Stats:	Loss [-340.8433]	 Acc [90.42]	NLL [-1156.2888]	 KL [14.3392]	AvgS [497.63]	 ProxLoss [0.0000]
GlobalPriorAlpha (first 10): [5.0, 5.0, 5.0, 5.0, 5.0, 5.0, 5.0, 5.0, 5.0, 5.0]
Round Time: 52.94s
2026-03-19 01:36:16,198 - Server_DefaultID - INFO - --- Global Round 48/200 ---
2026-03-19 01:36:16,199 - Server_DefaultID - INFO - Selected 30 active clients for round 48.
2026-03-19 01:36:16,199 - Server_DefaultID - INFO - Training client 72 (1/30)...
2026-03-19 01:36:17,362 - Server_DefaultID - INFO - Client 72: Acc=95.39, Loss=-342.1415, NLL=-1161.7098, KL=14.7232, AvgS=499.97, ProxLoss=0.0000
2026-03-19 01:36:17,362 - Server_DefaultID - INFO - Training client 15 (2/30)...
2026-03-19 01:36:18,162 - Server_DefaultID - INFO - Client 15: Acc=44.69, Loss=-342.7831, NLL=-1161.0771, KL=14.7877, AvgS=499.70, ProxLoss=0.0000
2026-03-19 01:36:18,162 - Server_DefaultID - INFO - Training client 19 (3/30)...
2026-03-19 01:36:21,474 - Server_DefaultID - INFO - Client 19: Acc=97.21, Loss=-341.5314, NLL=-1161.7430, KL=14.4735, AvgS=499.99, ProxLoss=0.0000
2026-03-19 01:36:21,475 - Server_DefaultID - INFO - Training client 21 (4/30)...
2026-03-19 01:36:23,455 - Server_DefaultID - INFO - Client 21: Acc=87.62, Loss=-344.6702, NLL=-1161.6925, KL=14.0475, AvgS=499.97, ProxLoss=0.0000
2026-03-19 01:36:23,455 - Server_DefaultID - INFO - Training client 47 (5/30)...
2026-03-19 01:36:25,152 - Server_DefaultID - INFO - Client 47: Acc=89.90, Loss=-344.5389, NLL=-1161.7111, KL=14.1413, AvgS=499.97, ProxLoss=0.0000
2026-03-19 01:36:25,152 - Server_DefaultID - INFO - Training client 10 (6/30)...
2026-03-19 01:36:26,212 - Server_DefaultID - INFO - Client 10: Acc=49.45, Loss=-344.3855, NLL=-1161.6559, KL=13.8061, AvgS=499.95, ProxLoss=0.0000
2026-03-19 01:36:26,212 - Server_DefaultID - INFO - Training client 26 (7/30)...
2026-03-19 01:36:30,464 - Server_DefaultID - INFO - Client 26: Acc=98.46, Loss=-342.0041, NLL=-1161.7611, KL=14.6309, AvgS=500.00, ProxLoss=0.0000
2026-03-19 01:36:30,464 - Server_DefaultID - INFO - Training client 43 (8/30)...
2026-03-19 01:36:34,171 - Server_DefaultID - INFO - Client 43: Acc=91.53, Loss=-342.6553, NLL=-1161.7499, KL=14.8948, AvgS=499.99, ProxLoss=0.0000
2026-03-19 01:36:34,171 - Server_DefaultID - INFO - Training client 8 (9/30)...
2026-03-19 01:36:34,876 - Server_DefaultID - INFO - Client 8: Acc=87.03, Loss=-342.8468, NLL=-1161.5470, KL=14.8474, AvgS=499.90, ProxLoss=0.0000
2026-03-19 01:36:34,876 - Server_DefaultID - INFO - Training client 53 (10/30)...
2026-03-19 01:36:37,316 - Server_DefaultID - INFO - Client 53: Acc=97.19, Loss=-342.0937, NLL=-1161.6676, KL=14.6319, AvgS=499.96, ProxLoss=0.0000
2026-03-19 01:36:37,316 - Server_DefaultID - INFO - Training client 97 (11/30)...
2026-03-19 01:36:43,456 - Server_DefaultID - INFO - Client 97: Acc=99.56, Loss=-340.7262, NLL=-1161.7529, KL=13.8132, AvgS=499.99, ProxLoss=0.0000
2026-03-19 01:36:43,456 - Server_DefaultID - INFO - Training client 96 (12/30)...
2026-03-19 01:36:45,706 - Server_DefaultID - INFO - Client 96: Acc=93.96, Loss=-342.8389, NLL=-1161.6710, KL=14.7824, AvgS=499.96, ProxLoss=0.0000
2026-03-19 01:36:45,706 - Server_DefaultID - INFO - Training client 31 (13/30)...
2026-03-19 01:36:47,996 - Server_DefaultID - INFO - Client 31: Acc=94.03, Loss=-342.7327, NLL=-1161.6530, KL=14.8814, AvgS=499.95, ProxLoss=0.0000
2026-03-19 01:36:47,997 - Server_DefaultID - INFO - Training client 82 (14/30)...
2026-03-19 01:36:49,486 - Server_DefaultID - INFO - Client 82: Acc=93.81, Loss=-342.5032, NLL=-1161.7651, KL=14.7707, AvgS=500.00, ProxLoss=0.0000
2026-03-19 01:36:49,486 - Server_DefaultID - INFO - Training client 83 (15/30)...
2026-03-19 01:36:52,006 - Server_DefaultID - INFO - Client 83: Acc=99.72, Loss=-340.6062, NLL=-1161.7253, KL=13.7328, AvgS=499.98, ProxLoss=0.0000
2026-03-19 01:36:52,006 - Server_DefaultID - INFO - Training client 59 (16/30)...
2026-03-19 01:36:54,376 - Server_DefaultID - INFO - Client 59: Acc=91.77, Loss=-342.9267, NLL=-1161.6552, KL=14.8471, AvgS=499.95, ProxLoss=0.0000
2026-03-19 01:36:54,376 - Server_DefaultID - INFO - Training client 68 (17/30)...
2026-03-19 01:36:56,780 - Server_DefaultID - INFO - Client 68: Acc=96.91, Loss=-341.5594, NLL=-1161.7185, KL=14.5141, AvgS=499.98, ProxLoss=0.0000
2026-03-19 01:36:56,780 - Server_DefaultID - INFO - Training client 38 (18/30)...
2026-03-19 01:36:57,476 - Server_DefaultID - INFO - Client 38: Acc=69.38, Loss=-345.2225, NLL=-1161.6562, KL=12.9338, AvgS=499.95, ProxLoss=0.0000
2026-03-19 01:36:57,476 - Server_DefaultID - INFO - Training client 49 (19/30)...
2026-03-19 01:36:59,271 - Server_DefaultID - INFO - Client 49: Acc=92.54, Loss=-342.6414, NLL=-1161.7040, KL=14.8942, AvgS=499.97, ProxLoss=0.0000
2026-03-19 01:36:59,271 - Server_DefaultID - INFO - Training client 89 (20/30)...
2026-03-19 01:37:02,777 - Server_DefaultID - INFO - Client 89: Acc=98.53, Loss=-341.2854, NLL=-1161.7664, KL=14.2041, AvgS=500.00, ProxLoss=0.0000
2026-03-19 01:37:02,777 - Server_DefaultID - INFO - Training client 7 (21/30)...
2026-03-19 01:37:04,405 - Server_DefaultID - INFO - Client 7: Acc=61.82, Loss=-342.9097, NLL=-1161.6922, KL=14.7844, AvgS=499.97, ProxLoss=0.0000
2026-03-19 01:37:04,405 - Server_DefaultID - INFO - Training client 84 (22/30)...
2026-03-19 01:37:04,782 - Server_DefaultID - INFO - Client 84: Acc=43.77, Loss=-244.8448, NLL=-837.8401, KL=13.4271, AvgS=360.01, ProxLoss=0.0000
2026-03-19 01:37:04,782 - Server_DefaultID - INFO - Training client 42 (23/30)...
2026-03-19 01:37:07,516 - Server_DefaultID - INFO - Client 42: Acc=90.83, Loss=-342.7649, NLL=-1161.7631, KL=14.7801, AvgS=500.00, ProxLoss=0.0000
2026-03-19 01:37:07,516 - Server_DefaultID - INFO - Training client 55 (24/30)...
2026-03-19 01:37:14,961 - Server_DefaultID - INFO - Client 55: Acc=91.20, Loss=-343.4904, NLL=-1161.7376, KL=14.8036, AvgS=499.99, ProxLoss=0.0000
2026-03-19 01:37:14,961 - Server_DefaultID - INFO - Training client 51 (25/30)...
2026-03-19 01:37:15,804 - Server_DefaultID - INFO - Client 51: Acc=45.31, Loss=-344.7313, NLL=-1161.5995, KL=13.1766, AvgS=499.93, ProxLoss=0.0000
2026-03-19 01:37:15,804 - Server_DefaultID - INFO - Training client 88 (26/30)...
2026-03-19 01:37:17,463 - Server_DefaultID - INFO - Client 88: Acc=73.49, Loss=-343.6247, NLL=-1161.5405, KL=14.4600, AvgS=499.90, ProxLoss=0.0000
2026-03-19 01:37:17,463 - Server_DefaultID - INFO - Training client 71 (27/30)...
2026-03-19 01:37:18,090 - Server_DefaultID - INFO - Client 71: Acc=73.91, Loss=-343.5803, NLL=-1161.2454, KL=14.5073, AvgS=499.77, ProxLoss=0.0000
2026-03-19 01:37:18,090 - Server_DefaultID - INFO - Training client 12 (28/30)...
2026-03-19 01:37:19,401 - Server_DefaultID - INFO - Client 12: Acc=78.75, Loss=-344.7417, NLL=-1161.7678, KL=13.6806, AvgS=500.00, ProxLoss=0.0000
2026-03-19 01:37:19,402 - Server_DefaultID - INFO - Training client 69 (29/30)...
2026-03-19 01:37:20,007 - Server_DefaultID - INFO - Client 69: Acc=58.75, Loss=-343.8393, NLL=-1161.5426, KL=14.3486, AvgS=499.90, ProxLoss=0.0000
2026-03-19 01:37:20,007 - Server_DefaultID - INFO - Training client 95 (30/30)...
2026-03-19 01:37:22,303 - Server_DefaultID - INFO - Client 95: Acc=78.51, Loss=-341.7847, NLL=-1161.7267, KL=14.6493, AvgS=499.98, ProxLoss=0.0000
2026-03-19 01:37:22,562 - Server_DefaultID - WARNING - Global prior extremely imbalanced (max/min=1.0), applied adaptive smoothing lam=0.10.
2026-03-19 01:37:22,563 - Server_DefaultID - INFO - Round [48/200] Summary | Avg Client Train Stats:	Loss [-342.1912]	 Acc [89.92]	NLL [-1160.6778]	 KL [14.4503]	AvgS [499.53]	 ProxLoss [0.0000]
GlobalPriorAlpha (first 10): [5.0, 5.0, 5.0, 5.0, 5.0, 5.0, 5.0, 5.0, 5.0, 5.0]
Round Time: 66.36s
2026-03-19 01:37:22,565 - Server_DefaultID - INFO - --- Global Round 49/200 ---
2026-03-19 01:37:22,566 - Server_DefaultID - INFO - Selected 30 active clients for round 49.
2026-03-19 01:37:22,566 - Server_DefaultID - INFO - Training client 98 (1/30)...
2026-03-19 01:37:23,515 - Server_DefaultID - INFO - Client 98: Acc=95.52, Loss=-341.4095, NLL=-1161.5003, KL=14.5119, AvgS=499.88, ProxLoss=0.0000
2026-03-19 01:37:23,515 - Server_DefaultID - INFO - Training client 61 (2/30)...
2026-03-19 01:37:24,961 - Server_DefaultID - INFO - Client 61: Acc=79.62, Loss=-345.0483, NLL=-1161.7126, KL=13.2235, AvgS=499.98, ProxLoss=0.0000
2026-03-19 01:37:24,961 - Server_DefaultID - INFO - Training client 71 (3/30)...
2026-03-19 01:37:25,639 - Server_DefaultID - INFO - Client 71: Acc=76.72, Loss=-343.5251, NLL=-1161.0471, KL=14.4085, AvgS=499.69, ProxLoss=0.0000
2026-03-19 01:37:25,639 - Server_DefaultID - INFO - Training client 36 (4/30)...
2026-03-19 01:37:31,314 - Server_DefaultID - INFO - Client 36: Acc=98.49, Loss=-341.6648, NLL=-1161.7687, KL=14.5443, AvgS=500.00, ProxLoss=0.0000
2026-03-19 01:37:31,314 - Server_DefaultID - INFO - Training client 2 (5/30)...
2026-03-19 01:37:33,618 - Server_DefaultID - INFO - Client 2: Acc=79.79, Loss=-342.6665, NLL=-1161.6240, KL=14.8477, AvgS=499.94, ProxLoss=0.0000
2026-03-19 01:37:33,618 - Server_DefaultID - INFO - Training client 45 (6/30)...
2026-03-19 01:37:35,742 - Server_DefaultID - INFO - Client 45: Acc=67.66, Loss=-342.4821, NLL=-1161.7320, KL=14.8807, AvgS=499.98, ProxLoss=0.0000
2026-03-19 01:37:35,742 - Server_DefaultID - INFO - Training client 62 (7/30)...
2026-03-19 01:37:36,510 - Server_DefaultID - INFO - Client 62: Acc=89.69, Loss=-343.5265, NLL=-1161.7288, KL=14.6430, AvgS=499.98, ProxLoss=0.0000
2026-03-19 01:37:36,510 - Server_DefaultID - INFO - Training client 88 (8/30)...
2026-03-19 01:37:38,138 - Server_DefaultID - INFO - Client 88: Acc=78.02, Loss=-343.8047, NLL=-1161.7256, KL=14.4527, AvgS=499.98, ProxLoss=0.0000
2026-03-19 01:37:38,138 - Server_DefaultID - INFO - Training client 35 (9/30)...
2026-03-19 01:37:39,009 - Server_DefaultID - INFO - Client 35: Acc=74.06, Loss=-343.9400, NLL=-1161.5326, KL=14.2963, AvgS=499.90, ProxLoss=0.0000
2026-03-19 01:37:39,009 - Server_DefaultID - INFO - Training client 9 (10/30)...
2026-03-19 01:37:41,762 - Server_DefaultID - INFO - Client 9: Acc=97.54, Loss=-341.3887, NLL=-1161.6111, KL=14.3442, AvgS=499.93, ProxLoss=0.0000
2026-03-19 01:37:41,762 - Server_DefaultID - INFO - Training client 94 (11/30)...
2026-03-19 01:37:44,712 - Server_DefaultID - INFO - Client 94: Acc=92.87, Loss=-342.7557, NLL=-1161.7633, KL=14.8609, AvgS=500.00, ProxLoss=0.0000
2026-03-19 01:37:44,713 - Server_DefaultID - INFO - Training client 22 (12/30)...
2026-03-19 01:37:45,447 - Server_DefaultID - INFO - Client 22: Acc=91.09, Loss=-343.2537, NLL=-1160.6030, KL=14.5795, AvgS=499.50, ProxLoss=0.0000
2026-03-19 01:37:45,447 - Server_DefaultID - INFO - Training client 84 (13/30)...
2026-03-19 01:37:45,906 - Server_DefaultID - INFO - Client 84: Acc=44.91, Loss=-270.9912, NLL=-925.7286, KL=13.8595, AvgS=397.98, ProxLoss=0.0000
2026-03-19 01:37:45,906 - Server_DefaultID - INFO - Training client 70 (14/30)...
2026-03-19 01:37:47,308 - Server_DefaultID - INFO - Client 70: Acc=78.19, Loss=-341.7335, NLL=-1161.7525, KL=14.6361, AvgS=499.99, ProxLoss=0.0000
2026-03-19 01:37:47,308 - Server_DefaultID - INFO - Training client 66 (15/30)...
2026-03-19 01:37:49,091 - Server_DefaultID - INFO - Client 66: Acc=87.90, Loss=-342.3536, NLL=-1161.7446, KL=14.8404, AvgS=499.99, ProxLoss=0.0000
2026-03-19 01:37:49,091 - Server_DefaultID - INFO - Training client 93 (16/30)...
2026-03-19 01:37:49,856 - Server_DefaultID - INFO - Client 93: Acc=49.69, Loss=-343.2090, NLL=-1161.0632, KL=14.5057, AvgS=499.70, ProxLoss=0.0000
2026-03-19 01:37:49,856 - Server_DefaultID - INFO - Training client 53 (17/30)...
2026-03-19 01:37:52,348 - Server_DefaultID - INFO - Client 53: Acc=97.12, Loss=-342.1683, NLL=-1161.7122, KL=14.6686, AvgS=499.98, ProxLoss=0.0000
2026-03-19 01:37:52,348 - Server_DefaultID - INFO - Training client 0 (18/30)...
2026-03-19 01:37:52,864 - Server_DefaultID - INFO - Client 0: Acc=35.00, Loss=-342.6135, NLL=-1161.1568, KL=14.7782, AvgS=499.74, ProxLoss=0.0000
2026-03-19 01:37:52,864 - Server_DefaultID - INFO - Training client 52 (19/30)...
2026-03-19 01:37:53,856 - Server_DefaultID - INFO - Client 52: Acc=66.98, Loss=-342.9657, NLL=-1161.7005, KL=14.7626, AvgS=499.97, ProxLoss=0.0000
2026-03-19 01:37:53,856 - Server_DefaultID - INFO - Training client 42 (20/30)...
2026-03-19 01:37:55,469 - Server_DefaultID - INFO - Client 42: Acc=90.42, Loss=-342.5410, NLL=-1161.6090, KL=14.7679, AvgS=499.93, ProxLoss=0.0000
2026-03-19 01:37:55,470 - Server_DefaultID - INFO - Training client 30 (21/30)...
2026-03-19 01:37:57,580 - Server_DefaultID - INFO - Client 30: Acc=96.72, Loss=-341.5215, NLL=-1161.7427, KL=14.5144, AvgS=499.99, ProxLoss=0.0000
2026-03-19 01:37:57,580 - Server_DefaultID - INFO - Training client 13 (22/30)...
2026-03-19 01:37:58,043 - Server_DefaultID - INFO - Client 13: Acc=51.88, Loss=-340.9594, NLL=-1159.3963, KL=14.7230, AvgS=498.98, ProxLoss=0.0000
2026-03-19 01:37:58,043 - Server_DefaultID - INFO - Training client 76 (23/30)...
2026-03-19 01:38:00,118 - Server_DefaultID - INFO - Client 76: Acc=94.57, Loss=-344.7108, NLL=-1161.7158, KL=13.9007, AvgS=499.98, ProxLoss=0.0000
2026-03-19 01:38:00,118 - Server_DefaultID - INFO - Training client 83 (24/30)...
2026-03-19 01:38:02,679 - Server_DefaultID - INFO - Client 83: Acc=99.78, Loss=-340.5380, NLL=-1161.7677, KL=13.6950, AvgS=500.00, ProxLoss=0.0000
2026-03-19 01:38:02,679 - Server_DefaultID - INFO - Training client 28 (25/30)...
2026-03-19 01:38:03,052 - Server_DefaultID - INFO - Client 28: Acc=81.56, Loss=-283.7126, NLL=-968.1597, KL=13.9011, AvgS=416.33, ProxLoss=0.0000
2026-03-19 01:38:03,053 - Server_DefaultID - INFO - Training client 27 (26/30)...
2026-03-19 01:38:04,003 - Server_DefaultID - INFO - Client 27: Acc=75.73, Loss=-343.8065, NLL=-1161.1577, KL=14.3670, AvgS=499.74, ProxLoss=0.0000
2026-03-19 01:38:04,003 - Server_DefaultID - INFO - Training client 86 (27/30)...
2026-03-19 01:38:05,346 - Server_DefaultID - INFO - Client 86: Acc=87.12, Loss=-342.8112, NLL=-1161.4647, KL=14.8118, AvgS=499.87, ProxLoss=0.0000
2026-03-19 01:38:05,346 - Server_DefaultID - INFO - Training client 44 (28/30)...
2026-03-19 01:38:07,686 - Server_DefaultID - INFO - Client 44: Acc=95.76, Loss=-342.4639, NLL=-1161.6614, KL=14.8516, AvgS=499.95, ProxLoss=0.0000
2026-03-19 01:38:07,687 - Server_DefaultID - INFO - Training client 72 (29/30)...
2026-03-19 01:38:08,748 - Server_DefaultID - INFO - Client 72: Acc=96.25, Loss=-341.8613, NLL=-1161.4654, KL=14.6540, AvgS=499.87, ProxLoss=0.0000
2026-03-19 01:38:08,748 - Server_DefaultID - INFO - Training client 26 (30/30)...
2026-03-19 01:38:14,090 - Server_DefaultID - INFO - Client 26: Acc=98.46, Loss=-341.9226, NLL=-1161.7133, KL=14.6326, AvgS=499.98, ProxLoss=0.0000
2026-03-19 01:38:14,286 - Server_DefaultID - WARNING - Global prior extremely imbalanced (max/min=1.0), applied adaptive smoothing lam=0.10.
2026-03-19 01:38:14,286 - Server_DefaultID - INFO - Round [49/200] Summary | Avg Client Train Stats:	Loss [-341.5635]	 Acc [88.99]	NLL [-1158.8129]	 KL [14.5143]	AvgS [498.72]	 ProxLoss [0.0000]
GlobalPriorAlpha (first 10): [5.0, 5.0, 5.0, 5.0, 5.0, 5.0, 5.0, 5.0, 5.0, 5.0]
Round Time: 51.72s
2026-03-19 01:38:14,291 - Server_DefaultID - INFO - --- Global Round 50/200 ---
2026-03-19 01:38:14,292 - Server_DefaultID - INFO - Selected 30 active clients for round 50.
2026-03-19 01:38:14,292 - Server_DefaultID - INFO - Training client 51 (1/30)...
2026-03-19 01:38:14,956 - Server_DefaultID - INFO - Client 51: Acc=52.97, Loss=-344.7554, NLL=-1161.5188, KL=13.1176, AvgS=499.89, ProxLoss=0.0000
2026-03-19 01:38:14,957 - Server_DefaultID - INFO - Training client 43 (2/30)...
2026-03-19 01:38:17,794 - Server_DefaultID - INFO - Client 43: Acc=92.81, Loss=-342.5578, NLL=-1161.7462, KL=14.8947, AvgS=499.99, ProxLoss=0.0000
2026-03-19 01:38:17,794 - Server_DefaultID - INFO - Training client 76 (3/30)...
2026-03-19 01:38:19,828 - Server_DefaultID - INFO - Client 76: Acc=94.61, Loss=-344.6804, NLL=-1161.6909, KL=13.9276, AvgS=499.97, ProxLoss=0.0000
2026-03-19 01:38:19,828 - Server_DefaultID - INFO - Training client 81 (4/30)...
2026-03-19 01:38:21,680 - Server_DefaultID - INFO - Client 81: Acc=90.89, Loss=-342.7752, NLL=-1161.7255, KL=14.8660, AvgS=499.98, ProxLoss=0.0000
2026-03-19 01:38:21,680 - Server_DefaultID - INFO - Training client 36 (5/30)...
2026-03-19 01:38:27,115 - Server_DefaultID - INFO - Client 36: Acc=98.94, Loss=-341.6270, NLL=-1161.7601, KL=14.5442, AvgS=500.00, ProxLoss=0.0000
2026-03-19 01:38:27,116 - Server_DefaultID - INFO - Training client 40 (6/30)...
2026-03-19 01:38:28,745 - Server_DefaultID - INFO - Client 40: Acc=85.89, Loss=-344.4874, NLL=-1161.7644, KL=14.1163, AvgS=500.00, ProxLoss=0.0000
2026-03-19 01:38:28,745 - Server_DefaultID - INFO - Training client 16 (7/30)...
2026-03-19 01:38:29,415 - Server_DefaultID - INFO - Client 16: Acc=54.38, Loss=-342.1208, NLL=-1161.7079, KL=14.8562, AvgS=499.97, ProxLoss=0.0000
2026-03-19 01:38:29,416 - Server_DefaultID - INFO - Training client 48 (8/30)...
2026-03-19 01:38:33,412 - Server_DefaultID - INFO - Client 48: Acc=90.13, Loss=-342.8855, NLL=-1161.7571, KL=14.8120, AvgS=499.99, ProxLoss=0.0000
2026-03-19 01:38:33,412 - Server_DefaultID - INFO - Training client 47 (9/30)...
2026-03-19 01:38:35,039 - Server_DefaultID - INFO - Client 47: Acc=92.97, Loss=-344.4360, NLL=-1161.7263, KL=14.1702, AvgS=499.98, ProxLoss=0.0000
2026-03-19 01:38:35,039 - Server_DefaultID - INFO - Training client 77 (10/30)...
2026-03-19 01:38:38,166 - Server_DefaultID - INFO - Client 77: Acc=95.08, Loss=-342.5008, NLL=-1161.7487, KL=14.8592, AvgS=499.99, ProxLoss=0.0000
2026-03-19 01:38:38,166 - Server_DefaultID - INFO - Training client 30 (11/30)...
2026-03-19 01:38:39,868 - Server_DefaultID - INFO - Client 30: Acc=96.84, Loss=-341.4337, NLL=-1161.6432, KL=14.5134, AvgS=499.95, ProxLoss=0.0000
2026-03-19 01:38:39,868 - Server_DefaultID - INFO - Training client 41 (12/30)...
2026-03-19 01:38:41,763 - Server_DefaultID - INFO - Client 41: Acc=96.72, Loss=-342.2298, NLL=-1161.7176, KL=14.7557, AvgS=499.98, ProxLoss=0.0000
2026-03-19 01:38:41,763 - Server_DefaultID - INFO - Training client 39 (13/30)...
2026-03-19 01:38:45,041 - Server_DefaultID - INFO - Client 39: Acc=91.17, Loss=-342.8773, NLL=-1161.7523, KL=14.8339, AvgS=499.99, ProxLoss=0.0000
2026-03-19 01:38:45,041 - Server_DefaultID - INFO - Training client 14 (14/30)...
2026-03-19 01:38:48,310 - Server_DefaultID - INFO - Client 14: Acc=91.18, Loss=-341.4149, NLL=-1161.7371, KL=14.5143, AvgS=499.99, ProxLoss=0.0000
2026-03-19 01:38:48,311 - Server_DefaultID - INFO - Training client 7 (15/30)...
2026-03-19 01:38:49,770 - Server_DefaultID - INFO - Client 7: Acc=67.34, Loss=-342.8936, NLL=-1161.7522, KL=14.7850, AvgS=499.99, ProxLoss=0.0000
2026-03-19 01:38:49,770 - Server_DefaultID - INFO - Training client 44 (16/30)...
2026-03-19 01:38:51,778 - Server_DefaultID - INFO - Client 44: Acc=95.76, Loss=-342.5144, NLL=-1161.7594, KL=14.8611, AvgS=500.00, ProxLoss=0.0000
2026-03-19 01:38:51,779 - Server_DefaultID - INFO - Training client 89 (17/30)...
2026-03-19 01:38:54,935 - Server_DefaultID - INFO - Client 89: Acc=98.55, Loss=-341.1655, NLL=-1161.7624, KL=14.1686, AvgS=500.00, ProxLoss=0.0000
2026-03-19 01:38:54,935 - Server_DefaultID - INFO - Training client 88 (18/30)...
2026-03-19 01:38:56,525 - Server_DefaultID - INFO - Client 88: Acc=79.48, Loss=-343.6673, NLL=-1161.5935, KL=14.4951, AvgS=499.92, ProxLoss=0.0000
2026-03-19 01:38:56,525 - Server_DefaultID - INFO - Training client 69 (19/30)...
2026-03-19 01:38:57,128 - Server_DefaultID - INFO - Client 69: Acc=57.97, Loss=-343.4872, NLL=-1161.4598, KL=14.4535, AvgS=499.87, ProxLoss=0.0000
2026-03-19 01:38:57,128 - Server_DefaultID - INFO - Training client 62 (20/30)...
2026-03-19 01:38:57,739 - Server_DefaultID - INFO - Client 62: Acc=90.31, Loss=-343.3276, NLL=-1161.6891, KL=14.7081, AvgS=499.97, ProxLoss=0.0000
2026-03-19 01:38:57,740 - Server_DefaultID - INFO - Training client 80 (21/30)...
2026-03-19 01:38:58,121 - Server_DefaultID - INFO - Client 80: Acc=57.50, Loss=-332.2393, NLL=-1127.4341, KL=14.5769, AvgS=485.17, ProxLoss=0.0000
2026-03-19 01:38:58,121 - Server_DefaultID - INFO - Training client 12 (22/30)...
2026-03-19 01:38:59,404 - Server_DefaultID - INFO - Client 12: Acc=80.06, Loss=-344.6019, NLL=-1161.7380, KL=13.8591, AvgS=499.99, ProxLoss=0.0000
2026-03-19 01:38:59,405 - Server_DefaultID - INFO - Training client 94 (23/30)...
2026-03-19 01:39:01,809 - Server_DefaultID - INFO - Client 94: Acc=92.78, Loss=-342.6682, NLL=-1161.7533, KL=14.8291, AvgS=499.99, ProxLoss=0.0000
2026-03-19 01:39:01,809 - Server_DefaultID - INFO - Training client 63 (24/30)...
2026-03-19 01:39:02,996 - Server_DefaultID - INFO - Client 63: Acc=84.88, Loss=-343.0054, NLL=-1161.7235, KL=14.7807, AvgS=499.98, ProxLoss=0.0000
2026-03-19 01:39:02,996 - Server_DefaultID - INFO - Training client 10 (25/30)...
2026-03-19 01:39:03,900 - Server_DefaultID - INFO - Client 10: Acc=56.88, Loss=-344.3394, NLL=-1161.6976, KL=13.8704, AvgS=499.97, ProxLoss=0.0000
2026-03-19 01:39:03,900 - Server_DefaultID - INFO - Training client 31 (26/30)...
2026-03-19 01:39:05,898 - Server_DefaultID - INFO - Client 31: Acc=95.03, Loss=-342.6852, NLL=-1161.7397, KL=14.8848, AvgS=499.99, ProxLoss=0.0000
2026-03-19 01:39:05,898 - Server_DefaultID - INFO - Training client 54 (27/30)...
2026-03-19 01:39:06,422 - Server_DefaultID - INFO - Client 54: Acc=69.84, Loss=-337.8208, NLL=-1150.3464, KL=14.7662, AvgS=495.06, ProxLoss=0.0000
2026-03-19 01:39:06,422 - Server_DefaultID - INFO - Training client 1 (28/30)...
2026-03-19 01:39:06,968 - Server_DefaultID - INFO - Client 1: Acc=63.75, Loss=-343.0998, NLL=-1161.4534, KL=14.7810, AvgS=499.86, ProxLoss=0.0000
2026-03-19 01:39:06,968 - Server_DefaultID - INFO - Training client 22 (29/30)...
2026-03-19 01:39:07,540 - Server_DefaultID - INFO - Client 22: Acc=91.25, Loss=-342.8053, NLL=-1160.2817, KL=14.6459, AvgS=499.36, ProxLoss=0.0000
2026-03-19 01:39:07,540 - Server_DefaultID - INFO - Training client 67 (30/30)...
2026-03-19 01:39:08,920 - Server_DefaultID - INFO - Client 67: Acc=86.72, Loss=-343.6470, NLL=-1161.6814, KL=14.6458, AvgS=499.96, ProxLoss=0.0000
2026-03-19 01:39:09,041 - Server_DefaultID - WARNING - Global prior extremely imbalanced (max/min=1.0), applied adaptive smoothing lam=0.10.
2026-03-19 01:39:09,041 - Server_DefaultID - INFO - Round [50/200] Summary | Avg Client Train Stats:	Loss [-342.6158]	 Acc [89.48]	NLL [-1161.3774]	 KL [14.5914]	AvgS [499.83]	 ProxLoss [0.0000]
GlobalPriorAlpha (first 10): [5.0, 5.0, 5.0, 5.0, 5.0, 5.0, 5.0, 5.0, 5.0, 5.0]
Round Time: 54.75s
2026-03-19 01:39:09,041 - Server_DefaultID - INFO - --- Evaluating models at round 50 ---
2026-03-19 01:40:16,699 - Server_DefaultID - INFO - Global Model Evaluation (Round 50): 
  Avg Test Acc: 75.76%
  Avg Test Acc Softmax: 75.76%
  Avg Test Loss: -1119.3325
  Avg Test NLL: -1134.0395
  Avg Test KL (vs flat prior): 13.8221
  Avg Test S: 488.02
2026-03-19 01:41:25,136 - Server_DefaultID - INFO - Personalized Model Evaluation (Round 50): 
  Avg Test Acc: 76.88%
  Avg Test Acc Softmax: 76.88%
  Avg Test Loss: -1122.1687
  Avg Test NLL: -1136.8878
  Avg Test KL (vs flat prior): 13.8386
  Avg Test S: 489.25
2026-03-19 01:41:25,138 - Server_DefaultID - INFO - [Metric 1] Personalized Brier Score | Mean: 0.3372
2026-03-19 01:41:25,138 - Server_DefaultID - INFO - [Metric 1] Personalized ECE | Mean: 0.0983
2026-03-19 01:41:25,138 - Server_DefaultID - INFO - [OOD Eval] OOD AUC-ROC (Epistemic): 0.0353
2026-03-19 01:41:25,138 - Server_DefaultID - INFO - [Metric 4] OOD FPR@95%TPR: 0.9895
2026-03-19 01:41:26,755 - Server_DefaultID - INFO - --- Global Round 51/200 ---
2026-03-19 01:41:26,756 - Server_DefaultID - INFO - Selected 30 active clients for round 51.
2026-03-19 01:41:26,756 - Server_DefaultID - INFO - Training client 79 (1/30)...
2026-03-19 01:41:28,137 - Server_DefaultID - INFO - Client 79: Acc=94.06, Loss=-341.3776, NLL=-1161.7470, KL=14.5143, AvgS=499.99, ProxLoss=0.0000
2026-03-19 01:41:28,137 - Server_DefaultID - INFO - Training client 22 (2/30)...
2026-03-19 01:41:28,850 - Server_DefaultID - INFO - Client 22: Acc=91.56, Loss=-342.9524, NLL=-1161.2747, KL=14.7694, AvgS=499.79, ProxLoss=0.0000
2026-03-19 01:41:28,850 - Server_DefaultID - INFO - Training client 8 (3/30)...
2026-03-19 01:41:29,545 - Server_DefaultID - INFO - Client 8: Acc=87.66, Loss=-342.4689, NLL=-1161.5459, KL=14.7725, AvgS=499.90, ProxLoss=0.0000
2026-03-19 01:41:29,545 - Server_DefaultID - INFO - Training client 74 (4/30)...
2026-03-19 01:41:30,639 - Server_DefaultID - INFO - Client 74: Acc=62.81, Loss=-342.7935, NLL=-1161.7356, KL=14.8391, AvgS=499.99, ProxLoss=0.0000
2026-03-19 01:41:30,639 - Server_DefaultID - INFO - Training client 63 (5/30)...
2026-03-19 01:41:32,003 - Server_DefaultID - INFO - Client 63: Acc=87.25, Loss=-342.9456, NLL=-1161.6835, KL=14.8145, AvgS=499.96, ProxLoss=0.0000
2026-03-19 01:41:32,003 - Server_DefaultID - INFO - Training client 25 (6/30)...
2026-03-19 01:41:32,704 - Server_DefaultID - INFO - Client 25: Acc=95.16, Loss=-342.4518, NLL=-1161.6255, KL=14.6808, AvgS=499.94, ProxLoss=0.0000
2026-03-19 01:41:32,704 - Server_DefaultID - INFO - Training client 57 (7/30)...
2026-03-19 01:41:37,794 - Server_DefaultID - INFO - Client 57: Acc=96.91, Loss=-342.2247, NLL=-1161.7622, KL=14.7331, AvgS=500.00, ProxLoss=0.0000
2026-03-19 01:41:37,794 - Server_DefaultID - INFO - Training client 82 (8/30)...
2026-03-19 01:41:39,021 - Server_DefaultID - INFO - Client 82: Acc=94.25, Loss=-342.3226, NLL=-1161.2514, KL=14.8258, AvgS=499.78, ProxLoss=0.0000
2026-03-19 01:41:39,021 - Server_DefaultID - INFO - Training client 15 (9/30)...
2026-03-19 01:41:39,585 - Server_DefaultID - INFO - Client 15: Acc=45.62, Loss=-342.0314, NLL=-1161.2299, KL=14.8450, AvgS=499.77, ProxLoss=0.0000
2026-03-19 01:41:39,586 - Server_DefaultID - INFO - Training client 5 (10/30)...
2026-03-19 01:41:39,914 - Server_DefaultID - INFO - Client 5: Acc=71.25, Loss=-342.6915, NLL=-1159.0570, KL=14.4378, AvgS=498.83, ProxLoss=0.0000
2026-03-19 01:41:39,914 - Server_DefaultID - INFO - Training client 32 (11/30)...
2026-03-19 01:41:41,302 - Server_DefaultID - INFO - Client 32: Acc=92.50, Loss=-343.3221, NLL=-1161.7222, KL=14.7626, AvgS=499.98, ProxLoss=0.0000
2026-03-19 01:41:41,302 - Server_DefaultID - INFO - Training client 66 (12/30)...
2026-03-19 01:41:42,906 - Server_DefaultID - INFO - Client 66: Acc=87.86, Loss=-342.2631, NLL=-1161.7553, KL=14.8405, AvgS=499.99, ProxLoss=0.0000
2026-03-19 01:41:42,906 - Server_DefaultID - INFO - Training client 50 (13/30)...
2026-03-19 01:41:46,756 - Server_DefaultID - INFO - Client 50: Acc=97.32, Loss=-341.6257, NLL=-1161.7407, KL=14.5000, AvgS=499.99, ProxLoss=0.0000
2026-03-19 01:41:46,756 - Server_DefaultID - INFO - Training client 2 (14/30)...
2026-03-19 01:41:48,744 - Server_DefaultID - INFO - Client 2: Acc=79.24, Loss=-342.7025, NLL=-1161.7588, KL=14.8420, AvgS=500.00, ProxLoss=0.0000
2026-03-19 01:41:48,744 - Server_DefaultID - INFO - Training client 48 (15/30)...
2026-03-19 01:41:52,515 - Server_DefaultID - INFO - Client 48: Acc=91.71, Loss=-342.8816, NLL=-1161.7468, KL=14.8266, AvgS=499.99, ProxLoss=0.0000
2026-03-19 01:41:52,515 - Server_DefaultID - INFO - Training client 0 (16/30)...
2026-03-19 01:41:52,963 - Server_DefaultID - INFO - Client 0: Acc=31.25, Loss=-341.7039, NLL=-1158.0863, KL=14.7532, AvgS=498.41, ProxLoss=0.0000
2026-03-19 01:41:52,964 - Server_DefaultID - INFO - Training client 16 (17/30)...
2026-03-19 01:41:53,568 - Server_DefaultID - INFO - Client 16: Acc=56.56, Loss=-341.8475, NLL=-1161.4248, KL=14.8540, AvgS=499.85, ProxLoss=0.0000
2026-03-19 01:41:53,568 - Server_DefaultID - INFO - Training client 89 (18/30)...
2026-03-19 01:41:56,633 - Server_DefaultID - INFO - Client 89: Acc=98.59, Loss=-341.1353, NLL=-1161.7279, KL=14.1983, AvgS=499.98, ProxLoss=0.0000
2026-03-19 01:41:56,633 - Server_DefaultID - INFO - Training client 38 (19/30)...
2026-03-19 01:41:57,178 - Server_DefaultID - INFO - Client 38: Acc=71.09, Loss=-345.1947, NLL=-1161.3385, KL=12.4229, AvgS=499.81, ProxLoss=0.0000
2026-03-19 01:41:57,179 - Server_DefaultID - INFO - Training client 14 (20/30)...
2026-03-19 01:41:59,240 - Server_DefaultID - INFO - Client 14: Acc=84.55, Loss=-341.2666, NLL=-1161.6964, KL=14.5139, AvgS=499.97, ProxLoss=0.0000
2026-03-19 01:41:59,240 - Server_DefaultID - INFO - Training client 91 (21/30)...
2026-03-19 01:42:00,053 - Server_DefaultID - INFO - Client 91: Acc=95.83, Loss=-341.2847, NLL=-1161.4727, KL=14.5117, AvgS=499.87, ProxLoss=0.0000
2026-03-19 01:42:00,053 - Server_DefaultID - INFO - Training client 12 (22/30)...
2026-03-19 01:42:01,352 - Server_DefaultID - INFO - Client 12: Acc=73.12, Loss=-344.3605, NLL=-1161.6463, KL=13.8710, AvgS=499.95, ProxLoss=0.0000
2026-03-19 01:42:01,352 - Server_DefaultID - INFO - Training client 28 (23/30)...
2026-03-19 01:42:01,703 - Server_DefaultID - INFO - Client 28: Acc=91.88, Loss=-302.0006, NLL=-1030.1041, KL=14.0092, AvgS=443.10, ProxLoss=0.0000
2026-03-19 01:42:01,703 - Server_DefaultID - INFO - Training client 49 (24/30)...
2026-03-19 01:42:03,320 - Server_DefaultID - INFO - Client 49: Acc=92.10, Loss=-342.5312, NLL=-1161.7667, KL=14.8950, AvgS=500.00, ProxLoss=0.0000
2026-03-19 01:42:03,321 - Server_DefaultID - INFO - Training client 78 (25/30)...
2026-03-19 01:42:11,365 - Server_DefaultID - INFO - Client 78: Acc=96.44, Loss=-342.7375, NLL=-1161.7647, KL=14.7639, AvgS=500.00, ProxLoss=0.0000
2026-03-19 01:42:11,365 - Server_DefaultID - INFO - Training client 84 (26/30)...
2026-03-19 01:42:11,754 - Server_DefaultID - INFO - Client 84: Acc=44.91, Loss=-297.0896, NLL=-1013.6867, KL=14.2581, AvgS=435.99, ProxLoss=0.0000
2026-03-19 01:42:11,754 - Server_DefaultID - INFO - Training client 30 (27/30)...
2026-03-19 01:42:13,657 - Server_DefaultID - INFO - Client 30: Acc=97.54, Loss=-341.4577, NLL=-1161.7486, KL=14.5144, AvgS=499.99, ProxLoss=0.0000
2026-03-19 01:42:13,657 - Server_DefaultID - INFO - Training client 76 (28/30)...
2026-03-19 01:42:15,392 - Server_DefaultID - INFO - Client 76: Acc=94.61, Loss=-344.8219, NLL=-1161.7550, KL=13.7296, AvgS=499.99, ProxLoss=0.0000
2026-03-19 01:42:15,392 - Server_DefaultID - INFO - Training client 87 (29/30)...
2026-03-19 01:42:16,903 - Server_DefaultID - INFO - Client 87: Acc=92.32, Loss=-345.0456, NLL=-1161.7502, KL=13.5696, AvgS=499.99, ProxLoss=0.0000
2026-03-19 01:42:16,903 - Server_DefaultID - INFO - Training client 7 (30/30)...
2026-03-19 01:42:18,247 - Server_DefaultID - INFO - Client 7: Acc=50.94, Loss=-342.7072, NLL=-1161.7070, KL=14.7881, AvgS=499.97, ProxLoss=0.0000
2026-03-19 01:42:18,332 - Server_DefaultID - WARNING - Global prior extremely imbalanced (max/min=1.0), applied adaptive smoothing lam=0.10.
2026-03-19 01:42:18,333 - Server_DefaultID - INFO - Round [51/200] Summary | Avg Client Train Stats:	Loss [-342.0109]	 Acc [89.13]	NLL [-1159.9992]	 KL [14.5543]	AvgS [499.23]	 ProxLoss [0.0000]
GlobalPriorAlpha (first 10): [5.0, 5.0, 5.0, 5.0, 5.0, 5.0, 5.0, 5.0, 5.0, 5.0]
Round Time: 51.58s
2026-03-19 01:42:18,335 - Server_DefaultID - INFO - --- Global Round 52/200 ---
2026-03-19 01:42:18,336 - Server_DefaultID - INFO - Selected 30 active clients for round 52.
2026-03-19 01:42:18,336 - Server_DefaultID - INFO - Training client 50 (1/30)...
2026-03-19 01:42:22,098 - Server_DefaultID - INFO - Client 50: Acc=97.42, Loss=-341.5949, NLL=-1161.7574, KL=14.5062, AvgS=499.99, ProxLoss=0.0000
2026-03-19 01:42:22,098 - Server_DefaultID - INFO - Training client 17 (2/30)...
2026-03-19 01:42:22,712 - Server_DefaultID - INFO - Client 17: Acc=79.06, Loss=-343.0479, NLL=-1160.4299, KL=14.5029, AvgS=499.42, ProxLoss=0.0000
2026-03-19 01:42:22,712 - Server_DefaultID - INFO - Training client 32 (3/30)...
2026-03-19 01:42:24,049 - Server_DefaultID - INFO - Client 32: Acc=93.02, Loss=-343.2115, NLL=-1161.7500, KL=14.7287, AvgS=499.99, ProxLoss=0.0000
2026-03-19 01:42:24,049 - Server_DefaultID - INFO - Training client 31 (4/30)...
2026-03-19 01:42:26,029 - Server_DefaultID - INFO - Client 31: Acc=95.69, Loss=-342.6064, NLL=-1161.7165, KL=14.8819, AvgS=499.98, ProxLoss=0.0000
2026-03-19 01:42:26,029 - Server_DefaultID - INFO - Training client 59 (5/30)...
2026-03-19 01:42:28,024 - Server_DefaultID - INFO - Client 59: Acc=94.31, Loss=-342.8148, NLL=-1161.7000, KL=14.8382, AvgS=499.97, ProxLoss=0.0000
2026-03-19 01:42:28,024 - Server_DefaultID - INFO - Training client 78 (6/30)...
2026-03-19 01:42:34,043 - Server_DefaultID - INFO - Client 78: Acc=96.28, Loss=-342.5949, NLL=-1161.7434, KL=14.7398, AvgS=499.99, ProxLoss=0.0000
2026-03-19 01:42:34,043 - Server_DefaultID - INFO - Training client 4 (7/30)...
2026-03-19 01:42:35,437 - Server_DefaultID - INFO - Client 4: Acc=66.72, Loss=-343.9796, NLL=-1161.5291, KL=14.1272, AvgS=499.90, ProxLoss=0.0000
2026-03-19 01:42:35,437 - Server_DefaultID - INFO - Training client 39 (8/30)...
2026-03-19 01:42:38,540 - Server_DefaultID - INFO - Client 39: Acc=93.23, Loss=-342.7746, NLL=-1161.7532, KL=14.8245, AvgS=499.99, ProxLoss=0.0000
2026-03-19 01:42:38,540 - Server_DefaultID - INFO - Training client 68 (9/30)...
2026-03-19 01:42:40,494 - Server_DefaultID - INFO - Client 68: Acc=97.01, Loss=-341.4102, NLL=-1161.7669, KL=14.5146, AvgS=500.00, ProxLoss=0.0000
2026-03-19 01:42:40,494 - Server_DefaultID - INFO - Training client 94 (10/30)...
2026-03-19 01:42:44,174 - Server_DefaultID - INFO - Client 94: Acc=94.46, Loss=-342.6839, NLL=-1161.7172, KL=14.8632, AvgS=499.98, ProxLoss=0.0000
2026-03-19 01:42:44,175 - Server_DefaultID - INFO - Training client 83 (11/30)...
2026-03-19 01:42:46,409 - Server_DefaultID - INFO - Client 83: Acc=99.72, Loss=-340.4574, NLL=-1161.7543, KL=13.7330, AvgS=499.99, ProxLoss=0.0000
2026-03-19 01:42:46,409 - Server_DefaultID - INFO - Training client 42 (12/30)...
2026-03-19 01:42:47,815 - Server_DefaultID - INFO - Client 42: Acc=90.31, Loss=-342.5500, NLL=-1161.7208, KL=14.8105, AvgS=499.98, ProxLoss=0.0000
2026-03-19 01:42:47,815 - Server_DefaultID - INFO - Training client 14 (13/30)...
2026-03-19 01:42:49,804 - Server_DefaultID - INFO - Client 14: Acc=88.75, Loss=-341.3245, NLL=-1161.7645, KL=14.5146, AvgS=500.00, ProxLoss=0.0000
2026-03-19 01:42:49,804 - Server_DefaultID - INFO - Training client 7 (14/30)...
2026-03-19 01:42:51,355 - Server_DefaultID - INFO - Client 7: Acc=61.15, Loss=-342.6674, NLL=-1161.6713, KL=14.7629, AvgS=499.96, ProxLoss=0.0000
2026-03-19 01:42:51,355 - Server_DefaultID - INFO - Training client 1 (15/30)...
2026-03-19 01:42:51,921 - Server_DefaultID - INFO - Client 1: Acc=41.09, Loss=-341.9066, NLL=-1159.6108, KL=14.7682, AvgS=499.07, ProxLoss=0.0000
2026-03-19 01:42:51,921 - Server_DefaultID - INFO - Training client 57 (16/30)...
2026-03-19 01:42:55,589 - Server_DefaultID - INFO - Client 57: Acc=96.43, Loss=-342.2152, NLL=-1161.7530, KL=14.7521, AvgS=499.99, ProxLoss=0.0000
2026-03-19 01:42:55,589 - Server_DefaultID - INFO - Training client 41 (17/30)...
2026-03-19 01:42:57,480 - Server_DefaultID - INFO - Client 41: Acc=96.05, Loss=-342.1302, NLL=-1161.7671, KL=14.7221, AvgS=500.00, ProxLoss=0.0000
2026-03-19 01:42:57,480 - Server_DefaultID - INFO - Training client 46 (18/30)...
2026-03-19 01:42:59,296 - Server_DefaultID - INFO - Client 46: Acc=87.30, Loss=-342.6402, NLL=-1161.7442, KL=14.8697, AvgS=499.99, ProxLoss=0.0000
2026-03-19 01:42:59,296 - Server_DefaultID - INFO - Training client 12 (19/30)...
2026-03-19 01:43:00,522 - Server_DefaultID - INFO - Client 12: Acc=75.94, Loss=-344.3450, NLL=-1161.7474, KL=13.9152, AvgS=499.99, ProxLoss=0.0000
2026-03-19 01:43:00,522 - Server_DefaultID - INFO - Training client 87 (20/30)...
2026-03-19 01:43:02,128 - Server_DefaultID - INFO - Client 87: Acc=93.62, Loss=-345.0383, NLL=-1161.7610, KL=13.5808, AvgS=500.00, ProxLoss=0.0000
2026-03-19 01:43:02,129 - Server_DefaultID - INFO - Training client 24 (21/30)...
2026-03-19 01:43:02,515 - Server_DefaultID - INFO - Client 24: Acc=58.75, Loss=-256.5942, NLL=-867.8768, KL=11.4259, AvgS=373.08, ProxLoss=0.0000
2026-03-19 01:43:02,515 - Server_DefaultID - INFO - Training client 89 (22/30)...
2026-03-19 01:43:05,572 - Server_DefaultID - INFO - Client 89: Acc=98.57, Loss=-341.0880, NLL=-1161.7212, KL=14.1900, AvgS=499.98, ProxLoss=0.0000
2026-03-19 01:43:05,572 - Server_DefaultID - INFO - Training client 28 (23/30)...
2026-03-19 01:43:05,904 - Server_DefaultID - INFO - Client 28: Acc=92.19, Loss=-316.8953, NLL=-1076.1160, KL=14.4023, AvgS=462.99, ProxLoss=0.0000
2026-03-19 01:43:05,904 - Server_DefaultID - INFO - Training client 38 (24/30)...
2026-03-19 01:43:06,555 - Server_DefaultID - INFO - Client 38: Acc=70.94, Loss=-345.2856, NLL=-1161.6783, KL=12.6453, AvgS=499.96, ProxLoss=0.0000
2026-03-19 01:43:06,555 - Server_DefaultID - INFO - Training client 2 (25/30)...
2026-03-19 01:43:08,708 - Server_DefaultID - INFO - Client 2: Acc=79.83, Loss=-342.5953, NLL=-1161.7643, KL=14.8520, AvgS=500.00, ProxLoss=0.0000
2026-03-19 01:43:08,708 - Server_DefaultID - INFO - Training client 91 (26/30)...
2026-03-19 01:43:09,482 - Server_DefaultID - INFO - Client 91: Acc=96.25, Loss=-341.3244, NLL=-1161.6168, KL=14.5132, AvgS=499.93, ProxLoss=0.0000
2026-03-19 01:43:09,482 - Server_DefaultID - INFO - Training client 37 (27/30)...
2026-03-19 01:43:10,554 - Server_DefaultID - INFO - Client 37: Acc=81.09, Loss=-343.8660, NLL=-1161.7693, KL=14.4858, AvgS=500.00, ProxLoss=0.0000
2026-03-19 01:43:10,555 - Server_DefaultID - INFO - Training client 43 (28/30)...
2026-03-19 01:43:13,039 - Server_DefaultID - INFO - Client 43: Acc=94.46, Loss=-342.4963, NLL=-1161.7457, KL=14.8947, AvgS=499.99, ProxLoss=0.0000
2026-03-19 01:43:13,039 - Server_DefaultID - INFO - Training client 30 (29/30)...
2026-03-19 01:43:15,694 - Server_DefaultID - INFO - Client 30: Acc=97.81, Loss=-341.4143, NLL=-1161.7659, KL=14.5146, AvgS=500.00, ProxLoss=0.0000
2026-03-19 01:43:15,694 - Server_DefaultID - INFO - Training client 72 (30/30)...
2026-03-19 01:43:16,737 - Server_DefaultID - INFO - Client 72: Acc=95.70, Loss=-341.7459, NLL=-1161.7227, KL=14.5899, AvgS=499.98, ProxLoss=0.0000
2026-03-19 01:43:16,884 - Server_DefaultID - WARNING - Global prior extremely imbalanced (max/min=1.0), applied adaptive smoothing lam=0.10.
2026-03-19 01:43:16,884 - Server_DefaultID - INFO - Round [52/200] Summary | Avg Client Train Stats:	Loss [-341.7055]	 Acc [91.45]	NLL [-1159.4390]	 KL [14.5489]	AvgS [498.99]	 ProxLoss [0.0000]
GlobalPriorAlpha (first 10): [5.0, 5.0, 5.0, 5.0, 5.0, 5.0, 5.0, 5.0, 5.0, 5.0]
Round Time: 58.55s
2026-03-19 01:43:16,887 - Server_DefaultID - INFO - --- Global Round 53/200 ---
2026-03-19 01:43:16,888 - Server_DefaultID - INFO - Selected 30 active clients for round 53.
2026-03-19 01:43:16,888 - Server_DefaultID - INFO - Training client 32 (1/30)...
2026-03-19 01:43:18,218 - Server_DefaultID - INFO - Client 32: Acc=94.43, Loss=-343.2776, NLL=-1161.7121, KL=14.7586, AvgS=499.98, ProxLoss=0.0000
2026-03-19 01:43:18,218 - Server_DefaultID - INFO - Training client 31 (2/30)...
2026-03-19 01:43:20,341 - Server_DefaultID - INFO - Client 31: Acc=97.22, Loss=-342.5843, NLL=-1161.7525, KL=14.8825, AvgS=499.99, ProxLoss=0.0000
2026-03-19 01:43:20,341 - Server_DefaultID - INFO - Training client 45 (3/30)...
2026-03-19 01:43:22,080 - Server_DefaultID - INFO - Client 45: Acc=67.42, Loss=-342.3146, NLL=-1161.7667, KL=14.8811, AvgS=500.00, ProxLoss=0.0000
2026-03-19 01:43:22,080 - Server_DefaultID - INFO - Training client 14 (4/30)...
2026-03-19 01:43:24,053 - Server_DefaultID - INFO - Client 14: Acc=91.42, Loss=-341.3063, NLL=-1161.7634, KL=14.5146, AvgS=500.00, ProxLoss=0.0000
2026-03-19 01:43:24,053 - Server_DefaultID - INFO - Training client 59 (5/30)...
2026-03-19 01:43:26,081 - Server_DefaultID - INFO - Client 59: Acc=95.14, Loss=-342.7598, NLL=-1161.7198, KL=14.8395, AvgS=499.98, ProxLoss=0.0000
2026-03-19 01:43:26,081 - Server_DefaultID - INFO - Training client 47 (6/30)...
2026-03-19 01:43:27,465 - Server_DefaultID - INFO - Client 47: Acc=93.33, Loss=-344.1719, NLL=-1161.7056, KL=14.2807, AvgS=499.97, ProxLoss=0.0000
2026-03-19 01:43:27,465 - Server_DefaultID - INFO - Training client 80 (7/30)...
2026-03-19 01:43:27,818 - Server_DefaultID - INFO - Client 80: Acc=63.75, Loss=-339.5239, NLL=-1151.7084, KL=14.6417, AvgS=495.66, ProxLoss=0.0000
2026-03-19 01:43:27,818 - Server_DefaultID - INFO - Training client 85 (8/30)...
2026-03-19 01:43:30,344 - Server_DefaultID - INFO - Client 85: Acc=99.77, Loss=-340.3368, NLL=-1161.7100, KL=13.6883, AvgS=499.97, ProxLoss=0.0000
2026-03-19 01:43:30,344 - Server_DefaultID - INFO - Training client 89 (9/30)...
2026-03-19 01:43:33,300 - Server_DefaultID - INFO - Client 89: Acc=98.88, Loss=-340.9551, NLL=-1161.7372, KL=14.1412, AvgS=499.99, ProxLoss=0.0000
2026-03-19 01:43:33,300 - Server_DefaultID - INFO - Training client 19 (10/30)...
2026-03-19 01:43:36,327 - Server_DefaultID - INFO - Client 19: Acc=95.29, Loss=-341.2892, NLL=-1161.7374, KL=14.4871, AvgS=499.99, ProxLoss=0.0000
2026-03-19 01:43:36,327 - Server_DefaultID - INFO - Training client 43 (11/30)...
2026-03-19 01:43:38,616 - Server_DefaultID - INFO - Client 43: Acc=94.32, Loss=-342.4556, NLL=-1161.7417, KL=14.8947, AvgS=499.99, ProxLoss=0.0000
2026-03-19 01:43:38,616 - Server_DefaultID - INFO - Training client 21 (12/30)...
2026-03-19 01:43:40,422 - Server_DefaultID - INFO - Client 21: Acc=92.50, Loss=-344.5155, NLL=-1161.7587, KL=14.0713, AvgS=500.00, ProxLoss=0.0000
2026-03-19 01:43:40,422 - Server_DefaultID - INFO - Training client 23 (13/30)...
2026-03-19 01:43:40,783 - Server_DefaultID - INFO - Client 23: Acc=63.73, Loss=-194.3148, NLL=-668.8673, KL=12.5055, AvgS=287.16, ProxLoss=0.0000
2026-03-19 01:43:40,783 - Server_DefaultID - INFO - Training client 76 (14/30)...
2026-03-19 01:43:42,615 - Server_DefaultID - INFO - Client 76: Acc=95.78, Loss=-344.6104, NLL=-1161.7571, KL=13.8818, AvgS=499.99, ProxLoss=0.0000
2026-03-19 01:43:42,615 - Server_DefaultID - INFO - Training client 22 (15/30)...
2026-03-19 01:43:43,236 - Server_DefaultID - INFO - Client 22: Acc=91.88, Loss=-342.7853, NLL=-1160.0098, KL=14.5692, AvgS=499.24, ProxLoss=0.0000
2026-03-19 01:43:43,236 - Server_DefaultID - INFO - Training client 72 (16/30)...
2026-03-19 01:43:44,246 - Server_DefaultID - INFO - Client 72: Acc=95.55, Loss=-341.8173, NLL=-1161.7158, KL=14.6851, AvgS=499.98, ProxLoss=0.0000
2026-03-19 01:43:44,247 - Server_DefaultID - INFO - Training client 33 (17/30)...
2026-03-19 01:43:45,872 - Server_DefaultID - INFO - Client 33: Acc=73.84, Loss=-344.2150, NLL=-1161.6674, KL=14.0378, AvgS=499.96, ProxLoss=0.0000
2026-03-19 01:43:45,872 - Server_DefaultID - INFO - Training client 29 (18/30)...
2026-03-19 01:43:46,814 - Server_DefaultID - INFO - Client 29: Acc=80.94, Loss=-342.2283, NLL=-1161.7309, KL=14.8945, AvgS=499.98, ProxLoss=0.0000
2026-03-19 01:43:46,814 - Server_DefaultID - INFO - Training client 42 (19/30)...
2026-03-19 01:43:49,211 - Server_DefaultID - INFO - Client 42: Acc=90.10, Loss=-342.3212, NLL=-1161.6247, KL=14.7298, AvgS=499.94, ProxLoss=0.0000
2026-03-19 01:43:49,211 - Server_DefaultID - INFO - Training client 79 (20/30)...
2026-03-19 01:43:50,372 - Server_DefaultID - INFO - Client 79: Acc=93.94, Loss=-341.2221, NLL=-1161.7307, KL=14.4760, AvgS=499.98, ProxLoss=0.0000
2026-03-19 01:43:50,372 - Server_DefaultID - INFO - Training client 60 (21/30)...
2026-03-19 01:43:51,156 - Server_DefaultID - INFO - Client 60: Acc=77.71, Loss=-341.7488, NLL=-1161.6499, KL=14.7088, AvgS=499.95, ProxLoss=0.0000
2026-03-19 01:43:51,157 - Server_DefaultID - INFO - Training client 8 (22/30)...
2026-03-19 01:43:51,734 - Server_DefaultID - INFO - Client 8: Acc=87.81, Loss=-342.5814, NLL=-1161.7585, KL=14.8616, AvgS=500.00, ProxLoss=0.0000
2026-03-19 01:43:51,734 - Server_DefaultID - INFO - Training client 5 (23/30)...
2026-03-19 01:43:52,129 - Server_DefaultID - INFO - Client 5: Acc=70.94, Loss=-343.6827, NLL=-1160.8509, KL=14.2360, AvgS=499.60, ProxLoss=0.0000
2026-03-19 01:43:52,129 - Server_DefaultID - INFO - Training client 67 (24/30)...
2026-03-19 01:43:53,546 - Server_DefaultID - INFO - Client 67: Acc=88.70, Loss=-343.5095, NLL=-1161.6984, KL=14.6677, AvgS=499.97, ProxLoss=0.0000
2026-03-19 01:43:53,546 - Server_DefaultID - INFO - Training client 69 (25/30)...
2026-03-19 01:43:54,152 - Server_DefaultID - INFO - Client 69: Acc=58.75, Loss=-343.7465, NLL=-1161.7539, KL=14.3502, AvgS=499.99, ProxLoss=0.0000
2026-03-19 01:43:54,152 - Server_DefaultID - INFO - Training client 49 (26/30)...
2026-03-19 01:43:55,800 - Server_DefaultID - INFO - Client 49: Acc=94.33, Loss=-342.4530, NLL=-1161.7442, KL=14.8947, AvgS=499.99, ProxLoss=0.0000
2026-03-19 01:43:55,800 - Server_DefaultID - INFO - Training client 4 (27/30)...
2026-03-19 01:43:57,555 - Server_DefaultID - INFO - Client 4: Acc=67.29, Loss=-344.1592, NLL=-1161.7328, KL=14.0306, AvgS=499.98, ProxLoss=0.0000
2026-03-19 01:43:57,555 - Server_DefaultID - INFO - Training client 36 (28/30)...
2026-03-19 01:44:03,139 - Server_DefaultID - INFO - Client 36: Acc=98.60, Loss=-341.4898, NLL=-1161.7590, KL=14.5442, AvgS=500.00, ProxLoss=0.0000
2026-03-19 01:44:03,139 - Server_DefaultID - INFO - Training client 2 (29/30)...
2026-03-19 01:44:05,304 - Server_DefaultID - INFO - Client 2: Acc=79.55, Loss=-342.4982, NLL=-1161.7697, KL=14.8461, AvgS=500.00, ProxLoss=0.0000
2026-03-19 01:44:05,304 - Server_DefaultID - INFO - Training client 20 (30/30)...
2026-03-19 01:44:06,798 - Server_DefaultID - INFO - Client 20: Acc=74.32, Loss=-345.2039, NLL=-1161.7121, KL=12.8147, AvgS=499.98, ProxLoss=0.0000
2026-03-19 01:44:07,104 - Server_DefaultID - WARNING - Global prior extremely imbalanced (max/min=1.0), applied adaptive smoothing lam=0.10.
2026-03-19 01:44:07,105 - Server_DefaultID - INFO - Round [53/200] Summary | Avg Client Train Stats:	Loss [-341.8124]	 Acc [89.93]	NLL [-1159.6057]	 KL [14.4340]	AvgS [499.07]	 ProxLoss [0.0000]
GlobalPriorAlpha (first 10): [5.0, 5.0, 5.0, 5.0, 5.0, 5.0, 5.0, 5.0, 5.0, 5.0]
Round Time: 50.22s
2026-03-19 01:44:07,107 - Server_DefaultID - INFO - --- Global Round 54/200 ---
2026-03-19 01:44:07,107 - Server_DefaultID - INFO - Selected 30 active clients for round 54.
2026-03-19 01:44:07,108 - Server_DefaultID - INFO - Training client 7 (1/30)...
2026-03-19 01:44:08,694 - Server_DefaultID - INFO - Client 7: Acc=70.73, Loss=-342.7609, NLL=-1161.7699, KL=14.7853, AvgS=500.00, ProxLoss=0.0000
2026-03-19 01:44:08,695 - Server_DefaultID - INFO - Training client 89 (2/30)...
2026-03-19 01:44:12,376 - Server_DefaultID - INFO - Client 89: Acc=99.04, Loss=-341.0572, NLL=-1161.7536, KL=14.2105, AvgS=499.99, ProxLoss=0.0000
2026-03-19 01:44:12,376 - Server_DefaultID - INFO - Training client 11 (3/30)...
2026-03-19 01:44:13,944 - Server_DefaultID - INFO - Client 11: Acc=87.60, Loss=-342.9730, NLL=-1161.5203, KL=14.7914, AvgS=499.89, ProxLoss=0.0000
2026-03-19 01:44:13,944 - Server_DefaultID - INFO - Training client 0 (4/30)...
2026-03-19 01:44:14,482 - Server_DefaultID - INFO - Client 0: Acc=29.06, Loss=-342.3289, NLL=-1160.4724, KL=14.7728, AvgS=499.44, ProxLoss=0.0000
2026-03-19 01:44:14,482 - Server_DefaultID - INFO - Training client 86 (5/30)...
2026-03-19 01:44:15,944 - Server_DefaultID - INFO - Client 86: Acc=87.56, Loss=-342.5600, NLL=-1161.5411, KL=14.8536, AvgS=499.90, ProxLoss=0.0000
2026-03-19 01:44:15,944 - Server_DefaultID - INFO - Training client 22 (6/30)...
2026-03-19 01:44:16,641 - Server_DefaultID - INFO - Client 22: Acc=91.72, Loss=-343.3293, NLL=-1161.5559, KL=14.6849, AvgS=499.91, ProxLoss=0.0000
2026-03-19 01:44:16,641 - Server_DefaultID - INFO - Training client 67 (7/30)...
2026-03-19 01:44:18,288 - Server_DefaultID - INFO - Client 67: Acc=89.43, Loss=-343.3722, NLL=-1161.6824, KL=14.7220, AvgS=499.96, ProxLoss=0.0000
2026-03-19 01:44:18,288 - Server_DefaultID - INFO - Training client 61 (8/30)...
2026-03-19 01:44:19,577 - Server_DefaultID - INFO - Client 61: Acc=84.38, Loss=-344.8857, NLL=-1161.6253, KL=13.1462, AvgS=499.94, ProxLoss=0.0000
2026-03-19 01:44:19,577 - Server_DefaultID - INFO - Training client 74 (9/30)...
2026-03-19 01:44:20,711 - Server_DefaultID - INFO - Client 74: Acc=65.86, Loss=-342.3905, NLL=-1161.4117, KL=14.7983, AvgS=499.85, ProxLoss=0.0000
2026-03-19 01:44:20,711 - Server_DefaultID - INFO - Training client 30 (10/30)...
2026-03-19 01:44:24,005 - Server_DefaultID - INFO - Client 30: Acc=98.28, Loss=-341.3267, NLL=-1161.7203, KL=14.5142, AvgS=499.98, ProxLoss=0.0000
2026-03-19 01:44:24,005 - Server_DefaultID - INFO - Training client 55 (11/30)...
2026-03-19 01:44:31,238 - Server_DefaultID - INFO - Client 55: Acc=92.81, Loss=-343.2057, NLL=-1161.7513, KL=14.8016, AvgS=499.99, ProxLoss=0.0000
2026-03-19 01:44:31,238 - Server_DefaultID - INFO - Training client 76 (12/30)...
2026-03-19 01:44:33,238 - Server_DefaultID - INFO - Client 76: Acc=97.15, Loss=-344.7165, NLL=-1161.7470, KL=13.7621, AvgS=499.99, ProxLoss=0.0000
2026-03-19 01:44:33,238 - Server_DefaultID - INFO - Training client 82 (13/30)...
2026-03-19 01:44:34,572 - Server_DefaultID - INFO - Client 82: Acc=94.56, Loss=-342.3476, NLL=-1161.6874, KL=14.8155, AvgS=499.96, ProxLoss=0.0000
2026-03-19 01:44:34,572 - Server_DefaultID - INFO - Training client 45 (14/30)...
2026-03-19 01:44:36,678 - Server_DefaultID - INFO - Client 45: Acc=68.32, Loss=-342.2234, NLL=-1161.6355, KL=14.8795, AvgS=499.94, ProxLoss=0.0000
2026-03-19 01:44:36,678 - Server_DefaultID - INFO - Training client 79 (15/30)...
2026-03-19 01:44:37,984 - Server_DefaultID - INFO - Client 79: Acc=93.94, Loss=-341.0324, NLL=-1161.4740, KL=14.4357, AvgS=499.87, ProxLoss=0.0000
2026-03-19 01:44:37,984 - Server_DefaultID - INFO - Training client 62 (16/30)...
2026-03-19 01:44:38,677 - Server_DefaultID - INFO - Client 62: Acc=89.53, Loss=-342.9289, NLL=-1160.9040, KL=14.6330, AvgS=499.63, ProxLoss=0.0000
2026-03-19 01:44:38,677 - Server_DefaultID - INFO - Training client 12 (17/30)...
2026-03-19 01:44:40,098 - Server_DefaultID - INFO - Client 12: Acc=75.69, Loss=-344.3854, NLL=-1161.7408, KL=13.8483, AvgS=499.99, ProxLoss=0.0000
2026-03-19 01:44:40,098 - Server_DefaultID - INFO - Training client 1 (18/30)...
2026-03-19 01:44:40,790 - Server_DefaultID - INFO - Client 1: Acc=40.78, Loss=-342.1972, NLL=-1159.9189, KL=14.7672, AvgS=499.20, ProxLoss=0.0000
2026-03-19 01:44:40,790 - Server_DefaultID - INFO - Training client 48 (19/30)...
2026-03-19 01:44:45,112 - Server_DefaultID - INFO - Client 48: Acc=93.51, Loss=-342.7906, NLL=-1161.7648, KL=14.8429, AvgS=500.00, ProxLoss=0.0000
2026-03-19 01:44:45,112 - Server_DefaultID - INFO - Training client 19 (20/30)...
2026-03-19 01:44:48,536 - Server_DefaultID - INFO - Client 19: Acc=95.58, Loss=-341.2809, NLL=-1161.7560, KL=14.4873, AvgS=499.99, ProxLoss=0.0000
2026-03-19 01:44:48,536 - Server_DefaultID - INFO - Training client 29 (21/30)...
2026-03-19 01:44:49,665 - Server_DefaultID - INFO - Client 29: Acc=82.03, Loss=-342.0188, NLL=-1161.4778, KL=14.8914, AvgS=499.87, ProxLoss=0.0000
2026-03-19 01:44:49,665 - Server_DefaultID - INFO - Training client 27 (22/30)...
2026-03-19 01:44:50,539 - Server_DefaultID - INFO - Client 27: Acc=74.58, Loss=-343.7403, NLL=-1161.6447, KL=14.3442, AvgS=499.95, ProxLoss=0.0000
2026-03-19 01:44:50,539 - Server_DefaultID - INFO - Training client 60 (23/30)...
2026-03-19 01:44:51,399 - Server_DefaultID - INFO - Client 60: Acc=81.67, Loss=-341.6752, NLL=-1161.3142, KL=14.6912, AvgS=499.80, ProxLoss=0.0000
2026-03-19 01:44:51,399 - Server_DefaultID - INFO - Training client 47 (24/30)...
2026-03-19 01:44:52,991 - Server_DefaultID - INFO - Client 47: Acc=95.05, Loss=-344.3925, NLL=-1161.7317, KL=14.1162, AvgS=499.98, ProxLoss=0.0000
2026-03-19 01:44:52,991 - Server_DefaultID - INFO - Training client 84 (25/30)...
2026-03-19 01:44:53,373 - Server_DefaultID - INFO - Client 84: Acc=49.43, Loss=-318.5616, NLL=-1085.9083, KL=14.5724, AvgS=467.21, ProxLoss=0.0000
2026-03-19 01:44:53,373 - Server_DefaultID - INFO - Training client 99 (26/30)...
2026-03-19 01:44:53,815 - Server_DefaultID - INFO - Client 99: Acc=47.50, Loss=-275.7021, NLL=-929.5287, KL=9.3948, AvgS=399.66, ProxLoss=0.0000
2026-03-19 01:44:53,815 - Server_DefaultID - INFO - Training client 26 (27/30)...
2026-03-19 01:44:58,998 - Server_DefaultID - INFO - Client 26: Acc=98.60, Loss=-341.6897, NLL=-1161.7559, KL=14.6264, AvgS=499.99, ProxLoss=0.0000
2026-03-19 01:44:58,998 - Server_DefaultID - INFO - Training client 54 (28/30)...
2026-03-19 01:44:59,775 - Server_DefaultID - INFO - Client 54: Acc=76.56, Loss=-340.4387, NLL=-1157.6622, KL=14.7893, AvgS=498.23, ProxLoss=0.0000
2026-03-19 01:44:59,775 - Server_DefaultID - INFO - Training client 36 (29/30)...
2026-03-19 01:45:05,393 - Server_DefaultID - INFO - Client 36: Acc=98.75, Loss=-341.4395, NLL=-1161.7447, KL=14.5441, AvgS=499.99, ProxLoss=0.0000
2026-03-19 01:45:05,393 - Server_DefaultID - INFO - Training client 17 (30/30)...
2026-03-19 01:45:06,030 - Server_DefaultID - INFO - Client 17: Acc=78.75, Loss=-343.4897, NLL=-1161.6701, KL=14.5657, AvgS=499.96, ProxLoss=0.0000
2026-03-19 01:45:06,254 - Server_DefaultID - WARNING - Global prior extremely imbalanced (max/min=1.0), applied adaptive smoothing lam=0.10.
2026-03-19 01:45:06,254 - Server_DefaultID - INFO - Round [54/200] Summary | Avg Client Train Stats:	Loss [-341.9287]	 Acc [89.62]	NLL [-1159.7561]	 KL [14.5154]	AvgS [499.13]	 ProxLoss [0.0000]
GlobalPriorAlpha (first 10): [5.0, 5.0, 5.0, 5.0, 5.0, 5.0, 5.0, 5.0, 5.0, 5.0]
Round Time: 59.15s
2026-03-19 01:45:06,256 - Server_DefaultID - INFO - --- Global Round 55/200 ---
2026-03-19 01:45:06,257 - Server_DefaultID - INFO - Selected 30 active clients for round 55.
2026-03-19 01:45:06,257 - Server_DefaultID - INFO - Training client 56 (1/30)...
2026-03-19 01:45:08,453 - Server_DefaultID - INFO - Client 56: Acc=85.82, Loss=-342.2674, NLL=-1161.7459, KL=14.8646, AvgS=499.99, ProxLoss=0.0000
2026-03-19 01:45:08,454 - Server_DefaultID - INFO - Training client 33 (2/30)...
2026-03-19 01:45:10,339 - Server_DefaultID - INFO - Client 33: Acc=78.30, Loss=-344.1842, NLL=-1161.4932, KL=13.9355, AvgS=499.88, ProxLoss=0.0000
2026-03-19 01:45:10,339 - Server_DefaultID - INFO - Training client 10 (3/30)...
2026-03-19 01:45:11,452 - Server_DefaultID - INFO - Client 10: Acc=37.34, Loss=-343.9400, NLL=-1161.6697, KL=13.8524, AvgS=499.96, ProxLoss=0.0000
2026-03-19 01:45:11,452 - Server_DefaultID - INFO - Training client 0 (4/30)...
2026-03-19 01:45:11,864 - Server_DefaultID - INFO - Client 0: Acc=39.38, Loss=-342.1845, NLL=-1160.2628, KL=14.7641, AvgS=499.35, ProxLoss=0.0000
2026-03-19 01:45:11,864 - Server_DefaultID - INFO - Training client 43 (5/30)...
2026-03-19 01:45:14,697 - Server_DefaultID - INFO - Client 43: Acc=95.65, Loss=-342.3797, NLL=-1161.7466, KL=14.8947, AvgS=499.99, ProxLoss=0.0000
2026-03-19 01:45:14,697 - Server_DefaultID - INFO - Training client 13 (6/30)...
2026-03-19 01:45:15,092 - Server_DefaultID - INFO - Client 13: Acc=54.69, Loss=-340.5009, NLL=-1159.6981, KL=14.6500, AvgS=499.11, ProxLoss=0.0000
2026-03-19 01:45:15,092 - Server_DefaultID - INFO - Training client 11 (7/30)...
2026-03-19 01:45:16,620 - Server_DefaultID - INFO - Client 11: Acc=90.94, Loss=-342.7551, NLL=-1161.6393, KL=14.8378, AvgS=499.94, ProxLoss=0.0000
2026-03-19 01:45:16,620 - Server_DefaultID - INFO - Training client 44 (8/30)...
2026-03-19 01:45:18,845 - Server_DefaultID - INFO - Client 44: Acc=96.32, Loss=-342.2985, NLL=-1161.7509, KL=14.8610, AvgS=499.99, ProxLoss=0.0000
2026-03-19 01:45:18,845 - Server_DefaultID - INFO - Training client 22 (9/30)...
2026-03-19 01:45:19,548 - Server_DefaultID - INFO - Client 22: Acc=90.78, Loss=-343.0172, NLL=-1161.2387, KL=14.5937, AvgS=499.77, ProxLoss=0.0000
2026-03-19 01:45:19,549 - Server_DefaultID - INFO - Training client 82 (10/30)...
2026-03-19 01:45:20,940 - Server_DefaultID - INFO - Client 82: Acc=94.81, Loss=-342.3235, NLL=-1161.7382, KL=14.7767, AvgS=499.99, ProxLoss=0.0000
2026-03-19 01:45:20,940 - Server_DefaultID - INFO - Training client 42 (11/30)...
2026-03-19 01:45:22,623 - Server_DefaultID - INFO - Client 42: Acc=90.89, Loss=-342.3905, NLL=-1161.6901, KL=14.7994, AvgS=499.97, ProxLoss=0.0000
2026-03-19 01:45:22,623 - Server_DefaultID - INFO - Training client 47 (12/30)...
2026-03-19 01:45:24,176 - Server_DefaultID - INFO - Client 47: Acc=96.04, Loss=-344.2988, NLL=-1161.7483, KL=14.1394, AvgS=499.99, ProxLoss=0.0000
2026-03-19 01:45:24,176 - Server_DefaultID - INFO - Training client 1 (13/30)...
2026-03-19 01:45:24,869 - Server_DefaultID - INFO - Client 1: Acc=51.56, Loss=-342.8356, NLL=-1161.4906, KL=14.7814, AvgS=499.88, ProxLoss=0.0000
2026-03-19 01:45:24,870 - Server_DefaultID - INFO - Training client 86 (14/30)...
2026-03-19 01:45:26,205 - Server_DefaultID - INFO - Client 86: Acc=89.38, Loss=-342.4286, NLL=-1161.7096, KL=14.7024, AvgS=499.97, ProxLoss=0.0000
2026-03-19 01:45:26,205 - Server_DefaultID - INFO - Training client 30 (15/30)...
2026-03-19 01:45:28,160 - Server_DefaultID - INFO - Client 30: Acc=98.24, Loss=-341.2854, NLL=-1161.7573, KL=14.5145, AvgS=499.99, ProxLoss=0.0000
2026-03-19 01:45:28,160 - Server_DefaultID - INFO - Training client 97 (16/30)...
2026-03-19 01:45:34,277 - Server_DefaultID - INFO - Client 97: Acc=99.56, Loss=-340.4235, NLL=-1161.7695, KL=13.7981, AvgS=500.00, ProxLoss=0.0000
2026-03-19 01:45:34,277 - Server_DefaultID - INFO - Training client 7 (17/30)...
2026-03-19 01:45:35,969 - Server_DefaultID - INFO - Client 7: Acc=74.48, Loss=-342.6853, NLL=-1161.7364, KL=14.7885, AvgS=499.99, ProxLoss=0.0000
2026-03-19 01:45:35,970 - Server_DefaultID - INFO - Training client 58 (18/30)...
2026-03-19 01:45:37,786 - Server_DefaultID - INFO - Client 58: Acc=81.56, Loss=-341.2396, NLL=-1161.6880, KL=14.5680, AvgS=499.96, ProxLoss=0.0000
2026-03-19 01:45:37,786 - Server_DefaultID - INFO - Training client 93 (19/30)...
2026-03-19 01:45:38,439 - Server_DefaultID - INFO - Client 93: Acc=47.34, Loss=-342.9833, NLL=-1160.8530, KL=14.5028, AvgS=499.61, ProxLoss=0.0000
2026-03-19 01:45:38,442 - Server_DefaultID - INFO - Training client 99 (20/30)...
2026-03-19 01:45:38,877 - Server_DefaultID - INFO - Client 99: Acc=45.94, Loss=-299.9493, NLL=-1010.7946, KL=10.1471, AvgS=434.78, ProxLoss=0.0000
2026-03-19 01:45:38,877 - Server_DefaultID - INFO - Training client 70 (21/30)...
2026-03-19 01:45:40,277 - Server_DefaultID - INFO - Client 70: Acc=80.19, Loss=-341.4891, NLL=-1161.7570, KL=14.6165, AvgS=499.99, ProxLoss=0.0000
2026-03-19 01:45:40,277 - Server_DefaultID - INFO - Training client 71 (22/30)...
2026-03-19 01:45:41,074 - Server_DefaultID - INFO - Client 71: Acc=75.94, Loss=-343.5906, NLL=-1161.5315, KL=14.4557, AvgS=499.90, ProxLoss=0.0000
2026-03-19 01:45:41,074 - Server_DefaultID - INFO - Training client 39 (23/30)...
2026-03-19 01:45:46,414 - Server_DefaultID - INFO - Client 39: Acc=93.10, Loss=-342.6458, NLL=-1161.7650, KL=14.8450, AvgS=500.00, ProxLoss=0.0000
2026-03-19 01:45:46,414 - Server_DefaultID - INFO - Training client 38 (24/30)...
2026-03-19 01:45:47,086 - Server_DefaultID - INFO - Client 38: Acc=75.62, Loss=-345.2705, NLL=-1161.7150, KL=12.5529, AvgS=499.98, ProxLoss=0.0000
2026-03-19 01:45:47,086 - Server_DefaultID - INFO - Training client 57 (25/30)...
2026-03-19 01:45:51,456 - Server_DefaultID - INFO - Client 57: Acc=97.43, Loss=-342.1170, NLL=-1161.7612, KL=14.7496, AvgS=500.00, ProxLoss=0.0000
2026-03-19 01:45:51,456 - Server_DefaultID - INFO - Training client 67 (26/30)...
2026-03-19 01:45:53,069 - Server_DefaultID - INFO - Client 67: Acc=92.50, Loss=-343.4985, NLL=-1161.7326, KL=14.6214, AvgS=499.98, ProxLoss=0.0000
2026-03-19 01:45:53,069 - Server_DefaultID - INFO - Training client 35 (27/30)...
2026-03-19 01:45:53,995 - Server_DefaultID - INFO - Client 35: Acc=74.69, Loss=-343.4998, NLL=-1161.3460, KL=14.4299, AvgS=499.82, ProxLoss=0.0000
2026-03-19 01:45:53,995 - Server_DefaultID - INFO - Training client 40 (28/30)...
2026-03-19 01:45:55,534 - Server_DefaultID - INFO - Client 40: Acc=88.07, Loss=-344.4567, NLL=-1161.7522, KL=13.9438, AvgS=499.99, ProxLoss=0.0000
2026-03-19 01:45:55,534 - Server_DefaultID - INFO - Training client 23 (29/30)...
2026-03-19 01:45:55,996 - Server_DefaultID - INFO - Client 23: Acc=74.92, Loss=-217.9353, NLL=-747.8511, KL=12.9940, AvgS=321.23, ProxLoss=0.0000
2026-03-19 01:45:55,996 - Server_DefaultID - INFO - Training client 19 (30/30)...
2026-03-19 01:45:59,568 - Server_DefaultID - INFO - Client 19: Acc=95.87, Loss=-341.1973, NLL=-1161.7337, KL=14.4735, AvgS=499.98, ProxLoss=0.0000
2026-03-19 01:45:59,865 - Server_DefaultID - WARNING - Global prior extremely imbalanced (max/min=1.0), applied adaptive smoothing lam=0.10.
2026-03-19 01:45:59,865 - Server_DefaultID - INFO - Round [55/200] Summary | Avg Client Train Stats:	Loss [-341.4065]	 Acc [88.45]	NLL [-1158.6840]	 KL [14.4457]	AvgS [498.67]	 ProxLoss [0.0000]
GlobalPriorAlpha (first 10): [5.0, 5.0, 5.0, 5.0, 5.0, 5.0, 5.0, 5.0, 5.0, 5.0]
Round Time: 53.61s
2026-03-19 01:45:59,868 - Server_DefaultID - INFO - --- Global Round 56/200 ---
2026-03-19 01:45:59,868 - Server_DefaultID - INFO - Selected 30 active clients for round 56.
2026-03-19 01:45:59,869 - Server_DefaultID - INFO - Training client 98 (1/30)...
2026-03-19 01:46:00,699 - Server_DefaultID - INFO - Client 98: Acc=94.58, Loss=-341.1789, NLL=-1161.7590, KL=14.5144, AvgS=500.00, ProxLoss=0.0000
2026-03-19 01:46:00,699 - Server_DefaultID - INFO - Training client 51 (2/30)...
2026-03-19 01:46:01,430 - Server_DefaultID - INFO - Client 51: Acc=55.94, Loss=-344.5931, NLL=-1161.6752, KL=13.1530, AvgS=499.96, ProxLoss=0.0000
2026-03-19 01:46:01,430 - Server_DefaultID - INFO - Training client 55 (3/30)...
2026-03-19 01:46:08,664 - Server_DefaultID - INFO - Client 55: Acc=93.11, Loss=-343.1400, NLL=-1161.7347, KL=14.7992, AvgS=499.98, ProxLoss=0.0000
2026-03-19 01:46:08,664 - Server_DefaultID - INFO - Training client 60 (4/30)...
2026-03-19 01:46:09,590 - Server_DefaultID - INFO - Client 60: Acc=79.90, Loss=-341.6945, NLL=-1161.6608, KL=14.7016, AvgS=499.95, ProxLoss=0.0000
2026-03-19 01:46:09,590 - Server_DefaultID - INFO - Training client 20 (5/30)...
2026-03-19 01:46:11,216 - Server_DefaultID - INFO - Client 20: Acc=79.84, Loss=-345.1316, NLL=-1161.7212, KL=12.8697, AvgS=499.98, ProxLoss=0.0000
2026-03-19 01:46:11,216 - Server_DefaultID - INFO - Training client 63 (6/30)...
2026-03-19 01:46:12,629 - Server_DefaultID - INFO - Client 63: Acc=89.81, Loss=-342.7101, NLL=-1161.6352, KL=14.7841, AvgS=499.94, ProxLoss=0.0000
2026-03-19 01:46:12,629 - Server_DefaultID - INFO - Training client 3 (7/30)...
2026-03-19 01:46:14,272 - Server_DefaultID - INFO - Client 3: Acc=66.35, Loss=-344.2846, NLL=-1161.6974, KL=13.6446, AvgS=499.97, ProxLoss=0.0000
2026-03-19 01:46:14,272 - Server_DefaultID - INFO - Training client 71 (8/30)...
2026-03-19 01:46:14,940 - Server_DefaultID - INFO - Client 71: Acc=75.16, Loss=-343.3824, NLL=-1161.4295, KL=14.5096, AvgS=499.85, ProxLoss=0.0000
2026-03-19 01:46:14,940 - Server_DefaultID - INFO - Training client 44 (9/30)...
2026-03-19 01:46:18,418 - Server_DefaultID - INFO - Client 44: Acc=97.26, Loss=-342.2811, NLL=-1161.6403, KL=14.8770, AvgS=499.94, ProxLoss=0.0000
2026-03-19 01:46:18,418 - Server_DefaultID - INFO - Training client 0 (10/30)...
2026-03-19 01:46:18,828 - Server_DefaultID - INFO - Client 0: Acc=35.31, Loss=-342.7512, NLL=-1161.7699, KL=14.7841, AvgS=500.00, ProxLoss=0.0000
2026-03-19 01:46:18,829 - Server_DefaultID - INFO - Training client 6 (11/30)...
2026-03-19 01:46:19,712 - Server_DefaultID - INFO - Client 6: Acc=71.98, Loss=-342.0225, NLL=-1161.4415, KL=14.8105, AvgS=499.86, ProxLoss=0.0000
2026-03-19 01:46:19,712 - Server_DefaultID - INFO - Training client 47 (12/30)...
2026-03-19 01:46:21,254 - Server_DefaultID - INFO - Client 47: Acc=95.94, Loss=-344.2566, NLL=-1161.7494, KL=14.1522, AvgS=499.99, ProxLoss=0.0000
2026-03-19 01:46:21,255 - Server_DefaultID - INFO - Training client 91 (13/30)...
2026-03-19 01:46:22,084 - Server_DefaultID - INFO - Client 91: Acc=95.73, Loss=-341.1598, NLL=-1161.7107, KL=14.5139, AvgS=499.97, ProxLoss=0.0000
2026-03-19 01:46:22,084 - Server_DefaultID - INFO - Training client 65 (14/30)...
2026-03-19 01:46:22,510 - Server_DefaultID - INFO - Client 65: Acc=57.81, Loss=-224.7193, NLL=-765.7780, KL=12.3312, AvgS=329.05, ProxLoss=0.0000
2026-03-19 01:46:22,510 - Server_DefaultID - INFO - Training client 50 (15/30)...
2026-03-19 01:46:27,243 - Server_DefaultID - INFO - Client 50: Acc=97.37, Loss=-341.2295, NLL=-1161.7457, KL=14.4099, AvgS=499.99, ProxLoss=0.0000
2026-03-19 01:46:27,244 - Server_DefaultID - INFO - Training client 58 (16/30)...
2026-03-19 01:46:28,986 - Server_DefaultID - INFO - Client 58: Acc=83.04, Loss=-341.2557, NLL=-1161.7673, KL=14.5689, AvgS=500.00, ProxLoss=0.0000
2026-03-19 01:46:28,986 - Server_DefaultID - INFO - Training client 33 (17/30)...
2026-03-19 01:46:30,876 - Server_DefaultID - INFO - Client 33: Acc=80.94, Loss=-344.3221, NLL=-1161.7319, KL=13.9341, AvgS=499.98, ProxLoss=0.0000
2026-03-19 01:46:30,876 - Server_DefaultID - INFO - Training client 96 (18/30)...
2026-03-19 01:46:33,137 - Server_DefaultID - INFO - Client 96: Acc=95.07, Loss=-342.5637, NLL=-1161.7622, KL=14.7709, AvgS=500.00, ProxLoss=0.0000
2026-03-19 01:46:33,137 - Server_DefaultID - INFO - Training client 9 (19/30)...
2026-03-19 01:46:34,985 - Server_DefaultID - INFO - Client 9: Acc=97.32, Loss=-341.2678, NLL=-1161.7647, KL=14.4218, AvgS=500.00, ProxLoss=0.0000
2026-03-19 01:46:34,985 - Server_DefaultID - INFO - Training client 76 (20/30)...
2026-03-19 01:46:37,059 - Server_DefaultID - INFO - Client 76: Acc=96.17, Loss=-344.6351, NLL=-1161.7334, KL=13.7657, AvgS=499.98, ProxLoss=0.0000
2026-03-19 01:46:37,059 - Server_DefaultID - INFO - Training client 12 (21/30)...
2026-03-19 01:46:38,582 - Server_DefaultID - INFO - Client 12: Acc=80.75, Loss=-344.1727, NLL=-1161.7545, KL=13.9242, AvgS=499.99, ProxLoss=0.0000
2026-03-19 01:46:38,582 - Server_DefaultID - INFO - Training client 82 (22/30)...
2026-03-19 01:46:40,009 - Server_DefaultID - INFO - Client 82: Acc=95.38, Loss=-342.4260, NLL=-1161.7228, KL=14.8027, AvgS=499.98, ProxLoss=0.0000
2026-03-19 01:46:40,010 - Server_DefaultID - INFO - Training client 59 (23/30)...
2026-03-19 01:46:42,273 - Server_DefaultID - INFO - Client 59: Acc=95.83, Loss=-342.6331, NLL=-1161.7630, KL=14.8438, AvgS=500.00, ProxLoss=0.0000
2026-03-19 01:46:42,273 - Server_DefaultID - INFO - Training client 53 (24/30)...
2026-03-19 01:46:45,004 - Server_DefaultID - INFO - Client 53: Acc=97.69, Loss=-341.7938, NLL=-1161.7354, KL=14.6187, AvgS=499.99, ProxLoss=0.0000
2026-03-19 01:46:45,004 - Server_DefaultID - INFO - Training client 72 (25/30)...
2026-03-19 01:46:46,227 - Server_DefaultID - INFO - Client 72: Acc=95.94, Loss=-341.9108, NLL=-1161.7046, KL=14.7612, AvgS=499.97, ProxLoss=0.0000
2026-03-19 01:46:46,228 - Server_DefaultID - INFO - Training client 46 (26/30)...
2026-03-19 01:46:48,295 - Server_DefaultID - INFO - Client 46: Acc=88.91, Loss=-342.4385, NLL=-1161.7177, KL=14.8721, AvgS=499.98, ProxLoss=0.0000
2026-03-19 01:46:48,295 - Server_DefaultID - INFO - Training client 8 (27/30)...
2026-03-19 01:46:49,012 - Server_DefaultID - INFO - Client 8: Acc=87.03, Loss=-342.6740, NLL=-1161.6838, KL=14.8384, AvgS=499.96, ProxLoss=0.0000
2026-03-19 01:46:49,013 - Server_DefaultID - INFO - Training client 43 (28/30)...
2026-03-19 01:46:53,000 - Server_DefaultID - INFO - Client 43: Acc=96.11, Loss=-342.3500, NLL=-1161.7582, KL=14.8949, AvgS=499.99, ProxLoss=0.0000
2026-03-19 01:46:53,001 - Server_DefaultID - INFO - Training client 80 (29/30)...
2026-03-19 01:46:53,486 - Server_DefaultID - INFO - Client 80: Acc=56.56, Loss=-341.1376, NLL=-1154.7399, KL=14.2925, AvgS=496.97, ProxLoss=0.0000
2026-03-19 01:46:53,486 - Server_DefaultID - INFO - Training client 7 (30/30)...
2026-03-19 01:46:55,177 - Server_DefaultID - INFO - Client 7: Acc=77.86, Loss=-342.6612, NLL=-1161.7629, KL=14.8213, AvgS=500.00, ProxLoss=0.0000
2026-03-19 01:46:55,498 - Server_DefaultID - WARNING - Global prior extremely imbalanced (max/min=1.0), applied adaptive smoothing lam=0.10.
2026-03-19 01:46:55,498 - Server_DefaultID - INFO - Round [56/200] Summary | Avg Client Train Stats:	Loss [-342.0796]	 Acc [89.87]	NLL [-1159.6972]	 KL [14.4925]	AvgS [499.11]	 ProxLoss [0.0000]
GlobalPriorAlpha (first 10): [5.0, 5.0, 5.0, 5.0, 5.0, 5.0, 5.0, 5.0, 5.0, 5.0]
Round Time: 55.63s
2026-03-19 01:46:55,501 - Server_DefaultID - INFO - --- Global Round 57/200 ---
2026-03-19 01:46:55,501 - Server_DefaultID - INFO - Selected 30 active clients for round 57.
2026-03-19 01:46:55,501 - Server_DefaultID - INFO - Training client 92 (1/30)...
2026-03-19 01:46:56,659 - Server_DefaultID - INFO - Client 92: Acc=95.16, Loss=-342.1457, NLL=-1161.6727, KL=14.6717, AvgS=499.96, ProxLoss=0.0000
2026-03-19 01:46:56,659 - Server_DefaultID - INFO - Training client 40 (2/30)...
2026-03-19 01:46:58,266 - Server_DefaultID - INFO - Client 40: Acc=91.35, Loss=-344.3652, NLL=-1161.7544, KL=14.0185, AvgS=499.99, ProxLoss=0.0000
2026-03-19 01:46:58,266 - Server_DefaultID - INFO - Training client 50 (3/30)...
2026-03-19 01:47:03,039 - Server_DefaultID - INFO - Client 50: Acc=97.50, Loss=-341.3640, NLL=-1161.7619, KL=14.4661, AvgS=500.00, ProxLoss=0.0000
2026-03-19 01:47:03,039 - Server_DefaultID - INFO - Training client 9 (4/30)...
2026-03-19 01:47:04,886 - Server_DefaultID - INFO - Client 9: Acc=97.50, Loss=-341.1774, NLL=-1161.7699, KL=14.4001, AvgS=500.00, ProxLoss=0.0000
2026-03-19 01:47:04,886 - Server_DefaultID - INFO - Training client 7 (5/30)...
2026-03-19 01:47:06,503 - Server_DefaultID - INFO - Client 7: Acc=79.22, Loss=-342.6297, NLL=-1161.7574, KL=14.7761, AvgS=499.99, ProxLoss=0.0000
2026-03-19 01:47:06,503 - Server_DefaultID - INFO - Training client 94 (6/30)...
2026-03-19 01:47:09,297 - Server_DefaultID - INFO - Client 94: Acc=94.74, Loss=-342.4572, NLL=-1161.7346, KL=14.8566, AvgS=499.98, ProxLoss=0.0000
2026-03-19 01:47:09,297 - Server_DefaultID - INFO - Training client 77 (7/30)...
2026-03-19 01:47:12,999 - Server_DefaultID - INFO - Client 77: Acc=96.52, Loss=-342.1694, NLL=-1161.7167, KL=14.8487, AvgS=499.98, ProxLoss=0.0000
2026-03-19 01:47:12,999 - Server_DefaultID - INFO - Training client 81 (8/30)...
2026-03-19 01:47:14,828 - Server_DefaultID - INFO - Client 81: Acc=92.77, Loss=-342.5406, NLL=-1161.7427, KL=14.8632, AvgS=499.99, ProxLoss=0.0000
2026-03-19 01:47:14,828 - Server_DefaultID - INFO - Training client 30 (9/30)...
2026-03-19 01:47:16,893 - Server_DefaultID - INFO - Client 30: Acc=97.54, Loss=-341.1841, NLL=-1161.7238, KL=14.5142, AvgS=499.98, ProxLoss=0.0000
2026-03-19 01:47:16,894 - Server_DefaultID - INFO - Training client 97 (10/30)...
2026-03-19 01:47:22,699 - Server_DefaultID - INFO - Client 97: Acc=99.56, Loss=-340.3240, NLL=-1161.7470, KL=13.7903, AvgS=499.99, ProxLoss=0.0000
2026-03-19 01:47:22,700 - Server_DefaultID - INFO - Training client 4 (11/30)...
2026-03-19 01:47:25,440 - Server_DefaultID - INFO - Client 4: Acc=78.70, Loss=-344.1039, NLL=-1161.7517, KL=14.0362, AvgS=499.99, ProxLoss=0.0000
2026-03-19 01:47:25,440 - Server_DefaultID - INFO - Training client 42 (12/30)...
2026-03-19 01:47:26,976 - Server_DefaultID - INFO - Client 42: Acc=90.83, Loss=-342.4807, NLL=-1161.6672, KL=14.7644, AvgS=499.96, ProxLoss=0.0000
2026-03-19 01:47:26,976 - Server_DefaultID - INFO - Training client 72 (13/30)...
2026-03-19 01:47:28,159 - Server_DefaultID - INFO - Client 72: Acc=96.33, Loss=-341.6405, NLL=-1161.6966, KL=14.6563, AvgS=499.97, ProxLoss=0.0000
2026-03-19 01:47:28,159 - Server_DefaultID - INFO - Training client 23 (14/30)...
2026-03-19 01:47:28,598 - Server_DefaultID - INFO - Client 23: Acc=70.85, Loss=-240.3311, NLL=-823.5588, KL=13.3961, AvgS=353.91, ProxLoss=0.0000
2026-03-19 01:47:28,598 - Server_DefaultID - INFO - Training client 93 (15/30)...
2026-03-19 01:47:29,268 - Server_DefaultID - INFO - Client 93: Acc=49.69, Loss=-342.9300, NLL=-1161.1315, KL=14.5618, AvgS=499.72, ProxLoss=0.0000
2026-03-19 01:47:29,268 - Server_DefaultID - INFO - Training client 76 (16/30)...
2026-03-19 01:47:31,374 - Server_DefaultID - INFO - Client 76: Acc=97.34, Loss=-344.5203, NLL=-1161.7479, KL=13.8807, AvgS=499.99, ProxLoss=0.0000
2026-03-19 01:47:31,374 - Server_DefaultID - INFO - Training client 38 (17/30)...
2026-03-19 01:47:32,040 - Server_DefaultID - INFO - Client 38: Acc=76.25, Loss=-345.1111, NLL=-1161.6837, KL=12.6803, AvgS=499.96, ProxLoss=0.0000
2026-03-19 01:47:32,040 - Server_DefaultID - INFO - Training client 53 (18/30)...
2026-03-19 01:47:34,614 - Server_DefaultID - INFO - Client 53: Acc=97.41, Loss=-341.8242, NLL=-1161.7301, KL=14.6291, AvgS=499.98, ProxLoss=0.0000
2026-03-19 01:47:34,614 - Server_DefaultID - INFO - Training client 24 (19/30)...
2026-03-19 01:47:35,035 - Server_DefaultID - INFO - Client 24: Acc=56.56, Loss=-281.3664, NLL=-951.4252, KL=11.9596, AvgS=409.14, ProxLoss=0.0000
2026-03-19 01:47:35,036 - Server_DefaultID - INFO - Training client 15 (20/30)...
2026-03-19 01:47:35,728 - Server_DefaultID - INFO - Client 15: Acc=62.03, Loss=-342.3962, NLL=-1161.1179, KL=14.7575, AvgS=499.72, ProxLoss=0.0000
2026-03-19 01:47:35,728 - Server_DefaultID - INFO - Training client 85 (21/30)...
2026-03-19 01:47:38,647 - Server_DefaultID - INFO - Client 85: Acc=99.74, Loss=-340.2192, NLL=-1161.7595, KL=13.7045, AvgS=500.00, ProxLoss=0.0000
2026-03-19 01:47:38,647 - Server_DefaultID - INFO - Training client 22 (22/30)...
2026-03-19 01:47:39,341 - Server_DefaultID - INFO - Client 22: Acc=92.03, Loss=-343.0913, NLL=-1161.7224, KL=14.7082, AvgS=499.98, ProxLoss=0.0000
2026-03-19 01:47:39,341 - Server_DefaultID - INFO - Training client 18 (23/30)...
2026-03-19 01:47:43,102 - Server_DefaultID - INFO - Client 18: Acc=88.46, Loss=-342.7203, NLL=-1161.7577, KL=14.7984, AvgS=499.99, ProxLoss=0.0000
2026-03-19 01:47:43,102 - Server_DefaultID - INFO - Training client 21 (24/30)...
2026-03-19 01:47:45,119 - Server_DefaultID - INFO - Client 21: Acc=92.97, Loss=-344.3826, NLL=-1161.6928, KL=14.0330, AvgS=499.97, ProxLoss=0.0000
2026-03-19 01:47:45,119 - Server_DefaultID - INFO - Training client 11 (25/30)...
2026-03-19 01:47:46,664 - Server_DefaultID - INFO - Client 11: Acc=92.14, Loss=-342.6449, NLL=-1161.7699, KL=14.8179, AvgS=500.00, ProxLoss=0.0000
2026-03-19 01:47:46,665 - Server_DefaultID - INFO - Training client 29 (26/30)...
2026-03-19 01:47:47,786 - Server_DefaultID - INFO - Client 29: Acc=80.23, Loss=-341.8916, NLL=-1161.4429, KL=14.8733, AvgS=499.86, ProxLoss=0.0000
2026-03-19 01:47:47,786 - Server_DefaultID - INFO - Training client 60 (27/30)...
2026-03-19 01:47:48,656 - Server_DefaultID - INFO - Client 60: Acc=83.65, Loss=-341.9400, NLL=-1161.7122, KL=14.7781, AvgS=499.98, ProxLoss=0.0000
2026-03-19 01:47:48,656 - Server_DefaultID - INFO - Training client 28 (28/30)...
2026-03-19 01:47:49,063 - Server_DefaultID - INFO - Client 28: Acc=93.12, Loss=-324.3894, NLL=-1103.1267, KL=14.4730, AvgS=474.67, ProxLoss=0.0000
2026-03-19 01:47:49,063 - Server_DefaultID - INFO - Training client 14 (29/30)...
2026-03-19 01:47:51,324 - Server_DefaultID - INFO - Client 14: Acc=94.34, Loss=-341.1381, NLL=-1161.7288, KL=14.5142, AvgS=499.98, ProxLoss=0.0000
2026-03-19 01:47:51,325 - Server_DefaultID - INFO - Training client 83 (30/30)...
2026-03-19 01:47:53,864 - Server_DefaultID - INFO - Client 83: Acc=99.69, Loss=-340.2122, NLL=-1161.7312, KL=13.7138, AvgS=499.98, ProxLoss=0.0000
2026-03-19 01:47:54,160 - Server_DefaultID - WARNING - Global prior extremely imbalanced (max/min=1.0), applied adaptive smoothing lam=0.10.
2026-03-19 01:47:54,163 - Server_DefaultID - INFO - Round [57/200] Summary | Avg Client Train Stats:	Loss [-341.0574]	 Acc [93.06]	NLL [-1158.5715]	 KL [14.3559]	AvgS [498.62]	 ProxLoss [0.0000]
GlobalPriorAlpha (first 10): [5.0, 5.0, 5.0, 5.0, 5.0, 5.0, 5.0, 5.0, 5.0, 5.0]
Round Time: 58.66s
2026-03-19 01:47:54,166 - Server_DefaultID - INFO - --- Global Round 58/200 ---
2026-03-19 01:47:54,166 - Server_DefaultID - INFO - Selected 30 active clients for round 58.
2026-03-19 01:47:54,166 - Server_DefaultID - INFO - Training client 89 (1/30)...
2026-03-19 01:47:58,750 - Server_DefaultID - INFO - Client 89: Acc=99.04, Loss=-340.7966, NLL=-1161.7002, KL=14.1802, AvgS=499.97, ProxLoss=0.0000
2026-03-19 01:47:58,750 - Server_DefaultID - INFO - Training client 14 (2/30)...
2026-03-19 01:48:01,023 - Server_DefaultID - INFO - Client 14: Acc=95.17, Loss=-341.1280, NLL=-1161.7631, KL=14.5146, AvgS=500.00, ProxLoss=0.0000
2026-03-19 01:48:01,023 - Server_DefaultID - INFO - Training client 3 (3/30)...
2026-03-19 01:48:02,587 - Server_DefaultID - INFO - Client 3: Acc=67.45, Loss=-344.3268, NLL=-1161.7571, KL=13.5373, AvgS=499.99, ProxLoss=0.0000
2026-03-19 01:48:02,587 - Server_DefaultID - INFO - Training client 74 (4/30)...
2026-03-19 01:48:03,775 - Server_DefaultID - INFO - Client 74: Acc=69.69, Loss=-342.3223, NLL=-1161.6613, KL=14.8247, AvgS=499.95, ProxLoss=0.0000
2026-03-19 01:48:03,775 - Server_DefaultID - INFO - Training client 52 (5/30)...
2026-03-19 01:48:04,732 - Server_DefaultID - INFO - Client 52: Acc=67.19, Loss=-342.4572, NLL=-1161.5138, KL=14.7897, AvgS=499.89, ProxLoss=0.0000
2026-03-19 01:48:04,732 - Server_DefaultID - INFO - Training client 68 (6/30)...
2026-03-19 01:48:07,082 - Server_DefaultID - INFO - Client 68: Acc=98.09, Loss=-341.1580, NLL=-1161.7527, KL=14.5145, AvgS=499.99, ProxLoss=0.0000
2026-03-19 01:48:07,082 - Server_DefaultID - INFO - Training client 67 (7/30)...
2026-03-19 01:48:08,724 - Server_DefaultID - INFO - Client 67: Acc=93.54, Loss=-343.3851, NLL=-1161.7177, KL=14.6643, AvgS=499.98, ProxLoss=0.0000
2026-03-19 01:48:08,724 - Server_DefaultID - INFO - Training client 75 (8/30)...
2026-03-19 01:48:10,801 - Server_DefaultID - INFO - Client 75: Acc=95.98, Loss=-341.4134, NLL=-1161.7509, KL=14.6094, AvgS=499.99, ProxLoss=0.0000
2026-03-19 01:48:10,801 - Server_DefaultID - INFO - Training client 64 (9/30)...
2026-03-19 01:48:11,218 - Server_DefaultID - INFO - Client 64: Acc=63.12, Loss=-339.0657, NLL=-1150.0495, KL=14.7084, AvgS=494.94, ProxLoss=0.0000
2026-03-19 01:48:11,218 - Server_DefaultID - INFO - Training client 79 (10/30)...
2026-03-19 01:48:12,643 - Server_DefaultID - INFO - Client 79: Acc=93.81, Loss=-340.8825, NLL=-1161.2350, KL=14.5104, AvgS=499.77, ProxLoss=0.0000
2026-03-19 01:48:12,643 - Server_DefaultID - INFO - Training client 82 (11/30)...
2026-03-19 01:48:13,933 - Server_DefaultID - INFO - Client 82: Acc=95.56, Loss=-342.3599, NLL=-1161.6797, KL=14.8174, AvgS=499.96, ProxLoss=0.0000
2026-03-19 01:48:13,933 - Server_DefaultID - INFO - Training client 5 (12/30)...
2026-03-19 01:48:14,389 - Server_DefaultID - INFO - Client 5: Acc=75.62, Loss=-342.6676, NLL=-1158.8197, KL=14.3193, AvgS=498.73, ProxLoss=0.0000
2026-03-19 01:48:14,389 - Server_DefaultID - INFO - Training client 71 (13/30)...
2026-03-19 01:48:15,044 - Server_DefaultID - INFO - Client 71: Acc=73.28, Loss=-343.5318, NLL=-1161.5857, KL=14.4028, AvgS=499.92, ProxLoss=0.0000
2026-03-19 01:48:15,044 - Server_DefaultID - INFO - Training client 4 (14/30)...
2026-03-19 01:48:16,612 - Server_DefaultID - INFO - Client 4: Acc=79.64, Loss=-344.0607, NLL=-1161.7388, KL=14.0668, AvgS=499.99, ProxLoss=0.0000
2026-03-19 01:48:16,612 - Server_DefaultID - INFO - Training client 29 (15/30)...
2026-03-19 01:48:17,725 - Server_DefaultID - INFO - Client 29: Acc=80.70, Loss=-341.8122, NLL=-1161.4238, KL=14.8906, AvgS=499.85, ProxLoss=0.0000
2026-03-19 01:48:17,726 - Server_DefaultID - INFO - Training client 21 (16/30)...
2026-03-19 01:48:19,775 - Server_DefaultID - INFO - Client 21: Acc=94.26, Loss=-344.3363, NLL=-1161.6652, KL=14.0231, AvgS=499.95, ProxLoss=0.0000
2026-03-19 01:48:19,775 - Server_DefaultID - INFO - Training client 94 (17/30)...
2026-03-19 01:48:22,638 - Server_DefaultID - INFO - Client 94: Acc=95.71, Loss=-342.4399, NLL=-1161.7558, KL=14.8568, AvgS=499.99, ProxLoss=0.0000
2026-03-19 01:48:22,639 - Server_DefaultID - INFO - Training client 40 (18/30)...
2026-03-19 01:48:24,223 - Server_DefaultID - INFO - Client 40: Acc=93.39, Loss=-344.3503, NLL=-1161.7445, KL=13.9618, AvgS=499.99, ProxLoss=0.0000
2026-03-19 01:48:24,223 - Server_DefaultID - INFO - Training client 20 (19/30)...
2026-03-19 01:48:25,837 - Server_DefaultID - INFO - Client 20: Acc=83.75, Loss=-344.9979, NLL=-1161.6352, KL=12.9185, AvgS=499.94, ProxLoss=0.0000
2026-03-19 01:48:25,837 - Server_DefaultID - INFO - Training client 54 (20/30)...
2026-03-19 01:48:26,563 - Server_DefaultID - INFO - Client 54: Acc=72.34, Loss=-340.9209, NLL=-1160.0865, KL=14.8047, AvgS=499.27, ProxLoss=0.0000
2026-03-19 01:48:26,563 - Server_DefaultID - INFO - Training client 42 (21/30)...
2026-03-19 01:48:28,117 - Server_DefaultID - INFO - Client 42: Acc=90.62, Loss=-342.3381, NLL=-1161.6887, KL=14.7322, AvgS=499.97, ProxLoss=0.0000
2026-03-19 01:48:28,117 - Server_DefaultID - INFO - Training client 76 (22/30)...
2026-03-19 01:48:30,286 - Server_DefaultID - INFO - Client 76: Acc=96.52, Loss=-344.5216, NLL=-1161.7308, KL=13.7628, AvgS=499.98, ProxLoss=0.0000
2026-03-19 01:48:30,286 - Server_DefaultID - INFO - Training client 26 (23/30)...
2026-03-19 01:48:35,547 - Server_DefaultID - INFO - Client 26: Acc=98.49, Loss=-341.5075, NLL=-1161.7608, KL=14.6062, AvgS=500.00, ProxLoss=0.0000
2026-03-19 01:48:35,547 - Server_DefaultID - INFO - Training client 34 (24/30)...
2026-03-19 01:48:36,536 - Server_DefaultID - INFO - Client 34: Acc=74.79, Loss=-343.2866, NLL=-1161.7378, KL=14.5742, AvgS=499.99, ProxLoss=0.0000
2026-03-19 01:48:36,536 - Server_DefaultID - INFO - Training client 17 (25/30)...
2026-03-19 01:48:37,203 - Server_DefaultID - INFO - Client 17: Acc=80.78, Loss=-343.3150, NLL=-1161.6099, KL=14.5645, AvgS=499.93, ProxLoss=0.0000
2026-03-19 01:48:37,203 - Server_DefaultID - INFO - Training client 7 (26/30)...
2026-03-19 01:48:38,818 - Server_DefaultID - INFO - Client 7: Acc=82.08, Loss=-342.6727, NLL=-1161.7635, KL=14.8032, AvgS=500.00, ProxLoss=0.0000
2026-03-19 01:48:38,818 - Server_DefaultID - INFO - Training client 46 (27/30)...
2026-03-19 01:48:41,020 - Server_DefaultID - INFO - Client 46: Acc=88.91, Loss=-342.3331, NLL=-1161.7137, KL=14.8626, AvgS=499.98, ProxLoss=0.0000
2026-03-19 01:48:41,020 - Server_DefaultID - INFO - Training client 78 (28/30)...
2026-03-19 01:48:48,379 - Server_DefaultID - INFO - Client 78: Acc=96.42, Loss=-342.3731, NLL=-1161.7379, KL=14.7400, AvgS=499.99, ProxLoss=0.0000
2026-03-19 01:48:48,379 - Server_DefaultID - INFO - Training client 19 (29/30)...
2026-03-19 01:48:51,790 - Server_DefaultID - INFO - Client 19: Acc=96.81, Loss=-341.1096, NLL=-1161.7657, KL=14.4738, AvgS=500.00, ProxLoss=0.0000
2026-03-19 01:48:51,790 - Server_DefaultID - INFO - Training client 8 (30/30)...
2026-03-19 01:48:52,488 - Server_DefaultID - INFO - Client 8: Acc=87.03, Loss=-342.4064, NLL=-1161.5657, KL=14.7990, AvgS=499.91, ProxLoss=0.0000
2026-03-19 01:48:52,770 - Server_DefaultID - WARNING - Global prior extremely imbalanced (max/min=1.0), applied adaptive smoothing lam=0.10.
2026-03-19 01:48:52,770 - Server_DefaultID - INFO - Round [58/200] Summary | Avg Client Train Stats:	Loss [-342.3672]	 Acc [91.16]	NLL [-1161.5885]	 KL [14.4661]	AvgS [499.92]	 ProxLoss [0.0000]
GlobalPriorAlpha (first 10): [5.0, 5.0, 5.0, 5.0, 5.0, 5.0, 5.0, 5.0, 5.0, 5.0]
Round Time: 58.60s
2026-03-19 01:48:52,773 - Server_DefaultID - INFO - --- Global Round 59/200 ---
2026-03-19 01:48:52,773 - Server_DefaultID - INFO - Selected 30 active clients for round 59.
2026-03-19 01:48:52,773 - Server_DefaultID - INFO - Training client 39 (1/30)...
2026-03-19 01:48:56,416 - Server_DefaultID - INFO - Client 39: Acc=94.98, Loss=-342.4736, NLL=-1161.7466, KL=14.8375, AvgS=499.99, ProxLoss=0.0000
2026-03-19 01:48:56,416 - Server_DefaultID - INFO - Training client 71 (2/30)...
2026-03-19 01:48:57,040 - Server_DefaultID - INFO - Client 71: Acc=78.28, Loss=-343.2889, NLL=-1160.9807, KL=14.3966, AvgS=499.66, ProxLoss=0.0000
2026-03-19 01:48:57,040 - Server_DefaultID - INFO - Training client 12 (3/30)...
2026-03-19 01:48:58,472 - Server_DefaultID - INFO - Client 12: Acc=82.62, Loss=-344.3287, NLL=-1161.7604, KL=13.8425, AvgS=500.00, ProxLoss=0.0000
2026-03-19 01:48:58,472 - Server_DefaultID - INFO - Training client 0 (4/30)...
2026-03-19 01:48:58,987 - Server_DefaultID - INFO - Client 0: Acc=47.19, Loss=-342.6331, NLL=-1161.7258, KL=14.7834, AvgS=499.98, ProxLoss=0.0000
2026-03-19 01:48:58,988 - Server_DefaultID - INFO - Training client 41 (5/30)...
2026-03-19 01:49:01,064 - Server_DefaultID - INFO - Client 41: Acc=96.88, Loss=-341.8512, NLL=-1161.7650, KL=14.7591, AvgS=500.00, ProxLoss=0.0000
2026-03-19 01:49:01,064 - Server_DefaultID - INFO - Training client 11 (6/30)...
2026-03-19 01:49:02,563 - Server_DefaultID - INFO - Client 11: Acc=91.88, Loss=-342.7526, NLL=-1161.7532, KL=14.7954, AvgS=499.99, ProxLoss=0.0000
2026-03-19 01:49:02,563 - Server_DefaultID - INFO - Training client 62 (7/30)...
2026-03-19 01:49:03,213 - Server_DefaultID - INFO - Client 62: Acc=89.84, Loss=-342.8840, NLL=-1161.7216, KL=14.6159, AvgS=499.98, ProxLoss=0.0000
2026-03-19 01:49:03,213 - Server_DefaultID - INFO - Training client 73 (8/30)...
2026-03-19 01:49:06,568 - Server_DefaultID - INFO - Client 73: Acc=92.14, Loss=-341.5780, NLL=-1161.7392, KL=14.6787, AvgS=499.99, ProxLoss=0.0000
2026-03-19 01:49:06,568 - Server_DefaultID - INFO - Training client 91 (9/30)...
2026-03-19 01:49:07,478 - Server_DefaultID - INFO - Client 91: Acc=95.42, Loss=-340.9612, NLL=-1161.5473, KL=14.5125, AvgS=499.90, ProxLoss=0.0000
2026-03-19 01:49:07,478 - Server_DefaultID - INFO - Training client 93 (10/30)...
2026-03-19 01:49:08,194 - Server_DefaultID - INFO - Client 93: Acc=45.62, Loss=-342.9815, NLL=-1161.5184, KL=14.5096, AvgS=499.89, ProxLoss=0.0000
2026-03-19 01:49:08,194 - Server_DefaultID - INFO - Training client 64 (11/30)...
2026-03-19 01:49:08,594 - Server_DefaultID - INFO - Client 64: Acc=61.56, Loss=-339.9348, NLL=-1153.0804, KL=14.7200, AvgS=496.25, ProxLoss=0.0000
2026-03-19 01:49:08,594 - Server_DefaultID - INFO - Training client 33 (12/30)...
2026-03-19 01:49:10,481 - Server_DefaultID - INFO - Client 33: Acc=86.25, Loss=-344.2355, NLL=-1161.6196, KL=13.9281, AvgS=499.94, ProxLoss=0.0000
2026-03-19 01:49:10,481 - Server_DefaultID - INFO - Training client 79 (13/30)...
2026-03-19 01:49:11,847 - Server_DefaultID - INFO - Client 79: Acc=93.75, Loss=-341.0181, NLL=-1161.7383, KL=14.5142, AvgS=499.99, ProxLoss=0.0000
2026-03-19 01:49:11,847 - Server_DefaultID - INFO - Training client 61 (14/30)...
2026-03-19 01:49:13,179 - Server_DefaultID - INFO - Client 61: Acc=85.88, Loss=-344.6816, NLL=-1161.5046, KL=13.1326, AvgS=499.89, ProxLoss=0.0000
2026-03-19 01:49:13,180 - Server_DefaultID - INFO - Training client 18 (15/30)...
2026-03-19 01:49:16,775 - Server_DefaultID - INFO - Client 18: Acc=89.83, Loss=-342.6000, NLL=-1161.7559, KL=14.8092, AvgS=499.99, ProxLoss=0.0000
2026-03-19 01:49:16,775 - Server_DefaultID - INFO - Training client 80 (16/30)...
2026-03-19 01:49:17,198 - Server_DefaultID - INFO - Client 80: Acc=58.75, Loss=-341.7467, NLL=-1158.8707, KL=14.6714, AvgS=498.75, ProxLoss=0.0000
2026-03-19 01:49:17,198 - Server_DefaultID - INFO - Training client 90 (17/30)...
2026-03-19 01:49:21,321 - Client_90 - WARNING - Client 90: Too few classes (1) or samples (592) for alpha report, returning uniform.
2026-03-19 01:49:21,321 - Server_DefaultID - INFO - Client 90: Acc=100.00, Loss=-339.9069, NLL=-1161.6695, KL=13.5611, AvgS=499.96, ProxLoss=0.0000
2026-03-19 01:49:21,321 - Server_DefaultID - INFO - Training client 2 (18/30)...
2026-03-19 01:49:23,624 - Server_DefaultID - INFO - Client 2: Acc=79.55, Loss=-342.2438, NLL=-1161.7111, KL=14.8539, AvgS=499.97, ProxLoss=0.0000
2026-03-19 01:49:23,624 - Server_DefaultID - INFO - Training client 86 (19/30)...
2026-03-19 01:49:25,022 - Server_DefaultID - INFO - Client 86: Acc=90.00, Loss=-342.5636, NLL=-1161.7629, KL=14.7723, AvgS=500.00, ProxLoss=0.0000
2026-03-19 01:49:25,022 - Server_DefaultID - INFO - Training client 56 (20/30)...
2026-03-19 01:49:27,152 - Server_DefaultID - INFO - Client 56: Acc=86.33, Loss=-342.1252, NLL=-1161.6767, KL=14.8704, AvgS=499.96, ProxLoss=0.0000
2026-03-19 01:49:27,152 - Server_DefaultID - INFO - Training client 1 (21/30)...
2026-03-19 01:49:27,869 - Server_DefaultID - INFO - Client 1: Acc=63.59, Loss=-342.4144, NLL=-1160.9276, KL=14.7733, AvgS=499.64, ProxLoss=0.0000
2026-03-19 01:49:27,869 - Server_DefaultID - INFO - Training client 58 (22/30)...
2026-03-19 01:49:29,961 - Server_DefaultID - INFO - Client 58: Acc=83.97, Loss=-341.0830, NLL=-1161.7179, KL=14.5576, AvgS=499.98, ProxLoss=0.0000
2026-03-19 01:49:29,961 - Server_DefaultID - INFO - Training client 89 (23/30)...
2026-03-19 01:49:33,343 - Server_DefaultID - INFO - Client 89: Acc=99.20, Loss=-340.8676, NLL=-1161.7547, KL=14.2557, AvgS=499.99, ProxLoss=0.0000
2026-03-19 01:49:33,343 - Server_DefaultID - INFO - Training client 57 (24/30)...
2026-03-19 01:49:37,579 - Server_DefaultID - INFO - Client 57: Acc=97.30, Loss=-341.9468, NLL=-1161.7525, KL=14.7541, AvgS=499.99, ProxLoss=0.0000
2026-03-19 01:49:37,580 - Server_DefaultID - INFO - Training client 36 (25/30)...
2026-03-19 01:49:43,334 - Server_DefaultID - INFO - Client 36: Acc=98.89, Loss=-341.2337, NLL=-1161.7355, KL=14.5473, AvgS=499.99, ProxLoss=0.0000
2026-03-19 01:49:43,334 - Server_DefaultID - INFO - Training client 4 (26/30)...
2026-03-19 01:49:45,015 - Server_DefaultID - INFO - Client 4: Acc=80.26, Loss=-344.1281, NLL=-1161.7538, KL=13.9730, AvgS=499.99, ProxLoss=0.0000
2026-03-19 01:49:45,015 - Server_DefaultID - INFO - Training client 52 (27/30)...
2026-03-19 01:49:45,897 - Server_DefaultID - INFO - Client 52: Acc=76.04, Loss=-342.1320, NLL=-1161.4548, KL=14.7942, AvgS=499.86, ProxLoss=0.0000
2026-03-19 01:49:45,897 - Server_DefaultID - INFO - Training client 92 (28/30)...
2026-03-19 01:49:47,141 - Server_DefaultID - INFO - Client 92: Acc=95.16, Loss=-342.1093, NLL=-1161.5496, KL=14.7627, AvgS=499.90, ProxLoss=0.0000
2026-03-19 01:49:47,141 - Server_DefaultID - INFO - Training client 48 (29/30)...
2026-03-19 01:49:51,400 - Server_DefaultID - INFO - Client 48: Acc=94.06, Loss=-342.5268, NLL=-1161.7523, KL=14.8235, AvgS=499.99, ProxLoss=0.0000
2026-03-19 01:49:51,401 - Server_DefaultID - INFO - Training client 45 (30/30)...
2026-03-19 01:49:53,419 - Server_DefaultID - INFO - Client 45: Acc=68.95, Loss=-342.0320, NLL=-1161.7613, KL=14.8838, AvgS=500.00, ProxLoss=0.0000
2026-03-19 01:49:53,634 - Server_DefaultID - WARNING - Global prior extremely imbalanced (max/min=1.0), applied adaptive smoothing lam=0.10.
2026-03-19 01:49:53,635 - Server_DefaultID - INFO - Round [59/200] Summary | Avg Client Train Stats:	Loss [-342.1103]	 Acc [89.80]	NLL [-1161.6214]	 KL [14.5508]	AvgS [499.94]	 ProxLoss [0.0000]
GlobalPriorAlpha (first 10): [5.0, 5.0, 5.0, 5.0, 5.0, 5.0, 5.0, 5.0, 5.0, 5.0]
Round Time: 60.86s
2026-03-19 01:49:53,637 - Server_DefaultID - INFO - --- Global Round 60/200 ---
2026-03-19 01:49:53,637 - Server_DefaultID - INFO - Selected 30 active clients for round 60.
2026-03-19 01:49:53,638 - Server_DefaultID - INFO - Training client 74 (1/30)...
2026-03-19 01:49:54,751 - Server_DefaultID - INFO - Client 74: Acc=67.89, Loss=-342.0755, NLL=-1161.2920, KL=14.8158, AvgS=499.79, ProxLoss=0.0000
2026-03-19 01:49:54,751 - Server_DefaultID - INFO - Training client 73 (2/30)...
2026-03-19 01:49:57,928 - Server_DefaultID - INFO - Client 73: Acc=92.33, Loss=-341.5895, NLL=-1161.7470, KL=14.6813, AvgS=499.99, ProxLoss=0.0000
2026-03-19 01:49:57,929 - Server_DefaultID - INFO - Training client 66 (3/30)...
2026-03-19 01:49:59,743 - Server_DefaultID - INFO - Client 66: Acc=87.81, Loss=-341.6305, NLL=-1161.6756, KL=14.7743, AvgS=499.96, ProxLoss=0.0000
2026-03-19 01:49:59,743 - Server_DefaultID - INFO - Training client 86 (4/30)...
2026-03-19 01:50:01,100 - Server_DefaultID - INFO - Client 86: Acc=91.94, Loss=-342.2015, NLL=-1161.7424, KL=14.6482, AvgS=499.99, ProxLoss=0.0000
2026-03-19 01:50:01,100 - Server_DefaultID - INFO - Training client 39 (5/30)...
2026-03-19 01:50:04,666 - Server_DefaultID - INFO - Client 39: Acc=95.50, Loss=-342.4736, NLL=-1161.7254, KL=14.8165, AvgS=499.98, ProxLoss=0.0000
2026-03-19 01:50:04,666 - Server_DefaultID - INFO - Training client 58 (6/30)...
2026-03-19 01:50:06,292 - Server_DefaultID - INFO - Client 58: Acc=83.66, Loss=-341.0417, NLL=-1161.6971, KL=14.5682, AvgS=499.97, ProxLoss=0.0000
2026-03-19 01:50:06,292 - Server_DefaultID - INFO - Training client 12 (7/30)...
2026-03-19 01:50:07,515 - Server_DefaultID - INFO - Client 12: Acc=84.00, Loss=-344.0565, NLL=-1161.7550, KL=13.9184, AvgS=499.99, ProxLoss=0.0000
2026-03-19 01:50:07,516 - Server_DefaultID - INFO - Training client 10 (8/30)...
2026-03-19 01:50:08,463 - Server_DefaultID - INFO - Client 10: Acc=38.20, Loss=-343.8345, NLL=-1161.7316, KL=13.8056, AvgS=499.98, ProxLoss=0.0000
2026-03-19 01:50:08,463 - Server_DefaultID - INFO - Training client 37 (9/30)...
2026-03-19 01:50:11,045 - Server_DefaultID - INFO - Client 37: Acc=82.27, Loss=-343.3393, NLL=-1161.5494, KL=14.5382, AvgS=499.90, ProxLoss=0.0000
2026-03-19 01:50:11,045 - Server_DefaultID - INFO - Training client 3 (10/30)...
2026-03-19 01:50:12,482 - Server_DefaultID - INFO - Client 3: Acc=70.16, Loss=-344.1879, NLL=-1161.7037, KL=13.6407, AvgS=499.97, ProxLoss=0.0000
2026-03-19 01:50:12,482 - Server_DefaultID - INFO - Training client 52 (11/30)...
2026-03-19 01:50:13,255 - Server_DefaultID - INFO - Client 52: Acc=78.12, Loss=-341.7844, NLL=-1160.9430, KL=14.8179, AvgS=499.64, ProxLoss=0.0000
2026-03-19 01:50:13,255 - Server_DefaultID - INFO - Training client 67 (12/30)...
2026-03-19 01:50:14,644 - Server_DefaultID - INFO - Client 67: Acc=95.62, Loss=-343.2583, NLL=-1161.7343, KL=14.6719, AvgS=499.98, ProxLoss=0.0000
2026-03-19 01:50:14,644 - Server_DefaultID - INFO - Training client 29 (13/30)...
2026-03-19 01:50:15,694 - Server_DefaultID - INFO - Client 29: Acc=81.48, Loss=-341.9230, NLL=-1161.7277, KL=14.8945, AvgS=499.98, ProxLoss=0.0000
2026-03-19 01:50:15,694 - Server_DefaultID - INFO - Training client 76 (14/30)...
2026-03-19 01:50:17,552 - Server_DefaultID - INFO - Client 76: Acc=96.60, Loss=-344.3846, NLL=-1161.7336, KL=13.8883, AvgS=499.98, ProxLoss=0.0000
2026-03-19 01:50:17,552 - Server_DefaultID - INFO - Training client 61 (15/30)...
2026-03-19 01:50:18,703 - Server_DefaultID - INFO - Client 61: Acc=87.69, Loss=-344.4944, NLL=-1161.6592, KL=13.2512, AvgS=499.95, ProxLoss=0.0000
2026-03-19 01:50:18,703 - Server_DefaultID - INFO - Training client 92 (16/30)...
2026-03-19 01:50:19,709 - Server_DefaultID - INFO - Client 92: Acc=95.39, Loss=-342.2382, NLL=-1161.7588, KL=14.7554, AvgS=500.00, ProxLoss=0.0000
2026-03-19 01:50:19,709 - Server_DefaultID - INFO - Training client 42 (17/30)...
2026-03-19 01:50:21,097 - Server_DefaultID - INFO - Client 42: Acc=90.89, Loss=-342.2116, NLL=-1161.7523, KL=14.7366, AvgS=499.99, ProxLoss=0.0000
2026-03-19 01:50:21,097 - Server_DefaultID - INFO - Training client 84 (18/30)...
2026-03-19 01:50:21,487 - Server_DefaultID - INFO - Client 84: Acc=50.19, Loss=-331.1064, NLL=-1128.4693, KL=14.7444, AvgS=485.61, ProxLoss=0.0000
2026-03-19 01:50:21,487 - Server_DefaultID - INFO - Training client 8 (19/30)...
2026-03-19 01:50:22,041 - Server_DefaultID - INFO - Client 8: Acc=87.97, Loss=-342.2804, NLL=-1161.7048, KL=14.8609, AvgS=499.97, ProxLoss=0.0000
2026-03-19 01:50:22,041 - Server_DefaultID - INFO - Training client 24 (20/30)...
2026-03-19 01:50:22,411 - Server_DefaultID - INFO - Client 24: Acc=60.94, Loss=-302.4591, NLL=-1022.5986, KL=12.4274, AvgS=439.88, ProxLoss=0.0000
2026-03-19 01:50:22,411 - Server_DefaultID - INFO - Training client 49 (21/30)...
2026-03-19 01:50:24,030 - Server_DefaultID - INFO - Client 49: Acc=93.62, Loss=-342.1310, NLL=-1161.7550, KL=14.8948, AvgS=499.99, ProxLoss=0.0000
2026-03-19 01:50:24,030 - Server_DefaultID - INFO - Training client 28 (22/30)...
2026-03-19 01:50:24,390 - Server_DefaultID - INFO - Client 28: Acc=90.62, Loss=-336.4109, NLL=-1143.6794, KL=14.7775, AvgS=492.18, ProxLoss=0.0000
2026-03-19 01:50:24,390 - Server_DefaultID - INFO - Training client 38 (23/30)...
2026-03-19 01:50:24,968 - Server_DefaultID - INFO - Client 38: Acc=69.84, Loss=-344.8975, NLL=-1161.4892, KL=12.4238, AvgS=499.88, ProxLoss=0.0000
2026-03-19 01:50:24,968 - Server_DefaultID - INFO - Training client 82 (24/30)...
2026-03-19 01:50:26,173 - Server_DefaultID - INFO - Client 82: Acc=96.06, Loss=-342.1545, NLL=-1161.7306, KL=14.7525, AvgS=499.98, ProxLoss=0.0000
2026-03-19 01:50:26,174 - Server_DefaultID - INFO - Training client 22 (25/30)...
2026-03-19 01:50:26,756 - Server_DefaultID - INFO - Client 22: Acc=92.19, Loss=-342.7303, NLL=-1161.2227, KL=14.7039, AvgS=499.76, ProxLoss=0.0000
2026-03-19 01:50:26,756 - Server_DefaultID - INFO - Training client 57 (26/30)...
2026-03-19 01:50:30,574 - Server_DefaultID - INFO - Client 57: Acc=97.94, Loss=-341.9181, NLL=-1161.7597, KL=14.7666, AvgS=500.00, ProxLoss=0.0000
2026-03-19 01:50:30,574 - Server_DefaultID - INFO - Training client 34 (27/30)...
2026-03-19 01:50:31,420 - Server_DefaultID - INFO - Client 34: Acc=82.08, Loss=-343.0067, NLL=-1161.4910, KL=14.6145, AvgS=499.88, ProxLoss=0.0000
2026-03-19 01:50:31,420 - Server_DefaultID - INFO - Training client 94 (28/30)...
2026-03-19 01:50:34,039 - Server_DefaultID - INFO - Client 94: Acc=95.74, Loss=-342.3690, NLL=-1161.7547, KL=14.8458, AvgS=499.99, ProxLoss=0.0000
2026-03-19 01:50:34,039 - Server_DefaultID - INFO - Training client 95 (29/30)...
2026-03-19 01:50:36,048 - Server_DefaultID - INFO - Client 95: Acc=81.32, Loss=-341.3170, NLL=-1161.7404, KL=14.6664, AvgS=499.99, ProxLoss=0.0000
2026-03-19 01:50:36,048 - Server_DefaultID - INFO - Training client 77 (30/30)...
2026-03-19 01:50:39,519 - Server_DefaultID - INFO - Client 77: Acc=96.65, Loss=-342.0539, NLL=-1161.7505, KL=14.8491, AvgS=499.99, ProxLoss=0.0000
2026-03-19 01:50:39,660 - Server_DefaultID - WARNING - Global prior extremely imbalanced (max/min=1.0), applied adaptive smoothing lam=0.10.
2026-03-19 01:50:39,661 - Server_DefaultID - INFO - Round [60/200] Summary | Avg Client Train Stats:	Loss [-342.0638]	 Acc [88.42]	NLL [-1160.3242]	 KL [14.5428]	AvgS [499.38]	 ProxLoss [0.0000]
GlobalPriorAlpha (first 10): [5.0, 5.0, 5.0, 5.0, 5.0, 5.0, 5.0, 5.0, 5.0, 5.0]
Round Time: 46.02s
2026-03-19 01:50:39,661 - Server_DefaultID - INFO - --- Evaluating models at round 60 ---
2026-03-19 01:51:47,725 - Server_DefaultID - INFO - Global Model Evaluation (Round 60): 
  Avg Test Acc: 75.96%
  Avg Test Acc Softmax: 75.96%
  Avg Test Loss: -1132.4298
  Avg Test NLL: -1147.9111
  Avg Test KL (vs flat prior): 13.8965
  Avg Test S: 494.01
2026-03-19 01:52:57,316 - Server_DefaultID - INFO - Personalized Model Evaluation (Round 60): 
  Avg Test Acc: 77.52%
  Avg Test Acc Softmax: 77.52%
  Avg Test Loss: -1135.2087
  Avg Test NLL: -1150.7026
  Avg Test KL (vs flat prior): 13.9117
  Avg Test S: 495.22
2026-03-19 01:52:57,316 - Server_DefaultID - INFO - [Metric 1] Personalized Brier Score | Mean: 0.3309
2026-03-19 01:52:57,316 - Server_DefaultID - INFO - [Metric 1] Personalized ECE | Mean: 0.1052
2026-03-19 01:52:57,316 - Server_DefaultID - INFO - [OOD Eval] OOD AUC-ROC (Epistemic): 0.0268
2026-03-19 01:52:57,316 - Server_DefaultID - INFO - [Metric 4] OOD FPR@95%TPR: 0.9938
2026-03-19 01:52:58,949 - Server_DefaultID - INFO - --- Global Round 61/200 ---
2026-03-19 01:52:58,949 - Server_DefaultID - INFO - Selected 30 active clients for round 61.
2026-03-19 01:52:58,950 - Server_DefaultID - INFO - Training client 51 (1/30)...
2026-03-19 01:52:59,577 - Server_DefaultID - INFO - Client 51: Acc=57.19, Loss=-344.2871, NLL=-1161.4529, KL=13.1158, AvgS=499.86, ProxLoss=0.0000
2026-03-19 01:52:59,577 - Server_DefaultID - INFO - Training client 69 (2/30)...
2026-03-19 01:53:00,214 - Server_DefaultID - INFO - Client 69: Acc=56.72, Loss=-343.0096, NLL=-1161.3188, KL=14.4546, AvgS=499.81, ProxLoss=0.0000
2026-03-19 01:53:00,214 - Server_DefaultID - INFO - Training client 95 (3/30)...
2026-03-19 01:53:02,440 - Server_DefaultID - INFO - Client 95: Acc=83.54, Loss=-341.2584, NLL=-1161.7615, KL=14.6497, AvgS=500.00, ProxLoss=0.0000
2026-03-19 01:53:02,440 - Server_DefaultID - INFO - Training client 19 (4/30)...
2026-03-19 01:53:05,928 - Server_DefaultID - INFO - Client 19: Acc=95.80, Loss=-340.9276, NLL=-1161.7583, KL=14.4601, AvgS=500.00, ProxLoss=0.0000
2026-03-19 01:53:05,928 - Server_DefaultID - INFO - Training client 41 (5/30)...
2026-03-19 01:53:08,028 - Server_DefaultID - INFO - Client 41: Acc=96.72, Loss=-341.7508, NLL=-1161.7660, KL=14.7221, AvgS=500.00, ProxLoss=0.0000
2026-03-19 01:53:08,028 - Server_DefaultID - INFO - Training client 16 (6/30)...
2026-03-19 01:53:08,696 - Server_DefaultID - INFO - Client 16: Acc=52.97, Loss=-341.4108, NLL=-1161.7185, KL=14.7803, AvgS=499.98, ProxLoss=0.0000
2026-03-19 01:53:08,696 - Server_DefaultID - INFO - Training client 20 (7/30)...
2026-03-19 01:53:10,310 - Server_DefaultID - INFO - Client 20: Acc=88.28, Loss=-344.9975, NLL=-1161.7336, KL=12.8641, AvgS=499.98, ProxLoss=0.0000
2026-03-19 01:53:10,310 - Server_DefaultID - INFO - Training client 47 (8/30)...
2026-03-19 01:53:11,987 - Server_DefaultID - INFO - Client 47: Acc=96.09, Loss=-344.0700, NLL=-1161.6803, KL=14.1024, AvgS=499.96, ProxLoss=0.0000
2026-03-19 01:53:11,987 - Server_DefaultID - INFO - Training client 45 (9/30)...
2026-03-19 01:53:14,206 - Server_DefaultID - INFO - Client 45: Acc=70.12, Loss=-341.9533, NLL=-1161.7017, KL=14.8803, AvgS=499.97, ProxLoss=0.0000
2026-03-19 01:53:14,206 - Server_DefaultID - INFO - Training client 93 (10/30)...
2026-03-19 01:53:15,025 - Server_DefaultID - INFO - Client 93: Acc=47.66, Loss=-342.7960, NLL=-1161.4546, KL=14.5637, AvgS=499.86, ProxLoss=0.0000
2026-03-19 01:53:15,025 - Server_DefaultID - INFO - Training client 9 (11/30)...
2026-03-19 01:53:16,863 - Server_DefaultID - INFO - Client 9: Acc=97.54, Loss=-341.0198, NLL=-1161.7137, KL=14.4703, AvgS=499.98, ProxLoss=0.0000
2026-03-19 01:53:16,864 - Server_DefaultID - INFO - Training client 7 (12/30)...
2026-03-19 01:53:18,492 - Server_DefaultID - INFO - Client 7: Acc=50.94, Loss=-342.2821, NLL=-1161.7124, KL=14.8026, AvgS=499.98, ProxLoss=0.0000
2026-03-19 01:53:18,492 - Server_DefaultID - INFO - Training client 56 (13/30)...
2026-03-19 01:53:20,479 - Server_DefaultID - INFO - Client 56: Acc=86.37, Loss=-341.9811, NLL=-1161.6087, KL=14.8820, AvgS=499.93, ProxLoss=0.0000
2026-03-19 01:53:20,479 - Server_DefaultID - INFO - Training client 17 (14/30)...
2026-03-19 01:53:21,178 - Server_DefaultID - INFO - Client 17: Acc=72.50, Loss=-342.7816, NLL=-1161.2487, KL=14.6164, AvgS=499.78, ProxLoss=0.0000
2026-03-19 01:53:21,178 - Server_DefaultID - INFO - Training client 1 (15/30)...
2026-03-19 01:53:21,916 - Server_DefaultID - INFO - Client 1: Acc=54.53, Loss=-342.6322, NLL=-1161.6873, KL=14.7831, AvgS=499.96, ProxLoss=0.0000
2026-03-19 01:53:21,916 - Server_DefaultID - INFO - Training client 13 (16/30)...
2026-03-19 01:53:22,317 - Server_DefaultID - INFO - Client 13: Acc=54.38, Loss=-339.9716, NLL=-1158.1025, KL=14.7141, AvgS=498.42, ProxLoss=0.0000
2026-03-19 01:53:22,317 - Server_DefaultID - INFO - Training client 14 (17/30)...
2026-03-19 01:53:24,650 - Server_DefaultID - INFO - Client 14: Acc=84.17, Loss=-340.8718, NLL=-1161.7403, KL=14.5144, AvgS=499.99, ProxLoss=0.0000
2026-03-19 01:53:24,651 - Server_DefaultID - INFO - Training client 6 (18/30)...
2026-03-19 01:53:25,590 - Server_DefaultID - INFO - Client 6: Acc=62.08, Loss=-341.7498, NLL=-1161.6488, KL=14.7547, AvgS=499.95, ProxLoss=0.0000
2026-03-19 01:53:25,590 - Server_DefaultID - INFO - Training client 81 (19/30)...
2026-03-19 01:53:27,508 - Server_DefaultID - INFO - Client 81: Acc=94.06, Loss=-342.3585, NLL=-1161.7380, KL=14.8662, AvgS=499.99, ProxLoss=0.0000
2026-03-19 01:53:27,508 - Server_DefaultID - INFO - Training client 30 (20/30)...
2026-03-19 01:53:30,918 - Server_DefaultID - INFO - Client 30: Acc=98.71, Loss=-341.0318, NLL=-1161.7414, KL=14.5144, AvgS=499.99, ProxLoss=0.0000
2026-03-19 01:53:30,918 - Server_DefaultID - INFO - Training client 97 (21/30)...
2026-03-19 01:53:37,236 - Server_DefaultID - INFO - Client 97: Acc=99.56, Loss=-340.1874, NLL=-1161.7508, KL=13.8132, AvgS=499.99, ProxLoss=0.0000
2026-03-19 01:53:37,236 - Server_DefaultID - INFO - Training client 73 (22/30)...
2026-03-19 01:53:40,501 - Server_DefaultID - INFO - Client 73: Acc=94.18, Loss=-341.5464, NLL=-1161.7349, KL=14.6687, AvgS=499.98, ProxLoss=0.0000
2026-03-19 01:53:40,501 - Server_DefaultID - INFO - Training client 60 (23/30)...
2026-03-19 01:53:41,340 - Server_DefaultID - INFO - Client 60: Acc=85.00, Loss=-341.4742, NLL=-1161.5910, KL=14.6680, AvgS=499.92, ProxLoss=0.0000
2026-03-19 01:53:41,340 - Server_DefaultID - INFO - Training client 27 (24/30)...
2026-03-19 01:53:42,159 - Server_DefaultID - INFO - Client 27: Acc=78.85, Loss=-343.3686, NLL=-1161.3764, KL=14.3676, AvgS=499.83, ProxLoss=0.0000
2026-03-19 01:53:42,159 - Server_DefaultID - INFO - Training client 52 (25/30)...
2026-03-19 01:53:42,983 - Server_DefaultID - INFO - Client 52: Acc=77.40, Loss=-342.1717, NLL=-1161.4428, KL=14.7507, AvgS=499.86, ProxLoss=0.0000
2026-03-19 01:53:42,983 - Server_DefaultID - INFO - Training client 2 (26/30)...
2026-03-19 01:53:44,926 - Server_DefaultID - INFO - Client 2: Acc=79.58, Loss=-342.0923, NLL=-1161.5761, KL=14.8527, AvgS=499.92, ProxLoss=0.0000
2026-03-19 01:53:44,926 - Server_DefaultID - INFO - Training client 50 (27/30)...
2026-03-19 01:53:49,043 - Server_DefaultID - INFO - Client 50: Acc=97.38, Loss=-341.2442, NLL=-1161.7672, KL=14.5183, AvgS=500.00, ProxLoss=0.0000
2026-03-19 01:53:49,043 - Server_DefaultID - INFO - Training client 15 (28/30)...
2026-03-19 01:53:49,603 - Server_DefaultID - INFO - Client 15: Acc=39.06, Loss=-342.2864, NLL=-1161.7195, KL=14.7193, AvgS=499.98, ProxLoss=0.0000
2026-03-19 01:53:49,603 - Server_DefaultID - INFO - Training client 49 (29/30)...
2026-03-19 01:53:51,253 - Server_DefaultID - INFO - Client 49: Acc=95.36, Loss=-342.1149, NLL=-1161.7589, KL=14.8949, AvgS=500.00, ProxLoss=0.0000
2026-03-19 01:53:51,253 - Server_DefaultID - INFO - Training client 38 (30/30)...
2026-03-19 01:53:51,866 - Server_DefaultID - INFO - Client 38: Acc=78.75, Loss=-344.8532, NLL=-1161.5503, KL=12.8642, AvgS=499.91, ProxLoss=0.0000
2026-03-19 01:53:52,015 - Server_DefaultID - WARNING - Global prior extremely imbalanced (max/min=1.0), applied adaptive smoothing lam=0.10.
2026-03-19 01:53:52,015 - Server_DefaultID - INFO - Round [61/200] Summary | Avg Client Train Stats:	Loss [-341.7016]	 Acc [86.54]	NLL [-1161.6705]	 KL [14.4573]	AvgS [499.96]	 ProxLoss [0.0000]
GlobalPriorAlpha (first 10): [5.0, 5.0, 5.0, 5.0, 5.0, 5.0, 5.0, 5.0, 5.0, 5.0]
Round Time: 53.07s
2026-03-19 01:53:52,018 - Server_DefaultID - INFO - --- Global Round 62/200 ---
2026-03-19 01:53:52,018 - Server_DefaultID - INFO - Selected 30 active clients for round 62.
2026-03-19 01:53:52,018 - Server_DefaultID - INFO - Training client 88 (1/30)...
2026-03-19 01:53:53,420 - Server_DefaultID - INFO - Client 88: Acc=81.46, Loss=-343.0508, NLL=-1161.6023, KL=14.5569, AvgS=499.93, ProxLoss=0.0000
2026-03-19 01:53:53,420 - Server_DefaultID - INFO - Training client 99 (2/30)...
2026-03-19 01:53:53,805 - Server_DefaultID - INFO - Client 99: Acc=45.31, Loss=-320.2250, NLL=-1080.8361, KL=11.3835, AvgS=465.04, ProxLoss=0.0000
2026-03-19 01:53:53,805 - Server_DefaultID - INFO - Training client 54 (3/30)...
2026-03-19 01:53:54,425 - Server_DefaultID - INFO - Client 54: Acc=75.62, Loss=-340.7741, NLL=-1160.4953, KL=14.7698, AvgS=499.45, ProxLoss=0.0000
2026-03-19 01:53:54,425 - Server_DefaultID - INFO - Training client 29 (4/30)...
2026-03-19 01:53:55,393 - Server_DefaultID - INFO - Client 29: Acc=82.89, Loss=-341.7897, NLL=-1161.6296, KL=14.8932, AvgS=499.94, ProxLoss=0.0000
2026-03-19 01:53:55,393 - Server_DefaultID - INFO - Training client 27 (5/30)...
2026-03-19 01:53:56,106 - Server_DefaultID - INFO - Client 27: Acc=80.42, Loss=-343.5279, NLL=-1161.7205, KL=14.3711, AvgS=499.98, ProxLoss=0.0000
2026-03-19 01:53:56,106 - Server_DefaultID - INFO - Training client 80 (6/30)...
2026-03-19 01:53:56,477 - Server_DefaultID - INFO - Client 80: Acc=59.69, Loss=-341.8283, NLL=-1159.2477, KL=14.6728, AvgS=498.91, ProxLoss=0.0000
2026-03-19 01:53:56,478 - Server_DefaultID - INFO - Training client 50 (7/30)...
2026-03-19 01:54:00,295 - Server_DefaultID - INFO - Client 50: Acc=97.60, Loss=-341.0950, NLL=-1161.7675, KL=14.4642, AvgS=500.00, ProxLoss=0.0000
2026-03-19 01:54:00,295 - Server_DefaultID - INFO - Training client 41 (8/30)...
2026-03-19 01:54:01,944 - Server_DefaultID - INFO - Client 41: Acc=97.46, Loss=-341.6003, NLL=-1161.7485, KL=14.7085, AvgS=499.99, ProxLoss=0.0000
2026-03-19 01:54:01,944 - Server_DefaultID - INFO - Training client 98 (9/30)...
2026-03-19 01:54:02,645 - Server_DefaultID - INFO - Client 98: Acc=95.73, Loss=-340.9554, NLL=-1161.7699, KL=14.5145, AvgS=500.00, ProxLoss=0.0000
2026-03-19 01:54:02,645 - Server_DefaultID - INFO - Training client 11 (10/30)...
2026-03-19 01:54:05,021 - Server_DefaultID - INFO - Client 11: Acc=90.16, Loss=-342.5184, NLL=-1161.7251, KL=14.8152, AvgS=499.98, ProxLoss=0.0000
2026-03-19 01:54:05,022 - Server_DefaultID - INFO - Training client 36 (11/30)...
2026-03-19 01:54:09,824 - Server_DefaultID - INFO - Client 36: Acc=98.57, Loss=-341.1000, NLL=-1161.7659, KL=14.5476, AvgS=500.00, ProxLoss=0.0000
2026-03-19 01:54:09,824 - Server_DefaultID - INFO - Training client 5 (12/30)...
2026-03-19 01:54:10,216 - Server_DefaultID - INFO - Client 5: Acc=68.75, Loss=-342.8112, NLL=-1160.8628, KL=14.4478, AvgS=499.61, ProxLoss=0.0000
2026-03-19 01:54:10,217 - Server_DefaultID - INFO - Training client 73 (13/30)...
2026-03-19 01:54:12,954 - Server_DefaultID - INFO - Client 73: Acc=96.37, Loss=-341.4614, NLL=-1161.7122, KL=14.6584, AvgS=499.98, ProxLoss=0.0000
2026-03-19 01:54:12,954 - Server_DefaultID - INFO - Training client 78 (14/30)...
2026-03-19 01:54:19,038 - Server_DefaultID - INFO - Client 78: Acc=96.38, Loss=-342.1956, NLL=-1161.7507, KL=14.7213, AvgS=499.99, ProxLoss=0.0000
2026-03-19 01:54:19,038 - Server_DefaultID - INFO - Training client 62 (15/30)...
2026-03-19 01:54:19,642 - Server_DefaultID - INFO - Client 62: Acc=90.00, Loss=-342.9938, NLL=-1161.7393, KL=14.6432, AvgS=499.99, ProxLoss=0.0000
2026-03-19 01:54:19,642 - Server_DefaultID - INFO - Training client 83 (16/30)...
2026-03-19 01:54:21,788 - Server_DefaultID - INFO - Client 83: Acc=99.72, Loss=-340.0498, NLL=-1161.7668, KL=13.7331, AvgS=500.00, ProxLoss=0.0000
2026-03-19 01:54:21,788 - Server_DefaultID - INFO - Training client 22 (17/30)...
2026-03-19 01:54:22,360 - Server_DefaultID - INFO - Client 22: Acc=92.81, Loss=-342.6378, NLL=-1161.6234, KL=14.6811, AvgS=499.94, ProxLoss=0.0000
2026-03-19 01:54:22,361 - Server_DefaultID - INFO - Training client 91 (18/30)...
2026-03-19 01:54:23,215 - Server_DefaultID - INFO - Client 91: Acc=96.67, Loss=-340.9315, NLL=-1161.7493, KL=14.5143, AvgS=499.99, ProxLoss=0.0000
2026-03-19 01:54:23,216 - Server_DefaultID - INFO - Training client 37 (19/30)...
2026-03-19 01:54:24,313 - Server_DefaultID - INFO - Client 37: Acc=81.09, Loss=-343.3041, NLL=-1161.6329, KL=14.4625, AvgS=499.94, ProxLoss=0.0000
2026-03-19 01:54:24,313 - Server_DefaultID - INFO - Training client 39 (20/30)...
2026-03-19 01:54:27,473 - Server_DefaultID - INFO - Client 39: Acc=95.67, Loss=-342.3841, NLL=-1161.7488, KL=14.8427, AvgS=499.99, ProxLoss=0.0000
2026-03-19 01:54:27,473 - Server_DefaultID - INFO - Training client 81 (21/30)...
2026-03-19 01:54:28,878 - Server_DefaultID - INFO - Client 81: Acc=95.85, Loss=-342.2698, NLL=-1161.7534, KL=14.8587, AvgS=499.99, ProxLoss=0.0000
2026-03-19 01:54:28,878 - Server_DefaultID - INFO - Training client 43 (22/30)...
2026-03-19 01:54:31,392 - Server_DefaultID - INFO - Client 43: Acc=96.34, Loss=-342.0809, NLL=-1161.7576, KL=14.8949, AvgS=499.99, ProxLoss=0.0000
2026-03-19 01:54:31,392 - Server_DefaultID - INFO - Training client 52 (23/30)...
2026-03-19 01:54:32,106 - Server_DefaultID - INFO - Client 52: Acc=81.67, Loss=-341.8984, NLL=-1161.1794, KL=14.7823, AvgS=499.75, ProxLoss=0.0000
2026-03-19 01:54:32,106 - Server_DefaultID - INFO - Training client 2 (24/30)...
2026-03-19 01:54:34,211 - Server_DefaultID - INFO - Client 2: Acc=80.52, Loss=-342.1281, NLL=-1161.7352, KL=14.8541, AvgS=499.99, ProxLoss=0.0000
2026-03-19 01:54:34,212 - Server_DefaultID - INFO - Training client 72 (25/30)...
2026-03-19 01:54:35,170 - Server_DefaultID - INFO - Client 72: Acc=97.27, Loss=-341.6352, NLL=-1161.7265, KL=14.7423, AvgS=499.98, ProxLoss=0.0000
2026-03-19 01:54:35,170 - Server_DefaultID - INFO - Training client 26 (26/30)...
2026-03-19 01:54:40,222 - Server_DefaultID - INFO - Client 26: Acc=98.69, Loss=-341.3090, NLL=-1161.7243, KL=14.6081, AvgS=499.98, ProxLoss=0.0000
2026-03-19 01:54:40,222 - Server_DefaultID - INFO - Training client 75 (27/30)...
2026-03-19 01:54:42,019 - Server_DefaultID - INFO - Client 75: Acc=96.41, Loss=-341.2160, NLL=-1161.7113, KL=14.5968, AvgS=499.97, ProxLoss=0.0000
2026-03-19 01:54:42,020 - Server_DefaultID - INFO - Training client 31 (28/30)...
2026-03-19 01:54:44,045 - Server_DefaultID - INFO - Client 31: Acc=96.84, Loss=-342.1958, NLL=-1161.7576, KL=14.8825, AvgS=499.99, ProxLoss=0.0000
2026-03-19 01:54:44,045 - Server_DefaultID - INFO - Training client 95 (29/30)...
2026-03-19 01:54:46,070 - Server_DefaultID - INFO - Client 95: Acc=88.58, Loss=-341.3312, NLL=-1161.7482, KL=14.6749, AvgS=499.99, ProxLoss=0.0000
2026-03-19 01:54:46,071 - Server_DefaultID - INFO - Training client 1 (30/30)...
2026-03-19 01:54:46,609 - Server_DefaultID - INFO - Client 1: Acc=65.31, Loss=-342.6901, NLL=-1161.7541, KL=14.7838, AvgS=499.99, ProxLoss=0.0000
2026-03-19 01:54:46,756 - Server_DefaultID - WARNING - Global prior extremely imbalanced (max/min=1.0), applied adaptive smoothing lam=0.10.
2026-03-19 01:54:46,757 - Server_DefaultID - INFO - Round [62/200] Summary | Avg Client Train Stats:	Loss [-341.6095]	 Acc [93.33]	NLL [-1161.1892]	 KL [14.6192]	AvgS [499.75]	 ProxLoss [0.0000]
GlobalPriorAlpha (first 10): [5.0, 5.0, 5.0, 5.0, 5.0, 5.0, 5.0, 5.0, 5.0, 5.0]
Round Time: 54.74s
2026-03-19 01:54:46,759 - Server_DefaultID - INFO - --- Global Round 63/200 ---
2026-03-19 01:54:46,759 - Server_DefaultID - INFO - Selected 30 active clients for round 63.
2026-03-19 01:54:46,760 - Server_DefaultID - INFO - Training client 46 (1/30)...
2026-03-19 01:54:48,605 - Server_DefaultID - INFO - Client 46: Acc=89.65, Loss=-342.1214, NLL=-1161.7699, KL=14.8784, AvgS=500.00, ProxLoss=0.0000
2026-03-19 01:54:48,606 - Server_DefaultID - INFO - Training client 92 (2/30)...
2026-03-19 01:54:49,675 - Server_DefaultID - INFO - Client 92: Acc=95.08, Loss=-341.9917, NLL=-1161.7206, KL=14.5649, AvgS=499.98, ProxLoss=0.0000
2026-03-19 01:54:49,676 - Server_DefaultID - INFO - Training client 37 (3/30)...
2026-03-19 01:54:50,655 - Server_DefaultID - INFO - Client 37: Acc=83.36, Loss=-343.1100, NLL=-1161.4470, KL=14.5921, AvgS=499.86, ProxLoss=0.0000
2026-03-19 01:54:50,656 - Server_DefaultID - INFO - Training client 74 (4/30)...
2026-03-19 01:54:51,596 - Server_DefaultID - INFO - Client 74: Acc=69.30, Loss=-342.0562, NLL=-1161.4771, KL=14.8420, AvgS=499.87, ProxLoss=0.0000
2026-03-19 01:54:51,596 - Server_DefaultID - INFO - Training client 71 (5/30)...
2026-03-19 01:54:52,145 - Server_DefaultID - INFO - Client 71: Acc=74.69, Loss=-343.3673, NLL=-1161.7611, KL=14.4587, AvgS=500.00, ProxLoss=0.0000
2026-03-19 01:54:52,145 - Server_DefaultID - INFO - Training client 14 (6/30)...
2026-03-19 01:54:54,040 - Server_DefaultID - INFO - Client 14: Acc=91.32, Loss=-340.8428, NLL=-1161.7373, KL=14.5143, AvgS=499.99, ProxLoss=0.0000
2026-03-19 01:54:54,040 - Server_DefaultID - INFO - Training client 5 (7/30)...
2026-03-19 01:54:54,404 - Server_DefaultID - INFO - Client 5: Acc=71.25, Loss=-343.0781, NLL=-1161.2989, KL=14.4533, AvgS=499.80, ProxLoss=0.0000
2026-03-19 01:54:54,404 - Server_DefaultID - INFO - Training client 90 (8/30)...
2026-03-19 01:54:56,280 - Client_90 - WARNING - Client 90: Too few classes (1) or samples (592) for alpha report, returning uniform.
2026-03-19 01:54:56,280 - Server_DefaultID - INFO - Client 90: Acc=100.00, Loss=-339.8035, NLL=-1161.7655, KL=13.5617, AvgS=500.00, ProxLoss=0.0000
2026-03-19 01:54:56,280 - Server_DefaultID - INFO - Training client 29 (9/30)...
2026-03-19 01:54:57,239 - Server_DefaultID - INFO - Client 29: Acc=81.48, Loss=-341.7551, NLL=-1161.6605, KL=14.8936, AvgS=499.95, ProxLoss=0.0000
2026-03-19 01:54:57,239 - Server_DefaultID - INFO - Training client 59 (10/30)...
2026-03-19 01:54:59,346 - Server_DefaultID - INFO - Client 59: Acc=96.77, Loss=-342.3605, NLL=-1161.7658, KL=14.8303, AvgS=500.00, ProxLoss=0.0000
2026-03-19 01:54:59,346 - Server_DefaultID - INFO - Training client 39 (11/30)...
2026-03-19 01:55:02,431 - Server_DefaultID - INFO - Client 39: Acc=96.12, Loss=-342.3908, NLL=-1161.7386, KL=14.8490, AvgS=499.99, ProxLoss=0.0000
2026-03-19 01:55:02,431 - Server_DefaultID - INFO - Training client 88 (12/30)...
2026-03-19 01:55:03,800 - Server_DefaultID - INFO - Client 88: Acc=86.25, Loss=-343.4004, NLL=-1161.6401, KL=14.4061, AvgS=499.94, ProxLoss=0.0000
2026-03-19 01:55:03,800 - Server_DefaultID - INFO - Training client 40 (13/30)...
2026-03-19 01:55:05,190 - Server_DefaultID - INFO - Client 40: Acc=94.06, Loss=-344.1378, NLL=-1161.6716, KL=13.9871, AvgS=499.96, ProxLoss=0.0000
2026-03-19 01:55:05,190 - Server_DefaultID - INFO - Training client 77 (14/30)...
2026-03-19 01:55:08,289 - Server_DefaultID - INFO - Client 77: Acc=97.58, Loss=-341.8422, NLL=-1161.7344, KL=14.8236, AvgS=499.98, ProxLoss=0.0000
2026-03-19 01:55:08,289 - Server_DefaultID - INFO - Training client 15 (15/30)...
2026-03-19 01:55:08,965 - Server_DefaultID - INFO - Client 15: Acc=56.72, Loss=-342.2363, NLL=-1161.6694, KL=14.7729, AvgS=499.96, ProxLoss=0.0000
2026-03-19 01:55:08,965 - Server_DefaultID - INFO - Training client 72 (16/30)...
2026-03-19 01:55:09,952 - Server_DefaultID - INFO - Client 72: Acc=96.48, Loss=-341.3273, NLL=-1161.7310, KL=14.6377, AvgS=499.98, ProxLoss=0.0000
2026-03-19 01:55:09,952 - Server_DefaultID - INFO - Training client 10 (17/30)...
2026-03-19 01:55:12,152 - Server_DefaultID - INFO - Client 10: Acc=46.88, Loss=-343.6698, NLL=-1161.6930, KL=13.8992, AvgS=499.97, ProxLoss=0.0000
2026-03-19 01:55:12,152 - Server_DefaultID - INFO - Training client 53 (18/30)...
2026-03-19 01:55:14,373 - Server_DefaultID - INFO - Client 53: Acc=97.47, Loss=-341.4915, NLL=-1161.7578, KL=14.5989, AvgS=499.99, ProxLoss=0.0000
2026-03-19 01:55:14,373 - Server_DefaultID - INFO - Training client 31 (19/30)...
2026-03-19 01:55:16,339 - Server_DefaultID - INFO - Client 31: Acc=96.98, Loss=-342.1657, NLL=-1161.7625, KL=14.8826, AvgS=500.00, ProxLoss=0.0000
2026-03-19 01:55:16,339 - Server_DefaultID - INFO - Training client 21 (20/30)...
2026-03-19 01:55:18,070 - Server_DefaultID - INFO - Client 21: Acc=94.80, Loss=-344.1323, NLL=-1161.7509, KL=14.0510, AvgS=499.99, ProxLoss=0.0000
2026-03-19 01:55:18,070 - Server_DefaultID - INFO - Training client 19 (21/30)...
2026-03-19 01:55:20,944 - Server_DefaultID - INFO - Client 19: Acc=96.25, Loss=-340.8527, NLL=-1161.7601, KL=14.4601, AvgS=500.00, ProxLoss=0.0000
2026-03-19 01:55:20,944 - Server_DefaultID - INFO - Training client 80 (22/30)...
2026-03-19 01:55:21,362 - Server_DefaultID - INFO - Client 80: Acc=55.94, Loss=-343.2920, NLL=-1161.1885, KL=14.2342, AvgS=499.75, ProxLoss=0.0000
2026-03-19 01:55:21,362 - Server_DefaultID - INFO - Training client 20 (23/30)...
2026-03-19 01:55:22,749 - Server_DefaultID - INFO - Client 20: Acc=91.93, Loss=-345.0276, NLL=-1161.7371, KL=12.8577, AvgS=499.99, ProxLoss=0.0000
2026-03-19 01:55:22,749 - Server_DefaultID - INFO - Training client 75 (24/30)...
2026-03-19 01:55:24,517 - Server_DefaultID - INFO - Client 75: Acc=96.52, Loss=-341.1464, NLL=-1161.7438, KL=14.5904, AvgS=499.99, ProxLoss=0.0000
2026-03-19 01:55:24,517 - Server_DefaultID - INFO - Training client 36 (25/30)...
2026-03-19 01:55:29,567 - Server_DefaultID - INFO - Client 36: Acc=98.53, Loss=-341.0641, NLL=-1161.7687, KL=14.5476, AvgS=500.00, ProxLoss=0.0000
2026-03-19 01:55:29,567 - Server_DefaultID - INFO - Training client 91 (26/30)...
2026-03-19 01:55:30,363 - Server_DefaultID - INFO - Client 91: Acc=95.52, Loss=-340.7967, NLL=-1161.5757, KL=14.5126, AvgS=499.92, ProxLoss=0.0000
2026-03-19 01:55:30,363 - Server_DefaultID - INFO - Training client 55 (27/30)...
2026-03-19 01:55:36,476 - Server_DefaultID - INFO - Client 55: Acc=94.09, Loss=-342.8581, NLL=-1161.7382, KL=14.8011, AvgS=499.99, ProxLoss=0.0000
2026-03-19 01:55:36,476 - Server_DefaultID - INFO - Training client 64 (28/30)...
2026-03-19 01:55:36,831 - Server_DefaultID - INFO - Client 64: Acc=61.56, Loss=-341.1272, NLL=-1157.4548, KL=14.7525, AvgS=498.14, ProxLoss=0.0000
2026-03-19 01:55:36,831 - Server_DefaultID - INFO - Training client 66 (29/30)...
2026-03-19 01:55:38,473 - Server_DefaultID - INFO - Client 66: Acc=87.72, Loss=-341.7636, NLL=-1161.7483, KL=14.8513, AvgS=499.99, ProxLoss=0.0000
2026-03-19 01:55:38,473 - Server_DefaultID - INFO - Training client 42 (30/30)...
2026-03-19 01:55:39,825 - Server_DefaultID - INFO - Client 42: Acc=90.42, Loss=-342.0456, NLL=-1161.7363, KL=14.7872, AvgS=499.99, ProxLoss=0.0000
2026-03-19 01:55:40,005 - Server_DefaultID - WARNING - Global prior extremely imbalanced (max/min=1.0), applied adaptive smoothing lam=0.10.
2026-03-19 01:55:40,005 - Server_DefaultID - INFO - Round [63/200] Summary | Avg Client Train Stats:	Loss [-342.0957]	 Acc [91.99]	NLL [-1161.6935]	 KL [14.5490]	AvgS [499.97]	 ProxLoss [0.0000]
GlobalPriorAlpha (first 10): [5.0, 5.0, 5.0, 5.0, 5.0, 5.0, 5.0, 5.0, 5.0, 5.0]
Round Time: 53.25s
2026-03-19 01:55:40,007 - Server_DefaultID - INFO - --- Global Round 64/200 ---
2026-03-19 01:55:40,008 - Server_DefaultID - INFO - Selected 30 active clients for round 64.
2026-03-19 01:55:40,008 - Server_DefaultID - INFO - Training client 65 (1/30)...
2026-03-19 01:55:40,417 - Server_DefaultID - INFO - Client 65: Acc=52.81, Loss=-243.7972, NLL=-830.4949, KL=12.5587, AvgS=356.98, ProxLoss=0.0000
2026-03-19 01:55:40,417 - Server_DefaultID - INFO - Training client 60 (2/30)...
2026-03-19 01:55:41,233 - Server_DefaultID - INFO - Client 60: Acc=80.42, Loss=-341.3620, NLL=-1161.6902, KL=14.7673, AvgS=499.97, ProxLoss=0.0000
2026-03-19 01:55:41,234 - Server_DefaultID - INFO - Training client 14 (3/30)...
2026-03-19 01:55:43,212 - Server_DefaultID - INFO - Client 14: Acc=91.74, Loss=-340.7871, NLL=-1161.6877, KL=14.5138, AvgS=499.96, ProxLoss=0.0000
2026-03-19 01:55:43,213 - Server_DefaultID - INFO - Training client 30 (4/30)...
2026-03-19 01:55:46,300 - Server_DefaultID - INFO - Client 30: Acc=98.63, Loss=-340.8893, NLL=-1161.7415, KL=14.5144, AvgS=499.99, ProxLoss=0.0000
2026-03-19 01:55:46,300 - Server_DefaultID - INFO - Training client 32 (5/30)...
2026-03-19 01:55:47,647 - Server_DefaultID - INFO - Client 32: Acc=95.21, Loss=-342.7314, NLL=-1161.7143, KL=14.7374, AvgS=499.98, ProxLoss=0.0000
2026-03-19 01:55:47,647 - Server_DefaultID - INFO - Training client 9 (6/30)...
2026-03-19 01:55:49,073 - Server_DefaultID - INFO - Client 9: Acc=97.59, Loss=-340.8621, NLL=-1161.7625, KL=14.4000, AvgS=500.00, ProxLoss=0.0000
2026-03-19 01:55:49,073 - Server_DefaultID - INFO - Training client 56 (7/30)...
2026-03-19 01:55:50,805 - Server_DefaultID - INFO - Client 56: Acc=86.64, Loss=-341.8579, NLL=-1161.5880, KL=14.8696, AvgS=499.92, ProxLoss=0.0000
2026-03-19 01:55:50,805 - Server_DefaultID - INFO - Training client 10 (8/30)...
2026-03-19 01:55:51,719 - Server_DefaultID - INFO - Client 10: Acc=57.42, Loss=-343.6215, NLL=-1161.7059, KL=14.0092, AvgS=499.97, ProxLoss=0.0000
2026-03-19 01:55:51,719 - Server_DefaultID - INFO - Training client 68 (9/30)...
2026-03-19 01:55:53,799 - Server_DefaultID - INFO - Client 68: Acc=98.26, Loss=-340.8833, NLL=-1161.7376, KL=14.5143, AvgS=499.99, ProxLoss=0.0000
2026-03-19 01:55:53,800 - Server_DefaultID - INFO - Training client 95 (10/30)...
2026-03-19 01:55:55,754 - Server_DefaultID - INFO - Client 95: Acc=91.39, Loss=-341.2451, NLL=-1161.7345, KL=14.6663, AvgS=499.98, ProxLoss=0.0000
2026-03-19 01:55:55,754 - Server_DefaultID - INFO - Training client 45 (11/30)...
2026-03-19 01:55:57,541 - Server_DefaultID - INFO - Client 45: Acc=71.80, Loss=-341.8175, NLL=-1161.7582, KL=14.8865, AvgS=499.99, ProxLoss=0.0000
2026-03-19 01:55:57,541 - Server_DefaultID - INFO - Training client 67 (12/30)...
2026-03-19 01:55:58,847 - Server_DefaultID - INFO - Client 67: Acc=95.10, Loss=-343.1610, NLL=-1161.6638, KL=14.6456, AvgS=499.95, ProxLoss=0.0000
2026-03-19 01:55:58,847 - Server_DefaultID - INFO - Training client 21 (13/30)...
2026-03-19 01:56:00,663 - Server_DefaultID - INFO - Client 21: Acc=95.98, Loss=-344.1538, NLL=-1161.7342, KL=14.0237, AvgS=499.98, ProxLoss=0.0000
2026-03-19 01:56:00,663 - Server_DefaultID - INFO - Training client 39 (14/30)...
2026-03-19 01:56:04,172 - Server_DefaultID - INFO - Client 39: Acc=96.79, Loss=-342.2804, NLL=-1161.7451, KL=14.8325, AvgS=499.99, ProxLoss=0.0000
2026-03-19 01:56:04,172 - Server_DefaultID - INFO - Training client 16 (15/30)...
2026-03-19 01:56:04,930 - Server_DefaultID - INFO - Client 16: Acc=63.59, Loss=-341.5429, NLL=-1161.7676, KL=14.8569, AvgS=500.00, ProxLoss=0.0000
2026-03-19 01:56:04,931 - Server_DefaultID - INFO - Training client 92 (16/30)...
2026-03-19 01:56:06,029 - Server_DefaultID - INFO - Client 92: Acc=95.55, Loss=-342.0685, NLL=-1161.7338, KL=14.7582, AvgS=499.98, ProxLoss=0.0000
2026-03-19 01:56:06,030 - Server_DefaultID - INFO - Training client 73 (17/30)...
2026-03-19 01:56:09,304 - Server_DefaultID - INFO - Client 73: Acc=96.20, Loss=-341.4710, NLL=-1161.7163, KL=14.6869, AvgS=499.98, ProxLoss=0.0000
2026-03-19 01:56:09,304 - Server_DefaultID - INFO - Training client 33 (18/30)...
2026-03-19 01:56:11,184 - Server_DefaultID - INFO - Client 33: Acc=88.75, Loss=-344.0458, NLL=-1161.7089, KL=13.9496, AvgS=499.97, ProxLoss=0.0000
2026-03-19 01:56:11,184 - Server_DefaultID - INFO - Training client 38 (19/30)...
2026-03-19 01:56:11,837 - Server_DefaultID - INFO - Client 38: Acc=80.00, Loss=-344.7860, NLL=-1161.4401, KL=12.8052, AvgS=499.86, ProxLoss=0.0000
2026-03-19 01:56:11,837 - Server_DefaultID - INFO - Training client 36 (20/30)...
2026-03-19 01:56:19,046 - Server_DefaultID - INFO - Client 36: Acc=98.80, Loss=-341.0152, NLL=-1161.7489, KL=14.5474, AvgS=499.99, ProxLoss=0.0000
2026-03-19 01:56:19,047 - Server_DefaultID - INFO - Training client 63 (21/30)...
2026-03-19 01:56:20,512 - Server_DefaultID - INFO - Client 63: Acc=92.56, Loss=-342.3955, NLL=-1161.7366, KL=14.8068, AvgS=499.99, ProxLoss=0.0000
2026-03-19 01:56:20,512 - Server_DefaultID - INFO - Training client 97 (22/30)...
2026-03-19 01:56:26,374 - Server_DefaultID - INFO - Client 97: Acc=99.58, Loss=-340.0575, NLL=-1161.7628, KL=13.8057, AvgS=500.00, ProxLoss=0.0000
2026-03-19 01:56:26,374 - Server_DefaultID - INFO - Training client 8 (23/30)...
2026-03-19 01:56:27,015 - Server_DefaultID - INFO - Client 8: Acc=87.50, Loss=-341.9258, NLL=-1161.5447, KL=14.8587, AvgS=499.90, ProxLoss=0.0000
2026-03-19 01:56:27,016 - Server_DefaultID - INFO - Training client 83 (24/30)...
2026-03-19 01:56:29,583 - Server_DefaultID - INFO - Client 83: Acc=99.69, Loss=-339.9680, NLL=-1161.7699, KL=13.7331, AvgS=500.00, ProxLoss=0.0000
2026-03-19 01:56:29,583 - Server_DefaultID - INFO - Training client 6 (25/30)...
2026-03-19 01:56:30,442 - Server_DefaultID - INFO - Client 6: Acc=66.04, Loss=-341.8548, NLL=-1161.7253, KL=14.7739, AvgS=499.98, ProxLoss=0.0000
2026-03-19 01:56:30,442 - Server_DefaultID - INFO - Training client 72 (26/30)...
2026-03-19 01:56:31,553 - Server_DefaultID - INFO - Client 72: Acc=97.34, Loss=-341.4740, NLL=-1161.7233, KL=14.7233, AvgS=499.98, ProxLoss=0.0000
2026-03-19 01:56:31,554 - Server_DefaultID - INFO - Training client 57 (27/30)...
2026-03-19 01:56:35,753 - Server_DefaultID - INFO - Client 57: Acc=97.70, Loss=-341.6964, NLL=-1161.7483, KL=14.7656, AvgS=499.99, ProxLoss=0.0000
2026-03-19 01:56:35,753 - Server_DefaultID - INFO - Training client 48 (28/30)...
2026-03-19 01:56:39,900 - Server_DefaultID - INFO - Client 48: Acc=95.59, Loss=-342.3036, NLL=-1161.7491, KL=14.8261, AvgS=499.99, ProxLoss=0.0000
2026-03-19 01:56:39,901 - Server_DefaultID - INFO - Training client 79 (29/30)...
2026-03-19 01:56:41,228 - Server_DefaultID - INFO - Client 79: Acc=93.69, Loss=-340.7124, NLL=-1161.7189, KL=14.4759, AvgS=499.98, ProxLoss=0.0000
2026-03-19 01:56:41,228 - Server_DefaultID - INFO - Training client 19 (30/30)...
2026-03-19 01:56:44,779 - Server_DefaultID - INFO - Client 19: Acc=96.88, Loss=-340.8051, NLL=-1161.7634, KL=14.4465, AvgS=500.00, ProxLoss=0.0000
2026-03-19 01:56:45,032 - Server_DefaultID - WARNING - Global prior extremely imbalanced (max/min=1.0), applied adaptive smoothing lam=0.10.
2026-03-19 01:56:45,033 - Server_DefaultID - INFO - Round [64/200] Summary | Avg Client Train Stats:	Loss [-341.1832]	 Acc [93.36]	NLL [-1160.4203]	 KL [14.4748]	AvgS [499.42]	 ProxLoss [0.0000]
GlobalPriorAlpha (first 10): [5.0, 5.0, 5.0, 5.0, 5.0, 5.0, 5.0, 5.0, 5.0, 5.0]
Round Time: 65.02s
2026-03-19 01:56:45,035 - Server_DefaultID - INFO - --- Global Round 65/200 ---
2026-03-19 01:56:45,036 - Server_DefaultID - INFO - Selected 30 active clients for round 65.
2026-03-19 01:56:45,036 - Server_DefaultID - INFO - Training client 94 (1/30)...
2026-03-19 01:56:47,660 - Server_DefaultID - INFO - Client 94: Acc=96.99, Loss=-342.1104, NLL=-1161.7698, KL=14.8431, AvgS=500.00, ProxLoss=0.0000
2026-03-19 01:56:47,660 - Server_DefaultID - INFO - Training client 67 (2/30)...
2026-03-19 01:56:49,379 - Server_DefaultID - INFO - Client 67: Acc=97.14, Loss=-343.1416, NLL=-1161.7303, KL=14.6463, AvgS=499.98, ProxLoss=0.0000
2026-03-19 01:56:49,379 - Server_DefaultID - INFO - Training client 72 (3/30)...
2026-03-19 01:56:50,606 - Server_DefaultID - INFO - Client 72: Acc=97.66, Loss=-341.3423, NLL=-1161.6398, KL=14.7035, AvgS=499.94, ProxLoss=0.0000
2026-03-19 01:56:50,606 - Server_DefaultID - INFO - Training client 98 (4/30)...
2026-03-19 01:56:52,709 - Server_DefaultID - INFO - Client 98: Acc=95.94, Loss=-340.7452, NLL=-1161.6702, KL=14.5135, AvgS=499.96, ProxLoss=0.0000
2026-03-19 01:56:52,709 - Server_DefaultID - INFO - Training client 71 (5/30)...
2026-03-19 01:56:53,378 - Server_DefaultID - INFO - Client 71: Acc=78.44, Loss=-343.3594, NLL=-1161.6332, KL=14.4028, AvgS=499.94, ProxLoss=0.0000
2026-03-19 01:56:53,378 - Server_DefaultID - INFO - Training client 5 (6/30)...
2026-03-19 01:56:53,825 - Server_DefaultID - INFO - Client 5: Acc=71.25, Loss=-343.5825, NLL=-1161.7106, KL=14.2409, AvgS=499.97, ProxLoss=0.0000
2026-03-19 01:56:53,825 - Server_DefaultID - INFO - Training client 79 (7/30)...
2026-03-19 01:56:55,200 - Server_DefaultID - INFO - Client 79: Acc=94.06, Loss=-340.7328, NLL=-1161.7041, KL=14.5139, AvgS=499.97, ProxLoss=0.0000
2026-03-19 01:56:55,200 - Server_DefaultID - INFO - Training client 35 (8/30)...
2026-03-19 01:56:56,069 - Server_DefaultID - INFO - Client 35: Acc=74.48, Loss=-343.4062, NLL=-1161.5875, KL=14.2609, AvgS=499.92, ProxLoss=0.0000
2026-03-19 01:56:56,070 - Server_DefaultID - INFO - Training client 3 (9/30)...
2026-03-19 01:56:57,588 - Server_DefaultID - INFO - Client 3: Acc=63.91, Loss=-343.8563, NLL=-1161.7197, KL=13.7298, AvgS=499.98, ProxLoss=0.0000
2026-03-19 01:56:57,588 - Server_DefaultID - INFO - Training client 96 (10/30)...
2026-03-19 01:56:59,809 - Server_DefaultID - INFO - Client 96: Acc=95.94, Loss=-342.0901, NLL=-1161.7381, KL=14.7442, AvgS=499.99, ProxLoss=0.0000
2026-03-19 01:56:59,809 - Server_DefaultID - INFO - Training client 44 (11/30)...
2026-03-19 01:57:02,251 - Server_DefaultID - INFO - Client 44: Acc=97.29, Loss=-341.8467, NLL=-1161.7663, KL=14.8527, AvgS=500.00, ProxLoss=0.0000
2026-03-19 01:57:02,251 - Server_DefaultID - INFO - Training client 82 (12/30)...
2026-03-19 01:57:03,528 - Server_DefaultID - INFO - Client 82: Acc=96.62, Loss=-341.9829, NLL=-1161.7398, KL=14.8270, AvgS=499.99, ProxLoss=0.0000
2026-03-19 01:57:03,529 - Server_DefaultID - INFO - Training client 37 (13/30)...
2026-03-19 01:57:04,680 - Server_DefaultID - INFO - Client 37: Acc=83.52, Loss=-343.3433, NLL=-1161.7024, KL=14.4577, AvgS=499.97, ProxLoss=0.0000
2026-03-19 01:57:04,680 - Server_DefaultID - INFO - Training client 34 (14/30)...
2026-03-19 01:57:05,564 - Server_DefaultID - INFO - Client 34: Acc=82.19, Loss=-342.9006, NLL=-1161.4690, KL=14.6082, AvgS=499.87, ProxLoss=0.0000
2026-03-19 01:57:05,564 - Server_DefaultID - INFO - Training client 65 (15/30)...
2026-03-19 01:57:06,153 - Server_DefaultID - INFO - Client 65: Acc=47.19, Loss=-266.8769, NLL=-908.6995, KL=13.0262, AvgS=390.71, ProxLoss=0.0000
2026-03-19 01:57:06,153 - Server_DefaultID - INFO - Training client 27 (16/30)...
2026-03-19 01:57:07,249 - Server_DefaultID - INFO - Client 27: Acc=85.42, Loss=-343.3633, NLL=-1161.4926, KL=14.3688, AvgS=499.88, ProxLoss=0.0000
2026-03-19 01:57:07,250 - Server_DefaultID - INFO - Training client 81 (17/30)...
2026-03-19 01:57:08,963 - Server_DefaultID - INFO - Client 81: Acc=97.23, Loss=-342.1469, NLL=-1161.7455, KL=14.8725, AvgS=499.99, ProxLoss=0.0000
2026-03-19 01:57:08,963 - Server_DefaultID - INFO - Training client 92 (18/30)...
2026-03-19 01:57:10,126 - Server_DefaultID - INFO - Client 92: Acc=95.55, Loss=-341.7453, NLL=-1161.7688, KL=14.5775, AvgS=500.00, ProxLoss=0.0000
2026-03-19 01:57:10,126 - Server_DefaultID - INFO - Training client 17 (19/30)...
2026-03-19 01:57:10,866 - Server_DefaultID - INFO - Client 17: Acc=80.31, Loss=-343.0732, NLL=-1161.7497, KL=14.5668, AvgS=499.99, ProxLoss=0.0000
2026-03-19 01:57:10,866 - Server_DefaultID - INFO - Training client 30 (20/30)...
2026-03-19 01:57:12,988 - Server_DefaultID - INFO - Client 30: Acc=97.89, Loss=-340.8417, NLL=-1161.7089, KL=14.5140, AvgS=499.97, ProxLoss=0.0000
2026-03-19 01:57:12,988 - Server_DefaultID - INFO - Training client 87 (21/30)...
2026-03-19 01:57:14,906 - Server_DefaultID - INFO - Client 87: Acc=94.73, Loss=-344.5695, NLL=-1161.7610, KL=13.5280, AvgS=500.00, ProxLoss=0.0000
2026-03-19 01:57:14,906 - Server_DefaultID - INFO - Training client 45 (22/30)...
2026-03-19 01:57:16,802 - Server_DefaultID - INFO - Client 45: Acc=73.32, Loss=-341.8308, NLL=-1161.7433, KL=14.8808, AvgS=499.99, ProxLoss=0.0000
2026-03-19 01:57:16,802 - Server_DefaultID - INFO - Training client 70 (23/30)...
2026-03-19 01:57:18,147 - Server_DefaultID - INFO - Client 70: Acc=81.06, Loss=-341.0614, NLL=-1161.7573, KL=14.6121, AvgS=499.99, ProxLoss=0.0000
2026-03-19 01:57:18,148 - Server_DefaultID - INFO - Training client 75 (24/30)...
2026-03-19 01:57:20,161 - Server_DefaultID - INFO - Client 75: Acc=97.23, Loss=-341.1042, NLL=-1161.6868, KL=14.5967, AvgS=499.96, ProxLoss=0.0000
2026-03-19 01:57:20,161 - Server_DefaultID - INFO - Training client 63 (25/30)...
2026-03-19 01:57:21,503 - Server_DefaultID - INFO - Client 63: Acc=92.06, Loss=-342.3274, NLL=-1161.5992, KL=14.7814, AvgS=499.93, ProxLoss=0.0000
2026-03-19 01:57:21,503 - Server_DefaultID - INFO - Training client 2 (26/30)...
2026-03-19 01:57:23,739 - Server_DefaultID - INFO - Client 2: Acc=81.60, Loss=-342.0390, NLL=-1161.7588, KL=14.8410, AvgS=500.00, ProxLoss=0.0000
2026-03-19 01:57:23,739 - Server_DefaultID - INFO - Training client 93 (27/30)...
2026-03-19 01:57:25,662 - Server_DefaultID - INFO - Client 93: Acc=53.28, Loss=-342.7420, NLL=-1161.1849, KL=14.5074, AvgS=499.75, ProxLoss=0.0000
2026-03-19 01:57:25,662 - Server_DefaultID - INFO - Training client 26 (28/30)...
2026-03-19 01:57:29,975 - Server_DefaultID - INFO - Client 26: Acc=98.77, Loss=-341.2321, NLL=-1161.7482, KL=14.6219, AvgS=499.99, ProxLoss=0.0000
2026-03-19 01:57:29,975 - Server_DefaultID - INFO - Training client 52 (29/30)...
2026-03-19 01:57:30,890 - Server_DefaultID - INFO - Client 52: Acc=81.04, Loss=-342.2560, NLL=-1161.6976, KL=14.7989, AvgS=499.97, ProxLoss=0.0000
2026-03-19 01:57:30,890 - Server_DefaultID - INFO - Training client 7 (30/30)...
2026-03-19 01:57:32,442 - Server_DefaultID - INFO - Client 7: Acc=57.03, Loss=-342.1036, NLL=-1161.6901, KL=14.7880, AvgS=499.97, ProxLoss=0.0000
2026-03-19 01:57:32,763 - Server_DefaultID - WARNING - Global prior extremely imbalanced (max/min=1.0), applied adaptive smoothing lam=0.10.
2026-03-19 01:57:32,763 - Server_DefaultID - INFO - Round [65/200] Summary | Avg Client Train Stats:	Loss [-341.6536]	 Acc [88.60]	NLL [-1160.2057]	 KL [14.5925]	AvgS [499.32]	 ProxLoss [0.0000]
GlobalPriorAlpha (first 10): [5.0, 5.0, 5.0, 5.0, 5.0, 5.0, 5.0, 5.0, 5.0, 5.0]
Round Time: 47.73s
2026-03-19 01:57:32,766 - Server_DefaultID - INFO - --- Global Round 66/200 ---
2026-03-19 01:57:32,766 - Server_DefaultID - INFO - Selected 30 active clients for round 66.
2026-03-19 01:57:32,766 - Server_DefaultID - INFO - Training client 21 (1/30)...
2026-03-19 01:57:34,899 - Server_DefaultID - INFO - Client 21: Acc=95.62, Loss=-344.0733, NLL=-1161.7490, KL=14.0337, AvgS=499.99, ProxLoss=0.0000
2026-03-19 01:57:34,900 - Server_DefaultID - INFO - Training client 31 (2/30)...
2026-03-19 01:57:37,087 - Server_DefaultID - INFO - Client 31: Acc=97.19, Loss=-342.0311, NLL=-1161.7698, KL=14.8827, AvgS=500.00, ProxLoss=0.0000
2026-03-19 01:57:37,087 - Server_DefaultID - INFO - Training client 25 (3/30)...
2026-03-19 01:57:37,911 - Server_DefaultID - INFO - Client 25: Acc=94.84, Loss=-342.0545, NLL=-1161.6293, KL=14.8110, AvgS=499.94, ProxLoss=0.0000
2026-03-19 01:57:37,912 - Server_DefaultID - INFO - Training client 46 (4/30)...
2026-03-19 01:57:40,024 - Server_DefaultID - INFO - Client 46: Acc=90.08, Loss=-342.0585, NLL=-1161.7437, KL=14.8697, AvgS=499.99, ProxLoss=0.0000
2026-03-19 01:57:40,024 - Server_DefaultID - INFO - Training client 8 (5/30)...
2026-03-19 01:57:40,674 - Server_DefaultID - INFO - Client 8: Acc=86.88, Loss=-341.8965, NLL=-1161.7478, KL=14.7743, AvgS=499.99, ProxLoss=0.0000
2026-03-19 01:57:40,675 - Server_DefaultID - INFO - Training client 76 (6/30)...
2026-03-19 01:57:42,662 - Server_DefaultID - INFO - Client 76: Acc=97.15, Loss=-344.1340, NLL=-1161.7555, KL=13.8435, AvgS=499.99, ProxLoss=0.0000
2026-03-19 01:57:42,662 - Server_DefaultID - INFO - Training client 95 (7/30)...
2026-03-19 01:57:44,784 - Server_DefaultID - INFO - Client 95: Acc=94.20, Loss=-341.1991, NLL=-1161.7413, KL=14.6664, AvgS=499.99, ProxLoss=0.0000
2026-03-19 01:57:44,784 - Server_DefaultID - INFO - Training client 11 (8/30)...
2026-03-19 01:57:46,339 - Server_DefaultID - INFO - Client 11: Acc=90.31, Loss=-342.3072, NLL=-1161.6071, KL=14.8135, AvgS=499.93, ProxLoss=0.0000
2026-03-19 01:57:46,339 - Server_DefaultID - INFO - Training client 70 (9/30)...
2026-03-19 01:57:47,582 - Server_DefaultID - INFO - Client 70: Acc=81.12, Loss=-340.9463, NLL=-1161.7415, KL=14.6208, AvgS=499.99, ProxLoss=0.0000
2026-03-19 01:57:47,582 - Server_DefaultID - INFO - Training client 52 (10/30)...
2026-03-19 01:57:48,515 - Server_DefaultID - INFO - Client 52: Acc=80.00, Loss=-342.0319, NLL=-1161.7077, KL=14.7884, AvgS=499.97, ProxLoss=0.0000
2026-03-19 01:57:48,515 - Server_DefaultID - INFO - Training client 45 (11/30)...
2026-03-19 01:57:50,537 - Server_DefaultID - INFO - Client 45: Acc=76.80, Loss=-341.7921, NLL=-1161.7373, KL=14.8835, AvgS=499.99, ProxLoss=0.0000
2026-03-19 01:57:50,537 - Server_DefaultID - INFO - Training client 58 (12/30)...
2026-03-19 01:57:52,371 - Server_DefaultID - INFO - Client 58: Acc=83.66, Loss=-340.8061, NLL=-1161.7310, KL=14.5684, AvgS=499.98, ProxLoss=0.0000
2026-03-19 01:57:52,371 - Server_DefaultID - INFO - Training client 20 (13/30)...
2026-03-19 01:57:54,053 - Server_DefaultID - INFO - Client 20: Acc=93.18, Loss=-344.8652, NLL=-1161.6776, KL=12.8999, AvgS=499.96, ProxLoss=0.0000
2026-03-19 01:57:54,053 - Server_DefaultID - INFO - Training client 77 (14/30)...
2026-03-19 01:57:59,153 - Server_DefaultID - INFO - Client 77: Acc=97.92, Loss=-341.8343, NLL=-1161.7549, KL=14.8593, AvgS=499.99, ProxLoss=0.0000
2026-03-19 01:57:59,153 - Server_DefaultID - INFO - Training client 93 (15/30)...
2026-03-19 01:57:59,808 - Server_DefaultID - INFO - Client 93: Acc=52.19, Loss=-342.7203, NLL=-1161.6309, KL=14.5650, AvgS=499.94, ProxLoss=0.0000
2026-03-19 01:57:59,808 - Server_DefaultID - INFO - Training client 7 (16/30)...
2026-03-19 01:58:01,412 - Server_DefaultID - INFO - Client 7: Acc=68.91, Loss=-342.2010, NLL=-1161.6566, KL=14.7801, AvgS=499.95, ProxLoss=0.0000
2026-03-19 01:58:01,412 - Server_DefaultID - INFO - Training client 17 (17/30)...
2026-03-19 01:58:02,046 - Server_DefaultID - INFO - Client 17: Acc=82.50, Loss=-342.8924, NLL=-1161.6307, KL=14.6195, AvgS=499.94, ProxLoss=0.0000
2026-03-19 01:58:02,046 - Server_DefaultID - INFO - Training client 80 (18/30)...
2026-03-19 01:58:02,474 - Server_DefaultID - INFO - Client 80: Acc=62.50, Loss=-342.7904, NLL=-1160.5904, KL=14.3333, AvgS=499.49, ProxLoss=0.0000
2026-03-19 01:58:02,474 - Server_DefaultID - INFO - Training client 43 (19/30)...
2026-03-19 01:58:05,336 - Server_DefaultID - INFO - Client 43: Acc=96.88, Loss=-341.9164, NLL=-1161.7668, KL=14.8950, AvgS=500.00, ProxLoss=0.0000
2026-03-19 01:58:05,336 - Server_DefaultID - INFO - Training client 51 (20/30)...
2026-03-19 01:58:06,085 - Server_DefaultID - INFO - Client 51: Acc=58.12, Loss=-344.2475, NLL=-1161.5404, KL=13.0250, AvgS=499.90, ProxLoss=0.0000
2026-03-19 01:58:06,085 - Server_DefaultID - INFO - Training client 3 (21/30)...
2026-03-19 01:58:07,550 - Server_DefaultID - INFO - Client 3: Acc=68.96, Loss=-344.1787, NLL=-1161.7483, KL=13.4241, AvgS=499.99, ProxLoss=0.0000
2026-03-19 01:58:07,550 - Server_DefaultID - INFO - Training client 55 (22/30)...
2026-03-19 01:58:14,589 - Server_DefaultID - INFO - Client 55: Acc=94.80, Loss=-342.7481, NLL=-1161.7615, KL=14.8007, AvgS=500.00, ProxLoss=0.0000
2026-03-19 01:58:14,590 - Server_DefaultID - INFO - Training client 89 (23/30)...
2026-03-19 01:58:17,991 - Server_DefaultID - INFO - Client 89: Acc=99.06, Loss=-340.5474, NLL=-1161.7525, KL=14.2257, AvgS=499.99, ProxLoss=0.0000
2026-03-19 01:58:17,991 - Server_DefaultID - INFO - Training client 15 (24/30)...
2026-03-19 01:58:18,644 - Server_DefaultID - INFO - Client 15: Acc=68.91, Loss=-342.3151, NLL=-1161.4570, KL=14.7906, AvgS=499.87, ProxLoss=0.0000
2026-03-19 01:58:18,644 - Server_DefaultID - INFO - Training client 48 (25/30)...
2026-03-19 01:58:22,931 - Server_DefaultID - INFO - Client 48: Acc=95.55, Loss=-342.1984, NLL=-1161.7613, KL=14.8044, AvgS=500.00, ProxLoss=0.0000
2026-03-19 01:58:22,931 - Server_DefaultID - INFO - Training client 29 (26/30)...
2026-03-19 01:58:23,938 - Server_DefaultID - INFO - Client 29: Acc=82.03, Loss=-341.6094, NLL=-1161.6398, KL=14.8933, AvgS=499.94, ProxLoss=0.0000
2026-03-19 01:58:23,939 - Server_DefaultID - INFO - Training client 63 (27/30)...
2026-03-19 01:58:25,319 - Server_DefaultID - INFO - Client 63: Acc=93.75, Loss=-342.4644, NLL=-1161.7491, KL=14.8112, AvgS=499.99, ProxLoss=0.0000
2026-03-19 01:58:25,319 - Server_DefaultID - INFO - Training client 42 (28/30)...
2026-03-19 01:58:26,927 - Server_DefaultID - INFO - Client 42: Acc=92.24, Loss=-341.9409, NLL=-1161.6699, KL=14.6887, AvgS=499.96, ProxLoss=0.0000
2026-03-19 01:58:26,927 - Server_DefaultID - INFO - Training client 19 (29/30)...
2026-03-19 01:58:30,333 - Server_DefaultID - INFO - Client 19: Acc=97.01, Loss=-340.7444, NLL=-1161.7658, KL=14.4602, AvgS=500.00, ProxLoss=0.0000
2026-03-19 01:58:30,333 - Server_DefaultID - INFO - Training client 27 (30/30)...
2026-03-19 01:58:31,210 - Server_DefaultID - INFO - Client 27: Acc=87.60, Loss=-343.3957, NLL=-1161.7026, KL=14.3963, AvgS=499.97, ProxLoss=0.0000
2026-03-19 01:58:31,393 - Server_DefaultID - WARNING - Global prior extremely imbalanced (max/min=1.0), applied adaptive smoothing lam=0.10.
2026-03-19 01:58:31,394 - Server_DefaultID - INFO - Round [66/200] Summary | Avg Client Train Stats:	Loss [-342.1980]	 Acc [90.58]	NLL [-1161.7232]	 KL [14.5651]	AvgS [499.98]	 ProxLoss [0.0000]
GlobalPriorAlpha (first 10): [5.0, 5.0, 5.0, 5.0, 5.0, 5.0, 5.0, 5.0, 5.0, 5.0]
Round Time: 58.63s
2026-03-19 01:58:31,396 - Server_DefaultID - INFO - --- Global Round 67/200 ---
2026-03-19 01:58:31,397 - Server_DefaultID - INFO - Selected 30 active clients for round 67.
2026-03-19 01:58:31,397 - Server_DefaultID - INFO - Training client 42 (1/30)...
2026-03-19 01:58:34,509 - Server_DefaultID - INFO - Client 42: Acc=93.54, Loss=-342.0321, NLL=-1161.7699, KL=14.7438, AvgS=500.00, ProxLoss=0.0000
2026-03-19 01:58:34,509 - Server_DefaultID - INFO - Training client 14 (2/30)...
2026-03-19 01:58:36,761 - Server_DefaultID - INFO - Client 14: Acc=93.72, Loss=-340.7136, NLL=-1161.7450, KL=14.5144, AvgS=499.99, ProxLoss=0.0000
2026-03-19 01:58:36,762 - Server_DefaultID - INFO - Training client 98 (3/30)...
2026-03-19 01:58:37,692 - Server_DefaultID - INFO - Client 98: Acc=96.46, Loss=-340.6911, NLL=-1161.5982, KL=14.5128, AvgS=499.93, ProxLoss=0.0000
2026-03-19 01:58:37,692 - Server_DefaultID - INFO - Training client 68 (4/30)...
2026-03-19 01:58:40,070 - Server_DefaultID - INFO - Client 68: Acc=98.75, Loss=-340.6884, NLL=-1161.5817, KL=14.5128, AvgS=499.92, ProxLoss=0.0000
2026-03-19 01:58:40,070 - Server_DefaultID - INFO - Training client 31 (5/30)...
2026-03-19 01:58:42,409 - Server_DefaultID - INFO - Client 31: Acc=97.53, Loss=-341.9781, NLL=-1161.7166, KL=14.8821, AvgS=499.98, ProxLoss=0.0000
2026-03-19 01:58:42,409 - Server_DefaultID - INFO - Training client 21 (6/30)...
2026-03-19 01:58:44,716 - Server_DefaultID - INFO - Client 21: Acc=96.80, Loss=-344.0253, NLL=-1161.7648, KL=14.0386, AvgS=500.00, ProxLoss=0.0000
2026-03-19 01:58:44,716 - Server_DefaultID - INFO - Training client 46 (7/30)...
2026-03-19 01:58:46,929 - Server_DefaultID - INFO - Client 46: Acc=90.78, Loss=-342.0065, NLL=-1161.6982, KL=14.8692, AvgS=499.97, ProxLoss=0.0000
2026-03-19 01:58:46,929 - Server_DefaultID - INFO - Training client 4 (8/30)...
2026-03-19 01:58:48,522 - Server_DefaultID - INFO - Client 4: Acc=71.82, Loss=-343.7406, NLL=-1161.7434, KL=13.9511, AvgS=499.99, ProxLoss=0.0000
2026-03-19 01:58:48,522 - Server_DefaultID - INFO - Training client 7 (9/30)...
2026-03-19 01:58:50,160 - Server_DefaultID - INFO - Client 7: Acc=73.18, Loss=-342.1464, NLL=-1161.6344, KL=14.7839, AvgS=499.94, ProxLoss=0.0000
2026-03-19 01:58:50,161 - Server_DefaultID - INFO - Training client 6 (10/30)...
2026-03-19 01:58:51,297 - Server_DefaultID - INFO - Client 6: Acc=83.02, Loss=-341.6770, NLL=-1161.6723, KL=14.8212, AvgS=499.96, ProxLoss=0.0000
2026-03-19 01:58:51,299 - Server_DefaultID - INFO - Training client 76 (11/30)...
2026-03-19 01:58:53,449 - Server_DefaultID - INFO - Client 76: Acc=96.56, Loss=-344.0031, NLL=-1161.6681, KL=13.8376, AvgS=499.96, ProxLoss=0.0000
2026-03-19 01:58:53,449 - Server_DefaultID - INFO - Training client 85 (12/30)...
2026-03-19 01:58:56,482 - Server_DefaultID - INFO - Client 85: Acc=99.77, Loss=-339.7936, NLL=-1161.7344, KL=13.7043, AvgS=499.98, ProxLoss=0.0000
2026-03-19 01:58:56,482 - Server_DefaultID - INFO - Training client 73 (13/30)...
2026-03-19 01:58:59,872 - Server_DefaultID - INFO - Client 73: Acc=96.92, Loss=-341.3346, NLL=-1161.7647, KL=14.6832, AvgS=500.00, ProxLoss=0.0000
2026-03-19 01:58:59,872 - Server_DefaultID - INFO - Training client 19 (14/30)...
2026-03-19 01:59:03,391 - Server_DefaultID - INFO - Client 19: Acc=96.83, Loss=-340.6945, NLL=-1161.7589, KL=14.4601, AvgS=500.00, ProxLoss=0.0000
2026-03-19 01:59:03,391 - Server_DefaultID - INFO - Training client 65 (15/30)...
2026-03-19 01:59:03,803 - Server_DefaultID - INFO - Client 65: Acc=58.75, Loss=-291.4948, NLL=-990.5454, KL=13.4153, AvgS=426.05, ProxLoss=0.0000
2026-03-19 01:59:03,803 - Server_DefaultID - INFO - Training client 47 (16/30)...
2026-03-19 01:59:06,613 - Server_DefaultID - INFO - Client 47: Acc=96.20, Loss=-343.8372, NLL=-1161.7294, KL=14.1212, AvgS=499.98, ProxLoss=0.0000
2026-03-19 01:59:06,613 - Server_DefaultID - INFO - Training client 71 (17/30)...
2026-03-19 01:59:07,245 - Server_DefaultID - INFO - Client 71: Acc=82.03, Loss=-343.3836, NLL=-1161.7414, KL=14.3499, AvgS=499.99, ProxLoss=0.0000
2026-03-19 01:59:07,245 - Server_DefaultID - INFO - Training client 92 (18/30)...
2026-03-19 01:59:08,484 - Server_DefaultID - INFO - Client 92: Acc=95.70, Loss=-341.7088, NLL=-1161.7301, KL=14.6994, AvgS=499.98, ProxLoss=0.0000
2026-03-19 01:59:08,484 - Server_DefaultID - INFO - Training client 80 (19/30)...
2026-03-19 01:59:08,957 - Server_DefaultID - INFO - Client 80: Acc=59.06, Loss=-342.8269, NLL=-1161.3098, KL=14.4529, AvgS=499.80, ProxLoss=0.0000
2026-03-19 01:59:08,957 - Server_DefaultID - INFO - Training client 77 (20/30)...
2026-03-19 01:59:12,698 - Server_DefaultID - INFO - Client 77: Acc=97.98, Loss=-341.7628, NLL=-1161.7270, KL=14.8539, AvgS=499.98, ProxLoss=0.0000
2026-03-19 01:59:12,698 - Server_DefaultID - INFO - Training client 9 (21/30)...
2026-03-19 01:59:14,610 - Server_DefaultID - INFO - Client 9: Acc=97.41, Loss=-340.7316, NLL=-1161.7555, KL=14.3836, AvgS=499.99, ProxLoss=0.0000
2026-03-19 01:59:14,610 - Server_DefaultID - INFO - Training client 55 (22/30)...
2026-03-19 01:59:22,153 - Server_DefaultID - INFO - Client 55: Acc=94.88, Loss=-342.7272, NLL=-1161.7630, KL=14.8018, AvgS=500.00, ProxLoss=0.0000
2026-03-19 01:59:22,153 - Server_DefaultID - INFO - Training client 58 (23/30)...
2026-03-19 01:59:24,138 - Server_DefaultID - INFO - Client 58: Acc=83.97, Loss=-340.7929, NLL=-1161.7698, KL=14.5689, AvgS=500.00, ProxLoss=0.0000
2026-03-19 01:59:24,138 - Server_DefaultID - INFO - Training client 1 (24/30)...
2026-03-19 01:59:24,853 - Server_DefaultID - INFO - Client 1: Acc=69.06, Loss=-342.5234, NLL=-1161.7410, KL=14.7836, AvgS=499.99, ProxLoss=0.0000
2026-03-19 01:59:24,853 - Server_DefaultID - INFO - Training client 72 (25/30)...
2026-03-19 01:59:26,210 - Server_DefaultID - INFO - Client 72: Acc=97.19, Loss=-341.3473, NLL=-1161.7183, KL=14.7233, AvgS=499.98, ProxLoss=0.0000
2026-03-19 01:59:26,210 - Server_DefaultID - INFO - Training client 67 (26/30)...
2026-03-19 01:59:27,930 - Server_DefaultID - INFO - Client 67: Acc=96.82, Loss=-343.0780, NLL=-1161.7566, KL=14.6468, AvgS=499.99, ProxLoss=0.0000
2026-03-19 01:59:27,931 - Server_DefaultID - INFO - Training client 81 (27/30)...
2026-03-19 01:59:29,902 - Server_DefaultID - INFO - Client 81: Acc=96.74, Loss=-342.1026, NLL=-1161.7678, KL=14.8556, AvgS=500.00, ProxLoss=0.0000
2026-03-19 01:59:29,902 - Server_DefaultID - INFO - Training client 25 (28/30)...
2026-03-19 01:59:30,555 - Server_DefaultID - INFO - Client 25: Acc=95.31, Loss=-341.4811, NLL=-1161.4926, KL=14.6495, AvgS=499.88, ProxLoss=0.0000
2026-03-19 01:59:30,556 - Server_DefaultID - INFO - Training client 52 (29/30)...
2026-03-19 01:59:31,520 - Server_DefaultID - INFO - Client 52: Acc=82.40, Loss=-342.0196, NLL=-1161.6587, KL=14.7264, AvgS=499.95, ProxLoss=0.0000
2026-03-19 01:59:31,520 - Server_DefaultID - INFO - Training client 54 (30/30)...
2026-03-19 01:59:32,354 - Server_DefaultID - INFO - Client 54: Acc=78.44, Loss=-341.0745, NLL=-1160.9371, KL=14.8116, AvgS=499.64, ProxLoss=0.0000
2026-03-19 01:59:32,557 - Server_DefaultID - WARNING - Global prior extremely imbalanced (max/min=1.0), applied adaptive smoothing lam=0.10.
2026-03-19 01:59:32,558 - Server_DefaultID - INFO - Round [67/200] Summary | Avg Client Train Stats:	Loss [-341.6700]	 Acc [93.14]	NLL [-1160.9206]	 KL [14.5360]	AvgS [499.63]	 ProxLoss [0.0000]
GlobalPriorAlpha (first 10): [5.0, 5.0, 5.0, 5.0, 5.0, 5.0, 5.0, 5.0, 5.0, 5.0]
Round Time: 61.16s
2026-03-19 01:59:32,560 - Server_DefaultID - INFO - --- Global Round 68/200 ---
2026-03-19 01:59:32,560 - Server_DefaultID - INFO - Selected 30 active clients for round 68.
2026-03-19 01:59:32,560 - Server_DefaultID - INFO - Training client 63 (1/30)...
2026-03-19 01:59:34,149 - Server_DefaultID - INFO - Client 63: Acc=94.81, Loss=-342.2930, NLL=-1161.5937, KL=14.8261, AvgS=499.92, ProxLoss=0.0000
2026-03-19 01:59:34,149 - Server_DefaultID - INFO - Training client 8 (2/30)...
2026-03-19 01:59:34,905 - Server_DefaultID - INFO - Client 8: Acc=86.88, Loss=-341.6170, NLL=-1161.7464, KL=14.8456, AvgS=499.99, ProxLoss=0.0000
2026-03-19 01:59:34,905 - Server_DefaultID - INFO - Training client 17 (3/30)...
2026-03-19 01:59:35,688 - Server_DefaultID - INFO - Client 17: Acc=82.81, Loss=-343.1071, NLL=-1161.7696, KL=14.5130, AvgS=500.00, ProxLoss=0.0000
2026-03-19 01:59:35,688 - Server_DefaultID - INFO - Training client 78 (4/30)...
2026-03-19 01:59:44,441 - Server_DefaultID - INFO - Client 78: Acc=96.35, Loss=-341.9308, NLL=-1161.7482, KL=14.7209, AvgS=499.99, ProxLoss=0.0000
2026-03-19 01:59:44,441 - Server_DefaultID - INFO - Training client 0 (5/30)...
2026-03-19 01:59:44,906 - Server_DefaultID - INFO - Client 0: Acc=34.06, Loss=-341.3055, NLL=-1159.7917, KL=14.7584, AvgS=499.15, ProxLoss=0.0000
2026-03-19 01:59:44,907 - Server_DefaultID - INFO - Training client 9 (6/30)...
2026-03-19 01:59:46,876 - Server_DefaultID - INFO - Client 9: Acc=97.50, Loss=-340.7299, NLL=-1161.7492, KL=14.4598, AvgS=499.99, ProxLoss=0.0000
2026-03-19 01:59:46,876 - Server_DefaultID - INFO - Training client 53 (7/30)...
2026-03-19 01:59:49,373 - Server_DefaultID - INFO - Client 53: Acc=98.28, Loss=-341.2287, NLL=-1161.7673, KL=14.6060, AvgS=500.00, ProxLoss=0.0000
2026-03-19 01:59:49,373 - Server_DefaultID - INFO - Training client 80 (8/30)...
2026-03-19 01:59:49,916 - Server_DefaultID - INFO - Client 80: Acc=63.44, Loss=-342.6368, NLL=-1160.9858, KL=14.4488, AvgS=499.66, ProxLoss=0.0000
2026-03-19 01:59:49,921 - Server_DefaultID - INFO - Training client 50 (9/30)...
2026-03-19 01:59:54,748 - Server_DefaultID - INFO - Client 50: Acc=97.60, Loss=-340.8496, NLL=-1161.7505, KL=14.4540, AvgS=499.99, ProxLoss=0.0000
2026-03-19 01:59:54,748 - Server_DefaultID - INFO - Training client 46 (10/30)...
2026-03-19 01:59:56,804 - Server_DefaultID - INFO - Client 46: Acc=91.02, Loss=-341.9672, NLL=-1161.7301, KL=14.8573, AvgS=499.98, ProxLoss=0.0000
2026-03-19 01:59:56,804 - Server_DefaultID - INFO - Training client 41 (11/30)...
2026-03-19 01:59:58,957 - Server_DefaultID - INFO - Client 41: Acc=97.07, Loss=-341.3356, NLL=-1161.7581, KL=14.7208, AvgS=499.99, ProxLoss=0.0000
2026-03-19 01:59:58,957 - Server_DefaultID - INFO - Training client 40 (12/30)...
2026-03-19 02:00:00,649 - Server_DefaultID - INFO - Client 40: Acc=94.32, Loss=-343.8652, NLL=-1161.7401, KL=14.0670, AvgS=499.99, ProxLoss=0.0000
2026-03-19 02:00:00,649 - Server_DefaultID - INFO - Training client 93 (13/30)...
2026-03-19 02:00:01,300 - Server_DefaultID - INFO - Client 93: Acc=52.81, Loss=-342.4948, NLL=-1161.3397, KL=14.5625, AvgS=499.81, ProxLoss=0.0000
2026-03-19 02:00:01,300 - Server_DefaultID - INFO - Training client 32 (14/30)...
2026-03-19 02:00:03,077 - Server_DefaultID - INFO - Client 32: Acc=96.25, Loss=-342.6484, NLL=-1161.7406, KL=14.7447, AvgS=499.99, ProxLoss=0.0000
2026-03-19 02:00:03,077 - Server_DefaultID - INFO - Training client 64 (15/30)...
2026-03-19 02:00:03,494 - Server_DefaultID - INFO - Client 64: Acc=65.00, Loss=-341.9257, NLL=-1161.1899, KL=14.8007, AvgS=499.75, ProxLoss=0.0000
2026-03-19 02:00:03,494 - Server_DefaultID - INFO - Training client 66 (16/30)...
2026-03-19 02:00:05,384 - Server_DefaultID - INFO - Client 66: Acc=87.99, Loss=-341.3506, NLL=-1161.7411, KL=14.7861, AvgS=499.99, ProxLoss=0.0000
2026-03-19 02:00:05,384 - Server_DefaultID - INFO - Training client 13 (17/30)...
2026-03-19 02:00:05,793 - Server_DefaultID - INFO - Client 13: Acc=57.81, Loss=-340.6080, NLL=-1161.0279, KL=14.7352, AvgS=499.68, ProxLoss=0.0000
2026-03-19 02:00:05,793 - Server_DefaultID - INFO - Training client 76 (18/30)...
2026-03-19 02:00:07,859 - Server_DefaultID - INFO - Client 76: Acc=97.30, Loss=-343.9765, NLL=-1161.7530, KL=13.8829, AvgS=499.99, ProxLoss=0.0000
2026-03-19 02:00:07,860 - Server_DefaultID - INFO - Training client 39 (19/30)...
2026-03-19 02:00:11,719 - Server_DefaultID - INFO - Client 39: Acc=96.21, Loss=-342.1300, NLL=-1161.7640, KL=14.8429, AvgS=500.00, ProxLoss=0.0000
2026-03-19 02:00:11,719 - Server_DefaultID - INFO - Training client 67 (20/30)...
2026-03-19 02:00:14,587 - Server_DefaultID - INFO - Client 67: Acc=97.08, Loss=-343.0849, NLL=-1161.6982, KL=14.6245, AvgS=499.97, ProxLoss=0.0000
2026-03-19 02:00:14,587 - Server_DefaultID - INFO - Training client 60 (21/30)...
2026-03-19 02:00:15,463 - Server_DefaultID - INFO - Client 60: Acc=83.96, Loss=-341.3269, NLL=-1161.4370, KL=14.7425, AvgS=499.86, ProxLoss=0.0000
2026-03-19 02:00:15,463 - Server_DefaultID - INFO - Training client 99 (22/30)...
2026-03-19 02:00:15,951 - Server_DefaultID - INFO - Client 99: Acc=44.69, Loss=-335.1632, NLL=-1129.0582, KL=10.2692, AvgS=485.87, ProxLoss=0.0000
2026-03-19 02:00:15,951 - Server_DefaultID - INFO - Training client 35 (23/30)...
2026-03-19 02:00:16,899 - Server_DefaultID - INFO - Client 35: Acc=76.35, Loss=-343.0124, NLL=-1161.4340, KL=14.4181, AvgS=499.86, ProxLoss=0.0000
2026-03-19 02:00:16,899 - Server_DefaultID - INFO - Training client 11 (24/30)...
2026-03-19 02:00:18,428 - Server_DefaultID - INFO - Client 11: Acc=92.45, Loss=-342.2603, NLL=-1161.6932, KL=14.8347, AvgS=499.97, ProxLoss=0.0000
2026-03-19 02:00:18,428 - Server_DefaultID - INFO - Training client 77 (25/30)...
2026-03-19 02:00:22,315 - Server_DefaultID - INFO - Client 77: Acc=97.69, Loss=-341.6371, NLL=-1161.7591, KL=14.8163, AvgS=500.00, ProxLoss=0.0000
2026-03-19 02:00:22,315 - Server_DefaultID - INFO - Training client 15 (26/30)...
2026-03-19 02:00:22,971 - Server_DefaultID - INFO - Client 15: Acc=70.31, Loss=-342.4039, NLL=-1161.7428, KL=14.7515, AvgS=499.99, ProxLoss=0.0000
2026-03-19 02:00:22,971 - Server_DefaultID - INFO - Training client 72 (27/30)...
2026-03-19 02:00:24,107 - Server_DefaultID - INFO - Client 72: Acc=97.73, Loss=-341.3987, NLL=-1161.7334, KL=14.7615, AvgS=499.98, ProxLoss=0.0000
2026-03-19 02:00:24,107 - Server_DefaultID - INFO - Training client 27 (28/30)...
2026-03-19 02:00:25,132 - Server_DefaultID - INFO - Client 27: Acc=89.27, Loss=-343.3758, NLL=-1161.7650, KL=14.3716, AvgS=500.00, ProxLoss=0.0000
2026-03-19 02:00:25,132 - Server_DefaultID - INFO - Training client 24 (29/30)...
2026-03-19 02:00:25,559 - Server_DefaultID - INFO - Client 24: Acc=57.50, Loss=-318.8395, NLL=-1077.2026, KL=12.2035, AvgS=463.48, ProxLoss=0.0000
2026-03-19 02:00:25,559 - Server_DefaultID - INFO - Training client 52 (30/30)...
2026-03-19 02:00:26,519 - Server_DefaultID - INFO - Client 52: Acc=83.54, Loss=-341.9425, NLL=-1161.4976, KL=14.8160, AvgS=499.88, ProxLoss=0.0000
2026-03-19 02:00:26,695 - Server_DefaultID - WARNING - Global prior extremely imbalanced (max/min=1.0), applied adaptive smoothing lam=0.10.
2026-03-19 02:00:26,695 - Server_DefaultID - INFO - Round [68/200] Summary | Avg Client Train Stats:	Loss [-341.7250]	 Acc [92.24]	NLL [-1160.8095]	 KL [14.5868]	AvgS [499.59]	 ProxLoss [0.0000]
GlobalPriorAlpha (first 10): [5.0, 5.0, 5.0, 5.0, 5.0, 5.0, 5.0, 5.0, 5.0, 5.0]
Round Time: 54.13s
2026-03-19 02:00:26,698 - Server_DefaultID - INFO - --- Global Round 69/200 ---
2026-03-19 02:00:26,698 - Server_DefaultID - INFO - Selected 30 active clients for round 69.
2026-03-19 02:00:26,698 - Server_DefaultID - INFO - Training client 48 (1/30)...
2026-03-19 02:00:30,897 - Server_DefaultID - INFO - Client 48: Acc=96.19, Loss=-342.1257, NLL=-1161.7233, KL=14.8437, AvgS=499.98, ProxLoss=0.0000
2026-03-19 02:00:30,897 - Server_DefaultID - INFO - Training client 53 (2/30)...
2026-03-19 02:00:33,563 - Server_DefaultID - INFO - Client 53: Acc=98.50, Loss=-341.2870, NLL=-1161.7491, KL=14.6058, AvgS=499.99, ProxLoss=0.0000
2026-03-19 02:00:33,563 - Server_DefaultID - INFO - Training client 46 (3/30)...
2026-03-19 02:00:35,584 - Server_DefaultID - INFO - Client 46: Acc=92.23, Loss=-341.9085, NLL=-1161.7040, KL=14.8600, AvgS=499.97, ProxLoss=0.0000
2026-03-19 02:00:35,584 - Server_DefaultID - INFO - Training client 54 (4/30)...
2026-03-19 02:00:36,271 - Server_DefaultID - INFO - Client 54: Acc=78.12, Loss=-340.9118, NLL=-1161.4320, KL=14.7778, AvgS=499.85, ProxLoss=0.0000
2026-03-19 02:00:36,271 - Server_DefaultID - INFO - Training client 43 (5/30)...
2026-03-19 02:00:39,047 - Server_DefaultID - INFO - Client 43: Acc=96.14, Loss=-341.7617, NLL=-1161.7519, KL=14.8948, AvgS=499.99, ProxLoss=0.0000
2026-03-19 02:00:39,047 - Server_DefaultID - INFO - Training client 1 (6/30)...
2026-03-19 02:00:39,705 - Server_DefaultID - INFO - Client 1: Acc=72.19, Loss=-342.4453, NLL=-1161.6842, KL=14.7827, AvgS=499.96, ProxLoss=0.0000
2026-03-19 02:00:39,705 - Server_DefaultID - INFO - Training client 79 (7/30)...
2026-03-19 02:00:41,041 - Server_DefaultID - INFO - Client 79: Acc=93.69, Loss=-340.4952, NLL=-1161.6835, KL=14.4755, AvgS=499.96, ProxLoss=0.0000
2026-03-19 02:00:41,041 - Server_DefaultID - INFO - Training client 10 (8/30)...
2026-03-19 02:00:42,083 - Server_DefaultID - INFO - Client 10: Acc=55.16, Loss=-343.7055, NLL=-1161.7677, KL=13.7618, AvgS=500.00, ProxLoss=0.0000
2026-03-19 02:00:42,083 - Server_DefaultID - INFO - Training client 83 (9/30)...
2026-03-19 02:00:44,597 - Server_DefaultID - INFO - Client 83: Acc=99.69, Loss=-339.7333, NLL=-1161.7612, KL=13.7140, AvgS=500.00, ProxLoss=0.0000
2026-03-19 02:00:44,597 - Server_DefaultID - INFO - Training client 24 (10/30)...
2026-03-19 02:00:45,018 - Server_DefaultID - INFO - Client 24: Acc=60.00, Loss=-334.2459, NLL=-1128.7850, KL=12.4174, AvgS=485.76, ProxLoss=0.0000
2026-03-19 02:00:45,018 - Server_DefaultID - INFO - Training client 74 (11/30)...
2026-03-19 02:00:47,384 - Server_DefaultID - INFO - Client 74: Acc=69.69, Loss=-341.9053, NLL=-1161.4747, KL=14.8317, AvgS=499.87, ProxLoss=0.0000
2026-03-19 02:00:47,384 - Server_DefaultID - INFO - Training client 65 (12/30)...
2026-03-19 02:00:47,896 - Server_DefaultID - INFO - Client 65: Acc=61.88, Loss=-311.3239, NLL=-1056.9205, KL=13.7539, AvgS=454.72, ProxLoss=0.0000
2026-03-19 02:00:47,896 - Server_DefaultID - INFO - Training client 22 (13/30)...
2026-03-19 02:00:48,543 - Server_DefaultID - INFO - Client 22: Acc=92.03, Loss=-341.8926, NLL=-1161.3473, KL=14.6510, AvgS=499.82, ProxLoss=0.0000
2026-03-19 02:00:48,543 - Server_DefaultID - INFO - Training client 88 (14/30)...
2026-03-19 02:00:50,186 - Server_DefaultID - INFO - Client 88: Acc=86.93, Loss=-343.1010, NLL=-1161.7048, KL=14.4722, AvgS=499.97, ProxLoss=0.0000
2026-03-19 02:00:50,186 - Server_DefaultID - INFO - Training client 90 (15/30)...
2026-03-19 02:00:52,270 - Client_90 - WARNING - Client 90: Too few classes (1) or samples (592) for alpha report, returning uniform.
2026-03-19 02:00:52,270 - Server_DefaultID - INFO - Client 90: Acc=100.00, Loss=-339.5464, NLL=-1161.7554, KL=13.5617, AvgS=499.99, ProxLoss=0.0000
2026-03-19 02:00:52,270 - Server_DefaultID - INFO - Training client 47 (16/30)...
2026-03-19 02:00:53,893 - Server_DefaultID - INFO - Client 47: Acc=95.99, Loss=-343.7551, NLL=-1161.7620, KL=14.1215, AvgS=500.00, ProxLoss=0.0000
2026-03-19 02:00:53,893 - Server_DefaultID - INFO - Training client 39 (17/30)...
2026-03-19 02:00:57,330 - Server_DefaultID - INFO - Client 39: Acc=96.71, Loss=-342.1563, NLL=-1161.7338, KL=14.8417, AvgS=499.98, ProxLoss=0.0000
2026-03-19 02:00:57,330 - Server_DefaultID - INFO - Training client 77 (18/30)...
2026-03-19 02:01:00,911 - Server_DefaultID - INFO - Client 77: Acc=98.08, Loss=-341.6765, NLL=-1161.7592, KL=14.8492, AvgS=500.00, ProxLoss=0.0000
2026-03-19 02:01:00,911 - Server_DefaultID - INFO - Training client 28 (19/30)...
2026-03-19 02:01:01,318 - Server_DefaultID - INFO - Client 28: Acc=91.56, Loss=-337.6414, NLL=-1147.5965, KL=14.6508, AvgS=493.88, ProxLoss=0.0000
2026-03-19 02:01:01,318 - Server_DefaultID - INFO - Training client 51 (20/30)...
2026-03-19 02:01:01,895 - Server_DefaultID - INFO - Client 51: Acc=64.06, Loss=-344.0499, NLL=-1161.2661, KL=13.1501, AvgS=499.78, ProxLoss=0.0000
2026-03-19 02:01:01,895 - Server_DefaultID - INFO - Training client 36 (21/30)...
2026-03-19 02:01:07,422 - Server_DefaultID - INFO - Client 36: Acc=98.64, Loss=-340.7899, NLL=-1161.7511, KL=14.5441, AvgS=499.99, ProxLoss=0.0000
2026-03-19 02:01:07,422 - Server_DefaultID - INFO - Training client 86 (22/30)...
2026-03-19 02:01:08,804 - Server_DefaultID - INFO - Client 86: Acc=91.69, Loss=-341.9553, NLL=-1161.6603, KL=14.7481, AvgS=499.95, ProxLoss=0.0000
2026-03-19 02:01:08,804 - Server_DefaultID - INFO - Training client 61 (23/30)...
2026-03-19 02:01:10,100 - Server_DefaultID - INFO - Client 61: Acc=89.06, Loss=-344.3559, NLL=-1161.7305, KL=13.3301, AvgS=499.98, ProxLoss=0.0000
2026-03-19 02:01:10,100 - Server_DefaultID - INFO - Training client 71 (24/30)...
2026-03-19 02:01:10,783 - Server_DefaultID - INFO - Client 71: Acc=83.75, Loss=-343.2203, NLL=-1161.6877, KL=14.4036, AvgS=499.96, ProxLoss=0.0000
2026-03-19 02:01:10,784 - Server_DefaultID - INFO - Training client 32 (25/30)...
2026-03-19 02:01:12,280 - Server_DefaultID - INFO - Client 32: Acc=96.46, Loss=-342.6788, NLL=-1161.7663, KL=14.7105, AvgS=500.00, ProxLoss=0.0000
2026-03-19 02:01:12,280 - Server_DefaultID - INFO - Training client 70 (26/30)...
2026-03-19 02:01:13,664 - Server_DefaultID - INFO - Client 70: Acc=83.38, Loss=-340.8916, NLL=-1161.7514, KL=14.6362, AvgS=499.99, ProxLoss=0.0000
2026-03-19 02:01:13,664 - Server_DefaultID - INFO - Training client 34 (27/30)...
2026-03-19 02:01:14,598 - Server_DefaultID - INFO - Client 34: Acc=82.71, Loss=-342.8632, NLL=-1161.6753, KL=14.5731, AvgS=499.96, ProxLoss=0.0000
2026-03-19 02:01:14,598 - Server_DefaultID - INFO - Training client 72 (28/30)...
2026-03-19 02:01:15,691 - Server_DefaultID - INFO - Client 72: Acc=98.05, Loss=-341.0187, NLL=-1161.6788, KL=14.5897, AvgS=499.96, ProxLoss=0.0000
2026-03-19 02:01:15,691 - Server_DefaultID - INFO - Training client 96 (29/30)...
2026-03-19 02:01:17,903 - Server_DefaultID - INFO - Client 96: Acc=96.15, Loss=-342.0382, NLL=-1161.7373, KL=14.7345, AvgS=499.99, ProxLoss=0.0000
2026-03-19 02:01:17,903 - Server_DefaultID - INFO - Training client 14 (30/30)...
2026-03-19 02:01:20,227 - Server_DefaultID - INFO - Client 14: Acc=95.59, Loss=-340.6337, NLL=-1161.7253, KL=14.5142, AvgS=499.98, ProxLoss=0.0000
2026-03-19 02:01:20,520 - Server_DefaultID - WARNING - Global prior extremely imbalanced (max/min=1.0), applied adaptive smoothing lam=0.10.
2026-03-19 02:01:20,521 - Server_DefaultID - INFO - Round [69/200] Summary | Avg Client Train Stats:	Loss [-341.4585]	 Acc [92.85]	NLL [-1160.8585]	 KL [14.4975]	AvgS [499.61]	 ProxLoss [0.0000]
GlobalPriorAlpha (first 10): [5.0, 5.0, 5.0, 5.0, 5.0, 5.0, 5.0, 5.0, 5.0, 5.0]
Round Time: 53.82s
2026-03-19 02:01:20,524 - Server_DefaultID - INFO - --- Global Round 70/200 ---
2026-03-19 02:01:20,525 - Server_DefaultID - INFO - Selected 30 active clients for round 70.
2026-03-19 02:01:20,525 - Server_DefaultID - INFO - Training client 0 (1/30)...
2026-03-19 02:01:21,054 - Server_DefaultID - INFO - Client 0: Acc=38.44, Loss=-342.0594, NLL=-1161.4364, KL=14.7803, AvgS=499.86, ProxLoss=0.0000
2026-03-19 02:01:21,054 - Server_DefaultID - INFO - Training client 8 (2/30)...
2026-03-19 02:01:21,716 - Server_DefaultID - INFO - Client 8: Acc=87.66, Loss=-341.6196, NLL=-1161.7507, KL=14.7854, AvgS=499.99, ProxLoss=0.0000
2026-03-19 02:01:21,716 - Server_DefaultID - INFO - Training client 28 (3/30)...
2026-03-19 02:01:22,153 - Server_DefaultID - INFO - Client 28: Acc=94.06, Loss=-339.5252, NLL=-1155.7189, KL=14.7556, AvgS=497.39, ProxLoss=0.0000
2026-03-19 02:01:22,154 - Server_DefaultID - INFO - Training client 27 (4/30)...
2026-03-19 02:01:22,977 - Server_DefaultID - INFO - Client 27: Acc=91.25, Loss=-343.2217, NLL=-1161.6194, KL=14.4204, AvgS=499.94, ProxLoss=0.0000
2026-03-19 02:01:22,977 - Server_DefaultID - INFO - Training client 62 (5/30)...
2026-03-19 02:01:23,705 - Server_DefaultID - INFO - Client 62: Acc=89.69, Loss=-342.4220, NLL=-1161.1702, KL=14.6810, AvgS=499.74, ProxLoss=0.0000
2026-03-19 02:01:23,705 - Server_DefaultID - INFO - Training client 1 (6/30)...
2026-03-19 02:01:24,378 - Server_DefaultID - INFO - Client 1: Acc=73.12, Loss=-342.3997, NLL=-1161.6565, KL=14.7824, AvgS=499.95, ProxLoss=0.0000
2026-03-19 02:01:24,378 - Server_DefaultID - INFO - Training client 63 (7/30)...
2026-03-19 02:01:25,710 - Server_DefaultID - INFO - Client 63: Acc=96.12, Loss=-342.1754, NLL=-1161.6048, KL=14.8187, AvgS=499.93, ProxLoss=0.0000
2026-03-19 02:01:25,710 - Server_DefaultID - INFO - Training client 38 (8/30)...
2026-03-19 02:01:26,378 - Server_DefaultID - INFO - Client 38: Acc=82.03, Loss=-344.6898, NLL=-1161.7630, KL=12.8080, AvgS=500.00, ProxLoss=0.0000
2026-03-19 02:01:26,378 - Server_DefaultID - INFO - Training client 3 (9/30)...
2026-03-19 02:01:28,046 - Server_DefaultID - INFO - Client 3: Acc=72.24, Loss=-344.0695, NLL=-1161.7551, KL=13.4769, AvgS=499.99, ProxLoss=0.0000
2026-03-19 02:01:28,047 - Server_DefaultID - INFO - Training client 68 (10/30)...
2026-03-19 02:01:30,382 - Server_DefaultID - INFO - Client 68: Acc=98.23, Loss=-340.6466, NLL=-1161.7699, KL=14.5146, AvgS=500.00, ProxLoss=0.0000
2026-03-19 02:01:30,382 - Server_DefaultID - INFO - Training client 82 (11/30)...
2026-03-19 02:01:31,783 - Server_DefaultID - INFO - Client 82: Acc=95.75, Loss=-341.6026, NLL=-1161.7504, KL=14.8054, AvgS=499.99, ProxLoss=0.0000
2026-03-19 02:01:31,784 - Server_DefaultID - INFO - Training client 77 (12/30)...
2026-03-19 02:01:34,952 - Server_DefaultID - INFO - Client 77: Acc=98.23, Loss=-341.6000, NLL=-1161.7525, KL=14.8390, AvgS=499.99, ProxLoss=0.0000
2026-03-19 02:01:34,952 - Server_DefaultID - INFO - Training client 14 (13/30)...
2026-03-19 02:01:36,998 - Server_DefaultID - INFO - Client 14: Acc=96.11, Loss=-340.6140, NLL=-1161.7541, KL=14.5145, AvgS=499.99, ProxLoss=0.0000
2026-03-19 02:01:36,998 - Server_DefaultID - INFO - Training client 36 (14/30)...
2026-03-19 02:01:42,009 - Server_DefaultID - INFO - Client 36: Acc=98.87, Loss=-340.7591, NLL=-1161.7574, KL=14.5475, AvgS=499.99, ProxLoss=0.0000
2026-03-19 02:01:42,009 - Server_DefaultID - INFO - Training client 42 (15/30)...
2026-03-19 02:01:43,481 - Server_DefaultID - INFO - Client 42: Acc=94.38, Loss=-341.9030, NLL=-1161.7553, KL=14.6225, AvgS=499.99, ProxLoss=0.0000
2026-03-19 02:01:43,481 - Server_DefaultID - INFO - Training client 83 (16/30)...
2026-03-19 02:01:45,937 - Server_DefaultID - INFO - Client 83: Acc=99.69, Loss=-339.7216, NLL=-1161.7175, KL=13.7518, AvgS=499.98, ProxLoss=0.0000
2026-03-19 02:01:45,937 - Server_DefaultID - INFO - Training client 59 (17/30)...
2026-03-19 02:01:48,168 - Server_DefaultID - INFO - Client 59: Acc=96.98, Loss=-342.0231, NLL=-1161.7395, KL=14.8216, AvgS=499.99, ProxLoss=0.0000
2026-03-19 02:01:48,168 - Server_DefaultID - INFO - Training client 88 (18/30)...
2026-03-19 02:01:49,877 - Server_DefaultID - INFO - Client 88: Acc=91.77, Loss=-343.0221, NLL=-1161.7667, KL=14.5150, AvgS=500.00, ProxLoss=0.0000
2026-03-19 02:01:49,878 - Server_DefaultID - INFO - Training client 52 (19/30)...
2026-03-19 02:01:50,732 - Server_DefaultID - INFO - Client 52: Acc=85.00, Loss=-341.9661, NLL=-1161.7549, KL=14.8177, AvgS=499.99, ProxLoss=0.0000
2026-03-19 02:01:50,732 - Server_DefaultID - INFO - Training client 80 (20/30)...
2026-03-19 02:01:51,078 - Server_DefaultID - INFO - Client 80: Acc=64.69, Loss=-342.2359, NLL=-1160.4016, KL=14.5556, AvgS=499.41, ProxLoss=0.0000
2026-03-19 02:01:51,078 - Server_DefaultID - INFO - Training client 65 (21/30)...
2026-03-19 02:01:51,497 - Server_DefaultID - INFO - Client 65: Acc=58.75, Loss=-324.9148, NLL=-1103.2768, KL=14.0746, AvgS=474.74, ProxLoss=0.0000
2026-03-19 02:01:51,497 - Server_DefaultID - INFO - Training client 50 (22/30)...
2026-03-19 02:01:56,277 - Server_DefaultID - INFO - Client 50: Acc=97.71, Loss=-340.8140, NLL=-1161.7419, KL=14.5121, AvgS=499.99, ProxLoss=0.0000
2026-03-19 02:01:56,277 - Server_DefaultID - INFO - Training client 79 (23/30)...
2026-03-19 02:01:57,675 - Server_DefaultID - INFO - Client 79: Acc=94.25, Loss=-340.4982, NLL=-1161.5618, KL=14.5125, AvgS=499.91, ProxLoss=0.0000
2026-03-19 02:01:57,675 - Server_DefaultID - INFO - Training client 53 (24/30)...
2026-03-19 02:01:59,919 - Server_DefaultID - INFO - Client 53: Acc=98.19, Loss=-341.1154, NLL=-1161.7645, KL=14.5624, AvgS=500.00, ProxLoss=0.0000
2026-03-19 02:01:59,919 - Server_DefaultID - INFO - Training client 4 (25/30)...
2026-03-19 02:02:01,480 - Server_DefaultID - INFO - Client 4: Acc=79.06, Loss=-343.6494, NLL=-1161.7497, KL=14.0000, AvgS=499.99, ProxLoss=0.0000
2026-03-19 02:02:01,480 - Server_DefaultID - INFO - Training client 73 (26/30)...
2026-03-19 02:02:04,379 - Server_DefaultID - INFO - Client 73: Acc=97.40, Loss=-341.2450, NLL=-1161.7694, KL=14.6732, AvgS=500.00, ProxLoss=0.0000
2026-03-19 02:02:04,379 - Server_DefaultID - INFO - Training client 22 (27/30)...
2026-03-19 02:02:05,004 - Server_DefaultID - INFO - Client 22: Acc=91.25, Loss=-342.5729, NLL=-1161.7699, KL=14.6598, AvgS=500.00, ProxLoss=0.0000
2026-03-19 02:02:05,007 - Server_DefaultID - INFO - Training client 12 (28/30)...
2026-03-19 02:02:07,305 - Server_DefaultID - INFO - Client 12: Acc=72.88, Loss=-343.4944, NLL=-1161.6668, KL=13.9280, AvgS=499.96, ProxLoss=0.0000
2026-03-19 02:02:07,305 - Server_DefaultID - INFO - Training client 95 (29/30)...
2026-03-19 02:02:09,698 - Server_DefaultID - INFO - Client 95: Acc=95.42, Loss=-341.0501, NLL=-1161.7699, KL=14.6667, AvgS=500.00, ProxLoss=0.0000
2026-03-19 02:02:09,699 - Server_DefaultID - INFO - Training client 69 (30/30)...
2026-03-19 02:02:10,341 - Server_DefaultID - INFO - Client 69: Acc=56.41, Loss=-342.9009, NLL=-1161.4344, KL=14.3473, AvgS=499.86, ProxLoss=0.0000
2026-03-19 02:02:10,489 - Server_DefaultID - WARNING - Global prior extremely imbalanced (max/min=1.0), applied adaptive smoothing lam=0.10.
2026-03-19 02:02:10,489 - Server_DefaultID - INFO - Round [70/200] Summary | Avg Client Train Stats:	Loss [-341.4335]	 Acc [92.92]	NLL [-1161.3626]	 KL [14.4852]	AvgS [499.82]	 ProxLoss [0.0000]
GlobalPriorAlpha (first 10): [5.0, 5.0, 5.0, 5.0, 5.0, 5.0, 5.0, 5.0, 5.0, 5.0]
Round Time: 49.96s
2026-03-19 02:02:10,489 - Server_DefaultID - INFO - --- Evaluating models at round 70 ---
2026-03-19 02:03:18,981 - Server_DefaultID - INFO - Global Model Evaluation (Round 70): 
  Avg Test Acc: 75.79%
  Avg Test Acc Softmax: 75.79%
  Avg Test Loss: -1137.5725
  Avg Test NLL: -1153.7660
  Avg Test KL (vs flat prior): 13.9281
  Avg Test S: 496.54
2026-03-19 02:04:28,078 - Server_DefaultID - INFO - Personalized Model Evaluation (Round 70): 
  Avg Test Acc: 78.30%
  Avg Test Acc Softmax: 78.30%
  Avg Test Loss: -1139.1105
  Avg Test NLL: -1155.3102
  Avg Test KL (vs flat prior): 13.9351
  Avg Test S: 497.21
2026-03-19 02:04:28,078 - Server_DefaultID - INFO - [Metric 1] Personalized Brier Score | Mean: 0.3307
2026-03-19 02:04:28,078 - Server_DefaultID - INFO - [Metric 1] Personalized ECE | Mean: 0.1151
2026-03-19 02:04:28,078 - Server_DefaultID - INFO - [OOD Eval] OOD AUC-ROC (Epistemic): 0.0292
2026-03-19 02:04:28,078 - Server_DefaultID - INFO - [Metric 4] OOD FPR@95%TPR: 0.9931
2026-03-19 02:04:29,608 - Server_DefaultID - INFO - --- Global Round 71/200 ---
2026-03-19 02:04:29,609 - Server_DefaultID - INFO - Selected 30 active clients for round 71.
2026-03-19 02:04:29,609 - Server_DefaultID - INFO - Training client 37 (1/30)...
2026-03-19 02:04:30,630 - Server_DefaultID - INFO - Client 37: Acc=83.28, Loss=-343.0389, NLL=-1161.7011, KL=14.4636, AvgS=499.97, ProxLoss=0.0000
2026-03-19 02:04:30,630 - Server_DefaultID - INFO - Training client 79 (2/30)...
2026-03-19 02:04:31,990 - Server_DefaultID - INFO - Client 79: Acc=94.12, Loss=-340.4928, NLL=-1161.7270, KL=14.5141, AvgS=499.98, ProxLoss=0.0000
2026-03-19 02:04:31,990 - Server_DefaultID - INFO - Training client 14 (3/30)...
2026-03-19 02:04:34,112 - Server_DefaultID - INFO - Client 14: Acc=83.72, Loss=-340.4385, NLL=-1161.7488, KL=14.5144, AvgS=499.99, ProxLoss=0.0000
2026-03-19 02:04:34,112 - Server_DefaultID - INFO - Training client 11 (4/30)...
2026-03-19 02:04:35,689 - Server_DefaultID - INFO - Client 11: Acc=86.61, Loss=-342.1576, NLL=-1161.7685, KL=14.8083, AvgS=500.00, ProxLoss=0.0000
2026-03-19 02:04:35,689 - Server_DefaultID - INFO - Training client 45 (5/30)...
2026-03-19 02:04:37,867 - Server_DefaultID - INFO - Client 45: Acc=79.69, Loss=-341.6194, NLL=-1161.7133, KL=14.8804, AvgS=499.98, ProxLoss=0.0000
2026-03-19 02:04:37,867 - Server_DefaultID - INFO - Training client 17 (6/30)...
2026-03-19 02:04:38,489 - Server_DefaultID - INFO - Client 17: Acc=80.47, Loss=-342.4668, NLL=-1161.4227, KL=14.6180, AvgS=499.85, ProxLoss=0.0000
2026-03-19 02:04:38,489 - Server_DefaultID - INFO - Training client 73 (7/30)...
2026-03-19 02:04:41,480 - Server_DefaultID - INFO - Client 73: Acc=97.79, Loss=-341.1509, NLL=-1161.7565, KL=14.6848, AvgS=499.99, ProxLoss=0.0000
2026-03-19 02:04:41,480 - Server_DefaultID - INFO - Training client 23 (8/30)...
2026-03-19 02:04:41,936 - Server_DefaultID - INFO - Client 23: Acc=77.29, Loss=-267.3076, NLL=-915.6572, KL=13.8450, AvgS=393.70, ProxLoss=0.0000
2026-03-19 02:04:41,936 - Server_DefaultID - INFO - Training client 21 (9/30)...
2026-03-19 02:04:43,977 - Server_DefaultID - INFO - Client 21: Acc=95.94, Loss=-343.8901, NLL=-1161.7592, KL=14.0105, AvgS=500.00, ProxLoss=0.0000
2026-03-19 02:04:43,977 - Server_DefaultID - INFO - Training client 83 (10/30)...
2026-03-19 02:04:46,613 - Server_DefaultID - INFO - Client 83: Acc=99.75, Loss=-339.6480, NLL=-1161.7416, KL=13.7139, AvgS=499.99, ProxLoss=0.0000
2026-03-19 02:04:46,613 - Server_DefaultID - INFO - Training client 15 (11/30)...
2026-03-19 02:04:47,319 - Server_DefaultID - INFO - Client 15: Acc=49.22, Loss=-341.6951, NLL=-1161.0841, KL=14.7556, AvgS=499.70, ProxLoss=0.0000
2026-03-19 02:04:47,320 - Server_DefaultID - INFO - Training client 42 (12/30)...
2026-03-19 02:04:48,961 - Server_DefaultID - INFO - Client 42: Acc=94.22, Loss=-341.8488, NLL=-1161.7640, KL=14.7437, AvgS=500.00, ProxLoss=0.0000
2026-03-19 02:04:48,961 - Server_DefaultID - INFO - Training client 52 (13/30)...
2026-03-19 02:04:49,828 - Server_DefaultID - INFO - Client 52: Acc=85.94, Loss=-342.0481, NLL=-1161.7046, KL=14.7489, AvgS=499.97, ProxLoss=0.0000
2026-03-19 02:04:49,829 - Server_DefaultID - INFO - Training client 2 (14/30)...
2026-03-19 02:04:53,324 - Server_DefaultID - INFO - Client 2: Acc=79.38, Loss=-341.6752, NLL=-1161.6734, KL=14.8400, AvgS=499.96, ProxLoss=0.0000
2026-03-19 02:04:53,324 - Server_DefaultID - INFO - Training client 66 (15/30)...
2026-03-19 02:04:55,116 - Server_DefaultID - INFO - Client 66: Acc=87.90, Loss=-341.2831, NLL=-1161.7551, KL=14.8079, AvgS=499.99, ProxLoss=0.0000
2026-03-19 02:04:55,116 - Server_DefaultID - INFO - Training client 47 (16/30)...
2026-03-19 02:04:56,487 - Server_DefaultID - INFO - Client 47: Acc=97.14, Loss=-343.6375, NLL=-1161.7200, KL=14.1647, AvgS=499.98, ProxLoss=0.0000
2026-03-19 02:04:56,487 - Server_DefaultID - INFO - Training client 30 (17/30)...
2026-03-19 02:04:58,365 - Server_DefaultID - INFO - Client 30: Acc=98.52, Loss=-340.5908, NLL=-1161.7341, KL=14.5143, AvgS=499.98, ProxLoss=0.0000
2026-03-19 02:04:58,366 - Server_DefaultID - INFO - Training client 75 (18/30)...
2026-03-19 02:05:00,646 - Server_DefaultID - INFO - Client 75: Acc=96.99, Loss=-340.8209, NLL=-1161.7522, KL=14.6000, AvgS=499.99, ProxLoss=0.0000
2026-03-19 02:05:00,646 - Server_DefaultID - INFO - Training client 82 (19/30)...
2026-03-19 02:05:02,080 - Server_DefaultID - INFO - Client 82: Acc=98.00, Loss=-341.6857, NLL=-1161.6515, KL=14.8111, AvgS=499.95, ProxLoss=0.0000
2026-03-19 02:05:02,080 - Server_DefaultID - INFO - Training client 51 (20/30)...
2026-03-19 02:05:02,662 - Server_DefaultID - INFO - Client 51: Acc=61.09, Loss=-343.7411, NLL=-1161.5259, KL=13.4295, AvgS=499.90, ProxLoss=0.0000
2026-03-19 02:05:02,662 - Server_DefaultID - INFO - Training client 48 (21/30)...
2026-03-19 02:05:06,704 - Server_DefaultID - INFO - Client 48: Acc=97.57, Loss=-342.0442, NLL=-1161.7233, KL=14.8393, AvgS=499.98, ProxLoss=0.0000
2026-03-19 02:05:06,704 - Server_DefaultID - INFO - Training client 93 (22/30)...
2026-03-19 02:05:07,582 - Server_DefaultID - INFO - Client 93: Acc=51.41, Loss=-342.3731, NLL=-1161.3156, KL=14.5611, AvgS=499.80, ProxLoss=0.0000
2026-03-19 02:05:07,582 - Server_DefaultID - INFO - Training client 41 (23/30)...
2026-03-19 02:05:09,765 - Server_DefaultID - INFO - Client 41: Acc=97.73, Loss=-341.3032, NLL=-1161.7633, KL=14.7126, AvgS=500.00, ProxLoss=0.0000
2026-03-19 02:05:09,766 - Server_DefaultID - INFO - Training client 58 (24/30)...
2026-03-19 02:05:11,540 - Server_DefaultID - INFO - Client 58: Acc=86.29, Loss=-340.6306, NLL=-1161.7578, KL=14.5688, AvgS=499.99, ProxLoss=0.0000
2026-03-19 02:05:11,540 - Server_DefaultID - INFO - Training client 59 (25/30)...
2026-03-19 02:05:13,899 - Server_DefaultID - INFO - Client 59: Acc=96.94, Loss=-341.9759, NLL=-1161.7546, KL=14.8627, AvgS=499.99, ProxLoss=0.0000
2026-03-19 02:05:13,900 - Server_DefaultID - INFO - Training client 27 (26/30)...
2026-03-19 02:05:14,826 - Server_DefaultID - INFO - Client 27: Acc=93.23, Loss=-343.2636, NLL=-1161.7307, KL=14.3965, AvgS=499.98, ProxLoss=0.0000
2026-03-19 02:05:14,826 - Server_DefaultID - INFO - Training client 61 (27/30)...
2026-03-19 02:05:16,307 - Server_DefaultID - INFO - Client 61: Acc=88.19, Loss=-344.3268, NLL=-1161.7477, KL=13.2945, AvgS=499.99, ProxLoss=0.0000
2026-03-19 02:05:16,307 - Server_DefaultID - INFO - Training client 60 (28/30)...
2026-03-19 02:05:17,234 - Server_DefaultID - INFO - Client 60: Acc=84.27, Loss=-341.1200, NLL=-1161.7422, KL=14.7350, AvgS=499.99, ProxLoss=0.0000
2026-03-19 02:05:17,235 - Server_DefaultID - INFO - Training client 7 (29/30)...
2026-03-19 02:05:18,868 - Server_DefaultID - INFO - Client 7: Acc=48.44, Loss=-341.7226, NLL=-1161.4818, KL=14.7898, AvgS=499.88, ProxLoss=0.0000
2026-03-19 02:05:18,869 - Server_DefaultID - INFO - Training client 35 (30/30)...
2026-03-19 02:05:19,805 - Server_DefaultID - INFO - Client 35: Acc=78.85, Loss=-342.7318, NLL=-1161.7422, KL=14.5381, AvgS=499.99, ProxLoss=0.0000
2026-03-19 02:05:19,936 - Server_DefaultID - WARNING - Global prior extremely imbalanced (max/min=1.0), applied adaptive smoothing lam=0.10.
2026-03-19 02:05:19,936 - Server_DefaultID - INFO - Round [71/200] Summary | Avg Client Train Stats:	Loss [-341.3529]	 Acc [89.10]	NLL [-1160.5695]	 KL [14.5461]	AvgS [499.48]	 ProxLoss [0.0000]
GlobalPriorAlpha (first 10): [5.0, 5.0, 5.0, 5.0, 5.0, 5.0, 5.0, 5.0, 5.0, 5.0]
Round Time: 50.33s
2026-03-19 02:05:19,938 - Server_DefaultID - INFO - --- Global Round 72/200 ---
2026-03-19 02:05:19,939 - Server_DefaultID - INFO - Selected 30 active clients for round 72.
2026-03-19 02:05:19,939 - Server_DefaultID - INFO - Training client 91 (1/30)...
2026-03-19 02:05:20,931 - Server_DefaultID - INFO - Client 91: Acc=96.25, Loss=-340.3973, NLL=-1161.4634, KL=14.5121, AvgS=499.87, ProxLoss=0.0000
2026-03-19 02:05:20,931 - Server_DefaultID - INFO - Training client 68 (2/30)...
2026-03-19 02:05:23,306 - Server_DefaultID - INFO - Client 68: Acc=99.13, Loss=-340.5755, NLL=-1161.7699, KL=14.5146, AvgS=500.00, ProxLoss=0.0000
2026-03-19 02:05:23,306 - Server_DefaultID - INFO - Training client 34 (3/30)...
2026-03-19 02:05:25,348 - Server_DefaultID - INFO - Client 34: Acc=83.96, Loss=-342.8089, NLL=-1161.7625, KL=14.6033, AvgS=500.00, ProxLoss=0.0000
2026-03-19 02:05:25,348 - Server_DefaultID - INFO - Training client 51 (4/30)...
2026-03-19 02:05:25,982 - Server_DefaultID - INFO - Client 51: Acc=68.44, Loss=-344.2396, NLL=-1161.5802, KL=12.8982, AvgS=499.92, ProxLoss=0.0000
2026-03-19 02:05:25,982 - Server_DefaultID - INFO - Training client 78 (5/30)...
2026-03-19 02:05:33,165 - Server_DefaultID - INFO - Client 78: Acc=96.82, Loss=-341.8274, NLL=-1161.7502, KL=14.7667, AvgS=499.99, ProxLoss=0.0000
2026-03-19 02:05:33,165 - Server_DefaultID - INFO - Training client 50 (6/30)...
2026-03-19 02:05:37,848 - Server_DefaultID - INFO - Client 50: Acc=97.48, Loss=-340.6142, NLL=-1161.7497, KL=14.4099, AvgS=499.99, ProxLoss=0.0000
2026-03-19 02:05:37,848 - Server_DefaultID - INFO - Training client 63 (7/30)...
2026-03-19 02:05:39,290 - Server_DefaultID - INFO - Client 63: Acc=96.75, Loss=-342.1211, NLL=-1161.6942, KL=14.8019, AvgS=499.97, ProxLoss=0.0000
2026-03-19 02:05:39,290 - Server_DefaultID - INFO - Training client 66 (8/30)...
2026-03-19 02:05:41,271 - Server_DefaultID - INFO - Client 66: Acc=87.86, Loss=-341.1760, NLL=-1161.7521, KL=14.7861, AvgS=499.99, ProxLoss=0.0000
2026-03-19 02:05:41,271 - Server_DefaultID - INFO - Training client 79 (9/30)...
2026-03-19 02:05:42,702 - Server_DefaultID - INFO - Client 79: Acc=94.31, Loss=-340.4701, NLL=-1161.7613, KL=14.5144, AvgS=500.00, ProxLoss=0.0000
2026-03-19 02:05:42,702 - Server_DefaultID - INFO - Training client 83 (10/30)...
2026-03-19 02:05:45,441 - Server_DefaultID - INFO - Client 83: Acc=99.69, Loss=-339.6597, NLL=-1161.7687, KL=13.7522, AvgS=500.00, ProxLoss=0.0000
2026-03-19 02:05:45,441 - Server_DefaultID - INFO - Training client 70 (11/30)...
2026-03-19 02:05:46,861 - Server_DefaultID - INFO - Client 70: Acc=83.44, Loss=-340.7211, NLL=-1161.7239, KL=14.6358, AvgS=499.98, ProxLoss=0.0000
2026-03-19 02:05:46,862 - Server_DefaultID - INFO - Training client 59 (12/30)...
2026-03-19 02:05:49,289 - Server_DefaultID - INFO - Client 59: Acc=97.29, Loss=-341.9875, NLL=-1161.7420, KL=14.8481, AvgS=499.99, ProxLoss=0.0000
2026-03-19 02:05:49,289 - Server_DefaultID - INFO - Training client 52 (13/30)...
2026-03-19 02:05:50,315 - Server_DefaultID - INFO - Client 52: Acc=86.35, Loss=-341.9629, NLL=-1161.6604, KL=14.8344, AvgS=499.95, ProxLoss=0.0000
2026-03-19 02:05:50,315 - Server_DefaultID - INFO - Training client 23 (14/30)...
2026-03-19 02:05:50,792 - Server_DefaultID - INFO - Client 23: Acc=70.51, Loss=-294.3673, NLL=-1007.3002, KL=14.2777, AvgS=433.29, ProxLoss=0.0000
2026-03-19 02:05:50,793 - Server_DefaultID - INFO - Training client 17 (15/30)...
2026-03-19 02:05:51,641 - Server_DefaultID - INFO - Client 17: Acc=82.97, Loss=-342.6994, NLL=-1161.6086, KL=14.5215, AvgS=499.93, ProxLoss=0.0000
2026-03-19 02:05:51,641 - Server_DefaultID - INFO - Training client 15 (16/30)...
2026-03-19 02:05:52,294 - Server_DefaultID - INFO - Client 15: Acc=52.66, Loss=-341.9577, NLL=-1161.7691, KL=14.7631, AvgS=500.00, ProxLoss=0.0000
2026-03-19 02:05:52,294 - Server_DefaultID - INFO - Training client 40 (17/30)...
2026-03-19 02:05:53,899 - Server_DefaultID - INFO - Client 40: Acc=95.16, Loss=-343.6598, NLL=-1161.6764, KL=14.0974, AvgS=499.96, ProxLoss=0.0000
2026-03-19 02:05:53,899 - Server_DefaultID - INFO - Training client 32 (18/30)...
2026-03-19 02:05:55,417 - Server_DefaultID - INFO - Client 32: Acc=96.41, Loss=-342.5225, NLL=-1161.6848, KL=14.6771, AvgS=499.96, ProxLoss=0.0000
2026-03-19 02:05:55,417 - Server_DefaultID - INFO - Training client 98 (19/30)...
2026-03-19 02:05:56,333 - Server_DefaultID - INFO - Client 98: Acc=96.88, Loss=-340.4310, NLL=-1161.6386, KL=14.5132, AvgS=499.94, ProxLoss=0.0000
2026-03-19 02:05:56,333 - Server_DefaultID - INFO - Training client 58 (20/30)...
2026-03-19 02:05:59,149 - Server_DefaultID - INFO - Client 58: Acc=86.12, Loss=-340.5864, NLL=-1161.7603, KL=14.5688, AvgS=500.00, ProxLoss=0.0000
2026-03-19 02:05:59,149 - Server_DefaultID - INFO - Training client 61 (21/30)...
2026-03-19 02:06:00,536 - Server_DefaultID - INFO - Client 61: Acc=91.56, Loss=-344.3709, NLL=-1161.7005, KL=13.1907, AvgS=499.97, ProxLoss=0.0000
2026-03-19 02:06:00,536 - Server_DefaultID - INFO - Training client 28 (22/30)...
2026-03-19 02:06:00,974 - Server_DefaultID - INFO - Client 28: Acc=92.81, Loss=-340.3746, NLL=-1160.0682, KL=14.7304, AvgS=499.27, ProxLoss=0.0000
2026-03-19 02:06:00,974 - Server_DefaultID - INFO - Training client 41 (23/30)...
2026-03-19 02:06:02,726 - Server_DefaultID - INFO - Client 41: Acc=97.70, Loss=-341.3333, NLL=-1161.7377, KL=14.7902, AvgS=499.99, ProxLoss=0.0000
2026-03-19 02:06:02,727 - Server_DefaultID - INFO - Training client 14 (24/30)...
2026-03-19 02:06:04,904 - Server_DefaultID - INFO - Client 14: Acc=89.51, Loss=-340.4638, NLL=-1161.7584, KL=14.5145, AvgS=500.00, ProxLoss=0.0000
2026-03-19 02:06:04,904 - Server_DefaultID - INFO - Training client 56 (25/30)...
2026-03-19 02:06:06,901 - Server_DefaultID - INFO - Client 56: Acc=86.88, Loss=-341.5753, NLL=-1161.6682, KL=14.8800, AvgS=499.96, ProxLoss=0.0000
2026-03-19 02:06:06,901 - Server_DefaultID - INFO - Training client 22 (26/30)...
2026-03-19 02:06:07,597 - Server_DefaultID - INFO - Client 22: Acc=92.50, Loss=-342.2202, NLL=-1161.3348, KL=14.6246, AvgS=499.81, ProxLoss=0.0000
2026-03-19 02:06:07,597 - Server_DefaultID - INFO - Training client 33 (27/30)...
2026-03-19 02:06:09,272 - Server_DefaultID - INFO - Client 33: Acc=92.46, Loss=-343.7942, NLL=-1161.7215, KL=13.9452, AvgS=499.98, ProxLoss=0.0000
2026-03-19 02:06:09,272 - Server_DefaultID - INFO - Training client 0 (28/30)...
2026-03-19 02:06:09,731 - Server_DefaultID - INFO - Client 0: Acc=31.25, Loss=-341.6533, NLL=-1160.6926, KL=14.7724, AvgS=499.54, ProxLoss=0.0000
2026-03-19 02:06:09,731 - Server_DefaultID - INFO - Training client 77 (29/30)...
2026-03-19 02:06:13,058 - Server_DefaultID - INFO - Client 77: Acc=98.31, Loss=-341.5419, NLL=-1161.7256, KL=14.8540, AvgS=499.98, ProxLoss=0.0000
2026-03-19 02:06:13,059 - Server_DefaultID - INFO - Training client 20 (30/30)...
2026-03-19 02:06:14,651 - Server_DefaultID - INFO - Client 20: Acc=94.48, Loss=-344.5793, NLL=-1161.7411, KL=13.0046, AvgS=499.99, ProxLoss=0.0000
2026-03-19 02:06:14,818 - Server_DefaultID - WARNING - Global prior extremely imbalanced (max/min=1.0), applied adaptive smoothing lam=0.10.
2026-03-19 02:06:14,818 - Server_DefaultID - INFO - Round [72/200] Summary | Avg Client Train Stats:	Loss [-341.3992]	 Acc [93.19]	NLL [-1161.0385]	 KL [14.4796]	AvgS [499.68]	 ProxLoss [0.0000]
GlobalPriorAlpha (first 10): [5.0, 5.0, 5.0, 5.0, 5.0, 5.0, 5.0, 5.0, 5.0, 5.0]
Round Time: 54.88s
2026-03-19 02:06:14,821 - Server_DefaultID - INFO - --- Global Round 73/200 ---
2026-03-19 02:06:14,821 - Server_DefaultID - INFO - Selected 30 active clients for round 73.
2026-03-19 02:06:14,821 - Server_DefaultID - INFO - Training client 92 (1/30)...
2026-03-19 02:06:16,029 - Server_DefaultID - INFO - Client 92: Acc=95.31, Loss=-341.6728, NLL=-1161.7317, KL=14.7335, AvgS=499.98, ProxLoss=0.0000
2026-03-19 02:06:16,029 - Server_DefaultID - INFO - Training client 77 (2/30)...
2026-03-19 02:06:19,452 - Server_DefaultID - INFO - Client 77: Acc=98.65, Loss=-341.4927, NLL=-1161.7644, KL=14.8443, AvgS=500.00, ProxLoss=0.0000
2026-03-19 02:06:19,452 - Server_DefaultID - INFO - Training client 95 (3/30)...
2026-03-19 02:06:21,676 - Server_DefaultID - INFO - Client 95: Acc=96.28, Loss=-340.8978, NLL=-1161.7682, KL=14.6583, AvgS=500.00, ProxLoss=0.0000
2026-03-19 02:06:21,676 - Server_DefaultID - INFO - Training client 20 (4/30)...
2026-03-19 02:06:23,328 - Server_DefaultID - INFO - Client 20: Acc=95.42, Loss=-344.6913, NLL=-1161.7388, KL=12.8925, AvgS=499.99, ProxLoss=0.0000
2026-03-19 02:06:23,328 - Server_DefaultID - INFO - Training client 43 (5/30)...
2026-03-19 02:06:25,846 - Server_DefaultID - INFO - Client 43: Acc=97.30, Loss=-341.6006, NLL=-1161.7529, KL=14.8948, AvgS=499.99, ProxLoss=0.0000
2026-03-19 02:06:25,846 - Server_DefaultID - INFO - Training client 89 (6/30)...
2026-03-19 02:06:29,018 - Server_DefaultID - INFO - Client 89: Acc=99.20, Loss=-340.2524, NLL=-1161.7536, KL=14.2584, AvgS=499.99, ProxLoss=0.0000
2026-03-19 02:06:29,019 - Server_DefaultID - INFO - Training client 51 (7/30)...
2026-03-19 02:06:29,667 - Server_DefaultID - INFO - Client 51: Acc=70.78, Loss=-343.8437, NLL=-1161.0765, KL=12.9128, AvgS=499.70, ProxLoss=0.0000
2026-03-19 02:06:29,667 - Server_DefaultID - INFO - Training client 85 (8/30)...
2026-03-19 02:06:33,359 - Server_DefaultID - INFO - Client 85: Acc=99.74, Loss=-339.5805, NLL=-1161.7587, KL=13.7204, AvgS=500.00, ProxLoss=0.0000
2026-03-19 02:06:33,359 - Server_DefaultID - INFO - Training client 53 (9/30)...
2026-03-19 02:06:35,557 - Server_DefaultID - INFO - Client 53: Acc=98.22, Loss=-341.1006, NLL=-1161.7619, KL=14.6446, AvgS=500.00, ProxLoss=0.0000
2026-03-19 02:06:35,557 - Server_DefaultID - INFO - Training client 49 (10/30)...
2026-03-19 02:06:37,153 - Server_DefaultID - INFO - Client 49: Acc=95.49, Loss=-341.5646, NLL=-1161.7461, KL=14.8947, AvgS=499.99, ProxLoss=0.0000
2026-03-19 02:06:37,153 - Server_DefaultID - INFO - Training client 2 (11/30)...
2026-03-19 02:06:39,268 - Server_DefaultID - INFO - Client 2: Acc=79.20, Loss=-341.6439, NLL=-1161.7249, KL=14.8382, AvgS=499.98, ProxLoss=0.0000
2026-03-19 02:06:39,269 - Server_DefaultID - INFO - Training client 94 (12/30)...
2026-03-19 02:06:41,920 - Server_DefaultID - INFO - Client 94: Acc=97.16, Loss=-341.7762, NLL=-1161.7642, KL=14.8410, AvgS=500.00, ProxLoss=0.0000
2026-03-19 02:06:41,920 - Server_DefaultID - INFO - Training client 44 (13/30)...
2026-03-19 02:06:44,102 - Server_DefaultID - INFO - Client 44: Acc=97.88, Loss=-341.4526, NLL=-1161.7373, KL=14.8439, AvgS=499.99, ProxLoss=0.0000
2026-03-19 02:06:44,102 - Server_DefaultID - INFO - Training client 38 (14/30)...
2026-03-19 02:06:44,757 - Server_DefaultID - INFO - Client 38: Acc=85.78, Loss=-344.5818, NLL=-1161.5024, KL=12.5511, AvgS=499.88, ProxLoss=0.0000
2026-03-19 02:06:44,757 - Server_DefaultID - INFO - Training client 70 (15/30)...
2026-03-19 02:06:46,114 - Server_DefaultID - INFO - Client 70: Acc=83.94, Loss=-340.6248, NLL=-1161.6283, KL=14.5957, AvgS=499.94, ProxLoss=0.0000
2026-03-19 02:06:46,114 - Server_DefaultID - INFO - Training client 47 (16/30)...
2026-03-19 02:06:47,718 - Server_DefaultID - INFO - Client 47: Acc=96.15, Loss=-343.6721, NLL=-1161.7251, KL=14.0668, AvgS=499.98, ProxLoss=0.0000
2026-03-19 02:06:47,718 - Server_DefaultID - INFO - Training client 68 (17/30)...
2026-03-19 02:06:50,154 - Server_DefaultID - INFO - Client 68: Acc=98.85, Loss=-340.5272, NLL=-1161.7593, KL=14.5145, AvgS=500.00, ProxLoss=0.0000
2026-03-19 02:06:50,154 - Server_DefaultID - INFO - Training client 73 (18/30)...
2026-03-19 02:06:53,227 - Server_DefaultID - INFO - Client 73: Acc=97.98, Loss=-341.0889, NLL=-1161.7213, KL=14.6886, AvgS=499.98, ProxLoss=0.0000
2026-03-19 02:06:53,228 - Server_DefaultID - INFO - Training client 91 (19/30)...
2026-03-19 02:06:54,203 - Server_DefaultID - INFO - Client 91: Acc=98.12, Loss=-340.3838, NLL=-1161.4683, KL=14.5117, AvgS=499.87, ProxLoss=0.0000
2026-03-19 02:06:54,204 - Server_DefaultID - INFO - Training client 41 (20/30)...
2026-03-19 02:06:56,214 - Server_DefaultID - INFO - Client 41: Acc=98.09, Loss=-341.1169, NLL=-1161.7616, KL=14.7237, AvgS=500.00, ProxLoss=0.0000
2026-03-19 02:06:56,214 - Server_DefaultID - INFO - Training client 17 (21/30)...
2026-03-19 02:06:57,003 - Server_DefaultID - INFO - Client 17: Acc=83.44, Loss=-342.7556, NLL=-1161.7125, KL=14.5231, AvgS=499.98, ProxLoss=0.0000
2026-03-19 02:06:57,003 - Server_DefaultID - INFO - Training client 93 (22/30)...
2026-03-19 02:06:57,664 - Server_DefaultID - INFO - Client 93: Acc=54.38, Loss=-342.6080, NLL=-1161.6635, KL=14.5115, AvgS=499.95, ProxLoss=0.0000
2026-03-19 02:06:57,665 - Server_DefaultID - INFO - Training client 19 (23/30)...
2026-03-19 02:07:00,803 - Server_DefaultID - INFO - Client 19: Acc=95.27, Loss=-340.4290, NLL=-1161.7489, KL=14.4872, AvgS=499.99, ProxLoss=0.0000
2026-03-19 02:07:00,803 - Server_DefaultID - INFO - Training client 3 (24/30)...
2026-03-19 02:07:02,461 - Server_DefaultID - INFO - Client 3: Acc=65.78, Loss=-343.4626, NLL=-1161.7315, KL=13.7417, AvgS=499.98, ProxLoss=0.0000
2026-03-19 02:07:02,461 - Server_DefaultID - INFO - Training client 12 (25/30)...
2026-03-19 02:07:03,800 - Server_DefaultID - INFO - Client 12: Acc=71.62, Loss=-343.4812, NLL=-1161.7634, KL=13.8503, AvgS=500.00, ProxLoss=0.0000
2026-03-19 02:07:03,800 - Server_DefaultID - INFO - Training client 42 (26/30)...
2026-03-19 02:07:06,493 - Server_DefaultID - INFO - Client 42: Acc=95.68, Loss=-341.6108, NLL=-1161.7532, KL=14.7113, AvgS=499.99, ProxLoss=0.0000
2026-03-19 02:07:06,493 - Server_DefaultID - INFO - Training client 80 (27/30)...
2026-03-19 02:07:06,933 - Server_DefaultID - INFO - Client 80: Acc=60.31, Loss=-342.9894, NLL=-1161.7636, KL=14.3502, AvgS=500.00, ProxLoss=0.0000
2026-03-19 02:07:06,933 - Server_DefaultID - INFO - Training client 71 (28/30)...
2026-03-19 02:07:07,618 - Server_DefaultID - INFO - Client 71: Acc=85.78, Loss=-342.5901, NLL=-1161.2152, KL=14.5050, AvgS=499.76, ProxLoss=0.0000
2026-03-19 02:07:07,618 - Server_DefaultID - INFO - Training client 39 (29/30)...
2026-03-19 02:07:11,121 - Server_DefaultID - INFO - Client 39: Acc=97.60, Loss=-341.9418, NLL=-1161.7563, KL=14.8529, AvgS=499.99, ProxLoss=0.0000
2026-03-19 02:07:11,122 - Server_DefaultID - INFO - Training client 96 (30/30)...
2026-03-19 02:07:13,382 - Server_DefaultID - INFO - Client 96: Acc=96.63, Loss=-341.9609, NLL=-1161.7544, KL=14.7214, AvgS=499.99, ProxLoss=0.0000
2026-03-19 02:07:13,567 - Server_DefaultID - WARNING - Global prior extremely imbalanced (max/min=1.0), applied adaptive smoothing lam=0.10.
2026-03-19 02:07:13,568 - Server_DefaultID - INFO - Round [73/200] Summary | Avg Client Train Stats:	Loss [-341.5091]	 Acc [93.71]	NLL [-1161.7279]	 KL [14.4943]	AvgS [499.98]	 ProxLoss [0.0000]
GlobalPriorAlpha (first 10): [5.0, 5.0, 5.0, 5.0, 5.0, 5.0, 5.0, 5.0, 5.0, 5.0]
Round Time: 58.75s
2026-03-19 02:07:13,570 - Server_DefaultID - INFO - --- Global Round 74/200 ---
2026-03-19 02:07:13,571 - Server_DefaultID - INFO - Selected 30 active clients for round 74.
2026-03-19 02:07:13,571 - Server_DefaultID - INFO - Training client 72 (1/30)...
2026-03-19 02:07:14,691 - Server_DefaultID - INFO - Client 72: Acc=98.59, Loss=-341.1312, NLL=-1161.7696, KL=14.7428, AvgS=500.00, ProxLoss=0.0000
2026-03-19 02:07:14,691 - Server_DefaultID - INFO - Training client 82 (2/30)...
2026-03-19 02:07:16,011 - Server_DefaultID - INFO - Client 82: Acc=96.69, Loss=-341.4979, NLL=-1161.7675, KL=14.7816, AvgS=500.00, ProxLoss=0.0000
2026-03-19 02:07:16,011 - Server_DefaultID - INFO - Training client 66 (3/30)...
2026-03-19 02:07:17,620 - Server_DefaultID - INFO - Client 66: Acc=87.86, Loss=-341.1353, NLL=-1161.7292, KL=14.8076, AvgS=499.98, ProxLoss=0.0000
2026-03-19 02:07:17,620 - Server_DefaultID - INFO - Training client 12 (4/30)...
2026-03-19 02:07:18,860 - Server_DefaultID - INFO - Client 12: Acc=72.06, Loss=-343.3858, NLL=-1161.7336, KL=13.9241, AvgS=499.98, ProxLoss=0.0000
2026-03-19 02:07:18,861 - Server_DefaultID - INFO - Training client 84 (5/30)...
2026-03-19 02:07:19,270 - Server_DefaultID - INFO - Client 84: Acc=86.79, Loss=-334.8762, NLL=-1141.6166, KL=14.7732, AvgS=491.29, ProxLoss=0.0000
2026-03-19 02:07:19,270 - Server_DefaultID - INFO - Training client 6 (6/30)...
2026-03-19 02:07:20,075 - Server_DefaultID - INFO - Client 6: Acc=75.52, Loss=-341.4431, NLL=-1161.7049, KL=14.7735, AvgS=499.97, ProxLoss=0.0000
2026-03-19 02:07:20,075 - Server_DefaultID - INFO - Training client 24 (7/30)...
2026-03-19 02:07:20,509 - Server_DefaultID - INFO - Client 24: Acc=51.88, Loss=-339.4904, NLL=-1146.6502, KL=12.4744, AvgS=493.47, ProxLoss=0.0000
2026-03-19 02:07:20,509 - Server_DefaultID - INFO - Training client 45 (8/30)...
2026-03-19 02:07:22,498 - Server_DefaultID - INFO - Client 45: Acc=81.64, Loss=-341.5228, NLL=-1161.7474, KL=14.8809, AvgS=499.99, ProxLoss=0.0000
2026-03-19 02:07:22,498 - Server_DefaultID - INFO - Training client 38 (9/30)...
2026-03-19 02:07:23,120 - Server_DefaultID - INFO - Client 38: Acc=87.81, Loss=-344.5405, NLL=-1161.3377, KL=12.4240, AvgS=499.81, ProxLoss=0.0000
2026-03-19 02:07:23,120 - Server_DefaultID - INFO - Training client 1 (10/30)...
2026-03-19 02:07:23,733 - Server_DefaultID - INFO - Client 1: Acc=44.06, Loss=-341.8552, NLL=-1161.6851, KL=14.7827, AvgS=499.96, ProxLoss=0.0000
2026-03-19 02:07:23,734 - Server_DefaultID - INFO - Training client 78 (11/30)...
2026-03-19 02:07:30,407 - Server_DefaultID - INFO - Client 78: Acc=96.59, Loss=-341.6258, NLL=-1161.7485, KL=14.6935, AvgS=499.99, ProxLoss=0.0000
2026-03-19 02:07:30,407 - Server_DefaultID - INFO - Training client 85 (12/30)...
2026-03-19 02:07:33,099 - Server_DefaultID - INFO - Client 85: Acc=99.74, Loss=-339.5309, NLL=-1161.7533, KL=13.7204, AvgS=499.99, ProxLoss=0.0000
2026-03-19 02:07:33,099 - Server_DefaultID - INFO - Training client 19 (13/30)...
2026-03-19 02:07:36,378 - Server_DefaultID - INFO - Client 19: Acc=95.80, Loss=-340.4393, NLL=-1161.7605, KL=14.5146, AvgS=500.00, ProxLoss=0.0000
2026-03-19 02:07:36,379 - Server_DefaultID - INFO - Training client 75 (14/30)...
2026-03-19 02:07:39,445 - Server_DefaultID - INFO - Client 75: Acc=98.01, Loss=-340.7401, NLL=-1161.7669, KL=14.5973, AvgS=500.00, ProxLoss=0.0000
2026-03-19 02:07:39,445 - Server_DefaultID - INFO - Training client 59 (15/30)...
2026-03-19 02:07:41,511 - Server_DefaultID - INFO - Client 59: Acc=97.71, Loss=-341.9080, NLL=-1161.7465, KL=14.8577, AvgS=499.99, ProxLoss=0.0000
2026-03-19 02:07:41,511 - Server_DefaultID - INFO - Training client 48 (16/30)...
2026-03-19 02:07:45,530 - Server_DefaultID - INFO - Client 48: Acc=97.52, Loss=-341.9210, NLL=-1161.7545, KL=14.8223, AvgS=499.99, ProxLoss=0.0000
2026-03-19 02:07:45,530 - Server_DefaultID - INFO - Training client 0 (17/30)...
2026-03-19 02:07:45,932 - Server_DefaultID - INFO - Client 0: Acc=33.75, Loss=-341.5886, NLL=-1160.8411, KL=14.7778, AvgS=499.60, ProxLoss=0.0000
2026-03-19 02:07:45,932 - Server_DefaultID - INFO - Training client 20 (18/30)...
2026-03-19 02:07:47,542 - Server_DefaultID - INFO - Client 20: Acc=96.35, Loss=-344.7568, NLL=-1161.7526, KL=12.7427, AvgS=499.99, ProxLoss=0.0000
2026-03-19 02:07:47,542 - Server_DefaultID - INFO - Training client 91 (19/30)...
2026-03-19 02:07:48,344 - Server_DefaultID - INFO - Client 91: Acc=96.98, Loss=-340.3852, NLL=-1161.6710, KL=14.5136, AvgS=499.96, ProxLoss=0.0000
2026-03-19 02:07:48,345 - Server_DefaultID - INFO - Training client 92 (20/30)...
2026-03-19 02:07:49,352 - Server_DefaultID - INFO - Client 92: Acc=95.47, Loss=-341.5817, NLL=-1161.7211, KL=14.7850, AvgS=499.98, ProxLoss=0.0000
2026-03-19 02:07:49,352 - Server_DefaultID - INFO - Training client 77 (21/30)...
2026-03-19 02:07:52,949 - Server_DefaultID - INFO - Client 77: Acc=98.81, Loss=-341.4237, NLL=-1161.7686, KL=14.8342, AvgS=500.00, ProxLoss=0.0000
2026-03-19 02:07:52,949 - Server_DefaultID - INFO - Training client 25 (22/30)...
2026-03-19 02:07:53,678 - Server_DefaultID - INFO - Client 25: Acc=95.16, Loss=-341.2772, NLL=-1161.3035, KL=14.7447, AvgS=499.80, ProxLoss=0.0000
2026-03-19 02:07:53,678 - Server_DefaultID - INFO - Training client 90 (23/30)...
2026-03-19 02:07:55,944 - Client_90 - WARNING - Client 90: Too few classes (1) or samples (592) for alpha report, returning uniform.
2026-03-19 02:07:55,944 - Server_DefaultID - INFO - Client 90: Acc=100.00, Loss=-339.3301, NLL=-1161.7287, KL=13.5615, AvgS=499.98, ProxLoss=0.0000
2026-03-19 02:07:55,947 - Server_DefaultID - INFO - Training client 87 (24/30)...
2026-03-19 02:07:57,660 - Server_DefaultID - INFO - Client 87: Acc=95.00, Loss=-344.1189, NLL=-1161.7124, KL=13.5957, AvgS=499.98, ProxLoss=0.0000
2026-03-19 02:07:57,660 - Server_DefaultID - INFO - Training client 88 (25/30)...
2026-03-19 02:07:59,260 - Server_DefaultID - INFO - Client 88: Acc=93.18, Loss=-342.7616, NLL=-1161.6788, KL=14.5211, AvgS=499.96, ProxLoss=0.0000
2026-03-19 02:07:59,261 - Server_DefaultID - INFO - Training client 11 (26/30)...
2026-03-19 02:08:00,739 - Server_DefaultID - INFO - Client 11: Acc=89.06, Loss=-341.9080, NLL=-1161.7588, KL=14.8267, AvgS=500.00, ProxLoss=0.0000
2026-03-19 02:08:00,739 - Server_DefaultID - INFO - Training client 16 (27/30)...
2026-03-19 02:08:01,333 - Server_DefaultID - INFO - Client 16: Acc=55.47, Loss=-340.8599, NLL=-1161.0630, KL=14.8891, AvgS=499.69, ProxLoss=0.0000
2026-03-19 02:08:01,333 - Server_DefaultID - INFO - Training client 76 (28/30)...
2026-03-19 02:08:03,453 - Server_DefaultID - INFO - Client 76: Acc=97.54, Loss=-343.8169, NLL=-1161.7266, KL=13.8488, AvgS=499.98, ProxLoss=0.0000
2026-03-19 02:08:03,454 - Server_DefaultID - INFO - Training client 55 (29/30)...
2026-03-19 02:08:10,271 - Server_DefaultID - INFO - Client 55: Acc=95.36, Loss=-342.3389, NLL=-1161.7413, KL=14.8063, AvgS=499.99, ProxLoss=0.0000
2026-03-19 02:08:10,271 - Server_DefaultID - INFO - Training client 95 (30/30)...
2026-03-19 02:08:13,538 - Server_DefaultID - INFO - Client 95: Acc=96.49, Loss=-340.8142, NLL=-1161.7284, KL=14.6494, AvgS=499.98, ProxLoss=0.0000
2026-03-19 02:08:13,703 - Server_DefaultID - WARNING - Global prior extremely imbalanced (max/min=1.0), applied adaptive smoothing lam=0.10.
2026-03-19 02:08:13,703 - Server_DefaultID - INFO - Round [74/200] Summary | Avg Client Train Stats:	Loss [-341.6492]	 Acc [93.44]	NLL [-1161.5657]	 KL [14.4760]	AvgS [499.91]	 ProxLoss [0.0000]
GlobalPriorAlpha (first 10): [5.0, 5.0, 5.0, 5.0, 5.0, 5.0, 5.0, 5.0, 5.0, 5.0]
Round Time: 60.13s
2026-03-19 02:08:13,705 - Server_DefaultID - INFO - --- Global Round 75/200 ---
2026-03-19 02:08:13,706 - Server_DefaultID - INFO - Selected 30 active clients for round 75.
2026-03-19 02:08:13,706 - Server_DefaultID - INFO - Training client 62 (1/30)...
2026-03-19 02:08:14,293 - Server_DefaultID - INFO - Client 62: Acc=89.53, Loss=-342.4594, NLL=-1161.7381, KL=14.5399, AvgS=499.99, ProxLoss=0.0000
2026-03-19 02:08:14,294 - Server_DefaultID - INFO - Training client 27 (2/30)...
2026-03-19 02:08:15,022 - Server_DefaultID - INFO - Client 27: Acc=94.69, Loss=-343.0474, NLL=-1161.6467, KL=14.3953, AvgS=499.95, ProxLoss=0.0000
2026-03-19 02:08:15,022 - Server_DefaultID - INFO - Training client 70 (3/30)...
2026-03-19 02:08:16,516 - Server_DefaultID - INFO - Client 70: Acc=85.81, Loss=-340.6314, NLL=-1161.6650, KL=14.6504, AvgS=499.95, ProxLoss=0.0000
2026-03-19 02:08:16,516 - Server_DefaultID - INFO - Training client 14 (4/30)...
2026-03-19 02:08:18,996 - Server_DefaultID - INFO - Client 14: Acc=94.62, Loss=-340.3615, NLL=-1161.7374, KL=14.5143, AvgS=499.99, ProxLoss=0.0000
2026-03-19 02:08:18,996 - Server_DefaultID - INFO - Training client 77 (5/30)...
2026-03-19 02:08:22,835 - Server_DefaultID - INFO - Client 77: Acc=98.77, Loss=-341.3829, NLL=-1161.7500, KL=14.8391, AvgS=499.99, ProxLoss=0.0000
2026-03-19 02:08:22,835 - Server_DefaultID - INFO - Training client 81 (6/30)...
2026-03-19 02:08:24,669 - Server_DefaultID - INFO - Client 81: Acc=97.46, Loss=-341.7362, NLL=-1161.6905, KL=14.8516, AvgS=499.97, ProxLoss=0.0000
2026-03-19 02:08:24,669 - Server_DefaultID - INFO - Training client 80 (7/30)...
2026-03-19 02:08:25,215 - Server_DefaultID - INFO - Client 80: Acc=68.12, Loss=-342.4762, NLL=-1161.2485, KL=14.4525, AvgS=499.78, ProxLoss=0.0000
2026-03-19 02:08:25,215 - Server_DefaultID - INFO - Training client 79 (8/30)...
2026-03-19 02:08:26,635 - Server_DefaultID - INFO - Client 79: Acc=93.75, Loss=-340.3211, NLL=-1161.7271, KL=14.5141, AvgS=499.98, ProxLoss=0.0000
2026-03-19 02:08:26,635 - Server_DefaultID - INFO - Training client 72 (9/30)...
2026-03-19 02:08:27,806 - Server_DefaultID - INFO - Client 72: Acc=98.75, Loss=-341.1153, NLL=-1161.6546, KL=14.7795, AvgS=499.95, ProxLoss=0.0000
2026-03-19 02:08:27,806 - Server_DefaultID - INFO - Training client 8 (10/30)...
2026-03-19 02:08:28,574 - Server_DefaultID - INFO - Client 8: Acc=86.41, Loss=-341.3907, NLL=-1161.0069, KL=14.8445, AvgS=499.67, ProxLoss=0.0000
2026-03-19 02:08:28,574 - Server_DefaultID - INFO - Training client 73 (11/30)...
2026-03-19 02:08:31,742 - Server_DefaultID - INFO - Client 73: Acc=98.03, Loss=-340.9915, NLL=-1161.7350, KL=14.6829, AvgS=499.98, ProxLoss=0.0000
2026-03-19 02:08:31,742 - Server_DefaultID - INFO - Training client 20 (12/30)...
2026-03-19 02:08:33,281 - Server_DefaultID - INFO - Client 20: Acc=95.73, Loss=-344.7155, NLL=-1161.7401, KL=12.7422, AvgS=499.99, ProxLoss=0.0000
2026-03-19 02:08:33,281 - Server_DefaultID - INFO - Training client 24 (13/30)...
2026-03-19 02:08:33,718 - Server_DefaultID - INFO - Client 24: Acc=60.31, Loss=-340.5785, NLL=-1150.7453, KL=12.7454, AvgS=495.24, ProxLoss=0.0000
2026-03-19 02:08:33,718 - Server_DefaultID - INFO - Training client 13 (14/30)...
2026-03-19 02:08:34,162 - Server_DefaultID - INFO - Client 13: Acc=59.69, Loss=-340.3972, NLL=-1160.7528, KL=14.8090, AvgS=499.56, ProxLoss=0.0000
2026-03-19 02:08:34,163 - Server_DefaultID - INFO - Training client 12 (15/30)...
2026-03-19 02:08:35,625 - Server_DefaultID - INFO - Client 12: Acc=76.88, Loss=-343.6098, NLL=-1161.7058, KL=13.7690, AvgS=499.97, ProxLoss=0.0000
2026-03-19 02:08:35,625 - Server_DefaultID - INFO - Training client 33 (16/30)...
2026-03-19 02:08:37,521 - Server_DefaultID - INFO - Client 33: Acc=92.63, Loss=-343.5845, NLL=-1161.7603, KL=14.0185, AvgS=500.00, ProxLoss=0.0000
2026-03-19 02:08:37,522 - Server_DefaultID - INFO - Training client 25 (17/30)...
2026-03-19 02:08:38,135 - Server_DefaultID - INFO - Client 25: Acc=95.47, Loss=-341.2682, NLL=-1161.2247, KL=14.5829, AvgS=499.76, ProxLoss=0.0000
2026-03-19 02:08:38,135 - Server_DefaultID - INFO - Training client 97 (18/30)...
2026-03-19 02:08:45,445 - Server_DefaultID - INFO - Client 97: Acc=99.56, Loss=-339.5850, NLL=-1161.7602, KL=13.7904, AvgS=500.00, ProxLoss=0.0000
2026-03-19 02:08:45,445 - Server_DefaultID - INFO - Training client 41 (19/30)...
2026-03-19 02:08:47,619 - Server_DefaultID - INFO - Client 41: Acc=98.44, Loss=-341.1571, NLL=-1161.7527, KL=14.7097, AvgS=499.99, ProxLoss=0.0000
2026-03-19 02:08:47,619 - Server_DefaultID - INFO - Training client 11 (20/30)...
2026-03-19 02:08:49,218 - Server_DefaultID - INFO - Client 11: Acc=91.93, Loss=-342.0797, NLL=-1161.7699, KL=14.8247, AvgS=500.00, ProxLoss=0.0000
2026-03-19 02:08:49,218 - Server_DefaultID - INFO - Training client 16 (21/30)...
2026-03-19 02:08:49,937 - Server_DefaultID - INFO - Client 16: Acc=61.09, Loss=-341.0180, NLL=-1161.7114, KL=14.8564, AvgS=499.97, ProxLoss=0.0000
2026-03-19 02:08:49,937 - Server_DefaultID - INFO - Training client 52 (22/30)...
2026-03-19 02:08:50,966 - Server_DefaultID - INFO - Client 52: Acc=88.54, Loss=-341.7102, NLL=-1161.7598, KL=14.8579, AvgS=500.00, ProxLoss=0.0000
2026-03-19 02:08:50,966 - Server_DefaultID - INFO - Training client 98 (23/30)...
2026-03-19 02:08:51,908 - Server_DefaultID - INFO - Client 98: Acc=97.29, Loss=-340.3769, NLL=-1161.7522, KL=14.5144, AvgS=499.99, ProxLoss=0.0000
2026-03-19 02:08:51,908 - Server_DefaultID - INFO - Training client 61 (24/30)...
2026-03-19 02:08:53,334 - Server_DefaultID - INFO - Client 61: Acc=93.00, Loss=-344.0195, NLL=-1161.6920, KL=13.4195, AvgS=499.97, ProxLoss=0.0000
2026-03-19 02:08:53,334 - Server_DefaultID - INFO - Training client 49 (25/30)...
2026-03-19 02:08:55,113 - Server_DefaultID - INFO - Client 49: Acc=96.16, Loss=-341.5072, NLL=-1161.7699, KL=14.8950, AvgS=500.00, ProxLoss=0.0000
2026-03-19 02:08:55,113 - Server_DefaultID - INFO - Training client 48 (26/30)...
2026-03-19 02:08:59,331 - Server_DefaultID - INFO - Client 48: Acc=97.24, Loss=-341.8491, NLL=-1161.7551, KL=14.8192, AvgS=499.99, ProxLoss=0.0000
2026-03-19 02:08:59,332 - Server_DefaultID - INFO - Training client 47 (27/30)...
2026-03-19 02:09:00,978 - Server_DefaultID - INFO - Client 47: Acc=96.88, Loss=-343.5094, NLL=-1161.7181, KL=14.1212, AvgS=499.98, ProxLoss=0.0000
2026-03-19 02:09:00,979 - Server_DefaultID - INFO - Training client 85 (28/30)...
2026-03-19 02:09:03,937 - Server_DefaultID - INFO - Client 85: Acc=99.77, Loss=-339.4794, NLL=-1161.7618, KL=13.7045, AvgS=500.00, ProxLoss=0.0000
2026-03-19 02:09:03,937 - Server_DefaultID - INFO - Training client 46 (29/30)...
2026-03-19 02:09:05,985 - Server_DefaultID - INFO - Client 46: Acc=91.72, Loss=-341.6274, NLL=-1161.7021, KL=14.8719, AvgS=499.97, ProxLoss=0.0000
2026-03-19 02:09:05,985 - Server_DefaultID - INFO - Training client 1 (30/30)...
2026-03-19 02:09:06,677 - Server_DefaultID - INFO - Client 1: Acc=55.31, Loss=-342.0287, NLL=-1161.7390, KL=14.7836, AvgS=499.99, ProxLoss=0.0000
2026-03-19 02:09:06,962 - Server_DefaultID - WARNING - Global prior extremely imbalanced (max/min=1.0), applied adaptive smoothing lam=0.10.
2026-03-19 02:09:06,962 - Server_DefaultID - INFO - Round [75/200] Summary | Avg Client Train Stats:	Loss [-341.3983]	 Acc [93.89]	NLL [-1161.6313]	 KL [14.3772]	AvgS [499.94]	 ProxLoss [0.0000]
GlobalPriorAlpha (first 10): [5.0, 5.0, 5.0, 5.0, 5.0, 5.0, 5.0, 5.0, 5.0, 5.0]
Round Time: 53.26s
2026-03-19 02:09:06,965 - Server_DefaultID - INFO - --- Global Round 76/200 ---
2026-03-19 02:09:06,965 - Server_DefaultID - INFO - Selected 30 active clients for round 76.
2026-03-19 02:09:06,965 - Server_DefaultID - INFO - Training client 32 (1/30)...
2026-03-19 02:09:08,643 - Server_DefaultID - INFO - Client 32: Acc=97.86, Loss=-342.2430, NLL=-1161.7343, KL=14.7537, AvgS=499.98, ProxLoss=0.0000
2026-03-19 02:09:08,644 - Server_DefaultID - INFO - Training client 8 (2/30)...
2026-03-19 02:09:09,384 - Server_DefaultID - INFO - Client 8: Acc=87.19, Loss=-341.5276, NLL=-1161.4872, KL=14.8484, AvgS=499.88, ProxLoss=0.0000
2026-03-19 02:09:09,384 - Server_DefaultID - INFO - Training client 54 (3/30)...
2026-03-19 02:09:10,098 - Server_DefaultID - INFO - Client 54: Acc=80.78, Loss=-340.5799, NLL=-1161.1311, KL=14.7755, AvgS=499.72, ProxLoss=0.0000
2026-03-19 02:09:10,098 - Server_DefaultID - INFO - Training client 92 (4/30)...
2026-03-19 02:09:11,329 - Server_DefaultID - INFO - Client 92: Acc=95.70, Loss=-341.2921, NLL=-1161.6801, KL=14.6745, AvgS=499.96, ProxLoss=0.0000
2026-03-19 02:09:11,329 - Server_DefaultID - INFO - Training client 2 (5/30)...
2026-03-19 02:09:13,554 - Server_DefaultID - INFO - Client 2: Acc=80.31, Loss=-341.5851, NLL=-1161.7664, KL=14.8580, AvgS=500.00, ProxLoss=0.0000
2026-03-19 02:09:13,554 - Server_DefaultID - INFO - Training client 73 (6/30)...
2026-03-19 02:09:16,892 - Server_DefaultID - INFO - Client 73: Acc=98.08, Loss=-340.9327, NLL=-1161.7390, KL=14.6847, AvgS=499.99, ProxLoss=0.0000
2026-03-19 02:09:16,892 - Server_DefaultID - INFO - Training client 76 (7/30)...
2026-03-19 02:09:20,008 - Server_DefaultID - INFO - Client 76: Acc=97.77, Loss=-343.7687, NLL=-1161.7685, KL=13.8769, AvgS=500.00, ProxLoss=0.0000
2026-03-19 02:09:20,008 - Server_DefaultID - INFO - Training client 87 (8/30)...
2026-03-19 02:09:21,774 - Server_DefaultID - INFO - Client 87: Acc=95.94, Loss=-344.0168, NLL=-1161.6994, KL=13.6327, AvgS=499.97, ProxLoss=0.0000
2026-03-19 02:09:21,774 - Server_DefaultID - INFO - Training client 66 (9/30)...
2026-03-19 02:09:23,614 - Server_DefaultID - INFO - Client 66: Acc=88.17, Loss=-341.0732, NLL=-1161.7675, KL=14.8080, AvgS=500.00, ProxLoss=0.0000
2026-03-19 02:09:23,614 - Server_DefaultID - INFO - Training client 86 (10/30)...
2026-03-19 02:09:24,980 - Server_DefaultID - INFO - Client 86: Acc=93.31, Loss=-341.6036, NLL=-1161.6184, KL=14.7298, AvgS=499.93, ProxLoss=0.0000
2026-03-19 02:09:24,980 - Server_DefaultID - INFO - Training client 24 (11/30)...
2026-03-19 02:09:25,439 - Server_DefaultID - INFO - Client 24: Acc=58.75, Loss=-343.4061, NLL=-1159.2459, KL=12.5362, AvgS=498.91, ProxLoss=0.0000
2026-03-19 02:09:25,439 - Server_DefaultID - INFO - Training client 77 (12/30)...
2026-03-19 02:09:29,024 - Server_DefaultID - INFO - Client 77: Acc=98.77, Loss=-341.3632, NLL=-1161.7691, KL=14.8443, AvgS=500.00, ProxLoss=0.0000
2026-03-19 02:09:29,024 - Server_DefaultID - INFO - Training client 71 (13/30)...
2026-03-19 02:09:29,649 - Server_DefaultID - INFO - Client 71: Acc=84.38, Loss=-342.5683, NLL=-1161.6128, KL=14.5651, AvgS=499.93, ProxLoss=0.0000
2026-03-19 02:09:29,649 - Server_DefaultID - INFO - Training client 13 (14/30)...
2026-03-19 02:09:30,049 - Server_DefaultID - INFO - Client 13: Acc=52.50, Loss=-340.5925, NLL=-1160.8606, KL=14.8857, AvgS=499.61, ProxLoss=0.0000
2026-03-19 02:09:30,049 - Server_DefaultID - INFO - Training client 5 (15/30)...
2026-03-19 02:09:30,421 - Server_DefaultID - INFO - Client 5: Acc=71.56, Loss=-341.5929, NLL=-1159.1939, KL=14.5495, AvgS=498.89, ProxLoss=0.0000
2026-03-19 02:09:30,421 - Server_DefaultID - INFO - Training client 30 (16/30)...
2026-03-19 02:09:32,366 - Server_DefaultID - INFO - Client 30: Acc=98.63, Loss=-340.3914, NLL=-1161.7552, KL=14.5145, AvgS=499.99, ProxLoss=0.0000
2026-03-19 02:09:32,366 - Server_DefaultID - INFO - Training client 29 (17/30)...
2026-03-19 02:09:33,635 - Server_DefaultID - INFO - Client 29: Acc=82.03, Loss=-341.2493, NLL=-1161.7696, KL=14.8950, AvgS=500.00, ProxLoss=0.0000
2026-03-19 02:09:33,635 - Server_DefaultID - INFO - Training client 6 (18/30)...
2026-03-19 02:09:34,569 - Server_DefaultID - INFO - Client 6: Acc=85.10, Loss=-341.3797, NLL=-1161.6156, KL=14.7729, AvgS=499.93, ProxLoss=0.0000
2026-03-19 02:09:34,569 - Server_DefaultID - INFO - Training client 42 (19/30)...
2026-03-19 02:09:36,232 - Server_DefaultID - INFO - Client 42: Acc=97.03, Loss=-341.6687, NLL=-1161.7623, KL=14.7948, AvgS=500.00, ProxLoss=0.0000
2026-03-19 02:09:36,233 - Server_DefaultID - INFO - Training client 98 (20/30)...
2026-03-19 02:09:37,184 - Server_DefaultID - INFO - Client 98: Acc=97.29, Loss=-340.2704, NLL=-1161.5697, KL=14.5125, AvgS=499.91, ProxLoss=0.0000
2026-03-19 02:09:37,184 - Server_DefaultID - INFO - Training client 68 (21/30)...
2026-03-19 02:09:39,475 - Server_DefaultID - INFO - Client 68: Acc=97.88, Loss=-340.3727, NLL=-1161.7493, KL=14.5144, AvgS=499.99, ProxLoss=0.0000
2026-03-19 02:09:39,476 - Server_DefaultID - INFO - Training client 20 (22/30)...
2026-03-19 02:09:41,160 - Server_DefaultID - INFO - Client 20: Acc=97.29, Loss=-344.6540, NLL=-1161.7276, KL=12.7847, AvgS=499.98, ProxLoss=0.0000
2026-03-19 02:09:41,160 - Server_DefaultID - INFO - Training client 31 (23/30)...
2026-03-19 02:09:43,436 - Server_DefaultID - INFO - Client 31: Acc=97.92, Loss=-341.5933, NLL=-1161.7686, KL=14.8827, AvgS=500.00, ProxLoss=0.0000
2026-03-19 02:09:43,436 - Server_DefaultID - INFO - Training client 15 (24/30)...
2026-03-19 02:09:44,170 - Server_DefaultID - INFO - Client 15: Acc=60.94, Loss=-341.8859, NLL=-1161.7049, KL=14.7079, AvgS=499.97, ProxLoss=0.0000
2026-03-19 02:09:44,170 - Server_DefaultID - INFO - Training client 57 (25/30)...
2026-03-19 02:09:48,268 - Server_DefaultID - INFO - Client 57: Acc=97.98, Loss=-341.2010, NLL=-1161.7673, KL=14.7565, AvgS=500.00, ProxLoss=0.0000
2026-03-19 02:09:48,268 - Server_DefaultID - INFO - Training client 83 (26/30)...
2026-03-19 02:09:52,054 - Server_DefaultID - INFO - Client 83: Acc=99.78, Loss=-339.4205, NLL=-1161.7633, KL=13.6950, AvgS=500.00, ProxLoss=0.0000
2026-03-19 02:09:52,054 - Server_DefaultID - INFO - Training client 28 (27/30)...
2026-03-19 02:09:52,469 - Server_DefaultID - INFO - Client 28: Acc=91.56, Loss=-341.0791, NLL=-1160.8314, KL=14.7657, AvgS=499.60, ProxLoss=0.0000
2026-03-19 02:09:52,469 - Server_DefaultID - INFO - Training client 67 (28/30)...
2026-03-19 02:09:54,026 - Server_DefaultID - INFO - Client 67: Acc=96.93, Loss=-342.6807, NLL=-1161.6908, KL=14.6281, AvgS=499.97, ProxLoss=0.0000
2026-03-19 02:09:54,026 - Server_DefaultID - INFO - Training client 7 (29/30)...
2026-03-19 02:09:55,647 - Server_DefaultID - INFO - Client 7: Acc=51.51, Loss=-341.6494, NLL=-1161.7698, KL=14.7746, AvgS=500.00, ProxLoss=0.0000
2026-03-19 02:09:55,647 - Server_DefaultID - INFO - Training client 84 (30/30)...
2026-03-19 02:09:56,136 - Server_DefaultID - INFO - Client 84: Acc=86.79, Loss=-338.6322, NLL=-1154.1047, KL=14.8345, AvgS=496.69, ProxLoss=0.0000
2026-03-19 02:09:56,487 - Server_DefaultID - WARNING - Global prior extremely imbalanced (max/min=1.0), applied adaptive smoothing lam=0.10.
2026-03-19 02:09:56,487 - Server_DefaultID - INFO - Round [76/200] Summary | Avg Client Train Stats:	Loss [-341.5436]	 Acc [92.32]	NLL [-1161.6420]	 KL [14.5112]	AvgS [499.94]	 ProxLoss [0.0000]
GlobalPriorAlpha (first 10): [5.0, 5.0, 5.0, 5.0, 5.0, 5.0, 5.0, 5.0, 5.0, 5.0]
Round Time: 49.52s
2026-03-19 02:09:56,490 - Server_DefaultID - INFO - --- Global Round 77/200 ---
2026-03-19 02:09:56,490 - Server_DefaultID - INFO - Selected 30 active clients for round 77.
2026-03-19 02:09:56,490 - Server_DefaultID - INFO - Training client 16 (1/30)...
2026-03-19 02:09:57,169 - Server_DefaultID - INFO - Client 16: Acc=69.84, Loss=-341.0189, NLL=-1161.7687, KL=14.8569, AvgS=500.00, ProxLoss=0.0000
2026-03-19 02:09:57,169 - Server_DefaultID - INFO - Training client 29 (2/30)...
2026-03-19 02:09:58,287 - Server_DefaultID - INFO - Client 29: Acc=81.56, Loss=-341.1060, NLL=-1161.5462, KL=14.8929, AvgS=499.90, ProxLoss=0.0000
2026-03-19 02:09:58,287 - Server_DefaultID - INFO - Training client 58 (3/30)...
2026-03-19 02:10:00,067 - Server_DefaultID - INFO - Client 58: Acc=87.68, Loss=-340.3809, NLL=-1161.7663, KL=14.5688, AvgS=500.00, ProxLoss=0.0000
2026-03-19 02:10:00,067 - Server_DefaultID - INFO - Training client 24 (4/30)...
2026-03-19 02:10:00,501 - Server_DefaultID - INFO - Client 24: Acc=62.81, Loss=-343.7075, NLL=-1160.0095, KL=12.5346, AvgS=499.24, ProxLoss=0.0000
2026-03-19 02:10:00,501 - Server_DefaultID - INFO - Training client 13 (5/30)...
2026-03-19 02:10:00,952 - Server_DefaultID - INFO - Client 13: Acc=53.12, Loss=-340.5097, NLL=-1160.6948, KL=14.8095, AvgS=499.54, ProxLoss=0.0000
2026-03-19 02:10:00,952 - Server_DefaultID - INFO - Training client 10 (6/30)...
2026-03-19 02:10:02,091 - Server_DefaultID - INFO - Client 10: Acc=35.62, Loss=-343.0805, NLL=-1161.7055, KL=13.8242, AvgS=499.97, ProxLoss=0.0000
2026-03-19 02:10:02,091 - Server_DefaultID - INFO - Training client 48 (7/30)...
2026-03-19 02:10:06,078 - Server_DefaultID - INFO - Client 48: Acc=97.98, Loss=-341.7752, NLL=-1161.7635, KL=14.8193, AvgS=500.00, ProxLoss=0.0000
2026-03-19 02:10:06,078 - Server_DefaultID - INFO - Training client 28 (8/30)...
2026-03-19 02:10:06,512 - Server_DefaultID - INFO - Client 28: Acc=92.81, Loss=-340.6617, NLL=-1160.0640, KL=14.8816, AvgS=499.26, ProxLoss=0.0000
2026-03-19 02:10:06,512 - Server_DefaultID - INFO - Training client 18 (9/30)...
2026-03-19 02:10:10,339 - Server_DefaultID - INFO - Client 18: Acc=86.69, Loss=-341.7677, NLL=-1161.7377, KL=14.8126, AvgS=499.99, ProxLoss=0.0000
2026-03-19 02:10:10,339 - Server_DefaultID - INFO - Training client 17 (10/30)...
2026-03-19 02:10:10,958 - Server_DefaultID - INFO - Client 17: Acc=83.44, Loss=-342.5637, NLL=-1161.4072, KL=14.5100, AvgS=499.84, ProxLoss=0.0000
2026-03-19 02:10:10,958 - Server_DefaultID - INFO - Training client 64 (11/30)...
2026-03-19 02:10:11,359 - Server_DefaultID - INFO - Client 64: Acc=67.81, Loss=-341.6133, NLL=-1160.4319, KL=14.7749, AvgS=499.42, ProxLoss=0.0000
2026-03-19 02:10:11,360 - Server_DefaultID - INFO - Training client 8 (12/30)...
2026-03-19 02:10:12,095 - Server_DefaultID - INFO - Client 8: Acc=88.44, Loss=-341.1567, NLL=-1161.6875, KL=14.7959, AvgS=499.96, ProxLoss=0.0000
2026-03-19 02:10:12,095 - Server_DefaultID - INFO - Training client 70 (13/30)...
2026-03-19 02:10:13,365 - Server_DefaultID - INFO - Client 70: Acc=87.31, Loss=-340.5753, NLL=-1161.7262, KL=14.6511, AvgS=499.98, ProxLoss=0.0000
2026-03-19 02:10:13,365 - Server_DefaultID - INFO - Training client 85 (14/30)...
2026-03-19 02:10:16,472 - Server_DefaultID - INFO - Client 85: Acc=99.74, Loss=-339.4162, NLL=-1161.7599, KL=13.7204, AvgS=500.00, ProxLoss=0.0000
2026-03-19 02:10:16,472 - Server_DefaultID - INFO - Training client 44 (15/30)...
2026-03-19 02:10:18,777 - Server_DefaultID - INFO - Client 44: Acc=97.74, Loss=-341.3082, NLL=-1161.7427, KL=14.8525, AvgS=499.99, ProxLoss=0.0000
2026-03-19 02:10:18,777 - Server_DefaultID - INFO - Training client 4 (16/30)...
2026-03-19 02:10:20,401 - Server_DefaultID - INFO - Client 4: Acc=66.93, Loss=-342.9675, NLL=-1161.7115, KL=14.1226, AvgS=499.97, ProxLoss=0.0000
2026-03-19 02:10:20,401 - Server_DefaultID - INFO - Training client 46 (17/30)...
2026-03-19 02:10:22,524 - Server_DefaultID - INFO - Client 46: Acc=93.32, Loss=-341.5913, NLL=-1161.7641, KL=14.8605, AvgS=500.00, ProxLoss=0.0000
2026-03-19 02:10:22,524 - Server_DefaultID - INFO - Training client 43 (18/30)...
2026-03-19 02:10:26,534 - Server_DefaultID - INFO - Client 43: Acc=97.05, Loss=-341.4202, NLL=-1161.7480, KL=14.8948, AvgS=499.99, ProxLoss=0.0000
2026-03-19 02:10:26,534 - Server_DefaultID - INFO - Training client 68 (19/30)...
2026-03-19 02:10:28,833 - Server_DefaultID - INFO - Client 68: Acc=98.68, Loss=-340.3337, NLL=-1161.7300, KL=14.5143, AvgS=499.98, ProxLoss=0.0000
2026-03-19 02:10:28,834 - Server_DefaultID - INFO - Training client 93 (20/30)...
2026-03-19 02:10:29,526 - Server_DefaultID - INFO - Client 93: Acc=57.50, Loss=-342.4312, NLL=-1161.6879, KL=14.5116, AvgS=499.96, ProxLoss=0.0000
2026-03-19 02:10:29,526 - Server_DefaultID - INFO - Training client 79 (21/30)...
2026-03-19 02:10:30,915 - Server_DefaultID - INFO - Client 79: Acc=94.00, Loss=-340.2548, NLL=-1161.7658, KL=14.5145, AvgS=500.00, ProxLoss=0.0000
2026-03-19 02:10:30,915 - Server_DefaultID - INFO - Training client 45 (22/30)...
2026-03-19 02:10:33,103 - Server_DefaultID - INFO - Client 45: Acc=87.89, Loss=-341.4277, NLL=-1161.7479, KL=14.8809, AvgS=499.99, ProxLoss=0.0000
2026-03-19 02:10:33,104 - Server_DefaultID - INFO - Training client 73 (23/30)...
2026-03-19 02:10:36,226 - Server_DefaultID - INFO - Client 73: Acc=98.10, Loss=-340.9227, NLL=-1161.7449, KL=14.7040, AvgS=499.99, ProxLoss=0.0000
2026-03-19 02:10:36,226 - Server_DefaultID - INFO - Training client 56 (24/30)...
2026-03-19 02:10:38,458 - Server_DefaultID - INFO - Client 56: Acc=88.32, Loss=-341.3758, NLL=-1161.7220, KL=14.8806, AvgS=499.98, ProxLoss=0.0000
2026-03-19 02:10:38,458 - Server_DefaultID - INFO - Training client 57 (25/30)...
2026-03-19 02:10:42,645 - Server_DefaultID - INFO - Client 57: Acc=98.05, Loss=-341.0958, NLL=-1161.7503, KL=14.7625, AvgS=499.99, ProxLoss=0.0000
2026-03-19 02:10:42,645 - Server_DefaultID - INFO - Training client 15 (26/30)...
2026-03-19 02:10:43,377 - Server_DefaultID - INFO - Client 15: Acc=71.25, Loss=-341.9696, NLL=-1161.6438, KL=14.7936, AvgS=499.95, ProxLoss=0.0000
2026-03-19 02:10:43,377 - Server_DefaultID - INFO - Training client 75 (27/30)...
2026-03-19 02:10:45,395 - Server_DefaultID - INFO - Client 75: Acc=98.32, Loss=-340.5917, NLL=-1161.7498, KL=14.5972, AvgS=499.99, ProxLoss=0.0000
2026-03-19 02:10:45,395 - Server_DefaultID - INFO - Training client 51 (28/30)...
2026-03-19 02:10:46,042 - Server_DefaultID - INFO - Client 51: Acc=78.75, Loss=-344.1026, NLL=-1161.7590, KL=13.1547, AvgS=500.00, ProxLoss=0.0000
2026-03-19 02:10:46,042 - Server_DefaultID - INFO - Training client 98 (29/30)...
2026-03-19 02:10:46,860 - Server_DefaultID - INFO - Client 98: Acc=96.35, Loss=-340.2658, NLL=-1161.7022, KL=14.5138, AvgS=499.97, ProxLoss=0.0000
2026-03-19 02:10:46,861 - Server_DefaultID - INFO - Training client 9 (30/30)...
2026-03-19 02:10:48,659 - Server_DefaultID - INFO - Client 9: Acc=97.37, Loss=-340.2708, NLL=-1161.7184, KL=14.4160, AvgS=499.98, ProxLoss=0.0000
2026-03-19 02:10:48,965 - Server_DefaultID - WARNING - Global prior extremely imbalanced (max/min=1.0), applied adaptive smoothing lam=0.10.
2026-03-19 02:10:48,965 - Server_DefaultID - INFO - Round [77/200] Summary | Avg Client Train Stats:	Loss [-341.1811]	 Acc [90.23]	NLL [-1161.6891]	 KL [14.6045]	AvgS [499.97]	 ProxLoss [0.0000]
GlobalPriorAlpha (first 10): [5.0, 5.0, 5.0, 5.0, 5.0, 5.0, 5.0, 5.0, 5.0, 5.0]
Round Time: 52.48s
2026-03-19 02:10:48,969 - Server_DefaultID - INFO - --- Global Round 78/200 ---
2026-03-19 02:10:48,969 - Server_DefaultID - INFO - Selected 30 active clients for round 78.
2026-03-19 02:10:48,969 - Server_DefaultID - INFO - Training client 71 (1/30)...
2026-03-19 02:10:49,576 - Server_DefaultID - INFO - Client 71: Acc=85.62, Loss=-342.6946, NLL=-1161.7572, KL=14.5129, AvgS=499.99, ProxLoss=0.0000
2026-03-19 02:10:49,576 - Server_DefaultID - INFO - Training client 49 (2/30)...
2026-03-19 02:10:51,409 - Server_DefaultID - INFO - Client 49: Acc=96.79, Loss=-341.3637, NLL=-1161.7227, KL=14.8944, AvgS=499.98, ProxLoss=0.0000
2026-03-19 02:10:51,410 - Server_DefaultID - INFO - Training client 15 (3/30)...
2026-03-19 02:10:52,045 - Server_DefaultID - INFO - Client 15: Acc=73.91, Loss=-341.8691, NLL=-1161.6791, KL=14.7619, AvgS=499.96, ProxLoss=0.0000
2026-03-19 02:10:52,045 - Server_DefaultID - INFO - Training client 95 (4/30)...
2026-03-19 02:10:54,253 - Server_DefaultID - INFO - Client 95: Acc=97.47, Loss=-340.6755, NLL=-1161.7699, KL=14.6498, AvgS=500.00, ProxLoss=0.0000
2026-03-19 02:10:54,253 - Server_DefaultID - INFO - Training client 45 (5/30)...
2026-03-19 02:10:56,291 - Server_DefaultID - INFO - Client 45: Acc=89.84, Loss=-341.3642, NLL=-1161.7135, KL=14.8832, AvgS=499.98, ProxLoss=0.0000
2026-03-19 02:10:56,291 - Server_DefaultID - INFO - Training client 20 (6/30)...
2026-03-19 02:10:59,116 - Server_DefaultID - INFO - Client 20: Acc=96.88, Loss=-344.6655, NLL=-1161.7452, KL=12.6579, AvgS=499.99, ProxLoss=0.0000
2026-03-19 02:10:59,116 - Server_DefaultID - INFO - Training client 67 (7/30)...
2026-03-19 02:11:00,678 - Server_DefaultID - INFO - Client 67: Acc=98.33, Loss=-342.6321, NLL=-1161.7169, KL=14.6570, AvgS=499.98, ProxLoss=0.0000
2026-03-19 02:11:00,679 - Server_DefaultID - INFO - Training client 30 (8/30)...
2026-03-19 02:11:02,640 - Server_DefaultID - INFO - Client 30: Acc=98.95, Loss=-340.3130, NLL=-1161.7699, KL=14.5146, AvgS=500.00, ProxLoss=0.0000
2026-03-19 02:11:02,641 - Server_DefaultID - INFO - Training client 48 (9/30)...
2026-03-19 02:11:06,719 - Server_DefaultID - INFO - Client 48: Acc=97.79, Loss=-341.7302, NLL=-1161.7408, KL=14.8177, AvgS=499.99, ProxLoss=0.0000
2026-03-19 02:11:06,719 - Server_DefaultID - INFO - Training client 74 (10/30)...
2026-03-19 02:11:07,744 - Server_DefaultID - INFO - Client 74: Acc=68.52, Loss=-341.4722, NLL=-1161.7508, KL=14.8259, AvgS=499.99, ProxLoss=0.0000
2026-03-19 02:11:07,744 - Server_DefaultID - INFO - Training client 19 (11/30)...
2026-03-19 02:11:10,878 - Server_DefaultID - INFO - Client 19: Acc=96.67, Loss=-340.2280, NLL=-1161.7474, KL=14.4736, AvgS=499.99, ProxLoss=0.0000
2026-03-19 02:11:10,878 - Server_DefaultID - INFO - Training client 62 (12/30)...
2026-03-19 02:11:11,487 - Server_DefaultID - INFO - Client 62: Acc=90.16, Loss=-342.0823, NLL=-1161.6834, KL=14.7510, AvgS=499.96, ProxLoss=0.0000
2026-03-19 02:11:11,487 - Server_DefaultID - INFO - Training client 64 (13/30)...
2026-03-19 02:11:11,900 - Server_DefaultID - INFO - Client 64: Acc=68.12, Loss=-341.3663, NLL=-1160.5114, KL=14.7908, AvgS=499.46, ProxLoss=0.0000
2026-03-19 02:11:11,900 - Server_DefaultID - INFO - Training client 79 (14/30)...
2026-03-19 02:11:13,302 - Server_DefaultID - INFO - Client 79: Acc=94.19, Loss=-340.1076, NLL=-1161.6633, KL=14.4754, AvgS=499.95, ProxLoss=0.0000
2026-03-19 02:11:13,302 - Server_DefaultID - INFO - Training client 77 (15/30)...
2026-03-19 02:11:16,918 - Server_DefaultID - INFO - Client 77: Acc=98.88, Loss=-341.2426, NLL=-1161.7137, KL=14.8437, AvgS=499.98, ProxLoss=0.0000
2026-03-19 02:11:16,918 - Server_DefaultID - INFO - Training client 24 (16/30)...
2026-03-19 02:11:17,381 - Server_DefaultID - INFO - Client 24: Acc=60.00, Loss=-343.0378, NLL=-1158.9508, KL=12.7739, AvgS=498.79, ProxLoss=0.0000
2026-03-19 02:11:17,381 - Server_DefaultID - INFO - Training client 28 (17/30)...
2026-03-19 02:11:17,806 - Server_DefaultID - INFO - Client 28: Acc=95.62, Loss=-340.3371, NLL=-1160.4586, KL=14.7297, AvgS=499.43, ProxLoss=0.0000
2026-03-19 02:11:17,807 - Server_DefaultID - INFO - Training client 80 (18/30)...
2026-03-19 02:11:18,250 - Server_DefaultID - INFO - Client 80: Acc=68.12, Loss=-342.0699, NLL=-1159.2701, KL=14.2236, AvgS=498.92, ProxLoss=0.0000
2026-03-19 02:11:18,250 - Server_DefaultID - INFO - Training client 53 (19/30)...
2026-03-19 02:11:20,685 - Server_DefaultID - INFO - Client 53: Acc=98.00, Loss=-340.8524, NLL=-1161.7073, KL=14.6589, AvgS=499.97, ProxLoss=0.0000
2026-03-19 02:11:20,685 - Server_DefaultID - INFO - Training client 68 (20/30)...
2026-03-19 02:11:23,008 - Server_DefaultID - INFO - Client 68: Acc=98.89, Loss=-340.3117, NLL=-1161.7699, KL=14.5146, AvgS=500.00, ProxLoss=0.0000
2026-03-19 02:11:23,008 - Server_DefaultID - INFO - Training client 72 (21/30)...
2026-03-19 02:11:24,171 - Server_DefaultID - INFO - Client 72: Acc=98.52, Loss=-340.8375, NLL=-1161.6597, KL=14.7227, AvgS=499.95, ProxLoss=0.0000
2026-03-19 02:11:24,171 - Server_DefaultID - INFO - Training client 56 (22/30)...
2026-03-19 02:11:26,158 - Server_DefaultID - INFO - Client 56: Acc=87.11, Loss=-341.2846, NLL=-1161.7371, KL=14.8740, AvgS=499.99, ProxLoss=0.0000
2026-03-19 02:11:26,158 - Server_DefaultID - INFO - Training client 44 (23/30)...
2026-03-19 02:11:28,617 - Server_DefaultID - INFO - Client 44: Acc=98.26, Loss=-341.2418, NLL=-1161.7433, KL=14.8439, AvgS=499.99, ProxLoss=0.0000
2026-03-19 02:11:28,617 - Server_DefaultID - INFO - Training client 3 (24/30)...
2026-03-19 02:11:30,244 - Server_DefaultID - INFO - Client 3: Acc=68.39, Loss=-343.4836, NLL=-1161.7407, KL=13.6502, AvgS=499.99, ProxLoss=0.0000
2026-03-19 02:11:30,244 - Server_DefaultID - INFO - Training client 93 (25/30)...
2026-03-19 02:11:30,958 - Server_DefaultID - INFO - Client 93: Acc=58.75, Loss=-341.6056, NLL=-1160.2960, KL=14.5501, AvgS=499.37, ProxLoss=0.0000
2026-03-19 02:11:30,958 - Server_DefaultID - INFO - Training client 84 (26/30)...
2026-03-19 02:11:32,799 - Server_DefaultID - INFO - Client 84: Acc=86.79, Loss=-340.4975, NLL=-1160.4573, KL=14.8829, AvgS=499.43, ProxLoss=0.0000
2026-03-19 02:11:32,800 - Server_DefaultID - INFO - Training client 38 (27/30)...
2026-03-19 02:11:33,503 - Server_DefaultID - INFO - Client 38: Acc=88.28, Loss=-344.6139, NLL=-1161.6143, KL=12.2983, AvgS=499.93, ProxLoss=0.0000
2026-03-19 02:11:33,503 - Server_DefaultID - INFO - Training client 76 (28/30)...
2026-03-19 02:11:35,586 - Server_DefaultID - INFO - Client 76: Acc=97.81, Loss=-343.5223, NLL=-1161.7155, KL=13.9483, AvgS=499.98, ProxLoss=0.0000
2026-03-19 02:11:35,586 - Server_DefaultID - INFO - Training client 63 (29/30)...
2026-03-19 02:11:37,056 - Server_DefaultID - INFO - Client 63: Acc=97.44, Loss=-341.9273, NLL=-1161.7178, KL=14.7634, AvgS=499.98, ProxLoss=0.0000
2026-03-19 02:11:37,056 - Server_DefaultID - INFO - Training client 78 (30/30)...
2026-03-19 02:11:44,567 - Server_DefaultID - INFO - Client 78: Acc=96.76, Loss=-341.5598, NLL=-1161.7520, KL=14.7525, AvgS=499.99, ProxLoss=0.0000
2026-03-19 02:11:44,821 - Server_DefaultID - WARNING - Global prior extremely imbalanced (max/min=1.0), applied adaptive smoothing lam=0.10.
2026-03-19 02:11:44,822 - Server_DefaultID - INFO - Round [78/200] Summary | Avg Client Train Stats:	Loss [-341.5137]	 Acc [93.64]	NLL [-1161.6550]	 KL [14.5534]	AvgS [499.95]	 ProxLoss [0.0000]
GlobalPriorAlpha (first 10): [5.0, 5.0, 5.0, 5.0, 5.0, 5.0, 5.0, 5.0, 5.0, 5.0]
Round Time: 55.85s
2026-03-19 02:11:44,824 - Server_DefaultID - INFO - --- Global Round 79/200 ---
2026-03-19 02:11:44,825 - Server_DefaultID - INFO - Selected 30 active clients for round 79.
2026-03-19 02:11:44,825 - Server_DefaultID - INFO - Training client 22 (1/30)...
2026-03-19 02:11:45,504 - Server_DefaultID - INFO - Client 22: Acc=93.91, Loss=-342.2037, NLL=-1161.7684, KL=14.6166, AvgS=500.00, ProxLoss=0.0000
2026-03-19 02:11:45,504 - Server_DefaultID - INFO - Training client 32 (2/30)...
2026-03-19 02:11:47,040 - Server_DefaultID - INFO - Client 32: Acc=97.76, Loss=-342.2241, NLL=-1161.7681, KL=14.6998, AvgS=500.00, ProxLoss=0.0000
2026-03-19 02:11:47,040 - Server_DefaultID - INFO - Training client 61 (3/30)...
2026-03-19 02:11:48,390 - Server_DefaultID - INFO - Client 61: Acc=92.88, Loss=-343.8565, NLL=-1161.6879, KL=13.4331, AvgS=499.96, ProxLoss=0.0000
2026-03-19 02:11:48,390 - Server_DefaultID - INFO - Training client 80 (4/30)...
2026-03-19 02:11:48,854 - Server_DefaultID - INFO - Client 80: Acc=68.44, Loss=-342.2364, NLL=-1161.3853, KL=14.5633, AvgS=499.83, ProxLoss=0.0000
2026-03-19 02:11:48,854 - Server_DefaultID - INFO - Training client 77 (5/30)...
2026-03-19 02:11:52,300 - Server_DefaultID - INFO - Client 77: Acc=98.71, Loss=-341.2290, NLL=-1161.7489, KL=14.8491, AvgS=499.99, ProxLoss=0.0000
2026-03-19 02:11:52,300 - Server_DefaultID - INFO - Training client 84 (6/30)...
2026-03-19 02:11:52,679 - Server_DefaultID - INFO - Client 84: Acc=86.79, Loss=-340.7286, NLL=-1161.1092, KL=14.8872, AvgS=499.72, ProxLoss=0.0000
2026-03-19 02:11:52,679 - Server_DefaultID - INFO - Training client 98 (7/30)...
2026-03-19 02:11:53,511 - Server_DefaultID - INFO - Client 98: Acc=97.71, Loss=-340.2135, NLL=-1161.7135, KL=14.5140, AvgS=499.98, ProxLoss=0.0000
2026-03-19 02:11:53,511 - Server_DefaultID - INFO - Training client 39 (8/30)...
2026-03-19 02:11:57,307 - Server_DefaultID - INFO - Client 39: Acc=97.35, Loss=-341.6568, NLL=-1161.7548, KL=14.8485, AvgS=499.99, ProxLoss=0.0000
2026-03-19 02:11:57,307 - Server_DefaultID - INFO - Training client 68 (9/30)...
2026-03-19 02:11:59,628 - Server_DefaultID - INFO - Client 68: Acc=98.92, Loss=-340.2071, NLL=-1161.6419, KL=14.5134, AvgS=499.94, ProxLoss=0.0000
2026-03-19 02:11:59,628 - Server_DefaultID - INFO - Training client 45 (10/30)...
2026-03-19 02:12:01,601 - Server_DefaultID - INFO - Client 45: Acc=90.47, Loss=-341.3596, NLL=-1161.7699, KL=14.8839, AvgS=500.00, ProxLoss=0.0000
2026-03-19 02:12:01,601 - Server_DefaultID - INFO - Training client 96 (11/30)...
2026-03-19 02:12:03,803 - Server_DefaultID - INFO - Client 96: Acc=96.49, Loss=-341.6351, NLL=-1161.7501, KL=14.6635, AvgS=499.99, ProxLoss=0.0000
2026-03-19 02:12:03,803 - Server_DefaultID - INFO - Training client 70 (12/30)...
2026-03-19 02:12:06,449 - Server_DefaultID - INFO - Client 70: Acc=90.38, Loss=-340.4454, NLL=-1161.6252, KL=14.6151, AvgS=499.94, ProxLoss=0.0000
2026-03-19 02:12:06,449 - Server_DefaultID - INFO - Training client 30 (13/30)...
2026-03-19 02:12:08,556 - Server_DefaultID - INFO - Client 30: Acc=98.63, Loss=-340.2551, NLL=-1161.7460, KL=14.5144, AvgS=499.99, ProxLoss=0.0000
2026-03-19 02:12:08,556 - Server_DefaultID - INFO - Training client 0 (14/30)...
2026-03-19 02:12:09,010 - Server_DefaultID - INFO - Client 0: Acc=36.56, Loss=-341.6971, NLL=-1161.7578, KL=14.7839, AvgS=499.99, ProxLoss=0.0000
2026-03-19 02:12:09,010 - Server_DefaultID - INFO - Training client 95 (15/30)...
2026-03-19 02:12:11,353 - Server_DefaultID - INFO - Client 95: Acc=97.50, Loss=-340.6503, NLL=-1161.7672, KL=14.6582, AvgS=500.00, ProxLoss=0.0000
2026-03-19 02:12:11,354 - Server_DefaultID - INFO - Training client 69 (16/30)...
2026-03-19 02:12:12,046 - Server_DefaultID - INFO - Client 69: Acc=59.69, Loss=-342.6133, NLL=-1161.3837, KL=14.2910, AvgS=499.83, ProxLoss=0.0000
2026-03-19 02:12:12,046 - Server_DefaultID - INFO - Training client 60 (17/30)...
2026-03-19 02:12:12,964 - Server_DefaultID - INFO - Client 60: Acc=83.75, Loss=-340.8312, NLL=-1161.7245, KL=14.7602, AvgS=499.98, ProxLoss=0.0000
2026-03-19 02:12:12,965 - Server_DefaultID - INFO - Training client 83 (18/30)...
2026-03-19 02:12:15,326 - Server_DefaultID - INFO - Client 83: Acc=99.75, Loss=-339.3197, NLL=-1161.7549, KL=13.7140, AvgS=499.99, ProxLoss=0.0000
2026-03-19 02:12:15,326 - Server_DefaultID - INFO - Training client 65 (19/30)...
2026-03-19 02:12:15,699 - Server_DefaultID - INFO - Client 65: Acc=57.50, Loss=-337.4022, NLL=-1145.6709, KL=14.1580, AvgS=493.05, ProxLoss=0.0000
2026-03-19 02:12:15,699 - Server_DefaultID - INFO - Training client 41 (20/30)...
2026-03-19 02:12:17,708 - Server_DefaultID - INFO - Client 41: Acc=98.20, Loss=-340.9126, NLL=-1161.7396, KL=14.7274, AvgS=499.99, ProxLoss=0.0000
2026-03-19 02:12:17,708 - Server_DefaultID - INFO - Training client 58 (21/30)...
2026-03-19 02:12:19,417 - Server_DefaultID - INFO - Client 58: Acc=87.46, Loss=-340.2873, NLL=-1161.7684, KL=14.5689, AvgS=500.00, ProxLoss=0.0000
2026-03-19 02:12:19,417 - Server_DefaultID - INFO - Training client 81 (22/30)...
2026-03-19 02:12:21,282 - Server_DefaultID - INFO - Client 81: Acc=98.04, Loss=-341.6140, NLL=-1161.7699, KL=14.8665, AvgS=500.00, ProxLoss=0.0000
2026-03-19 02:12:21,282 - Server_DefaultID - INFO - Training client 46 (23/30)...
2026-03-19 02:12:23,414 - Server_DefaultID - INFO - Client 46: Acc=93.52, Loss=-341.4904, NLL=-1161.7448, KL=14.8479, AvgS=499.99, ProxLoss=0.0000
2026-03-19 02:12:23,414 - Server_DefaultID - INFO - Training client 33 (24/30)...
2026-03-19 02:12:25,246 - Server_DefaultID - INFO - Client 33: Acc=94.55, Loss=-343.4356, NLL=-1161.7412, KL=14.0074, AvgS=499.99, ProxLoss=0.0000
2026-03-19 02:12:25,246 - Server_DefaultID - INFO - Training client 25 (25/30)...
2026-03-19 02:12:25,910 - Server_DefaultID - INFO - Client 25: Acc=95.16, Loss=-341.2836, NLL=-1161.6819, KL=14.6002, AvgS=499.96, ProxLoss=0.0000
2026-03-19 02:12:25,910 - Server_DefaultID - INFO - Training client 2 (26/30)...
2026-03-19 02:12:28,214 - Server_DefaultID - INFO - Client 2: Acc=80.49, Loss=-341.4325, NLL=-1161.7367, KL=14.8467, AvgS=499.99, ProxLoss=0.0000
2026-03-19 02:12:28,214 - Server_DefaultID - INFO - Training client 16 (27/30)...
2026-03-19 02:12:28,880 - Server_DefaultID - INFO - Client 16: Acc=73.28, Loss=-341.0090, NLL=-1161.7290, KL=14.8945, AvgS=499.98, ProxLoss=0.0000
2026-03-19 02:12:28,880 - Server_DefaultID - INFO - Training client 51 (28/30)...
2026-03-19 02:12:29,449 - Server_DefaultID - INFO - Client 51: Acc=86.72, Loss=-343.7732, NLL=-1161.5175, KL=13.4649, AvgS=499.89, ProxLoss=0.0000
2026-03-19 02:12:29,449 - Server_DefaultID - INFO - Training client 93 (29/30)...
2026-03-19 02:12:30,075 - Server_DefaultID - INFO - Client 93: Acc=60.94, Loss=-342.1911, NLL=-1161.6240, KL=14.6195, AvgS=499.94, ProxLoss=0.0000
2026-03-19 02:12:30,075 - Server_DefaultID - INFO - Training client 66 (30/30)...
2026-03-19 02:12:32,028 - Server_DefaultID - INFO - Client 66: Acc=88.08, Loss=-340.9799, NLL=-1161.7134, KL=14.8291, AvgS=499.98, ProxLoss=0.0000
2026-03-19 02:12:32,350 - Server_DefaultID - WARNING - Global prior extremely imbalanced (max/min=1.0), applied adaptive smoothing lam=0.10.
2026-03-19 02:12:32,350 - Server_DefaultID - INFO - Round [79/200] Summary | Avg Client Train Stats:	Loss [-341.2369]	 Acc [92.56]	NLL [-1161.6330]	 KL [14.5833]	AvgS [499.94]	 ProxLoss [0.0000]
GlobalPriorAlpha (first 10): [5.0, 5.0, 5.0, 5.0, 5.0, 5.0, 5.0, 5.0, 5.0, 5.0]
Round Time: 47.53s
2026-03-19 02:12:32,352 - Server_DefaultID - INFO - --- Global Round 80/200 ---
2026-03-19 02:12:32,353 - Server_DefaultID - INFO - Selected 30 active clients for round 80.
2026-03-19 02:12:32,353 - Server_DefaultID - INFO - Training client 82 (1/30)...
2026-03-19 02:12:33,668 - Server_DefaultID - INFO - Client 82: Acc=97.62, Loss=-341.3108, NLL=-1161.7638, KL=14.7529, AvgS=500.00, ProxLoss=0.0000
2026-03-19 02:12:33,668 - Server_DefaultID - INFO - Training client 71 (2/30)...
2026-03-19 02:12:34,361 - Server_DefaultID - INFO - Client 71: Acc=89.38, Loss=-342.5058, NLL=-1161.4996, KL=14.5096, AvgS=499.88, ProxLoss=0.0000
2026-03-19 02:12:34,361 - Server_DefaultID - INFO - Training client 12 (3/30)...
2026-03-19 02:12:35,894 - Server_DefaultID - INFO - Client 12: Acc=78.25, Loss=-343.3424, NLL=-1161.7535, KL=13.8486, AvgS=499.99, ProxLoss=0.0000
2026-03-19 02:12:35,895 - Server_DefaultID - INFO - Training client 38 (4/30)...
2026-03-19 02:12:36,589 - Server_DefaultID - INFO - Client 38: Acc=88.91, Loss=-344.0127, NLL=-1160.9788, KL=12.6390, AvgS=499.66, ProxLoss=0.0000
2026-03-19 02:12:36,589 - Server_DefaultID - INFO - Training client 51 (5/30)...
2026-03-19 02:12:37,240 - Server_DefaultID - INFO - Client 51: Acc=88.75, Loss=-344.2856, NLL=-1161.5852, KL=12.8061, AvgS=499.92, ProxLoss=0.0000
2026-03-19 02:12:37,240 - Server_DefaultID - INFO - Training client 80 (6/30)...
2026-03-19 02:12:37,731 - Server_DefaultID - INFO - Client 80: Acc=71.56, Loss=-341.9727, NLL=-1160.2321, KL=14.4414, AvgS=499.34, ProxLoss=0.0000
2026-03-19 02:12:37,731 - Server_DefaultID - INFO - Training client 85 (7/30)...
2026-03-19 02:12:41,823 - Server_DefaultID - INFO - Client 85: Acc=99.79, Loss=-339.2532, NLL=-1161.7564, KL=13.6886, AvgS=499.99, ProxLoss=0.0000
2026-03-19 02:12:41,823 - Server_DefaultID - INFO - Training client 74 (8/30)...
2026-03-19 02:12:42,882 - Server_DefaultID - INFO - Client 74: Acc=72.50, Loss=-341.4709, NLL=-1161.6898, KL=14.8444, AvgS=499.97, ProxLoss=0.0000
2026-03-19 02:12:42,882 - Server_DefaultID - INFO - Training client 26 (9/30)...
2026-03-19 02:12:46,447 - Server_DefaultID - INFO - Client 26: Acc=98.92, Loss=-340.5527, NLL=-1161.7609, KL=14.6197, AvgS=500.00, ProxLoss=0.0000
2026-03-19 02:12:46,447 - Server_DefaultID - INFO - Training client 33 (10/30)...
2026-03-19 02:12:48,003 - Server_DefaultID - INFO - Client 33: Acc=94.60, Loss=-343.5070, NLL=-1161.6986, KL=13.9294, AvgS=499.97, ProxLoss=0.0000
2026-03-19 02:12:48,003 - Server_DefaultID - INFO - Training client 6 (11/30)...
2026-03-19 02:12:48,815 - Server_DefaultID - INFO - Client 6: Acc=88.96, Loss=-341.4794, NLL=-1161.7274, KL=14.7920, AvgS=499.98, ProxLoss=0.0000
2026-03-19 02:12:48,815 - Server_DefaultID - INFO - Training client 21 (12/30)...
2026-03-19 02:12:50,705 - Server_DefaultID - INFO - Client 21: Acc=96.41, Loss=-343.4646, NLL=-1161.7236, KL=14.0334, AvgS=499.98, ProxLoss=0.0000
2026-03-19 02:12:50,705 - Server_DefaultID - INFO - Training client 56 (13/30)...
2026-03-19 02:12:52,559 - Server_DefaultID - INFO - Client 56: Acc=87.81, Loss=-341.2661, NLL=-1161.7500, KL=14.8809, AvgS=499.99, ProxLoss=0.0000
2026-03-19 02:12:52,559 - Server_DefaultID - INFO - Training client 63 (14/30)...
2026-03-19 02:12:53,732 - Server_DefaultID - INFO - Client 63: Acc=95.25, Loss=-341.7770, NLL=-1161.7463, KL=14.8025, AvgS=499.99, ProxLoss=0.0000
2026-03-19 02:12:53,733 - Server_DefaultID - INFO - Training client 29 (15/30)...
2026-03-19 02:12:54,691 - Server_DefaultID - INFO - Client 29: Acc=83.36, Loss=-341.0532, NLL=-1161.7047, KL=14.8942, AvgS=499.97, ProxLoss=0.0000
2026-03-19 02:12:54,691 - Server_DefaultID - INFO - Training client 78 (16/30)...
2026-03-19 02:13:00,478 - Server_DefaultID - INFO - Client 78: Acc=96.78, Loss=-341.3844, NLL=-1161.7632, KL=14.7454, AvgS=500.00, ProxLoss=0.0000
2026-03-19 02:13:00,478 - Server_DefaultID - INFO - Training client 23 (17/30)...
2026-03-19 02:13:00,872 - Server_DefaultID - INFO - Client 23: Acc=73.22, Loss=-318.4901, NLL=-1089.2546, KL=14.6399, AvgS=468.70, ProxLoss=0.0000
2026-03-19 02:13:00,872 - Server_DefaultID - INFO - Training client 5 (18/30)...
2026-03-19 02:13:01,292 - Server_DefaultID - INFO - Client 5: Acc=68.44, Loss=-342.4976, NLL=-1160.7753, KL=14.2355, AvgS=499.57, ProxLoss=0.0000
2026-03-19 02:13:01,292 - Server_DefaultID - INFO - Training client 81 (19/30)...
2026-03-19 02:13:02,989 - Server_DefaultID - INFO - Client 81: Acc=97.68, Loss=-341.5820, NLL=-1161.7373, KL=14.8630, AvgS=499.99, ProxLoss=0.0000
2026-03-19 02:13:02,989 - Server_DefaultID - INFO - Training client 8 (20/30)...
2026-03-19 02:13:03,575 - Server_DefaultID - INFO - Client 8: Acc=87.19, Loss=-341.2297, NLL=-1161.6512, KL=14.7736, AvgS=499.95, ProxLoss=0.0000
2026-03-19 02:13:03,576 - Server_DefaultID - INFO - Training client 34 (21/30)...
2026-03-19 02:13:04,371 - Server_DefaultID - INFO - Client 34: Acc=85.00, Loss=-342.2627, NLL=-1161.7338, KL=14.6826, AvgS=499.98, ProxLoss=0.0000
2026-03-19 02:13:04,371 - Server_DefaultID - INFO - Training client 41 (22/30)...
2026-03-19 02:13:06,215 - Server_DefaultID - INFO - Client 41: Acc=98.05, Loss=-340.9075, NLL=-1161.7589, KL=14.7371, AvgS=500.00, ProxLoss=0.0000
2026-03-19 02:13:06,215 - Server_DefaultID - INFO - Training client 40 (23/30)...
2026-03-19 02:13:07,605 - Server_DefaultID - INFO - Client 40: Acc=95.00, Loss=-343.5289, NLL=-1161.6898, KL=13.9201, AvgS=499.97, ProxLoss=0.0000
2026-03-19 02:13:07,606 - Server_DefaultID - INFO - Training client 20 (24/30)...
2026-03-19 02:13:08,937 - Server_DefaultID - INFO - Client 20: Acc=96.35, Loss=-344.4997, NLL=-1161.7486, KL=12.7849, AvgS=499.99, ProxLoss=0.0000
2026-03-19 02:13:08,937 - Server_DefaultID - INFO - Training client 70 (25/30)...
2026-03-19 02:13:10,193 - Server_DefaultID - INFO - Client 70: Acc=88.88, Loss=-340.2930, NLL=-1161.5343, KL=14.6143, AvgS=499.90, ProxLoss=0.0000
2026-03-19 02:13:10,194 - Server_DefaultID - INFO - Training client 73 (26/30)...
2026-03-19 02:13:14,290 - Server_DefaultID - INFO - Client 73: Acc=97.60, Loss=-340.7826, NLL=-1161.7554, KL=14.6814, AvgS=499.99, ProxLoss=0.0000
2026-03-19 02:13:14,290 - Server_DefaultID - INFO - Training client 18 (27/30)...
2026-03-19 02:13:17,451 - Server_DefaultID - INFO - Client 18: Acc=89.40, Loss=-341.6961, NLL=-1161.7690, KL=14.8013, AvgS=500.00, ProxLoss=0.0000
2026-03-19 02:13:17,451 - Server_DefaultID - INFO - Training client 92 (28/30)...
2026-03-19 02:13:18,439 - Server_DefaultID - INFO - Client 92: Acc=96.02, Loss=-341.2684, NLL=-1161.7504, KL=14.7664, AvgS=499.99, ProxLoss=0.0000
2026-03-19 02:13:18,439 - Server_DefaultID - INFO - Training client 95 (29/30)...
2026-03-19 02:13:20,315 - Server_DefaultID - INFO - Client 95: Acc=98.23, Loss=-340.6258, NLL=-1161.7281, KL=14.6663, AvgS=499.98, ProxLoss=0.0000
2026-03-19 02:13:20,315 - Server_DefaultID - INFO - Training client 46 (30/30)...
2026-03-19 02:13:21,995 - Server_DefaultID - INFO - Client 46: Acc=94.45, Loss=-341.4792, NLL=-1161.7699, KL=14.8728, AvgS=500.00, ProxLoss=0.0000
2026-03-19 02:13:22,166 - Server_DefaultID - WARNING - Global prior extremely imbalanced (max/min=1.0), applied adaptive smoothing lam=0.10.
2026-03-19 02:13:22,167 - Server_DefaultID - INFO - Round [80/200] Summary | Avg Client Train Stats:	Loss [-341.4564]	 Acc [93.54]	NLL [-1161.4037]	 KL [14.4771]	AvgS [499.84]	 ProxLoss [0.0000]
GlobalPriorAlpha (first 10): [5.0, 5.0, 5.0, 5.0, 5.0, 5.0, 5.0, 5.0, 5.0, 5.0]
Round Time: 49.81s
2026-03-19 02:13:22,167 - Server_DefaultID - INFO - --- Evaluating models at round 80 ---
2026-03-19 02:14:30,303 - Server_DefaultID - INFO - Global Model Evaluation (Round 80): 
  Avg Test Acc: 77.22%
  Avg Test Acc Softmax: 77.22%
  Avg Test Loss: -1140.7227
  Avg Test NLL: -1157.6393
  Avg Test KL (vs flat prior): 13.9453
  Avg Test S: 498.22
2026-03-19 02:15:38,877 - Server_DefaultID - INFO - Personalized Model Evaluation (Round 80): 
  Avg Test Acc: 78.05%
  Avg Test Acc Softmax: 78.05%
  Avg Test Loss: -1143.2249
  Avg Test NLL: -1160.1530
  Avg Test KL (vs flat prior): 13.9571
  Avg Test S: 499.30
2026-03-19 02:15:38,877 - Server_DefaultID - INFO - [Metric 1] Personalized Brier Score | Mean: 0.3317
2026-03-19 02:15:38,877 - Server_DefaultID - INFO - [Metric 1] Personalized ECE | Mean: 0.1156
2026-03-19 02:15:38,877 - Server_DefaultID - INFO - [OOD Eval] OOD AUC-ROC (Epistemic): 0.0173
2026-03-19 02:15:38,877 - Server_DefaultID - INFO - [Metric 4] OOD FPR@95%TPR: 0.9899
2026-03-19 02:15:40,381 - Server_DefaultID - INFO - --- Global Round 81/200 ---
2026-03-19 02:15:40,382 - Server_DefaultID - INFO - Selected 30 active clients for round 81.
2026-03-19 02:15:40,382 - Server_DefaultID - INFO - Training client 7 (1/30)...
2026-03-19 02:15:41,893 - Server_DefaultID - INFO - Client 7: Acc=57.34, Loss=-341.4791, NLL=-1161.7557, KL=14.7851, AvgS=499.99, ProxLoss=0.0000
2026-03-19 02:15:41,893 - Server_DefaultID - INFO - Training client 1 (2/30)...
2026-03-19 02:15:42,610 - Server_DefaultID - INFO - Client 1: Acc=41.56, Loss=-341.6164, NLL=-1161.5972, KL=14.7813, AvgS=499.93, ProxLoss=0.0000
2026-03-19 02:15:42,610 - Server_DefaultID - INFO - Training client 44 (3/30)...
2026-03-19 02:15:44,908 - Server_DefaultID - INFO - Client 44: Acc=98.06, Loss=-341.1936, NLL=-1161.7691, KL=14.8697, AvgS=500.00, ProxLoss=0.0000
2026-03-19 02:15:44,908 - Server_DefaultID - INFO - Training client 34 (4/30)...
2026-03-19 02:15:45,741 - Server_DefaultID - INFO - Client 34: Acc=88.65, Loss=-342.3904, NLL=-1161.3290, KL=14.5280, AvgS=499.81, ProxLoss=0.0000
2026-03-19 02:15:45,741 - Server_DefaultID - INFO - Training client 25 (5/30)...
2026-03-19 02:15:46,480 - Server_DefaultID - INFO - Client 25: Acc=95.47, Loss=-341.1981, NLL=-1161.5199, KL=14.7231, AvgS=499.89, ProxLoss=0.0000
2026-03-19 02:15:46,480 - Server_DefaultID - INFO - Training client 32 (6/30)...
2026-03-19 02:15:47,891 - Server_DefaultID - INFO - Client 32: Acc=97.19, Loss=-342.0266, NLL=-1161.7113, KL=14.7067, AvgS=499.97, ProxLoss=0.0000
2026-03-19 02:15:47,891 - Server_DefaultID - INFO - Training client 13 (7/30)...
2026-03-19 02:15:48,353 - Server_DefaultID - INFO - Client 13: Acc=50.62, Loss=-340.1405, NLL=-1159.7603, KL=14.8801, AvgS=499.13, ProxLoss=0.0000
2026-03-19 02:15:48,353 - Server_DefaultID - INFO - Training client 31 (8/30)...
2026-03-19 02:15:50,539 - Server_DefaultID - INFO - Client 31: Acc=97.99, Loss=-341.3479, NLL=-1161.7547, KL=14.8850, AvgS=499.99, ProxLoss=0.0000
2026-03-19 02:15:50,539 - Server_DefaultID - INFO - Training client 12 (9/30)...
2026-03-19 02:15:51,805 - Server_DefaultID - INFO - Client 12: Acc=72.88, Loss=-343.0687, NLL=-1161.6755, KL=13.9067, AvgS=499.96, ProxLoss=0.0000
2026-03-19 02:15:51,805 - Server_DefaultID - INFO - Training client 20 (10/30)...
2026-03-19 02:15:53,312 - Server_DefaultID - INFO - Client 20: Acc=97.86, Loss=-344.3787, NLL=-1161.7403, KL=12.9658, AvgS=499.99, ProxLoss=0.0000
2026-03-19 02:15:53,312 - Server_DefaultID - INFO - Training client 10 (11/30)...
2026-03-19 02:15:54,449 - Server_DefaultID - INFO - Client 10: Acc=39.77, Loss=-342.9357, NLL=-1161.6478, KL=13.7716, AvgS=499.95, ProxLoss=0.0000
2026-03-19 02:15:54,449 - Server_DefaultID - INFO - Training client 16 (12/30)...
2026-03-19 02:15:55,199 - Server_DefaultID - INFO - Client 16: Acc=54.53, Loss=-340.8651, NLL=-1161.7280, KL=14.8945, AvgS=499.98, ProxLoss=0.0000
2026-03-19 02:15:55,199 - Server_DefaultID - INFO - Training client 74 (13/30)...
2026-03-19 02:15:56,327 - Server_DefaultID - INFO - Client 74: Acc=74.84, Loss=-341.5594, NLL=-1161.6579, KL=14.8273, AvgS=499.95, ProxLoss=0.0000
2026-03-19 02:15:56,327 - Server_DefaultID - INFO - Training client 63 (14/30)...
2026-03-19 02:15:57,621 - Server_DefaultID - INFO - Client 63: Acc=96.62, Loss=-341.6725, NLL=-1161.6832, KL=14.7819, AvgS=499.96, ProxLoss=0.0000
2026-03-19 02:15:57,621 - Server_DefaultID - INFO - Training client 99 (15/30)...
2026-03-19 02:15:58,003 - Server_DefaultID - INFO - Client 99: Acc=43.12, Loss=-338.4802, NLL=-1142.8083, KL=11.2076, AvgS=491.81, ProxLoss=0.0000
2026-03-19 02:15:58,003 - Server_DefaultID - INFO - Training client 53 (16/30)...
2026-03-19 02:16:01,719 - Server_DefaultID - INFO - Client 53: Acc=98.19, Loss=-340.7793, NLL=-1161.7385, KL=14.6302, AvgS=499.99, ProxLoss=0.0000
2026-03-19 02:16:01,719 - Server_DefaultID - INFO - Training client 76 (17/30)...
2026-03-19 02:16:03,902 - Server_DefaultID - INFO - Client 76: Acc=97.81, Loss=-343.6268, NLL=-1161.7414, KL=13.7361, AvgS=499.99, ProxLoss=0.0000
2026-03-19 02:16:03,903 - Server_DefaultID - INFO - Training client 23 (18/30)...
2026-03-19 02:16:04,338 - Server_DefaultID - INFO - Client 23: Acc=72.20, Loss=-330.3811, NLL=-1129.3678, KL=14.7782, AvgS=486.01, ProxLoss=0.0000
2026-03-19 02:16:04,338 - Server_DefaultID - INFO - Training client 93 (19/30)...
2026-03-19 02:16:04,982 - Server_DefaultID - INFO - Client 93: Acc=60.94, Loss=-342.2066, NLL=-1161.7015, KL=14.5665, AvgS=499.97, ProxLoss=0.0000
2026-03-19 02:16:04,982 - Server_DefaultID - INFO - Training client 28 (20/30)...
2026-03-19 02:16:05,419 - Server_DefaultID - INFO - Client 28: Acc=94.06, Loss=-341.1431, NLL=-1161.3207, KL=14.6715, AvgS=499.81, ProxLoss=0.0000
2026-03-19 02:16:05,419 - Server_DefaultID - INFO - Training client 83 (21/30)...
2026-03-19 02:16:07,828 - Server_DefaultID - INFO - Client 83: Acc=99.75, Loss=-339.2465, NLL=-1161.7699, KL=13.7141, AvgS=500.00, ProxLoss=0.0000
2026-03-19 02:16:07,828 - Server_DefaultID - INFO - Training client 62 (22/30)...
2026-03-19 02:16:08,467 - Server_DefaultID - INFO - Client 62: Acc=89.69, Loss=-342.1454, NLL=-1161.5646, KL=14.6419, AvgS=499.91, ProxLoss=0.0000
2026-03-19 02:16:08,467 - Server_DefaultID - INFO - Training client 3 (23/30)...
2026-03-19 02:16:10,126 - Server_DefaultID - INFO - Client 3: Acc=65.89, Loss=-343.4577, NLL=-1161.7545, KL=13.4912, AvgS=499.99, ProxLoss=0.0000
2026-03-19 02:16:10,126 - Server_DefaultID - INFO - Training client 5 (24/30)...
2026-03-19 02:16:10,551 - Server_DefaultID - INFO - Client 5: Acc=70.62, Loss=-342.1313, NLL=-1161.4525, KL=14.5641, AvgS=499.86, ProxLoss=0.0000
2026-03-19 02:16:10,551 - Server_DefaultID - INFO - Training client 52 (25/30)...
2026-03-19 02:16:11,450 - Server_DefaultID - INFO - Client 52: Acc=89.58, Loss=-341.1743, NLL=-1161.5856, KL=14.8458, AvgS=499.92, ProxLoss=0.0000
2026-03-19 02:16:11,450 - Server_DefaultID - INFO - Training client 24 (26/30)...
2026-03-19 02:16:11,941 - Server_DefaultID - INFO - Client 24: Acc=61.88, Loss=-343.4589, NLL=-1160.4485, KL=12.7944, AvgS=499.43, ProxLoss=0.0000
2026-03-19 02:16:11,941 - Server_DefaultID - INFO - Training client 95 (27/30)...
2026-03-19 02:16:14,210 - Server_DefaultID - INFO - Client 95: Acc=97.60, Loss=-340.5698, NLL=-1161.7168, KL=14.6662, AvgS=499.98, ProxLoss=0.0000
2026-03-19 02:16:14,210 - Server_DefaultID - INFO - Training client 35 (28/30)...
2026-03-19 02:16:15,056 - Server_DefaultID - INFO - Client 35: Acc=79.27, Loss=-342.5737, NLL=-1161.6017, KL=14.3076, AvgS=499.93, ProxLoss=0.0000
2026-03-19 02:16:15,056 - Server_DefaultID - INFO - Training client 80 (29/30)...
2026-03-19 02:16:15,445 - Server_DefaultID - INFO - Client 80: Acc=63.75, Loss=-342.0061, NLL=-1161.4741, KL=14.6722, AvgS=499.87, ProxLoss=0.0000
2026-03-19 02:16:15,445 - Server_DefaultID - INFO - Training client 77 (30/30)...
2026-03-19 02:16:19,006 - Server_DefaultID - INFO - Client 77: Acc=99.17, Loss=-341.1530, NLL=-1161.7571, KL=14.8493, AvgS=499.99, ProxLoss=0.0000
2026-03-19 02:16:19,267 - Server_DefaultID - WARNING - Global prior extremely imbalanced (max/min=1.0), applied adaptive smoothing lam=0.10.
2026-03-19 02:16:19,268 - Server_DefaultID - INFO - Round [81/200] Summary | Avg Client Train Stats:	Loss [-341.5775]	 Acc [86.40]	NLL [-1161.2806]	 KL [14.3778]	AvgS [499.79]	 ProxLoss [0.0000]
GlobalPriorAlpha (first 10): [5.0, 5.0, 5.0, 5.0, 5.0, 5.0, 5.0, 5.0, 5.0, 5.0]
Round Time: 38.89s
2026-03-19 02:16:19,270 - Server_DefaultID - INFO - --- Global Round 82/200 ---
2026-03-19 02:16:19,270 - Server_DefaultID - INFO - Selected 30 active clients for round 82.
2026-03-19 02:16:19,270 - Server_DefaultID - INFO - Training client 54 (1/30)...
2026-03-19 02:16:19,918 - Server_DefaultID - INFO - Client 54: Acc=81.09, Loss=-340.8854, NLL=-1161.7696, KL=14.8570, AvgS=500.00, ProxLoss=0.0000
2026-03-19 02:16:19,918 - Server_DefaultID - INFO - Training client 31 (2/30)...
2026-03-19 02:16:22,348 - Server_DefaultID - INFO - Client 31: Acc=97.95, Loss=-341.3152, NLL=-1161.7474, KL=14.8824, AvgS=499.99, ProxLoss=0.0000
2026-03-19 02:16:22,348 - Server_DefaultID - INFO - Training client 89 (3/30)...
2026-03-19 02:16:25,723 - Server_DefaultID - INFO - Client 89: Acc=98.93, Loss=-339.8088, NLL=-1161.7365, KL=14.1602, AvgS=499.99, ProxLoss=0.0000
2026-03-19 02:16:25,724 - Server_DefaultID - INFO - Training client 33 (4/30)...
2026-03-19 02:16:27,492 - Server_DefaultID - INFO - Client 33: Acc=95.00, Loss=-343.4227, NLL=-1161.7297, KL=13.9453, AvgS=499.98, ProxLoss=0.0000
2026-03-19 02:16:27,492 - Server_DefaultID - INFO - Training client 55 (5/30)...
2026-03-19 02:16:35,630 - Server_DefaultID - INFO - Client 55: Acc=95.58, Loss=-342.0285, NLL=-1161.7165, KL=14.8040, AvgS=499.98, ProxLoss=0.0000
2026-03-19 02:16:35,631 - Server_DefaultID - INFO - Training client 3 (6/30)...
2026-03-19 02:16:37,188 - Server_DefaultID - INFO - Client 3: Acc=70.21, Loss=-343.4431, NLL=-1161.6562, KL=13.5252, AvgS=499.95, ProxLoss=0.0000
2026-03-19 02:16:37,188 - Server_DefaultID - INFO - Training client 97 (7/30)...
2026-03-19 02:16:43,089 - Server_DefaultID - INFO - Client 97: Acc=99.56, Loss=-339.3140, NLL=-1161.7659, KL=13.8057, AvgS=500.00, ProxLoss=0.0000
2026-03-19 02:16:43,089 - Server_DefaultID - INFO - Training client 52 (8/30)...
2026-03-19 02:16:43,968 - Server_DefaultID - INFO - Client 52: Acc=89.06, Loss=-341.5548, NLL=-1161.7699, KL=14.7530, AvgS=500.00, ProxLoss=0.0000
2026-03-19 02:16:43,968 - Server_DefaultID - INFO - Training client 82 (9/30)...
2026-03-19 02:16:45,288 - Server_DefaultID - INFO - Client 82: Acc=97.69, Loss=-341.1282, NLL=-1161.7421, KL=14.8009, AvgS=499.99, ProxLoss=0.0000
2026-03-19 02:16:45,288 - Server_DefaultID - INFO - Training client 11 (10/30)...
2026-03-19 02:16:46,807 - Server_DefaultID - INFO - Client 11: Acc=87.40, Loss=-341.5277, NLL=-1161.6956, KL=14.7691, AvgS=499.97, ProxLoss=0.0000
2026-03-19 02:16:46,807 - Server_DefaultID - INFO - Training client 28 (11/30)...
2026-03-19 02:16:47,221 - Server_DefaultID - INFO - Client 28: Acc=91.25, Loss=-340.9559, NLL=-1159.9131, KL=14.7149, AvgS=499.20, ProxLoss=0.0000
2026-03-19 02:16:47,221 - Server_DefaultID - INFO - Training client 70 (12/30)...
2026-03-19 02:16:48,629 - Server_DefaultID - INFO - Client 70: Acc=92.31, Loss=-340.4232, NLL=-1161.7646, KL=14.6515, AvgS=500.00, ProxLoss=0.0000
2026-03-19 02:16:48,629 - Server_DefaultID - INFO - Training client 56 (13/30)...
2026-03-19 02:16:50,657 - Server_DefaultID - INFO - Client 56: Acc=88.09, Loss=-341.1419, NLL=-1161.7302, KL=14.8834, AvgS=499.98, ProxLoss=0.0000
2026-03-19 02:16:50,657 - Server_DefaultID - INFO - Training client 72 (14/30)...
2026-03-19 02:16:51,929 - Server_DefaultID - INFO - Client 72: Acc=97.97, Loss=-340.6490, NLL=-1161.7604, KL=14.7047, AvgS=500.00, ProxLoss=0.0000
2026-03-19 02:16:51,929 - Server_DefaultID - INFO - Training client 85 (15/30)...
2026-03-19 02:16:54,971 - Server_DefaultID - INFO - Client 85: Acc=99.77, Loss=-339.1820, NLL=-1161.7366, KL=13.7044, AvgS=499.99, ProxLoss=0.0000
2026-03-19 02:16:54,971 - Server_DefaultID - INFO - Training client 12 (16/30)...
2026-03-19 02:16:56,311 - Server_DefaultID - INFO - Client 12: Acc=73.50, Loss=-342.9777, NLL=-1161.7124, KL=13.9808, AvgS=499.98, ProxLoss=0.0000
2026-03-19 02:16:56,312 - Server_DefaultID - INFO - Training client 67 (17/30)...
2026-03-19 02:16:57,886 - Server_DefaultID - INFO - Client 67: Acc=98.07, Loss=-342.3736, NLL=-1161.7275, KL=14.6971, AvgS=499.98, ProxLoss=0.0000
2026-03-19 02:16:57,886 - Server_DefaultID - INFO - Training client 24 (18/30)...
2026-03-19 02:16:58,355 - Server_DefaultID - INFO - Client 24: Acc=60.94, Loss=-343.7259, NLL=-1161.1840, KL=12.5484, AvgS=499.75, ProxLoss=0.0000
2026-03-19 02:16:58,356 - Server_DefaultID - INFO - Training client 6 (19/30)...
2026-03-19 02:16:59,211 - Server_DefaultID - INFO - Client 6: Acc=68.23, Loss=-340.9316, NLL=-1161.7019, KL=14.8211, AvgS=499.97, ProxLoss=0.0000
2026-03-19 02:16:59,211 - Server_DefaultID - INFO - Training client 77 (20/30)...
2026-03-19 02:17:02,922 - Server_DefaultID - INFO - Client 77: Acc=98.96, Loss=-341.1409, NLL=-1161.7683, KL=14.8595, AvgS=500.00, ProxLoss=0.0000
2026-03-19 02:17:02,922 - Server_DefaultID - INFO - Training client 4 (21/30)...
2026-03-19 02:17:04,620 - Server_DefaultID - INFO - Client 4: Acc=73.28, Loss=-343.0911, NLL=-1161.7421, KL=13.9127, AvgS=499.99, ProxLoss=0.0000
2026-03-19 02:17:04,620 - Server_DefaultID - INFO - Training client 43 (22/30)...
2026-03-19 02:17:08,680 - Server_DefaultID - INFO - Client 43: Acc=97.05, Loss=-341.2066, NLL=-1161.7528, KL=14.8948, AvgS=499.99, ProxLoss=0.0000
2026-03-19 02:17:08,680 - Server_DefaultID - INFO - Training client 63 (23/30)...
2026-03-19 02:17:09,950 - Server_DefaultID - INFO - Client 63: Acc=97.81, Loss=-341.7048, NLL=-1161.7307, KL=14.7852, AvgS=499.98, ProxLoss=0.0000
2026-03-19 02:17:09,950 - Server_DefaultID - INFO - Training client 96 (24/30)...
2026-03-19 02:17:12,096 - Server_DefaultID - INFO - Client 96: Acc=96.84, Loss=-341.4771, NLL=-1161.7556, KL=14.7385, AvgS=499.99, ProxLoss=0.0000
2026-03-19 02:17:12,097 - Server_DefaultID - INFO - Training client 22 (25/30)...
2026-03-19 02:17:12,779 - Server_DefaultID - INFO - Client 22: Acc=95.00, Loss=-341.8056, NLL=-1161.0504, KL=14.6369, AvgS=499.69, ProxLoss=0.0000
2026-03-19 02:17:12,779 - Server_DefaultID - INFO - Training client 91 (26/30)...
2026-03-19 02:17:13,646 - Server_DefaultID - INFO - Client 91: Acc=97.60, Loss=-340.0407, NLL=-1161.6609, KL=14.5134, AvgS=499.95, ProxLoss=0.0000
2026-03-19 02:17:13,646 - Server_DefaultID - INFO - Training client 92 (27/30)...
2026-03-19 02:17:14,835 - Server_DefaultID - INFO - Client 92: Acc=95.78, Loss=-341.1791, NLL=-1161.6399, KL=14.6821, AvgS=499.94, ProxLoss=0.0000
2026-03-19 02:17:14,835 - Server_DefaultID - INFO - Training client 10 (28/30)...
2026-03-19 02:17:16,047 - Server_DefaultID - INFO - Client 10: Acc=58.05, Loss=-343.0118, NLL=-1161.7190, KL=13.9172, AvgS=499.98, ProxLoss=0.0000
2026-03-19 02:17:16,047 - Server_DefaultID - INFO - Training client 25 (29/30)...
2026-03-19 02:17:16,723 - Server_DefaultID - INFO - Client 25: Acc=95.94, Loss=-341.2693, NLL=-1161.6917, KL=14.8721, AvgS=499.97, ProxLoss=0.0000
2026-03-19 02:17:16,723 - Server_DefaultID - INFO - Training client 95 (30/30)...
2026-03-19 02:17:18,972 - Server_DefaultID - INFO - Client 95: Acc=98.51, Loss=-340.4894, NLL=-1161.7698, KL=14.6414, AvgS=500.00, ProxLoss=0.0000
2026-03-19 02:17:19,256 - Server_DefaultID - WARNING - Global prior extremely imbalanced (max/min=1.0), applied adaptive smoothing lam=0.10.
2026-03-19 02:17:19,256 - Server_DefaultID - INFO - Round [82/200] Summary | Avg Client Train Stats:	Loss [-341.1784]	 Acc [93.22]	NLL [-1161.7101]	 KL [14.4521]	AvgS [499.97]	 ProxLoss [0.0000]
GlobalPriorAlpha (first 10): [5.0, 5.0, 5.0, 5.0, 5.0, 5.0, 5.0, 5.0, 5.0, 5.0]
Round Time: 59.99s
2026-03-19 02:17:19,258 - Server_DefaultID - INFO - --- Global Round 83/200 ---
2026-03-19 02:17:19,259 - Server_DefaultID - INFO - Selected 30 active clients for round 83.
2026-03-19 02:17:19,259 - Server_DefaultID - INFO - Training client 84 (1/30)...
2026-03-19 02:17:19,613 - Server_DefaultID - INFO - Client 84: Acc=87.17, Loss=-340.2091, NLL=-1160.1900, KL=14.8770, AvgS=499.32, ProxLoss=0.0000
2026-03-19 02:17:19,613 - Server_DefaultID - INFO - Training client 2 (2/30)...
2026-03-19 02:17:21,829 - Server_DefaultID - INFO - Client 2: Acc=79.17, Loss=-341.2126, NLL=-1161.7239, KL=14.8465, AvgS=499.98, ProxLoss=0.0000
2026-03-19 02:17:21,829 - Server_DefaultID - INFO - Training client 83 (3/30)...
2026-03-19 02:17:24,326 - Server_DefaultID - INFO - Client 83: Acc=99.72, Loss=-339.1834, NLL=-1161.7654, KL=13.7331, AvgS=500.00, ProxLoss=0.0000
2026-03-19 02:17:24,326 - Server_DefaultID - INFO - Training client 36 (4/30)...
2026-03-19 02:17:29,091 - Server_DefaultID - INFO - Client 36: Acc=98.98, Loss=-340.1806, NLL=-1161.7467, KL=14.5441, AvgS=499.99, ProxLoss=0.0000
2026-03-19 02:17:29,091 - Server_DefaultID - INFO - Training client 38 (5/30)...
2026-03-19 02:17:29,684 - Server_DefaultID - INFO - Client 38: Acc=90.31, Loss=-344.7143, NLL=-1161.7392, KL=12.1721, AvgS=499.99, ProxLoss=0.0000
2026-03-19 02:17:29,684 - Server_DefaultID - INFO - Training client 59 (6/30)...
2026-03-19 02:17:31,652 - Server_DefaultID - INFO - Client 59: Acc=97.57, Loss=-341.4864, NLL=-1161.7200, KL=14.8289, AvgS=499.98, ProxLoss=0.0000
2026-03-19 02:17:31,652 - Server_DefaultID - INFO - Training client 85 (7/30)...
2026-03-19 02:17:34,180 - Server_DefaultID - INFO - Client 85: Acc=99.77, Loss=-339.1489, NLL=-1161.7590, KL=13.7045, AvgS=500.00, ProxLoss=0.0000
2026-03-19 02:17:34,180 - Server_DefaultID - INFO - Training client 14 (8/30)...
2026-03-19 02:17:36,222 - Server_DefaultID - INFO - Client 14: Acc=83.33, Loss=-339.9017, NLL=-1161.7267, KL=14.5143, AvgS=499.98, ProxLoss=0.0000
2026-03-19 02:17:36,223 - Server_DefaultID - INFO - Training client 6 (9/30)...
2026-03-19 02:17:37,035 - Server_DefaultID - INFO - Client 6: Acc=86.67, Loss=-340.8891, NLL=-1161.7389, KL=14.7709, AvgS=499.99, ProxLoss=0.0000
2026-03-19 02:17:37,035 - Server_DefaultID - INFO - Training client 20 (10/30)...
2026-03-19 02:17:38,404 - Server_DefaultID - INFO - Client 20: Acc=96.46, Loss=-344.3387, NLL=-1161.6840, KL=12.8381, AvgS=499.96, ProxLoss=0.0000
2026-03-19 02:17:38,404 - Server_DefaultID - INFO - Training client 49 (11/30)...
2026-03-19 02:17:39,944 - Server_DefaultID - INFO - Client 49: Acc=97.63, Loss=-341.1590, NLL=-1161.7608, KL=14.8949, AvgS=500.00, ProxLoss=0.0000
2026-03-19 02:17:39,944 - Server_DefaultID - INFO - Training client 4 (12/30)...
2026-03-19 02:17:42,598 - Server_DefaultID - INFO - Client 4: Acc=78.28, Loss=-343.0639, NLL=-1161.7671, KL=14.0184, AvgS=500.00, ProxLoss=0.0000
2026-03-19 02:17:42,598 - Server_DefaultID - INFO - Training client 31 (13/30)...
2026-03-19 02:17:44,468 - Server_DefaultID - INFO - Client 31: Acc=97.78, Loss=-341.2712, NLL=-1161.7640, KL=14.8826, AvgS=500.00, ProxLoss=0.0000
2026-03-19 02:17:44,468 - Server_DefaultID - INFO - Training client 79 (14/30)...
2026-03-19 02:17:45,602 - Server_DefaultID - INFO - Client 79: Acc=94.00, Loss=-339.9955, NLL=-1161.7678, KL=14.5145, AvgS=500.00, ProxLoss=0.0000
2026-03-19 02:17:45,602 - Server_DefaultID - INFO - Training client 98 (15/30)...
2026-03-19 02:17:46,385 - Server_DefaultID - INFO - Client 98: Acc=97.81, Loss=-339.8867, NLL=-1161.3296, KL=14.5106, AvgS=499.81, ProxLoss=0.0000
2026-03-19 02:17:46,386 - Server_DefaultID - INFO - Training client 66 (16/30)...
2026-03-19 02:17:47,954 - Server_DefaultID - INFO - Client 66: Acc=88.17, Loss=-340.7711, NLL=-1161.7575, KL=14.8079, AvgS=499.99, ProxLoss=0.0000
2026-03-19 02:17:47,954 - Server_DefaultID - INFO - Training client 50 (17/30)...
2026-03-19 02:17:51,903 - Server_DefaultID - INFO - Client 50: Acc=97.73, Loss=-340.2228, NLL=-1161.7691, KL=14.4763, AvgS=500.00, ProxLoss=0.0000
2026-03-19 02:17:51,903 - Server_DefaultID - INFO - Training client 41 (18/30)...
2026-03-19 02:17:53,839 - Server_DefaultID - INFO - Client 41: Acc=97.97, Loss=-340.7279, NLL=-1161.7693, KL=14.7305, AvgS=500.00, ProxLoss=0.0000
2026-03-19 02:17:53,839 - Server_DefaultID - INFO - Training client 65 (19/30)...
2026-03-19 02:17:54,215 - Server_DefaultID - INFO - Client 65: Acc=55.00, Loss=-339.0744, NLL=-1151.1596, KL=14.1779, AvgS=495.42, ProxLoss=0.0000
2026-03-19 02:17:54,215 - Server_DefaultID - INFO - Training client 86 (20/30)...
2026-03-19 02:17:55,333 - Server_DefaultID - INFO - Client 86: Acc=95.19, Loss=-341.2663, NLL=-1161.7498, KL=14.7615, AvgS=499.99, ProxLoss=0.0000
2026-03-19 02:17:55,333 - Server_DefaultID - INFO - Training client 5 (21/30)...
2026-03-19 02:17:55,705 - Server_DefaultID - INFO - Client 5: Acc=71.56, Loss=-342.5322, NLL=-1161.5852, KL=14.3480, AvgS=499.92, ProxLoss=0.0000
2026-03-19 02:17:55,706 - Server_DefaultID - INFO - Training client 72 (22/30)...
2026-03-19 02:17:56,644 - Server_DefaultID - INFO - Client 72: Acc=98.36, Loss=-340.5149, NLL=-1161.7647, KL=14.6667, AvgS=500.00, ProxLoss=0.0000
2026-03-19 02:17:56,644 - Server_DefaultID - INFO - Training client 54 (23/30)...
2026-03-19 02:17:57,275 - Server_DefaultID - INFO - Client 54: Acc=85.16, Loss=-340.6734, NLL=-1161.5215, KL=14.8165, AvgS=499.89, ProxLoss=0.0000
2026-03-19 02:17:57,275 - Server_DefaultID - INFO - Training client 17 (24/30)...
2026-03-19 02:17:57,846 - Server_DefaultID - INFO - Client 17: Acc=81.25, Loss=-342.1138, NLL=-1161.6291, KL=14.5219, AvgS=499.94, ProxLoss=0.0000
2026-03-19 02:17:57,847 - Server_DefaultID - INFO - Training client 48 (25/30)...
2026-03-19 02:18:01,588 - Server_DefaultID - INFO - Client 48: Acc=97.74, Loss=-341.5625, NLL=-1161.7528, KL=14.8416, AvgS=499.99, ProxLoss=0.0000
2026-03-19 02:18:01,589 - Server_DefaultID - INFO - Training client 11 (26/30)...
2026-03-19 02:18:02,882 - Server_DefaultID - INFO - Client 11: Acc=89.32, Loss=-341.6599, NLL=-1161.7659, KL=14.8120, AvgS=500.00, ProxLoss=0.0000
2026-03-19 02:18:02,882 - Server_DefaultID - INFO - Training client 88 (27/30)...
2026-03-19 02:18:04,267 - Server_DefaultID - INFO - Client 88: Acc=94.79, Loss=-342.6581, NLL=-1161.7505, KL=14.4660, AvgS=499.99, ProxLoss=0.0000
2026-03-19 02:18:04,267 - Server_DefaultID - INFO - Training client 16 (28/30)...
2026-03-19 02:18:04,933 - Server_DefaultID - INFO - Client 16: Acc=68.75, Loss=-340.8026, NLL=-1161.7592, KL=14.8949, AvgS=500.00, ProxLoss=0.0000
2026-03-19 02:18:04,933 - Server_DefaultID - INFO - Training client 51 (29/30)...
2026-03-19 02:18:05,614 - Server_DefaultID - INFO - Client 51: Acc=88.59, Loss=-343.5790, NLL=-1161.1804, KL=13.1012, AvgS=499.75, ProxLoss=0.0000
2026-03-19 02:18:05,614 - Server_DefaultID - INFO - Training client 13 (30/30)...
2026-03-19 02:18:06,061 - Server_DefaultID - INFO - Client 13: Acc=55.00, Loss=-339.8877, NLL=-1160.4042, KL=14.7323, AvgS=499.41, ProxLoss=0.0000
2026-03-19 02:18:06,143 - Server_DefaultID - WARNING - Global prior extremely imbalanced (max/min=1.0), applied adaptive smoothing lam=0.10.
2026-03-19 02:18:06,144 - Server_DefaultID - INFO - Round [83/200] Summary | Avg Client Train Stats:	Loss [-340.9061]	 Acc [93.39]	NLL [-1161.6656]	 KL [14.4553]	AvgS [499.96]	 ProxLoss [0.0000]
GlobalPriorAlpha (first 10): [5.0, 5.0, 5.0, 5.0, 5.0, 5.0, 5.0, 5.0, 5.0, 5.0]
Round Time: 46.88s
2026-03-19 02:18:06,146 - Server_DefaultID - INFO - --- Global Round 84/200 ---
2026-03-19 02:18:06,146 - Server_DefaultID - INFO - Selected 30 active clients for round 84.
2026-03-19 02:18:06,147 - Server_DefaultID - INFO - Training client 18 (1/30)...
2026-03-19 02:18:09,210 - Server_DefaultID - INFO - Client 18: Acc=87.77, Loss=-341.4166, NLL=-1161.7268, KL=14.8110, AvgS=499.98, ProxLoss=0.0000
2026-03-19 02:18:09,210 - Server_DefaultID - INFO - Training client 72 (2/30)...
2026-03-19 02:18:10,195 - Server_DefaultID - INFO - Client 72: Acc=98.59, Loss=-340.4403, NLL=-1161.6887, KL=14.6660, AvgS=499.97, ProxLoss=0.0000
2026-03-19 02:18:10,196 - Server_DefaultID - INFO - Training client 68 (3/30)...
2026-03-19 02:18:12,247 - Server_DefaultID - INFO - Client 68: Acc=98.78, Loss=-340.0308, NLL=-1161.7528, KL=14.5145, AvgS=499.99, ProxLoss=0.0000
2026-03-19 02:18:12,247 - Server_DefaultID - INFO - Training client 89 (4/30)...
2026-03-19 02:18:16,298 - Server_DefaultID - INFO - Client 89: Acc=99.29, Loss=-339.7491, NLL=-1161.7505, KL=14.1903, AvgS=499.99, ProxLoss=0.0000
2026-03-19 02:18:16,299 - Server_DefaultID - INFO - Training client 22 (5/30)...
2026-03-19 02:18:16,804 - Server_DefaultID - INFO - Client 22: Acc=93.44, Loss=-341.7074, NLL=-1161.6244, KL=14.6811, AvgS=499.94, ProxLoss=0.0000
2026-03-19 02:18:16,804 - Server_DefaultID - INFO - Training client 93 (6/30)...
2026-03-19 02:18:17,387 - Server_DefaultID - INFO - Client 93: Acc=67.19, Loss=-342.0233, NLL=-1161.5246, KL=14.5641, AvgS=499.89, ProxLoss=0.0000
2026-03-19 02:18:17,387 - Server_DefaultID - INFO - Training client 90 (7/30)...
2026-03-19 02:18:19,316 - Client_90 - WARNING - Client 90: Too few classes (1) or samples (592) for alpha report, returning uniform.
2026-03-19 02:18:19,316 - Server_DefaultID - INFO - Client 90: Acc=100.00, Loss=-338.9404, NLL=-1161.7521, KL=13.5616, AvgS=499.99, ProxLoss=0.0000
2026-03-19 02:18:19,316 - Server_DefaultID - INFO - Training client 61 (8/30)...
2026-03-19 02:18:20,601 - Server_DefaultID - INFO - Client 61: Acc=94.25, Loss=-343.8873, NLL=-1161.7455, KL=13.2518, AvgS=499.99, ProxLoss=0.0000
2026-03-19 02:18:20,601 - Server_DefaultID - INFO - Training client 77 (9/30)...
2026-03-19 02:18:23,927 - Server_DefaultID - INFO - Client 77: Acc=98.90, Loss=-341.0348, NLL=-1161.7643, KL=14.8545, AvgS=500.00, ProxLoss=0.0000
2026-03-19 02:18:23,927 - Server_DefaultID - INFO - Training client 63 (10/30)...
2026-03-19 02:18:25,090 - Server_DefaultID - INFO - Client 63: Acc=97.81, Loss=-341.7417, NLL=-1161.7575, KL=14.8285, AvgS=499.99, ProxLoss=0.0000
2026-03-19 02:18:25,090 - Server_DefaultID - INFO - Training client 56 (11/30)...
2026-03-19 02:18:26,877 - Server_DefaultID - INFO - Client 56: Acc=88.75, Loss=-341.1063, NLL=-1161.7384, KL=14.8807, AvgS=499.99, ProxLoss=0.0000
2026-03-19 02:18:26,877 - Server_DefaultID - INFO - Training client 29 (12/30)...
2026-03-19 02:18:27,858 - Server_DefaultID - INFO - Client 29: Acc=84.22, Loss=-340.8578, NLL=-1161.6146, KL=14.8931, AvgS=499.93, ProxLoss=0.0000
2026-03-19 02:18:27,858 - Server_DefaultID - INFO - Training client 60 (13/30)...
2026-03-19 02:18:28,588 - Server_DefaultID - INFO - Client 60: Acc=90.10, Loss=-340.7597, NLL=-1161.7230, KL=14.7857, AvgS=499.98, ProxLoss=0.0000
2026-03-19 02:18:28,588 - Server_DefaultID - INFO - Training client 41 (14/30)...
2026-03-19 02:18:30,431 - Server_DefaultID - INFO - Client 41: Acc=98.20, Loss=-340.7342, NLL=-1161.7549, KL=14.7616, AvgS=499.99, ProxLoss=0.0000
2026-03-19 02:18:30,431 - Server_DefaultID - INFO - Training client 11 (15/30)...
2026-03-19 02:18:31,871 - Server_DefaultID - INFO - Client 11: Acc=92.14, Loss=-341.8073, NLL=-1161.7341, KL=14.7931, AvgS=499.98, ProxLoss=0.0000
2026-03-19 02:18:31,871 - Server_DefaultID - INFO - Training client 36 (16/30)...
2026-03-19 02:18:36,637 - Server_DefaultID - INFO - Client 36: Acc=98.87, Loss=-340.1504, NLL=-1161.7601, KL=14.5476, AvgS=500.00, ProxLoss=0.0000
2026-03-19 02:18:36,637 - Server_DefaultID - INFO - Training client 6 (17/30)...
2026-03-19 02:18:37,442 - Server_DefaultID - INFO - Client 6: Acc=89.38, Loss=-340.9510, NLL=-1161.7699, KL=14.7312, AvgS=500.00, ProxLoss=0.0000
2026-03-19 02:18:37,443 - Server_DefaultID - INFO - Training client 33 (18/30)...
2026-03-19 02:18:38,979 - Server_DefaultID - INFO - Client 33: Acc=96.38, Loss=-343.2643, NLL=-1161.7510, KL=14.0502, AvgS=499.99, ProxLoss=0.0000
2026-03-19 02:18:38,980 - Server_DefaultID - INFO - Training client 62 (19/30)...
2026-03-19 02:18:39,536 - Server_DefaultID - INFO - Client 62: Acc=89.53, Loss=-341.8155, NLL=-1161.5417, KL=14.5096, AvgS=499.90, ProxLoss=0.0000
2026-03-19 02:18:39,536 - Server_DefaultID - INFO - Training client 86 (20/30)...
2026-03-19 02:18:40,785 - Server_DefaultID - INFO - Client 86: Acc=96.12, Loss=-341.4494, NLL=-1161.5696, KL=14.7140, AvgS=499.91, ProxLoss=0.0000
2026-03-19 02:18:40,785 - Server_DefaultID - INFO - Training client 1 (21/30)...
2026-03-19 02:18:41,392 - Server_DefaultID - INFO - Client 1: Acc=57.50, Loss=-341.4814, NLL=-1161.5095, KL=14.7814, AvgS=499.89, ProxLoss=0.0000
2026-03-19 02:18:41,392 - Server_DefaultID - INFO - Training client 81 (22/30)...
2026-03-19 02:18:42,962 - Server_DefaultID - INFO - Client 81: Acc=97.46, Loss=-341.3346, NLL=-1161.7305, KL=14.8691, AvgS=499.98, ProxLoss=0.0000
2026-03-19 02:18:42,962 - Server_DefaultID - INFO - Training client 67 (23/30)...
2026-03-19 02:18:44,259 - Server_DefaultID - INFO - Client 67: Acc=97.76, Loss=-342.3490, NLL=-1161.7634, KL=14.6613, AvgS=500.00, ProxLoss=0.0000
2026-03-19 02:18:44,259 - Server_DefaultID - INFO - Training client 52 (24/30)...
2026-03-19 02:18:45,013 - Server_DefaultID - INFO - Client 52: Acc=90.83, Loss=-341.4313, NLL=-1161.7303, KL=14.7197, AvgS=499.98, ProxLoss=0.0000
2026-03-19 02:18:45,013 - Server_DefaultID - INFO - Training client 69 (25/30)...
2026-03-19 02:18:45,692 - Server_DefaultID - INFO - Client 69: Acc=57.81, Loss=-342.3367, NLL=-1161.4630, KL=14.2921, AvgS=499.87, ProxLoss=0.0000
2026-03-19 02:18:45,692 - Server_DefaultID - INFO - Training client 99 (26/30)...
2026-03-19 02:18:46,069 - Server_DefaultID - INFO - Client 99: Acc=44.38, Loss=-342.4298, NLL=-1153.9200, KL=9.6735, AvgS=496.61, ProxLoss=0.0000
2026-03-19 02:18:46,069 - Server_DefaultID - INFO - Training client 98 (27/30)...
2026-03-19 02:18:46,844 - Server_DefaultID - INFO - Client 98: Acc=99.17, Loss=-339.9737, NLL=-1161.6522, KL=14.5134, AvgS=499.95, ProxLoss=0.0000
2026-03-19 02:18:46,844 - Server_DefaultID - INFO - Training client 87 (28/30)...
2026-03-19 02:18:49,681 - Server_DefaultID - INFO - Client 87: Acc=96.34, Loss=-343.7378, NLL=-1161.7475, KL=13.6071, AvgS=499.99, ProxLoss=0.0000
2026-03-19 02:18:49,681 - Server_DefaultID - INFO - Training client 73 (29/30)...
2026-03-19 02:18:52,473 - Server_DefaultID - INFO - Client 73: Acc=98.77, Loss=-340.5515, NLL=-1161.7566, KL=14.6597, AvgS=499.99, ProxLoss=0.0000
2026-03-19 02:18:52,473 - Server_DefaultID - INFO - Training client 94 (30/30)...
2026-03-19 02:18:54,801 - Server_DefaultID - INFO - Client 94: Acc=97.30, Loss=-341.3027, NLL=-1161.7515, KL=14.8567, AvgS=499.99, ProxLoss=0.0000
2026-03-19 02:18:54,971 - Server_DefaultID - WARNING - Global prior extremely imbalanced (max/min=1.0), applied adaptive smoothing lam=0.10.
2026-03-19 02:18:54,972 - Server_DefaultID - INFO - Round [84/200] Summary | Avg Client Train Stats:	Loss [-341.0913]	 Acc [94.43]	NLL [-1161.6710]	 KL [14.5011]	AvgS [499.96]	 ProxLoss [0.0000]
GlobalPriorAlpha (first 10): [5.0, 5.0, 5.0, 5.0, 5.0, 5.0, 5.0, 5.0, 5.0, 5.0]
Round Time: 48.83s
2026-03-19 02:18:54,975 - Server_DefaultID - INFO - --- Global Round 85/200 ---
2026-03-19 02:18:54,975 - Server_DefaultID - INFO - Selected 30 active clients for round 85.
2026-03-19 02:18:54,975 - Server_DefaultID - INFO - Training client 2 (1/30)...
2026-03-19 02:18:56,873 - Server_DefaultID - INFO - Client 2: Acc=79.48, Loss=-341.0843, NLL=-1161.7269, KL=14.8321, AvgS=499.98, ProxLoss=0.0000
2026-03-19 02:18:56,873 - Server_DefaultID - INFO - Training client 5 (2/30)...
2026-03-19 02:18:57,226 - Server_DefaultID - INFO - Client 5: Acc=81.25, Loss=-342.6428, NLL=-1161.7456, KL=14.3500, AvgS=499.99, ProxLoss=0.0000
2026-03-19 02:18:57,226 - Server_DefaultID - INFO - Training client 81 (3/30)...
2026-03-19 02:18:58,672 - Server_DefaultID - INFO - Client 81: Acc=98.48, Loss=-341.3631, NLL=-1161.7042, KL=14.8631, AvgS=499.97, ProxLoss=0.0000
2026-03-19 02:18:58,672 - Server_DefaultID - INFO - Training client 85 (4/30)...
2026-03-19 02:19:01,385 - Server_DefaultID - INFO - Client 85: Acc=99.74, Loss=-339.0595, NLL=-1161.7575, KL=13.7045, AvgS=499.99, ProxLoss=0.0000
2026-03-19 02:19:01,385 - Server_DefaultID - INFO - Training client 99 (5/30)...
2026-03-19 02:19:01,781 - Server_DefaultID - INFO - Client 99: Acc=46.25, Loss=-344.1544, NLL=-1159.7751, KL=10.3892, AvgS=499.14, ProxLoss=0.0000
2026-03-19 02:19:01,781 - Server_DefaultID - INFO - Training client 20 (6/30)...
2026-03-19 02:19:03,133 - Server_DefaultID - INFO - Client 20: Acc=97.34, Loss=-344.2430, NLL=-1161.7561, KL=12.9005, AvgS=499.99, ProxLoss=0.0000
2026-03-19 02:19:03,133 - Server_DefaultID - INFO - Training client 17 (7/30)...
2026-03-19 02:19:03,700 - Server_DefaultID - INFO - Client 17: Acc=82.81, Loss=-342.2720, NLL=-1161.6372, KL=14.5107, AvgS=499.94, ProxLoss=0.0000
2026-03-19 02:19:03,700 - Server_DefaultID - INFO - Training client 21 (8/30)...
2026-03-19 02:19:05,470 - Server_DefaultID - INFO - Client 21: Acc=96.84, Loss=-343.2993, NLL=-1161.7178, KL=14.0013, AvgS=499.98, ProxLoss=0.0000
2026-03-19 02:19:05,470 - Server_DefaultID - INFO - Training client 88 (9/30)...
2026-03-19 02:19:06,901 - Server_DefaultID - INFO - Client 88: Acc=94.90, Loss=-342.6124, NLL=-1161.7562, KL=14.4096, AvgS=499.99, ProxLoss=0.0000
2026-03-19 02:19:06,901 - Server_DefaultID - INFO - Training client 91 (10/30)...
2026-03-19 02:19:07,736 - Server_DefaultID - INFO - Client 91: Acc=98.23, Loss=-339.8033, NLL=-1161.5666, KL=14.5129, AvgS=499.91, ProxLoss=0.0000
2026-03-19 02:19:07,736 - Server_DefaultID - INFO - Training client 75 (11/30)...
2026-03-19 02:19:09,537 - Server_DefaultID - INFO - Client 75: Acc=98.20, Loss=-340.2639, NLL=-1161.7669, KL=14.5850, AvgS=500.00, ProxLoss=0.0000
2026-03-19 02:19:09,537 - Server_DefaultID - INFO - Training client 65 (12/30)...
2026-03-19 02:19:09,905 - Server_DefaultID - INFO - Client 65: Acc=54.69, Loss=-340.6706, NLL=-1156.3149, KL=14.2003, AvgS=497.65, ProxLoss=0.0000
2026-03-19 02:19:09,905 - Server_DefaultID - INFO - Training client 66 (13/30)...
2026-03-19 02:19:11,483 - Server_DefaultID - INFO - Client 66: Acc=88.35, Loss=-340.7284, NLL=-1161.7449, KL=14.8296, AvgS=499.99, ProxLoss=0.0000
2026-03-19 02:19:11,483 - Server_DefaultID - INFO - Training client 11 (14/30)...
2026-03-19 02:19:12,846 - Server_DefaultID - INFO - Client 11: Acc=93.33, Loss=-341.5599, NLL=-1161.7699, KL=14.8195, AvgS=500.00, ProxLoss=0.0000
2026-03-19 02:19:12,846 - Server_DefaultID - INFO - Training client 47 (15/30)...
2026-03-19 02:19:14,184 - Server_DefaultID - INFO - Client 47: Acc=97.60, Loss=-343.1536, NLL=-1161.7671, KL=14.1163, AvgS=500.00, ProxLoss=0.0000
2026-03-19 02:19:14,184 - Server_DefaultID - INFO - Training client 23 (16/30)...
2026-03-19 02:19:14,553 - Server_DefaultID - INFO - Client 23: Acc=74.58, Loss=-336.7629, NLL=-1150.6760, KL=14.8454, AvgS=495.21, ProxLoss=0.0000
2026-03-19 02:19:14,553 - Server_DefaultID - INFO - Training client 50 (17/30)...
2026-03-19 02:19:18,636 - Server_DefaultID - INFO - Client 50: Acc=97.71, Loss=-340.2274, NLL=-1161.7632, KL=14.5082, AvgS=500.00, ProxLoss=0.0000
2026-03-19 02:19:18,636 - Server_DefaultID - INFO - Training client 57 (18/30)...
2026-03-19 02:19:23,379 - Server_DefaultID - INFO - Client 57: Acc=98.16, Loss=-340.7556, NLL=-1161.7436, KL=14.7543, AvgS=499.99, ProxLoss=0.0000
2026-03-19 02:19:23,379 - Server_DefaultID - INFO - Training client 48 (19/30)...
2026-03-19 02:19:26,908 - Server_DefaultID - INFO - Client 48: Acc=98.01, Loss=-341.4857, NLL=-1161.7501, KL=14.8228, AvgS=499.99, ProxLoss=0.0000
2026-03-19 02:19:26,908 - Server_DefaultID - INFO - Training client 67 (20/30)...
2026-03-19 02:19:28,327 - Server_DefaultID - INFO - Client 67: Acc=98.12, Loss=-342.2566, NLL=-1161.7422, KL=14.6358, AvgS=499.99, ProxLoss=0.0000
2026-03-19 02:19:28,327 - Server_DefaultID - INFO - Training client 79 (21/30)...
2026-03-19 02:19:29,477 - Server_DefaultID - INFO - Client 79: Acc=93.75, Loss=-339.8882, NLL=-1161.7398, KL=14.5142, AvgS=499.99, ProxLoss=0.0000
2026-03-19 02:19:29,477 - Server_DefaultID - INFO - Training client 40 (22/30)...
2026-03-19 02:19:30,782 - Server_DefaultID - INFO - Client 40: Acc=97.29, Loss=-343.1559, NLL=-1161.7235, KL=14.0724, AvgS=499.98, ProxLoss=0.0000
2026-03-19 02:19:30,782 - Server_DefaultID - INFO - Training client 42 (23/30)...
2026-03-19 02:19:32,159 - Server_DefaultID - INFO - Client 42: Acc=96.98, Loss=-341.1586, NLL=-1161.7646, KL=14.7712, AvgS=500.00, ProxLoss=0.0000
2026-03-19 02:19:32,159 - Server_DefaultID - INFO - Training client 72 (24/30)...
2026-03-19 02:19:33,160 - Server_DefaultID - INFO - Client 72: Acc=98.83, Loss=-340.6216, NLL=-1161.7161, KL=14.7421, AvgS=499.98, ProxLoss=0.0000
2026-03-19 02:19:33,160 - Server_DefaultID - INFO - Training client 41 (25/30)...
2026-03-19 02:19:34,987 - Server_DefaultID - INFO - Client 41: Acc=98.16, Loss=-340.6856, NLL=-1161.7573, KL=14.7248, AvgS=499.99, ProxLoss=0.0000
2026-03-19 02:19:34,987 - Server_DefaultID - INFO - Training client 95 (26/30)...
2026-03-19 02:19:37,144 - Server_DefaultID - INFO - Client 95: Acc=97.60, Loss=-340.4143, NLL=-1161.7627, KL=14.6666, AvgS=500.00, ProxLoss=0.0000
2026-03-19 02:19:37,144 - Server_DefaultID - INFO - Training client 46 (27/30)...
2026-03-19 02:19:39,036 - Server_DefaultID - INFO - Client 46: Acc=95.31, Loss=-341.2619, NLL=-1161.7496, KL=14.8726, AvgS=499.99, ProxLoss=0.0000
2026-03-19 02:19:39,036 - Server_DefaultID - INFO - Training client 52 (28/30)...
2026-03-19 02:19:39,784 - Server_DefaultID - INFO - Client 52: Acc=94.38, Loss=-341.6000, NLL=-1161.6656, KL=14.7982, AvgS=499.96, ProxLoss=0.0000
2026-03-19 02:19:39,784 - Server_DefaultID - INFO - Training client 74 (29/30)...
2026-03-19 02:19:40,792 - Server_DefaultID - INFO - Client 74: Acc=74.06, Loss=-341.2241, NLL=-1161.7579, KL=14.8505, AvgS=499.99, ProxLoss=0.0000
2026-03-19 02:19:40,792 - Server_DefaultID - INFO - Training client 24 (30/30)...
2026-03-19 02:19:41,211 - Server_DefaultID - INFO - Client 24: Acc=66.25, Loss=-343.8579, NLL=-1160.7948, KL=12.2900, AvgS=499.58, ProxLoss=0.0000
2026-03-19 02:19:41,421 - Server_DefaultID - WARNING - Global prior extremely imbalanced (max/min=1.0), applied adaptive smoothing lam=0.10.
2026-03-19 02:19:41,421 - Server_DefaultID - INFO - Round [85/200] Summary | Avg Client Train Stats:	Loss [-341.2130]	 Acc [94.55]	NLL [-1161.6457]	 KL [14.4729]	AvgS [499.95]	 ProxLoss [0.0000]
GlobalPriorAlpha (first 10): [5.0, 5.0, 5.0, 5.0, 5.0, 5.0, 5.0, 5.0, 5.0, 5.0]
Round Time: 46.45s
2026-03-19 02:19:41,424 - Server_DefaultID - INFO - --- Global Round 86/200 ---
2026-03-19 02:19:41,424 - Server_DefaultID - INFO - Selected 30 active clients for round 86.
2026-03-19 02:19:41,424 - Server_DefaultID - INFO - Training client 71 (1/30)...
2026-03-19 02:19:41,992 - Server_DefaultID - INFO - Client 71: Acc=87.19, Loss=-342.4834, NLL=-1161.5796, KL=14.4025, AvgS=499.92, ProxLoss=0.0000
2026-03-19 02:19:41,992 - Server_DefaultID - INFO - Training client 53 (2/30)...
2026-03-19 02:19:44,266 - Server_DefaultID - INFO - Client 53: Acc=98.53, Loss=-340.5308, NLL=-1161.7526, KL=14.6150, AvgS=499.99, ProxLoss=0.0000
2026-03-19 02:19:44,266 - Server_DefaultID - INFO - Training client 21 (3/30)...
2026-03-19 02:19:46,381 - Server_DefaultID - INFO - Client 21: Acc=97.30, Loss=-343.2473, NLL=-1161.7595, KL=14.0068, AvgS=500.00, ProxLoss=0.0000
2026-03-19 02:19:46,381 - Server_DefaultID - INFO - Training client 92 (4/30)...
2026-03-19 02:19:47,485 - Server_DefaultID - INFO - Client 92: Acc=96.02, Loss=-340.9893, NLL=-1161.5051, KL=14.7053, AvgS=499.89, ProxLoss=0.0000
2026-03-19 02:19:47,485 - Server_DefaultID - INFO - Training client 56 (5/30)...
2026-03-19 02:19:49,517 - Server_DefaultID - INFO - Client 56: Acc=89.92, Loss=-341.0106, NLL=-1161.7635, KL=14.8838, AvgS=500.00, ProxLoss=0.0000
2026-03-19 02:19:49,517 - Server_DefaultID - INFO - Training client 24 (6/30)...
2026-03-19 02:19:49,978 - Server_DefaultID - INFO - Client 24: Acc=65.94, Loss=-343.9875, NLL=-1161.4157, KL=12.2948, AvgS=499.85, ProxLoss=0.0000
2026-03-19 02:19:49,979 - Server_DefaultID - INFO - Training client 14 (7/30)...
2026-03-19 02:19:52,255 - Server_DefaultID - INFO - Client 14: Acc=88.33, Loss=-339.8108, NLL=-1161.7088, KL=14.5140, AvgS=499.97, ProxLoss=0.0000
2026-03-19 02:19:52,255 - Server_DefaultID - INFO - Training client 73 (8/30)...
2026-03-19 02:19:56,634 - Server_DefaultID - INFO - Client 73: Acc=97.86, Loss=-340.5302, NLL=-1161.7314, KL=14.6945, AvgS=499.98, ProxLoss=0.0000
2026-03-19 02:19:56,634 - Server_DefaultID - INFO - Training client 51 (9/30)...
2026-03-19 02:19:57,200 - Server_DefaultID - INFO - Client 51: Acc=90.00, Loss=-343.9118, NLL=-1161.2426, KL=12.8042, AvgS=499.77, ProxLoss=0.0000
2026-03-19 02:19:57,200 - Server_DefaultID - INFO - Training client 33 (10/30)...
2026-03-19 02:19:58,959 - Server_DefaultID - INFO - Client 33: Acc=95.98, Loss=-343.3060, NLL=-1161.7504, KL=13.9290, AvgS=499.99, ProxLoss=0.0000
2026-03-19 02:19:58,959 - Server_DefaultID - INFO - Training client 75 (11/30)...
2026-03-19 02:20:00,928 - Server_DefaultID - INFO - Client 75: Acc=98.32, Loss=-340.2097, NLL=-1161.7501, KL=14.5972, AvgS=499.99, ProxLoss=0.0000
2026-03-19 02:20:00,929 - Server_DefaultID - INFO - Training client 3 (12/30)...
2026-03-19 02:20:02,469 - Server_DefaultID - INFO - Client 3: Acc=74.38, Loss=-343.3695, NLL=-1161.7084, KL=13.5034, AvgS=499.97, ProxLoss=0.0000
2026-03-19 02:20:02,469 - Server_DefaultID - INFO - Training client 57 (13/30)...
2026-03-19 02:20:06,614 - Server_DefaultID - INFO - Client 57: Acc=98.46, Loss=-340.7192, NLL=-1161.7499, KL=14.7602, AvgS=499.99, ProxLoss=0.0000
2026-03-19 02:20:06,614 - Server_DefaultID - INFO - Training client 2 (14/30)...
2026-03-19 02:20:08,878 - Server_DefaultID - INFO - Client 2: Acc=81.94, Loss=-341.1828, NLL=-1161.7371, KL=14.8526, AvgS=499.99, ProxLoss=0.0000
2026-03-19 02:20:08,878 - Server_DefaultID - INFO - Training client 27 (15/30)...
2026-03-19 02:20:09,834 - Server_DefaultID - INFO - Client 27: Acc=94.38, Loss=-342.5985, NLL=-1161.6228, KL=14.3954, AvgS=499.94, ProxLoss=0.0000
2026-03-19 02:20:09,834 - Server_DefaultID - INFO - Training client 23 (16/30)...
2026-03-19 02:20:10,219 - Server_DefaultID - INFO - Client 23: Acc=74.24, Loss=-339.1726, NLL=-1157.9308, KL=14.8676, AvgS=498.34, ProxLoss=0.0000
2026-03-19 02:20:10,219 - Server_DefaultID - INFO - Training client 70 (17/30)...
2026-03-19 02:20:11,647 - Server_DefaultID - INFO - Client 70: Acc=91.69, Loss=-340.2150, NLL=-1161.7688, KL=14.6363, AvgS=500.00, ProxLoss=0.0000
2026-03-19 02:20:11,647 - Server_DefaultID - INFO - Training client 62 (18/30)...
2026-03-19 02:20:12,309 - Server_DefaultID - INFO - Client 62: Acc=90.62, Loss=-341.4393, NLL=-1161.2187, KL=14.7552, AvgS=499.76, ProxLoss=0.0000
2026-03-19 02:20:12,309 - Server_DefaultID - INFO - Training client 44 (19/30)...
2026-03-19 02:20:14,496 - Server_DefaultID - INFO - Client 44: Acc=98.30, Loss=-340.9226, NLL=-1161.7564, KL=14.8526, AvgS=499.99, ProxLoss=0.0000
2026-03-19 02:20:14,497 - Server_DefaultID - INFO - Training client 15 (20/30)...
2026-03-19 02:20:15,103 - Server_DefaultID - INFO - Client 15: Acc=56.09, Loss=-341.3754, NLL=-1161.5734, KL=14.7065, AvgS=499.92, ProxLoss=0.0000
2026-03-19 02:20:15,103 - Server_DefaultID - INFO - Training client 55 (21/30)...
2026-03-19 02:20:22,043 - Server_DefaultID - INFO - Client 55: Acc=96.23, Loss=-341.8661, NLL=-1161.7513, KL=14.8021, AvgS=499.99, ProxLoss=0.0000
2026-03-19 02:20:22,043 - Server_DefaultID - INFO - Training client 7 (22/30)...
2026-03-19 02:20:23,841 - Server_DefaultID - INFO - Client 7: Acc=67.92, Loss=-341.2654, NLL=-1161.7516, KL=14.8011, AvgS=499.99, ProxLoss=0.0000
2026-03-19 02:20:23,841 - Server_DefaultID - INFO - Training client 12 (23/30)...
2026-03-19 02:20:25,222 - Server_DefaultID - INFO - Client 12: Acc=76.75, Loss=-342.9996, NLL=-1161.7533, KL=13.8573, AvgS=499.99, ProxLoss=0.0000
2026-03-19 02:20:25,222 - Server_DefaultID - INFO - Training client 47 (24/30)...
2026-03-19 02:20:26,795 - Server_DefaultID - INFO - Client 47: Acc=96.77, Loss=-343.0516, NLL=-1161.7536, KL=14.1342, AvgS=499.99, ProxLoss=0.0000
2026-03-19 02:20:26,795 - Server_DefaultID - INFO - Training client 86 (25/30)...
2026-03-19 02:20:29,359 - Server_DefaultID - INFO - Client 86: Acc=97.00, Loss=-341.2510, NLL=-1161.6387, KL=14.7651, AvgS=499.94, ProxLoss=0.0000
2026-03-19 02:20:29,359 - Server_DefaultID - INFO - Training client 36 (26/30)...
2026-03-19 02:20:34,874 - Server_DefaultID - INFO - Client 36: Acc=99.17, Loss=-340.0690, NLL=-1161.7631, KL=14.5476, AvgS=500.00, ProxLoss=0.0000
2026-03-19 02:20:34,874 - Server_DefaultID - INFO - Training client 89 (27/30)...
2026-03-19 02:20:38,443 - Server_DefaultID - INFO - Client 89: Acc=99.11, Loss=-339.6444, NLL=-1161.7543, KL=14.1779, AvgS=499.99, ProxLoss=0.0000
2026-03-19 02:20:38,444 - Server_DefaultID - INFO - Training client 48 (28/30)...
2026-03-19 02:20:42,484 - Server_DefaultID - INFO - Client 48: Acc=97.68, Loss=-341.4187, NLL=-1161.7633, KL=14.8198, AvgS=500.00, ProxLoss=0.0000
2026-03-19 02:20:42,484 - Server_DefaultID - INFO - Training client 65 (29/30)...
2026-03-19 02:20:42,894 - Server_DefaultID - INFO - Client 65: Acc=58.75, Loss=-340.9317, NLL=-1157.6503, KL=14.3173, AvgS=498.22, ProxLoss=0.0000
2026-03-19 02:20:42,894 - Server_DefaultID - INFO - Training client 81 (30/30)...
2026-03-19 02:20:44,731 - Server_DefaultID - INFO - Client 81: Acc=98.26, Loss=-341.2164, NLL=-1161.6926, KL=14.8440, AvgS=499.97, ProxLoss=0.0000
2026-03-19 02:20:44,985 - Server_DefaultID - WARNING - Global prior extremely imbalanced (max/min=1.0), applied adaptive smoothing lam=0.10.
2026-03-19 02:20:44,986 - Server_DefaultID - INFO - Round [86/200] Summary | Avg Client Train Stats:	Loss [-341.2178]	 Acc [93.46]	NLL [-1161.6946]	 KL [14.5475]	AvgS [499.97]	 ProxLoss [0.0000]
GlobalPriorAlpha (first 10): [5.0, 5.0, 5.0, 5.0, 5.0, 5.0, 5.0, 5.0, 5.0, 5.0]
Round Time: 63.56s
2026-03-19 02:20:44,990 - Server_DefaultID - INFO - --- Global Round 87/200 ---
2026-03-19 02:20:44,990 - Server_DefaultID - INFO - Selected 30 active clients for round 87.
2026-03-19 02:20:44,990 - Server_DefaultID - INFO - Training client 34 (1/30)...
2026-03-19 02:20:45,889 - Server_DefaultID - INFO - Client 34: Acc=88.96, Loss=-342.0882, NLL=-1161.7583, KL=14.6468, AvgS=499.99, ProxLoss=0.0000
2026-03-19 02:20:45,889 - Server_DefaultID - INFO - Training client 38 (2/30)...
2026-03-19 02:20:46,495 - Server_DefaultID - INFO - Client 38: Acc=90.47, Loss=-343.8207, NLL=-1161.1528, KL=12.6416, AvgS=499.73, ProxLoss=0.0000
2026-03-19 02:20:46,495 - Server_DefaultID - INFO - Training client 6 (3/30)...
2026-03-19 02:20:47,428 - Server_DefaultID - INFO - Client 6: Acc=90.10, Loss=-341.1662, NLL=-1161.7425, KL=14.8249, AvgS=499.99, ProxLoss=0.0000
2026-03-19 02:20:47,428 - Server_DefaultID - INFO - Training client 93 (4/30)...
2026-03-19 02:20:48,081 - Server_DefaultID - INFO - Client 93: Acc=74.69, Loss=-342.0700, NLL=-1161.5880, KL=14.5111, AvgS=499.92, ProxLoss=0.0000
2026-03-19 02:20:48,081 - Server_DefaultID - INFO - Training client 29 (5/30)...
2026-03-19 02:20:49,265 - Server_DefaultID - INFO - Client 29: Acc=85.86, Loss=-340.7326, NLL=-1161.5597, KL=14.8923, AvgS=499.91, ProxLoss=0.0000
2026-03-19 02:20:49,265 - Server_DefaultID - INFO - Training client 70 (6/30)...
2026-03-19 02:20:50,519 - Server_DefaultID - INFO - Client 70: Acc=93.31, Loss=-340.2660, NLL=-1161.7699, KL=14.6471, AvgS=500.00, ProxLoss=0.0000
2026-03-19 02:20:50,520 - Server_DefaultID - INFO - Training client 75 (7/30)...
2026-03-19 02:20:52,634 - Server_DefaultID - INFO - Client 75: Acc=99.10, Loss=-340.1363, NLL=-1161.7274, KL=14.5997, AvgS=499.98, ProxLoss=0.0000
2026-03-19 02:20:52,635 - Server_DefaultID - INFO - Training client 27 (8/30)...
2026-03-19 02:20:53,548 - Server_DefaultID - INFO - Client 27: Acc=94.58, Loss=-342.6221, NLL=-1161.7192, KL=14.3966, AvgS=499.98, ProxLoss=0.0000
2026-03-19 02:20:53,549 - Server_DefaultID - INFO - Training client 15 (9/30)...
2026-03-19 02:20:54,208 - Server_DefaultID - INFO - Client 15: Acc=70.00, Loss=-341.5647, NLL=-1161.6385, KL=14.6961, AvgS=499.94, ProxLoss=0.0000
2026-03-19 02:20:54,208 - Server_DefaultID - INFO - Training client 40 (10/30)...
2026-03-19 02:20:55,689 - Server_DefaultID - INFO - Client 40: Acc=97.08, Loss=-343.2416, NLL=-1161.7519, KL=13.9695, AvgS=499.99, ProxLoss=0.0000
2026-03-19 02:20:55,690 - Server_DefaultID - INFO - Training client 49 (11/30)...
2026-03-19 02:20:57,448 - Server_DefaultID - INFO - Client 49: Acc=96.92, Loss=-340.9665, NLL=-1161.7517, KL=14.8948, AvgS=499.99, ProxLoss=0.0000
2026-03-19 02:20:57,448 - Server_DefaultID - INFO - Training client 65 (12/30)...
2026-03-19 02:20:57,838 - Server_DefaultID - INFO - Client 65: Acc=59.06, Loss=-342.2314, NLL=-1160.7474, KL=14.2320, AvgS=499.56, ProxLoss=0.0000
2026-03-19 02:20:57,838 - Server_DefaultID - INFO - Training client 82 (13/30)...
2026-03-19 02:20:59,179 - Server_DefaultID - INFO - Client 82: Acc=97.94, Loss=-341.0075, NLL=-1161.7567, KL=14.7921, AvgS=499.99, ProxLoss=0.0000
2026-03-19 02:20:59,180 - Server_DefaultID - INFO - Training client 61 (14/30)...
2026-03-19 02:21:00,541 - Server_DefaultID - INFO - Client 61: Acc=95.75, Loss=-343.6473, NLL=-1161.7368, KL=13.3767, AvgS=499.99, ProxLoss=0.0000
2026-03-19 02:21:00,541 - Server_DefaultID - INFO - Training client 2 (15/30)...
2026-03-19 02:21:04,093 - Server_DefaultID - INFO - Client 2: Acc=83.06, Loss=-341.0363, NLL=-1161.7427, KL=14.8651, AvgS=499.99, ProxLoss=0.0000
2026-03-19 02:21:04,093 - Server_DefaultID - INFO - Training client 1 (16/30)...
2026-03-19 02:21:04,753 - Server_DefaultID - INFO - Client 1: Acc=70.16, Loss=-341.6416, NLL=-1161.7564, KL=14.7838, AvgS=499.99, ProxLoss=0.0000
2026-03-19 02:21:04,753 - Server_DefaultID - INFO - Training client 55 (17/30)...
2026-03-19 02:21:11,871 - Server_DefaultID - INFO - Client 55: Acc=96.54, Loss=-341.8536, NLL=-1161.7411, KL=14.7982, AvgS=499.99, ProxLoss=0.0000
2026-03-19 02:21:11,871 - Server_DefaultID - INFO - Training client 32 (18/30)...
2026-03-19 02:21:13,402 - Server_DefaultID - INFO - Client 32: Acc=98.02, Loss=-341.8406, NLL=-1161.7403, KL=14.7160, AvgS=499.99, ProxLoss=0.0000
2026-03-19 02:21:13,402 - Server_DefaultID - INFO - Training client 60 (19/30)...
2026-03-19 02:21:14,356 - Server_DefaultID - INFO - Client 60: Acc=90.42, Loss=-340.6308, NLL=-1161.5214, KL=14.7687, AvgS=499.89, ProxLoss=0.0000
2026-03-19 02:21:14,357 - Server_DefaultID - INFO - Training client 26 (20/30)...
2026-03-19 02:21:18,575 - Server_DefaultID - INFO - Client 26: Acc=98.57, Loss=-340.2549, NLL=-1161.7417, KL=14.6285, AvgS=499.99, ProxLoss=0.0000
2026-03-19 02:21:18,576 - Server_DefaultID - INFO - Training client 7 (21/30)...
2026-03-19 02:21:20,251 - Server_DefaultID - INFO - Client 7: Acc=72.76, Loss=-341.3461, NLL=-1161.7545, KL=14.7814, AvgS=499.99, ProxLoss=0.0000
2026-03-19 02:21:20,252 - Server_DefaultID - INFO - Training client 9 (22/30)...
2026-03-19 02:21:22,078 - Server_DefaultID - INFO - Client 9: Acc=97.41, Loss=-339.8276, NLL=-1161.7599, KL=14.3891, AvgS=500.00, ProxLoss=0.0000
2026-03-19 02:21:22,078 - Server_DefaultID - INFO - Training client 0 (23/30)...
2026-03-19 02:21:22,523 - Server_DefaultID - INFO - Client 0: Acc=35.00, Loss=-341.2149, NLL=-1161.5499, KL=14.7806, AvgS=499.91, ProxLoss=0.0000
2026-03-19 02:21:22,523 - Server_DefaultID - INFO - Training client 10 (24/30)...
2026-03-19 02:21:23,632 - Server_DefaultID - INFO - Client 10: Acc=63.67, Loss=-342.9516, NLL=-1161.7301, KL=13.8073, AvgS=499.98, ProxLoss=0.0000
2026-03-19 02:21:23,632 - Server_DefaultID - INFO - Training client 46 (25/30)...
2026-03-19 02:21:25,673 - Server_DefaultID - INFO - Client 46: Acc=94.96, Loss=-341.1369, NLL=-1161.7601, KL=14.8509, AvgS=500.00, ProxLoss=0.0000
2026-03-19 02:21:25,673 - Server_DefaultID - INFO - Training client 28 (26/30)...
2026-03-19 02:21:26,133 - Server_DefaultID - INFO - Client 28: Acc=93.44, Loss=-340.8686, NLL=-1161.4489, KL=14.8699, AvgS=499.86, ProxLoss=0.0000
2026-03-19 02:21:26,134 - Server_DefaultID - INFO - Training client 66 (27/30)...
2026-03-19 02:21:27,989 - Server_DefaultID - INFO - Client 66: Acc=89.20, Loss=-340.6546, NLL=-1161.7180, KL=14.8292, AvgS=499.98, ProxLoss=0.0000
2026-03-19 02:21:27,989 - Server_DefaultID - INFO - Training client 90 (28/30)...
2026-03-19 02:21:30,361 - Client_90 - WARNING - Client 90: Too few classes (1) or samples (592) for alpha report, returning uniform.
2026-03-19 02:21:30,361 - Server_DefaultID - INFO - Client 90: Acc=100.00, Loss=-338.8160, NLL=-1161.7582, KL=13.5617, AvgS=499.99, ProxLoss=0.0000
2026-03-19 02:21:30,361 - Server_DefaultID - INFO - Training client 62 (29/30)...
2026-03-19 02:21:31,032 - Server_DefaultID - INFO - Client 62: Acc=88.59, Loss=-341.9877, NLL=-1161.6933, KL=14.6744, AvgS=499.97, ProxLoss=0.0000
2026-03-19 02:21:31,032 - Server_DefaultID - INFO - Training client 44 (30/30)...
2026-03-19 02:21:33,306 - Server_DefaultID - INFO - Client 44: Acc=98.30, Loss=-340.8506, NLL=-1161.7487, KL=14.8442, AvgS=499.99, ProxLoss=0.0000
2026-03-19 02:21:33,565 - Server_DefaultID - WARNING - Global prior extremely imbalanced (max/min=1.0), applied adaptive smoothing lam=0.10.
2026-03-19 02:21:33,565 - Server_DefaultID - INFO - Round [87/200] Summary | Avg Client Train Stats:	Loss [-341.2043]	 Acc [92.18]	NLL [-1161.7158]	 KL [14.5660]	AvgS [499.98]	 ProxLoss [0.0000]
GlobalPriorAlpha (first 10): [5.0, 5.0, 5.0, 5.0, 5.0, 5.0, 5.0, 5.0, 5.0, 5.0]
Round Time: 48.57s
2026-03-19 02:21:33,569 - Server_DefaultID - INFO - --- Global Round 88/200 ---
2026-03-19 02:21:33,569 - Server_DefaultID - INFO - Selected 30 active clients for round 88.
2026-03-19 02:21:33,569 - Server_DefaultID - INFO - Training client 21 (1/30)...
2026-03-19 02:21:36,866 - Server_DefaultID - INFO - Client 21: Acc=97.07, Loss=-343.1989, NLL=-1161.7580, KL=14.0018, AvgS=499.99, ProxLoss=0.0000
2026-03-19 02:21:36,866 - Server_DefaultID - INFO - Training client 11 (2/30)...
2026-03-19 02:21:38,445 - Server_DefaultID - INFO - Client 11: Acc=92.50, Loss=-341.5573, NLL=-1161.7699, KL=14.8047, AvgS=500.00, ProxLoss=0.0000
2026-03-19 02:21:38,445 - Server_DefaultID - INFO - Training client 39 (3/30)...
2026-03-19 02:21:42,178 - Server_DefaultID - INFO - Client 39: Acc=96.77, Loss=-341.3157, NLL=-1161.7639, KL=14.8297, AvgS=500.00, ProxLoss=0.0000
2026-03-19 02:21:42,178 - Server_DefaultID - INFO - Training client 58 (4/30)...
2026-03-19 02:21:43,862 - Server_DefaultID - INFO - Client 58: Acc=89.38, Loss=-339.9080, NLL=-1161.7625, KL=14.5688, AvgS=500.00, ProxLoss=0.0000
2026-03-19 02:21:43,862 - Server_DefaultID - INFO - Training client 34 (5/30)...
2026-03-19 02:21:44,786 - Server_DefaultID - INFO - Client 34: Acc=87.60, Loss=-342.2027, NLL=-1161.7112, KL=14.5666, AvgS=499.97, ProxLoss=0.0000
2026-03-19 02:21:44,786 - Server_DefaultID - INFO - Training client 13 (6/30)...
2026-03-19 02:21:45,182 - Server_DefaultID - INFO - Client 13: Acc=47.19, Loss=-340.0728, NLL=-1161.7666, KL=14.7428, AvgS=500.00, ProxLoss=0.0000
2026-03-19 02:21:45,182 - Server_DefaultID - INFO - Training client 42 (7/30)...
2026-03-19 02:21:46,719 - Server_DefaultID - INFO - Client 42: Acc=97.14, Loss=-341.0508, NLL=-1161.7569, KL=14.6875, AvgS=499.99, ProxLoss=0.0000
2026-03-19 02:21:46,719 - Server_DefaultID - INFO - Training client 80 (8/30)...
2026-03-19 02:21:47,107 - Server_DefaultID - INFO - Client 80: Acc=71.56, Loss=-342.2190, NLL=-1161.2969, KL=14.3453, AvgS=499.80, ProxLoss=0.0000
2026-03-19 02:21:47,107 - Server_DefaultID - INFO - Training client 19 (9/30)...
2026-03-19 02:21:50,405 - Server_DefaultID - INFO - Client 19: Acc=95.47, Loss=-339.7756, NLL=-1161.7245, KL=14.4870, AvgS=499.98, ProxLoss=0.0000
2026-03-19 02:21:50,406 - Server_DefaultID - INFO - Training client 95 (10/30)...
2026-03-19 02:21:52,705 - Server_DefaultID - INFO - Client 95: Acc=98.09, Loss=-340.2710, NLL=-1161.7697, KL=14.6583, AvgS=500.00, ProxLoss=0.0000
2026-03-19 02:21:52,705 - Server_DefaultID - INFO - Training client 46 (11/30)...
2026-03-19 02:21:54,840 - Server_DefaultID - INFO - Client 46: Acc=96.29, Loss=-341.1256, NLL=-1161.7463, KL=14.8602, AvgS=499.99, ProxLoss=0.0000
2026-03-19 02:21:54,840 - Server_DefaultID - INFO - Training client 65 (12/30)...
2026-03-19 02:21:55,252 - Server_DefaultID - INFO - Client 65: Acc=55.31, Loss=-341.8799, NLL=-1159.9073, KL=14.2282, AvgS=499.20, ProxLoss=0.0000
2026-03-19 02:21:55,252 - Server_DefaultID - INFO - Training client 31 (13/30)...
2026-03-19 02:21:57,400 - Server_DefaultID - INFO - Client 31: Acc=98.33, Loss=-341.0534, NLL=-1161.7388, KL=14.8823, AvgS=499.99, ProxLoss=0.0000
2026-03-19 02:21:57,401 - Server_DefaultID - INFO - Training client 14 (14/30)...
2026-03-19 02:21:59,618 - Server_DefaultID - INFO - Client 14: Acc=92.64, Loss=-339.7632, NLL=-1161.7101, KL=14.5141, AvgS=499.97, ProxLoss=0.0000
2026-03-19 02:21:59,619 - Server_DefaultID - INFO - Training client 47 (15/30)...
2026-03-19 02:22:01,358 - Server_DefaultID - INFO - Client 47: Acc=96.93, Loss=-343.0043, NLL=-1161.7250, KL=14.0721, AvgS=499.98, ProxLoss=0.0000
2026-03-19 02:22:01,358 - Server_DefaultID - INFO - Training client 27 (16/30)...
2026-03-19 02:22:02,384 - Server_DefaultID - INFO - Client 27: Acc=96.35, Loss=-342.4649, NLL=-1161.5656, KL=14.3431, AvgS=499.91, ProxLoss=0.0000
2026-03-19 02:22:02,384 - Server_DefaultID - INFO - Training client 56 (17/30)...
2026-03-19 02:22:04,459 - Server_DefaultID - INFO - Client 56: Acc=90.00, Loss=-340.8687, NLL=-1161.6759, KL=14.8732, AvgS=499.96, ProxLoss=0.0000
2026-03-19 02:22:04,459 - Server_DefaultID - INFO - Training client 41 (18/30)...
2026-03-19 02:22:06,463 - Server_DefaultID - INFO - Client 41: Acc=98.24, Loss=-340.6677, NLL=-1161.7520, KL=14.7628, AvgS=499.99, ProxLoss=0.0000
2026-03-19 02:22:06,463 - Server_DefaultID - INFO - Training client 75 (19/30)...
2026-03-19 02:22:09,791 - Server_DefaultID - INFO - Client 75: Acc=98.28, Loss=-340.1283, NLL=-1161.7621, KL=14.5973, AvgS=500.00, ProxLoss=0.0000
2026-03-19 02:22:09,791 - Server_DefaultID - INFO - Training client 99 (20/30)...
2026-03-19 02:22:10,241 - Server_DefaultID - INFO - Client 99: Acc=49.06, Loss=-342.8235, NLL=-1155.4909, KL=9.6799, AvgS=497.29, ProxLoss=0.0000
2026-03-19 02:22:10,241 - Server_DefaultID - INFO - Training client 60 (21/30)...
2026-03-19 02:22:11,156 - Server_DefaultID - INFO - Client 60: Acc=88.44, Loss=-340.3320, NLL=-1161.6116, KL=14.7013, AvgS=499.93, ProxLoss=0.0000
2026-03-19 02:22:11,156 - Server_DefaultID - INFO - Training client 48 (22/30)...
2026-03-19 02:22:15,648 - Server_DefaultID - INFO - Client 48: Acc=97.74, Loss=-341.3307, NLL=-1161.7628, KL=14.8199, AvgS=500.00, ProxLoss=0.0000
2026-03-19 02:22:15,648 - Server_DefaultID - INFO - Training client 6 (23/30)...
2026-03-19 02:22:16,517 - Server_DefaultID - INFO - Client 6: Acc=90.94, Loss=-340.8617, NLL=-1161.7584, KL=14.7565, AvgS=500.00, ProxLoss=0.0000
2026-03-19 02:22:16,517 - Server_DefaultID - INFO - Training client 61 (24/30)...
2026-03-19 02:22:17,957 - Server_DefaultID - INFO - Client 61: Acc=95.62, Loss=-343.6425, NLL=-1161.6685, KL=13.3677, AvgS=499.96, ProxLoss=0.0000
2026-03-19 02:22:17,958 - Server_DefaultID - INFO - Training client 7 (25/30)...
2026-03-19 02:22:19,560 - Server_DefaultID - INFO - Client 7: Acc=75.21, Loss=-341.1571, NLL=-1161.7486, KL=14.7834, AvgS=499.99, ProxLoss=0.0000
2026-03-19 02:22:19,560 - Server_DefaultID - INFO - Training client 86 (26/30)...
2026-03-19 02:22:20,870 - Server_DefaultID - INFO - Client 86: Acc=96.12, Loss=-341.3093, NLL=-1161.6670, KL=14.7912, AvgS=499.96, ProxLoss=0.0000
2026-03-19 02:22:20,870 - Server_DefaultID - INFO - Training client 97 (27/30)...
2026-03-19 02:22:26,865 - Server_DefaultID - INFO - Client 97: Acc=99.58, Loss=-339.0313, NLL=-1161.7677, KL=13.7752, AvgS=500.00, ProxLoss=0.0000
2026-03-19 02:22:26,865 - Server_DefaultID - INFO - Training client 88 (28/30)...
2026-03-19 02:22:28,572 - Server_DefaultID - INFO - Client 88: Acc=95.26, Loss=-342.3785, NLL=-1161.7454, KL=14.4621, AvgS=499.99, ProxLoss=0.0000
2026-03-19 02:22:28,572 - Server_DefaultID - INFO - Training client 67 (29/30)...
2026-03-19 02:22:30,029 - Server_DefaultID - INFO - Client 67: Acc=97.55, Loss=-342.0721, NLL=-1161.7095, KL=14.6967, AvgS=499.97, ProxLoss=0.0000
2026-03-19 02:22:30,029 - Server_DefaultID - INFO - Training client 85 (30/30)...
2026-03-19 02:22:32,845 - Server_DefaultID - INFO - Client 85: Acc=99.74, Loss=-338.9465, NLL=-1161.7185, KL=13.7201, AvgS=499.98, ProxLoss=0.0000
2026-03-19 02:22:33,075 - Server_DefaultID - WARNING - Global prior extremely imbalanced (max/min=1.0), applied adaptive smoothing lam=0.10.
2026-03-19 02:22:33,075 - Server_DefaultID - INFO - Round [88/200] Summary | Avg Client Train Stats:	Loss [-340.8333]	 Acc [94.67]	NLL [-1161.6840]	 KL [14.4376]	AvgS [499.96]	 ProxLoss [0.0000]
GlobalPriorAlpha (first 10): [5.0, 5.0, 5.0, 5.0, 5.0, 5.0, 5.0, 5.0, 5.0, 5.0]
Round Time: 59.51s
2026-03-19 02:22:33,077 - Server_DefaultID - INFO - --- Global Round 89/200 ---
2026-03-19 02:22:33,078 - Server_DefaultID - INFO - Selected 30 active clients for round 89.
2026-03-19 02:22:33,078 - Server_DefaultID - INFO - Training client 6 (1/30)...
2026-03-19 02:22:33,883 - Server_DefaultID - INFO - Client 6: Acc=92.81, Loss=-340.9334, NLL=-1161.7614, KL=14.8474, AvgS=500.00, ProxLoss=0.0000
2026-03-19 02:22:33,883 - Server_DefaultID - INFO - Training client 40 (2/30)...
2026-03-19 02:22:35,431 - Server_DefaultID - INFO - Client 40: Acc=96.04, Loss=-343.0679, NLL=-1161.7495, KL=14.0054, AvgS=499.99, ProxLoss=0.0000
2026-03-19 02:22:35,431 - Server_DefaultID - INFO - Training client 5 (3/30)...
2026-03-19 02:22:35,843 - Server_DefaultID - INFO - Client 5: Acc=83.75, Loss=-342.6595, NLL=-1161.7166, KL=14.2409, AvgS=499.98, ProxLoss=0.0000
2026-03-19 02:22:35,843 - Server_DefaultID - INFO - Training client 90 (4/30)...
2026-03-19 02:22:38,079 - Client_90 - WARNING - Client 90: Too few classes (1) or samples (592) for alpha report, returning uniform.
2026-03-19 02:22:38,079 - Server_DefaultID - INFO - Client 90: Acc=100.00, Loss=-338.7477, NLL=-1161.7699, KL=13.5618, AvgS=500.00, ProxLoss=0.0000
2026-03-19 02:22:38,079 - Server_DefaultID - INFO - Training client 27 (5/30)...
2026-03-19 02:22:39,056 - Server_DefaultID - INFO - Client 27: Acc=96.88, Loss=-342.5326, NLL=-1161.6858, KL=14.3965, AvgS=499.96, ProxLoss=0.0000
2026-03-19 02:22:39,056 - Server_DefaultID - INFO - Training client 93 (6/30)...
2026-03-19 02:22:39,838 - Server_DefaultID - INFO - Client 93: Acc=72.81, Loss=-341.9152, NLL=-1161.6296, KL=14.5651, AvgS=499.94, ProxLoss=0.0000
2026-03-19 02:22:39,838 - Server_DefaultID - INFO - Training client 84 (7/30)...
2026-03-19 02:22:40,320 - Server_DefaultID - INFO - Client 84: Acc=86.79, Loss=-340.2241, NLL=-1160.3374, KL=14.8820, AvgS=499.38, ProxLoss=0.0000
2026-03-19 02:22:40,321 - Server_DefaultID - INFO - Training client 79 (8/30)...
2026-03-19 02:22:43,216 - Server_DefaultID - INFO - Client 79: Acc=94.12, Loss=-339.7027, NLL=-1161.7024, KL=14.5139, AvgS=499.97, ProxLoss=0.0000
2026-03-19 02:22:43,216 - Server_DefaultID - INFO - Training client 42 (9/30)...
2026-03-19 02:22:44,783 - Server_DefaultID - INFO - Client 42: Acc=96.46, Loss=-340.9525, NLL=-1161.7403, KL=14.6932, AvgS=499.99, ProxLoss=0.0000
2026-03-19 02:22:44,783 - Server_DefaultID - INFO - Training client 87 (10/30)...
2026-03-19 02:22:46,571 - Server_DefaultID - INFO - Client 87: Acc=96.25, Loss=-343.5598, NLL=-1161.7371, KL=13.5432, AvgS=499.99, ProxLoss=0.0000
2026-03-19 02:22:46,572 - Server_DefaultID - INFO - Training client 68 (11/30)...
2026-03-19 02:22:48,922 - Server_DefaultID - INFO - Client 68: Acc=98.96, Loss=-339.8255, NLL=-1161.7577, KL=14.5145, AvgS=499.99, ProxLoss=0.0000
2026-03-19 02:22:48,922 - Server_DefaultID - INFO - Training client 49 (12/30)...
2026-03-19 02:22:50,702 - Server_DefaultID - INFO - Client 49: Acc=97.72, Loss=-340.8871, NLL=-1161.7447, KL=14.8947, AvgS=499.99, ProxLoss=0.0000
2026-03-19 02:22:50,702 - Server_DefaultID - INFO - Training client 76 (13/30)...
2026-03-19 02:22:52,747 - Server_DefaultID - INFO - Client 76: Acc=97.27, Loss=-343.1128, NLL=-1161.7655, KL=13.9820, AvgS=500.00, ProxLoss=0.0000
2026-03-19 02:22:52,747 - Server_DefaultID - INFO - Training client 71 (14/30)...
2026-03-19 02:22:53,418 - Server_DefaultID - INFO - Client 71: Acc=92.34, Loss=-342.1768, NLL=-1161.5222, KL=14.5093, AvgS=499.89, ProxLoss=0.0000
2026-03-19 02:22:53,418 - Server_DefaultID - INFO - Training client 4 (15/30)...
2026-03-19 02:22:55,072 - Server_DefaultID - INFO - Client 4: Acc=80.73, Loss=-342.7233, NLL=-1161.7410, KL=14.0322, AvgS=499.99, ProxLoss=0.0000
2026-03-19 02:22:55,072 - Server_DefaultID - INFO - Training client 28 (16/30)...
2026-03-19 02:22:55,525 - Server_DefaultID - INFO - Client 28: Acc=93.12, Loss=-339.8851, NLL=-1159.5102, KL=14.7803, AvgS=499.03, ProxLoss=0.0000
2026-03-19 02:22:55,525 - Server_DefaultID - INFO - Training client 2 (17/30)...
2026-03-19 02:22:57,836 - Server_DefaultID - INFO - Client 2: Acc=82.88, Loss=-341.0052, NLL=-1161.7292, KL=14.8381, AvgS=499.98, ProxLoss=0.0000
2026-03-19 02:22:57,836 - Server_DefaultID - INFO - Training client 91 (18/30)...
2026-03-19 02:22:58,754 - Server_DefaultID - INFO - Client 91: Acc=98.12, Loss=-339.7200, NLL=-1161.6561, KL=14.5134, AvgS=499.95, ProxLoss=0.0000
2026-03-19 02:22:58,754 - Server_DefaultID - INFO - Training client 37 (19/30)...
2026-03-19 02:22:59,880 - Server_DefaultID - INFO - Client 37: Acc=84.61, Loss=-342.1409, NLL=-1161.6640, KL=14.5172, AvgS=499.95, ProxLoss=0.0000
2026-03-19 02:22:59,881 - Server_DefaultID - INFO - Training client 60 (20/30)...
2026-03-19 02:23:00,743 - Server_DefaultID - INFO - Client 60: Acc=91.46, Loss=-340.5497, NLL=-1161.7218, KL=14.8184, AvgS=499.98, ProxLoss=0.0000
2026-03-19 02:23:00,743 - Server_DefaultID - INFO - Training client 75 (21/30)...
2026-03-19 02:23:02,786 - Server_DefaultID - INFO - Client 75: Acc=98.44, Loss=-340.0871, NLL=-1161.7633, KL=14.5850, AvgS=500.00, ProxLoss=0.0000
2026-03-19 02:23:02,786 - Server_DefaultID - INFO - Training client 3 (22/30)...
2026-03-19 02:23:04,478 - Server_DefaultID - INFO - Client 3: Acc=76.35, Loss=-343.1885, NLL=-1161.7494, KL=13.5812, AvgS=499.99, ProxLoss=0.0000
2026-03-19 02:23:04,478 - Server_DefaultID - INFO - Training client 77 (23/30)...
2026-03-19 02:23:08,279 - Server_DefaultID - INFO - Client 77: Acc=98.54, Loss=-340.8079, NLL=-1161.7638, KL=14.8544, AvgS=500.00, ProxLoss=0.0000
2026-03-19 02:23:08,279 - Server_DefaultID - INFO - Training client 65 (24/30)...
2026-03-19 02:23:08,707 - Server_DefaultID - INFO - Client 65: Acc=62.19, Loss=-342.0810, NLL=-1161.4232, KL=14.3444, AvgS=499.85, ProxLoss=0.0000
2026-03-19 02:23:08,707 - Server_DefaultID - INFO - Training client 56 (25/30)...
2026-03-19 02:23:10,783 - Server_DefaultID - INFO - Client 56: Acc=90.74, Loss=-340.9432, NLL=-1161.7657, KL=14.8811, AvgS=500.00, ProxLoss=0.0000
2026-03-19 02:23:10,783 - Server_DefaultID - INFO - Training client 85 (26/30)...
2026-03-19 02:23:13,766 - Server_DefaultID - INFO - Client 85: Acc=99.77, Loss=-338.9073, NLL=-1161.7652, KL=13.7046, AvgS=500.00, ProxLoss=0.0000
2026-03-19 02:23:13,766 - Server_DefaultID - INFO - Training client 52 (27/30)...
2026-03-19 02:23:14,655 - Server_DefaultID - INFO - Client 52: Acc=93.54, Loss=-341.4689, NLL=-1161.6921, KL=14.7630, AvgS=499.97, ProxLoss=0.0000
2026-03-19 02:23:14,655 - Server_DefaultID - INFO - Training client 16 (28/30)...
2026-03-19 02:23:16,615 - Server_DefaultID - INFO - Client 16: Acc=75.00, Loss=-340.5665, NLL=-1161.6553, KL=14.8937, AvgS=499.95, ProxLoss=0.0000
2026-03-19 02:23:16,615 - Server_DefaultID - INFO - Training client 96 (29/30)...
2026-03-19 02:23:18,854 - Server_DefaultID - INFO - Client 96: Acc=98.02, Loss=-341.1961, NLL=-1161.7375, KL=14.7345, AvgS=499.99, ProxLoss=0.0000
2026-03-19 02:23:18,855 - Server_DefaultID - INFO - Training client 14 (30/30)...
2026-03-19 02:23:20,874 - Server_DefaultID - INFO - Client 14: Acc=94.06, Loss=-339.7588, NLL=-1161.7529, KL=14.5145, AvgS=499.99, ProxLoss=0.0000
2026-03-19 02:23:21,036 - Server_DefaultID - WARNING - Global prior extremely imbalanced (max/min=1.0), applied adaptive smoothing lam=0.10.
2026-03-19 02:23:21,036 - Server_DefaultID - INFO - Round [89/200] Summary | Avg Client Train Stats:	Loss [-340.9693]	 Acc [93.44]	NLL [-1161.7066]	 KL [14.4054]	AvgS [499.97]	 ProxLoss [0.0000]
GlobalPriorAlpha (first 10): [5.0, 5.0, 5.0, 5.0, 5.0, 5.0, 5.0, 5.0, 5.0, 5.0]
Round Time: 47.96s
2026-03-19 02:23:21,039 - Server_DefaultID - INFO - --- Global Round 90/200 ---
2026-03-19 02:23:21,039 - Server_DefaultID - INFO - Selected 30 active clients for round 90.
2026-03-19 02:23:21,039 - Server_DefaultID - INFO - Training client 80 (1/30)...
2026-03-19 02:23:21,463 - Server_DefaultID - INFO - Client 80: Acc=75.94, Loss=-340.6986, NLL=-1159.2407, KL=14.5951, AvgS=498.91, ProxLoss=0.0000
2026-03-19 02:23:21,463 - Server_DefaultID - INFO - Training client 8 (2/30)...
2026-03-19 02:23:22,072 - Server_DefaultID - INFO - Client 8: Acc=88.12, Loss=-340.6252, NLL=-1161.4506, KL=14.7826, AvgS=499.86, ProxLoss=0.0000
2026-03-19 02:23:22,072 - Server_DefaultID - INFO - Training client 79 (3/30)...
2026-03-19 02:23:23,246 - Server_DefaultID - INFO - Client 79: Acc=94.00, Loss=-339.6651, NLL=-1161.6996, KL=14.5138, AvgS=499.97, ProxLoss=0.0000
2026-03-19 02:23:23,246 - Server_DefaultID - INFO - Training client 24 (4/30)...
2026-03-19 02:23:23,628 - Server_DefaultID - INFO - Client 24: Acc=65.94, Loss=-342.9707, NLL=-1159.8660, KL=13.0507, AvgS=499.18, ProxLoss=0.0000
2026-03-19 02:23:23,628 - Server_DefaultID - INFO - Training client 97 (5/30)...
2026-03-19 02:23:29,126 - Server_DefaultID - INFO - Client 97: Acc=99.58, Loss=-338.9457, NLL=-1161.7608, KL=13.7751, AvgS=500.00, ProxLoss=0.0000
2026-03-19 02:23:29,126 - Server_DefaultID - INFO - Training client 30 (6/30)...
2026-03-19 02:23:30,759 - Server_DefaultID - INFO - Client 30: Acc=98.83, Loss=-339.7728, NLL=-1161.7328, KL=14.5143, AvgS=499.98, ProxLoss=0.0000
2026-03-19 02:23:30,759 - Server_DefaultID - INFO - Training client 65 (7/30)...
2026-03-19 02:23:31,245 - Server_DefaultID - INFO - Client 65: Acc=60.62, Loss=-342.1150, NLL=-1160.9990, KL=14.2356, AvgS=499.67, ProxLoss=0.0000
2026-03-19 02:23:31,245 - Server_DefaultID - INFO - Training client 13 (8/30)...
2026-03-19 02:23:31,609 - Server_DefaultID - INFO - Client 13: Acc=52.81, Loss=-339.9824, NLL=-1160.6025, KL=14.8861, AvgS=499.50, ProxLoss=0.0000
2026-03-19 02:23:31,609 - Server_DefaultID - INFO - Training client 84 (9/30)...
2026-03-19 02:23:31,952 - Server_DefaultID - INFO - Client 84: Acc=86.42, Loss=-340.6308, NLL=-1161.7484, KL=14.8947, AvgS=499.99, ProxLoss=0.0000
2026-03-19 02:23:31,952 - Server_DefaultID - INFO - Training client 69 (10/30)...
2026-03-19 02:23:32,527 - Server_DefaultID - INFO - Client 69: Acc=60.47, Loss=-342.0476, NLL=-1161.5117, KL=14.3465, AvgS=499.89, ProxLoss=0.0000
2026-03-19 02:23:32,527 - Server_DefaultID - INFO - Training client 40 (11/30)...
2026-03-19 02:23:33,927 - Server_DefaultID - INFO - Client 40: Acc=96.20, Loss=-343.0761, NLL=-1161.7674, KL=13.9620, AvgS=500.00, ProxLoss=0.0000
2026-03-19 02:23:33,927 - Server_DefaultID - INFO - Training client 71 (12/30)...
2026-03-19 02:23:34,568 - Server_DefaultID - INFO - Client 71: Acc=89.84, Loss=-342.2970, NLL=-1161.4344, KL=14.4003, AvgS=499.86, ProxLoss=0.0000
2026-03-19 02:23:34,568 - Server_DefaultID - INFO - Training client 78 (13/30)...
2026-03-19 02:23:40,822 - Server_DefaultID - INFO - Client 78: Acc=97.06, Loss=-340.9708, NLL=-1161.7560, KL=14.7337, AvgS=499.99, ProxLoss=0.0000
2026-03-19 02:23:40,822 - Server_DefaultID - INFO - Training client 6 (14/30)...
2026-03-19 02:23:41,600 - Server_DefaultID - INFO - Client 6: Acc=93.85, Loss=-340.6718, NLL=-1161.7599, KL=14.8040, AvgS=500.00, ProxLoss=0.0000
2026-03-19 02:23:41,600 - Server_DefaultID - INFO - Training client 62 (15/30)...
2026-03-19 02:23:42,198 - Server_DefaultID - INFO - Client 62: Acc=91.25, Loss=-341.5140, NLL=-1161.4532, KL=14.5578, AvgS=499.86, ProxLoss=0.0000
2026-03-19 02:23:42,198 - Server_DefaultID - INFO - Training client 52 (16/30)...
2026-03-19 02:23:43,031 - Server_DefaultID - INFO - Client 52: Acc=94.48, Loss=-341.2256, NLL=-1161.7391, KL=14.8141, AvgS=499.99, ProxLoss=0.0000
2026-03-19 02:23:43,031 - Server_DefaultID - INFO - Training client 21 (17/30)...
2026-03-19 02:23:44,900 - Server_DefaultID - INFO - Client 21: Acc=96.88, Loss=-342.9846, NLL=-1161.7315, KL=14.0761, AvgS=499.98, ProxLoss=0.0000
2026-03-19 02:23:44,900 - Server_DefaultID - INFO - Training client 10 (18/30)...
2026-03-19 02:23:45,888 - Server_DefaultID - INFO - Client 10: Acc=68.05, Loss=-342.9458, NLL=-1161.7108, KL=13.7438, AvgS=499.97, ProxLoss=0.0000
2026-03-19 02:23:45,889 - Server_DefaultID - INFO - Training client 56 (19/30)...
2026-03-19 02:23:47,584 - Server_DefaultID - INFO - Client 56: Acc=90.94, Loss=-340.8382, NLL=-1161.6416, KL=14.8797, AvgS=499.94, ProxLoss=0.0000
2026-03-19 02:23:47,584 - Server_DefaultID - INFO - Training client 67 (20/30)...
2026-03-19 02:23:50,226 - Server_DefaultID - INFO - Client 67: Acc=97.19, Loss=-341.9753, NLL=-1161.7699, KL=14.6867, AvgS=500.00, ProxLoss=0.0000
2026-03-19 02:23:50,226 - Server_DefaultID - INFO - Training client 94 (21/30)...
2026-03-19 02:23:52,650 - Server_DefaultID - INFO - Client 94: Acc=97.44, Loss=-341.0203, NLL=-1161.7573, KL=14.8499, AvgS=499.99, ProxLoss=0.0000
2026-03-19 02:23:52,650 - Server_DefaultID - INFO - Training client 47 (22/30)...
2026-03-19 02:23:54,021 - Server_DefaultID - INFO - Client 47: Acc=97.45, Loss=-342.9024, NLL=-1161.6879, KL=14.1153, AvgS=499.96, ProxLoss=0.0000
2026-03-19 02:23:54,021 - Server_DefaultID - INFO - Training client 28 (23/30)...
2026-03-19 02:23:54,399 - Server_DefaultID - INFO - Client 28: Acc=92.81, Loss=-339.8226, NLL=-1159.5096, KL=14.7966, AvgS=499.03, ProxLoss=0.0000
2026-03-19 02:23:54,399 - Server_DefaultID - INFO - Training client 73 (24/30)...
2026-03-19 02:23:57,291 - Server_DefaultID - INFO - Client 73: Acc=98.56, Loss=-340.2884, NLL=-1161.7422, KL=14.6587, AvgS=499.99, ProxLoss=0.0000
2026-03-19 02:23:57,291 - Server_DefaultID - INFO - Training client 23 (25/30)...
2026-03-19 02:23:57,695 - Server_DefaultID - INFO - Client 23: Acc=76.61, Loss=-337.9411, NLL=-1154.1182, KL=14.8311, AvgS=496.70, ProxLoss=0.0000
2026-03-19 02:23:57,695 - Server_DefaultID - INFO - Training client 59 (26/30)...
2026-03-19 02:23:59,593 - Server_DefaultID - INFO - Client 59: Acc=98.16, Loss=-341.2020, NLL=-1161.7536, KL=14.8206, AvgS=499.99, ProxLoss=0.0000
2026-03-19 02:23:59,593 - Server_DefaultID - INFO - Training client 54 (27/30)...
2026-03-19 02:24:00,184 - Server_DefaultID - INFO - Client 54: Acc=85.94, Loss=-340.0357, NLL=-1161.4883, KL=14.7029, AvgS=499.88, ProxLoss=0.0000
2026-03-19 02:24:00,184 - Server_DefaultID - INFO - Training client 92 (28/30)...
2026-03-19 02:24:01,143 - Server_DefaultID - INFO - Client 92: Acc=96.17, Loss=-340.9515, NLL=-1161.6377, KL=14.7518, AvgS=499.94, ProxLoss=0.0000
2026-03-19 02:24:01,144 - Server_DefaultID - INFO - Training client 95 (29/30)...
2026-03-19 02:24:03,136 - Server_DefaultID - INFO - Client 95: Acc=98.26, Loss=-340.1247, NLL=-1161.7405, KL=14.6410, AvgS=499.99, ProxLoss=0.0000
2026-03-19 02:24:03,136 - Server_DefaultID - INFO - Training client 25 (30/30)...
2026-03-19 02:24:03,741 - Server_DefaultID - INFO - Client 25: Acc=95.00, Loss=-340.7943, NLL=-1161.5083, KL=14.7777, AvgS=499.89, ProxLoss=0.0000
2026-03-19 02:24:03,936 - Server_DefaultID - WARNING - Global prior extremely imbalanced (max/min=1.0), applied adaptive smoothing lam=0.10.
2026-03-19 02:24:03,936 - Server_DefaultID - INFO - Round [90/200] Summary | Avg Client Train Stats:	Loss [-340.8422]	 Acc [94.36]	NLL [-1161.6086]	 KL [14.4743]	AvgS [499.93]	 ProxLoss [0.0000]
GlobalPriorAlpha (first 10): [5.0, 5.0, 5.0, 5.0, 5.0, 5.0, 5.0, 5.0, 5.0, 5.0]
Round Time: 42.90s
2026-03-19 02:24:03,936 - Server_DefaultID - INFO - --- Evaluating models at round 90 ---
2026-03-19 02:25:11,411 - Server_DefaultID - INFO - Global Model Evaluation (Round 90): 
  Avg Test Acc: 76.78%
  Avg Test Acc Softmax: 76.78%
  Avg Test Loss: -1140.9543
  Avg Test NLL: -1158.5720
  Avg Test KL (vs flat prior): 13.9495
  Avg Test S: 498.62
