2026-03-19 00:42:03,027 - Server_DefaultID - INFO - Server model moved to device: cuda:0
2026-03-19 00:43:04,919 - Server_DefaultID - INFO - Starting Optimized FedUG Training Process
2026-03-19 00:43:04,919 - Server_DefaultID - INFO - --- Global Round 1/200 ---
2026-03-19 00:43:04,919 - Server_DefaultID - INFO - Selected 30 active clients for round 1.
2026-03-19 00:43:04,919 - Server_DefaultID - INFO - Training client 35 (1/30)...
2026-03-19 00:43:07,199 - Server_DefaultID - INFO - Client 35: Acc=59.17, Loss=-40.8545, NLL=-144.0394, KL=20.7604, AvgS=62.56, ProxLoss=0.0000
2026-03-19 00:43:07,199 - Server_DefaultID - INFO - Training client 87 (2/30)...
2026-03-19 00:43:11,078 - Server_DefaultID - INFO - Client 87: Acc=36.25, Loss=-113.4379, NLL=-390.1104, KL=20.2090, AvgS=167.15, ProxLoss=0.0000
2026-03-19 00:43:11,078 - Server_DefaultID - INFO - Training client 38 (3/30)...
2026-03-19 00:43:12,141 - Server_DefaultID - INFO - Client 38: Acc=49.53, Loss=-26.0656, NLL=-92.5820, KL=17.6727, AvgS=41.00, ProxLoss=0.0000
2026-03-19 00:43:12,141 - Server_DefaultID - INFO - Training client 74 (4/30)...
2026-03-19 00:43:13,886 - Server_DefaultID - INFO - Client 74: Acc=60.55, Loss=-56.6972, NLL=-199.5728, KL=21.2288, AvgS=85.82, ProxLoss=0.0000
2026-03-19 00:43:13,887 - Server_DefaultID - INFO - Training client 17 (5/30)...
2026-03-19 00:43:14,909 - Server_DefaultID - INFO - Client 17: Acc=61.25, Loss=-26.2881, NLL=-94.3830, KL=21.1200, AvgS=41.66, ProxLoss=0.0000
2026-03-19 00:43:14,909 - Server_DefaultID - INFO - Training client 10 (6/30)...
2026-03-19 00:43:16,512 - Server_DefaultID - INFO - Client 10: Acc=44.92, Loss=-57.1346, NLL=-199.3021, KL=19.5521, AvgS=85.67, ProxLoss=0.0000
2026-03-19 00:43:16,512 - Server_DefaultID - INFO - Training client 43 (7/30)...
2026-03-19 00:43:20,738 - Server_DefaultID - INFO - Client 43: Acc=55.71, Loss=-200.9086, NLL=-688.0458, KL=24.3532, AvgS=295.42, ProxLoss=0.0000
2026-03-19 00:43:20,738 - Server_DefaultID - INFO - Training client 91 (8/30)...
2026-03-19 00:43:22,073 - Server_DefaultID - INFO - Client 91: Acc=72.08, Loss=-40.6927, NLL=-145.7226, KL=16.5582, AvgS=63.31, ProxLoss=0.0000
2026-03-19 00:43:22,074 - Server_DefaultID - INFO - Training client 93 (9/30)...
2026-03-19 00:43:23,145 - Server_DefaultID - INFO - Client 93: Acc=44.22, Loss=-25.9317, NLL=-93.3845, KL=20.0180, AvgS=41.15, ProxLoss=0.0000
2026-03-19 00:43:23,145 - Server_DefaultID - INFO - Training client 20 (10/30)...
2026-03-19 00:43:25,540 - Server_DefaultID - INFO - Client 20: Acc=57.34, Loss=-94.3232, NLL=-323.8895, KL=18.6127, AvgS=138.85, ProxLoss=0.0000
2026-03-19 00:43:25,540 - Server_DefaultID - INFO - Training client 21 (11/30)...
2026-03-19 00:43:28,363 - Server_DefaultID - INFO - Client 21: Acc=32.85, Loss=-127.2483, NLL=-436.2829, KL=21.6654, AvgS=187.00, ProxLoss=0.0000
2026-03-19 00:43:28,363 - Server_DefaultID - INFO - Training client 26 (12/30)...
2026-03-19 00:43:34,619 - Server_DefaultID - INFO - Client 26: Acc=62.24, Loss=-324.7598, NLL=-1111.4690, KL=24.3053, AvgS=478.25, ProxLoss=0.0000
2026-03-19 00:43:34,619 - Server_DefaultID - INFO - Training client 83 (13/30)...
2026-03-19 00:43:38,364 - Server_DefaultID - INFO - Client 83: Acc=19.25, Loss=-165.2613, NLL=-575.7343, KL=17.3008, AvgS=246.95, ProxLoss=0.0000
2026-03-19 00:43:38,364 - Server_DefaultID - INFO - Training client 39 (14/30)...
2026-03-19 00:43:44,772 - Server_DefaultID - INFO - Client 39: Acc=43.29, Loss=-284.6263, NLL=-973.6209, KL=25.8051, AvgS=418.69, ProxLoss=0.0000
2026-03-19 00:43:44,772 - Server_DefaultID - INFO - Training client 30 (15/30)...
2026-03-19 00:43:47,765 - Server_DefaultID - INFO - Client 30: Acc=66.99, Loss=-123.1164, NLL=-432.0606, KL=20.6172, AvgS=185.29, ProxLoss=0.0000
2026-03-19 00:43:47,765 - Server_DefaultID - INFO - Training client 68 (16/30)...
2026-03-19 00:43:51,273 - Server_DefaultID - INFO - Client 68: Acc=70.10, Loss=-154.2048, NLL=-534.2161, KL=21.2322, AvgS=229.15, ProxLoss=0.0000
2026-03-19 00:43:51,273 - Server_DefaultID - INFO - Training client 34 (17/30)...
2026-03-19 00:43:52,611 - Server_DefaultID - INFO - Client 34: Acc=64.38, Loss=-38.6039, NLL=-137.3742, KL=20.1317, AvgS=59.69, ProxLoss=0.0000
2026-03-19 00:43:52,611 - Server_DefaultID - INFO - Training client 18 (18/30)...
2026-03-19 00:43:58,067 - Server_DefaultID - INFO - Client 18: Acc=54.06, Loss=-293.0066, NLL=-1000.6496, KL=25.7788, AvgS=430.35, ProxLoss=0.0000
2026-03-19 00:43:58,068 - Server_DefaultID - INFO - Training client 69 (19/30)...
2026-03-19 00:43:59,035 - Server_DefaultID - INFO - Client 69: Acc=43.59, Loss=-25.3128, NLL=-91.1412, KL=21.3669, AvgS=40.28, ProxLoss=0.0000
2026-03-19 00:43:59,035 - Server_DefaultID - INFO - Training client 52 (20/30)...
2026-03-19 00:44:00,341 - Server_DefaultID - INFO - Client 52: Acc=69.06, Loss=-40.8771, NLL=-144.9172, KL=20.0044, AvgS=62.87, ProxLoss=0.0000
2026-03-19 00:44:00,341 - Server_DefaultID - INFO - Training client 57 (21/30)...
2026-03-19 00:44:06,790 - Server_DefaultID - INFO - Client 57: Acc=78.25, Loss=-333.8618, NLL=-1136.3413, KL=25.5964, AvgS=489.01, ProxLoss=0.0000
2026-03-19 00:44:06,790 - Server_DefaultID - INFO - Training client 13 (22/30)...
2026-03-19 00:44:07,408 - Server_DefaultID - INFO - Client 13: Acc=55.62, Loss=-15.1693, NLL=-56.2995, KL=19.1599, AvgS=26.04, ProxLoss=0.0000
2026-03-19 00:44:07,408 - Server_DefaultID - INFO - Training client 89 (23/30)...
2026-03-19 00:44:12,568 - Server_DefaultID - INFO - Client 89: Acc=7.14, Loss=-265.8927, NLL=-916.0359, KL=21.4616, AvgS=393.80, ProxLoss=0.0000
2026-03-19 00:44:12,568 - Server_DefaultID - INFO - Training client 75 (24/30)...
2026-03-19 00:44:15,578 - Server_DefaultID - INFO - Client 75: Acc=72.58, Loss=-129.7008, NLL=-450.4285, KL=20.9315, AvgS=193.12, ProxLoss=0.0000
2026-03-19 00:44:15,578 - Server_DefaultID - INFO - Training client 71 (25/30)...
2026-03-19 00:44:17,295 - Server_DefaultID - INFO - Client 71: Acc=65.31, Loss=-27.7262, NLL=-98.2441, KL=21.5069, AvgS=43.48, ProxLoss=0.0000
2026-03-19 00:44:17,295 - Server_DefaultID - INFO - Training client 8 (26/30)...
2026-03-19 00:44:18,079 - Server_DefaultID - INFO - Client 8: Acc=53.12, Loss=-25.3770, NLL=-92.2014, KL=19.9653, AvgS=40.65, ProxLoss=0.0000
2026-03-19 00:44:18,079 - Server_DefaultID - INFO - Training client 51 (27/30)...
2026-03-19 00:44:19,038 - Server_DefaultID - INFO - Client 51: Acc=31.41, Loss=-26.4318, NLL=-94.6028, KL=19.3201, AvgS=41.75, ProxLoss=0.0000
2026-03-19 00:44:19,038 - Server_DefaultID - INFO - Training client 60 (28/30)...
2026-03-19 00:44:20,295 - Server_DefaultID - INFO - Client 60: Acc=59.79, Loss=-38.5458, NLL=-138.2467, KL=17.4830, AvgS=59.89, ProxLoss=0.0000
2026-03-19 00:44:20,295 - Server_DefaultID - INFO - Training client 19 (29/30)...
2026-03-19 00:44:25,672 - Server_DefaultID - INFO - Client 19: Acc=8.46, Loss=-274.5424, NLL=-943.0502, KL=23.2368, AvgS=405.46, ProxLoss=0.0000
2026-03-19 00:44:25,673 - Server_DefaultID - INFO - Training client 47 (30/30)...
2026-03-19 00:44:28,033 - Server_DefaultID - INFO - Client 47: Acc=39.84, Loss=-89.1471, NLL=-309.3571, KL=21.4011, AvgS=132.63, ProxLoss=0.0000
2026-03-19 00:44:28,495 - Server_DefaultID - WARNING - Global prior extremely imbalanced (max/min=1.0), applied adaptive smoothing lam=0.10.
2026-03-19 00:44:28,496 - Server_DefaultID - INFO - Round [1/200] Summary | Avg Client Train Stats:	Loss [-186.6863]	 Acc [48.84]	NLL [-641.6094]	 KL [22.1414]	AvgS [275.90]	 ProxLoss [0.0000]
GlobalPriorAlpha (first 10): [5.109399795532227, 4.955399990081787, 4.893700122833252, 5.0441999435424805, 5.082399845123291, 4.930300235748291, 4.929999828338623, 5.0046000480651855, 4.945499897003174, 5.104499816894531]
Round Time: 83.58s
2026-03-19 00:44:28,499 - Server_DefaultID - INFO - --- Global Round 2/200 ---
2026-03-19 00:44:28,501 - Server_DefaultID - INFO - Selected 30 active clients for round 2.
2026-03-19 00:44:28,501 - Server_DefaultID - INFO - Training client 77 (1/30)...
2026-03-19 00:44:34,172 - Server_DefaultID - INFO - Client 77: Acc=37.31, Loss=-302.4938, NLL=-1034.5063, KL=14.2887, AvgS=445.00, ProxLoss=0.0000
2026-03-19 00:44:34,172 - Server_DefaultID - INFO - Training client 28 (2/30)...
2026-03-19 00:44:34,774 - Server_DefaultID - INFO - Client 28: Acc=43.12, Loss=-15.0898, NLL=-55.7291, KL=5.3790, AvgS=25.71, ProxLoss=0.0000
2026-03-19 00:44:34,774 - Server_DefaultID - INFO - Training client 14 (3/30)...
2026-03-19 00:44:38,273 - Server_DefaultID - INFO - Client 14: Acc=72.99, Loss=-153.5070, NLL=-532.8708, KL=11.4260, AvgS=228.60, ProxLoss=0.0000
2026-03-19 00:44:38,273 - Server_DefaultID - INFO - Training client 51 (4/30)...
2026-03-19 00:44:39,257 - Server_DefaultID - INFO - Client 51: Acc=28.91, Loss=-53.8795, NLL=-186.7333, KL=6.3423, AvgS=80.44, ProxLoss=0.0000
2026-03-19 00:44:39,257 - Server_DefaultID - INFO - Training client 85 (5/30)...
2026-03-19 00:44:43,853 - Server_DefaultID - INFO - Client 85: Acc=0.21, Loss=-213.7843, NLL=-741.2655, KL=11.5567, AvgS=318.34, ProxLoss=0.0000
2026-03-19 00:44:43,854 - Server_DefaultID - INFO - Training client 60 (6/30)...
2026-03-19 00:44:45,332 - Server_DefaultID - INFO - Client 60: Acc=44.58, Loss=-83.5898, NLL=-292.3712, KL=8.7878, AvgS=125.28, ProxLoss=0.0000
2026-03-19 00:44:45,332 - Server_DefaultID - INFO - Training client 33 (7/30)...
2026-03-19 00:44:48,166 - Server_DefaultID - INFO - Client 33: Acc=33.26, Loss=-109.5886, NLL=-376.9322, KL=9.3731, AvgS=161.48, ProxLoss=0.0000
2026-03-19 00:44:48,166 - Server_DefaultID - INFO - Training client 23 (8/30)...
2026-03-19 00:44:48,773 - Server_DefaultID - INFO - Client 23: Acc=69.83, Loss=-15.8658, NLL=-57.9558, KL=6.7264, AvgS=26.94, ProxLoss=0.0000
2026-03-19 00:44:48,774 - Server_DefaultID - INFO - Training client 88 (9/30)...
2026-03-19 00:44:52,115 - Server_DefaultID - INFO - Client 88: Acc=17.19, Loss=-91.5598, NLL=-317.2361, KL=9.3387, AvgS=135.95, ProxLoss=0.0000
2026-03-19 00:44:52,115 - Server_DefaultID - INFO - Training client 81 (10/30)...
2026-03-19 00:44:54,839 - Server_DefaultID - INFO - Client 81: Acc=42.32, Loss=-112.2978, NLL=-389.0298, KL=10.1207, AvgS=166.77, ProxLoss=0.0000
2026-03-19 00:44:54,839 - Server_DefaultID - INFO - Training client 6 (11/30)...
2026-03-19 00:44:56,170 - Server_DefaultID - INFO - Client 6: Acc=69.38, Loss=-39.8625, NLL=-141.7306, KL=6.7014, AvgS=61.49, ProxLoss=0.0000
2026-03-19 00:44:56,170 - Server_DefaultID - INFO - Training client 97 (12/30)...
2026-03-19 00:45:05,897 - Server_DefaultID - INFO - Client 97: Acc=99.56, Loss=-342.0757, NLL=-1160.6666, KL=13.8512, AvgS=499.52, ProxLoss=0.0000
2026-03-19 00:45:05,897 - Server_DefaultID - INFO - Training client 34 (13/30)...
2026-03-19 00:45:07,289 - Server_DefaultID - INFO - Client 34: Acc=60.10, Loss=-83.4746, NLL=-289.5740, KL=9.0293, AvgS=124.20, ProxLoss=0.0000
2026-03-19 00:45:07,289 - Server_DefaultID - INFO - Training client 93 (14/30)...
2026-03-19 00:45:08,394 - Server_DefaultID - INFO - Client 93: Acc=37.81, Loss=-54.0999, NLL=-188.8828, KL=7.5288, AvgS=81.21, ProxLoss=0.0000
2026-03-19 00:45:08,394 - Server_DefaultID - INFO - Training client 98 (15/30)...
2026-03-19 00:45:10,041 - Server_DefaultID - INFO - Client 98: Acc=76.67, Loss=-39.8332, NLL=-142.5930, KL=6.1783, AvgS=61.99, ProxLoss=0.0000
2026-03-19 00:45:10,041 - Server_DefaultID - INFO - Training client 32 (16/30)...
2026-03-19 00:45:12,635 - Server_DefaultID - INFO - Client 32: Acc=58.49, Loss=-93.5402, NLL=-325.4835, KL=9.5884, AvgS=139.56, ProxLoss=0.0000
2026-03-19 00:45:12,635 - Server_DefaultID - INFO - Training client 68 (17/30)...
2026-03-19 00:45:16,220 - Server_DefaultID - INFO - Client 68: Acc=61.22, Loss=-337.2263, NLL=-1148.0828, KL=14.5194, AvgS=494.09, ProxLoss=0.0000
2026-03-19 00:45:16,220 - Server_DefaultID - INFO - Training client 21 (18/30)...
2026-03-19 00:45:19,474 - Server_DefaultID - INFO - Client 21: Acc=31.17, Loss=-309.9012, NLL=-1050.0541, KL=13.6447, AvgS=451.72, ProxLoss=0.0000
2026-03-19 00:45:19,474 - Server_DefaultID - INFO - Training client 82 (19/30)...
2026-03-19 00:45:21,520 - Server_DefaultID - INFO - Client 82: Acc=25.75, Loss=-71.3601, NLL=-251.1329, KL=8.6493, AvgS=107.68, ProxLoss=0.0000
2026-03-19 00:45:21,520 - Server_DefaultID - INFO - Training client 73 (20/30)...
2026-03-19 00:45:26,593 - Server_DefaultID - INFO - Client 73: Acc=57.96, Loss=-240.1222, NLL=-823.9162, KL=13.1107, AvgS=354.03, ProxLoss=0.0000
2026-03-19 00:45:26,593 - Server_DefaultID - INFO - Training client 26 (21/30)...
2026-03-19 00:45:33,371 - Server_DefaultID - INFO - Client 26: Acc=94.28, Loss=-343.7689, NLL=-1161.5989, KL=14.6307, AvgS=499.93, ProxLoss=0.0000
2026-03-19 00:45:33,371 - Server_DefaultID - INFO - Training client 46 (22/30)...
2026-03-19 00:45:36,588 - Server_DefaultID - INFO - Client 46: Acc=52.23, Loss=-125.6831, NLL=-435.4128, KL=10.8633, AvgS=186.58, ProxLoss=0.0000
2026-03-19 00:45:36,588 - Server_DefaultID - INFO - Training client 95 (23/30)...
2026-03-19 00:45:41,495 - Server_DefaultID - INFO - Client 95: Acc=57.92, Loss=-154.0637, NLL=-534.3371, KL=11.2170, AvgS=229.18, ProxLoss=0.0000
2026-03-19 00:45:41,495 - Server_DefaultID - INFO - Training client 27 (24/30)...
2026-03-19 00:45:42,968 - Server_DefaultID - INFO - Client 27: Acc=58.33, Loss=-42.5364, NLL=-149.1967, KL=7.0744, AvgS=64.67, ProxLoss=0.0000
2026-03-19 00:45:42,968 - Server_DefaultID - INFO - Training client 31 (25/30)...
2026-03-19 00:45:46,498 - Server_DefaultID - INFO - Client 31: Acc=67.81, Loss=-154.6795, NLL=-533.4792, KL=11.7818, AvgS=228.85, ProxLoss=0.0000
2026-03-19 00:45:46,499 - Server_DefaultID - INFO - Training client 58 (26/30)...
2026-03-19 00:45:49,336 - Server_DefaultID - INFO - Client 58: Acc=32.68, Loss=-110.9607, NLL=-388.4553, KL=10.0026, AvgS=166.43, ProxLoss=0.0000
2026-03-19 00:45:49,337 - Server_DefaultID - INFO - Training client 24 (27/30)...
2026-03-19 00:45:50,033 - Server_DefaultID - INFO - Client 24: Acc=54.38, Loss=-16.3828, NLL=-58.7110, KL=6.3559, AvgS=27.21, ProxLoss=0.0000
2026-03-19 00:45:50,033 - Server_DefaultID - INFO - Training client 76 (28/30)...
2026-03-19 00:45:53,518 - Server_DefaultID - INFO - Client 76: Acc=59.30, Loss=-134.3321, NLL=-459.6735, KL=10.2502, AvgS=197.06, ProxLoss=0.0000
2026-03-19 00:45:53,518 - Server_DefaultID - INFO - Training client 47 (29/30)...
2026-03-19 00:45:56,142 - Server_DefaultID - INFO - Client 47: Acc=34.11, Loss=-213.0134, NLL=-724.5728, KL=12.3105, AvgS=311.18, ProxLoss=0.0000
2026-03-19 00:45:56,142 - Server_DefaultID - INFO - Training client 75 (30/30)...
2026-03-19 00:45:59,584 - Server_DefaultID - INFO - Client 75: Acc=66.13, Loss=-309.3879, NLL=-1058.3384, KL=14.3726, AvgS=455.32, ProxLoss=0.0000
2026-03-19 00:46:00,036 - Server_DefaultID - WARNING - Global prior extremely imbalanced (max/min=1.2), applied adaptive smoothing lam=0.12.
2026-03-19 00:46:00,036 - Server_DefaultID - INFO - Round [2/200] Summary | Avg Client Train Stats:	Loss [-204.6292]	 Acc [55.87]	NLL [-700.3376]	 KL [11.7005]	AvgS [301.07]	 ProxLoss [0.0000]
GlobalPriorAlpha (first 10): [5.3653998374938965, 5.031300067901611, 4.7266998291015625, 4.956399917602539, 4.8531999588012695, 5.048299789428711, 4.812900066375732, 5.007400035858154, 5.101500034332275, 5.09689998626709]
Round Time: 91.54s
2026-03-19 00:46:00,038 - Server_DefaultID - INFO - --- Global Round 3/200 ---
2026-03-19 00:46:00,039 - Server_DefaultID - INFO - Selected 30 active clients for round 3.
2026-03-19 00:46:00,039 - Server_DefaultID - INFO - Training client 64 (1/30)...
2026-03-19 00:46:00,743 - Server_DefaultID - INFO - Client 64: Acc=62.19, Loss=-15.4421, NLL=-56.3012, KL=6.4535, AvgS=26.16, ProxLoss=0.0000
2026-03-19 00:46:00,743 - Server_DefaultID - INFO - Training client 96 (2/30)...
2026-03-19 00:46:04,873 - Server_DefaultID - INFO - Client 96: Acc=58.16, Loss=-155.0706, NLL=-535.3124, KL=11.2821, AvgS=229.63, ProxLoss=0.0000
2026-03-19 00:46:04,873 - Server_DefaultID - INFO - Training client 48 (3/30)...
2026-03-19 00:46:13,889 - Server_DefaultID - INFO - Client 48: Acc=54.36, Loss=-312.9201, NLL=-1072.0197, KL=14.3192, AvgS=461.21, ProxLoss=0.0000
2026-03-19 00:46:13,889 - Server_DefaultID - INFO - Training client 18 (4/30)...
2026-03-19 00:46:21,186 - Server_DefaultID - INFO - Client 18: Acc=83.60, Loss=-344.9344, NLL=-1161.6150, KL=14.8272, AvgS=499.93, ProxLoss=0.0000
2026-03-19 00:46:21,186 - Server_DefaultID - INFO - Training client 57 (5/30)...
2026-03-19 00:46:29,571 - Server_DefaultID - INFO - Client 57: Acc=93.84, Loss=-344.1894, NLL=-1161.5404, KL=14.7387, AvgS=499.90, ProxLoss=0.0000
2026-03-19 00:46:29,571 - Server_DefaultID - INFO - Training client 53 (6/30)...
2026-03-19 00:46:35,148 - Server_DefaultID - INFO - Client 53: Acc=4.88, Loss=-175.5363, NLL=-606.5129, KL=11.6057, AvgS=260.20, ProxLoss=0.0000
2026-03-19 00:46:35,148 - Server_DefaultID - INFO - Training client 15 (7/30)...
2026-03-19 00:46:36,501 - Server_DefaultID - INFO - Client 15: Acc=62.81, Loss=-27.9185, NLL=-99.3206, KL=6.2553, AvgS=43.90, ProxLoss=0.0000
2026-03-19 00:46:36,501 - Server_DefaultID - INFO - Training client 32 (8/30)...
2026-03-19 00:46:40,215 - Server_DefaultID - INFO - Client 32: Acc=51.72, Loss=-214.0438, NLL=-731.4243, KL=12.8071, AvgS=314.15, ProxLoss=0.0000
2026-03-19 00:46:40,216 - Server_DefaultID - INFO - Training client 63 (9/30)...
2026-03-19 00:46:43,331 - Server_DefaultID - INFO - Client 63: Acc=50.69, Loss=-72.4863, NLL=-253.9043, KL=8.5911, AvgS=108.88, ProxLoss=0.0000
2026-03-19 00:46:43,331 - Server_DefaultID - INFO - Training client 66 (10/30)...
2026-03-19 00:46:48,428 - Server_DefaultID - INFO - Client 66: Acc=10.22, Loss=-112.6495, NLL=-391.5682, KL=10.4127, AvgS=167.78, ProxLoss=0.0000
2026-03-19 00:46:48,428 - Server_DefaultID - INFO - Training client 35 (11/30)...
2026-03-19 00:46:50,346 - Server_DefaultID - INFO - Client 35: Acc=60.73, Loss=-86.0136, NLL=-296.7419, KL=8.9902, AvgS=127.27, ProxLoss=0.0000
2026-03-19 00:46:50,346 - Server_DefaultID - INFO - Training client 43 (12/30)...
2026-03-19 00:46:56,442 - Server_DefaultID - INFO - Client 43: Acc=61.42, Loss=-343.3364, NLL=-1159.7747, KL=14.7613, AvgS=499.14, ProxLoss=0.0000
2026-03-19 00:46:56,442 - Server_DefaultID - INFO - Training client 2 (13/30)...
2026-03-19 00:47:01,515 - Server_DefaultID - INFO - Client 2: Acc=35.10, Loss=-141.4057, NLL=-489.8836, KL=10.9666, AvgS=210.06, ProxLoss=0.0000
2026-03-19 00:47:01,515 - Server_DefaultID - INFO - Training client 52 (14/30)...
2026-03-19 00:47:03,579 - Server_DefaultID - INFO - Client 52: Acc=65.10, Loss=-86.1477, NLL=-299.2593, KL=9.1559, AvgS=128.35, ProxLoss=0.0000
2026-03-19 00:47:03,579 - Server_DefaultID - INFO - Training client 12 (15/30)...
2026-03-19 00:47:07,608 - Server_DefaultID - INFO - Client 12: Acc=48.88, Loss=-74.5299, NLL=-258.6467, KL=8.0088, AvgS=110.91, ProxLoss=0.0000
2026-03-19 00:47:07,608 - Server_DefaultID - INFO - Training client 10 (16/30)...
2026-03-19 00:47:10,944 - Server_DefaultID - INFO - Client 10: Acc=37.66, Loss=-122.3745, NLL=-419.2746, KL=9.8424, AvgS=179.66, ProxLoss=0.0000
2026-03-19 00:47:10,944 - Server_DefaultID - INFO - Training client 97 (17/30)...
2026-03-19 00:47:29,976 - Server_DefaultID - INFO - Client 97: Acc=99.56, Loss=-342.5098, NLL=-1161.6623, KL=13.8345, AvgS=499.95, ProxLoss=0.0000
2026-03-19 00:47:29,976 - Server_DefaultID - INFO - Training client 95 (18/30)...
2026-03-19 00:47:36,828 - Server_DefaultID - INFO - Client 95: Acc=47.15, Loss=-326.7173, NLL=-1117.1964, KL=14.3000, AvgS=480.73, ProxLoss=0.0000
2026-03-19 00:47:36,828 - Server_DefaultID - INFO - Training client 83 (19/30)...
2026-03-19 00:47:44,477 - Server_DefaultID - INFO - Client 83: Acc=99.69, Loss=-339.5519, NLL=-1155.1548, KL=13.6803, AvgS=497.14, ProxLoss=0.0000
2026-03-19 00:47:44,477 - Server_DefaultID - INFO - Training client 24 (20/30)...
2026-03-19 00:47:45,456 - Server_DefaultID - INFO - Client 24: Acc=56.56, Loss=-27.4557, NLL=-95.8230, KL=5.5958, AvgS=42.43, ProxLoss=0.0000
2026-03-19 00:47:45,456 - Server_DefaultID - INFO - Training client 61 (21/30)...
2026-03-19 00:47:49,342 - Server_DefaultID - INFO - Client 61: Acc=54.00, Loss=-72.9307, NLL=-252.1240, KL=7.5895, AvgS=108.21, ProxLoss=0.0000
2026-03-19 00:47:49,342 - Server_DefaultID - INFO - Training client 21 (22/30)...
2026-03-19 00:47:56,759 - Server_DefaultID - INFO - Client 21: Acc=43.55, Loss=-345.7044, NLL=-1160.9485, KL=14.1610, AvgS=499.65, ProxLoss=0.0000
2026-03-19 00:47:56,759 - Server_DefaultID - INFO - Training client 70 (23/30)...
2026-03-19 00:48:00,347 - Server_DefaultID - INFO - Client 70: Acc=66.19, Loss=-72.2026, NLL=-255.5321, KL=8.6433, AvgS=109.68, ProxLoss=0.0000
2026-03-19 00:48:00,347 - Server_DefaultID - INFO - Training client 44 (24/30)...
2026-03-19 00:48:07,322 - Server_DefaultID - INFO - Client 44: Acc=53.26, Loss=-141.5431, NLL=-491.5434, KL=11.2329, AvgS=210.75, ProxLoss=0.0000
2026-03-19 00:48:07,322 - Server_DefaultID - INFO - Training client 69 (25/30)...
2026-03-19 00:48:09,290 - Server_DefaultID - INFO - Client 69: Acc=29.84, Loss=-52.8827, NLL=-184.8514, KL=7.6784, AvgS=79.52, ProxLoss=0.0000
2026-03-19 00:48:09,291 - Server_DefaultID - INFO - Training client 27 (26/30)...
2026-03-19 00:48:11,396 - Server_DefaultID - INFO - Client 27: Acc=56.25, Loss=-87.6856, NLL=-302.1719, KL=9.1031, AvgS=129.58, ProxLoss=0.0000
2026-03-19 00:48:11,397 - Server_DefaultID - INFO - Training client 87 (27/30)...
2026-03-19 00:48:17,500 - Server_DefaultID - INFO - Client 87: Acc=24.87, Loss=-267.9640, NLL=-907.9273, KL=12.6784, AvgS=390.28, ProxLoss=0.0000
2026-03-19 00:48:17,500 - Server_DefaultID - INFO - Training client 51 (28/30)...
2026-03-19 00:48:19,078 - Server_DefaultID - INFO - Client 51: Acc=28.44, Loss=-86.3240, NLL=-295.4522, KL=7.4909, AvgS=126.84, ProxLoss=0.0000
2026-03-19 00:48:19,079 - Server_DefaultID - INFO - Training client 38 (29/30)...
2026-03-19 00:48:20,597 - Server_DefaultID - INFO - Client 38: Acc=47.81, Loss=-53.8137, NLL=-186.1356, KL=6.3092, AvgS=80.13, ProxLoss=0.0000
2026-03-19 00:48:20,597 - Server_DefaultID - INFO - Training client 76 (30/30)...
2026-03-19 00:48:27,758 - Server_DefaultID - INFO - Client 76: Acc=55.20, Loss=-296.1416, NLL=-1003.8513, KL=13.3760, AvgS=431.76, ProxLoss=0.0000
2026-03-19 00:48:28,765 - Server_DefaultID - WARNING - Global prior extremely imbalanced (max/min=1.2), applied adaptive smoothing lam=0.12.
2026-03-19 00:48:28,765 - Server_DefaultID - INFO - Round [3/200] Summary | Avg Client Train Stats:	Loss [-236.0266]	 Acc [60.10]	NLL [-803.6491]	 KL [12.2374]	AvgS [345.62]	 ProxLoss [0.0000]
GlobalPriorAlpha (first 10): [5.344600200653076, 5.127900123596191, 4.459799766540527, 4.924499988555908, 4.983799934387207, 5.157800197601318, 4.839200019836426, 5.036399841308594, 5.089099884033203, 5.036900043487549]
Round Time: 148.73s
2026-03-19 00:48:28,768 - Server_DefaultID - INFO - --- Global Round 4/200 ---
2026-03-19 00:48:28,768 - Server_DefaultID - INFO - Selected 30 active clients for round 4.
2026-03-19 00:48:28,768 - Server_DefaultID - INFO - Training client 63 (1/30)...
2026-03-19 00:48:32,282 - Server_DefaultID - INFO - Client 63: Acc=42.44, Loss=-155.6653, NLL=-536.1190, KL=11.5082, AvgS=229.91, ProxLoss=0.0000
2026-03-19 00:48:32,282 - Server_DefaultID - INFO - Training client 19 (2/30)...
2026-03-19 00:48:56,212 - Server_DefaultID - INFO - Client 19: Acc=95.33, Loss=-343.1577, NLL=-1161.4564, KL=14.7727, AvgS=499.86, ProxLoss=0.0000
2026-03-19 00:48:56,212 - Server_DefaultID - INFO - Training client 49 (3/30)...
2026-03-19 00:49:04,709 - Server_DefaultID - INFO - Client 49: Acc=65.49, Loss=-106.3197, NLL=-370.4079, KL=10.2488, AvgS=158.78, ProxLoss=0.0000
2026-03-19 00:49:04,709 - Server_DefaultID - INFO - Training client 59 (4/30)...
2026-03-19 00:49:14,772 - Server_DefaultID - INFO - Client 59: Acc=67.88, Loss=-152.2453, NLL=-524.2655, KL=11.4238, AvgS=224.90, ProxLoss=0.0000
2026-03-19 00:49:14,772 - Server_DefaultID - INFO - Training client 57 (5/30)...
2026-03-19 00:49:33,807 - Server_DefaultID - INFO - Client 57: Acc=93.84, Loss=-344.3382, NLL=-1161.7319, KL=14.8047, AvgS=499.98, ProxLoss=0.0000
2026-03-19 00:49:33,807 - Server_DefaultID - INFO - Training client 72 (6/30)...
2026-03-19 00:49:38,023 - Server_DefaultID - INFO - Client 72: Acc=51.64, Loss=-54.1285, NLL=-193.1127, KL=7.4480, AvgS=83.06, ProxLoss=0.0000
2026-03-19 00:49:38,023 - Server_DefaultID - INFO - Training client 52 (7/30)...
2026-03-19 00:49:41,843 - Server_DefaultID - INFO - Client 52: Acc=62.92, Loss=-140.1459, NLL=-480.9866, KL=11.0753, AvgS=206.27, ProxLoss=0.0000
2026-03-19 00:49:41,844 - Server_DefaultID - INFO - Training client 24 (8/30)...
2026-03-19 00:49:43,416 - Server_DefaultID - INFO - Client 24: Acc=55.31, Loss=-41.2057, NLL=-142.0966, KL=5.8522, AvgS=61.67, ProxLoss=0.0000
2026-03-19 00:49:43,417 - Server_DefaultID - INFO - Training client 58 (9/30)...
2026-03-19 00:49:50,732 - Server_DefaultID - INFO - Client 58: Acc=22.19, Loss=-252.1690, NLL=-867.1553, KL=12.9165, AvgS=372.69, ProxLoss=0.0000
2026-03-19 00:49:50,732 - Server_DefaultID - INFO - Training client 37 (10/30)...
2026-03-19 00:49:55,298 - Server_DefaultID - INFO - Client 37: Acc=61.17, Loss=-55.9331, NLL=-195.8100, KL=7.8619, AvgS=84.28, ProxLoss=0.0000
2026-03-19 00:49:55,298 - Server_DefaultID - INFO - Training client 92 (11/30)...
2026-03-19 00:49:59,886 - Server_DefaultID - INFO - Client 92: Acc=51.25, Loss=-54.3775, NLL=-192.6714, KL=7.2302, AvgS=82.87, ProxLoss=0.0000
2026-03-19 00:49:59,887 - Server_DefaultID - INFO - Training client 82 (12/30)...
2026-03-19 00:50:06,519 - Server_DefaultID - INFO - Client 82: Acc=27.12, Loss=-162.9056, NLL=-559.9588, KL=11.7084, AvgS=240.15, ProxLoss=0.0000
2026-03-19 00:50:06,519 - Server_DefaultID - INFO - Training client 60 (13/30)...
2026-03-19 00:50:09,814 - Server_DefaultID - INFO - Client 60: Acc=36.35, Loss=-134.6049, NLL=-465.3599, KL=10.8246, AvgS=199.49, ProxLoss=0.0000
2026-03-19 00:50:09,814 - Server_DefaultID - INFO - Training client 66 (14/30)...
2026-03-19 00:50:18,093 - Server_DefaultID - INFO - Client 66: Acc=25.45, Loss=-263.6606, NLL=-900.0562, KL=14.0130, AvgS=386.89, ProxLoss=0.0000
2026-03-19 00:50:18,093 - Server_DefaultID - INFO - Training client 30 (15/30)...
2026-03-19 00:50:26,334 - Server_DefaultID - INFO - Client 30: Acc=71.33, Loss=-309.8806, NLL=-1062.6336, KL=14.3303, AvgS=457.23, ProxLoss=0.0000
2026-03-19 00:50:26,334 - Server_DefaultID - INFO - Training client 2 (16/30)...
2026-03-19 00:50:35,721 - Server_DefaultID - INFO - Client 2: Acc=52.88, Loss=-327.1649, NLL=-1115.5706, KL=14.4357, AvgS=480.03, ProxLoss=0.0000
2026-03-19 00:50:35,721 - Server_DefaultID - INFO - Training client 0 (17/30)...
2026-03-19 00:50:38,343 - Server_DefaultID - INFO - Client 0: Acc=51.25, Loss=-15.9154, NLL=-57.8131, KL=6.2562, AvgS=26.87, ProxLoss=0.0000
2026-03-19 00:50:38,343 - Server_DefaultID - INFO - Training client 4 (18/30)...
2026-03-19 00:50:46,115 - Server_DefaultID - INFO - Client 4: Acc=57.50, Loss=-93.8749, NLL=-323.9936, KL=9.1655, AvgS=138.86, ProxLoss=0.0000
2026-03-19 00:50:46,115 - Server_DefaultID - INFO - Training client 9 (19/30)...
2026-03-19 00:50:53,638 - Server_DefaultID - INFO - Client 9: Acc=9.82, Loss=-107.6133, NLL=-378.4772, KL=9.7651, AvgS=162.12, ProxLoss=0.0000
2026-03-19 00:50:53,638 - Server_DefaultID - INFO - Training client 7 (20/30)...
2026-03-19 00:50:59,862 - Server_DefaultID - INFO - Client 7: Acc=44.43, Loss=-92.6604, NLL=-323.0893, KL=9.4820, AvgS=138.44, ProxLoss=0.0000
2026-03-19 00:50:59,862 - Server_DefaultID - INFO - Training client 41 (21/30)...
2026-03-19 00:51:08,342 - Server_DefaultID - INFO - Client 41: Acc=38.75, Loss=-132.2225, NLL=-459.3246, KL=10.5895, AvgS=196.92, ProxLoss=0.0000
2026-03-19 00:51:08,342 - Server_DefaultID - INFO - Training client 35 (22/30)...
2026-03-19 00:51:13,081 - Server_DefaultID - INFO - Client 35: Acc=61.56, Loss=-136.0965, NLL=-466.0609, KL=10.5562, AvgS=199.87, ProxLoss=0.0000
2026-03-19 00:51:13,081 - Server_DefaultID - INFO - Training client 93 (23/30)...
2026-03-19 00:51:15,414 - Server_DefaultID - INFO - Client 93: Acc=34.22, Loss=-84.9822, NLL=-293.6702, KL=9.1510, AvgS=125.85, ProxLoss=0.0000
2026-03-19 00:51:15,415 - Server_DefaultID - INFO - Training client 71 (24/30)...
2026-03-19 00:51:17,518 - Server_DefaultID - INFO - Client 71: Acc=67.81, Loss=-53.9963, NLL=-187.1509, KL=7.8952, AvgS=80.69, ProxLoss=0.0000
2026-03-19 00:51:17,518 - Server_DefaultID - INFO - Training client 64 (25/30)...
2026-03-19 00:51:18,811 - Server_DefaultID - INFO - Client 64: Acc=65.94, Loss=-26.2042, NLL=-93.0580, KL=6.6368, AvgS=41.19, ProxLoss=0.0000
2026-03-19 00:51:18,811 - Server_DefaultID - INFO - Training client 23 (26/30)...
2026-03-19 00:51:20,056 - Server_DefaultID - INFO - Client 23: Acc=77.63, Loss=-26.5565, NLL=-94.5450, KL=7.0276, AvgS=42.06, ProxLoss=0.0000
2026-03-19 00:51:20,056 - Server_DefaultID - INFO - Training client 26 (27/30)...
2026-03-19 00:51:39,338 - Server_DefaultID - INFO - Client 26: Acc=94.38, Loss=-343.7847, NLL=-1161.6678, KL=14.7502, AvgS=499.96, ProxLoss=0.0000
2026-03-19 00:51:39,339 - Server_DefaultID - INFO - Training client 33 (28/30)...
2026-03-19 00:51:47,945 - Server_DefaultID - INFO - Client 33: Acc=18.71, Loss=-257.8420, NLL=-875.1465, KL=12.5760, AvgS=376.14, ProxLoss=0.0000
2026-03-19 00:51:47,945 - Server_DefaultID - INFO - Training client 78 (29/30)...
2026-03-19 00:52:21,112 - Server_DefaultID - INFO - Client 78: Acc=81.75, Loss=-344.4083, NLL=-1161.5680, KL=14.8786, AvgS=499.91, ProxLoss=0.0000
2026-03-19 00:52:21,112 - Server_DefaultID - INFO - Training client 85 (30/30)...
2026-03-19 00:52:32,973 - Server_DefaultID - INFO - Client 85: Acc=99.74, Loss=-342.0595, NLL=-1160.9534, KL=13.2730, AvgS=499.65, ProxLoss=0.0000
2026-03-19 00:52:35,247 - Server_DefaultID - WARNING - Global prior extremely imbalanced (max/min=1.1), applied adaptive smoothing lam=0.11.
2026-03-19 00:52:35,248 - Server_DefaultID - INFO - Round [4/200] Summary | Avg Client Train Stats:	Loss [-237.1113]	 Acc [64.58]	NLL [-807.0058]	 KL [12.4663]	AvgS [347.06]	 ProxLoss [0.0000]
GlobalPriorAlpha (first 10): [4.9704999923706055, 5.021299839019775, 4.7683000564575195, 4.915200233459473, 5.049099922180176, 5.011600017547607, 4.897799968719482, 4.9857001304626465, 5.157199859619141, 5.223299980163574]
Round Time: 246.48s
2026-03-19 00:52:35,250 - Server_DefaultID - INFO - --- Global Round 5/200 ---
2026-03-19 00:52:35,251 - Server_DefaultID - INFO - Selected 30 active clients for round 5.
2026-03-19 00:52:35,251 - Server_DefaultID - INFO - Training client 75 (1/30)...
2026-03-19 00:52:43,609 - Server_DefaultID - INFO - Client 75: Acc=71.60, Loss=-343.2765, NLL=-1161.1432, KL=14.6032, AvgS=499.73, ProxLoss=0.0000
2026-03-19 00:52:43,609 - Server_DefaultID - INFO - Training client 10 (2/30)...
2026-03-19 00:52:48,299 - Server_DefaultID - INFO - Client 10: Acc=10.08, Loss=-206.5516, NLL=-702.3482, KL=11.8953, AvgS=301.51, ProxLoss=0.0000
2026-03-19 00:52:48,299 - Server_DefaultID - INFO - Training client 98 (3/30)...
2026-03-19 00:52:53,286 - Server_DefaultID - INFO - Client 98: Acc=71.25, Loss=-83.0411, NLL=-291.9248, KL=8.7626, AvgS=125.25, ProxLoss=0.0000
2026-03-19 00:52:53,286 - Server_DefaultID - INFO - Training client 87 (4/30)...
2026-03-19 00:53:00,588 - Server_DefaultID - INFO - Client 87: Acc=34.11, Loss=-345.4572, NLL=-1160.0506, KL=13.7040, AvgS=499.26, ProxLoss=0.0000
2026-03-19 00:53:00,588 - Server_DefaultID - INFO - Training client 47 (5/30)...
2026-03-19 00:53:07,514 - Server_DefaultID - INFO - Client 47: Acc=41.15, Loss=-329.3761, NLL=-1115.5454, KL=13.8977, AvgS=480.03, ProxLoss=0.0000
2026-03-19 00:53:07,514 - Server_DefaultID - INFO - Training client 40 (6/30)...
2026-03-19 00:53:14,659 - Server_DefaultID - INFO - Client 40: Acc=59.32, Loss=-93.2149, NLL=-322.1524, KL=8.9624, AvgS=138.12, ProxLoss=0.0000
2026-03-19 00:53:14,659 - Server_DefaultID - INFO - Training client 33 (7/30)...
2026-03-19 00:53:21,718 - Server_DefaultID - INFO - Client 33: Acc=56.92, Loss=-343.5462, NLL=-1156.8743, KL=13.8537, AvgS=497.89, ProxLoss=0.0000
2026-03-19 00:53:21,718 - Server_DefaultID - INFO - Training client 97 (8/30)...
2026-03-19 00:53:50,659 - Server_DefaultID - INFO - Client 97: Acc=99.56, Loss=-342.4534, NLL=-1161.6748, KL=13.9634, AvgS=499.96, ProxLoss=0.0000
2026-03-19 00:53:50,659 - Server_DefaultID - INFO - Training client 31 (9/30)...
2026-03-19 00:54:00,675 - Server_DefaultID - INFO - Client 31: Acc=68.37, Loss=-339.3643, NLL=-1149.9573, KL=14.7472, AvgS=494.91, ProxLoss=0.0000
2026-03-19 00:54:00,675 - Server_DefaultID - INFO - Training client 38 (10/30)...
2026-03-19 00:54:03,873 - Server_DefaultID - INFO - Client 38: Acc=45.47, Loss=-86.4701, NLL=-295.9377, KL=7.5132, AvgS=126.84, ProxLoss=0.0000
2026-03-19 00:54:03,873 - Server_DefaultID - INFO - Training client 66 (11/30)...
2026-03-19 00:54:11,562 - Server_DefaultID - INFO - Client 66: Acc=88.17, Loss=-343.0723, NLL=-1159.0612, KL=14.9014, AvgS=498.83, ProxLoss=0.0000
2026-03-19 00:54:11,563 - Server_DefaultID - INFO - Training client 12 (12/30)...
2026-03-19 00:54:17,257 - Server_DefaultID - INFO - Client 12: Acc=41.31, Loss=-168.1966, NLL=-572.2382, KL=11.0863, AvgS=245.45, ProxLoss=0.0000
2026-03-19 00:54:17,257 - Server_DefaultID - INFO - Training client 82 (13/30)...
2026-03-19 00:54:23,020 - Server_DefaultID - INFO - Client 82: Acc=22.31, Loss=-280.6472, NLL=-955.5955, KL=14.0339, AvgS=410.88, ProxLoss=0.0000
2026-03-19 00:54:23,021 - Server_DefaultID - INFO - Training client 91 (14/30)...
2026-03-19 00:54:26,815 - Server_DefaultID - INFO - Client 91: Acc=69.06, Loss=-85.8864, NLL=-300.8135, KL=8.8466, AvgS=129.05, ProxLoss=0.0000
2026-03-19 00:54:26,815 - Server_DefaultID - INFO - Training client 89 (15/30)...
2026-03-19 00:54:42,038 - Server_DefaultID - INFO - Client 89: Acc=98.55, Loss=-342.8604, NLL=-1161.3683, KL=14.1049, AvgS=499.83, ProxLoss=0.0000
2026-03-19 00:54:42,038 - Server_DefaultID - INFO - Training client 80 (16/30)...
2026-03-19 00:54:43,758 - Server_DefaultID - INFO - Client 80: Acc=56.56, Loss=-15.4572, NLL=-56.4083, KL=6.5910, AvgS=26.22, ProxLoss=0.0000
2026-03-19 00:54:43,758 - Server_DefaultID - INFO - Training client 44 (17/30)...
2026-03-19 00:54:54,230 - Server_DefaultID - INFO - Client 44: Acc=65.94, Loss=-331.0302, NLL=-1127.2608, KL=14.8028, AvgS=485.10, ProxLoss=0.0000
2026-03-19 00:54:54,230 - Server_DefaultID - INFO - Training client 43 (18/30)...
2026-03-19 00:55:06,296 - Server_DefaultID - INFO - Client 43: Acc=66.08, Loss=-344.1425, NLL=-1161.4084, KL=14.7932, AvgS=499.84, ProxLoss=0.0000
2026-03-19 00:55:06,296 - Server_DefaultID - INFO - Training client 26 (19/30)...
2026-03-19 00:55:25,212 - Server_DefaultID - INFO - Client 26: Acc=94.30, Loss=-343.6141, NLL=-1161.6627, KL=14.5361, AvgS=499.95, ProxLoss=0.0000
2026-03-19 00:55:25,212 - Server_DefaultID - INFO - Training client 21 (20/30)...
2026-03-19 00:55:33,652 - Server_DefaultID - INFO - Client 21: Acc=49.73, Loss=-345.9490, NLL=-1161.5166, KL=14.0426, AvgS=499.89, ProxLoss=0.0000
2026-03-19 00:55:33,652 - Server_DefaultID - INFO - Training client 42 (21/30)...
2026-03-19 00:55:40,370 - Server_DefaultID - INFO - Client 42: Acc=48.85, Loss=-92.2261, NLL=-321.7435, KL=9.3497, AvgS=137.87, ProxLoss=0.0000
2026-03-19 00:55:40,370 - Server_DefaultID - INFO - Training client 84 (22/30)...
2026-03-19 00:55:41,888 - Server_DefaultID - INFO - Client 84: Acc=51.32, Loss=-15.1458, NLL=-56.0545, KL=5.4877, AvgS=25.85, ProxLoss=0.0000
2026-03-19 00:55:41,889 - Server_DefaultID - INFO - Training client 17 (23/30)...
2026-03-19 00:55:44,621 - Server_DefaultID - INFO - Client 17: Acc=55.31, Loss=-54.1923, NLL=-188.9609, KL=7.7026, AvgS=81.35, ProxLoss=0.0000
2026-03-19 00:55:44,621 - Server_DefaultID - INFO - Training client 41 (24/30)...
2026-03-19 00:55:53,058 - Server_DefaultID - INFO - Client 41: Acc=52.30, Loss=-296.7919, NLL=-1013.5852, KL=13.9870, AvgS=435.96, ProxLoss=0.0000
2026-03-19 00:55:53,059 - Server_DefaultID - INFO - Training client 27 (25/30)...
2026-03-19 00:55:58,437 - Server_DefaultID - INFO - Client 27: Acc=55.21, Loss=-141.2076, NLL=-482.1368, KL=10.8590, AvgS=206.75, ProxLoss=0.0000
2026-03-19 00:55:58,437 - Server_DefaultID - INFO - Training client 20 (26/30)...
2026-03-19 00:56:13,516 - Server_DefaultID - INFO - Client 20: Acc=54.38, Loss=-214.5890, NLL=-726.0916, KL=10.8986, AvgS=311.82, ProxLoss=0.0000
2026-03-19 00:56:13,516 - Server_DefaultID - INFO - Training client 93 (27/30)...
2026-03-19 00:56:19,425 - Server_DefaultID - INFO - Client 93: Acc=33.75, Loss=-120.6414, NLL=-412.9847, KL=10.2798, AvgS=176.94, ProxLoss=0.0000
2026-03-19 00:56:19,425 - Server_DefaultID - INFO - Training client 39 (28/30)...
2026-03-19 00:56:56,017 - Server_DefaultID - INFO - Client 39: Acc=68.27, Loss=-344.5578, NLL=-1161.5484, KL=14.8190, AvgS=499.90, ProxLoss=0.0000
2026-03-19 00:56:56,017 - Server_DefaultID - INFO - Training client 54 (29/30)...
2026-03-19 00:57:01,699 - Server_DefaultID - INFO - Client 54: Acc=72.81, Loss=-26.5851, NLL=-95.4607, KL=6.2154, AvgS=42.32, ProxLoss=0.0000
2026-03-19 00:57:01,700 - Server_DefaultID - INFO - Training client 37 (30/30)...
2026-03-19 00:57:11,854 - Server_DefaultID - INFO - Client 37: Acc=36.09, Loss=-120.9094, NLL=-416.6933, KL=10.3394, AvgS=178.57, ProxLoss=0.0000
2026-03-19 00:57:17,112 - Server_DefaultID - WARNING - Global prior extremely imbalanced (max/min=1.0), applied adaptive smoothing lam=0.10.
2026-03-19 00:57:17,115 - Server_DefaultID - INFO - Round [5/200] Summary | Avg Client Train Stats:	Loss [-282.5970]	 Acc [66.79]	NLL [-957.5745]	 KL [13.1393]	AvgS [411.98]	 ProxLoss [0.0000]
GlobalPriorAlpha (first 10): [4.933300018310547, 5.034900188446045, 4.920400142669678, 5.026599884033203, 4.990499973297119, 5.014999866485596, 4.96560001373291, 5.035900115966797, 5.041399955749512, 5.036499977111816]
Round Time: 281.86s
2026-03-19 00:57:17,118 - Server_DefaultID - INFO - --- Global Round 6/200 ---
2026-03-19 00:57:17,119 - Server_DefaultID - INFO - Selected 30 active clients for round 6.
2026-03-19 00:57:17,119 - Server_DefaultID - INFO - Training client 41 (1/30)...
2026-03-19 00:57:32,967 - Server_DefaultID - INFO - Client 41: Acc=52.07, Loss=-343.0035, NLL=-1160.3599, KL=14.7178, AvgS=499.39, ProxLoss=0.0000
2026-03-19 00:57:32,967 - Server_DefaultID - INFO - Training client 57 (2/30)...
2026-03-19 00:57:54,575 - Server_DefaultID - INFO - Client 57: Acc=93.84, Loss=-344.1442, NLL=-1161.5401, KL=14.8159, AvgS=499.90, ProxLoss=0.0000
2026-03-19 00:57:54,575 - Server_DefaultID - INFO - Training client 25 (3/30)...
2026-03-19 00:57:57,073 - Server_DefaultID - INFO - Client 25: Acc=48.28, Loss=-23.9835, NLL=-87.9324, KL=5.5624, AvgS=38.90, ProxLoss=0.0000
2026-03-19 00:57:57,073 - Server_DefaultID - INFO - Training client 92 (4/30)...
2026-03-19 00:58:02,369 - Server_DefaultID - INFO - Client 92: Acc=49.69, Loss=-119.7501, NLL=-414.0268, KL=10.3307, AvgS=177.44, ProxLoss=0.0000
2026-03-19 00:58:02,370 - Server_DefaultID - INFO - Training client 16 (5/30)...
2026-03-19 00:58:04,854 - Server_DefaultID - INFO - Client 16: Acc=70.62, Loss=-26.0350, NLL=-93.8700, KL=6.1873, AvgS=41.64, ProxLoss=0.0000
2026-03-19 00:58:04,854 - Server_DefaultID - INFO - Training client 10 (6/30)...
2026-03-19 00:58:10,006 - Server_DefaultID - INFO - Client 10: Acc=7.73, Loss=-304.6623, NLL=-1030.5048, KL=13.3744, AvgS=443.25, ProxLoss=0.0000
2026-03-19 00:58:10,006 - Server_DefaultID - INFO - Training client 42 (7/30)...
2026-03-19 00:58:17,344 - Server_DefaultID - INFO - Client 42: Acc=41.46, Loss=-199.3440, NLL=-685.1634, KL=12.3259, AvgS=294.19, ProxLoss=0.0000
2026-03-19 00:58:17,344 - Server_DefaultID - INFO - Training client 59 (8/30)...
2026-03-19 00:58:29,979 - Server_DefaultID - INFO - Client 59: Acc=66.98, Loss=-334.5907, NLL=-1136.1178, KL=14.7623, AvgS=488.92, ProxLoss=0.0000
2026-03-19 00:58:29,979 - Server_DefaultID - INFO - Training client 76 (9/30)...
2026-03-19 00:58:38,900 - Server_DefaultID - INFO - Client 76: Acc=52.07, Loss=-345.9253, NLL=-1161.4445, KL=13.8081, AvgS=499.86, ProxLoss=0.0000
2026-03-19 00:58:38,900 - Server_DefaultID - INFO - Training client 43 (10/30)...
2026-03-19 00:58:51,968 - Server_DefaultID - INFO - Client 43: Acc=67.59, Loss=-344.1747, NLL=-1161.5632, KL=14.9090, AvgS=499.91, ProxLoss=0.0000
2026-03-19 00:58:51,968 - Server_DefaultID - INFO - Training client 47 (11/30)...
2026-03-19 00:59:01,925 - Server_DefaultID - INFO - Client 47: Acc=49.53, Loss=-345.5593, NLL=-1160.7736, KL=14.0522, AvgS=499.57, ProxLoss=0.0000
2026-03-19 00:59:01,925 - Server_DefaultID - INFO - Training client 70 (12/30)...
2026-03-19 00:59:08,322 - Server_DefaultID - INFO - Client 70: Acc=53.88, Loss=-165.9322, NLL=-573.0319, KL=11.6137, AvgS=245.80, ProxLoss=0.0000
2026-03-19 00:59:08,322 - Server_DefaultID - INFO - Training client 52 (13/30)...
2026-03-19 00:59:12,078 - Server_DefaultID - INFO - Client 52: Acc=62.60, Loss=-203.3930, NLL=-694.3570, KL=12.5864, AvgS=298.17, ProxLoss=0.0000
2026-03-19 00:59:12,078 - Server_DefaultID - INFO - Training client 7 (14/30)...
2026-03-19 00:59:19,007 - Server_DefaultID - INFO - Client 7: Acc=38.07, Loss=-206.9291, NLL=-708.7904, KL=12.7941, AvgS=304.34, ProxLoss=0.0000
2026-03-19 00:59:19,007 - Server_DefaultID - INFO - Training client 73 (15/30)...
2026-03-19 00:59:35,539 - Server_DefaultID - INFO - Client 73: Acc=74.01, Loss=-343.5100, NLL=-1161.2046, KL=14.6438, AvgS=499.76, ProxLoss=0.0000
2026-03-19 00:59:35,539 - Server_DefaultID - INFO - Training client 99 (16/30)...
2026-03-19 00:59:37,173 - Server_DefaultID - INFO - Client 99: Acc=40.00, Loss=-15.7573, NLL=-57.1260, KL=5.6360, AvgS=26.48, ProxLoss=0.0000
2026-03-19 00:59:37,174 - Server_DefaultID - INFO - Training client 75 (17/30)...
2026-03-19 00:59:46,960 - Server_DefaultID - INFO - Client 75: Acc=79.26, Loss=-343.2675, NLL=-1161.3337, KL=14.5360, AvgS=499.81, ProxLoss=0.0000
2026-03-19 00:59:46,960 - Server_DefaultID - INFO - Training client 38 (18/30)...
2026-03-19 00:59:49,783 - Server_DefaultID - INFO - Client 38: Acc=46.41, Loss=-121.5890, NLL=-412.9473, KL=8.2279, AvgS=176.95, ProxLoss=0.0000
2026-03-19 00:59:49,783 - Server_DefaultID - INFO - Training client 9 (19/30)...
2026-03-19 00:59:58,292 - Server_DefaultID - INFO - Client 9: Acc=6.56, Loss=-260.3616, NLL=-893.4640, KL=13.1180, AvgS=384.02, ProxLoss=0.0000
2026-03-19 00:59:58,292 - Server_DefaultID - INFO - Training client 61 (20/30)...
2026-03-19 01:00:05,985 - Server_DefaultID - INFO - Client 61: Acc=20.81, Loss=-160.7946, NLL=-549.5391, KL=10.3428, AvgS=235.66, ProxLoss=0.0000
2026-03-19 01:00:05,985 - Server_DefaultID - INFO - Training client 2 (21/30)...
2026-03-19 01:00:17,193 - Server_DefaultID - INFO - Client 2: Acc=79.17, Loss=-344.4264, NLL=-1161.3193, KL=14.8288, AvgS=499.81, ProxLoss=0.0000
2026-03-19 01:00:17,193 - Server_DefaultID - INFO - Training client 45 (22/30)...
2026-03-19 01:00:28,403 - Server_DefaultID - INFO - Client 45: Acc=36.09, Loss=-120.6798, NLL=-423.4627, KL=10.6583, AvgS=181.46, ProxLoss=0.0000
2026-03-19 01:00:28,403 - Server_DefaultID - INFO - Training client 44 (23/30)...
2026-03-19 01:00:40,478 - Server_DefaultID - INFO - Client 44: Acc=69.76, Loss=-344.0659, NLL=-1161.4099, KL=14.8907, AvgS=499.84, ProxLoss=0.0000
2026-03-19 01:00:40,478 - Server_DefaultID - INFO - Training client 36 (24/30)...
2026-03-19 01:01:09,502 - Server_DefaultID - INFO - Client 36: Acc=75.04, Loss=-343.0482, NLL=-1161.1470, KL=14.5572, AvgS=499.73, ProxLoss=0.0000
2026-03-19 01:01:09,502 - Server_DefaultID - INFO - Training client 17 (25/30)...
2026-03-19 01:01:12,053 - Server_DefaultID - INFO - Client 17: Acc=52.97, Loss=-84.1072, NLL=-290.2507, KL=8.9334, AvgS=124.47, ProxLoss=0.0000
2026-03-19 01:01:12,053 - Server_DefaultID - INFO - Training client 72 (26/30)...
2026-03-19 01:01:16,226 - Server_DefaultID - INFO - Client 72: Acc=51.95, Loss=-115.0393, NLL=-402.3790, KL=10.1154, AvgS=172.42, ProxLoss=0.0000
2026-03-19 01:01:16,227 - Server_DefaultID - INFO - Training client 23 (27/30)...
2026-03-19 01:01:18,057 - Server_DefaultID - INFO - Client 23: Acc=74.58, Loss=-39.5901, NLL=-139.7748, KL=7.4379, AvgS=60.81, ProxLoss=0.0000
2026-03-19 01:01:18,057 - Server_DefaultID - INFO - Training client 49 (28/30)...
2026-03-19 01:01:25,793 - Server_DefaultID - INFO - Client 49: Acc=59.46, Loss=-261.3642, NLL=-891.6731, KL=13.8705, AvgS=383.33, ProxLoss=0.0000
2026-03-19 01:01:25,793 - Server_DefaultID - INFO - Training client 90 (29/30)...
2026-03-19 01:01:36,970 - Client_90 - WARNING - Client 90: Too few classes (1) or samples (592) for alpha report, returning uniform.
2026-03-19 01:01:36,970 - Server_DefaultID - INFO - Client 90: Acc=0.66, Loss=-149.8086, NLL=-526.5043, KL=9.8978, AvgS=225.81, ProxLoss=0.0000
2026-03-19 01:01:36,970 - Server_DefaultID - INFO - Training client 3 (30/30)...
2026-03-19 01:01:44,491 - Server_DefaultID - INFO - Client 3: Acc=42.71, Loss=-90.6617, NLL=-313.2523, KL=8.5748, AvgS=134.24, ProxLoss=0.0000
2026-03-19 01:01:46,383 - Server_DefaultID - WARNING - Global prior extremely imbalanced (max/min=1.0), applied adaptive smoothing lam=0.10.
2026-03-19 01:01:46,384 - Server_DefaultID - INFO - Round [6/200] Summary | Avg Client Train Stats:	Loss [-267.3896]	 Acc [57.00]	NLL [-907.6776]	 KL [13.0370]	AvgS [390.43]	 ProxLoss [0.0000]
GlobalPriorAlpha (first 10): [5.0177001953125, 5.009500026702881, 4.974800109863281, 5.029200077056885, 4.994100093841553, 4.982500076293945, 4.960100173950195, 5.004499912261963, 5.007699966430664, 5.019899845123291]
Round Time: 269.26s
2026-03-19 01:01:46,387 - Server_DefaultID - INFO - --- Global Round 7/200 ---
2026-03-19 01:01:46,387 - Server_DefaultID - INFO - Selected 30 active clients for round 7.
2026-03-19 01:01:46,388 - Server_DefaultID - INFO - Training client 80 (1/30)...
2026-03-19 01:01:47,862 - Server_DefaultID - INFO - Client 80: Acc=69.06, Loss=-25.9350, NLL=-91.6614, KL=6.5630, AvgS=40.71, ProxLoss=0.0000
2026-03-19 01:01:47,863 - Server_DefaultID - INFO - Training client 14 (2/30)...
2026-03-19 01:01:58,231 - Server_DefaultID - INFO - Client 14: Acc=68.61, Loss=-336.9023, NLL=-1147.0375, KL=14.5255, AvgS=493.64, ProxLoss=0.0000
2026-03-19 01:01:58,231 - Server_DefaultID - INFO - Training client 91 (3/30)...
2026-03-19 01:02:02,319 - Server_DefaultID - INFO - Client 91: Acc=68.96, Loss=-141.3801, NLL=-489.0641, KL=10.6747, AvgS=209.76, ProxLoss=0.0000
2026-03-19 01:02:02,319 - Server_DefaultID - INFO - Training client 19 (4/30)...
2026-03-19 01:02:21,172 - Server_DefaultID - INFO - Client 19: Acc=95.45, Loss=-343.1780, NLL=-1161.6102, KL=14.4783, AvgS=499.93, ProxLoss=0.0000
2026-03-19 01:02:21,172 - Server_DefaultID - INFO - Training client 49 (5/30)...
2026-03-19 01:02:29,287 - Server_DefaultID - INFO - Client 49: Acc=63.57, Loss=-342.7068, NLL=-1158.2724, KL=14.8856, AvgS=498.49, ProxLoss=0.0000
2026-03-19 01:02:29,287 - Server_DefaultID - INFO - Training client 17 (6/30)...
2026-03-19 01:02:32,856 - Server_DefaultID - INFO - Client 17: Acc=55.47, Loss=-121.0711, NLL=-414.3860, KL=10.3235, AvgS=177.61, ProxLoss=0.0000
2026-03-19 01:02:32,857 - Server_DefaultID - INFO - Training client 33 (7/30)...
2026-03-19 01:02:41,343 - Server_DefaultID - INFO - Client 33: Acc=57.28, Loss=-345.9216, NLL=-1161.6232, KL=13.9516, AvgS=499.94, ProxLoss=0.0000
2026-03-19 01:02:41,344 - Server_DefaultID - INFO - Training client 11 (8/30)...
2026-03-19 01:02:48,046 - Server_DefaultID - INFO - Client 11: Acc=47.92, Loss=-91.3254, NLL=-318.8980, KL=9.4657, AvgS=136.64, ProxLoss=0.0000
2026-03-19 01:02:48,053 - Server_DefaultID - INFO - Training client 1 (9/30)...
2026-03-19 01:02:51,038 - Server_DefaultID - INFO - Client 1: Acc=54.84, Loss=-28.0517, NLL=-99.9780, KL=6.8371, AvgS=44.16, ProxLoss=0.0000
2026-03-19 01:02:51,038 - Server_DefaultID - INFO - Training client 73 (10/30)...
2026-03-19 01:03:07,452 - Server_DefaultID - INFO - Client 73: Acc=76.32, Loss=-343.7514, NLL=-1161.6189, KL=14.6654, AvgS=499.93, ProxLoss=0.0000
2026-03-19 01:03:07,452 - Server_DefaultID - INFO - Training client 63 (11/30)...
2026-03-19 01:03:13,345 - Server_DefaultID - INFO - Client 63: Acc=28.94, Loss=-271.4025, NLL=-924.4612, KL=13.7770, AvgS=397.44, ProxLoss=0.0000
2026-03-19 01:03:13,345 - Server_DefaultID - INFO - Training client 6 (12/30)...
2026-03-19 01:03:16,805 - Server_DefaultID - INFO - Client 6: Acc=69.17, Loss=-83.6295, NLL=-291.4611, KL=8.8377, AvgS=125.05, ProxLoss=0.0000
2026-03-19 01:03:16,805 - Server_DefaultID - INFO - Training client 61 (13/30)...
2026-03-19 01:03:23,568 - Server_DefaultID - INFO - Client 61: Acc=23.94, Loss=-272.4846, NLL=-924.0647, KL=12.2543, AvgS=397.26, ProxLoss=0.0000
2026-03-19 01:03:23,568 - Server_DefaultID - INFO - Training client 81 (14/30)...
2026-03-19 01:03:32,778 - Server_DefaultID - INFO - Client 81: Acc=45.85, Loss=-258.4045, NLL=-882.2074, KL=13.5793, AvgS=379.23, ProxLoss=0.0000
2026-03-19 01:03:32,778 - Server_DefaultID - INFO - Training client 21 (15/30)...
2026-03-19 01:03:42,914 - Server_DefaultID - INFO - Client 21: Acc=50.39, Loss=-345.8890, NLL=-1161.5717, KL=14.0804, AvgS=499.91, ProxLoss=0.0000
2026-03-19 01:03:42,914 - Server_DefaultID - INFO - Training client 92 (16/30)...
2026-03-19 01:03:47,637 - Server_DefaultID - INFO - Client 92: Acc=51.02, Loss=-203.8567, NLL=-696.8493, KL=12.4887, AvgS=299.20, ProxLoss=0.0000
2026-03-19 01:03:47,637 - Server_DefaultID - INFO - Training client 89 (17/30)...
2026-03-19 01:04:05,532 - Server_DefaultID - INFO - Client 89: Acc=98.55, Loss=-342.9498, NLL=-1161.5719, KL=14.2057, AvgS=499.91, ProxLoss=0.0000
2026-03-19 01:04:05,532 - Server_DefaultID - INFO - Training client 98 (18/30)...
2026-03-19 01:04:09,335 - Server_DefaultID - INFO - Client 98: Acc=71.46, Loss=-137.1301, NLL=-475.4421, KL=10.6210, AvgS=203.91, ProxLoss=0.0000
2026-03-19 01:04:09,335 - Server_DefaultID - INFO - Training client 44 (19/30)...
2026-03-19 01:04:19,888 - Server_DefaultID - INFO - Client 44: Acc=78.09, Loss=-344.1739, NLL=-1161.7493, KL=14.8443, AvgS=499.99, ProxLoss=0.0000
2026-03-19 01:04:19,888 - Server_DefaultID - INFO - Training client 18 (20/30)...
2026-03-19 01:04:40,513 - Server_DefaultID - INFO - Client 18: Acc=84.38, Loss=-344.7637, NLL=-1161.7037, KL=14.8267, AvgS=499.97, ProxLoss=0.0000
2026-03-19 01:04:40,514 - Server_DefaultID - INFO - Training client 16 (21/30)...
2026-03-19 01:04:43,255 - Server_DefaultID - INFO - Client 16: Acc=68.75, Loss=-52.5436, NLL=-185.1888, KL=7.6572, AvgS=79.83, ProxLoss=0.0000
2026-03-19 01:04:43,255 - Server_DefaultID - INFO - Training client 72 (22/30)...
2026-03-19 01:04:47,922 - Server_DefaultID - INFO - Client 72: Acc=54.45, Loss=-199.4922, NLL=-684.0325, KL=12.3558, AvgS=293.65, ProxLoss=0.0000
2026-03-19 01:04:47,922 - Server_DefaultID - INFO - Training client 78 (23/30)...
2026-03-19 01:05:24,793 - Server_DefaultID - INFO - Client 78: Acc=85.71, Loss=-344.3956, NLL=-1161.7045, KL=14.7290, AvgS=499.97, ProxLoss=0.0000
2026-03-19 01:05:24,793 - Server_DefaultID - INFO - Training client 58 (24/30)...
2026-03-19 01:05:33,407 - Server_DefaultID - INFO - Client 58: Acc=76.65, Loss=-339.6005, NLL=-1153.8024, KL=14.5100, AvgS=496.56, ProxLoss=0.0000
2026-03-19 01:05:33,408 - Server_DefaultID - INFO - Training client 57 (25/30)...
2026-03-19 01:05:54,892 - Server_DefaultID - INFO - Client 57: Acc=93.81, Loss=-344.1483, NLL=-1161.6782, KL=14.7820, AvgS=499.96, ProxLoss=0.0000
2026-03-19 01:05:54,893 - Server_DefaultID - INFO - Training client 10 (26/30)...
2026-03-19 01:06:00,008 - Server_DefaultID - INFO - Client 10: Acc=35.31, Loss=-343.4016, NLL=-1155.4164, KL=13.7756, AvgS=497.26, ProxLoss=0.0000
2026-03-19 01:06:00,009 - Server_DefaultID - INFO - Training client 65 (27/30)...
2026-03-19 01:06:01,405 - Server_DefaultID - INFO - Client 65: Acc=64.38, Loss=-15.9970, NLL=-57.9867, KL=6.9714, AvgS=26.94, ProxLoss=0.0000
2026-03-19 01:06:01,405 - Server_DefaultID - INFO - Training client 34 (28/30)...
2026-03-19 01:06:05,009 - Server_DefaultID - INFO - Client 34: Acc=53.75, Loss=-137.1251, NLL=-470.3737, KL=10.7632, AvgS=201.70, ProxLoss=0.0000
2026-03-19 01:06:05,009 - Server_DefaultID - INFO - Training client 79 (29/30)...
2026-03-19 01:06:11,933 - Server_DefaultID - INFO - Client 79: Acc=41.19, Loss=-69.4373, NLL=-247.5035, KL=8.0517, AvgS=106.17, ProxLoss=0.0000
2026-03-19 01:06:11,934 - Server_DefaultID - INFO - Training client 2 (30/30)...
2026-03-19 01:06:23,388 - Server_DefaultID - INFO - Client 2: Acc=79.20, Loss=-344.2573, NLL=-1161.1023, KL=14.8380, AvgS=499.71, ProxLoss=0.0000
2026-03-19 01:06:25,040 - Server_DefaultID - WARNING - Global prior extremely imbalanced (max/min=1.0), applied adaptive smoothing lam=0.10.
2026-03-19 01:06:25,042 - Server_DefaultID - INFO - Round [7/200] Summary | Avg Client Train Stats:	Loss [-292.5476]	 Acc [71.88]	NLL [-990.3876]	 KL [13.5293]	AvgS [426.14]	 ProxLoss [0.0000]
GlobalPriorAlpha (first 10): [4.989299774169922, 5.054699897766113, 4.989699840545654, 5.028200149536133, 4.978600025177002, 5.000100135803223, 4.973999977111816, 4.996200084686279, 4.986199855804443, 5.002999782562256]
Round Time: 278.65s
2026-03-19 01:06:25,044 - Server_DefaultID - INFO - --- Global Round 8/200 ---
2026-03-19 01:06:25,045 - Server_DefaultID - INFO - Selected 30 active clients for round 8.
2026-03-19 01:06:25,045 - Server_DefaultID - INFO - Training client 20 (1/30)...
2026-03-19 01:06:32,151 - Server_DefaultID - INFO - Client 20: Acc=55.36, Loss=-334.1207, NLL=-1127.0926, KL=12.7071, AvgS=485.02, ProxLoss=0.0000
2026-03-19 01:06:32,152 - Server_DefaultID - INFO - Training client 97 (2/30)...
2026-03-19 01:07:02,697 - Server_DefaultID - INFO - Client 97: Acc=99.56, Loss=-342.3605, NLL=-1161.7616, KL=13.7988, AvgS=500.00, ProxLoss=0.0000
2026-03-19 01:07:02,697 - Server_DefaultID - INFO - Training client 83 (3/30)...
2026-03-19 01:07:14,779 - Server_DefaultID - INFO - Client 83: Acc=99.72, Loss=-342.2048, NLL=-1161.7300, KL=13.6891, AvgS=499.98, ProxLoss=0.0000
2026-03-19 01:07:14,779 - Server_DefaultID - INFO - Training client 71 (4/30)...
2026-03-19 01:07:18,806 - Server_DefaultID - INFO - Client 71: Acc=69.22, Loss=-84.2905, NLL=-290.2430, KL=9.0285, AvgS=124.50, ProxLoss=0.0000
2026-03-19 01:07:18,806 - Server_DefaultID - INFO - Training client 92 (5/30)...
2026-03-19 01:07:23,718 - Server_DefaultID - INFO - Client 92: Acc=61.17, Loss=-290.2265, NLL=-988.2158, KL=13.9466, AvgS=425.00, ProxLoss=0.0000
2026-03-19 01:07:23,718 - Server_DefaultID - INFO - Training client 11 (6/30)...
2026-03-19 01:07:32,112 - Server_DefaultID - INFO - Client 11: Acc=51.82, Loss=-211.7176, NLL=-724.0044, KL=12.7675, AvgS=310.90, ProxLoss=0.0000
2026-03-19 01:07:32,113 - Server_DefaultID - INFO - Training client 53 (7/30)...
2026-03-19 01:07:44,845 - Server_DefaultID - INFO - Client 53: Acc=95.94, Loss=-339.8278, NLL=-1152.6582, KL=14.5279, AvgS=496.06, ProxLoss=0.0000
2026-03-19 01:07:44,845 - Server_DefaultID - INFO - Training client 38 (8/30)...
2026-03-19 01:07:47,736 - Server_DefaultID - INFO - Client 38: Acc=42.34, Loss=-159.9595, NLL=-541.8318, KL=9.3553, AvgS=232.37, ProxLoss=0.0000
2026-03-19 01:07:47,737 - Server_DefaultID - INFO - Training client 75 (9/30)...
2026-03-19 01:07:58,772 - Server_DefaultID - INFO - Client 75: Acc=84.30, Loss=-343.4489, NLL=-1161.7167, KL=14.5771, AvgS=499.98, ProxLoss=0.0000
2026-03-19 01:07:58,772 - Server_DefaultID - INFO - Training client 48 (10/30)...
2026-03-19 01:08:20,067 - Server_DefaultID - INFO - Client 48: Acc=86.75, Loss=-344.3960, NLL=-1161.1344, KL=14.8242, AvgS=499.73, ProxLoss=0.0000
2026-03-19 01:08:20,067 - Server_DefaultID - INFO - Training client 34 (11/30)...
2026-03-19 01:08:24,639 - Server_DefaultID - INFO - Client 34: Acc=48.44, Loss=-200.6506, NLL=-684.4105, KL=12.2117, AvgS=293.87, ProxLoss=0.0000
2026-03-19 01:08:24,639 - Server_DefaultID - INFO - Training client 66 (12/30)...
2026-03-19 01:08:33,793 - Server_DefaultID - INFO - Client 66: Acc=88.04, Loss=-344.0402, NLL=-1161.5455, KL=14.8515, AvgS=499.90, ProxLoss=0.0000
2026-03-19 01:08:33,793 - Server_DefaultID - INFO - Training client 16 (13/30)...
2026-03-19 01:08:36,245 - Server_DefaultID - INFO - Client 16: Acc=70.78, Loss=-83.7706, NLL=-291.5498, KL=9.2066, AvgS=125.04, ProxLoss=0.0000
2026-03-19 01:08:36,245 - Server_DefaultID - INFO - Training client 70 (14/30)...
2026-03-19 01:08:42,053 - Server_DefaultID - INFO - Client 70: Acc=62.38, Loss=-286.2533, NLL=-978.1315, KL=13.8958, AvgS=420.65, ProxLoss=0.0000
2026-03-19 01:08:42,054 - Server_DefaultID - INFO - Training client 32 (15/30)...
2026-03-19 01:08:53,752 - Server_DefaultID - INFO - Client 32: Acc=39.11, Loss=-326.2273, NLL=-1109.4413, KL=14.5098, AvgS=477.39, ProxLoss=0.0000
2026-03-19 01:08:53,752 - Server_DefaultID - INFO - Training client 86 (16/30)...
2026-03-19 01:09:06,521 - Server_DefaultID - INFO - Client 86: Acc=72.19, Loss=-74.9373, NLL=-262.0570, KL=8.8823, AvgS=112.49, ProxLoss=0.0000
2026-03-19 01:09:06,522 - Server_DefaultID - INFO - Training client 87 (17/30)...
2026-03-19 01:09:20,413 - Server_DefaultID - INFO - Client 87: Acc=34.29, Loss=-346.0552, NLL=-1161.5270, KL=13.5317, AvgS=499.90, ProxLoss=0.0000
2026-03-19 01:09:20,414 - Server_DefaultID - INFO - Training client 3 (18/30)...
2026-03-19 01:09:33,529 - Server_DefaultID - INFO - Client 3: Acc=37.81, Loss=-211.2568, NLL=-717.6001, KL=11.5192, AvgS=308.12, ProxLoss=0.0000
2026-03-19 01:09:33,529 - Server_DefaultID - INFO - Training client 85 (19/30)...
2026-03-19 01:09:57,770 - Server_DefaultID - INFO - Client 85: Acc=99.74, Loss=-342.1315, NLL=-1161.5860, KL=13.7169, AvgS=499.92, ProxLoss=0.0000
2026-03-19 01:09:57,770 - Server_DefaultID - INFO - Training client 88 (20/30)...
2026-03-19 01:10:11,055 - Server_DefaultID - INFO - Client 88: Acc=11.46, Loss=-209.6724, NLL=-715.8321, KL=12.4054, AvgS=307.38, ProxLoss=0.0000
2026-03-19 01:10:11,055 - Server_DefaultID - INFO - Training client 36 (21/30)...
2026-03-19 01:10:56,009 - Server_DefaultID - INFO - Client 36: Acc=83.08, Loss=-343.2075, NLL=-1161.6020, KL=14.5700, AvgS=499.93, ProxLoss=0.0000
2026-03-19 01:10:56,009 - Server_DefaultID - INFO - Training client 12 (22/30)...
2026-03-19 01:11:01,652 - Server_DefaultID - INFO - Client 12: Acc=41.88, Loss=-283.7349, NLL=-959.4173, KL=13.1686, AvgS=412.54, ProxLoss=0.0000
2026-03-19 01:11:01,652 - Server_DefaultID - INFO - Training client 93 (23/30)...
2026-03-19 01:11:03,868 - Server_DefaultID - INFO - Client 93: Acc=32.34, Loss=-159.4935, NLL=-544.1050, KL=11.3343, AvgS=233.36, ProxLoss=0.0000
2026-03-19 01:11:03,868 - Server_DefaultID - INFO - Training client 58 (24/30)...
2026-03-19 01:11:11,465 - Server_DefaultID - INFO - Client 58: Acc=76.83, Loss=-343.1136, NLL=-1161.5709, KL=14.5789, AvgS=499.91, ProxLoss=0.0000
2026-03-19 01:11:11,465 - Server_DefaultID - INFO - Training client 13 (25/30)...
2026-03-19 01:11:12,927 - Server_DefaultID - INFO - Client 13: Acc=60.94, Loss=-25.3308, NLL=-91.8810, KL=5.6497, AvgS=40.66, ProxLoss=0.0000
2026-03-19 01:11:12,927 - Server_DefaultID - INFO - Training client 40 (26/30)...
2026-03-19 01:11:19,623 - Server_DefaultID - INFO - Client 40: Acc=55.68, Loss=-215.5469, NLL=-732.8894, KL=12.1562, AvgS=314.77, ProxLoss=0.0000
2026-03-19 01:11:19,623 - Server_DefaultID - INFO - Training client 81 (27/30)...
2026-03-19 01:11:29,771 - Server_DefaultID - INFO - Client 81: Acc=74.60, Loss=-339.0803, NLL=-1149.0655, KL=14.7868, AvgS=494.51, ProxLoss=0.0000
2026-03-19 01:11:29,771 - Server_DefaultID - INFO - Training client 25 (28/30)...
2026-03-19 01:11:32,160 - Server_DefaultID - INFO - Client 25: Acc=49.69, Loss=-51.0221, NLL=-180.3814, KL=7.3518, AvgS=77.72, ProxLoss=0.0000
2026-03-19 01:11:32,160 - Server_DefaultID - INFO - Training client 67 (29/30)...
2026-03-19 01:11:38,706 - Server_DefaultID - INFO - Client 67: Acc=61.04, Loss=-90.9860, NLL=-315.6087, KL=9.5820, AvgS=135.34, ProxLoss=0.0000
2026-03-19 01:11:38,708 - Server_DefaultID - INFO - Training client 74 (30/30)...
2026-03-19 01:11:42,983 - Server_DefaultID - INFO - Client 74: Acc=61.72, Loss=-121.4256, NLL=-419.6880, KL=10.7364, AvgS=179.87, ProxLoss=0.0000
2026-03-19 01:11:44,495 - Server_DefaultID - WARNING - Global prior extremely imbalanced (max/min=1.0), applied adaptive smoothing lam=0.10.
2026-03-19 01:11:44,496 - Server_DefaultID - INFO - Round [8/200] Summary | Avg Client Train Stats:	Loss [-286.4827]	 Acc [72.93]	NLL [-971.7226]	 KL [13.2378]	AvgS [418.03]	 ProxLoss [0.0000]
GlobalPriorAlpha (first 10): [5.0, 5.0, 5.0, 5.0, 5.0, 5.0, 5.0, 5.0, 5.0, 5.0]
Round Time: 319.45s
2026-03-19 01:11:44,499 - Server_DefaultID - INFO - --- Global Round 9/200 ---
2026-03-19 01:11:44,499 - Server_DefaultID - INFO - Selected 30 active clients for round 9.
2026-03-19 01:11:44,499 - Server_DefaultID - INFO - Training client 78 (1/30)...
2026-03-19 01:12:17,382 - Server_DefaultID - INFO - Client 78: Acc=87.93, Loss=-344.4004, NLL=-1161.7283, KL=14.7787, AvgS=499.98, ProxLoss=0.0000
2026-03-19 01:12:17,382 - Server_DefaultID - INFO - Training client 12 (2/30)...
2026-03-19 01:12:22,999 - Server_DefaultID - INFO - Client 12: Acc=72.75, Loss=-344.6940, NLL=-1158.5225, KL=13.9038, AvgS=498.60, ProxLoss=0.0000
2026-03-19 01:12:22,999 - Server_DefaultID - INFO - Training client 22 (3/30)...
2026-03-19 01:12:25,591 - Server_DefaultID - INFO - Client 22: Acc=58.12, Loss=-25.3608, NLL=-91.8093, KL=6.0887, AvgS=40.55, ProxLoss=0.0000
2026-03-19 01:12:25,591 - Server_DefaultID - INFO - Training client 11 (4/30)...
2026-03-19 01:12:33,520 - Server_DefaultID - INFO - Client 11: Acc=54.64, Loss=-329.1495, NLL=-1119.6094, KL=14.6363, AvgS=481.78, ProxLoss=0.0000
2026-03-19 01:12:33,520 - Server_DefaultID - INFO - Training client 47 (5/30)...
2026-03-19 01:12:39,796 - Server_DefaultID - INFO - Client 47: Acc=49.32, Loss=-345.6071, NLL=-1161.3582, KL=14.1869, AvgS=499.82, ProxLoss=0.0000
2026-03-19 01:12:39,796 - Server_DefaultID - INFO - Training client 6 (6/30)...
2026-03-19 01:12:43,297 - Server_DefaultID - INFO - Client 6: Acc=63.33, Loss=-136.4284, NLL=-470.6551, KL=10.7702, AvgS=201.86, ProxLoss=0.0000
2026-03-19 01:12:43,298 - Server_DefaultID - INFO - Training client 10 (7/30)...
2026-03-19 01:12:47,908 - Server_DefaultID - INFO - Client 10: Acc=40.23, Loss=-345.7827, NLL=-1161.3748, KL=13.7564, AvgS=499.83, ProxLoss=0.0000
2026-03-19 01:12:47,908 - Server_DefaultID - INFO - Training client 50 (8/30)...
2026-03-19 01:13:07,944 - Server_DefaultID - INFO - Client 50: Acc=95.23, Loss=-335.2989, NLL=-1144.2063, KL=14.3519, AvgS=492.41, ProxLoss=0.0000
2026-03-19 01:13:07,944 - Server_DefaultID - INFO - Training client 75 (9/30)...
2026-03-19 01:13:16,537 - Server_DefaultID - INFO - Client 75: Acc=84.80, Loss=-343.2623, NLL=-1161.5763, KL=14.6077, AvgS=499.92, ProxLoss=0.0000
2026-03-19 01:13:16,537 - Server_DefaultID - INFO - Training client 46 (10/30)...
2026-03-19 01:13:25,025 - Server_DefaultID - INFO - Client 46: Acc=57.93, Loss=-289.7244, NLL=-988.1825, KL=14.1743, AvgS=424.97, ProxLoss=0.0000
2026-03-19 01:13:25,025 - Server_DefaultID - INFO - Training client 68 (11/30)...
2026-03-19 01:13:34,544 - Server_DefaultID - INFO - Client 68: Acc=68.68, Loss=-342.8885, NLL=-1161.5111, KL=14.5121, AvgS=499.89, ProxLoss=0.0000
2026-03-19 01:13:34,544 - Server_DefaultID - INFO - Training client 86 (12/30)...
2026-03-19 01:13:41,261 - Server_DefaultID - INFO - Client 86: Acc=66.81, Loss=-161.2168, NLL=-555.1411, KL=11.6752, AvgS=238.17, ProxLoss=0.0000
2026-03-19 01:13:41,261 - Server_DefaultID - INFO - Training client 91 (13/30)...
2026-03-19 01:13:45,245 - Server_DefaultID - INFO - Client 91: Acc=67.50, Loss=-206.8405, NLL=-710.0575, KL=12.2945, AvgS=304.95, ProxLoss=0.0000
2026-03-19 01:13:45,245 - Server_DefaultID - INFO - Training client 67 (14/30)...
2026-03-19 01:13:51,558 - Server_DefaultID - INFO - Client 67: Acc=51.56, Loss=-214.6989, NLL=-732.5075, KL=12.7907, AvgS=314.59, ProxLoss=0.0000
2026-03-19 01:13:51,558 - Server_DefaultID - INFO - Training client 1 (15/30)...
2026-03-19 01:13:54,023 - Server_DefaultID - INFO - Client 1: Acc=53.28, Loss=-55.6375, NLL=-193.9454, KL=8.0211, AvgS=83.56, ProxLoss=0.0000
2026-03-19 01:13:54,024 - Server_DefaultID - INFO - Training client 72 (16/30)...
2026-03-19 01:13:58,759 - Server_DefaultID - INFO - Client 72: Acc=62.89, Loss=-291.4219, NLL=-994.3076, KL=13.9541, AvgS=427.62, ProxLoss=0.0000
2026-03-19 01:13:58,759 - Server_DefaultID - INFO - Training client 89 (17/30)...
2026-03-19 01:14:16,492 - Server_DefaultID - INFO - Client 89: Acc=98.55, Loss=-342.8743, NLL=-1161.7486, KL=14.1957, AvgS=499.99, ProxLoss=0.0000
2026-03-19 01:14:16,492 - Server_DefaultID - INFO - Training client 41 (18/30)...
2026-03-19 01:14:25,444 - Server_DefaultID - INFO - Client 41: Acc=57.42, Loss=-343.5307, NLL=-1161.4796, KL=14.7155, AvgS=499.87, ProxLoss=0.0000
2026-03-19 01:14:25,445 - Server_DefaultID - INFO - Training client 81 (19/30)...
2026-03-19 01:14:33,123 - Server_DefaultID - INFO - Client 81: Acc=75.13, Loss=-344.3339, NLL=-1161.5035, KL=14.8605, AvgS=499.89, ProxLoss=0.0000
2026-03-19 01:14:33,123 - Server_DefaultID - INFO - Training client 25 (20/30)...
2026-03-19 01:14:35,567 - Server_DefaultID - INFO - Client 25: Acc=50.47, Loss=-80.8252, NLL=-281.7096, KL=8.7505, AvgS=120.87, ProxLoss=0.0000
2026-03-19 01:14:35,567 - Server_DefaultID - INFO - Training client 20 (21/30)...
2026-03-19 01:14:42,593 - Server_DefaultID - INFO - Client 20: Acc=54.64, Loss=-346.3337, NLL=-1161.2831, KL=12.8637, AvgS=499.79, ProxLoss=0.0000
2026-03-19 01:14:42,593 - Server_DefaultID - INFO - Training client 49 (22/30)...
2026-03-19 01:14:51,152 - Server_DefaultID - INFO - Client 49: Acc=62.54, Loss=-343.9387, NLL=-1161.4532, KL=14.8914, AvgS=499.86, ProxLoss=0.0000
2026-03-19 01:14:51,152 - Server_DefaultID - INFO - Training client 39 (23/30)...
2026-03-19 01:15:07,720 - Server_DefaultID - INFO - Client 39: Acc=70.77, Loss=-344.3947, NLL=-1161.6402, KL=14.8382, AvgS=499.94, ProxLoss=0.0000
2026-03-19 01:15:07,720 - Server_DefaultID - INFO - Training client 94 (24/30)...
2026-03-19 01:15:20,361 - Server_DefaultID - INFO - Client 94: Acc=66.31, Loss=-208.7819, NLL=-716.3899, KL=12.8166, AvgS=307.65, ProxLoss=0.0000
2026-03-19 01:15:20,362 - Server_DefaultID - INFO - Training client 8 (25/30)...
2026-03-19 01:15:22,640 - Server_DefaultID - INFO - Client 8: Acc=48.59, Loss=-52.8947, NLL=-187.0573, KL=7.7525, AvgS=80.44, ProxLoss=0.0000
2026-03-19 01:15:22,640 - Server_DefaultID - INFO - Training client 3 (26/30)...
2026-03-19 01:15:30,012 - Server_DefaultID - INFO - Client 3: Acc=47.66, Loss=-338.5406, NLL=-1141.4273, KL=13.4594, AvgS=491.21, ProxLoss=0.0000
2026-03-19 01:15:30,012 - Server_DefaultID - INFO - Training client 33 (27/30)...
2026-03-19 01:15:37,424 - Server_DefaultID - INFO - Client 33: Acc=58.08, Loss=-345.7882, NLL=-1161.6522, KL=13.9696, AvgS=499.95, ProxLoss=0.0000
2026-03-19 01:15:37,425 - Server_DefaultID - INFO - Training client 80 (28/30)...
2026-03-19 01:15:39,214 - Server_DefaultID - INFO - Client 80: Acc=66.25, Loss=-39.4817, NLL=-138.0280, KL=6.8995, AvgS=59.99, ProxLoss=0.0000
2026-03-19 01:15:39,215 - Server_DefaultID - INFO - Training client 5 (29/30)...
2026-03-19 01:15:40,929 - Server_DefaultID - INFO - Client 5: Acc=62.81, Loss=-15.7810, NLL=-57.7747, KL=6.5038, AvgS=26.71, ProxLoss=0.0000
2026-03-19 01:15:40,930 - Server_DefaultID - INFO - Training client 87 (30/30)...
2026-03-19 01:15:48,454 - Server_DefaultID - INFO - Client 87: Acc=36.70, Loss=-346.0300, NLL=-1161.6316, KL=13.6732, AvgS=499.94, ProxLoss=0.0000
2026-03-19 01:15:50,842 - Server_DefaultID - WARNING - Global prior extremely imbalanced (max/min=1.0), applied adaptive smoothing lam=0.10.
2026-03-19 01:15:50,844 - Server_DefaultID - INFO - Round [9/200] Summary | Avg Client Train Stats:	Loss [-302.5828]	 Acc [69.90]	NLL [-1024.5390]	 KL [13.6944]	AvgS [440.84]	 ProxLoss [0.0000]
GlobalPriorAlpha (first 10): [5.007199764251709, 5.007599830627441, 4.995299816131592, 5.033899784088135, 5.006199836730957, 5.006400108337402, 4.98769998550415, 4.996099948883057, 4.969799995422363, 4.989999771118164]
Round Time: 246.34s
2026-03-19 01:15:50,846 - Server_DefaultID - INFO - --- Global Round 10/200 ---
2026-03-19 01:15:50,847 - Server_DefaultID - INFO - Selected 30 active clients for round 10.
2026-03-19 01:15:50,847 - Server_DefaultID - INFO - Training client 34 (1/30)...
2026-03-19 01:15:54,608 - Server_DefaultID - INFO - Client 34: Acc=52.19, Loss=-271.7461, NLL=-922.8189, KL=13.7016, AvgS=396.77, ProxLoss=0.0000
2026-03-19 01:15:54,608 - Server_DefaultID - INFO - Training client 48 (2/30)...
2026-03-19 01:16:15,003 - Server_DefaultID - INFO - Client 48: Acc=86.75, Loss=-344.5421, NLL=-1161.7313, KL=14.8317, AvgS=499.98, ProxLoss=0.0000
2026-03-19 01:16:15,003 - Server_DefaultID - INFO - Training client 70 (3/30)...
2026-03-19 01:16:20,491 - Server_DefaultID - INFO - Client 70: Acc=72.50, Loss=-341.7355, NLL=-1158.1811, KL=14.6289, AvgS=498.45, ProxLoss=0.0000
2026-03-19 01:16:20,492 - Server_DefaultID - INFO - Training client 16 (4/30)...
2026-03-19 01:16:27,234 - Server_DefaultID - INFO - Client 16: Acc=67.81, Loss=-118.6701, NLL=-409.7711, KL=10.4093, AvgS=175.68, ProxLoss=0.0000
2026-03-19 01:16:27,234 - Server_DefaultID - INFO - Training client 55 (5/30)...
2026-03-19 01:17:36,172 - Server_DefaultID - INFO - Client 55: Acc=84.57, Loss=-344.9331, NLL=-1161.4908, KL=14.8062, AvgS=499.88, ProxLoss=0.0000
2026-03-19 01:17:36,172 - Server_DefaultID - INFO - Training client 47 (6/30)...
2026-03-19 01:17:46,450 - Server_DefaultID - INFO - Client 47: Acc=51.30, Loss=-345.5984, NLL=-1161.4834, KL=14.1448, AvgS=499.88, ProxLoss=0.0000
2026-03-19 01:17:46,450 - Server_DefaultID - INFO - Training client 67 (7/30)...
2026-03-19 01:17:55,495 - Server_DefaultID - INFO - Client 67: Acc=59.64, Loss=-328.9408, NLL=-1115.5424, KL=14.5763, AvgS=480.03, ProxLoss=0.0000
2026-03-19 01:17:55,495 - Server_DefaultID - INFO - Training client 69 (8/30)...
2026-03-19 01:17:59,317 - Server_DefaultID - INFO - Client 69: Acc=28.59, Loss=-83.5993, NLL=-289.0324, KL=8.8687, AvgS=123.86, ProxLoss=0.0000
2026-03-19 01:17:59,317 - Server_DefaultID - INFO - Training client 98 (9/30)...
2026-03-19 01:18:05,831 - Server_DefaultID - INFO - Client 98: Acc=69.69, Loss=-202.7851, NLL=-697.5503, KL=12.2795, AvgS=299.54, ProxLoss=0.0000
2026-03-19 01:18:05,832 - Server_DefaultID - INFO - Training client 4 (10/30)...
2026-03-19 01:18:16,534 - Server_DefaultID - INFO - Client 4: Acc=28.85, Loss=-208.1515, NLL=-708.7819, KL=11.8362, AvgS=304.32, ProxLoss=0.0000
2026-03-19 01:18:16,534 - Server_DefaultID - INFO - Training client 22 (11/30)...
2026-03-19 01:18:20,184 - Server_DefaultID - INFO - Client 22: Acc=50.78, Loss=-51.9597, NLL=-182.6929, KL=7.5192, AvgS=78.64, ProxLoss=0.0000
2026-03-19 01:18:20,185 - Server_DefaultID - INFO - Training client 29 (12/30)...
2026-03-19 01:18:26,570 - Server_DefaultID - INFO - Client 29: Acc=47.27, Loss=-53.7142, NLL=-191.0679, KL=7.5640, AvgS=82.31, ProxLoss=0.0000
2026-03-19 01:18:26,570 - Server_DefaultID - INFO - Training client 45 (13/30)...
2026-03-19 01:18:41,939 - Server_DefaultID - INFO - Client 45: Acc=35.27, Loss=-305.3284, NLL=-1041.7205, KL=14.4272, AvgS=448.11, ProxLoss=0.0000
2026-03-19 01:18:41,939 - Server_DefaultID - INFO - Training client 63 (14/30)...
2026-03-19 01:18:48,149 - Server_DefaultID - INFO - Client 63: Acc=47.44, Loss=-339.9355, NLL=-1151.0801, KL=14.7889, AvgS=495.38, ProxLoss=0.0000
2026-03-19 01:18:48,149 - Server_DefaultID - INFO - Training client 86 (15/30)...
2026-03-19 01:18:53,742 - Server_DefaultID - INFO - Client 86: Acc=67.44, Loss=-272.9911, NLL=-931.3928, KL=13.8412, AvgS=400.49, ProxLoss=0.0000
2026-03-19 01:18:53,742 - Server_DefaultID - INFO - Training client 41 (16/30)...
2026-03-19 01:19:03,571 - Server_DefaultID - INFO - Client 41: Acc=57.89, Loss=-343.5967, NLL=-1161.6792, KL=14.7149, AvgS=499.96, ProxLoss=0.0000
2026-03-19 01:19:03,572 - Server_DefaultID - INFO - Training client 36 (17/30)...
2026-03-19 01:19:33,261 - Server_DefaultID - INFO - Client 36: Acc=82.51, Loss=-343.1675, NLL=-1161.7031, KL=14.5574, AvgS=499.97, ProxLoss=0.0000
2026-03-19 01:19:33,261 - Server_DefaultID - INFO - Training client 24 (18/30)...
2026-03-19 01:19:34,209 - Server_DefaultID - INFO - Client 24: Acc=53.12, Loss=-55.1560, NLL=-189.1301, KL=5.9662, AvgS=81.49, ProxLoss=0.0000
2026-03-19 01:19:34,209 - Server_DefaultID - INFO - Training client 66 (19/30)...
2026-03-19 01:19:39,040 - Server_DefaultID - INFO - Client 66: Acc=88.08, Loss=-343.9923, NLL=-1161.4260, KL=14.8401, AvgS=499.85, ProxLoss=0.0000
2026-03-19 01:19:39,040 - Server_DefaultID - INFO - Training client 3 (20/30)...
2026-03-19 01:19:44,469 - Server_DefaultID - INFO - Client 3: Acc=60.10, Loss=-346.0960, NLL=-1161.5040, KL=13.5326, AvgS=499.89, ProxLoss=0.0000
2026-03-19 01:19:44,469 - Server_DefaultID - INFO - Training client 94 (21/30)...
2026-03-19 01:19:52,525 - Server_DefaultID - INFO - Client 94: Acc=67.07, Loss=-343.4225, NLL=-1159.9298, KL=14.8559, AvgS=499.21, ProxLoss=0.0000
2026-03-19 01:19:52,525 - Server_DefaultID - INFO - Training client 64 (22/30)...
2026-03-19 01:19:53,441 - Server_DefaultID - INFO - Client 64: Acc=62.50, Loss=-39.4013, NLL=-138.6221, KL=7.1183, AvgS=60.18, ProxLoss=0.0000
2026-03-19 01:19:53,441 - Server_DefaultID - INFO - Training client 61 (23/30)...
2026-03-19 01:19:56,659 - Server_DefaultID - INFO - Client 61: Acc=41.00, Loss=-342.7408, NLL=-1153.4878, KL=12.9497, AvgS=496.42, ProxLoss=0.0000
2026-03-19 01:19:56,659 - Server_DefaultID - INFO - Training client 33 (24/30)...
2026-03-19 01:20:01,318 - Server_DefaultID - INFO - Client 33: Acc=57.59, Loss=-345.7402, NLL=-1161.5723, KL=13.9610, AvgS=499.91, ProxLoss=0.0000
2026-03-19 01:20:01,318 - Server_DefaultID - INFO - Training client 76 (25/30)...
2026-03-19 01:20:06,963 - Server_DefaultID - INFO - Client 76: Acc=54.53, Loss=-345.8264, NLL=-1161.4577, KL=13.8331, AvgS=499.87, ProxLoss=0.0000
2026-03-19 01:20:06,963 - Server_DefaultID - INFO - Training client 18 (26/30)...
2026-03-19 01:20:18,744 - Server_DefaultID - INFO - Client 18: Acc=85.17, Loss=-344.6402, NLL=-1161.7168, KL=14.8189, AvgS=499.98, ProxLoss=0.0000
2026-03-19 01:20:18,744 - Server_DefaultID - INFO - Training client 25 (27/30)...
2026-03-19 01:20:19,948 - Server_DefaultID - INFO - Client 25: Acc=49.84, Loss=-116.7694, NLL=-403.4994, KL=9.9804, AvgS=173.03, ProxLoss=0.0000
2026-03-19 01:20:19,948 - Server_DefaultID - INFO - Training client 11 (28/30)...
2026-03-19 01:20:22,868 - Server_DefaultID - INFO - Client 11: Acc=86.67, Loss=-344.5077, NLL=-1161.2921, KL=14.8315, AvgS=499.79, ProxLoss=0.0000
2026-03-19 01:20:22,868 - Server_DefaultID - INFO - Training client 99 (29/30)...
2026-03-19 01:20:23,460 - Server_DefaultID - INFO - Client 99: Acc=47.19, Loss=-27.0341, NLL=-94.9132, KL=5.0419, AvgS=41.96, ProxLoss=0.0000
2026-03-19 01:20:23,460 - Server_DefaultID - INFO - Training client 26 (30/30)...
2026-03-19 01:20:31,347 - Server_DefaultID - INFO - Client 26: Acc=94.28, Loss=-343.5280, NLL=-1161.6711, KL=14.6668, AvgS=499.96, ProxLoss=0.0000
2026-03-19 01:20:31,630 - Server_DefaultID - WARNING - Global prior extremely imbalanced (max/min=1.0), applied adaptive smoothing lam=0.10.
2026-03-19 01:20:31,630 - Server_DefaultID - INFO - Round [10/200] Summary | Avg Client Train Stats:	Loss [-310.9401]	 Acc [70.05]	NLL [-1050.8588]	 KL [13.8753]	AvgS [452.20]	 ProxLoss [0.0000]
GlobalPriorAlpha (first 10): [5.0, 5.0, 5.0, 5.0, 5.0, 5.0, 5.0, 5.0, 5.0, 5.0]
Round Time: 280.78s
2026-03-19 01:20:31,630 - Server_DefaultID - INFO - --- Evaluating models at round 10 ---
2026-03-19 01:21:46,598 - Server_DefaultID - INFO - Global Model Evaluation (Round 10): 
  Avg Test Acc: 54.51%
  Avg Test Acc Softmax: 54.51%
  Avg Test Loss: -746.6712
  Avg Test NLL: -755.9696
  Avg Test KL (vs flat prior): 10.8341
  Avg Test S: 325.30
2026-03-19 01:23:00,148 - Server_DefaultID - INFO - Personalized Model Evaluation (Round 10): 
  Avg Test Acc: 57.07%
  Avg Test Acc Softmax: 57.07%
  Avg Test Loss: -774.5348
  Avg Test NLL: -783.9518
  Avg Test KL (vs flat prior): 10.9906
  Avg Test S: 337.36
2026-03-19 01:23:00,148 - Server_DefaultID - INFO - [Metric 1] Personalized Brier Score | Mean: 0.6198
2026-03-19 01:23:00,148 - Server_DefaultID - INFO - [Metric 1] Personalized ECE | Mean: 0.1889
2026-03-19 01:23:00,148 - Server_DefaultID - INFO - [OOD Eval] OOD AUC-ROC (Epistemic): 0.2894
2026-03-19 01:23:00,148 - Server_DefaultID - INFO - [Metric 4] OOD FPR@95%TPR: 0.9359
2026-03-19 01:23:02,194 - Server_DefaultID - INFO - --- Global Round 11/200 ---
2026-03-19 01:23:02,194 - Server_DefaultID - INFO - Selected 30 active clients for round 11.
2026-03-19 01:23:02,195 - Server_DefaultID - INFO - Training client 81 (1/30)...
2026-03-19 01:23:05,276 - Server_DefaultID - INFO - Client 81: Acc=75.00, Loss=-344.2478, NLL=-1161.6572, KL=14.8683, AvgS=499.95, ProxLoss=0.0000
2026-03-19 01:23:05,276 - Server_DefaultID - INFO - Training client 45 (2/30)...
2026-03-19 01:23:08,646 - Server_DefaultID - INFO - Client 45: Acc=59.02, Loss=-343.7353, NLL=-1161.0721, KL=14.8740, AvgS=499.70, ProxLoss=0.0000
2026-03-19 01:23:08,646 - Server_DefaultID - INFO - Training client 99 (3/30)...
2026-03-19 01:23:09,312 - Server_DefaultID - INFO - Client 99: Acc=45.31, Loss=-40.7770, NLL=-140.6426, KL=3.6972, AvgS=60.98, ProxLoss=0.0000
2026-03-19 01:23:09,312 - Server_DefaultID - INFO - Training client 92 (4/30)...
2026-03-19 01:23:11,268 - Server_DefaultID - INFO - Client 92: Acc=95.23, Loss=-339.8840, NLL=-1150.7006, KL=14.6731, AvgS=495.22, ProxLoss=0.0000
2026-03-19 01:23:11,268 - Server_DefaultID - INFO - Training client 41 (5/30)...
2026-03-19 01:23:15,186 - Server_DefaultID - INFO - Client 41: Acc=61.80, Loss=-343.6381, NLL=-1161.7396, KL=14.7369, AvgS=499.99, ProxLoss=0.0000
2026-03-19 01:23:15,187 - Server_DefaultID - INFO - Training client 34 (6/30)...
2026-03-19 01:23:16,964 - Server_DefaultID - INFO - Client 34: Acc=58.44, Loss=-332.4454, NLL=-1124.6622, KL=14.4108, AvgS=483.97, ProxLoss=0.0000
2026-03-19 01:23:16,965 - Server_DefaultID - INFO - Training client 52 (7/30)...
2026-03-19 01:23:18,611 - Server_DefaultID - INFO - Client 52: Acc=63.85, Loss=-273.4940, NLL=-930.6120, KL=13.8341, AvgS=400.15, ProxLoss=0.0000
2026-03-19 01:23:18,611 - Server_DefaultID - INFO - Training client 88 (8/30)...
2026-03-19 01:23:22,750 - Server_DefaultID - INFO - Client 88: Acc=48.07, Loss=-326.0965, NLL=-1108.1918, KL=14.3127, AvgS=476.84, ProxLoss=0.0000
2026-03-19 01:23:22,751 - Server_DefaultID - INFO - Training client 37 (9/30)...
2026-03-19 01:23:25,074 - Server_DefaultID - INFO - Client 37: Acc=52.73, Loss=-206.5407, NLL=-703.1994, KL=12.4986, AvgS=301.93, ProxLoss=0.0000
2026-03-19 01:23:25,074 - Server_DefaultID - INFO - Training client 43 (10/30)...
2026-03-19 01:23:30,929 - Server_DefaultID - INFO - Client 43: Acc=69.15, Loss=-343.9194, NLL=-1161.5201, KL=14.8920, AvgS=499.89, ProxLoss=0.0000
2026-03-19 01:23:30,929 - Server_DefaultID - INFO - Training client 68 (11/30)...
2026-03-19 01:23:35,649 - Server_DefaultID - INFO - Client 68: Acc=72.60, Loss=-342.8966, NLL=-1161.6207, KL=14.5132, AvgS=499.94, ProxLoss=0.0000
2026-03-19 01:23:35,649 - Server_DefaultID - INFO - Training client 90 (12/30)...
2026-03-19 01:23:42,184 - Client_90 - WARNING - Client 90: Too few classes (1) or samples (592) for alpha report, returning uniform.
2026-03-19 01:23:42,184 - Server_DefaultID - INFO - Client 90: Acc=71.39, Loss=-324.4341, NLL=-1113.0785, KL=13.3373, AvgS=478.95, ProxLoss=0.0000
2026-03-19 01:23:42,184 - Server_DefaultID - INFO - Training client 55 (13/30)...
2026-03-19 01:24:07,346 - Server_DefaultID - INFO - Client 55: Acc=84.52, Loss=-344.9366, NLL=-1161.6910, KL=14.7994, AvgS=499.97, ProxLoss=0.0000
2026-03-19 01:24:07,346 - Server_DefaultID - INFO - Training client 16 (14/30)...
2026-03-19 01:24:08,854 - Server_DefaultID - INFO - Client 16: Acc=52.66, Loss=-343.5034, NLL=-1161.2552, KL=14.8526, AvgS=499.78, ProxLoss=0.0000
2026-03-19 01:24:08,854 - Server_DefaultID - INFO - Training client 12 (15/30)...
2026-03-19 01:24:12,954 - Server_DefaultID - INFO - Client 12: Acc=72.56, Loss=-345.9519, NLL=-1161.7019, KL=13.9517, AvgS=499.97, ProxLoss=0.0000
2026-03-19 01:24:12,955 - Server_DefaultID - INFO - Training client 35 (16/30)...
2026-03-19 01:24:14,792 - Server_DefaultID - INFO - Client 35: Acc=47.92, Loss=-198.3547, NLL=-676.3773, KL=12.0585, AvgS=290.41, ProxLoss=0.0000
2026-03-19 01:24:14,792 - Server_DefaultID - INFO - Training client 94 (17/30)...
2026-03-19 01:24:24,495 - Server_DefaultID - INFO - Client 94: Acc=68.41, Loss=-344.0485, NLL=-1161.2835, KL=14.8550, AvgS=499.79, ProxLoss=0.0000
2026-03-19 01:24:24,495 - Server_DefaultID - INFO - Training client 17 (18/30)...
2026-03-19 01:24:27,293 - Server_DefaultID - INFO - Client 17: Acc=66.88, Loss=-311.9270, NLL=-1053.6823, KL=13.8676, AvgS=453.34, ProxLoss=0.0000
2026-03-19 01:24:27,293 - Server_DefaultID - INFO - Training client 96 (19/30)...
2026-03-19 01:24:34,782 - Server_DefaultID - INFO - Client 96: Acc=66.15, Loss=-331.3416, NLL=-1126.7935, KL=14.6276, AvgS=484.88, ProxLoss=0.0000
2026-03-19 01:24:34,782 - Server_DefaultID - INFO - Training client 89 (20/30)...
2026-03-19 01:24:45,652 - Server_DefaultID - INFO - Client 89: Acc=98.55, Loss=-342.7546, NLL=-1161.6570, KL=14.1813, AvgS=499.95, ProxLoss=0.0000
2026-03-19 01:24:45,652 - Server_DefaultID - INFO - Training client 13 (21/30)...
2026-03-19 01:24:46,776 - Server_DefaultID - INFO - Client 13: Acc=53.12, Loss=-299.6711, NLL=-1015.1608, KL=13.8496, AvgS=436.77, ProxLoss=0.0000
2026-03-19 01:24:46,776 - Server_DefaultID - INFO - Training client 72 (22/30)...
2026-03-19 01:24:50,157 - Server_DefaultID - INFO - Client 72: Acc=95.23, Loss=-337.7818, NLL=-1146.9477, KL=14.6399, AvgS=493.60, ProxLoss=0.0000
2026-03-19 01:24:50,157 - Server_DefaultID - INFO - Training client 59 (23/30)...
2026-03-19 01:24:57,463 - Server_DefaultID - INFO - Client 59: Acc=68.96, Loss=-344.2414, NLL=-1161.5070, KL=14.7892, AvgS=499.89, ProxLoss=0.0000
2026-03-19 01:24:57,463 - Server_DefaultID - INFO - Training client 10 (24/30)...
2026-03-19 01:25:01,973 - Server_DefaultID - INFO - Client 10: Acc=46.80, Loss=-345.9067, NLL=-1161.7604, KL=13.8369, AvgS=500.00, ProxLoss=0.0000
2026-03-19 01:25:01,973 - Server_DefaultID - INFO - Training client 83 (25/30)...
2026-03-19 01:25:09,525 - Server_DefaultID - INFO - Client 83: Acc=99.69, Loss=-342.1527, NLL=-1161.7484, KL=13.7520, AvgS=499.99, ProxLoss=0.0000
2026-03-19 01:25:09,525 - Server_DefaultID - INFO - Training client 23 (26/30)...
2026-03-19 01:25:10,587 - Server_DefaultID - INFO - Client 23: Acc=73.22, Loss=-52.4286, NLL=-183.9526, KL=8.0214, AvgS=79.41, ProxLoss=0.0000
2026-03-19 01:25:10,587 - Server_DefaultID - INFO - Training client 20 (27/30)...
2026-03-19 01:25:15,620 - Server_DefaultID - INFO - Client 20: Acc=58.02, Loss=-346.4114, NLL=-1161.6420, KL=13.0563, AvgS=499.94, ProxLoss=0.0000
2026-03-19 01:25:15,620 - Server_DefaultID - INFO - Training client 75 (28/30)...
2026-03-19 01:25:23,150 - Server_DefaultID - INFO - Client 75: Acc=85.66, Loss=-343.2486, NLL=-1161.6172, KL=14.5959, AvgS=499.93, ProxLoss=0.0000
2026-03-19 01:25:23,151 - Server_DefaultID - INFO - Training client 14 (29/30)...
2026-03-19 01:25:32,535 - Server_DefaultID - INFO - Client 14: Acc=77.74, Loss=-343.0208, NLL=-1161.7505, KL=14.5145, AvgS=499.99, ProxLoss=0.0000
2026-03-19 01:25:32,535 - Server_DefaultID - INFO - Training client 95 (30/30)...
2026-03-19 01:25:40,854 - Server_DefaultID - INFO - Client 95: Acc=54.90, Loss=-343.0681, NLL=-1161.1763, KL=14.6617, AvgS=499.74, ProxLoss=0.0000
2026-03-19 01:25:42,267 - Server_DefaultID - WARNING - Global prior extremely imbalanced (max/min=1.0), applied adaptive smoothing lam=0.10.
2026-03-19 01:25:42,269 - Server_DefaultID - INFO - Round [11/200] Summary | Avg Client Train Stats:	Loss [-331.6145]	 Acc [72.74]	NLL [-1121.8179]	 KL [14.2727]	AvgS [482.77]	 ProxLoss [0.0000]
GlobalPriorAlpha (first 10): [5.0, 5.0, 5.0, 5.0, 5.0, 5.0, 5.0, 5.0, 5.0, 5.0]
Round Time: 160.07s
2026-03-19 01:25:42,271 - Server_DefaultID - INFO - --- Global Round 12/200 ---
2026-03-19 01:25:42,272 - Server_DefaultID - INFO - Selected 30 active clients for round 12.
2026-03-19 01:25:42,272 - Server_DefaultID - INFO - Training client 64 (1/30)...
2026-03-19 01:25:43,299 - Server_DefaultID - INFO - Client 64: Acc=69.06, Loss=-53.5849, NLL=-186.5402, KL=7.7929, AvgS=80.37, ProxLoss=0.0000
2026-03-19 01:25:43,299 - Server_DefaultID - INFO - Training client 65 (2/30)...
2026-03-19 01:25:44,433 - Server_DefaultID - INFO - Client 65: Acc=68.75, Loss=-27.0276, NLL=-95.4305, KL=6.7567, AvgS=42.30, ProxLoss=0.0000
2026-03-19 01:25:44,434 - Server_DefaultID - INFO - Training client 83 (3/30)...
2026-03-19 01:25:56,184 - Server_DefaultID - INFO - Client 83: Acc=99.69, Loss=-342.0229, NLL=-1161.5324, KL=13.7313, AvgS=499.90, ProxLoss=0.0000
2026-03-19 01:25:56,184 - Server_DefaultID - INFO - Training client 29 (4/30)...
2026-03-19 01:25:59,845 - Server_DefaultID - INFO - Client 29: Acc=47.19, Loss=-118.0284, NLL=-410.0497, KL=10.2658, AvgS=175.82, ProxLoss=0.0000
2026-03-19 01:25:59,845 - Server_DefaultID - INFO - Training client 58 (5/30)...
2026-03-19 01:26:05,932 - Server_DefaultID - INFO - Client 58: Acc=76.92, Loss=-342.9179, NLL=-1161.4680, KL=14.5556, AvgS=499.87, ProxLoss=0.0000
2026-03-19 01:26:05,932 - Server_DefaultID - INFO - Training client 76 (6/30)...
2026-03-19 01:26:15,879 - Server_DefaultID - INFO - Client 76: Acc=56.41, Loss=-345.9995, NLL=-1161.7500, KL=13.7713, AvgS=499.99, ProxLoss=0.0000
2026-03-19 01:26:15,879 - Server_DefaultID - INFO - Training client 94 (7/30)...
2026-03-19 01:26:31,446 - Server_DefaultID - INFO - Client 94: Acc=68.10, Loss=-344.1553, NLL=-1161.6468, KL=14.8355, AvgS=499.95, ProxLoss=0.0000
2026-03-19 01:26:31,446 - Server_DefaultID - INFO - Training client 25 (8/30)...
2026-03-19 01:26:34,013 - Server_DefaultID - INFO - Client 25: Acc=49.69, Loss=-153.8627, NLL=-527.5538, KL=11.0284, AvgS=226.39, ProxLoss=0.0000
2026-03-19 01:26:34,013 - Server_DefaultID - INFO - Training client 28 (9/30)...
2026-03-19 01:26:35,638 - Server_DefaultID - INFO - Client 28: Acc=50.94, Loss=-24.9830, NLL=-90.4403, KL=5.6140, AvgS=39.93, ProxLoss=0.0000
2026-03-19 01:26:35,638 - Server_DefaultID - INFO - Training client 18 (10/30)...
2026-03-19 01:26:56,825 - Server_DefaultID - INFO - Client 18: Acc=83.98, Loss=-344.4612, NLL=-1161.6086, KL=14.8240, AvgS=499.93, ProxLoss=0.0000
2026-03-19 01:26:56,825 - Server_DefaultID - INFO - Training client 85 (11/30)...
2026-03-19 01:27:12,514 - Server_DefaultID - INFO - Client 85: Acc=99.77, Loss=-342.0027, NLL=-1161.6426, KL=13.7037, AvgS=499.95, ProxLoss=0.0000
2026-03-19 01:27:12,514 - Server_DefaultID - INFO - Training client 72 (12/30)...
2026-03-19 01:27:18,463 - Server_DefaultID - INFO - Client 72: Acc=95.08, Loss=-342.8140, NLL=-1160.1026, KL=14.6736, AvgS=499.28, ProxLoss=0.0000
2026-03-19 01:27:18,463 - Server_DefaultID - INFO - Training client 62 (13/30)...
2026-03-19 01:27:21,530 - Server_DefaultID - INFO - Client 62: Acc=47.50, Loss=-24.8540, NLL=-90.2336, KL=6.1413, AvgS=39.84, ProxLoss=0.0000
2026-03-19 01:27:21,531 - Server_DefaultID - INFO - Training client 61 (14/30)...
2026-03-19 01:27:28,769 - Server_DefaultID - INFO - Client 61: Acc=42.88, Loss=-345.7592, NLL=-1160.8200, KL=13.1790, AvgS=499.59, ProxLoss=0.0000
2026-03-19 01:27:28,769 - Server_DefaultID - INFO - Training client 67 (15/30)...
2026-03-19 01:27:36,676 - Server_DefaultID - INFO - Client 67: Acc=60.52, Loss=-344.7059, NLL=-1160.8883, KL=14.6376, AvgS=499.62, ProxLoss=0.0000
2026-03-19 01:27:36,676 - Server_DefaultID - INFO - Training client 26 (16/30)...
2026-03-19 01:28:00,851 - Server_DefaultID - INFO - Client 26: Acc=94.25, Loss=-343.4487, NLL=-1161.7247, KL=14.6327, AvgS=499.98, ProxLoss=0.0000
2026-03-19 01:28:00,851 - Server_DefaultID - INFO - Training client 1 (17/30)...
2026-03-19 01:28:04,640 - Server_DefaultID - INFO - Client 1: Acc=32.50, Loss=-308.7626, NLL=-1044.8314, KL=13.9523, AvgS=449.58, ProxLoss=0.0000
2026-03-19 01:28:04,640 - Server_DefaultID - INFO - Training client 20 (18/30)...
2026-03-19 01:28:13,722 - Server_DefaultID - INFO - Client 20: Acc=57.50, Loss=-346.4888, NLL=-1161.6598, KL=12.7589, AvgS=499.95, ProxLoss=0.0000
2026-03-19 01:28:13,722 - Server_DefaultID - INFO - Training client 36 (19/30)...
2026-03-19 01:28:42,774 - Server_DefaultID - INFO - Client 36: Acc=84.82, Loss=-343.0645, NLL=-1161.6304, KL=14.5463, AvgS=499.94, ProxLoss=0.0000
2026-03-19 01:28:42,774 - Server_DefaultID - INFO - Training client 53 (20/30)...
2026-03-19 01:28:57,092 - Server_DefaultID - INFO - Client 53: Acc=96.09, Loss=-343.5717, NLL=-1161.5627, KL=14.6099, AvgS=499.91, ProxLoss=0.0000
2026-03-19 01:28:57,093 - Server_DefaultID - INFO - Training client 71 (21/30)...
2026-03-19 01:28:59,732 - Server_DefaultID - INFO - Client 71: Acc=61.09, Loss=-116.4569, NLL=-399.7092, KL=10.1769, AvgS=171.34, ProxLoss=0.0000
2026-03-19 01:28:59,732 - Server_DefaultID - INFO - Training client 55 (22/30)...
2026-03-19 01:29:39,508 - Server_DefaultID - INFO - Client 55: Acc=84.57, Loss=-344.9447, NLL=-1161.6967, KL=14.7983, AvgS=499.97, ProxLoss=0.0000
2026-03-19 01:29:39,508 - Server_DefaultID - INFO - Training client 15 (23/30)...
2026-03-19 01:29:43,926 - Server_DefaultID - INFO - Client 15: Acc=59.22, Loss=-344.2866, NLL=-1161.1949, KL=14.6610, AvgS=499.75, ProxLoss=0.0000
2026-03-19 01:29:43,926 - Server_DefaultID - INFO - Training client 57 (24/30)...
2026-03-19 01:30:06,147 - Server_DefaultID - INFO - Client 57: Acc=93.82, Loss=-343.9085, NLL=-1161.7377, KL=14.7635, AvgS=499.99, ProxLoss=0.0000
2026-03-19 01:30:06,147 - Server_DefaultID - INFO - Training client 87 (25/30)...
2026-03-19 01:30:16,015 - Server_DefaultID - INFO - Client 87: Acc=41.88, Loss=-346.0016, NLL=-1161.5930, KL=13.6058, AvgS=499.92, ProxLoss=0.0000
2026-03-19 01:30:16,015 - Server_DefaultID - INFO - Training client 40 (26/30)...
2026-03-19 01:30:23,613 - Server_DefaultID - INFO - Client 40: Acc=53.75, Loss=-336.1108, NLL=-1136.1216, KL=13.9432, AvgS=488.92, ProxLoss=0.0000
2026-03-19 01:30:23,613 - Server_DefaultID - INFO - Training client 59 (27/30)...
2026-03-19 01:30:36,636 - Server_DefaultID - INFO - Client 59: Acc=71.04, Loss=-344.1381, NLL=-1161.3553, KL=14.8352, AvgS=499.82, ProxLoss=0.0000
2026-03-19 01:30:36,636 - Server_DefaultID - INFO - Training client 39 (28/30)...
2026-03-19 01:30:56,384 - Server_DefaultID - INFO - Client 39: Acc=69.54, Loss=-344.3252, NLL=-1161.6778, KL=14.8317, AvgS=499.96, ProxLoss=0.0000
2026-03-19 01:30:56,384 - Server_DefaultID - INFO - Training client 60 (29/30)...
2026-03-19 01:31:00,363 - Server_DefaultID - INFO - Client 60: Acc=32.40, Loss=-196.8593, NLL=-674.9227, KL=12.2617, AvgS=289.74, ProxLoss=0.0000
2026-03-19 01:31:00,363 - Server_DefaultID - INFO - Training client 98 (30/30)...
2026-03-19 01:31:05,602 - Server_DefaultID - INFO - Client 98: Acc=71.35, Loss=-272.8246, NLL=-933.7271, KL=13.5576, AvgS=401.50, ProxLoss=0.0000
2026-03-19 01:31:07,449 - Server_DefaultID - WARNING - Global prior extremely imbalanced (max/min=1.0), applied adaptive smoothing lam=0.10.
2026-03-19 01:31:07,450 - Server_DefaultID - INFO - Round [12/200] Summary | Avg Client Train Stats:	Loss [-323.4931]	 Acc [76.72]	NLL [-1093.0796]	 KL [14.0118]	AvgS [470.42]	 ProxLoss [0.0000]
GlobalPriorAlpha (first 10): [5.0, 5.0, 5.0, 5.0, 5.0, 5.0, 5.0, 5.0, 5.0, 5.0]
Round Time: 325.18s
2026-03-19 01:31:07,456 - Server_DefaultID - INFO - --- Global Round 13/200 ---
2026-03-19 01:31:07,456 - Server_DefaultID - INFO - Selected 30 active clients for round 13.
2026-03-19 01:31:07,456 - Server_DefaultID - INFO - Training client 4 (1/30)...
2026-03-19 01:31:15,496 - Server_DefaultID - INFO - Client 4: Acc=68.39, Loss=-345.7500, NLL=-1161.7552, KL=14.1086, AvgS=499.99, ProxLoss=0.0000
2026-03-19 01:31:15,497 - Server_DefaultID - INFO - Training client 10 (2/30)...
2026-03-19 01:31:20,422 - Server_DefaultID - INFO - Client 10: Acc=49.22, Loss=-345.9083, NLL=-1161.7328, KL=13.7785, AvgS=499.98, ProxLoss=0.0000
2026-03-19 01:31:20,422 - Server_DefaultID - INFO - Training client 12 (3/30)...
2026-03-19 01:31:27,033 - Server_DefaultID - INFO - Client 12: Acc=70.88, Loss=-345.8284, NLL=-1161.6853, KL=13.9172, AvgS=499.96, ProxLoss=0.0000
2026-03-19 01:31:27,033 - Server_DefaultID - INFO - Training client 27 (4/30)...
2026-03-19 01:31:30,752 - Server_DefaultID - INFO - Client 27: Acc=53.23, Loss=-201.5819, NLL=-685.5456, KL=12.1868, AvgS=294.35, ProxLoss=0.0000
2026-03-19 01:31:30,752 - Server_DefaultID - INFO - Training client 65 (5/30)...
2026-03-19 01:31:32,209 - Server_DefaultID - INFO - Client 65: Acc=64.06, Loss=-39.8070, NLL=-139.4039, KL=7.1608, AvgS=60.62, ProxLoss=0.0000
2026-03-19 01:31:32,209 - Server_DefaultID - INFO - Training client 29 (6/30)...
2026-03-19 01:31:38,914 - Server_DefaultID - INFO - Client 29: Acc=42.81, Loss=-197.3991, NLL=-677.8500, KL=12.2854, AvgS=291.11, ProxLoss=0.0000
2026-03-19 01:31:38,914 - Server_DefaultID - INFO - Training client 50 (7/30)...
2026-03-19 01:32:04,208 - Server_DefaultID - INFO - Client 50: Acc=97.52, Loss=-343.0585, NLL=-1161.3834, KL=14.5091, AvgS=499.83, ProxLoss=0.0000
2026-03-19 01:32:04,208 - Server_DefaultID - INFO - Training client 17 (8/30)...
2026-03-19 01:32:07,199 - Server_DefaultID - INFO - Client 17: Acc=79.22, Loss=-345.1569, NLL=-1161.3979, KL=14.5637, AvgS=499.84, ProxLoss=0.0000
2026-03-19 01:32:07,199 - Server_DefaultID - INFO - Training client 94 (9/30)...
2026-03-19 01:32:23,211 - Server_DefaultID - INFO - Client 94: Acc=69.40, Loss=-344.1393, NLL=-1161.7402, KL=14.8586, AvgS=499.99, ProxLoss=0.0000
2026-03-19 01:32:23,215 - Server_DefaultID - INFO - Training client 87 (10/30)...
2026-03-19 01:32:32,822 - Server_DefaultID - INFO - Client 87: Acc=42.72, Loss=-346.0671, NLL=-1161.6796, KL=13.5530, AvgS=499.96, ProxLoss=0.0000
2026-03-19 01:32:32,822 - Server_DefaultID - INFO - Training client 70 (11/30)...
2026-03-19 01:32:40,268 - Server_DefaultID - INFO - Client 70: Acc=74.75, Loss=-343.0647, NLL=-1161.0995, KL=14.6410, AvgS=499.71, ProxLoss=0.0000
2026-03-19 01:32:40,268 - Server_DefaultID - INFO - Training client 0 (12/30)...
2026-03-19 01:32:42,868 - Server_DefaultID - INFO - Client 0: Acc=25.94, Loss=-307.8502, NLL=-1040.0746, KL=14.0000, AvgS=447.49, ProxLoss=0.0000
2026-03-19 01:32:42,868 - Server_DefaultID - INFO - Training client 43 (13/30)...
2026-03-19 01:32:57,957 - Server_DefaultID - INFO - Client 43: Acc=71.02, Loss=-343.9603, NLL=-1161.7340, KL=14.8946, AvgS=499.98, ProxLoss=0.0000
2026-03-19 01:32:57,957 - Server_DefaultID - INFO - Training client 14 (14/30)...
2026-03-19 01:33:10,771 - Server_DefaultID - INFO - Client 14: Acc=83.51, Loss=-342.6888, NLL=-1161.3104, KL=14.5102, AvgS=499.80, ProxLoss=0.0000
2026-03-19 01:33:10,771 - Server_DefaultID - INFO - Training client 74 (15/30)...
2026-03-19 01:33:17,045 - Server_DefaultID - INFO - Client 74: Acc=58.36, Loss=-203.2431, NLL=-695.8078, KL=12.7110, AvgS=298.75, ProxLoss=0.0000
2026-03-19 01:33:17,045 - Server_DefaultID - INFO - Training client 61 (16/30)...
2026-03-19 01:33:24,396 - Server_DefaultID - INFO - Client 61: Acc=40.75, Loss=-346.0959, NLL=-1161.6870, KL=13.2511, AvgS=499.96, ProxLoss=0.0000
2026-03-19 01:33:24,396 - Server_DefaultID - INFO - Training client 42 (17/30)...
2026-03-19 01:33:32,566 - Server_DefaultID - INFO - Client 42: Acc=63.18, Loss=-323.4928, NLL=-1102.0049, KL=14.4867, AvgS=474.17, ProxLoss=0.0000
2026-03-19 01:33:32,567 - Server_DefaultID - INFO - Training client 82 (18/30)...
2026-03-19 01:33:38,882 - Server_DefaultID - INFO - Client 82: Acc=86.06, Loss=-339.2502, NLL=-1149.6137, KL=14.7448, AvgS=494.75, ProxLoss=0.0000
2026-03-19 01:33:38,882 - Server_DefaultID - INFO - Training client 48 (19/30)...
2026-03-19 01:34:03,369 - Server_DefaultID - INFO - Client 48: Acc=86.60, Loss=-344.4219, NLL=-1161.7412, KL=14.8163, AvgS=499.99, ProxLoss=0.0000
2026-03-19 01:34:03,369 - Server_DefaultID - INFO - Training client 93 (20/30)...
2026-03-19 01:34:06,122 - Server_DefaultID - INFO - Client 93: Acc=28.91, Loss=-204.4394, NLL=-694.9568, KL=12.2685, AvgS=298.38, ProxLoss=0.0000
2026-03-19 01:34:06,122 - Server_DefaultID - INFO - Training client 31 (21/30)...
2026-03-19 01:34:18,877 - Server_DefaultID - INFO - Client 31: Acc=66.67, Loss=-343.7903, NLL=-1161.2684, KL=14.8773, AvgS=499.78, ProxLoss=0.0000
2026-03-19 01:34:18,877 - Server_DefaultID - INFO - Training client 19 (22/30)...
2026-03-19 01:34:38,356 - Server_DefaultID - INFO - Client 19: Acc=95.42, Loss=-343.0434, NLL=-1161.7682, KL=14.4874, AvgS=500.00, ProxLoss=0.0000
2026-03-19 01:34:38,356 - Server_DefaultID - INFO - Training client 33 (23/30)...
2026-03-19 01:34:48,406 - Server_DefaultID - INFO - Client 33: Acc=57.86, Loss=-345.7135, NLL=-1161.7280, KL=13.9606, AvgS=499.98, ProxLoss=0.0000
2026-03-19 01:34:48,406 - Server_DefaultID - INFO - Training client 79 (24/30)...
2026-03-19 01:34:56,180 - Server_DefaultID - INFO - Client 79: Acc=36.81, Loss=-165.4034, NLL=-572.0210, KL=11.3905, AvgS=245.37, ProxLoss=0.0000
2026-03-19 01:34:56,180 - Server_DefaultID - INFO - Training client 77 (25/30)...
2026-03-19 01:35:15,066 - Server_DefaultID - INFO - Client 77: Acc=90.75, Loss=-344.0027, NLL=-1161.6070, KL=14.8728, AvgS=499.93, ProxLoss=0.0000
2026-03-19 01:35:15,066 - Server_DefaultID - INFO - Training client 56 (26/30)...
2026-03-19 01:35:25,849 - Server_DefaultID - INFO - Client 56: Acc=26.37, Loss=-127.2683, NLL=-442.5159, KL=10.9788, AvgS=189.64, ProxLoss=0.0000
2026-03-19 01:35:25,849 - Server_DefaultID - INFO - Training client 75 (27/30)...
2026-03-19 01:35:36,930 - Server_DefaultID - INFO - Client 75: Acc=85.04, Loss=-343.1893, NLL=-1161.7514, KL=14.5877, AvgS=499.99, ProxLoss=0.0000
2026-03-19 01:35:36,930 - Server_DefaultID - INFO - Training client 15 (28/30)...
2026-03-19 01:35:40,269 - Server_DefaultID - INFO - Client 15: Acc=64.53, Loss=-344.6573, NLL=-1161.7271, KL=14.7084, AvgS=499.98, ProxLoss=0.0000
2026-03-19 01:35:40,269 - Server_DefaultID - INFO - Training client 69 (29/30)...
2026-03-19 01:35:43,281 - Server_DefaultID - INFO - Client 69: Acc=26.25, Loss=-117.6275, NLL=-404.5098, KL=10.0899, AvgS=173.32, ProxLoss=0.0000
2026-03-19 01:35:43,281 - Server_DefaultID - INFO - Training client 97 (30/30)...
2026-03-19 01:36:16,118 - Server_DefaultID - INFO - Client 97: Acc=99.56, Loss=-342.1635, NLL=-1161.7698, KL=13.7981, AvgS=500.00, ProxLoss=0.0000
2026-03-19 01:36:18,154 - Server_DefaultID - WARNING - Global prior extremely imbalanced (max/min=1.0), applied adaptive smoothing lam=0.10.
2026-03-19 01:36:18,155 - Server_DefaultID - INFO - Round [13/200] Summary | Avg Client Train Stats:	Loss [-318.2386]	 Acc [74.14]	NLL [-1076.7106]	 KL [14.0071]	AvgS [463.29]	 ProxLoss [0.0000]
GlobalPriorAlpha (first 10): [5.0, 5.0, 5.0, 5.0, 5.0, 5.0, 5.0, 5.0, 5.0, 5.0]
Round Time: 310.70s
2026-03-19 01:36:18,157 - Server_DefaultID - INFO - --- Global Round 14/200 ---
2026-03-19 01:36:18,158 - Server_DefaultID - INFO - Selected 30 active clients for round 14.
2026-03-19 01:36:18,158 - Server_DefaultID - INFO - Training client 98 (1/30)...
2026-03-19 01:36:21,713 - Server_DefaultID - INFO - Client 98: Acc=66.88, Loss=-329.8557, NLL=-1124.4799, KL=14.3879, AvgS=483.90, ProxLoss=0.0000
2026-03-19 01:36:21,713 - Server_DefaultID - INFO - Training client 32 (2/30)...
2026-03-19 01:36:30,018 - Server_DefaultID - INFO - Client 32: Acc=75.42, Loss=-344.2846, NLL=-1161.1176, KL=14.7009, AvgS=499.72, ProxLoss=0.0000
2026-03-19 01:36:30,018 - Server_DefaultID - INFO - Training client 36 (3/30)...
2026-03-19 01:37:01,183 - Server_DefaultID - INFO - Client 36: Acc=86.48, Loss=-343.0531, NLL=-1161.7585, KL=14.5442, AvgS=500.00, ProxLoss=0.0000
2026-03-19 01:37:01,184 - Server_DefaultID - INFO - Training client 31 (4/30)...
2026-03-19 01:37:15,209 - Server_DefaultID - INFO - Client 31: Acc=69.44, Loss=-343.9964, NLL=-1161.7133, KL=14.8819, AvgS=499.98, ProxLoss=0.0000
2026-03-19 01:37:15,209 - Server_DefaultID - INFO - Training client 66 (5/30)...
2026-03-19 01:37:24,358 - Server_DefaultID - INFO - Client 66: Acc=88.17, Loss=-343.8699, NLL=-1161.7695, KL=14.8298, AvgS=500.00, ProxLoss=0.0000
2026-03-19 01:37:24,358 - Server_DefaultID - INFO - Training client 4 (6/30)...
2026-03-19 01:37:33,855 - Server_DefaultID - INFO - Client 4: Acc=70.83, Loss=-345.7744, NLL=-1161.7124, KL=14.0971, AvgS=499.98, ProxLoss=0.0000
2026-03-19 01:37:33,855 - Server_DefaultID - INFO - Training client 7 (7/30)...
2026-03-19 01:37:42,274 - Server_DefaultID - INFO - Client 7: Acc=48.70, Loss=-344.2628, NLL=-1161.5856, KL=14.8011, AvgS=499.92, ProxLoss=0.0000
2026-03-19 01:37:42,274 - Server_DefaultID - INFO - Training client 17 (8/30)...
2026-03-19 01:37:45,148 - Server_DefaultID - INFO - Client 17: Acc=78.28, Loss=-345.2846, NLL=-1161.7699, KL=14.5672, AvgS=500.00, ProxLoss=0.0000
2026-03-19 01:37:45,148 - Server_DefaultID - INFO - Training client 0 (9/30)...
2026-03-19 01:37:46,743 - Server_DefaultID - INFO - Client 0: Acc=36.25, Loss=-344.0497, NLL=-1160.7376, KL=14.7725, AvgS=499.56, ProxLoss=0.0000
2026-03-19 01:37:46,743 - Server_DefaultID - INFO - Training client 80 (10/30)...
2026-03-19 01:37:48,586 - Server_DefaultID - INFO - Client 80: Acc=62.19, Loss=-53.2411, NLL=-185.7247, KL=7.6395, AvgS=80.07, ProxLoss=0.0000
2026-03-19 01:37:48,589 - Server_DefaultID - INFO - Training client 99 (11/30)...
2026-03-19 01:37:50,252 - Server_DefaultID - INFO - Client 99: Acc=40.00, Loss=-54.1697, NLL=-186.2408, KL=5.1918, AvgS=80.19, ProxLoss=0.0000
2026-03-19 01:37:50,252 - Server_DefaultID - INFO - Training client 73 (12/30)...
2026-03-19 01:38:06,970 - Server_DefaultID - INFO - Client 73: Acc=78.97, Loss=-343.3292, NLL=-1161.5129, KL=14.6881, AvgS=499.89, ProxLoss=0.0000
2026-03-19 01:38:06,970 - Server_DefaultID - INFO - Training client 60 (13/30)...
2026-03-19 01:38:10,937 - Server_DefaultID - INFO - Client 60: Acc=31.46, Loss=-266.4397, NLL=-909.5502, KL=13.5682, AvgS=391.01, ProxLoss=0.0000
2026-03-19 01:38:10,937 - Server_DefaultID - INFO - Training client 40 (14/30)...
2026-03-19 01:38:20,237 - Server_DefaultID - INFO - Client 40: Acc=48.96, Loss=-345.2757, NLL=-1161.0152, KL=14.0290, AvgS=499.67, ProxLoss=0.0000
2026-03-19 01:38:20,238 - Server_DefaultID - INFO - Training client 65 (15/30)...
2026-03-19 01:38:21,726 - Server_DefaultID - INFO - Client 65: Acc=68.12, Loss=-54.1136, NLL=-187.4936, KL=7.6189, AvgS=80.85, ProxLoss=0.0000
2026-03-19 01:38:21,726 - Server_DefaultID - INFO - Training client 39 (16/30)...
2026-03-19 01:38:41,205 - Server_DefaultID - INFO - Client 39: Acc=73.85, Loss=-344.2375, NLL=-1161.6939, KL=14.8456, AvgS=499.97, ProxLoss=0.0000
2026-03-19 01:38:41,205 - Server_DefaultID - INFO - Training client 72 (17/30)...
2026-03-19 01:38:48,222 - Server_DefaultID - INFO - Client 72: Acc=95.16, Loss=-343.4037, NLL=-1161.5534, KL=14.6551, AvgS=499.91, ProxLoss=0.0000
2026-03-19 01:38:48,222 - Server_DefaultID - INFO - Training client 57 (18/30)...
2026-03-19 01:39:10,545 - Server_DefaultID - INFO - Client 57: Acc=93.86, Loss=-343.8148, NLL=-1161.6457, KL=14.7543, AvgS=499.95, ProxLoss=0.0000
2026-03-19 01:39:10,545 - Server_DefaultID - INFO - Training client 81 (19/30)...
2026-03-19 01:39:19,090 - Server_DefaultID - INFO - Client 81: Acc=76.07, Loss=-344.1982, NLL=-1161.7582, KL=14.8695, AvgS=499.99, ProxLoss=0.0000
2026-03-19 01:39:19,090 - Server_DefaultID - INFO - Training client 6 (20/30)...
2026-03-19 01:39:24,411 - Server_DefaultID - INFO - Client 6: Acc=60.62, Loss=-343.5993, NLL=-1161.0109, KL=14.8345, AvgS=499.67, ProxLoss=0.0000
2026-03-19 01:39:24,411 - Server_DefaultID - INFO - Training client 16 (21/30)...
2026-03-19 01:39:27,131 - Server_DefaultID - INFO - Client 16: Acc=57.81, Loss=-343.7664, NLL=-1161.5800, KL=14.8929, AvgS=499.92, ProxLoss=0.0000
2026-03-19 01:39:27,131 - Server_DefaultID - INFO - Training client 51 (22/30)...
2026-03-19 01:39:29,571 - Server_DefaultID - INFO - Client 51: Acc=27.19, Loss=-121.1753, NLL=-413.3996, KL=8.6632, AvgS=177.35, ProxLoss=0.0000
2026-03-19 01:39:29,571 - Server_DefaultID - INFO - Training client 49 (23/30)...
2026-03-19 01:39:37,530 - Server_DefaultID - INFO - Client 49: Acc=65.98, Loss=-343.8317, NLL=-1161.6740, KL=14.8938, AvgS=499.96, ProxLoss=0.0000
2026-03-19 01:39:37,530 - Server_DefaultID - INFO - Training client 61 (24/30)...
2026-03-19 01:39:44,168 - Server_DefaultID - INFO - Client 61: Acc=49.44, Loss=-346.0679, NLL=-1161.7014, KL=13.2712, AvgS=499.97, ProxLoss=0.0000
2026-03-19 01:39:44,168 - Server_DefaultID - INFO - Training client 41 (25/30)...
2026-03-19 01:39:55,109 - Server_DefaultID - INFO - Client 41: Acc=65.16, Loss=-343.3895, NLL=-1161.5444, KL=14.7378, AvgS=499.90, ProxLoss=0.0000
2026-03-19 01:39:55,109 - Server_DefaultID - INFO - Training client 64 (26/30)...
2026-03-19 01:39:57,055 - Server_DefaultID - INFO - Client 64: Acc=70.00, Loss=-69.5547, NLL=-240.9460, KL=8.5542, AvgS=103.44, ProxLoss=0.0000
2026-03-19 01:39:57,055 - Server_DefaultID - INFO - Training client 35 (27/30)...
2026-03-19 01:40:01,276 - Server_DefaultID - INFO - Client 35: Acc=56.67, Loss=-271.4525, NLL=-920.3610, KL=13.3346, AvgS=395.72, ProxLoss=0.0000
2026-03-19 01:40:01,276 - Server_DefaultID - INFO - Training client 5 (28/30)...
2026-03-19 01:40:02,854 - Server_DefaultID - INFO - Client 5: Acc=63.75, Loss=-256.8370, NLL=-866.1271, KL=12.1727, AvgS=372.66, ProxLoss=0.0000
2026-03-19 01:40:02,854 - Server_DefaultID - INFO - Training client 43 (29/30)...
2026-03-19 01:40:17,091 - Server_DefaultID - INFO - Client 43: Acc=72.05, Loss=-343.8725, NLL=-1161.6125, KL=14.8931, AvgS=499.93, ProxLoss=0.0000
2026-03-19 01:40:17,091 - Server_DefaultID - INFO - Training client 77 (30/30)...
2026-03-19 01:40:37,827 - Server_DefaultID - INFO - Client 77: Acc=90.62, Loss=-343.8778, NLL=-1161.6738, KL=14.8281, AvgS=499.96, ProxLoss=0.0000
2026-03-19 01:40:39,673 - Server_DefaultID - WARNING - Global prior extremely imbalanced (max/min=1.0), applied adaptive smoothing lam=0.10.
2026-03-19 01:40:39,674 - Server_DefaultID - INFO - Round [14/200] Summary | Avg Client Train Stats:	Loss [-329.8935]	 Acc [73.59]	NLL [-1114.7271]	 KL [14.3274]	AvgS [479.73]	 ProxLoss [0.0000]
GlobalPriorAlpha (first 10): [5.0, 5.0, 5.0, 5.0, 5.0, 5.0, 5.0, 5.0, 5.0, 5.0]
Round Time: 261.52s
2026-03-19 01:40:39,676 - Server_DefaultID - INFO - --- Global Round 15/200 ---
2026-03-19 01:40:39,676 - Server_DefaultID - INFO - Selected 30 active clients for round 15.
2026-03-19 01:40:39,677 - Server_DefaultID - INFO - Training client 58 (1/30)...
2026-03-19 01:40:48,129 - Server_DefaultID - INFO - Client 58: Acc=77.10, Loss=-342.9462, NLL=-1161.7420, KL=14.5686, AvgS=499.99, ProxLoss=0.0000
2026-03-19 01:40:48,129 - Server_DefaultID - INFO - Training client 37 (2/30)...
2026-03-19 01:40:54,311 - Server_DefaultID - INFO - Client 37: Acc=46.48, Loss=-297.6146, NLL=-1009.9440, KL=14.0276, AvgS=434.39, ProxLoss=0.0000
2026-03-19 01:40:54,311 - Server_DefaultID - INFO - Training client 81 (3/30)...
2026-03-19 01:41:05,513 - Server_DefaultID - INFO - Client 81: Acc=76.21, Loss=-344.0470, NLL=-1161.6586, KL=14.8543, AvgS=499.95, ProxLoss=0.0000
2026-03-19 01:41:05,513 - Server_DefaultID - INFO - Training client 35 (4/30)...
2026-03-19 01:41:09,214 - Server_DefaultID - INFO - Client 35: Acc=56.67, Loss=-327.2054, NLL=-1106.3649, KL=14.0742, AvgS=476.06, ProxLoss=0.0000
2026-03-19 01:41:09,214 - Server_DefaultID - INFO - Training client 63 (5/30)...
2026-03-19 01:41:15,222 - Server_DefaultID - INFO - Client 63: Acc=54.25, Loss=-343.7355, NLL=-1160.3875, KL=14.7734, AvgS=499.40, ProxLoss=0.0000
2026-03-19 01:41:15,222 - Server_DefaultID - INFO - Training client 22 (6/30)...
2026-03-19 01:41:17,741 - Server_DefaultID - INFO - Client 22: Acc=48.28, Loss=-81.0908, NLL=-282.3291, KL=8.8770, AvgS=121.02, ProxLoss=0.0000
2026-03-19 01:41:17,741 - Server_DefaultID - INFO - Training client 93 (7/30)...
2026-03-19 01:41:20,162 - Server_DefaultID - INFO - Client 93: Acc=33.91, Loss=-250.9898, NLL=-851.7644, KL=13.2072, AvgS=366.04, ProxLoss=0.0000
2026-03-19 01:41:20,162 - Server_DefaultID - INFO - Training client 32 (8/30)...
2026-03-19 01:41:27,698 - Server_DefaultID - INFO - Client 32: Acc=74.22, Loss=-344.4057, NLL=-1161.2064, KL=14.6424, AvgS=499.76, ProxLoss=0.0000
2026-03-19 01:41:27,698 - Server_DefaultID - INFO - Training client 68 (9/30)...
2026-03-19 01:41:41,270 - Server_DefaultID - INFO - Client 68: Acc=74.83, Loss=-342.7356, NLL=-1161.6831, KL=14.5138, AvgS=499.96, ProxLoss=0.0000
2026-03-19 01:41:41,270 - Server_DefaultID - INFO - Training client 84 (10/30)...
2026-03-19 01:41:42,626 - Server_DefaultID - INFO - Client 84: Acc=52.45, Loss=-25.8319, NLL=-93.5903, KL=6.0697, AvgS=41.26, ProxLoss=0.0000
2026-03-19 01:41:42,626 - Server_DefaultID - INFO - Training client 74 (11/30)...
2026-03-19 01:41:47,539 - Server_DefaultID - INFO - Client 74: Acc=56.48, Loss=-297.0867, NLL=-1011.7769, KL=14.3153, AvgS=435.20, ProxLoss=0.0000
2026-03-19 01:41:47,539 - Server_DefaultID - INFO - Training client 91 (12/30)...
2026-03-19 01:41:51,099 - Server_DefaultID - INFO - Client 91: Acc=66.77, Loss=-276.4290, NLL=-944.1579, KL=13.5427, AvgS=406.01, ProxLoss=0.0000
2026-03-19 01:41:51,099 - Server_DefaultID - INFO - Training client 76 (13/30)...
2026-03-19 01:42:01,486 - Server_DefaultID - INFO - Client 76: Acc=59.57, Loss=-345.7178, NLL=-1161.7419, KL=13.9546, AvgS=499.99, ProxLoss=0.0000
2026-03-19 01:42:01,486 - Server_DefaultID - INFO - Training client 69 (14/30)...
2026-03-19 01:42:04,891 - Server_DefaultID - INFO - Client 69: Acc=26.56, Loss=-157.5504, NLL=-538.1359, KL=11.1605, AvgS=230.77, ProxLoss=0.0000
2026-03-19 01:42:04,892 - Server_DefaultID - INFO - Training client 13 (15/30)...
2026-03-19 01:42:06,369 - Server_DefaultID - INFO - Client 13: Acc=54.69, Loss=-341.6524, NLL=-1157.5679, KL=14.6371, AvgS=498.19, ProxLoss=0.0000
2026-03-19 01:42:06,369 - Server_DefaultID - INFO - Training client 90 (16/30)...
2026-03-19 01:42:19,678 - Client_90 - WARNING - Client 90: Too few classes (1) or samples (592) for alpha report, returning uniform.
2026-03-19 01:42:19,679 - Server_DefaultID - INFO - Client 90: Acc=100.00, Loss=-341.5889, NLL=-1161.4267, KL=13.5595, AvgS=499.85, ProxLoss=0.0000
2026-03-19 01:42:19,679 - Server_DefaultID - INFO - Training client 98 (17/30)...
2026-03-19 01:42:24,067 - Server_DefaultID - INFO - Client 98: Acc=71.98, Loss=-341.8673, NLL=-1160.3607, KL=14.5039, AvgS=499.39, ProxLoss=0.0000
2026-03-19 01:42:24,067 - Server_DefaultID - INFO - Training client 56 (18/30)...
2026-03-19 01:42:34,049 - Server_DefaultID - INFO - Client 56: Acc=32.70, Loss=-307.4836, NLL=-1049.8262, KL=14.4815, AvgS=451.62, ProxLoss=0.0000
2026-03-19 01:42:34,049 - Server_DefaultID - INFO - Training client 67 (19/30)...
2026-03-19 01:42:43,827 - Server_DefaultID - INFO - Client 67: Acc=62.14, Loss=-344.7203, NLL=-1161.3376, KL=14.6592, AvgS=499.81, ProxLoss=0.0000
2026-03-19 01:42:43,827 - Server_DefaultID - INFO - Training client 80 (20/30)...
2026-03-19 01:42:45,243 - Server_DefaultID - INFO - Client 80: Acc=63.12, Loss=-68.4302, NLL=-236.0740, KL=8.0285, AvgS=101.43, ProxLoss=0.0000
2026-03-19 01:42:45,243 - Server_DefaultID - INFO - Training client 5 (21/30)...
2026-03-19 01:42:47,427 - Server_DefaultID - INFO - Client 5: Acc=64.06, Loss=-307.6590, NLL=-1036.8263, KL=13.6482, AvgS=446.07, ProxLoss=0.0000
2026-03-19 01:42:47,427 - Server_DefaultID - INFO - Training client 8 (22/30)...
2026-03-19 01:42:50,864 - Server_DefaultID - INFO - Client 8: Acc=86.41, Loss=-339.0165, NLL=-1144.8865, KL=14.7528, AvgS=492.71, ProxLoss=0.0000
2026-03-19 01:42:50,864 - Server_DefaultID - INFO - Training client 52 (23/30)...
2026-03-19 01:42:54,861 - Server_DefaultID - INFO - Client 52: Acc=68.85, Loss=-325.0378, NLL=-1102.3133, KL=14.5359, AvgS=474.31, ProxLoss=0.0000
2026-03-19 01:42:54,861 - Server_DefaultID - INFO - Training client 0 (24/30)...
2026-03-19 01:42:56,474 - Server_DefaultID - INFO - Client 0: Acc=38.12, Loss=-344.0474, NLL=-1160.4798, KL=14.7719, AvgS=499.44, ProxLoss=0.0000
2026-03-19 01:42:56,474 - Server_DefaultID - INFO - Training client 20 (25/30)...
2026-03-19 01:43:04,480 - Server_DefaultID - INFO - Client 20: Acc=56.93, Loss=-346.3789, NLL=-1161.6333, KL=12.7519, AvgS=499.94, ProxLoss=0.0000
2026-03-19 01:43:04,480 - Server_DefaultID - INFO - Training client 49 (26/30)...
2026-03-19 01:43:13,007 - Server_DefaultID - INFO - Client 49: Acc=69.82, Loss=-343.7464, NLL=-1161.5200, KL=14.8921, AvgS=499.89, ProxLoss=0.0000
2026-03-19 01:43:13,007 - Server_DefaultID - INFO - Training client 27 (27/30)...
2026-03-19 01:43:17,760 - Server_DefaultID - INFO - Client 27: Acc=52.40, Loss=-274.7599, NLL=-932.4432, KL=13.4437, AvgS=400.93, ProxLoss=0.0000
2026-03-19 01:43:17,760 - Server_DefaultID - INFO - Training client 62 (28/30)...
2026-03-19 01:43:20,720 - Server_DefaultID - INFO - Client 62: Acc=62.50, Loss=-51.9759, NLL=-182.8832, KL=7.4358, AvgS=78.70, ProxLoss=0.0000
2026-03-19 01:43:20,720 - Server_DefaultID - INFO - Training client 28 (29/30)...
2026-03-19 01:43:22,184 - Server_DefaultID - INFO - Client 28: Acc=44.06, Loss=-38.5846, NLL=-137.3622, KL=6.5324, AvgS=59.47, ProxLoss=0.0000
2026-03-19 01:43:22,184 - Server_DefaultID - INFO - Training client 31 (30/30)...
2026-03-19 01:43:32,814 - Server_DefaultID - INFO - Client 31: Acc=70.66, Loss=-343.9797, NLL=-1161.7374, KL=14.8824, AvgS=499.99, ProxLoss=0.0000
2026-03-19 01:43:34,683 - Server_DefaultID - WARNING - Global prior extremely imbalanced (max/min=1.0), applied adaptive smoothing lam=0.10.
2026-03-19 01:43:34,684 - Server_DefaultID - INFO - Round [15/200] Summary | Avg Client Train Stats:	Loss [-309.9907]	 Acc [64.17]	NLL [-1049.4296]	 KL [13.8022]	AvgS [451.57]	 ProxLoss [0.0000]
GlobalPriorAlpha (first 10): [5.0, 5.0, 5.0, 5.0, 5.0, 5.0, 5.0, 5.0, 5.0, 5.0]
Round Time: 175.01s
2026-03-19 01:43:34,689 - Server_DefaultID - INFO - --- Global Round 16/200 ---
2026-03-19 01:43:34,689 - Server_DefaultID - INFO - Selected 30 active clients for round 16.
2026-03-19 01:43:34,690 - Server_DefaultID - INFO - Training client 91 (1/30)...
2026-03-19 01:43:38,401 - Server_DefaultID - INFO - Client 91: Acc=63.02, Loss=-329.7863, NLL=-1124.3335, KL=14.3410, AvgS=483.83, ProxLoss=0.0000
2026-03-19 01:43:38,401 - Server_DefaultID - INFO - Training client 29 (2/30)...
2026-03-19 01:43:44,022 - Server_DefaultID - INFO - Client 29: Acc=61.25, Loss=-282.3918, NLL=-963.5392, KL=13.9526, AvgS=414.36, ProxLoss=0.0000
2026-03-19 01:43:44,022 - Server_DefaultID - INFO - Training client 83 (3/30)...
2026-03-19 01:43:58,983 - Server_DefaultID - INFO - Client 83: Acc=99.72, Loss=-341.9115, NLL=-1161.7021, KL=13.7327, AvgS=499.97, ProxLoss=0.0000
2026-03-19 01:43:58,983 - Server_DefaultID - INFO - Training client 94 (4/30)...
2026-03-19 01:44:13,312 - Server_DefaultID - INFO - Client 94: Acc=70.37, Loss=-343.8855, NLL=-1161.4810, KL=14.8429, AvgS=499.88, ProxLoss=0.0000
2026-03-19 01:44:13,312 - Server_DefaultID - INFO - Training client 64 (5/30)...
2026-03-19 01:44:15,435 - Server_DefaultID - INFO - Client 64: Acc=64.06, Loss=-84.8665, NLL=-293.4910, KL=9.1908, AvgS=125.84, ProxLoss=0.0000
2026-03-19 01:44:15,435 - Server_DefaultID - INFO - Training client 17 (6/30)...
2026-03-19 01:44:18,771 - Server_DefaultID - INFO - Client 17: Acc=80.00, Loss=-345.0602, NLL=-1161.3227, KL=14.5073, AvgS=499.81, ProxLoss=0.0000
2026-03-19 01:44:18,771 - Server_DefaultID - INFO - Training client 10 (7/30)...
2026-03-19 01:44:25,093 - Server_DefaultID - INFO - Client 10: Acc=49.61, Loss=-345.6275, NLL=-1161.6593, KL=13.8966, AvgS=499.95, ProxLoss=0.0000
2026-03-19 01:44:25,093 - Server_DefaultID - INFO - Training client 37 (8/30)...
2026-03-19 01:44:31,074 - Server_DefaultID - INFO - Client 37: Acc=78.75, Loss=-342.7889, NLL=-1156.0328, KL=14.4488, AvgS=497.52, ProxLoss=0.0000
2026-03-19 01:44:31,074 - Server_DefaultID - INFO - Training client 27 (9/30)...
2026-03-19 01:44:36,035 - Server_DefaultID - INFO - Client 27: Acc=55.10, Loss=-332.2093, NLL=-1123.3364, KL=14.2570, AvgS=483.40, ProxLoss=0.0000
2026-03-19 01:44:36,035 - Server_DefaultID - INFO - Training client 52 (10/30)...
2026-03-19 01:44:40,080 - Server_DefaultID - INFO - Client 52: Acc=70.42, Loss=-341.9553, NLL=-1155.4868, KL=14.7374, AvgS=497.29, ProxLoss=0.0000
2026-03-19 01:44:40,080 - Server_DefaultID - INFO - Training client 82 (11/30)...
2026-03-19 01:44:47,269 - Server_DefaultID - INFO - Client 82: Acc=86.50, Loss=-343.5239, NLL=-1160.9126, KL=14.7699, AvgS=499.63, ProxLoss=0.0000
2026-03-19 01:44:47,269 - Server_DefaultID - INFO - Training client 48 (12/30)...
2026-03-19 01:45:13,988 - Server_DefaultID - INFO - Client 48: Acc=86.76, Loss=-344.2789, NLL=-1161.6666, KL=14.8129, AvgS=499.96, ProxLoss=0.0000
2026-03-19 01:45:13,988 - Server_DefaultID - INFO - Training client 49 (13/30)...
2026-03-19 01:45:24,156 - Server_DefaultID - INFO - Client 49: Acc=70.00, Loss=-343.6616, NLL=-1161.4550, KL=14.8916, AvgS=499.86, ProxLoss=0.0000
2026-03-19 01:45:24,156 - Server_DefaultID - INFO - Training client 31 (14/30)...
2026-03-19 01:45:36,145 - Server_DefaultID - INFO - Client 31: Acc=71.88, Loss=-343.9617, NLL=-1161.7363, KL=14.8823, AvgS=499.99, ProxLoss=0.0000
2026-03-19 01:45:36,145 - Server_DefaultID - INFO - Training client 41 (15/30)...
2026-03-19 01:45:48,203 - Server_DefaultID - INFO - Client 41: Acc=63.36, Loss=-343.3375, NLL=-1161.5995, KL=14.7108, AvgS=499.93, ProxLoss=0.0000
2026-03-19 01:45:48,203 - Server_DefaultID - INFO - Training client 54 (16/30)...
2026-03-19 01:45:51,324 - Server_DefaultID - INFO - Client 54: Acc=71.41, Loss=-53.1264, NLL=-187.8180, KL=7.6237, AvgS=80.99, ProxLoss=0.0000
2026-03-19 01:45:51,324 - Server_DefaultID - INFO - Training client 38 (17/30)...
2026-03-19 01:45:54,127 - Server_DefaultID - INFO - Client 38: Acc=42.34, Loss=-201.4926, NLL=-682.1236, KL=10.4738, AvgS=292.83, ProxLoss=0.0000
2026-03-19 01:45:54,128 - Server_DefaultID - INFO - Training client 26 (18/30)...
2026-03-19 01:46:16,849 - Server_DefaultID - INFO - Client 26: Acc=94.25, Loss=-343.3205, NLL=-1161.7149, KL=14.6528, AvgS=499.98, ProxLoss=0.0000
2026-03-19 01:46:16,849 - Server_DefaultID - INFO - Training client 77 (19/30)...
2026-03-19 01:46:37,811 - Server_DefaultID - INFO - Client 77: Acc=90.67, Loss=-343.8084, NLL=-1161.6975, KL=14.8284, AvgS=499.97, ProxLoss=0.0000
2026-03-19 01:46:37,811 - Server_DefaultID - INFO - Training client 0 (20/30)...
2026-03-19 01:46:39,391 - Server_DefaultID - INFO - Client 0: Acc=34.38, Loss=-344.5117, NLL=-1161.7699, KL=14.7841, AvgS=500.00, ProxLoss=0.0000
2026-03-19 01:46:39,391 - Server_DefaultID - INFO - Training client 87 (21/30)...
2026-03-19 01:46:48,310 - Server_DefaultID - INFO - Client 87: Acc=45.18, Loss=-345.9402, NLL=-1161.6762, KL=13.5795, AvgS=499.96, ProxLoss=0.0000
2026-03-19 01:46:48,310 - Server_DefaultID - INFO - Training client 72 (22/30)...
2026-03-19 01:46:55,619 - Server_DefaultID - INFO - Client 72: Acc=95.00, Loss=-343.3371, NLL=-1161.1754, KL=14.7372, AvgS=499.74, ProxLoss=0.0000
2026-03-19 01:46:55,619 - Server_DefaultID - INFO - Training client 43 (23/30)...
2026-03-19 01:47:10,612 - Server_DefaultID - INFO - Client 43: Acc=73.24, Loss=-343.8559, NLL=-1161.7325, KL=14.8945, AvgS=499.98, ProxLoss=0.0000
2026-03-19 01:47:10,612 - Server_DefaultID - INFO - Training client 75 (24/30)...
2026-03-19 01:47:22,287 - Server_DefaultID - INFO - Client 75: Acc=85.55, Loss=-343.1026, NLL=-1161.7293, KL=14.5970, AvgS=499.98, ProxLoss=0.0000
2026-03-19 01:47:22,287 - Server_DefaultID - INFO - Training client 80 (25/30)...
2026-03-19 01:47:25,424 - Server_DefaultID - INFO - Client 80: Acc=58.12, Loss=-82.9861, NLL=-285.8950, KL=8.7826, AvgS=122.68, ProxLoss=0.0000
2026-03-19 01:47:25,424 - Server_DefaultID - INFO - Training client 3 (26/30)...
2026-03-19 01:47:33,446 - Server_DefaultID - INFO - Client 3: Acc=59.64, Loss=-345.2138, NLL=-1160.6983, KL=13.6440, AvgS=499.54, ProxLoss=0.0000
2026-03-19 01:47:33,446 - Server_DefaultID - INFO - Training client 32 (27/30)...
2026-03-19 01:47:41,048 - Server_DefaultID - INFO - Client 32: Acc=77.14, Loss=-344.5970, NLL=-1161.7049, KL=14.6722, AvgS=499.97, ProxLoss=0.0000
2026-03-19 01:47:41,048 - Server_DefaultID - INFO - Training client 53 (28/30)...
2026-03-19 01:47:53,781 - Server_DefaultID - INFO - Client 53: Acc=95.94, Loss=-343.5092, NLL=-1161.7381, KL=14.6345, AvgS=499.99, ProxLoss=0.0000
2026-03-19 01:47:53,781 - Server_DefaultID - INFO - Training client 35 (29/30)...
2026-03-19 01:47:59,731 - Server_DefaultID - INFO - Client 35: Acc=58.96, Loss=-342.9602, NLL=-1156.0988, KL=14.2603, AvgS=497.55, ProxLoss=0.0000
2026-03-19 01:47:59,731 - Server_DefaultID - INFO - Training client 57 (30/30)...
2026-03-19 01:48:20,395 - Server_DefaultID - INFO - Client 57: Acc=93.53, Loss=-343.7537, NLL=-1161.6029, KL=14.7792, AvgS=499.93, ProxLoss=0.0000
2026-03-19 01:48:21,949 - Server_DefaultID - WARNING - Global prior extremely imbalanced (max/min=1.0), applied adaptive smoothing lam=0.10.
2026-03-19 01:48:21,951 - Server_DefaultID - INFO - Round [16/200] Summary | Avg Client Train Stats:	Loss [-333.8038]	 Acc [78.69]	NLL [-1128.2082]	 KL [14.3724]	AvgS [485.53]	 ProxLoss [0.0000]
GlobalPriorAlpha (first 10): [5.0, 5.0, 5.0, 5.0, 5.0, 5.0, 5.0, 5.0, 5.0, 5.0]
Round Time: 287.26s
2026-03-19 01:48:21,953 - Server_DefaultID - INFO - --- Global Round 17/200 ---
2026-03-19 01:48:21,954 - Server_DefaultID - INFO - Selected 30 active clients for round 17.
2026-03-19 01:48:21,954 - Server_DefaultID - INFO - Training client 88 (1/30)...
2026-03-19 01:48:29,813 - Server_DefaultID - INFO - Client 88: Acc=57.03, Loss=-344.5349, NLL=-1160.9327, KL=14.4614, AvgS=499.64, ProxLoss=0.0000
2026-03-19 01:48:29,813 - Server_DefaultID - INFO - Training client 99 (2/30)...
2026-03-19 01:48:32,658 - Server_DefaultID - INFO - Client 99: Acc=43.12, Loss=-68.2103, NLL=-232.9291, KL=4.7050, AvgS=100.02, ProxLoss=0.0000
2026-03-19 01:48:32,658 - Server_DefaultID - INFO - Training client 20 (3/30)...
2026-03-19 01:48:40,531 - Server_DefaultID - INFO - Client 20: Acc=58.28, Loss=-346.2131, NLL=-1161.4745, KL=12.8555, AvgS=499.87, ProxLoss=0.0000
2026-03-19 01:48:40,531 - Server_DefaultID - INFO - Training client 10 (4/30)...
2026-03-19 01:48:45,603 - Server_DefaultID - INFO - Client 10: Acc=50.23, Loss=-345.6492, NLL=-1161.7629, KL=13.9005, AvgS=500.00, ProxLoss=0.0000
2026-03-19 01:48:45,603 - Server_DefaultID - INFO - Training client 45 (5/30)...
2026-03-19 01:48:56,268 - Server_DefaultID - INFO - Client 45: Acc=60.08, Loss=-343.7027, NLL=-1161.5226, KL=14.8784, AvgS=499.89, ProxLoss=0.0000
2026-03-19 01:48:56,268 - Server_DefaultID - INFO - Training client 51 (6/30)...
2026-03-19 01:48:59,355 - Server_DefaultID - INFO - Client 51: Acc=25.94, Loss=-158.7611, NLL=-539.4071, KL=9.4467, AvgS=231.50, ProxLoss=0.0000
2026-03-19 01:48:59,355 - Server_DefaultID - INFO - Training client 14 (7/30)...
2026-03-19 01:49:10,420 - Server_DefaultID - INFO - Client 14: Acc=82.85, Loss=-342.7815, NLL=-1161.7178, KL=14.5141, AvgS=499.98, ProxLoss=0.0000
2026-03-19 01:49:10,420 - Server_DefaultID - INFO - Training client 2 (8/30)...
2026-03-19 01:49:23,312 - Server_DefaultID - INFO - Client 2: Acc=78.61, Loss=-344.0360, NLL=-1161.4999, KL=14.8548, AvgS=499.88, ProxLoss=0.0000
2026-03-19 01:49:23,313 - Server_DefaultID - INFO - Training client 52 (9/30)...
2026-03-19 01:49:26,933 - Server_DefaultID - INFO - Client 52: Acc=68.54, Loss=-343.5780, NLL=-1160.1923, KL=14.7530, AvgS=499.32, ProxLoss=0.0000
2026-03-19 01:49:26,934 - Server_DefaultID - INFO - Training client 0 (10/30)...
2026-03-19 01:49:28,509 - Server_DefaultID - INFO - Client 0: Acc=44.38, Loss=-344.2894, NLL=-1161.2998, KL=14.7765, AvgS=499.80, ProxLoss=0.0000
2026-03-19 01:49:28,510 - Server_DefaultID - INFO - Training client 63 (11/30)...
2026-03-19 01:49:34,730 - Server_DefaultID - INFO - Client 63: Acc=57.69, Loss=-344.1105, NLL=-1161.4524, KL=14.7902, AvgS=499.86, ProxLoss=0.0000
2026-03-19 01:49:34,730 - Server_DefaultID - INFO - Training client 37 (12/30)...
2026-03-19 01:49:39,879 - Server_DefaultID - INFO - Client 37: Acc=79.22, Loss=-344.9894, NLL=-1161.3760, KL=14.5346, AvgS=499.83, ProxLoss=0.0000
2026-03-19 01:49:39,879 - Server_DefaultID - INFO - Training client 38 (13/30)...
2026-03-19 01:49:42,266 - Server_DefaultID - INFO - Client 38: Acc=39.38, Loss=-252.0923, NLL=-851.4855, KL=11.3852, AvgS=365.92, ProxLoss=0.0000
2026-03-19 01:49:42,267 - Server_DefaultID - INFO - Training client 96 (14/30)...
2026-03-19 01:49:53,942 - Server_DefaultID - INFO - Client 96: Acc=65.10, Loss=-343.7474, NLL=-1161.2267, KL=14.7040, AvgS=499.77, ProxLoss=0.0000
2026-03-19 01:49:53,942 - Server_DefaultID - INFO - Training client 78 (15/30)...
2026-03-19 01:50:32,086 - Server_DefaultID - INFO - Client 78: Acc=90.69, Loss=-344.0398, NLL=-1161.6968, KL=14.7154, AvgS=499.97, ProxLoss=0.0000
2026-03-19 01:50:32,086 - Server_DefaultID - INFO - Training client 93 (16/30)...
2026-03-19 01:50:34,562 - Server_DefaultID - INFO - Client 93: Acc=36.72, Loss=-300.7348, NLL=-1017.9952, KL=14.0229, AvgS=437.85, ProxLoss=0.0000
2026-03-19 01:50:34,563 - Server_DefaultID - INFO - Training client 57 (17/30)...
2026-03-19 01:50:56,474 - Server_DefaultID - INFO - Client 57: Acc=93.68, Loss=-343.8417, NLL=-1161.7689, KL=14.7935, AvgS=500.00, ProxLoss=0.0000
2026-03-19 01:50:56,474 - Server_DefaultID - INFO - Training client 27 (18/30)...
2026-03-19 01:51:00,182 - Server_DefaultID - INFO - Client 27: Acc=54.27, Loss=-343.7920, NLL=-1158.7211, KL=14.3474, AvgS=498.68, ProxLoss=0.0000
2026-03-19 01:51:00,182 - Server_DefaultID - INFO - Training client 74 (19/30)...
2026-03-19 01:51:05,202 - Server_DefaultID - INFO - Client 74: Acc=57.97, Loss=-337.8355, NLL=-1144.3612, KL=14.7401, AvgS=492.48, ProxLoss=0.0000
2026-03-19 01:51:05,202 - Server_DefaultID - INFO - Training client 69 (20/30)...
2026-03-19 01:51:08,321 - Server_DefaultID - INFO - Client 69: Acc=27.97, Loss=-202.6133, NLL=-689.4866, KL=12.1179, AvgS=296.01, ProxLoss=0.0000
2026-03-19 01:51:08,321 - Server_DefaultID - INFO - Training client 41 (21/30)...
2026-03-19 01:51:19,897 - Server_DefaultID - INFO - Client 41: Acc=59.18, Loss=-343.3396, NLL=-1161.7692, KL=14.7277, AvgS=500.00, ProxLoss=0.0000
2026-03-19 01:51:19,897 - Server_DefaultID - INFO - Training client 89 (22/30)...
2026-03-19 01:51:35,722 - Server_DefaultID - INFO - Client 89: Acc=98.59, Loss=-342.5165, NLL=-1161.6636, KL=14.1977, AvgS=499.95, ProxLoss=0.0000
2026-03-19 01:51:35,722 - Server_DefaultID - INFO - Training client 61 (23/30)...
2026-03-19 01:51:41,987 - Server_DefaultID - INFO - Client 61: Acc=56.75, Loss=-345.9747, NLL=-1161.7288, KL=13.3580, AvgS=499.98, ProxLoss=0.0000
2026-03-19 01:51:41,987 - Server_DefaultID - INFO - Training client 47 (24/30)...
2026-03-19 01:51:50,909 - Server_DefaultID - INFO - Client 47: Acc=51.93, Loss=-345.4935, NLL=-1161.7466, KL=14.1287, AvgS=499.99, ProxLoss=0.0000
2026-03-19 01:51:50,909 - Server_DefaultID - INFO - Training client 77 (25/30)...
2026-03-19 01:52:09,644 - Server_DefaultID - INFO - Client 77: Acc=90.81, Loss=-343.7993, NLL=-1161.6444, KL=14.8482, AvgS=499.95, ProxLoss=0.0000
2026-03-19 01:52:09,644 - Server_DefaultID - INFO - Training client 13 (26/30)...
2026-03-19 01:52:11,286 - Server_DefaultID - INFO - Client 13: Acc=58.75, Loss=-343.1899, NLL=-1160.6887, KL=14.8123, AvgS=499.53, ProxLoss=0.0000
2026-03-19 01:52:11,287 - Server_DefaultID - INFO - Training client 64 (27/30)...
2026-03-19 01:52:12,474 - Server_DefaultID - INFO - Client 64: Acc=62.81, Loss=-102.3808, NLL=-352.5120, KL=9.8635, AvgS=151.09, ProxLoss=0.0000
2026-03-19 01:52:12,474 - Server_DefaultID - INFO - Training client 66 (28/30)...
2026-03-19 01:52:21,005 - Server_DefaultID - INFO - Client 66: Acc=88.17, Loss=-343.6934, NLL=-1161.7136, KL=14.8182, AvgS=499.98, ProxLoss=0.0000
2026-03-19 01:52:21,005 - Server_DefaultID - INFO - Training client 9 (29/30)...
2026-03-19 01:52:29,836 - Server_DefaultID - INFO - Client 9: Acc=97.68, Loss=-342.8210, NLL=-1161.7228, KL=14.3942, AvgS=499.98, ProxLoss=0.0000
2026-03-19 01:52:29,836 - Server_DefaultID - INFO - Training client 28 (30/30)...
2026-03-19 01:52:31,521 - Server_DefaultID - INFO - Client 28: Acc=48.75, Loss=-51.6613, NLL=-183.3990, KL=6.9764, AvgS=78.90, ProxLoss=0.0000
2026-03-19 01:52:33,780 - Server_DefaultID - WARNING - Global prior extremely imbalanced (max/min=1.0), applied adaptive smoothing lam=0.10.
2026-03-19 01:52:33,781 - Server_DefaultID - INFO - Round [17/200] Summary | Avg Client Train Stats:	Loss [-331.9186]	 Acc [74.89]	NLL [-1121.2696]	 KL [14.2290]	AvgS [482.54]	 ProxLoss [0.0000]
GlobalPriorAlpha (first 10): [5.0, 5.0, 5.0, 5.0, 5.0, 5.0, 5.0, 5.0, 5.0, 5.0]
Round Time: 251.83s
2026-03-19 01:52:33,784 - Server_DefaultID - INFO - --- Global Round 18/200 ---
2026-03-19 01:52:33,784 - Server_DefaultID - INFO - Selected 30 active clients for round 18.
2026-03-19 01:52:33,784 - Server_DefaultID - INFO - Training client 65 (1/30)...
2026-03-19 01:52:35,381 - Server_DefaultID - INFO - Client 65: Acc=65.31, Loss=-70.3205, NLL=-242.3426, KL=8.2319, AvgS=104.09, ProxLoss=0.0000
2026-03-19 01:52:35,381 - Server_DefaultID - INFO - Training client 88 (2/30)...
2026-03-19 01:52:42,090 - Server_DefaultID - INFO - Client 88: Acc=57.50, Loss=-344.7604, NLL=-1161.4250, KL=14.4637, AvgS=499.85, ProxLoss=0.0000
2026-03-19 01:52:42,090 - Server_DefaultID - INFO - Training client 34 (3/30)...
2026-03-19 01:52:45,483 - Server_DefaultID - INFO - Client 34: Acc=67.71, Loss=-342.5212, NLL=-1156.2658, KL=14.4845, AvgS=497.62, ProxLoss=0.0000
2026-03-19 01:52:45,483 - Server_DefaultID - INFO - Training client 35 (4/30)...
2026-03-19 01:52:49,784 - Server_DefaultID - INFO - Client 35: Acc=57.50, Loss=-344.0585, NLL=-1159.4518, KL=14.3050, AvgS=499.00, ProxLoss=0.0000
2026-03-19 01:52:49,784 - Server_DefaultID - INFO - Training client 63 (5/30)...
2026-03-19 01:52:58,372 - Server_DefaultID - INFO - Client 63: Acc=59.38, Loss=-344.0810, NLL=-1161.5797, KL=14.8132, AvgS=499.92, ProxLoss=0.0000
2026-03-19 01:52:58,372 - Server_DefaultID - INFO - Training client 19 (6/30)...
2026-03-19 01:53:14,993 - Server_DefaultID - INFO - Client 19: Acc=95.36, Loss=-342.7737, NLL=-1161.7462, KL=14.4600, AvgS=499.99, ProxLoss=0.0000
2026-03-19 01:53:14,993 - Server_DefaultID - INFO - Training client 62 (7/30)...
2026-03-19 01:53:17,605 - Server_DefaultID - INFO - Client 62: Acc=63.59, Loss=-82.0049, NLL=-285.0725, KL=8.8121, AvgS=122.18, ProxLoss=0.0000
2026-03-19 01:53:17,605 - Server_DefaultID - INFO - Training client 14 (8/30)...
2026-03-19 01:53:28,699 - Server_DefaultID - INFO - Client 14: Acc=83.33, Loss=-342.7099, NLL=-1161.6733, KL=14.5137, AvgS=499.96, ProxLoss=0.0000
2026-03-19 01:53:28,700 - Server_DefaultID - INFO - Training client 16 (9/30)...
2026-03-19 01:53:32,395 - Server_DefaultID - INFO - Client 16: Acc=63.59, Loss=-343.0025, NLL=-1160.3413, KL=14.8825, AvgS=499.38, ProxLoss=0.0000
2026-03-19 01:53:32,395 - Server_DefaultID - INFO - Training client 13 (10/30)...
2026-03-19 01:53:34,076 - Server_DefaultID - INFO - Client 13: Acc=52.19, Loss=-343.7011, NLL=-1161.7699, KL=14.8950, AvgS=500.00, ProxLoss=0.0000
2026-03-19 01:53:34,076 - Server_DefaultID - INFO - Training client 43 (11/30)...
2026-03-19 01:53:48,003 - Server_DefaultID - INFO - Client 43: Acc=74.43, Loss=-343.7371, NLL=-1161.6882, KL=14.8940, AvgS=499.96, ProxLoss=0.0000
2026-03-19 01:53:48,003 - Server_DefaultID - INFO - Training client 6 (12/30)...
2026-03-19 01:53:52,594 - Server_DefaultID - INFO - Client 6: Acc=60.42, Loss=-343.7984, NLL=-1161.4753, KL=14.7971, AvgS=499.87, ProxLoss=0.0000
2026-03-19 01:53:52,594 - Server_DefaultID - INFO - Training client 78 (13/30)...
2026-03-19 01:54:33,367 - Server_DefaultID - INFO - Client 78: Acc=91.77, Loss=-344.0811, NLL=-1161.7340, KL=14.7477, AvgS=499.98, ProxLoss=0.0000
2026-03-19 01:54:33,368 - Server_DefaultID - INFO - Training client 91 (14/30)...
2026-03-19 01:54:39,121 - Server_DefaultID - INFO - Client 91: Acc=77.81, Loss=-341.4368, NLL=-1158.5407, KL=14.4976, AvgS=498.61, ProxLoss=0.0000
2026-03-19 01:54:39,121 - Server_DefaultID - INFO - Training client 92 (15/30)...
2026-03-19 01:54:44,760 - Server_DefaultID - INFO - Client 92: Acc=95.00, Loss=-343.8772, NLL=-1161.2413, KL=14.7247, AvgS=499.77, ProxLoss=0.0000
2026-03-19 01:54:44,760 - Server_DefaultID - INFO - Training client 85 (16/30)...
2026-03-19 01:54:59,990 - Server_DefaultID - INFO - Client 85: Acc=99.79, Loss=-341.7586, NLL=-1161.6734, KL=13.6880, AvgS=499.96, ProxLoss=0.0000
2026-03-19 01:54:59,990 - Server_DefaultID - INFO - Training client 77 (17/30)...
2026-03-19 01:55:22,014 - Server_DefaultID - INFO - Client 77: Acc=90.58, Loss=-343.7725, NLL=-1161.6946, KL=14.8434, AvgS=499.97, ProxLoss=0.0000
2026-03-19 01:55:22,015 - Server_DefaultID - INFO - Training client 47 (18/30)...
2026-03-19 01:55:29,385 - Server_DefaultID - INFO - Client 47: Acc=50.42, Loss=-345.3835, NLL=-1161.6901, KL=14.1459, AvgS=499.97, ProxLoss=0.0000
2026-03-19 01:55:29,385 - Server_DefaultID - INFO - Training client 67 (19/30)...
2026-03-19 01:55:36,786 - Server_DefaultID - INFO - Client 67: Acc=64.69, Loss=-344.7864, NLL=-1161.6035, KL=14.6592, AvgS=499.93, ProxLoss=0.0000
2026-03-19 01:55:36,786 - Server_DefaultID - INFO - Training client 61 (20/30)...
2026-03-19 01:55:43,296 - Server_DefaultID - INFO - Client 61: Acc=57.69, Loss=-345.8292, NLL=-1161.3326, KL=13.3353, AvgS=499.81, ProxLoss=0.0000
2026-03-19 01:55:43,296 - Server_DefaultID - INFO - Training client 40 (21/30)...
2026-03-19 01:55:52,456 - Server_DefaultID - INFO - Client 40: Acc=58.75, Loss=-345.3865, NLL=-1161.3855, KL=13.9888, AvgS=499.83, ProxLoss=0.0000
2026-03-19 01:55:52,456 - Server_DefaultID - INFO - Training client 81 (22/30)...
2026-03-19 01:56:01,045 - Server_DefaultID - INFO - Client 81: Acc=77.01, Loss=-343.8711, NLL=-1161.4846, KL=14.8523, AvgS=499.88, ProxLoss=0.0000
2026-03-19 01:56:01,045 - Server_DefaultID - INFO - Training client 8 (23/30)...
2026-03-19 01:56:04,097 - Server_DefaultID - INFO - Client 8: Acc=88.44, Loss=-343.7636, NLL=-1161.4406, KL=14.8316, AvgS=499.86, ProxLoss=0.0000
2026-03-19 01:56:04,097 - Server_DefaultID - INFO - Training client 76 (24/30)...
2026-03-19 01:56:12,429 - Server_DefaultID - INFO - Client 76: Acc=59.73, Loss=-345.6002, NLL=-1161.7198, KL=13.9477, AvgS=499.98, ProxLoss=0.0000
2026-03-19 01:56:12,429 - Server_DefaultID - INFO - Training client 80 (25/30)...
2026-03-19 01:56:13,616 - Server_DefaultID - INFO - Client 80: Acc=58.12, Loss=-100.0209, NLL=-343.7944, KL=9.5185, AvgS=147.40, ProxLoss=0.0000
2026-03-19 01:56:13,616 - Server_DefaultID - INFO - Training client 55 (26/30)...
2026-03-19 01:57:03,096 - Server_DefaultID - INFO - Client 55: Acc=84.41, Loss=-344.6959, NLL=-1161.7568, KL=14.7965, AvgS=499.99, ProxLoss=0.0000
2026-03-19 01:57:03,096 - Server_DefaultID - INFO - Training client 15 (27/30)...
2026-03-19 01:57:05,245 - Server_DefaultID - INFO - Client 15: Acc=65.16, Loss=-344.4633, NLL=-1161.6287, KL=14.6637, AvgS=499.94, ProxLoss=0.0000
2026-03-19 01:57:05,246 - Server_DefaultID - INFO - Training client 24 (28/30)...
2026-03-19 01:57:06,958 - Server_DefaultID - INFO - Client 24: Acc=55.00, Loss=-70.2674, NLL=-240.5659, KL=6.8757, AvgS=103.30, ProxLoss=0.0000
2026-03-19 01:57:06,958 - Server_DefaultID - INFO - Training client 95 (29/30)...
2026-03-19 01:57:18,705 - Server_DefaultID - INFO - Client 95: Acc=53.19, Loss=-342.8794, NLL=-1161.6004, KL=14.6397, AvgS=499.93, ProxLoss=0.0000
2026-03-19 01:57:18,705 - Server_DefaultID - INFO - Training client 33 (30/30)...
2026-03-19 01:57:28,619 - Server_DefaultID - INFO - Client 33: Acc=57.81, Loss=-345.4597, NLL=-1161.6644, KL=14.0222, AvgS=499.95, ProxLoss=0.0000
2026-03-19 01:57:29,690 - Server_DefaultID - WARNING - Global prior extremely imbalanced (max/min=1.0), applied adaptive smoothing lam=0.10.
2026-03-19 01:57:29,691 - Server_DefaultID - INFO - Round [18/200] Summary | Avg Client Train Stats:	Loss [-336.3955]	 Acc [77.03]	NLL [-1136.0789]	 KL [14.3496]	AvgS [488.93]	 ProxLoss [0.0000]
GlobalPriorAlpha (first 10): [5.0, 5.0, 5.0, 5.0, 5.0, 5.0, 5.0, 5.0, 5.0, 5.0]
Round Time: 295.91s
2026-03-19 01:57:29,693 - Server_DefaultID - INFO - --- Global Round 19/200 ---
2026-03-19 01:57:29,694 - Server_DefaultID - INFO - Selected 30 active clients for round 19.
2026-03-19 01:57:29,694 - Server_DefaultID - INFO - Training client 52 (1/30)...
2026-03-19 01:57:33,371 - Server_DefaultID - INFO - Client 52: Acc=65.31, Loss=-343.6874, NLL=-1160.7813, KL=14.8057, AvgS=499.57, ProxLoss=0.0000
2026-03-19 01:57:33,371 - Server_DefaultID - INFO - Training client 76 (2/30)...
2026-03-19 01:57:43,311 - Server_DefaultID - INFO - Client 76: Acc=61.45, Loss=-345.6560, NLL=-1161.7336, KL=13.8658, AvgS=499.98, ProxLoss=0.0000
2026-03-19 01:57:43,311 - Server_DefaultID - INFO - Training client 73 (3/30)...
2026-03-19 01:58:01,571 - Server_DefaultID - INFO - Client 73: Acc=79.78, Loss=-343.2131, NLL=-1161.6902, KL=14.6826, AvgS=499.97, ProxLoss=0.0000
2026-03-19 01:58:01,572 - Server_DefaultID - INFO - Training client 0 (4/30)...
2026-03-19 01:58:03,077 - Server_DefaultID - INFO - Client 0: Acc=50.31, Loss=-344.0917, NLL=-1160.8064, KL=14.7696, AvgS=499.59, ProxLoss=0.0000
2026-03-19 01:58:03,077 - Server_DefaultID - INFO - Training client 83 (5/30)...
2026-03-19 01:58:14,625 - Server_DefaultID - INFO - Client 83: Acc=99.78, Loss=-341.7342, NLL=-1161.7028, KL=13.6946, AvgS=499.97, ProxLoss=0.0000
2026-03-19 01:58:14,625 - Server_DefaultID - INFO - Training client 49 (6/30)...
2026-03-19 01:58:22,202 - Server_DefaultID - INFO - Client 49: Acc=72.77, Loss=-343.6401, NLL=-1161.5700, KL=14.8932, AvgS=499.91, ProxLoss=0.0000
2026-03-19 01:58:22,202 - Server_DefaultID - INFO - Training client 18 (7/30)...
2026-03-19 01:58:40,567 - Server_DefaultID - INFO - Client 18: Acc=84.85, Loss=-344.3167, NLL=-1161.7498, KL=14.8127, AvgS=499.99, ProxLoss=0.0000
2026-03-19 01:58:40,567 - Server_DefaultID - INFO - Training client 22 (8/30)...
2026-03-19 01:58:42,691 - Server_DefaultID - INFO - Client 22: Acc=45.62, Loss=-115.0849, NLL=-397.0907, KL=10.1150, AvgS=170.18, ProxLoss=0.0000
2026-03-19 01:58:42,692 - Server_DefaultID - INFO - Training client 28 (9/30)...
2026-03-19 01:58:43,778 - Server_DefaultID - INFO - Client 28: Acc=49.69, Loss=-66.8372, NLL=-234.0904, KL=8.1582, AvgS=100.41, ProxLoss=0.0000
2026-03-19 01:58:43,778 - Server_DefaultID - INFO - Training client 15 (10/30)...
2026-03-19 01:58:45,017 - Server_DefaultID - INFO - Client 15: Acc=66.41, Loss=-344.3421, NLL=-1161.7436, KL=14.6766, AvgS=499.99, ProxLoss=0.0000
2026-03-19 01:58:45,017 - Server_DefaultID - INFO - Training client 40 (11/30)...
2026-03-19 01:58:48,867 - Server_DefaultID - INFO - Client 40: Acc=57.97, Loss=-345.4007, NLL=-1161.7271, KL=14.0412, AvgS=499.98, ProxLoss=0.0000
2026-03-19 01:58:48,867 - Server_DefaultID - INFO - Training client 23 (12/30)...
2026-03-19 01:58:49,714 - Server_DefaultID - INFO - Client 23: Acc=75.93, Loss=-67.5093, NLL=-235.9765, KL=8.7324, AvgS=101.44, ProxLoss=0.0000
2026-03-19 01:58:49,714 - Server_DefaultID - INFO - Training client 61 (13/30)...
2026-03-19 01:58:52,873 - Server_DefaultID - INFO - Client 61: Acc=60.19, Loss=-345.8738, NLL=-1161.5265, KL=13.3082, AvgS=499.90, ProxLoss=0.0000
2026-03-19 01:58:52,873 - Server_DefaultID - INFO - Training client 97 (14/30)...
2026-03-19 01:59:10,488 - Server_DefaultID - INFO - Client 97: Acc=99.58, Loss=-341.8674, NLL=-1161.7471, KL=13.7750, AvgS=499.99, ProxLoss=0.0000
2026-03-19 01:59:10,488 - Server_DefaultID - INFO - Training client 19 (15/30)...
2026-03-19 01:59:20,083 - Server_DefaultID - INFO - Client 19: Acc=95.83, Loss=-342.7499, NLL=-1161.7050, KL=14.4868, AvgS=499.97, ProxLoss=0.0000
2026-03-19 01:59:20,083 - Server_DefaultID - INFO - Training client 64 (16/30)...
2026-03-19 01:59:20,857 - Server_DefaultID - INFO - Client 64: Acc=64.38, Loss=-119.3787, NLL=-410.1224, KL=10.4252, AvgS=175.80, ProxLoss=0.0000
2026-03-19 01:59:20,857 - Server_DefaultID - INFO - Training client 27 (17/30)...
2026-03-19 01:59:23,182 - Server_DefaultID - INFO - Client 27: Acc=42.71, Loss=-344.3316, NLL=-1160.2885, KL=14.3561, AvgS=499.36, ProxLoss=0.0000
2026-03-19 01:59:23,182 - Server_DefaultID - INFO - Training client 51 (18/30)...
2026-03-19 01:59:24,554 - Server_DefaultID - INFO - Client 51: Acc=24.69, Loss=-199.8369, NLL=-677.3054, KL=10.2207, AvgS=290.96, ProxLoss=0.0000
2026-03-19 01:59:24,554 - Server_DefaultID - INFO - Training client 24 (19/30)...
2026-03-19 01:59:25,392 - Server_DefaultID - INFO - Client 24: Acc=50.62, Loss=-86.6633, NLL=-295.4839, KL=7.0665, AvgS=126.72, ProxLoss=0.0000
2026-03-19 01:59:25,392 - Server_DefaultID - INFO - Training client 30 (20/30)...
2026-03-19 01:59:30,866 - Server_DefaultID - INFO - Client 30: Acc=64.73, Loss=-342.2467, NLL=-1160.9992, KL=14.5073, AvgS=499.67, ProxLoss=0.0000
2026-03-19 01:59:30,867 - Server_DefaultID - INFO - Training client 98 (21/30)...
2026-03-19 01:59:32,767 - Server_DefaultID - INFO - Client 98: Acc=69.90, Loss=-341.9110, NLL=-1160.7193, KL=14.5052, AvgS=499.55, ProxLoss=0.0000
2026-03-19 01:59:32,767 - Server_DefaultID - INFO - Training client 86 (22/30)...
2026-03-19 01:59:35,796 - Server_DefaultID - INFO - Client 86: Acc=71.81, Loss=-341.4500, NLL=-1155.1848, KL=14.6952, AvgS=497.16, ProxLoss=0.0000
2026-03-19 01:59:35,796 - Server_DefaultID - INFO - Training client 53 (23/30)...
2026-03-19 01:59:44,010 - Server_DefaultID - INFO - Client 53: Acc=96.09, Loss=-343.2645, NLL=-1161.6068, KL=14.6060, AvgS=499.93, ProxLoss=0.0000
2026-03-19 01:59:44,010 - Server_DefaultID - INFO - Training client 91 (24/30)...
2026-03-19 01:59:45,865 - Server_DefaultID - INFO - Client 91: Acc=77.50, Loss=-342.3035, NLL=-1161.1927, KL=14.5092, AvgS=499.75, ProxLoss=0.0000
2026-03-19 01:59:45,865 - Server_DefaultID - INFO - Training client 32 (25/30)...
2026-03-19 01:59:50,619 - Server_DefaultID - INFO - Client 32: Acc=76.46, Loss=-344.2181, NLL=-1161.1802, KL=14.7183, AvgS=499.75, ProxLoss=0.0000
2026-03-19 01:59:50,619 - Server_DefaultID - INFO - Training client 58 (26/30)...
2026-03-19 01:59:55,292 - Server_DefaultID - INFO - Client 58: Acc=77.19, Loss=-342.7375, NLL=-1161.6729, KL=14.5680, AvgS=499.96, ProxLoss=0.0000
2026-03-19 01:59:55,292 - Server_DefaultID - INFO - Training client 9 (27/30)...
2026-03-19 02:00:00,443 - Server_DefaultID - INFO - Client 9: Acc=97.37, Loss=-342.8173, NLL=-1161.7362, KL=14.4433, AvgS=499.99, ProxLoss=0.0000
2026-03-19 02:00:00,443 - Server_DefaultID - INFO - Training client 41 (28/30)...
2026-03-19 02:00:07,415 - Server_DefaultID - INFO - Client 41: Acc=64.49, Loss=-343.1852, NLL=-1161.7234, KL=14.7081, AvgS=499.98, ProxLoss=0.0000
2026-03-19 02:00:07,415 - Server_DefaultID - INFO - Training client 72 (29/30)...
2026-03-19 02:00:11,587 - Server_DefaultID - INFO - Client 72: Acc=95.23, Loss=-343.2882, NLL=-1161.7145, KL=14.6851, AvgS=499.98, ProxLoss=0.0000
2026-03-19 02:00:11,588 - Server_DefaultID - INFO - Training client 59 (30/30)...
2026-03-19 02:00:21,425 - Server_DefaultID - INFO - Client 59: Acc=73.54, Loss=-343.9024, NLL=-1161.5879, KL=14.8485, AvgS=499.92, ProxLoss=0.0000
2026-03-19 02:00:23,299 - Server_DefaultID - WARNING - Global prior extremely imbalanced (max/min=1.0), applied adaptive smoothing lam=0.10.
2026-03-19 02:00:23,300 - Server_DefaultID - INFO - Round [19/200] Summary | Avg Client Train Stats:	Loss [-331.4077]	 Acc [79.44]	NLL [-1121.6573]	 KL [14.1267]	AvgS [482.71]	 ProxLoss [0.0000]
GlobalPriorAlpha (first 10): [5.0, 5.0, 5.0, 5.0, 5.0, 5.0, 5.0, 5.0, 5.0, 5.0]
Round Time: 173.61s
2026-03-19 02:00:23,303 - Server_DefaultID - INFO - --- Global Round 20/200 ---
2026-03-19 02:00:23,303 - Server_DefaultID - INFO - Selected 30 active clients for round 20.
2026-03-19 02:00:23,303 - Server_DefaultID - INFO - Training client 13 (1/30)...
2026-03-19 02:00:24,569 - Server_DefaultID - INFO - Client 13: Acc=60.00, Loss=-342.7908, NLL=-1160.6133, KL=14.7335, AvgS=499.50, ProxLoss=0.0000
2026-03-19 02:00:24,570 - Server_DefaultID - INFO - Training client 91 (2/30)...
2026-03-19 02:00:27,613 - Server_DefaultID - INFO - Client 91: Acc=79.58, Loss=-342.5516, NLL=-1161.5883, KL=14.5130, AvgS=499.92, ProxLoss=0.0000
2026-03-19 02:00:27,613 - Server_DefaultID - INFO - Training client 53 (3/30)...
2026-03-19 02:00:37,590 - Server_DefaultID - INFO - Client 53: Acc=95.81, Loss=-343.3854, NLL=-1161.6857, KL=14.6457, AvgS=499.96, ProxLoss=0.0000
2026-03-19 02:00:37,590 - Server_DefaultID - INFO - Training client 26 (4/30)...
2026-03-19 02:01:12,051 - Server_DefaultID - INFO - Client 26: Acc=94.25, Loss=-343.1078, NLL=-1161.7367, KL=14.6194, AvgS=499.99, ProxLoss=0.0000
2026-03-19 02:01:12,051 - Server_DefaultID - INFO - Training client 28 (5/30)...
2026-03-19 02:01:14,552 - Server_DefaultID - INFO - Client 28: Acc=46.56, Loss=-80.7539, NLL=-282.5425, KL=8.5820, AvgS=121.11, ProxLoss=0.0000
2026-03-19 02:01:14,553 - Server_DefaultID - INFO - Training client 7 (6/30)...
2026-03-19 02:01:28,121 - Server_DefaultID - INFO - Client 7: Acc=48.28, Loss=-344.0498, NLL=-1161.5571, KL=14.7545, AvgS=499.91, ProxLoss=0.0000
2026-03-19 02:01:28,122 - Server_DefaultID - INFO - Training client 49 (7/30)...
2026-03-19 02:01:40,994 - Server_DefaultID - INFO - Client 49: Acc=73.84, Loss=-343.6552, NLL=-1161.7418, KL=14.8947, AvgS=499.99, ProxLoss=0.0000
2026-03-19 02:01:40,994 - Server_DefaultID - INFO - Training client 58 (8/30)...
2026-03-19 02:01:49,743 - Server_DefaultID - INFO - Client 58: Acc=76.96, Loss=-342.6746, NLL=-1161.6045, KL=14.5673, AvgS=499.93, ProxLoss=0.0000
2026-03-19 02:01:49,743 - Server_DefaultID - INFO - Training client 86 (9/30)...
2026-03-19 02:01:56,756 - Server_DefaultID - INFO - Client 86: Acc=70.25, Loss=-343.7501, NLL=-1161.3489, KL=14.7466, AvgS=499.82, ProxLoss=0.0000
2026-03-19 02:01:56,756 - Server_DefaultID - INFO - Training client 46 (10/30)...
2026-03-19 02:02:06,031 - Server_DefaultID - INFO - Client 46: Acc=86.60, Loss=-343.1674, NLL=-1160.2653, KL=14.8495, AvgS=499.35, ProxLoss=0.0000
2026-03-19 02:02:06,031 - Server_DefaultID - INFO - Training client 80 (11/30)...
2026-03-19 02:02:07,311 - Server_DefaultID - INFO - Client 80: Acc=56.25, Loss=-118.1542, NLL=-404.6064, KL=9.9705, AvgS=173.49, ProxLoss=0.0000
2026-03-19 02:02:07,311 - Server_DefaultID - INFO - Training client 69 (12/30)...
2026-03-19 02:02:09,630 - Server_DefaultID - INFO - Client 69: Acc=29.06, Loss=-251.9830, NLL=-855.5018, KL=13.1397, AvgS=367.66, ProxLoss=0.0000
2026-03-19 02:02:09,631 - Server_DefaultID - INFO - Training client 67 (13/30)...
2026-03-19 02:02:15,950 - Server_DefaultID - INFO - Client 67: Acc=63.80, Loss=-344.7477, NLL=-1161.6654, KL=14.6416, AvgS=499.96, ProxLoss=0.0000
2026-03-19 02:02:15,950 - Server_DefaultID - INFO - Training client 20 (14/30)...
2026-03-19 02:02:22,487 - Server_DefaultID - INFO - Client 20: Acc=58.28, Loss=-346.2095, NLL=-1161.7183, KL=12.8997, AvgS=499.98, ProxLoss=0.0000
2026-03-19 02:02:22,487 - Server_DefaultID - INFO - Training client 8 (15/30)...
2026-03-19 02:02:24,926 - Server_DefaultID - INFO - Client 8: Acc=86.72, Loss=-343.8768, NLL=-1161.6711, KL=14.8224, AvgS=499.96, ProxLoss=0.0000
2026-03-19 02:02:24,926 - Server_DefaultID - INFO - Training client 59 (16/30)...
2026-03-19 02:02:34,199 - Server_DefaultID - INFO - Client 59: Acc=71.98, Loss=-343.9654, NLL=-1161.7069, KL=14.8285, AvgS=499.97, ProxLoss=0.0000
2026-03-19 02:02:34,199 - Server_DefaultID - INFO - Training client 79 (17/30)...
2026-03-19 02:02:40,776 - Server_DefaultID - INFO - Client 79: Acc=36.62, Loss=-276.1951, NLL=-948.0525, KL=13.5939, AvgS=407.63, ProxLoss=0.0000
2026-03-19 02:02:40,776 - Server_DefaultID - INFO - Training client 68 (18/30)...
2026-03-19 02:02:50,534 - Server_DefaultID - INFO - Client 68: Acc=75.62, Loss=-342.5181, NLL=-1161.6565, KL=14.5135, AvgS=499.95, ProxLoss=0.0000
2026-03-19 02:02:50,534 - Server_DefaultID - INFO - Training client 78 (19/30)...
2026-03-19 02:03:23,902 - Server_DefaultID - INFO - Client 78: Acc=91.51, Loss=-343.9461, NLL=-1161.7517, KL=14.7387, AvgS=499.99, ProxLoss=0.0000
2026-03-19 02:03:23,902 - Server_DefaultID - INFO - Training client 47 (20/30)...
2026-03-19 02:03:31,589 - Server_DefaultID - INFO - Client 47: Acc=50.94, Loss=-345.2713, NLL=-1161.7012, KL=14.1642, AvgS=499.97, ProxLoss=0.0000
2026-03-19 02:03:31,589 - Server_DefaultID - INFO - Training client 9 (21/30)...
2026-03-19 02:03:38,717 - Server_DefaultID - INFO - Client 9: Acc=97.41, Loss=-342.8572, NLL=-1161.7427, KL=14.4651, AvgS=499.99, ProxLoss=0.0000
2026-03-19 02:03:38,717 - Server_DefaultID - INFO - Training client 40 (22/30)...
2026-03-19 02:03:45,911 - Server_DefaultID - INFO - Client 40: Acc=61.35, Loss=-345.3375, NLL=-1161.5178, KL=14.0080, AvgS=499.89, ProxLoss=0.0000
2026-03-19 02:03:45,911 - Server_DefaultID - INFO - Training client 21 (23/30)...
2026-03-19 02:03:53,121 - Server_DefaultID - INFO - Client 21: Acc=53.79, Loss=-345.4535, NLL=-1161.6143, KL=14.0086, AvgS=499.93, ProxLoss=0.0000
2026-03-19 02:03:53,121 - Server_DefaultID - INFO - Training client 16 (24/30)...
2026-03-19 02:03:54,984 - Server_DefaultID - INFO - Client 16: Acc=68.28, Loss=-342.4940, NLL=-1160.0431, KL=14.7639, AvgS=499.26, ProxLoss=0.0000
2026-03-19 02:03:54,985 - Server_DefaultID - INFO - Training client 32 (25/30)...
2026-03-19 02:04:00,667 - Server_DefaultID - INFO - Client 32: Acc=77.71, Loss=-344.4871, NLL=-1161.6631, KL=14.7114, AvgS=499.95, ProxLoss=0.0000
2026-03-19 02:04:00,667 - Server_DefaultID - INFO - Training client 99 (26/30)...
2026-03-19 02:04:02,064 - Server_DefaultID - INFO - Client 99: Acc=46.56, Loss=-85.8145, NLL=-291.6434, KL=5.3117, AvgS=125.02, ProxLoss=0.0000
2026-03-19 02:04:02,065 - Server_DefaultID - INFO - Training client 30 (27/30)...
2026-03-19 02:04:13,270 - Server_DefaultID - INFO - Client 30: Acc=68.95, Loss=-342.4810, NLL=-1161.6726, KL=14.5137, AvgS=499.96, ProxLoss=0.0000
2026-03-19 02:04:13,270 - Server_DefaultID - INFO - Training client 57 (28/30)...
2026-03-19 02:04:47,446 - Server_DefaultID - INFO - Client 57: Acc=93.88, Loss=-343.6983, NLL=-1161.7636, KL=14.7900, AvgS=500.00, ProxLoss=0.0000
2026-03-19 02:04:47,446 - Server_DefaultID - INFO - Training client 50 (29/30)...
2026-03-19 02:05:20,900 - Server_DefaultID - INFO - Client 50: Acc=97.48, Loss=-342.8351, NLL=-1161.4998, KL=14.4558, AvgS=499.88, ProxLoss=0.0000
2026-03-19 02:05:20,900 - Server_DefaultID - INFO - Training client 34 (30/30)...
2026-03-19 02:05:23,674 - Server_DefaultID - INFO - Client 34: Acc=67.60, Loss=-343.7878, NLL=-1160.2530, KL=14.6189, AvgS=499.35, ProxLoss=0.0000
2026-03-19 02:05:26,417 - Server_DefaultID - WARNING - Global prior extremely imbalanced (max/min=1.0), applied adaptive smoothing lam=0.10.
2026-03-19 02:05:26,418 - Server_DefaultID - INFO - Round [20/200] Summary | Avg Client Train Stats:	Loss [-335.6552]	 Acc [78.30]	NLL [-1134.9595]	 KL [14.3787]	AvgS [488.43]	 ProxLoss [0.0000]
GlobalPriorAlpha (first 10): [5.0, 5.0, 5.0, 5.0, 5.0, 5.0, 5.0, 5.0, 5.0, 5.0]
Round Time: 303.11s
2026-03-19 02:05:26,418 - Server_DefaultID - INFO - --- Evaluating models at round 20 ---
2026-03-19 02:06:37,431 - Server_DefaultID - INFO - Global Model Evaluation (Round 20): 
  Avg Test Acc: 60.96%
  Avg Test Acc Softmax: 60.96%
  Avg Test Loss: -1016.6680
  Avg Test NLL: -1028.6283
  Avg Test KL (vs flat prior): 13.0794
  Avg Test S: 442.61
2026-03-19 02:07:51,732 - Server_DefaultID - INFO - Personalized Model Evaluation (Round 20): 
  Avg Test Acc: 64.72%
  Avg Test Acc Softmax: 64.72%
  Avg Test Loss: -1018.8463
  Avg Test NLL: -1030.7449
  Avg Test KL (vs flat prior): 13.0424
  Avg Test S: 443.53
2026-03-19 02:07:51,732 - Server_DefaultID - INFO - [Metric 1] Personalized Brier Score | Mean: 0.4934
2026-03-19 02:07:51,732 - Server_DefaultID - INFO - [Metric 1] Personalized ECE | Mean: 0.1435
2026-03-19 02:07:51,732 - Server_DefaultID - INFO - [OOD Eval] OOD AUC-ROC (Epistemic): 0.1227
2026-03-19 02:07:51,732 - Server_DefaultID - INFO - [Metric 4] OOD FPR@95%TPR: 0.9706
2026-03-19 02:07:54,226 - Server_DefaultID - INFO - --- Global Round 21/200 ---
2026-03-19 02:07:54,226 - Server_DefaultID - INFO - Selected 30 active clients for round 21.
2026-03-19 02:07:54,226 - Server_DefaultID - INFO - Training client 23 (1/30)...
2026-03-19 02:07:55,234 - Server_DefaultID - INFO - Client 23: Acc=74.24, Loss=-83.3439, NLL=-289.8904, KL=9.3852, AvgS=124.39, ProxLoss=0.0000
2026-03-19 02:07:55,234 - Server_DefaultID - INFO - Training client 31 (2/30)...
2026-03-19 02:08:01,263 - Server_DefaultID - INFO - Client 31: Acc=73.33, Loss=-343.6780, NLL=-1161.6581, KL=14.8838, AvgS=499.95, ProxLoss=0.0000
2026-03-19 02:08:01,263 - Server_DefaultID - INFO - Training client 54 (3/30)...
2026-03-19 02:08:02,602 - Server_DefaultID - INFO - Client 54: Acc=72.03, Loss=-83.8491, NLL=-293.3839, KL=9.0380, AvgS=125.86, ProxLoss=0.0000
2026-03-19 02:08:02,602 - Server_DefaultID - INFO - Training client 49 (4/30)...
2026-03-19 02:08:07,076 - Server_DefaultID - INFO - Client 49: Acc=75.85, Loss=-343.5425, NLL=-1161.6080, KL=14.8930, AvgS=499.93, ProxLoss=0.0000
2026-03-19 02:08:07,076 - Server_DefaultID - INFO - Training client 7 (5/30)...
2026-03-19 02:08:12,547 - Server_DefaultID - INFO - Client 7: Acc=48.65, Loss=-343.2592, NLL=-1160.0102, KL=14.7792, AvgS=499.24, ProxLoss=0.0000
2026-03-19 02:08:12,547 - Server_DefaultID - INFO - Training client 4 (6/30)...
2026-03-19 02:08:17,281 - Server_DefaultID - INFO - Client 4: Acc=67.29, Loss=-345.0224, NLL=-1160.5764, KL=14.0406, AvgS=499.48, ProxLoss=0.0000
2026-03-19 02:08:17,281 - Server_DefaultID - INFO - Training client 14 (7/30)...
2026-03-19 02:08:25,065 - Server_DefaultID - INFO - Client 14: Acc=67.88, Loss=-342.3536, NLL=-1161.4108, KL=14.5117, AvgS=499.85, ProxLoss=0.0000
2026-03-19 02:08:25,065 - Server_DefaultID - INFO - Training client 63 (8/30)...
2026-03-19 02:08:28,984 - Server_DefaultID - INFO - Client 63: Acc=60.69, Loss=-343.9425, NLL=-1161.6666, KL=14.8233, AvgS=499.96, ProxLoss=0.0000
2026-03-19 02:08:28,984 - Server_DefaultID - INFO - Training client 77 (9/30)...
2026-03-19 02:08:41,988 - Server_DefaultID - INFO - Client 77: Acc=90.54, Loss=-343.6352, NLL=-1161.6993, KL=14.8358, AvgS=499.97, ProxLoss=0.0000
2026-03-19 02:08:41,988 - Server_DefaultID - INFO - Training client 27 (10/30)...
2026-03-19 02:08:46,558 - Server_DefaultID - INFO - Client 27: Acc=46.46, Loss=-344.7133, NLL=-1161.3829, KL=14.3168, AvgS=499.83, ProxLoss=0.0000
2026-03-19 02:08:46,559 - Server_DefaultID - INFO - Training client 17 (11/30)...
2026-03-19 02:08:49,330 - Server_DefaultID - INFO - Client 17: Acc=80.16, Loss=-329.2885, NLL=-1111.9904, KL=14.2054, AvgS=478.51, ProxLoss=0.0000
2026-03-19 02:08:49,330 - Server_DefaultID - INFO - Training client 84 (12/30)...
2026-03-19 02:08:50,977 - Server_DefaultID - INFO - Client 84: Acc=52.45, Loss=-38.3126, NLL=-136.8406, KL=6.8150, AvgS=59.34, ProxLoss=0.0000
2026-03-19 02:08:50,977 - Server_DefaultID - INFO - Training client 44 (13/30)...
2026-03-19 02:09:03,761 - Server_DefaultID - INFO - Client 44: Acc=82.05, Loss=-343.3710, NLL=-1161.3394, KL=14.8483, AvgS=499.81, ProxLoss=0.0000
2026-03-19 02:09:03,761 - Server_DefaultID - INFO - Training client 15 (14/30)...
2026-03-19 02:09:07,572 - Server_DefaultID - INFO - Client 15: Acc=49.53, Loss=-324.7129, NLL=-1099.2741, KL=14.3110, AvgS=473.01, ProxLoss=0.0000
2026-03-19 02:09:07,572 - Server_DefaultID - INFO - Training client 50 (15/30)...
2026-03-19 02:09:34,341 - Server_DefaultID - INFO - Client 50: Acc=97.53, Loss=-342.8020, NLL=-1161.7677, KL=14.4301, AvgS=500.00, ProxLoss=0.0000
2026-03-19 02:09:34,341 - Server_DefaultID - INFO - Training client 51 (16/30)...
2026-03-19 02:09:37,515 - Server_DefaultID - INFO - Client 51: Acc=20.16, Loss=-240.5375, NLL=-814.4090, KL=11.3527, AvgS=350.01, ProxLoss=0.0000
2026-03-19 02:09:37,515 - Server_DefaultID - INFO - Training client 75 (17/30)...
2026-03-19 02:09:49,835 - Server_DefaultID - INFO - Client 75: Acc=86.99, Loss=-342.8865, NLL=-1161.7564, KL=14.6000, AvgS=499.99, ProxLoss=0.0000
2026-03-19 02:09:49,835 - Server_DefaultID - INFO - Training client 68 (18/30)...
2026-03-19 02:10:04,700 - Server_DefaultID - INFO - Client 68: Acc=75.90, Loss=-342.4723, NLL=-1161.6326, KL=14.5133, AvgS=499.94, ProxLoss=0.0000
2026-03-19 02:10:04,700 - Server_DefaultID - INFO - Training client 29 (19/30)...
2026-03-19 02:10:10,478 - Server_DefaultID - INFO - Client 29: Acc=78.59, Loss=-331.3846, NLL=-1126.9764, KL=14.7193, AvgS=484.97, ProxLoss=0.0000
2026-03-19 02:10:10,478 - Server_DefaultID - INFO - Training client 34 (20/30)...
2026-03-19 02:10:14,596 - Server_DefaultID - INFO - Client 34: Acc=70.52, Loss=-344.6176, NLL=-1160.9694, KL=14.5319, AvgS=499.65, ProxLoss=0.0000
2026-03-19 02:10:14,596 - Server_DefaultID - INFO - Training client 10 (21/30)...
2026-03-19 02:10:21,559 - Server_DefaultID - INFO - Client 10: Acc=32.89, Loss=-339.7282, NLL=-1147.9573, KL=13.6929, AvgS=494.03, ProxLoss=0.0000
2026-03-19 02:10:21,559 - Server_DefaultID - INFO - Training client 25 (22/30)...
2026-03-19 02:10:25,571 - Server_DefaultID - INFO - Client 25: Acc=53.28, Loss=-194.3765, NLL=-665.2824, KL=11.9211, AvgS=285.74, ProxLoss=0.0000
2026-03-19 02:10:25,572 - Server_DefaultID - INFO - Training client 33 (23/30)...
2026-03-19 02:10:36,066 - Server_DefaultID - INFO - Client 33: Acc=57.81, Loss=-345.2565, NLL=-1161.2219, KL=13.9394, AvgS=499.76, ProxLoss=0.0000
2026-03-19 02:10:36,067 - Server_DefaultID - INFO - Training client 18 (24/30)...
2026-03-19 02:10:56,593 - Server_DefaultID - INFO - Client 18: Acc=83.88, Loss=-344.0806, NLL=-1161.5775, KL=14.8024, AvgS=499.92, ProxLoss=0.0000
2026-03-19 02:10:56,593 - Server_DefaultID - INFO - Training client 96 (25/30)...
2026-03-19 02:11:11,134 - Server_DefaultID - INFO - Client 96: Acc=66.77, Loss=-343.7589, NLL=-1161.5174, KL=14.7687, AvgS=499.89, ProxLoss=0.0000
2026-03-19 02:11:11,134 - Server_DefaultID - INFO - Training client 62 (26/30)...
2026-03-19 02:11:14,073 - Server_DefaultID - INFO - Client 62: Acc=61.09, Loss=-114.7384, NLL=-396.4534, KL=10.1247, AvgS=169.88, ProxLoss=0.0000
2026-03-19 02:11:14,073 - Server_DefaultID - INFO - Training client 78 (27/30)...
2026-03-19 02:11:59,202 - Server_DefaultID - INFO - Client 78: Acc=91.95, Loss=-343.9726, NLL=-1161.7570, KL=14.7135, AvgS=499.99, ProxLoss=0.0000
2026-03-19 02:11:59,202 - Server_DefaultID - INFO - Training client 73 (28/30)...
2026-03-19 02:12:20,258 - Server_DefaultID - INFO - Client 73: Acc=80.82, Loss=-343.0909, NLL=-1161.5812, KL=14.6796, AvgS=499.92, ProxLoss=0.0000
2026-03-19 02:12:20,258 - Server_DefaultID - INFO - Training client 83 (29/30)...
2026-03-19 02:12:34,039 - Server_DefaultID - INFO - Client 83: Acc=99.72, Loss=-341.7079, NLL=-1161.7068, KL=13.7327, AvgS=499.97, ProxLoss=0.0000
2026-03-19 02:12:34,039 - Server_DefaultID - INFO - Training client 8 (30/30)...
2026-03-19 02:12:36,762 - Server_DefaultID - INFO - Client 8: Acc=86.41, Loss=-323.6641, NLL=-1097.0666, KL=14.4774, AvgS=472.06, ProxLoss=0.0000
2026-03-19 02:12:39,992 - Server_DefaultID - WARNING - Global prior extremely imbalanced (max/min=1.0), applied adaptive smoothing lam=0.10.
2026-03-19 02:12:39,993 - Server_DefaultID - INFO - Round [21/200] Summary | Avg Client Train Stats:	Loss [-333.0726]	 Acc [78.32]	NLL [-1126.8154]	 KL [14.3638]	AvgS [484.93]	 ProxLoss [0.0000]
GlobalPriorAlpha (first 10): [5.0, 5.0, 5.0, 5.0, 5.0, 5.0, 5.0, 5.0, 5.0, 5.0]
Round Time: 285.77s
2026-03-19 02:12:39,996 - Server_DefaultID - INFO - --- Global Round 22/200 ---
2026-03-19 02:12:39,997 - Server_DefaultID - INFO - Selected 30 active clients for round 22.
2026-03-19 02:12:39,998 - Server_DefaultID - INFO - Training client 80 (1/30)...
2026-03-19 02:12:41,838 - Server_DefaultID - INFO - Client 80: Acc=64.69, Loss=-137.5421, NLL=-469.6694, KL=10.6770, AvgS=201.42, ProxLoss=0.0000
2026-03-19 02:12:41,838 - Server_DefaultID - INFO - Training client 70 (2/30)...
2026-03-19 02:12:49,716 - Server_DefaultID - INFO - Client 70: Acc=75.94, Loss=-342.7979, NLL=-1161.4539, KL=14.6095, AvgS=499.86, ProxLoss=0.0000
2026-03-19 02:12:49,717 - Server_DefaultID - INFO - Training client 49 (3/30)...
2026-03-19 02:13:00,402 - Server_DefaultID - INFO - Client 49: Acc=76.65, Loss=-343.5877, NLL=-1161.7374, KL=14.8946, AvgS=499.99, ProxLoss=0.0000
2026-03-19 02:13:00,402 - Server_DefaultID - INFO - Training client 10 (4/30)...
2026-03-19 02:13:06,089 - Server_DefaultID - INFO - Client 10: Acc=35.08, Loss=-344.7178, NLL=-1160.2005, KL=13.7316, AvgS=499.32, ProxLoss=0.0000
2026-03-19 02:13:06,090 - Server_DefaultID - INFO - Training client 73 (5/30)...
2026-03-19 02:13:27,652 - Server_DefaultID - INFO - Client 73: Acc=81.20, Loss=-342.9829, NLL=-1161.6925, KL=14.6549, AvgS=499.97, ProxLoss=0.0000
2026-03-19 02:13:27,652 - Server_DefaultID - INFO - Training client 60 (6/30)...
2026-03-19 02:13:32,557 - Server_DefaultID - INFO - Client 60: Acc=60.21, Loss=-323.2273, NLL=-1100.2981, KL=14.3731, AvgS=473.44, ProxLoss=0.0000
2026-03-19 02:13:32,557 - Server_DefaultID - INFO - Training client 15 (7/30)...
2026-03-19 02:13:35,753 - Server_DefaultID - INFO - Client 15: Acc=50.62, Loss=-338.3853, NLL=-1144.6655, KL=14.5547, AvgS=492.61, ProxLoss=0.0000
2026-03-19 02:13:35,753 - Server_DefaultID - INFO - Training client 28 (8/30)...
2026-03-19 02:13:37,369 - Server_DefaultID - INFO - Client 28: Acc=47.81, Loss=-99.5664, NLL=-344.4597, KL=9.6523, AvgS=147.57, ProxLoss=0.0000
2026-03-19 02:13:37,369 - Server_DefaultID - INFO - Training client 36 (9/30)...
2026-03-19 02:14:11,585 - Server_DefaultID - INFO - Client 36: Acc=87.34, Loss=-342.7128, NLL=-1161.7624, KL=14.5442, AvgS=500.00, ProxLoss=0.0000
2026-03-19 02:14:11,585 - Server_DefaultID - INFO - Training client 69 (10/30)...
2026-03-19 02:14:14,553 - Server_DefaultID - INFO - Client 69: Acc=26.25, Loss=-299.3373, NLL=-1013.7214, KL=13.7558, AvgS=436.01, ProxLoss=0.0000
2026-03-19 02:14:14,553 - Server_DefaultID - INFO - Training client 16 (11/30)...
2026-03-19 02:14:17,236 - Server_DefaultID - INFO - Client 16: Acc=52.97, Loss=-318.4956, NLL=-1080.8572, KL=14.3638, AvgS=465.08, ProxLoss=0.0000
2026-03-19 02:14:17,236 - Server_DefaultID - INFO - Training client 54 (12/30)...
2026-03-19 02:14:21,401 - Server_DefaultID - INFO - Client 54: Acc=73.44, Loss=-120.1287, NLL=-415.9795, KL=10.3732, AvgS=178.37, ProxLoss=0.0000
2026-03-19 02:14:21,401 - Server_DefaultID - INFO - Training client 99 (13/30)...
2026-03-19 02:14:23,132 - Server_DefaultID - INFO - Client 99: Acc=45.62, Loss=-102.7189, NLL=-348.6028, KL=6.1535, AvgS=149.38, ProxLoss=0.0000
2026-03-19 02:14:23,132 - Server_DefaultID - INFO - Training client 67 (14/30)...
2026-03-19 02:14:33,098 - Server_DefaultID - INFO - Client 67: Acc=65.73, Loss=-344.7292, NLL=-1161.6974, KL=14.6423, AvgS=499.97, ProxLoss=0.0000
2026-03-19 02:14:33,098 - Server_DefaultID - INFO - Training client 61 (15/30)...
2026-03-19 02:14:39,703 - Server_DefaultID - INFO - Client 61: Acc=62.25, Loss=-345.7366, NLL=-1161.6299, KL=13.3147, AvgS=499.94, ProxLoss=0.0000
2026-03-19 02:14:39,703 - Server_DefaultID - INFO - Training client 5 (16/30)...
2026-03-19 02:14:41,214 - Server_DefaultID - INFO - Client 5: Acc=70.00, Loss=-318.2090, NLL=-1073.2346, KL=13.9376, AvgS=461.78, ProxLoss=0.0000
2026-03-19 02:14:41,215 - Server_DefaultID - INFO - Training client 39 (17/30)...
2026-03-19 02:15:04,668 - Server_DefaultID - INFO - Client 39: Acc=73.65, Loss=-343.8947, NLL=-1161.6158, KL=14.8485, AvgS=499.93, ProxLoss=0.0000
2026-03-19 02:15:04,668 - Server_DefaultID - INFO - Training client 13 (18/30)...
2026-03-19 02:15:06,735 - Server_DefaultID - INFO - Client 13: Acc=46.88, Loss=-315.4213, NLL=-1069.8695, KL=14.2451, AvgS=460.33, ProxLoss=0.0000
2026-03-19 02:15:06,735 - Server_DefaultID - INFO - Training client 0 (19/30)...
2026-03-19 02:15:08,718 - Server_DefaultID - INFO - Client 0: Acc=25.62, Loss=-313.3900, NLL=-1059.8539, KL=14.0832, AvgS=456.02, ProxLoss=0.0000
2026-03-19 02:15:08,718 - Server_DefaultID - INFO - Training client 27 (20/30)...
2026-03-19 02:15:13,076 - Server_DefaultID - INFO - Client 27: Acc=56.04, Loss=-344.7796, NLL=-1161.5516, KL=14.4560, AvgS=499.91, ProxLoss=0.0000
2026-03-19 02:15:13,076 - Server_DefaultID - INFO - Training client 82 (21/30)...
2026-03-19 02:15:19,893 - Server_DefaultID - INFO - Client 82: Acc=85.94, Loss=-343.1051, NLL=-1161.0563, KL=14.7453, AvgS=499.69, ProxLoss=0.0000
2026-03-19 02:15:19,893 - Server_DefaultID - INFO - Training client 4 (22/30)...
2026-03-19 02:15:30,317 - Server_DefaultID - INFO - Client 4: Acc=66.98, Loss=-345.4671, NLL=-1161.6993, KL=13.9608, AvgS=499.97, ProxLoss=0.0000
2026-03-19 02:15:30,317 - Server_DefaultID - INFO - Training client 25 (23/30)...
2026-03-19 02:15:33,328 - Server_DefaultID - INFO - Client 25: Acc=65.62, Loss=-237.3200, NLL=-810.3753, KL=12.8531, AvgS=348.29, ProxLoss=0.0000
2026-03-19 02:15:33,328 - Server_DefaultID - INFO - Training client 48 (24/30)...
2026-03-19 02:15:58,684 - Server_DefaultID - INFO - Client 48: Acc=86.75, Loss=-344.0047, NLL=-1161.7398, KL=14.8189, AvgS=499.99, ProxLoss=0.0000
2026-03-19 02:15:58,684 - Server_DefaultID - INFO - Training client 42 (25/30)...
2026-03-19 02:16:09,536 - Server_DefaultID - INFO - Client 42: Acc=90.73, Loss=-343.2478, NLL=-1160.1927, KL=14.7624, AvgS=499.32, ProxLoss=0.0000
2026-03-19 02:16:09,536 - Server_DefaultID - INFO - Training client 31 (26/30)...
2026-03-19 02:16:22,294 - Server_DefaultID - INFO - Client 31: Acc=74.69, Loss=-343.6367, NLL=-1161.6170, KL=14.8834, AvgS=499.93, ProxLoss=0.0000
2026-03-19 02:16:22,294 - Server_DefaultID - INFO - Training client 6 (27/30)...
2026-03-19 02:16:26,678 - Server_DefaultID - INFO - Client 6: Acc=59.38, Loss=-338.5062, NLL=-1148.5882, KL=14.6923, AvgS=494.31, ProxLoss=0.0000
2026-03-19 02:16:26,679 - Server_DefaultID - INFO - Training client 43 (28/30)...
2026-03-19 02:16:43,925 - Server_DefaultID - INFO - Client 43: Acc=74.32, Loss=-343.5849, NLL=-1161.7308, KL=14.8945, AvgS=499.98, ProxLoss=0.0000
2026-03-19 02:16:43,925 - Server_DefaultID - INFO - Training client 98 (29/30)...
2026-03-19 02:16:49,116 - Server_DefaultID - INFO - Client 98: Acc=72.08, Loss=-342.2063, NLL=-1161.2571, KL=14.5097, AvgS=499.78, ProxLoss=0.0000
2026-03-19 02:16:49,116 - Server_DefaultID - INFO - Training client 87 (30/30)...
2026-03-19 02:16:59,241 - Server_DefaultID - INFO - Client 87: Acc=46.65, Loss=-345.7744, NLL=-1161.7281, KL=13.5539, AvgS=499.98, ProxLoss=0.0000
2026-03-19 02:17:01,373 - Server_DefaultID - WARNING - Global prior extremely imbalanced (max/min=1.0), applied adaptive smoothing lam=0.10.
2026-03-19 02:17:01,374 - Server_DefaultID - INFO - Round [22/200] Summary | Avg Client Train Stats:	Loss [-331.0980]	 Acc [72.13]	NLL [-1119.5620]	 KL [14.3048]	AvgS [481.79]	 ProxLoss [0.0000]
GlobalPriorAlpha (first 10): [5.0, 5.0, 5.0, 5.0, 5.0, 5.0, 5.0, 5.0, 5.0, 5.0]
Round Time: 261.38s
2026-03-19 02:17:01,377 - Server_DefaultID - INFO - --- Global Round 23/200 ---
2026-03-19 02:17:01,377 - Server_DefaultID - INFO - Selected 30 active clients for round 23.
2026-03-19 02:17:01,377 - Server_DefaultID - INFO - Training client 82 (1/30)...
2026-03-19 02:17:09,010 - Server_DefaultID - INFO - Client 82: Acc=86.06, Loss=-343.4145, NLL=-1161.4227, KL=14.7984, AvgS=499.85, ProxLoss=0.0000
2026-03-19 02:17:09,010 - Server_DefaultID - INFO - Training client 78 (2/30)...
2026-03-19 02:17:54,050 - Server_DefaultID - INFO - Client 78: Acc=92.46, Loss=-343.8534, NLL=-1161.7503, KL=14.7507, AvgS=499.99, ProxLoss=0.0000
2026-03-19 02:17:54,050 - Server_DefaultID - INFO - Training client 49 (3/30)...
2026-03-19 02:18:05,379 - Server_DefaultID - INFO - Client 49: Acc=76.79, Loss=-343.5211, NLL=-1161.6305, KL=14.8933, AvgS=499.94, ProxLoss=0.0000
2026-03-19 02:18:05,379 - Server_DefaultID - INFO - Training client 75 (4/30)...
2026-03-19 02:18:18,637 - Server_DefaultID - INFO - Client 75: Acc=88.52, Loss=-342.8273, NLL=-1161.7237, KL=14.5723, AvgS=499.98, ProxLoss=0.0000
2026-03-19 02:18:18,637 - Server_DefaultID - INFO - Training client 38 (5/30)...
2026-03-19 02:18:21,814 - Server_DefaultID - INFO - Client 38: Acc=33.59, Loss=-300.1519, NLL=-1013.1892, KL=12.2316, AvgS=435.79, ProxLoss=0.0000
2026-03-19 02:18:21,815 - Server_DefaultID - INFO - Training client 91 (6/30)...
2026-03-19 02:18:26,913 - Server_DefaultID - INFO - Client 91: Acc=79.17, Loss=-341.8951, NLL=-1160.1846, KL=14.5030, AvgS=499.32, ProxLoss=0.0000
2026-03-19 02:18:26,913 - Server_DefaultID - INFO - Training client 41 (7/30)...
2026-03-19 02:18:39,332 - Server_DefaultID - INFO - Client 41: Acc=62.89, Loss=-343.0058, NLL=-1161.6081, KL=14.7047, AvgS=499.93, ProxLoss=0.0000
2026-03-19 02:18:39,332 - Server_DefaultID - INFO - Training client 5 (8/30)...
2026-03-19 02:18:41,216 - Server_DefaultID - INFO - Client 5: Acc=70.31, Loss=-331.2655, NLL=-1116.2815, KL=13.9729, AvgS=480.35, ProxLoss=0.0000
2026-03-19 02:18:41,216 - Server_DefaultID - INFO - Training client 86 (9/30)...
2026-03-19 02:18:50,083 - Server_DefaultID - INFO - Client 86: Acc=73.50, Loss=-343.6133, NLL=-1161.5402, KL=14.7312, AvgS=499.90, ProxLoss=0.0000
2026-03-19 02:18:50,083 - Server_DefaultID - INFO - Training client 88 (10/30)...
2026-03-19 02:19:00,839 - Server_DefaultID - INFO - Client 88: Acc=57.08, Loss=-344.6287, NLL=-1161.5043, KL=14.4596, AvgS=499.89, ProxLoss=0.0000
2026-03-19 02:19:00,839 - Server_DefaultID - INFO - Training client 93 (11/30)...
2026-03-19 02:19:03,927 - Server_DefaultID - INFO - Client 93: Acc=44.69, Loss=-328.3857, NLL=-1110.7036, KL=14.2479, AvgS=477.93, ProxLoss=0.0000
2026-03-19 02:19:03,928 - Server_DefaultID - INFO - Training client 9 (12/30)...
2026-03-19 02:19:14,931 - Server_DefaultID - INFO - Client 9: Acc=97.59, Loss=-342.4033, NLL=-1161.3907, KL=14.4137, AvgS=499.84, ProxLoss=0.0000
2026-03-19 02:19:14,931 - Server_DefaultID - INFO - Training client 43 (13/30)...
2026-03-19 02:19:33,558 - Server_DefaultID - INFO - Client 43: Acc=74.46, Loss=-343.5060, NLL=-1161.6695, KL=14.8937, AvgS=499.96, ProxLoss=0.0000
2026-03-19 02:19:33,558 - Server_DefaultID - INFO - Training client 13 (14/30)...
2026-03-19 02:19:35,292 - Server_DefaultID - INFO - Client 13: Acc=52.50, Loss=-325.3268, NLL=-1103.1517, KL=14.4613, AvgS=474.69, ProxLoss=0.0000
2026-03-19 02:19:35,292 - Server_DefaultID - INFO - Training client 71 (15/30)...
2026-03-19 02:19:38,500 - Server_DefaultID - INFO - Client 71: Acc=58.44, Loss=-152.4969, NLL=-522.0293, KL=11.1747, AvgS=223.89, ProxLoss=0.0000
2026-03-19 02:19:38,501 - Server_DefaultID - INFO - Training client 25 (16/30)...
2026-03-19 02:19:42,146 - Server_DefaultID - INFO - Client 25: Acc=95.00, Loss=-274.8483, NLL=-935.4155, KL=13.4754, AvgS=402.24, ProxLoss=0.0000
2026-03-19 02:19:42,146 - Server_DefaultID - INFO - Training client 19 (17/30)...
2026-03-19 02:20:05,500 - Server_DefaultID - INFO - Client 19: Acc=95.40, Loss=-342.3482, NLL=-1161.2317, KL=14.4834, AvgS=499.77, ProxLoss=0.0000
2026-03-19 02:20:05,500 - Server_DefaultID - INFO - Training client 92 (18/30)...
2026-03-19 02:20:11,671 - Server_DefaultID - INFO - Client 92: Acc=95.47, Loss=-343.7160, NLL=-1161.5654, KL=14.7078, AvgS=499.91, ProxLoss=0.0000
2026-03-19 02:20:11,672 - Server_DefaultID - INFO - Training client 40 (19/30)...
2026-03-19 02:20:22,933 - Server_DefaultID - INFO - Client 40: Acc=62.50, Loss=-345.4013, NLL=-1161.6886, KL=13.9556, AvgS=499.97, ProxLoss=0.0000
2026-03-19 02:20:22,933 - Server_DefaultID - INFO - Training client 60 (20/30)...
2026-03-19 02:20:28,767 - Server_DefaultID - INFO - Client 60: Acc=58.23, Loss=-339.9105, NLL=-1153.2984, KL=14.7118, AvgS=496.34, ProxLoss=0.0000
2026-03-19 02:20:28,767 - Server_DefaultID - INFO - Training client 59 (21/30)...
2026-03-19 02:20:43,542 - Server_DefaultID - INFO - Client 59: Acc=72.85, Loss=-343.7751, NLL=-1161.7169, KL=14.8443, AvgS=499.98, ProxLoss=0.0000
2026-03-19 02:20:43,542 - Server_DefaultID - INFO - Training client 14 (22/30)...
2026-03-19 02:20:58,386 - Server_DefaultID - INFO - Client 14: Acc=79.10, Loss=-342.4680, NLL=-1161.6675, KL=14.5139, AvgS=499.96, ProxLoss=0.0000
2026-03-19 02:20:58,386 - Server_DefaultID - INFO - Training client 28 (23/30)...
2026-03-19 02:21:00,161 - Server_DefaultID - INFO - Client 28: Acc=55.31, Loss=-118.2770, NLL=-407.6271, KL=10.2272, AvgS=174.67, ProxLoss=0.0000
2026-03-19 02:21:00,161 - Server_DefaultID - INFO - Training client 21 (24/30)...
2026-03-19 02:21:13,438 - Server_DefaultID - INFO - Client 21: Acc=52.46, Loss=-345.1182, NLL=-1161.3079, KL=14.1119, AvgS=499.80, ProxLoss=0.0000
2026-03-19 02:21:13,438 - Server_DefaultID - INFO - Training client 83 (25/30)...
2026-03-19 02:21:28,949 - Server_DefaultID - INFO - Client 83: Acc=99.72, Loss=-341.6205, NLL=-1161.7555, KL=13.7140, AvgS=499.99, ProxLoss=0.0000
2026-03-19 02:21:28,949 - Server_DefaultID - INFO - Training client 67 (26/30)...
2026-03-19 02:21:40,411 - Server_DefaultID - INFO - Client 67: Acc=68.33, Loss=-344.6621, NLL=-1161.6747, KL=14.6317, AvgS=499.96, ProxLoss=0.0000
2026-03-19 02:21:40,411 - Server_DefaultID - INFO - Training client 47 (27/30)...
2026-03-19 02:21:51,174 - Server_DefaultID - INFO - Client 47: Acc=52.19, Loss=-345.2339, NLL=-1161.6780, KL=14.0840, AvgS=499.96, ProxLoss=0.0000
2026-03-19 02:21:51,174 - Server_DefaultID - INFO - Training client 51 (28/30)...
2026-03-19 02:21:54,373 - Server_DefaultID - INFO - Client 51: Acc=39.06, Loss=-276.4267, NLL=-933.3956, KL=12.0318, AvgS=401.36, ProxLoss=0.0000
2026-03-19 02:21:54,373 - Server_DefaultID - INFO - Training client 6 (29/30)...
2026-03-19 02:21:58,956 - Server_DefaultID - INFO - Client 6: Acc=58.12, Loss=-342.6348, NLL=-1159.6469, KL=14.7528, AvgS=499.08, ProxLoss=0.0000
2026-03-19 02:21:58,956 - Server_DefaultID - INFO - Training client 64 (30/30)...
2026-03-19 02:22:00,964 - Server_DefaultID - INFO - Client 64: Acc=67.19, Loss=-136.5706, NLL=-468.2269, KL=10.9242, AvgS=200.78, ProxLoss=0.0000
2026-03-19 02:22:02,757 - Server_DefaultID - WARNING - Global prior extremely imbalanced (max/min=1.0), applied adaptive smoothing lam=0.10.
2026-03-19 02:22:02,759 - Server_DefaultID - INFO - Round [23/200] Summary | Avg Client Train Stats:	Loss [-334.2808]	 Acc [77.16]	NLL [-1130.8291]	 KL [14.3522]	AvgS [486.65]	 ProxLoss [0.0000]
GlobalPriorAlpha (first 10): [5.0, 5.0, 5.0, 5.0, 5.0, 5.0, 5.0, 5.0, 5.0, 5.0]
Round Time: 301.38s
2026-03-19 02:22:02,761 - Server_DefaultID - INFO - --- Global Round 24/200 ---
2026-03-19 02:22:02,762 - Server_DefaultID - INFO - Selected 30 active clients for round 24.
2026-03-19 02:22:02,762 - Server_DefaultID - INFO - Training client 11 (1/30)...
2026-03-19 02:22:13,697 - Server_DefaultID - INFO - Client 11: Acc=87.14, Loss=-341.4413, NLL=-1155.8946, KL=14.7829, AvgS=497.46, ProxLoss=0.0000
2026-03-19 02:22:13,697 - Server_DefaultID - INFO - Training client 85 (2/30)...
2026-03-19 02:22:34,597 - Server_DefaultID - INFO - Client 85: Acc=99.74, Loss=-341.5624, NLL=-1161.7182, KL=13.7201, AvgS=499.98, ProxLoss=0.0000
2026-03-19 02:22:34,597 - Server_DefaultID - INFO - Training client 29 (3/30)...
2026-03-19 02:22:43,000 - Server_DefaultID - INFO - Client 29: Acc=81.33, Loss=-342.6487, NLL=-1159.8446, KL=14.8760, AvgS=499.17, ProxLoss=0.0000
2026-03-19 02:22:43,000 - Server_DefaultID - INFO - Training client 6 (4/30)...
2026-03-19 02:22:47,678 - Server_DefaultID - INFO - Client 6: Acc=60.52, Loss=-343.3102, NLL=-1161.2524, KL=14.8036, AvgS=499.78, ProxLoss=0.0000
2026-03-19 02:22:47,678 - Server_DefaultID - INFO - Training client 43 (5/30)...
2026-03-19 02:23:03,787 - Server_DefaultID - INFO - Client 43: Acc=76.02, Loss=-343.5053, NLL=-1161.7081, KL=14.8942, AvgS=499.97, ProxLoss=0.0000
2026-03-19 02:23:03,787 - Server_DefaultID - INFO - Training client 62 (6/30)...
2026-03-19 02:23:06,654 - Server_DefaultID - INFO - Client 62: Acc=65.78, Loss=-151.3009, NLL=-519.4457, KL=11.0591, AvgS=222.77, ProxLoss=0.0000
2026-03-19 02:23:06,654 - Server_DefaultID - INFO - Training client 33 (7/30)...
2026-03-19 02:23:18,401 - Server_DefaultID - INFO - Client 33: Acc=57.46, Loss=-345.3011, NLL=-1161.5603, KL=13.9122, AvgS=499.91, ProxLoss=0.0000
2026-03-19 02:23:18,401 - Server_DefaultID - INFO - Training client 60 (8/30)...
2026-03-19 02:23:23,175 - Server_DefaultID - INFO - Client 60: Acc=61.04, Loss=-342.1318, NLL=-1159.4803, KL=14.6439, AvgS=499.01, ProxLoss=0.0000
2026-03-19 02:23:23,176 - Server_DefaultID - INFO - Training client 84 (9/30)...
2026-03-19 02:23:24,766 - Server_DefaultID - INFO - Client 84: Acc=43.02, Loss=-52.8992, NLL=-187.1688, KL=7.6611, AvgS=80.49, ProxLoss=0.0000
2026-03-19 02:23:24,766 - Server_DefaultID - INFO - Training client 28 (10/30)...
2026-03-19 02:23:26,788 - Server_DefaultID - INFO - Client 28: Acc=46.25, Loss=-137.3608, NLL=-472.6922, KL=10.7405, AvgS=202.61, ProxLoss=0.0000
2026-03-19 02:23:26,789 - Server_DefaultID - INFO - Training client 92 (11/30)...
2026-03-19 02:23:32,702 - Server_DefaultID - INFO - Client 92: Acc=95.23, Loss=-343.8545, NLL=-1161.7130, KL=14.7768, AvgS=499.98, ProxLoss=0.0000
2026-03-19 02:23:32,702 - Server_DefaultID - INFO - Training client 16 (12/30)...
2026-03-19 02:23:36,041 - Server_DefaultID - INFO - Client 16: Acc=56.41, Loss=-336.9720, NLL=-1143.6627, KL=14.7791, AvgS=492.18, ProxLoss=0.0000
2026-03-19 02:23:36,041 - Server_DefaultID - INFO - Training client 67 (13/30)...
2026-03-19 02:23:45,327 - Server_DefaultID - INFO - Client 67: Acc=67.71, Loss=-344.6230, NLL=-1161.7021, KL=14.6603, AvgS=499.97, ProxLoss=0.0000
2026-03-19 02:23:45,327 - Server_DefaultID - INFO - Training client 96 (14/30)...
2026-03-19 02:24:00,572 - Server_DefaultID - INFO - Client 96: Acc=69.69, Loss=-343.6605, NLL=-1161.6032, KL=14.7067, AvgS=499.93, ProxLoss=0.0000
2026-03-19 02:24:00,572 - Server_DefaultID - INFO - Training client 74 (15/30)...
2026-03-19 02:24:06,731 - Server_DefaultID - INFO - Client 74: Acc=49.53, Loss=-343.3212, NLL=-1160.5127, KL=14.8175, AvgS=499.46, ProxLoss=0.0000
2026-03-19 02:24:06,731 - Server_DefaultID - INFO - Training client 23 (16/30)...
2026-03-19 02:24:08,493 - Server_DefaultID - INFO - Client 23: Acc=70.17, Loss=-99.6540, NLL=-345.9761, KL=9.9764, AvgS=148.37, ProxLoss=0.0000
2026-03-19 02:24:08,493 - Server_DefaultID - INFO - Training client 39 (17/30)...
2026-03-19 02:24:32,393 - Server_DefaultID - INFO - Client 39: Acc=72.69, Loss=-343.8459, NLL=-1161.7346, KL=14.8387, AvgS=499.98, ProxLoss=0.0000
2026-03-19 02:24:32,393 - Server_DefaultID - INFO - Training client 4 (18/30)...
2026-03-19 02:24:40,961 - Server_DefaultID - INFO - Client 4: Acc=68.59, Loss=-345.4529, NLL=-1161.7126, KL=13.9687, AvgS=499.98, ProxLoss=0.0000
2026-03-19 02:24:40,961 - Server_DefaultID - INFO - Training client 93 (19/30)...
2026-03-19 02:24:45,249 - Server_DefaultID - INFO - Client 93: Acc=49.22, Loss=-337.5646, NLL=-1140.7704, KL=14.4376, AvgS=490.93, ProxLoss=0.0000
2026-03-19 02:24:45,249 - Server_DefaultID - INFO - Training client 73 (20/30)...
2026-03-19 02:25:06,422 - Server_DefaultID - INFO - Client 73: Acc=80.99, Loss=-342.9868, NLL=-1161.6663, KL=14.6915, AvgS=499.96, ProxLoss=0.0000
2026-03-19 02:25:06,423 - Server_DefaultID - INFO - Training client 79 (21/30)...
2026-03-19 02:25:14,477 - Server_DefaultID - INFO - Client 79: Acc=94.19, Loss=-340.3163, NLL=-1156.8600, KL=14.4825, AvgS=497.88, ProxLoss=0.0000
2026-03-19 02:25:14,477 - Server_DefaultID - INFO - Training client 66 (22/30)...
2026-03-19 02:25:24,426 - Server_DefaultID - INFO - Client 66: Acc=88.12, Loss=-343.2535, NLL=-1161.3953, KL=14.8155, AvgS=499.84, ProxLoss=0.0000
2026-03-19 02:25:24,427 - Server_DefaultID - INFO - Training client 24 (23/30)...
2026-03-19 02:25:26,167 - Server_DefaultID - INFO - Client 24: Acc=53.12, Loss=-104.2085, NLL=-354.9457, KL=8.0553, AvgS=152.16, ProxLoss=0.0000
2026-03-19 02:25:26,167 - Server_DefaultID - INFO - Training client 51 (24/30)...
2026-03-19 02:25:28,683 - Server_DefaultID - INFO - Client 51: Acc=42.50, Loss=-306.2722, NLL=-1033.4910, KL=12.5106, AvgS=444.59, ProxLoss=0.0000
2026-03-19 02:25:28,684 - Server_DefaultID - INFO - Training client 83 (25/30)...
2026-03-19 02:25:45,583 - Server_DefaultID - INFO - Client 83: Acc=99.69, Loss=-341.5732, NLL=-1161.6684, KL=13.7514, AvgS=499.96, ProxLoss=0.0000
2026-03-19 02:25:45,584 - Server_DefaultID - INFO - Training client 89 (26/30)...
