2026-03-19 00:42:02,986 - Server_DefaultID - INFO - Server model moved to device: cuda:0
2026-03-19 00:43:04,909 - Server_DefaultID - INFO - Starting Optimized FedUG Training Process
2026-03-19 00:43:04,909 - Server_DefaultID - INFO - --- Global Round 1/200 ---
2026-03-19 00:43:04,909 - Server_DefaultID - INFO - Selected 30 active clients for round 1.
2026-03-19 00:43:04,909 - Server_DefaultID - INFO - Training client 35 (1/30)...
2026-03-19 00:43:07,237 - Server_DefaultID - INFO - Client 35: Acc=60.00, Loss=-38.1949, NLL=-134.8492, KL=4.6495, AvgS=58.74, ProxLoss=0.0000
2026-03-19 00:43:07,238 - Server_DefaultID - INFO - Training client 87 (2/30)...
2026-03-19 00:43:09,403 - Server_DefaultID - INFO - Client 87: Acc=31.61, Loss=-109.8513, NLL=-377.6401, KL=8.8615, AvgS=161.79, ProxLoss=0.0000
2026-03-19 00:43:09,403 - Server_DefaultID - INFO - Training client 38 (3/30)...
2026-03-19 00:43:11,201 - Server_DefaultID - INFO - Client 38: Acc=50.31, Loss=-24.8545, NLL=-88.3302, KL=3.2299, AvgS=39.31, ProxLoss=0.0000
2026-03-19 00:43:11,201 - Server_DefaultID - INFO - Training client 74 (4/30)...
2026-03-19 00:43:12,611 - Server_DefaultID - INFO - Client 74: Acc=62.27, Loss=-54.9746, NLL=-192.9213, KL=6.0332, AvgS=83.00, ProxLoss=0.0000
2026-03-19 00:43:12,612 - Server_DefaultID - INFO - Training client 17 (5/30)...
2026-03-19 00:43:13,438 - Server_DefaultID - INFO - Client 17: Acc=62.19, Loss=-23.6578, NLL=-84.8110, KL=3.0337, AvgS=37.75, ProxLoss=0.0000
2026-03-19 00:43:13,439 - Server_DefaultID - INFO - Training client 10 (6/30)...
2026-03-19 00:43:14,985 - Server_DefaultID - INFO - Client 10: Acc=45.62, Loss=-52.5567, NLL=-183.9179, KL=5.8413, AvgS=79.21, ProxLoss=0.0000
2026-03-19 00:43:14,985 - Server_DefaultID - INFO - Training client 43 (7/30)...
2026-03-19 00:43:18,523 - Server_DefaultID - INFO - Client 43: Acc=56.53, Loss=-198.7919, NLL=-680.7362, KL=11.5015, AvgS=292.23, ProxLoss=0.0000
2026-03-19 00:43:18,523 - Server_DefaultID - INFO - Training client 91 (8/30)...
2026-03-19 00:43:19,642 - Server_DefaultID - INFO - Client 91: Acc=74.79, Loss=-37.0496, NLL=-132.7227, KL=4.6345, AvgS=57.74, ProxLoss=0.0000
2026-03-19 00:43:19,642 - Server_DefaultID - INFO - Training client 93 (9/30)...
2026-03-19 00:43:20,558 - Server_DefaultID - INFO - Client 93: Acc=44.38, Loss=-23.8832, NLL=-85.9960, KL=3.1083, AvgS=38.12, ProxLoss=0.0000
2026-03-19 00:43:20,558 - Server_DefaultID - INFO - Training client 20 (10/30)...
2026-03-19 00:43:22,432 - Server_DefaultID - INFO - Client 20: Acc=55.52, Loss=-93.1516, NLL=-318.7356, KL=8.1476, AvgS=136.65, ProxLoss=0.0000
2026-03-19 00:43:22,432 - Server_DefaultID - INFO - Training client 21 (11/30)...
2026-03-19 00:43:25,115 - Server_DefaultID - INFO - Client 21: Acc=27.42, Loss=-130.4871, NLL=-447.2465, KL=9.5671, AvgS=191.69, ProxLoss=0.0000
2026-03-19 00:43:25,115 - Server_DefaultID - INFO - Training client 26 (12/30)...
2026-03-19 00:43:30,171 - Server_DefaultID - INFO - Client 26: Acc=82.15, Loss=-323.2412, NLL=-1104.5495, KL=13.7205, AvgS=475.27, ProxLoss=0.0000
2026-03-19 00:43:30,171 - Server_DefaultID - INFO - Training client 83 (13/30)...
2026-03-19 00:43:33,137 - Server_DefaultID - INFO - Client 83: Acc=4.38, Loss=-165.3037, NLL=-578.5605, KL=10.6384, AvgS=248.20, ProxLoss=0.0000
2026-03-19 00:43:33,138 - Server_DefaultID - INFO - Training client 39 (14/30)...
2026-03-19 00:43:37,430 - Server_DefaultID - INFO - Client 39: Acc=58.77, Loss=-303.9551, NLL=-1036.1119, KL=13.4080, AvgS=445.71, ProxLoss=0.0000
2026-03-19 00:43:37,430 - Server_DefaultID - INFO - Training client 30 (15/30)...
2026-03-19 00:43:39,872 - Server_DefaultID - INFO - Client 30: Acc=76.76, Loss=-128.1932, NLL=-445.9291, KL=9.5927, AvgS=191.25, ProxLoss=0.0000
2026-03-19 00:43:39,872 - Server_DefaultID - INFO - Training client 68 (16/30)...
2026-03-19 00:43:43,699 - Server_DefaultID - INFO - Client 68: Acc=69.41, Loss=-139.7869, NLL=-487.1267, KL=9.9929, AvgS=208.88, ProxLoss=0.0000
2026-03-19 00:43:43,699 - Server_DefaultID - INFO - Training client 34 (17/30)...
2026-03-19 00:43:44,761 - Server_DefaultID - INFO - Client 34: Acc=66.56, Loss=-35.5780, NLL=-126.1784, KL=4.4136, AvgS=54.87, ProxLoss=0.0000
2026-03-19 00:43:44,761 - Server_DefaultID - INFO - Training client 18 (18/30)...
2026-03-19 00:43:49,596 - Server_DefaultID - INFO - Client 18: Acc=47.00, Loss=-302.5025, NLL=-1031.3239, KL=13.3919, AvgS=443.62, ProxLoss=0.0000
2026-03-19 00:43:49,596 - Server_DefaultID - INFO - Training client 69 (19/30)...
2026-03-19 00:43:50,384 - Server_DefaultID - INFO - Client 69: Acc=34.53, Loss=-23.3397, NLL=-84.0823, KL=2.9969, AvgS=37.31, ProxLoss=0.0000
2026-03-19 00:43:50,384 - Server_DefaultID - INFO - Training client 52 (20/30)...
2026-03-19 00:43:51,371 - Server_DefaultID - INFO - Client 52: Acc=69.69, Loss=-37.3798, NLL=-132.5784, KL=4.5632, AvgS=57.73, ProxLoss=0.0000
2026-03-19 00:43:51,371 - Server_DefaultID - INFO - Training client 57 (21/30)...
2026-03-19 00:43:56,229 - Server_DefaultID - INFO - Client 57: Acc=88.20, Loss=-331.4108, NLL=-1130.4391, KL=13.8326, AvgS=486.46, ProxLoss=0.0000
2026-03-19 00:43:56,229 - Server_DefaultID - INFO - Training client 13 (22/30)...
2026-03-19 00:43:56,750 - Server_DefaultID - INFO - Client 13: Acc=43.44, Loss=-13.0816, NLL=-48.9854, KL=1.5302, AvgS=22.98, ProxLoss=0.0000
2026-03-19 00:43:56,750 - Server_DefaultID - INFO - Training client 89 (23/30)...
2026-03-19 00:44:00,727 - Server_DefaultID - INFO - Client 89: Acc=54.78, Loss=-278.1278, NLL=-953.8258, KL=13.0304, AvgS=410.12, ProxLoss=0.0000
2026-03-19 00:44:00,727 - Server_DefaultID - INFO - Training client 75 (24/30)...
2026-03-19 00:44:03,079 - Server_DefaultID - INFO - Client 75: Acc=68.05, Loss=-129.7427, NLL=-452.7185, KL=9.6765, AvgS=194.12, ProxLoss=0.0000
2026-03-19 00:44:03,079 - Server_DefaultID - INFO - Training client 71 (25/30)...
2026-03-19 00:44:03,793 - Server_DefaultID - INFO - Client 71: Acc=69.84, Loss=-26.0651, NLL=-92.1243, KL=3.4280, AvgS=40.98, ProxLoss=0.0000
2026-03-19 00:44:03,793 - Server_DefaultID - INFO - Training client 8 (26/30)...
2026-03-19 00:44:04,634 - Server_DefaultID - INFO - Client 8: Acc=62.19, Loss=-24.3955, NLL=-87.8040, KL=3.0676, AvgS=38.93, ProxLoss=0.0000
2026-03-19 00:44:04,634 - Server_DefaultID - INFO - Training client 51 (27/30)...
2026-03-19 00:44:05,421 - Server_DefaultID - INFO - Client 51: Acc=37.50, Loss=-23.7852, NLL=-85.2853, KL=3.0411, AvgS=37.90, ProxLoss=0.0000
2026-03-19 00:44:05,421 - Server_DefaultID - INFO - Training client 60 (28/30)...
2026-03-19 00:44:06,484 - Server_DefaultID - INFO - Client 60: Acc=58.65, Loss=-33.7981, NLL=-121.7860, KL=4.2052, AvgS=53.03, ProxLoss=0.0000
2026-03-19 00:44:06,484 - Server_DefaultID - INFO - Training client 19 (29/30)...
2026-03-19 00:44:10,750 - Server_DefaultID - INFO - Client 19: Acc=36.47, Loss=-257.8461, NLL=-887.1623, KL=12.5316, AvgS=381.38, ProxLoss=0.0000
2026-03-19 00:44:10,750 - Server_DefaultID - INFO - Training client 47 (30/30)...
2026-03-19 00:44:12,645 - Server_DefaultID - INFO - Client 47: Acc=32.55, Loss=-86.9479, NLL=-301.7195, KL=7.8442, AvgS=129.32, ProxLoss=0.0000
2026-03-19 00:44:13,002 - Server_DefaultID - WARNING - Global prior extremely imbalanced (max/min=1.1), applied adaptive smoothing lam=0.11.
2026-03-19 00:44:13,003 - Server_DefaultID - INFO - Round [1/200] Summary | Avg Client Train Stats:	Loss [-186.8266]	 Acc [55.81]	NLL [-641.6359]	 KL [10.1335]	AvgS [275.95]	 ProxLoss [0.0000]
GlobalPriorAlpha (first 10): [5.009799957275391, 5.00439977645874, 4.973199844360352, 4.980400085449219, 4.900899887084961, 4.9496002197265625, 5.132999897003174, 4.9756999015808105, 5.046599864959717, 5.026400089263916]
Round Time: 68.09s
2026-03-19 00:44:13,007 - Server_DefaultID - INFO - --- Global Round 2/200 ---
2026-03-19 00:44:13,008 - Server_DefaultID - INFO - Selected 30 active clients for round 2.
2026-03-19 00:44:13,008 - Server_DefaultID - INFO - Training client 77 (1/30)...
2026-03-19 00:44:18,360 - Server_DefaultID - INFO - Client 77: Acc=62.56, Loss=-284.4298, NLL=-973.3282, KL=13.0930, AvgS=418.57, ProxLoss=0.0000
2026-03-19 00:44:18,361 - Server_DefaultID - INFO - Training client 28 (2/30)...
2026-03-19 00:44:18,900 - Server_DefaultID - INFO - Client 28: Acc=51.56, Loss=-13.6363, NLL=-50.4573, KL=1.6199, AvgS=23.66, ProxLoss=0.0000
2026-03-19 00:44:18,900 - Server_DefaultID - INFO - Training client 14 (3/30)...
2026-03-19 00:44:21,721 - Server_DefaultID - INFO - Client 14: Acc=72.67, Loss=-146.5088, NLL=-507.6149, KL=10.1908, AvgS=217.68, ProxLoss=0.0000
2026-03-19 00:44:21,722 - Server_DefaultID - INFO - Training client 51 (4/30)...
2026-03-19 00:44:22,634 - Server_DefaultID - INFO - Client 51: Acc=43.75, Loss=-51.7116, NLL=-179.1547, KL=5.7349, AvgS=77.15, ProxLoss=0.0000
2026-03-19 00:44:22,634 - Server_DefaultID - INFO - Training client 85 (5/30)...
2026-03-19 00:44:25,992 - Server_DefaultID - INFO - Client 85: Acc=13.41, Loss=-205.5803, NLL=-713.9189, KL=11.5426, AvgS=306.59, ProxLoss=0.0000
2026-03-19 00:44:25,992 - Server_DefaultID - INFO - Training client 60 (6/30)...
2026-03-19 00:44:27,025 - Server_DefaultID - INFO - Client 60: Acc=42.81, Loss=-76.0438, NLL=-266.4409, KL=7.2649, AvgS=114.24, ProxLoss=0.0000
2026-03-19 00:44:27,025 - Server_DefaultID - INFO - Training client 33 (7/30)...
2026-03-19 00:44:29,290 - Server_DefaultID - INFO - Client 33: Acc=33.66, Loss=-107.2581, NLL=-369.6769, KL=8.7779, AvgS=158.37, ProxLoss=0.0000
2026-03-19 00:44:29,290 - Server_DefaultID - INFO - Training client 23 (8/30)...
2026-03-19 00:44:29,778 - Server_DefaultID - INFO - Client 23: Acc=72.20, Loss=-14.4054, NLL=-52.2038, KL=1.8549, AvgS=24.64, ProxLoss=0.0000
2026-03-19 00:44:29,778 - Server_DefaultID - INFO - Training client 88 (9/30)...
2026-03-19 00:44:31,708 - Server_DefaultID - INFO - Client 88: Acc=44.27, Loss=-89.1813, NLL=-308.7024, KL=7.9099, AvgS=132.31, ProxLoss=0.0000
2026-03-19 00:44:31,708 - Server_DefaultID - INFO - Training client 81 (10/30)...
2026-03-19 00:44:33,791 - Server_DefaultID - INFO - Client 81: Acc=30.00, Loss=-108.2688, NLL=-375.7160, KL=8.8449, AvgS=160.94, ProxLoss=0.0000
2026-03-19 00:44:33,791 - Server_DefaultID - INFO - Training client 6 (11/30)...
2026-03-19 00:44:34,926 - Server_DefaultID - INFO - Client 6: Acc=70.94, Loss=-37.0262, NLL=-132.1576, KL=4.5654, AvgS=57.57, ProxLoss=0.0000
2026-03-19 00:44:34,927 - Server_DefaultID - INFO - Training client 97 (12/30)...
2026-03-19 00:44:41,996 - Server_DefaultID - INFO - Client 97: Acc=99.56, Loss=-342.3843, NLL=-1161.2311, KL=13.9615, AvgS=499.77, ProxLoss=0.0000
2026-03-19 00:44:41,996 - Server_DefaultID - INFO - Training client 34 (13/30)...
2026-03-19 00:44:43,003 - Server_DefaultID - INFO - Client 34: Acc=52.40, Loss=-82.3087, NLL=-284.5650, KL=7.6492, AvgS=121.94, ProxLoss=0.0000
2026-03-19 00:44:43,003 - Server_DefaultID - INFO - Training client 93 (14/30)...
2026-03-19 00:44:43,850 - Server_DefaultID - INFO - Client 93: Acc=39.53, Loss=-50.7692, NLL=-177.8199, KL=5.6557, AvgS=76.56, ProxLoss=0.0000
2026-03-19 00:44:43,851 - Server_DefaultID - INFO - Training client 98 (15/30)...
2026-03-19 00:44:44,916 - Server_DefaultID - INFO - Client 98: Acc=75.42, Loss=-36.7201, NLL=-132.2102, KL=4.5226, AvgS=57.65, ProxLoss=0.0000
2026-03-19 00:44:44,917 - Server_DefaultID - INFO - Training client 32 (16/30)...
2026-03-19 00:44:46,939 - Server_DefaultID - INFO - Client 32: Acc=60.57, Loss=-90.0425, NLL=-312.2726, KL=7.9864, AvgS=133.88, ProxLoss=0.0000
2026-03-19 00:44:46,939 - Server_DefaultID - INFO - Training client 68 (17/30)...
2026-03-19 00:44:50,824 - Server_DefaultID - INFO - Client 68: Acc=44.76, Loss=-329.0842, NLL=-1122.9563, KL=13.8049, AvgS=483.22, ProxLoss=0.0000
2026-03-19 00:44:50,824 - Server_DefaultID - INFO - Training client 21 (18/30)...
2026-03-19 00:44:53,428 - Server_DefaultID - INFO - Client 21: Acc=23.44, Loss=-314.6242, NLL=-1065.4469, KL=13.5485, AvgS=458.36, ProxLoss=0.0000
2026-03-19 00:44:53,429 - Server_DefaultID - INFO - Training client 82 (19/30)...
2026-03-19 00:44:55,020 - Server_DefaultID - INFO - Client 82: Acc=70.81, Loss=-68.9251, NLL=-242.4300, KL=6.8978, AvgS=104.01, ProxLoss=0.0000
2026-03-19 00:44:55,020 - Server_DefaultID - INFO - Training client 73 (20/30)...
2026-03-19 00:44:59,103 - Server_DefaultID - INFO - Client 73: Acc=67.50, Loss=-261.7195, NLL=-894.7562, KL=12.7273, AvgS=384.63, ProxLoss=0.0000
2026-03-19 00:44:59,103 - Server_DefaultID - INFO - Training client 26 (21/30)...
2026-03-19 00:45:04,259 - Server_DefaultID - INFO - Client 26: Acc=94.26, Loss=-343.7077, NLL=-1161.4022, KL=13.9622, AvgS=499.84, ProxLoss=0.0000
2026-03-19 00:45:04,259 - Server_DefaultID - INFO - Training client 46 (22/30)...
2026-03-19 00:45:06,623 - Server_DefaultID - INFO - Client 46: Acc=52.73, Loss=-124.3817, NLL=-430.4985, KL=9.4340, AvgS=184.49, ProxLoss=0.0000
2026-03-19 00:45:06,623 - Server_DefaultID - INFO - Training client 95 (23/30)...
2026-03-19 00:45:09,479 - Server_DefaultID - INFO - Client 95: Acc=60.38, Loss=-148.3398, NLL=-514.6317, KL=10.2375, AvgS=220.69, ProxLoss=0.0000
2026-03-19 00:45:09,479 - Server_DefaultID - INFO - Training client 27 (24/30)...
2026-03-19 00:45:10,555 - Server_DefaultID - INFO - Client 27: Acc=59.17, Loss=-38.3947, NLL=-135.0077, KL=4.6987, AvgS=58.76, ProxLoss=0.0000
2026-03-19 00:45:10,555 - Server_DefaultID - INFO - Training client 31 (25/30)...
2026-03-19 00:45:13,297 - Server_DefaultID - INFO - Client 31: Acc=66.49, Loss=-146.1590, NLL=-503.0321, KL=10.1092, AvgS=215.75, ProxLoss=0.0000
2026-03-19 00:45:13,297 - Server_DefaultID - INFO - Training client 58 (26/30)...
2026-03-19 00:45:15,478 - Server_DefaultID - INFO - Client 58: Acc=49.78, Loss=-103.6827, NLL=-365.6614, KL=8.6584, AvgS=156.68, ProxLoss=0.0000
2026-03-19 00:45:15,478 - Server_DefaultID - INFO - Training client 24 (27/30)...
2026-03-19 00:45:15,972 - Server_DefaultID - INFO - Client 24: Acc=50.00, Loss=-14.9025, NLL=-53.8841, KL=1.8824, AvgS=25.17, ProxLoss=0.0000
2026-03-19 00:45:15,972 - Server_DefaultID - INFO - Training client 76 (28/30)...
2026-03-19 00:45:18,323 - Server_DefaultID - INFO - Client 76: Acc=56.05, Loss=-130.4762, NLL=-447.1571, KL=9.5770, AvgS=191.69, ProxLoss=0.0000
2026-03-19 00:45:18,323 - Server_DefaultID - INFO - Training client 47 (29/30)...
2026-03-19 00:45:20,407 - Server_DefaultID - INFO - Client 47: Acc=24.69, Loss=-200.7667, NLL=-683.9164, KL=11.4991, AvgS=293.59, ProxLoss=0.0000
2026-03-19 00:45:20,407 - Server_DefaultID - INFO - Training client 75 (30/30)...
2026-03-19 00:45:22,892 - Server_DefaultID - INFO - Client 75: Acc=72.70, Loss=-318.5798, NLL=-1086.5261, KL=13.6542, AvgS=467.52, ProxLoss=0.0000
2026-03-19 00:45:23,173 - Server_DefaultID - WARNING - Global prior extremely imbalanced (max/min=1.2), applied adaptive smoothing lam=0.12.
2026-03-19 00:45:23,174 - Server_DefaultID - INFO - Round [2/200] Summary | Avg Client Train Stats:	Loss [-201.9620]	 Acc [60.04]	NLL [-691.0028]	 KL [10.7628]	AvgS [297.06]	 ProxLoss [0.0000]
GlobalPriorAlpha (first 10): [5.23829984664917, 5.117700099945068, 4.933899879455566, 4.879000186920166, 4.5640997886657715, 4.995100021362305, 5.092599868774414, 4.8572998046875, 5.18179988861084, 5.140100002288818]
Round Time: 70.17s
2026-03-19 00:45:23,176 - Server_DefaultID - INFO - --- Global Round 3/200 ---
2026-03-19 00:45:23,176 - Server_DefaultID - INFO - Selected 30 active clients for round 3.
2026-03-19 00:45:23,176 - Server_DefaultID - INFO - Training client 64 (1/30)...
2026-03-19 00:45:23,766 - Server_DefaultID - INFO - Client 64: Acc=67.50, Loss=-14.5201, NLL=-52.7293, KL=1.8376, AvgS=24.78, ProxLoss=0.0000
2026-03-19 00:45:23,767 - Server_DefaultID - INFO - Training client 96 (2/30)...
2026-03-19 00:45:26,490 - Server_DefaultID - INFO - Client 96: Acc=62.19, Loss=-146.0872, NLL=-507.0574, KL=10.1088, AvgS=217.49, ProxLoss=0.0000
2026-03-19 00:45:26,491 - Server_DefaultID - INFO - Training client 48 (3/30)...
2026-03-19 00:45:31,414 - Server_DefaultID - INFO - Client 48: Acc=56.93, Loss=-328.7312, NLL=-1118.4321, KL=13.7779, AvgS=481.27, ProxLoss=0.0000
2026-03-19 00:45:31,414 - Server_DefaultID - INFO - Training client 18 (4/30)...
2026-03-19 00:45:36,062 - Server_DefaultID - INFO - Client 18: Acc=83.60, Loss=-344.9038, NLL=-1161.5576, KL=13.9628, AvgS=499.91, ProxLoss=0.0000
2026-03-19 00:45:36,062 - Server_DefaultID - INFO - Training client 57 (5/30)...
2026-03-19 00:45:42,359 - Server_DefaultID - INFO - Client 57: Acc=93.84, Loss=-344.2338, NLL=-1161.5543, KL=13.9627, AvgS=499.91, ProxLoss=0.0000
2026-03-19 00:45:42,359 - Server_DefaultID - INFO - Training client 53 (6/30)...
2026-03-19 00:45:45,530 - Server_DefaultID - INFO - Client 53: Acc=55.34, Loss=-173.6939, NLL=-598.9482, KL=10.9188, AvgS=256.94, ProxLoss=0.0000
2026-03-19 00:45:45,530 - Server_DefaultID - INFO - Training client 15 (7/30)...
2026-03-19 00:45:46,261 - Server_DefaultID - INFO - Client 15: Acc=62.81, Loss=-24.7994, NLL=-89.0721, KL=3.2706, AvgS=39.62, ProxLoss=0.0000
2026-03-19 00:45:46,265 - Server_DefaultID - INFO - Training client 32 (8/30)...
2026-03-19 00:45:48,248 - Server_DefaultID - INFO - Client 32: Acc=42.76, Loss=-197.9676, NLL=-679.6401, KL=11.4567, AvgS=291.78, ProxLoss=0.0000
2026-03-19 00:45:48,248 - Server_DefaultID - INFO - Training client 63 (9/30)...
2026-03-19 00:45:49,811 - Server_DefaultID - INFO - Client 63: Acc=38.06, Loss=-69.0653, NLL=-242.1653, KL=6.8783, AvgS=103.91, ProxLoss=0.0000
2026-03-19 00:45:49,811 - Server_DefaultID - INFO - Training client 66 (10/30)...
2026-03-19 00:45:52,023 - Server_DefaultID - INFO - Client 66: Acc=24.91, Loss=-106.2761, NLL=-371.5696, KL=8.7818, AvgS=159.17, ProxLoss=0.0000
2026-03-19 00:45:52,023 - Server_DefaultID - INFO - Training client 35 (11/30)...
2026-03-19 00:45:53,111 - Server_DefaultID - INFO - Client 35: Acc=58.96, Loss=-83.9080, NLL=-288.8137, KL=7.7326, AvgS=123.90, ProxLoss=0.0000
2026-03-19 00:45:53,111 - Server_DefaultID - INFO - Training client 43 (12/30)...
2026-03-19 00:45:56,335 - Server_DefaultID - INFO - Client 43: Acc=61.08, Loss=-343.6550, NLL=-1160.2197, KL=13.9575, AvgS=499.33, ProxLoss=0.0000
2026-03-19 00:45:56,335 - Server_DefaultID - INFO - Training client 2 (13/30)...
2026-03-19 00:45:59,010 - Server_DefaultID - INFO - Client 2: Acc=45.42, Loss=-146.6916, NLL=-506.0627, KL=10.1485, AvgS=216.97, ProxLoss=0.0000
2026-03-19 00:45:59,010 - Server_DefaultID - INFO - Training client 52 (14/30)...
2026-03-19 00:46:00,067 - Server_DefaultID - INFO - Client 52: Acc=63.65, Loss=-81.9357, NLL=-284.2369, KL=7.6691, AvgS=121.93, ProxLoss=0.0000
2026-03-19 00:46:00,067 - Server_DefaultID - INFO - Training client 12 (15/30)...
2026-03-19 00:46:01,680 - Server_DefaultID - INFO - Client 12: Acc=47.56, Loss=-71.6015, NLL=-247.8803, KL=7.0507, AvgS=106.34, ProxLoss=0.0000
2026-03-19 00:46:01,680 - Server_DefaultID - INFO - Training client 10 (16/30)...
2026-03-19 00:46:03,061 - Server_DefaultID - INFO - Client 10: Acc=32.58, Loss=-115.3934, NLL=-395.9898, KL=9.0196, AvgS=169.69, ProxLoss=0.0000
2026-03-19 00:46:03,061 - Server_DefaultID - INFO - Training client 97 (17/30)...
2026-03-19 00:46:10,069 - Server_DefaultID - INFO - Client 97: Acc=99.56, Loss=-342.5878, NLL=-1161.7421, KL=13.9635, AvgS=499.99, ProxLoss=0.0000
2026-03-19 00:46:10,069 - Server_DefaultID - INFO - Training client 95 (18/30)...
2026-03-19 00:46:13,802 - Server_DefaultID - INFO - Client 95: Acc=47.40, Loss=-328.7469, NLL=-1122.8925, KL=13.8017, AvgS=483.20, ProxLoss=0.0000
2026-03-19 00:46:13,802 - Server_DefaultID - INFO - Training client 83 (19/30)...
2026-03-19 00:46:16,698 - Server_DefaultID - INFO - Client 83: Acc=99.53, Loss=-336.2676, NLL=-1147.9414, KL=13.9077, AvgS=494.03, ProxLoss=0.0000
2026-03-19 00:46:16,698 - Server_DefaultID - INFO - Training client 24 (20/30)...
2026-03-19 00:46:17,203 - Server_DefaultID - INFO - Client 24: Acc=57.19, Loss=-25.4418, NLL=-89.0345, KL=3.2931, AvgS=39.61, ProxLoss=0.0000
2026-03-19 00:46:17,203 - Server_DefaultID - INFO - Training client 61 (21/30)...
2026-03-19 00:46:18,578 - Server_DefaultID - INFO - Client 61: Acc=57.62, Loss=-71.1821, NLL=-245.8074, KL=6.9795, AvgS=105.58, ProxLoss=0.0000
2026-03-19 00:46:18,578 - Server_DefaultID - INFO - Training client 21 (22/30)...
2026-03-19 00:46:20,945 - Server_DefaultID - INFO - Client 21: Acc=41.45, Loss=-345.7181, NLL=-1161.0574, KL=13.9608, AvgS=499.69, ProxLoss=0.0000
2026-03-19 00:46:20,946 - Server_DefaultID - INFO - Training client 70 (23/30)...
2026-03-19 00:46:22,412 - Server_DefaultID - INFO - Client 70: Acc=69.56, Loss=-70.5191, NLL=-248.2475, KL=6.9979, AvgS=106.60, ProxLoss=0.0000
2026-03-19 00:46:22,412 - Server_DefaultID - INFO - Training client 44 (24/30)...
2026-03-19 00:46:25,079 - Server_DefaultID - INFO - Client 44: Acc=65.45, Loss=-141.5767, NLL=-491.1606, KL=9.9849, AvgS=210.61, ProxLoss=0.0000
2026-03-19 00:46:25,079 - Server_DefaultID - INFO - Training client 69 (25/30)...
2026-03-19 00:46:25,819 - Server_DefaultID - INFO - Client 69: Acc=32.34, Loss=-50.1985, NLL=-175.5960, KL=5.6879, AvgS=75.58, ProxLoss=0.0000
2026-03-19 00:46:25,819 - Server_DefaultID - INFO - Training client 27 (26/30)...
2026-03-19 00:46:27,000 - Server_DefaultID - INFO - Client 27: Acc=58.23, Loss=-82.0893, NLL=-283.5563, KL=7.6623, AvgS=121.66, ProxLoss=0.0000
2026-03-19 00:46:27,000 - Server_DefaultID - INFO - Training client 87 (27/30)...
2026-03-19 00:46:29,120 - Server_DefaultID - INFO - Client 87: Acc=22.50, Loss=-268.4077, NLL=-909.8526, KL=12.7946, AvgS=391.13, ProxLoss=0.0000
2026-03-19 00:46:29,121 - Server_DefaultID - INFO - Training client 51 (28/30)...
2026-03-19 00:46:29,957 - Server_DefaultID - INFO - Client 51: Acc=38.75, Loss=-81.6719, NLL=-279.8536, KL=7.5560, AvgS=119.95, ProxLoss=0.0000
2026-03-19 00:46:29,957 - Server_DefaultID - INFO - Training client 38 (29/30)...
2026-03-19 00:46:30,721 - Server_DefaultID - INFO - Client 38: Acc=46.56, Loss=-51.3133, NLL=-177.5215, KL=5.6600, AvgS=76.55, ProxLoss=0.0000
2026-03-19 00:46:30,721 - Server_DefaultID - INFO - Training client 76 (30/30)...
2026-03-19 00:46:33,157 - Server_DefaultID - INFO - Client 76: Acc=54.53, Loss=-296.2553, NLL=-1005.3846, KL=13.2628, AvgS=432.43, ProxLoss=0.0000
2026-03-19 00:46:33,420 - Server_DefaultID - WARNING - Global prior extremely imbalanced (max/min=1.2), applied adaptive smoothing lam=0.12.
2026-03-19 00:46:33,420 - Server_DefaultID - INFO - Round [3/200] Summary | Avg Client Train Stats:	Loss [-235.6167]	 Acc [63.60]	NLL [-801.8363]	 KL [11.4897]	AvgS [344.86]	 ProxLoss [0.0000]
GlobalPriorAlpha (first 10): [5.3480000495910645, 5.003300189971924, 4.698800086975098, 5.045300006866455, 4.660999774932861, 5.183800220489502, 4.910699844360352, 4.7683000564575195, 5.102399826049805, 5.278200149536133]
Round Time: 70.24s
2026-03-19 00:46:33,422 - Server_DefaultID - INFO - --- Global Round 4/200 ---
2026-03-19 00:46:33,422 - Server_DefaultID - INFO - Selected 30 active clients for round 4.
2026-03-19 00:46:33,422 - Server_DefaultID - INFO - Training client 63 (1/30)...
2026-03-19 00:46:35,001 - Server_DefaultID - INFO - Client 63: Acc=21.12, Loss=-152.7759, NLL=-527.9702, KL=10.2252, AvgS=226.44, ProxLoss=0.0000
2026-03-19 00:46:35,002 - Server_DefaultID - INFO - Training client 19 (2/30)...
2026-03-19 00:46:38,970 - Server_DefaultID - INFO - Client 19: Acc=95.36, Loss=-343.1876, NLL=-1161.1381, KL=13.9610, AvgS=499.73, ProxLoss=0.0000
2026-03-19 00:46:38,970 - Server_DefaultID - INFO - Training client 49 (3/30)...
2026-03-19 00:46:41,067 - Server_DefaultID - INFO - Client 49: Acc=67.63, Loss=-109.1455, NLL=-379.4784, KL=8.8932, AvgS=162.71, ProxLoss=0.0000
2026-03-19 00:46:41,067 - Server_DefaultID - INFO - Training client 59 (4/30)...
2026-03-19 00:46:43,690 - Server_DefaultID - INFO - Client 59: Acc=67.26, Loss=-154.6296, NLL=-532.0917, KL=10.4051, AvgS=228.23, ProxLoss=0.0000
2026-03-19 00:46:43,690 - Server_DefaultID - INFO - Training client 57 (5/30)...
2026-03-19 00:46:49,075 - Server_DefaultID - INFO - Client 57: Acc=93.84, Loss=-344.2869, NLL=-1161.7543, KL=13.9636, AvgS=499.99, ProxLoss=0.0000
2026-03-19 00:46:49,075 - Server_DefaultID - INFO - Training client 72 (6/30)...
2026-03-19 00:46:50,461 - Server_DefaultID - INFO - Client 72: Acc=82.66, Loss=-50.6902, NLL=-179.7648, KL=5.6140, AvgS=77.43, ProxLoss=0.0000
2026-03-19 00:46:50,461 - Server_DefaultID - INFO - Training client 52 (7/30)...
2026-03-19 00:46:51,475 - Server_DefaultID - INFO - Client 52: Acc=67.40, Loss=-133.7397, NLL=-459.4059, KL=9.6965, AvgS=197.01, ProxLoss=0.0000
2026-03-19 00:46:51,475 - Server_DefaultID - INFO - Training client 24 (8/30)...
2026-03-19 00:46:51,952 - Server_DefaultID - INFO - Client 24: Acc=50.62, Loss=-38.0828, NLL=-131.9625, KL=4.5782, AvgS=57.42, ProxLoss=0.0000
2026-03-19 00:46:51,954 - Server_DefaultID - INFO - Training client 58 (9/30)...
2026-03-19 00:46:53,994 - Server_DefaultID - INFO - Client 58: Acc=47.41, Loss=-255.0864, NLL=-874.8222, KL=12.5839, AvgS=376.02, ProxLoss=0.0000
2026-03-19 00:46:53,995 - Server_DefaultID - INFO - Training client 37 (10/30)...
2026-03-19 00:46:55,226 - Server_DefaultID - INFO - Client 37: Acc=54.77, Loss=-54.5676, NLL=-190.7200, KL=5.9812, AvgS=82.08, ProxLoss=0.0000
2026-03-19 00:46:55,226 - Server_DefaultID - INFO - Training client 92 (11/30)...
2026-03-19 00:46:56,520 - Server_DefaultID - INFO - Client 92: Acc=44.06, Loss=-50.6916, NLL=-180.1933, KL=5.6772, AvgS=77.55, ProxLoss=0.0000
2026-03-19 00:46:56,520 - Server_DefaultID - INFO - Training client 82 (12/30)...
2026-03-19 00:46:58,132 - Server_DefaultID - INFO - Client 82: Acc=68.25, Loss=-156.9925, NLL=-539.8565, KL=10.3617, AvgS=231.55, ProxLoss=0.0000
2026-03-19 00:46:58,132 - Server_DefaultID - INFO - Training client 60 (13/30)...
2026-03-19 00:46:59,121 - Server_DefaultID - INFO - Client 60: Acc=40.42, Loss=-128.9091, NLL=-444.7475, KL=9.4824, AvgS=190.63, ProxLoss=0.0000
2026-03-19 00:46:59,122 - Server_DefaultID - INFO - Training client 66 (14/30)...
2026-03-19 00:47:01,242 - Server_DefaultID - INFO - Client 66: Acc=22.32, Loss=-261.9862, NLL=-893.9317, KL=12.7505, AvgS=384.23, ProxLoss=0.0000
2026-03-19 00:47:01,242 - Server_DefaultID - INFO - Training client 30 (15/30)...
2026-03-19 00:47:03,545 - Server_DefaultID - INFO - Client 30: Acc=63.05, Loss=-304.6426, NLL=-1043.6367, KL=13.4665, AvgS=448.96, ProxLoss=0.0000
2026-03-19 00:47:03,545 - Server_DefaultID - INFO - Training client 2 (16/30)...
2026-03-19 00:47:06,017 - Server_DefaultID - INFO - Client 2: Acc=74.72, Loss=-330.3418, NLL=-1123.1057, KL=13.8038, AvgS=483.29, ProxLoss=0.0000
2026-03-19 00:47:06,017 - Server_DefaultID - INFO - Training client 0 (17/30)...
2026-03-19 00:47:06,468 - Server_DefaultID - INFO - Client 0: Acc=47.19, Loss=-14.5956, NLL=-53.3146, KL=1.9220, AvgS=25.03, ProxLoss=0.0000
2026-03-19 00:47:06,468 - Server_DefaultID - INFO - Training client 4 (18/30)...
2026-03-19 00:47:08,286 - Server_DefaultID - INFO - Client 4: Acc=58.44, Loss=-90.9160, NLL=-313.5056, KL=7.9730, AvgS=134.43, ProxLoss=0.0000
2026-03-19 00:47:08,286 - Server_DefaultID - INFO - Training client 9 (19/30)...
2026-03-19 00:47:10,422 - Server_DefaultID - INFO - Client 9: Acc=30.45, Loss=-105.6824, NLL=-370.8041, KL=8.6991, AvgS=158.87, ProxLoss=0.0000
2026-03-19 00:47:10,422 - Server_DefaultID - INFO - Training client 7 (20/30)...
2026-03-19 00:47:12,251 - Server_DefaultID - INFO - Client 7: Acc=43.49, Loss=-87.9708, NLL=-306.9362, KL=7.8705, AvgS=131.55, ProxLoss=0.0000
2026-03-19 00:47:12,251 - Server_DefaultID - INFO - Training client 41 (21/30)...
2026-03-19 00:47:14,371 - Server_DefaultID - INFO - Client 41: Acc=34.88, Loss=-127.5387, NLL=-442.8979, KL=9.5680, AvgS=189.78, ProxLoss=0.0000
2026-03-19 00:47:14,371 - Server_DefaultID - INFO - Training client 35 (22/30)...
2026-03-19 00:47:15,379 - Server_DefaultID - INFO - Client 35: Acc=58.54, Loss=-139.1936, NLL=-475.6815, KL=9.9222, AvgS=203.99, ProxLoss=0.0000
2026-03-19 00:47:15,379 - Server_DefaultID - INFO - Training client 93 (23/30)...
2026-03-19 00:47:16,106 - Server_DefaultID - INFO - Client 93: Acc=43.12, Loss=-83.8135, NLL=-288.9062, KL=7.7548, AvgS=123.77, ProxLoss=0.0000
2026-03-19 00:47:16,107 - Server_DefaultID - INFO - Training client 71 (24/30)...
2026-03-19 00:47:16,774 - Server_DefaultID - INFO - Client 71: Acc=65.16, Loss=-51.7877, NLL=-180.6375, KL=5.7855, AvgS=77.96, ProxLoss=0.0000
2026-03-19 00:47:16,774 - Server_DefaultID - INFO - Training client 64 (25/30)...
2026-03-19 00:47:17,301 - Server_DefaultID - INFO - Client 64: Acc=64.38, Loss=-24.8696, NLL=-88.3336, KL=3.3081, AvgS=39.35, ProxLoss=0.0000
2026-03-19 00:47:17,301 - Server_DefaultID - INFO - Training client 23 (26/30)...
2026-03-19 00:47:18,629 - Server_DefaultID - INFO - Client 23: Acc=77.63, Loss=-24.2464, NLL=-86.1141, KL=3.2277, AvgS=38.50, ProxLoss=0.0000
2026-03-19 00:47:18,629 - Server_DefaultID - INFO - Training client 26 (27/30)...
2026-03-19 00:47:23,247 - Server_DefaultID - INFO - Client 26: Acc=94.25, Loss=-343.7425, NLL=-1161.7164, KL=13.9634, AvgS=499.98, ProxLoss=0.0000
2026-03-19 00:47:23,248 - Server_DefaultID - INFO - Training client 33 (28/30)...
2026-03-19 00:47:25,263 - Server_DefaultID - INFO - Client 33: Acc=36.43, Loss=-257.2841, NLL=-873.0343, KL=12.5876, AvgS=375.24, ProxLoss=0.0000
2026-03-19 00:47:25,263 - Server_DefaultID - INFO - Training client 78 (29/30)...
2026-03-19 00:47:33,427 - Server_DefaultID - INFO - Client 78: Acc=82.26, Loss=-344.4622, NLL=-1161.5402, KL=13.9627, AvgS=499.90, ProxLoss=0.0000
2026-03-19 00:47:33,427 - Server_DefaultID - INFO - Training client 85 (30/30)...
2026-03-19 00:47:36,697 - Server_DefaultID - INFO - Client 85: Acc=99.77, Loss=-341.9154, NLL=-1160.7715, KL=13.9597, AvgS=499.57, ProxLoss=0.0000
2026-03-19 00:47:36,993 - Server_DefaultID - WARNING - Global prior extremely imbalanced (max/min=1.1), applied adaptive smoothing lam=0.11.
2026-03-19 00:47:36,994 - Server_DefaultID - INFO - Round [4/200] Summary | Avg Client Train Stats:	Loss [-236.1940]	 Acc [68.24]	NLL [-803.4569]	 KL [11.5163]	AvgS [345.54]	 ProxLoss [0.0000]
GlobalPriorAlpha (first 10): [4.983699798583984, 5.088799953460693, 4.821199893951416, 4.9710001945495605, 4.79040002822876, 5.035900115966797, 5.0183000564575195, 4.923999786376953, 5.133500099182129, 5.2332000732421875]
Round Time: 63.57s
2026-03-19 00:47:36,996 - Server_DefaultID - INFO - --- Global Round 5/200 ---
2026-03-19 00:47:36,997 - Server_DefaultID - INFO - Selected 30 active clients for round 5.
2026-03-19 00:47:36,997 - Server_DefaultID - INFO - Training client 75 (1/30)...
2026-03-19 00:47:39,318 - Server_DefaultID - INFO - Client 75: Acc=78.32, Loss=-343.1407, NLL=-1160.9711, KL=13.9604, AvgS=499.66, ProxLoss=0.0000
2026-03-19 00:47:39,318 - Server_DefaultID - INFO - Training client 10 (2/30)...
2026-03-19 00:47:40,491 - Server_DefaultID - INFO - Client 10: Acc=29.14, Loss=-197.3188, NLL=-670.7352, KL=11.4338, AvgS=287.90, ProxLoss=0.0000
2026-03-19 00:47:40,491 - Server_DefaultID - INFO - Training client 98 (3/30)...
2026-03-19 00:47:41,531 - Server_DefaultID - INFO - Client 98: Acc=63.96, Loss=-78.8367, NLL=-278.5035, KL=7.5315, AvgS=119.50, ProxLoss=0.0000
2026-03-19 00:47:41,531 - Server_DefaultID - INFO - Training client 87 (4/30)...
2026-03-19 00:47:43,507 - Server_DefaultID - INFO - Client 87: Acc=34.15, Loss=-345.2535, NLL=-1160.1809, KL=13.9573, AvgS=499.31, ProxLoss=0.0000
2026-03-19 00:47:43,507 - Server_DefaultID - INFO - Training client 47 (5/30)...
2026-03-19 00:47:45,334 - Server_DefaultID - INFO - Client 47: Acc=32.71, Loss=-330.5487, NLL=-1118.1310, KL=13.7785, AvgS=481.14, ProxLoss=0.0000
2026-03-19 00:47:45,334 - Server_DefaultID - INFO - Training client 40 (6/30)...
2026-03-19 00:47:47,097 - Server_DefaultID - INFO - Client 40: Acc=56.04, Loss=-92.0737, NLL=-316.3602, KL=8.1510, AvgS=135.62, ProxLoss=0.0000
2026-03-19 00:47:47,097 - Server_DefaultID - INFO - Training client 33 (7/30)...
2026-03-19 00:47:49,041 - Server_DefaultID - INFO - Client 33: Acc=57.01, Loss=-343.6150, NLL=-1156.7122, KL=13.9431, AvgS=497.82, ProxLoss=0.0000
2026-03-19 00:47:49,041 - Server_DefaultID - INFO - Training client 97 (8/30)...
2026-03-19 00:47:56,455 - Server_DefaultID - INFO - Client 97: Acc=99.56, Loss=-342.4633, NLL=-1161.7556, KL=13.9636, AvgS=499.99, ProxLoss=0.0000
2026-03-19 00:47:56,455 - Server_DefaultID - INFO - Training client 31 (9/30)...
2026-03-19 00:47:58,951 - Server_DefaultID - INFO - Client 31: Acc=61.42, Loss=-327.1806, NLL=-1112.2844, KL=13.7596, AvgS=478.62, ProxLoss=0.0000
2026-03-19 00:47:58,951 - Server_DefaultID - INFO - Training client 38 (10/30)...
2026-03-19 00:47:59,641 - Server_DefaultID - INFO - Client 38: Acc=27.34, Loss=-79.8977, NLL=-275.1129, KL=7.4461, AvgS=117.95, ProxLoss=0.0000
2026-03-19 00:47:59,641 - Server_DefaultID - INFO - Training client 66 (11/30)...
2026-03-19 00:48:01,750 - Server_DefaultID - INFO - Client 66: Acc=87.90, Loss=-343.6211, NLL=-1160.3301, KL=13.9579, AvgS=499.38, ProxLoss=0.0000
2026-03-19 00:48:01,750 - Server_DefaultID - INFO - Training client 12 (12/30)...
2026-03-19 00:48:03,287 - Server_DefaultID - INFO - Client 12: Acc=43.62, Loss=-165.0509, NLL=-561.9401, KL=10.6474, AvgS=241.03, ProxLoss=0.0000
2026-03-19 00:48:03,287 - Server_DefaultID - INFO - Training client 82 (13/30)...
2026-03-19 00:48:04,746 - Server_DefaultID - INFO - Client 82: Acc=78.69, Loss=-269.8335, NLL=-919.7507, KL=12.8110, AvgS=395.43, ProxLoss=0.0000
2026-03-19 00:48:04,746 - Server_DefaultID - INFO - Training client 91 (14/30)...
2026-03-19 00:48:05,756 - Server_DefaultID - INFO - Client 91: Acc=66.04, Loss=-81.7709, NLL=-286.8663, KL=7.7022, AvgS=123.02, ProxLoss=0.0000
2026-03-19 00:48:05,756 - Server_DefaultID - INFO - Training client 89 (15/30)...
2026-03-19 00:48:09,777 - Server_DefaultID - INFO - Client 89: Acc=98.55, Loss=-343.0140, NLL=-1161.6469, KL=13.9631, AvgS=499.95, ProxLoss=0.0000
2026-03-19 00:48:09,777 - Server_DefaultID - INFO - Training client 80 (16/30)...
2026-03-19 00:48:10,233 - Server_DefaultID - INFO - Client 80: Acc=62.50, Loss=-14.5132, NLL=-52.5534, KL=1.8555, AvgS=24.70, ProxLoss=0.0000
2026-03-19 00:48:10,234 - Server_DefaultID - INFO - Training client 44 (17/30)...
2026-03-19 00:48:12,855 - Server_DefaultID - INFO - Client 44: Acc=59.58, Loss=-330.4841, NLL=-1126.0755, KL=13.8155, AvgS=484.58, ProxLoss=0.0000
2026-03-19 00:48:12,855 - Server_DefaultID - INFO - Training client 43 (18/30)...
2026-03-19 00:48:15,801 - Server_DefaultID - INFO - Client 43: Acc=64.52, Loss=-344.2488, NLL=-1161.6458, KL=13.9631, AvgS=499.95, ProxLoss=0.0000
2026-03-19 00:48:15,801 - Server_DefaultID - INFO - Training client 26 (19/30)...
2026-03-19 00:48:20,697 - Server_DefaultID - INFO - Client 26: Acc=94.25, Loss=-343.7099, NLL=-1161.7009, KL=13.9634, AvgS=499.97, ProxLoss=0.0000
2026-03-19 00:48:20,698 - Server_DefaultID - INFO - Training client 21 (20/30)...
2026-03-19 00:48:23,017 - Server_DefaultID - INFO - Client 21: Acc=46.41, Loss=-345.8960, NLL=-1161.4058, KL=13.9622, AvgS=499.84, ProxLoss=0.0000
2026-03-19 00:48:23,017 - Server_DefaultID - INFO - Training client 42 (21/30)...
2026-03-19 00:48:25,531 - Server_DefaultID - INFO - Client 42: Acc=52.19, Loss=-85.2213, NLL=-298.7989, KL=7.8090, AvgS=128.04, ProxLoss=0.0000
2026-03-19 00:48:25,531 - Server_DefaultID - INFO - Training client 84 (22/30)...
2026-03-19 00:48:26,080 - Server_DefaultID - INFO - Client 84: Acc=54.34, Loss=-13.9581, NLL=-51.3955, KL=1.6689, AvgS=24.03, ProxLoss=0.0000
2026-03-19 00:48:26,080 - Server_DefaultID - INFO - Training client 17 (23/30)...
2026-03-19 00:48:26,758 - Server_DefaultID - INFO - Client 17: Acc=55.94, Loss=-49.5509, NLL=-173.0545, KL=5.4793, AvgS=74.64, ProxLoss=0.0000
2026-03-19 00:48:26,758 - Server_DefaultID - INFO - Training client 41 (24/30)...
2026-03-19 00:48:29,124 - Server_DefaultID - INFO - Client 41: Acc=24.10, Loss=-306.5521, NLL=-1045.5568, KL=13.4599, AvgS=449.76, ProxLoss=0.0000
2026-03-19 00:48:29,124 - Server_DefaultID - INFO - Training client 27 (25/30)...
2026-03-19 00:48:30,131 - Server_DefaultID - INFO - Client 27: Acc=53.96, Loss=-134.0940, NLL=-458.7422, KL=9.7347, AvgS=196.71, ProxLoss=0.0000
2026-03-19 00:48:30,131 - Server_DefaultID - INFO - Training client 20 (26/30)...
2026-03-19 00:48:31,936 - Server_DefaultID - INFO - Client 20: Acc=54.74, Loss=-216.4375, NLL=-732.4176, KL=11.8474, AvgS=314.56, ProxLoss=0.0000
2026-03-19 00:48:31,936 - Server_DefaultID - INFO - Training client 93 (27/30)...
2026-03-19 00:48:32,716 - Server_DefaultID - INFO - Client 93: Acc=42.03, Loss=-118.2714, NLL=-404.8800, KL=9.1996, AvgS=173.46, ProxLoss=0.0000
2026-03-19 00:48:32,717 - Server_DefaultID - INFO - Training client 39 (28/30)...
2026-03-19 00:48:36,601 - Server_DefaultID - INFO - Client 39: Acc=69.38, Loss=-344.5029, NLL=-1161.6030, KL=13.9630, AvgS=499.93, ProxLoss=0.0000
2026-03-19 00:48:36,601 - Server_DefaultID - INFO - Training client 54 (29/30)...
2026-03-19 00:48:37,334 - Server_DefaultID - INFO - Client 54: Acc=76.72, Loss=-24.5357, NLL=-87.8555, KL=3.2970, AvgS=39.28, ProxLoss=0.0000
2026-03-19 00:48:37,334 - Server_DefaultID - INFO - Training client 37 (30/30)...
2026-03-19 00:48:38,518 - Server_DefaultID - INFO - Client 37: Acc=51.72, Loss=-119.8741, NLL=-411.3764, KL=9.2536, AvgS=176.30, ProxLoss=0.0000
2026-03-19 00:48:38,784 - Server_DefaultID - WARNING - Global prior extremely imbalanced (max/min=1.0), applied adaptive smoothing lam=0.10.
2026-03-19 00:48:38,784 - Server_DefaultID - INFO - Round [5/200] Summary | Avg Client Train Stats:	Loss [-281.3083]	 Acc [67.03]	NLL [-953.2812]	 KL [12.5385]	AvgS [410.14]	 ProxLoss [0.0000]
GlobalPriorAlpha (first 10): [4.9475998878479, 5.065700054168701, 4.917900085449219, 5.038599967956543, 4.89709997177124, 4.997099876403809, 5.0289998054504395, 4.959099769592285, 5.093599796295166, 5.054500102996826]
Round Time: 61.79s
2026-03-19 00:48:38,787 - Server_DefaultID - INFO - --- Global Round 6/200 ---
2026-03-19 00:48:38,787 - Server_DefaultID - INFO - Selected 30 active clients for round 6.
2026-03-19 00:48:38,787 - Server_DefaultID - INFO - Training client 41 (1/30)...
2026-03-19 00:48:40,991 - Server_DefaultID - INFO - Client 41: Acc=55.31, Loss=-343.5835, NLL=-1161.1942, KL=13.9614, AvgS=499.75, ProxLoss=0.0000
2026-03-19 00:48:40,991 - Server_DefaultID - INFO - Training client 57 (2/30)...
2026-03-19 00:48:45,361 - Server_DefaultID - INFO - Client 57: Acc=93.84, Loss=-344.1256, NLL=-1161.6727, KL=13.9632, AvgS=499.96, ProxLoss=0.0000
2026-03-19 00:48:45,361 - Server_DefaultID - INFO - Training client 25 (3/30)...
2026-03-19 00:48:46,044 - Server_DefaultID - INFO - Client 25: Acc=77.66, Loss=-23.9162, NLL=-86.1881, KL=3.0299, AvgS=38.24, ProxLoss=0.0000
2026-03-19 00:48:46,044 - Server_DefaultID - INFO - Training client 92 (4/30)...
2026-03-19 00:48:47,181 - Server_DefaultID - INFO - Client 92: Acc=45.31, Loss=-114.9403, NLL=-398.6082, KL=9.0193, AvgS=170.80, ProxLoss=0.0000
2026-03-19 00:48:47,181 - Server_DefaultID - INFO - Training client 16 (5/30)...
2026-03-19 00:48:47,893 - Server_DefaultID - INFO - Client 16: Acc=70.94, Loss=-24.8538, NLL=-89.4823, KL=3.2795, AvgS=39.89, ProxLoss=0.0000
2026-03-19 00:48:47,893 - Server_DefaultID - INFO - Training client 10 (6/30)...
2026-03-19 00:48:49,089 - Server_DefaultID - INFO - Client 10: Acc=27.34, Loss=-294.2348, NLL=-994.8258, KL=13.2364, AvgS=427.84, ProxLoss=0.0000
2026-03-19 00:48:49,089 - Server_DefaultID - INFO - Training client 42 (7/30)...
2026-03-19 00:48:50,701 - Server_DefaultID - INFO - Client 42: Acc=48.75, Loss=-193.2287, NLL=-662.0684, KL=11.3389, AvgS=284.17, ProxLoss=0.0000
2026-03-19 00:48:50,701 - Server_DefaultID - INFO - Training client 59 (8/30)...
2026-03-19 00:48:53,352 - Server_DefaultID - INFO - Client 59: Acc=63.75, Loss=-329.3989, NLL=-1119.3275, KL=13.7870, AvgS=481.66, ProxLoss=0.0000
2026-03-19 00:48:53,352 - Server_DefaultID - INFO - Training client 76 (9/30)...
2026-03-19 00:48:55,668 - Server_DefaultID - INFO - Client 76: Acc=48.71, Loss=-344.9424, NLL=-1159.5839, KL=13.9549, AvgS=499.06, ProxLoss=0.0000
2026-03-19 00:48:55,668 - Server_DefaultID - INFO - Training client 43 (10/30)...
2026-03-19 00:48:59,338 - Server_DefaultID - INFO - Client 43: Acc=68.07, Loss=-344.2196, NLL=-1161.6817, KL=13.9633, AvgS=499.96, ProxLoss=0.0000
2026-03-19 00:48:59,338 - Server_DefaultID - INFO - Training client 47 (11/30)...
2026-03-19 00:49:01,130 - Server_DefaultID - INFO - Client 47: Acc=48.49, Loss=-345.3790, NLL=-1160.7052, KL=13.9595, AvgS=499.54, ProxLoss=0.0000
2026-03-19 00:49:01,135 - Server_DefaultID - INFO - Training client 70 (12/30)...
2026-03-19 00:49:02,562 - Server_DefaultID - INFO - Client 70: Acc=64.94, Loss=-163.4814, NLL=-563.2521, KL=10.5532, AvgS=241.69, ProxLoss=0.0000
2026-03-19 00:49:02,562 - Server_DefaultID - INFO - Training client 52 (13/30)...
2026-03-19 00:49:03,438 - Server_DefaultID - INFO - Client 52: Acc=63.75, Loss=-197.2511, NLL=-674.5814, KL=11.4511, AvgS=289.64, ProxLoss=0.0000
2026-03-19 00:49:03,438 - Server_DefaultID - INFO - Training client 7 (14/30)...
2026-03-19 00:49:05,149 - Server_DefaultID - INFO - Client 7: Acc=40.89, Loss=-211.4615, NLL=-722.9198, KL=11.7272, AvgS=310.43, ProxLoss=0.0000
2026-03-19 00:49:05,149 - Server_DefaultID - INFO - Training client 73 (15/30)...
2026-03-19 00:49:08,607 - Server_DefaultID - INFO - Client 73: Acc=74.35, Loss=-343.6736, NLL=-1161.4827, KL=13.9625, AvgS=499.88, ProxLoss=0.0000
2026-03-19 00:49:08,607 - Server_DefaultID - INFO - Training client 99 (16/30)...
2026-03-19 00:49:09,126 - Server_DefaultID - INFO - Client 99: Acc=48.44, Loss=-14.6836, NLL=-53.1813, KL=1.8458, AvgS=24.90, ProxLoss=0.0000
2026-03-19 00:49:09,127 - Server_DefaultID - INFO - Training client 75 (17/30)...
2026-03-19 00:49:11,427 - Server_DefaultID - INFO - Client 75: Acc=81.29, Loss=-343.5283, NLL=-1161.7128, KL=13.9634, AvgS=499.98, ProxLoss=0.0000
2026-03-19 00:49:11,427 - Server_DefaultID - INFO - Training client 38 (18/30)...
2026-03-19 00:49:12,118 - Server_DefaultID - INFO - Client 38: Acc=19.22, Loss=-113.6761, NLL=-388.6008, KL=9.0086, AvgS=166.49, ProxLoss=0.0000
2026-03-19 00:49:12,118 - Server_DefaultID - INFO - Training client 9 (19/30)...
2026-03-19 00:49:14,140 - Server_DefaultID - INFO - Client 9: Acc=26.61, Loss=-259.2127, NLL=-887.9490, KL=12.6494, AvgS=381.68, ProxLoss=0.0000
2026-03-19 00:49:14,140 - Server_DefaultID - INFO - Training client 61 (20/30)...
2026-03-19 00:49:15,601 - Server_DefaultID - INFO - Client 61: Acc=51.62, Loss=-153.9437, NLL=-524.5876, KL=10.2170, AvgS=225.06, ProxLoss=0.0000
2026-03-19 00:49:15,601 - Server_DefaultID - INFO - Training client 2 (21/30)...
2026-03-19 00:49:18,088 - Server_DefaultID - INFO - Client 2: Acc=79.69, Loss=-344.5541, NLL=-1161.3888, KL=13.9621, AvgS=499.84, ProxLoss=0.0000
2026-03-19 00:49:18,089 - Server_DefaultID - INFO - Training client 45 (22/30)...
2026-03-19 00:49:20,284 - Server_DefaultID - INFO - Client 45: Acc=44.80, Loss=-124.8002, NLL=-432.2112, KL=9.4631, AvgS=185.22, ProxLoss=0.0000
2026-03-19 00:49:20,284 - Server_DefaultID - INFO - Training client 44 (23/30)...
2026-03-19 00:49:22,707 - Server_DefaultID - INFO - Client 44: Acc=68.26, Loss=-343.9393, NLL=-1161.3412, KL=13.9619, AvgS=499.82, ProxLoss=0.0000
2026-03-19 00:49:22,707 - Server_DefaultID - INFO - Training client 36 (24/30)...
2026-03-19 00:49:28,683 - Server_DefaultID - INFO - Client 36: Acc=74.16, Loss=-342.8412, NLL=-1160.8648, KL=13.9600, AvgS=499.61, ProxLoss=0.0000
2026-03-19 00:49:28,683 - Server_DefaultID - INFO - Training client 17 (25/30)...
2026-03-19 00:49:29,419 - Server_DefaultID - INFO - Client 17: Acc=46.41, Loss=-79.3060, NLL=-274.3376, KL=7.4422, AvgS=117.63, ProxLoss=0.0000
2026-03-19 00:49:29,419 - Server_DefaultID - INFO - Training client 72 (26/30)...
2026-03-19 00:49:31,750 - Server_DefaultID - INFO - Client 72: Acc=83.20, Loss=-113.8211, NLL=-394.6907, KL=8.9965, AvgS=169.13, ProxLoss=0.0000
2026-03-19 00:49:31,750 - Server_DefaultID - INFO - Training client 23 (27/30)...
2026-03-19 00:49:32,278 - Server_DefaultID - INFO - Client 23: Acc=72.20, Loss=-36.4945, NLL=-128.5800, KL=4.5041, AvgS=56.11, ProxLoss=0.0000
2026-03-19 00:49:32,278 - Server_DefaultID - INFO - Training client 49 (28/30)...
2026-03-19 00:49:34,481 - Server_DefaultID - INFO - Client 49: Acc=61.47, Loss=-262.2580, NLL=-895.7001, KL=12.7410, AvgS=385.09, ProxLoss=0.0000
2026-03-19 00:49:34,481 - Server_DefaultID - INFO - Training client 90 (29/30)...
2026-03-19 00:49:36,841 - Client_90 - WARNING - Client 90: Too few classes (1) or samples (592) for alpha report, returning uniform.
2026-03-19 00:49:36,841 - Server_DefaultID - INFO - Client 90: Acc=34.93, Loss=-152.5924, NLL=-531.7509, KL=10.4015, AvgS=227.99, ProxLoss=0.0000
2026-03-19 00:49:36,841 - Server_DefaultID - INFO - Training client 3 (30/30)...
2026-03-19 00:49:38,732 - Server_DefaultID - INFO - Client 3: Acc=48.02, Loss=-89.4599, NLL=-309.1759, KL=7.9620, AvgS=132.51, ProxLoss=0.0000
2026-03-19 00:49:38,976 - Server_DefaultID - WARNING - Global prior extremely imbalanced (max/min=1.0), applied adaptive smoothing lam=0.10.
2026-03-19 00:49:38,977 - Server_DefaultID - INFO - Round [6/200] Summary | Avg Client Train Stats:	Loss [-266.4872]	 Acc [61.92]	NLL [-904.0748]	 KL [12.2730]	AvgS [388.89]	 ProxLoss [0.0000]
GlobalPriorAlpha (first 10): [5.021699905395508, 5.0289998054504395, 4.985400199890137, 5.053500175476074, 4.942399978637695, 4.9720001220703125, 4.957399845123291, 4.968999862670898, 5.009399890899658, 5.060200214385986]
Round Time: 60.19s
2026-03-19 00:49:38,979 - Server_DefaultID - INFO - --- Global Round 7/200 ---
2026-03-19 00:49:38,979 - Server_DefaultID - INFO - Selected 30 active clients for round 7.
2026-03-19 00:49:38,979 - Server_DefaultID - INFO - Training client 80 (1/30)...
2026-03-19 00:49:39,620 - Server_DefaultID - INFO - Client 80: Acc=65.94, Loss=-24.6330, NLL=-87.0164, KL=3.2699, AvgS=38.85, ProxLoss=0.0000
2026-03-19 00:49:39,620 - Server_DefaultID - INFO - Training client 14 (2/30)...
2026-03-19 00:49:42,392 - Server_DefaultID - INFO - Client 14: Acc=61.49, Loss=-333.9721, NLL=-1140.0584, KL=13.8766, AvgS=490.62, ProxLoss=0.0000
2026-03-19 00:49:42,392 - Server_DefaultID - INFO - Training client 91 (3/30)...
2026-03-19 00:49:43,441 - Server_DefaultID - INFO - Client 91: Acc=66.67, Loss=-133.9329, NLL=-463.8933, KL=9.7348, AvgS=198.91, ProxLoss=0.0000
2026-03-19 00:49:43,441 - Server_DefaultID - INFO - Training client 19 (4/30)...
2026-03-19 00:49:47,229 - Server_DefaultID - INFO - Client 19: Acc=95.40, Loss=-343.3036, NLL=-1161.7278, KL=13.9635, AvgS=499.98, ProxLoss=0.0000
2026-03-19 00:49:47,229 - Server_DefaultID - INFO - Training client 49 (5/30)...
2026-03-19 00:49:49,132 - Server_DefaultID - INFO - Client 49: Acc=65.27, Loss=-343.0832, NLL=-1159.3290, KL=13.9540, AvgS=498.95, ProxLoss=0.0000
2026-03-19 00:49:49,132 - Server_DefaultID - INFO - Training client 17 (6/30)...
2026-03-19 00:49:49,748 - Server_DefaultID - INFO - Client 17: Acc=33.91, Loss=-112.1197, NLL=-385.6844, KL=8.8827, AvgS=165.29, ProxLoss=0.0000
2026-03-19 00:49:49,748 - Server_DefaultID - INFO - Training client 33 (7/30)...
2026-03-19 00:49:51,709 - Server_DefaultID - INFO - Client 33: Acc=56.83, Loss=-345.8946, NLL=-1161.3935, KL=13.9622, AvgS=499.84, ProxLoss=0.0000
2026-03-19 00:49:51,710 - Server_DefaultID - INFO - Training client 11 (8/30)...
2026-03-19 00:49:53,568 - Server_DefaultID - INFO - Client 11: Acc=53.18, Loss=-86.8123, NLL=-303.2564, KL=7.8348, AvgS=129.99, ProxLoss=0.0000
2026-03-19 00:49:53,568 - Server_DefaultID - INFO - Training client 1 (9/30)...
2026-03-19 00:49:54,277 - Server_DefaultID - INFO - Client 1: Acc=54.53, Loss=-25.4574, NLL=-90.6776, KL=3.3800, AvgS=40.38, ProxLoss=0.0000
2026-03-19 00:49:54,277 - Server_DefaultID - INFO - Training client 73 (10/30)...
2026-03-19 00:49:57,820 - Server_DefaultID - INFO - Client 73: Acc=75.43, Loss=-343.6542, NLL=-1161.5142, KL=13.9626, AvgS=499.89, ProxLoss=0.0000
2026-03-19 00:49:57,820 - Server_DefaultID - INFO - Training client 63 (11/30)...
2026-03-19 00:49:59,253 - Server_DefaultID - INFO - Client 63: Acc=18.06, Loss=-264.1373, NLL=-903.5316, KL=12.6814, AvgS=388.43, ProxLoss=0.0000
2026-03-19 00:49:59,253 - Server_DefaultID - INFO - Training client 6 (12/30)...
2026-03-19 00:50:00,274 - Server_DefaultID - INFO - Client 6: Acc=66.88, Loss=-79.1254, NLL=-276.8661, KL=7.4928, AvgS=118.79, ProxLoss=0.0000
2026-03-19 00:50:00,274 - Server_DefaultID - INFO - Training client 61 (13/30)...
2026-03-19 00:50:01,694 - Server_DefaultID - INFO - Client 61: Acc=49.56, Loss=-266.3860, NLL=-901.3188, KL=12.7047, AvgS=387.51, ProxLoss=0.0000
2026-03-19 00:50:01,694 - Server_DefaultID - INFO - Training client 81 (14/30)...
2026-03-19 00:50:04,588 - Server_DefaultID - INFO - Client 81: Acc=19.55, Loss=-264.4029, NLL=-901.1311, KL=12.7669, AvgS=387.35, ProxLoss=0.0000
2026-03-19 00:50:04,588 - Server_DefaultID - INFO - Training client 21 (15/30)...
2026-03-19 00:50:06,853 - Server_DefaultID - INFO - Client 21: Acc=49.69, Loss=-345.8689, NLL=-1161.4267, KL=13.9623, AvgS=499.85, ProxLoss=0.0000
2026-03-19 00:50:06,853 - Server_DefaultID - INFO - Training client 92 (16/30)...
2026-03-19 00:50:08,074 - Server_DefaultID - INFO - Client 92: Acc=46.56, Loss=-195.8213, NLL=-670.3319, KL=11.3458, AvgS=287.75, ProxLoss=0.0000
2026-03-19 00:50:08,074 - Server_DefaultID - INFO - Training client 89 (17/30)...
2026-03-19 00:50:11,795 - Server_DefaultID - INFO - Client 89: Acc=98.55, Loss=-342.9309, NLL=-1161.6084, KL=13.9630, AvgS=499.93, ProxLoss=0.0000
2026-03-19 00:50:11,795 - Server_DefaultID - INFO - Training client 98 (18/30)...
2026-03-19 00:50:12,817 - Server_DefaultID - INFO - Client 98: Acc=64.38, Loss=-132.4601, NLL=-460.1837, KL=9.7364, AvgS=197.32, ProxLoss=0.0000
2026-03-19 00:50:12,817 - Server_DefaultID - INFO - Training client 44 (19/30)...
2026-03-19 00:50:15,338 - Server_DefaultID - INFO - Client 44: Acc=79.13, Loss=-344.0832, NLL=-1161.6430, KL=13.9631, AvgS=499.95, ProxLoss=0.0000
2026-03-19 00:50:15,338 - Server_DefaultID - INFO - Training client 18 (20/30)...
2026-03-19 00:50:19,440 - Server_DefaultID - INFO - Client 18: Acc=84.02, Loss=-344.7847, NLL=-1161.7041, KL=13.9634, AvgS=499.97, ProxLoss=0.0000
2026-03-19 00:50:19,440 - Server_DefaultID - INFO - Training client 16 (21/30)...
2026-03-19 00:50:20,135 - Server_DefaultID - INFO - Client 16: Acc=66.41, Loss=-51.3415, NLL=-181.1915, KL=5.8105, AvgS=78.21, ProxLoss=0.0000
2026-03-19 00:50:20,135 - Server_DefaultID - INFO - Training client 72 (22/30)...
2026-03-19 00:50:21,362 - Server_DefaultID - INFO - Client 72: Acc=78.67, Loss=-194.6124, NLL=-667.6133, KL=11.3580, AvgS=286.58, ProxLoss=0.0000
2026-03-19 00:50:21,362 - Server_DefaultID - INFO - Training client 78 (23/30)...
2026-03-19 00:50:29,477 - Server_DefaultID - INFO - Client 78: Acc=82.62, Loss=-344.4741, NLL=-1161.7193, KL=13.9634, AvgS=499.98, ProxLoss=0.0000
2026-03-19 00:50:29,477 - Server_DefaultID - INFO - Training client 58 (24/30)...
2026-03-19 00:50:31,424 - Server_DefaultID - INFO - Client 58: Acc=76.92, Loss=-341.1818, NLL=-1157.4239, KL=13.9457, AvgS=498.12, ProxLoss=0.0000
2026-03-19 00:50:31,424 - Server_DefaultID - INFO - Training client 57 (25/30)...
2026-03-19 00:50:35,932 - Server_DefaultID - INFO - Client 57: Acc=93.73, Loss=-344.1159, NLL=-1161.7620, KL=13.9636, AvgS=500.00, ProxLoss=0.0000
2026-03-19 00:50:35,933 - Server_DefaultID - INFO - Training client 10 (26/30)...
2026-03-19 00:50:38,099 - Server_DefaultID - INFO - Client 10: Acc=32.73, Loss=-343.0076, NLL=-1154.7265, KL=13.9351, AvgS=496.96, ProxLoss=0.0000
2026-03-19 00:50:38,099 - Server_DefaultID - INFO - Training client 65 (27/30)...
2026-03-19 00:50:38,582 - Server_DefaultID - INFO - Client 65: Acc=69.06, Loss=-14.7399, NLL=-53.0729, KL=1.8992, AvgS=24.95, ProxLoss=0.0000
2026-03-19 00:50:38,582 - Server_DefaultID - INFO - Training client 34 (28/30)...
2026-03-19 00:50:39,486 - Server_DefaultID - INFO - Client 34: Acc=56.35, Loss=-133.9306, NLL=-458.9667, KL=9.6985, AvgS=196.72, ProxLoss=0.0000
2026-03-19 00:50:39,486 - Server_DefaultID - INFO - Training client 79 (29/30)...
2026-03-19 00:50:41,012 - Server_DefaultID - INFO - Client 79: Acc=37.44, Loss=-66.9796, NLL=-237.9129, KL=6.8454, AvgS=102.04, ProxLoss=0.0000
2026-03-19 00:50:41,012 - Server_DefaultID - INFO - Training client 2 (30/30)...
2026-03-19 00:50:43,595 - Server_DefaultID - INFO - Client 2: Acc=79.17, Loss=-344.5174, NLL=-1161.6406, KL=13.9631, AvgS=499.94, ProxLoss=0.0000
2026-03-19 00:50:43,792 - Server_DefaultID - WARNING - Global prior extremely imbalanced (max/min=1.0), applied adaptive smoothing lam=0.10.
2026-03-19 00:50:43,792 - Server_DefaultID - INFO - Round [7/200] Summary | Avg Client Train Stats:	Loss [-291.5092]	 Acc [70.77]	NLL [-986.8725]	 KL [12.7423]	AvgS [424.63]	 ProxLoss [0.0000]
GlobalPriorAlpha (first 10): [4.997700214385986, 5.065400123596191, 4.9618000984191895, 5.036799907684326, 4.934999942779541, 5.011899948120117, 4.9633002281188965, 4.984399795532227, 5.011600017547607, 5.0320000648498535]
Round Time: 64.81s
2026-03-19 00:50:43,795 - Server_DefaultID - INFO - --- Global Round 8/200 ---
2026-03-19 00:50:43,795 - Server_DefaultID - INFO - Selected 30 active clients for round 8.
2026-03-19 00:50:43,795 - Server_DefaultID - INFO - Training client 20 (1/30)...
2026-03-19 00:50:45,495 - Server_DefaultID - INFO - Client 20: Acc=54.69, Loss=-334.5944, NLL=-1127.0764, KL=13.8187, AvgS=485.01, ProxLoss=0.0000
2026-03-19 00:50:45,495 - Server_DefaultID - INFO - Training client 97 (2/30)...
2026-03-19 00:50:52,266 - Server_DefaultID - INFO - Client 97: Acc=99.56, Loss=-342.3598, NLL=-1161.7461, KL=13.9635, AvgS=499.99, ProxLoss=0.0000
2026-03-19 00:50:52,266 - Server_DefaultID - INFO - Training client 83 (3/30)...
2026-03-19 00:50:55,023 - Server_DefaultID - INFO - Client 83: Acc=99.72, Loss=-342.2305, NLL=-1161.6700, KL=13.9632, AvgS=499.96, ProxLoss=0.0000
2026-03-19 00:50:55,024 - Server_DefaultID - INFO - Training client 71 (4/30)...
2026-03-19 00:50:55,813 - Server_DefaultID - INFO - Client 71: Acc=66.56, Loss=-83.1209, NLL=-286.3439, KL=7.7273, AvgS=122.85, ProxLoss=0.0000
2026-03-19 00:50:55,813 - Server_DefaultID - INFO - Training client 92 (5/30)...
2026-03-19 00:50:57,073 - Server_DefaultID - INFO - Client 92: Acc=63.36, Loss=-285.4760, NLL=-971.1983, KL=13.1086, AvgS=417.63, ProxLoss=0.0000
2026-03-19 00:50:57,073 - Server_DefaultID - INFO - Training client 11 (6/30)...
2026-03-19 00:50:58,767 - Server_DefaultID - INFO - Client 11: Acc=48.49, Loss=-209.7731, NLL=-717.7328, KL=11.6644, AvgS=308.23, ProxLoss=0.0000
2026-03-19 00:50:58,767 - Server_DefaultID - INFO - Training client 53 (7/30)...
2026-03-19 00:51:01,432 - Server_DefaultID - INFO - Client 53: Acc=96.00, Loss=-341.1424, NLL=-1155.3936, KL=13.9380, AvgS=497.25, ProxLoss=0.0000
2026-03-19 00:51:01,432 - Server_DefaultID - INFO - Training client 38 (8/30)...
2026-03-19 00:51:02,188 - Server_DefaultID - INFO - Client 38: Acc=33.28, Loss=-153.3878, NLL=-520.1901, KL=10.2905, AvgS=223.06, ProxLoss=0.0000
2026-03-19 00:51:02,188 - Server_DefaultID - INFO - Training client 75 (9/30)...
2026-03-19 00:51:04,422 - Server_DefaultID - INFO - Client 75: Acc=81.91, Loss=-343.3882, NLL=-1161.7366, KL=13.9635, AvgS=499.99, ProxLoss=0.0000
2026-03-19 00:51:04,422 - Server_DefaultID - INFO - Training client 48 (10/30)...
2026-03-19 00:51:08,860 - Server_DefaultID - INFO - Client 48: Acc=86.40, Loss=-344.4271, NLL=-1161.4929, KL=13.9625, AvgS=499.88, ProxLoss=0.0000
2026-03-19 00:51:08,860 - Server_DefaultID - INFO - Training client 34 (11/30)...
2026-03-19 00:51:10,637 - Server_DefaultID - INFO - Client 34: Acc=34.58, Loss=-192.1635, NLL=-655.0353, KL=11.2574, AvgS=281.15, ProxLoss=0.0000
2026-03-19 00:51:10,637 - Server_DefaultID - INFO - Training client 66 (12/30)...
2026-03-19 00:51:12,586 - Server_DefaultID - INFO - Client 66: Acc=88.04, Loss=-344.0561, NLL=-1161.6253, KL=13.9631, AvgS=499.94, ProxLoss=0.0000
2026-03-19 00:51:12,586 - Server_DefaultID - INFO - Training client 16 (13/30)...
2026-03-19 00:51:13,334 - Server_DefaultID - INFO - Client 16: Acc=65.31, Loss=-81.7264, NLL=-284.2581, KL=7.6763, AvgS=121.96, ProxLoss=0.0000
2026-03-19 00:51:13,334 - Server_DefaultID - INFO - Training client 70 (14/30)...
2026-03-19 00:51:14,936 - Server_DefaultID - INFO - Client 70: Acc=69.69, Loss=-271.2168, NLL=-927.4476, KL=12.8566, AvgS=398.77, ProxLoss=0.0000
2026-03-19 00:51:14,937 - Server_DefaultID - INFO - Training client 32 (15/30)...
2026-03-19 00:51:16,761 - Server_DefaultID - INFO - Client 32: Acc=37.29, Loss=-324.6537, NLL=-1103.0632, KL=13.7124, AvgS=474.63, ProxLoss=0.0000
2026-03-19 00:51:16,761 - Server_DefaultID - INFO - Training client 86 (16/30)...
2026-03-19 00:51:18,262 - Server_DefaultID - INFO - Client 86: Acc=73.38, Loss=-73.1098, NLL=-255.4885, KL=7.2070, AvgS=109.69, ProxLoss=0.0000
2026-03-19 00:51:18,263 - Server_DefaultID - INFO - Training client 87 (17/30)...
2026-03-19 00:51:20,311 - Server_DefaultID - INFO - Client 87: Acc=42.59, Loss=-346.0603, NLL=-1161.2463, KL=13.9616, AvgS=499.77, ProxLoss=0.0000
2026-03-19 00:51:20,311 - Server_DefaultID - INFO - Training client 3 (18/30)...
2026-03-19 00:51:22,047 - Server_DefaultID - INFO - Client 3: Acc=38.44, Loss=-209.9779, NLL=-713.1732, KL=11.6972, AvgS=306.22, ProxLoss=0.0000
2026-03-19 00:51:22,047 - Server_DefaultID - INFO - Training client 85 (19/30)...
2026-03-19 00:51:25,329 - Server_DefaultID - INFO - Client 85: Acc=99.74, Loss=-342.1280, NLL=-1161.6348, KL=13.9631, AvgS=499.94, ProxLoss=0.0000
2026-03-19 00:51:25,329 - Server_DefaultID - INFO - Training client 88 (20/30)...
2026-03-19 00:51:27,160 - Server_DefaultID - INFO - Client 88: Acc=32.24, Loss=-208.8908, NLL=-713.5691, KL=11.6596, AvgS=306.40, ProxLoss=0.0000
2026-03-19 00:51:27,160 - Server_DefaultID - INFO - Training client 36 (21/30)...
2026-03-19 00:51:33,279 - Server_DefaultID - INFO - Client 36: Acc=81.37, Loss=-343.1824, NLL=-1161.5813, KL=13.9629, AvgS=499.92, ProxLoss=0.0000
2026-03-19 00:51:33,279 - Server_DefaultID - INFO - Training client 12 (22/30)...
2026-03-19 00:51:34,754 - Server_DefaultID - INFO - Client 12: Acc=40.75, Loss=-282.0132, NLL=-954.7377, KL=13.0339, AvgS=410.53, ProxLoss=0.0000
2026-03-19 00:51:34,754 - Server_DefaultID - INFO - Training client 93 (23/30)...
2026-03-19 00:51:35,500 - Server_DefaultID - INFO - Client 93: Acc=36.88, Loss=-156.1749, NLL=-532.3610, KL=10.4240, AvgS=228.26, ProxLoss=0.0000
2026-03-19 00:51:35,500 - Server_DefaultID - INFO - Training client 58 (24/30)...
2026-03-19 00:51:37,443 - Server_DefaultID - INFO - Client 58: Acc=76.70, Loss=-343.0967, NLL=-1161.4834, KL=13.9625, AvgS=499.88, ProxLoss=0.0000
2026-03-19 00:51:37,443 - Server_DefaultID - INFO - Training client 13 (25/30)...
2026-03-19 00:51:37,954 - Server_DefaultID - INFO - Client 13: Acc=59.06, Loss=-22.7358, NLL=-82.6148, KL=2.9813, AvgS=36.79, ProxLoss=0.0000
2026-03-19 00:51:37,954 - Server_DefaultID - INFO - Training client 40 (26/30)...
2026-03-19 00:51:39,752 - Server_DefaultID - INFO - Client 40: Acc=54.95, Loss=-212.1637, NLL=-719.8416, KL=11.7709, AvgS=309.15, ProxLoss=0.0000
2026-03-19 00:51:39,752 - Server_DefaultID - INFO - Training client 81 (27/30)...
2026-03-19 00:51:41,848 - Server_DefaultID - INFO - Client 81: Acc=75.09, Loss=-342.5325, NLL=-1157.8304, KL=13.9478, AvgS=498.30, ProxLoss=0.0000
2026-03-19 00:51:41,848 - Server_DefaultID - INFO - Training client 25 (28/30)...
2026-03-19 00:51:43,458 - Server_DefaultID - INFO - Client 25: Acc=84.06, Loss=-50.5327, NLL=-177.2739, KL=5.5772, AvgS=76.39, ProxLoss=0.0000
2026-03-19 00:51:43,458 - Server_DefaultID - INFO - Training client 67 (29/30)...
2026-03-19 00:51:45,204 - Server_DefaultID - INFO - Client 67: Acc=58.59, Loss=-89.2989, NLL=-310.2541, KL=8.0278, AvgS=133.01, ProxLoss=0.0000
2026-03-19 00:51:45,204 - Server_DefaultID - INFO - Training client 74 (30/30)...
2026-03-19 00:51:46,433 - Server_DefaultID - INFO - Client 74: Acc=60.39, Loss=-122.2557, NLL=-420.7962, KL=9.3581, AvgS=180.33, ProxLoss=0.0000
2026-03-19 00:51:46,706 - Server_DefaultID - WARNING - Global prior extremely imbalanced (max/min=1.0), applied adaptive smoothing lam=0.10.
2026-03-19 00:51:46,707 - Server_DefaultID - INFO - Round [8/200] Summary | Avg Client Train Stats:	Loss [-285.5115]	 Acc [73.52]	NLL [-968.1331]	 KL [12.7396]	AvgS [416.49]	 ProxLoss [0.0000]
GlobalPriorAlpha (first 10): [5.0, 5.0, 5.0, 5.0, 5.0, 5.0, 5.0, 5.0, 5.0, 5.0]
Round Time: 62.91s
2026-03-19 00:51:46,709 - Server_DefaultID - INFO - --- Global Round 9/200 ---
2026-03-19 00:51:46,710 - Server_DefaultID - INFO - Selected 30 active clients for round 9.
2026-03-19 00:51:46,710 - Server_DefaultID - INFO - Training client 78 (1/30)...
2026-03-19 00:51:54,495 - Server_DefaultID - INFO - Client 78: Acc=84.47, Loss=-344.4018, NLL=-1161.7221, KL=13.9634, AvgS=499.98, ProxLoss=0.0000
2026-03-19 00:51:54,495 - Server_DefaultID - INFO - Training client 12 (2/30)...
2026-03-19 00:51:55,881 - Server_DefaultID - INFO - Client 12: Acc=73.06, Loss=-343.0586, NLL=-1154.9059, KL=13.9360, AvgS=497.04, ProxLoss=0.0000
2026-03-19 00:51:55,881 - Server_DefaultID - INFO - Training client 22 (3/30)...
2026-03-19 00:51:56,593 - Server_DefaultID - INFO - Client 22: Acc=58.59, Loss=-23.3008, NLL=-84.2251, KL=3.0032, AvgS=37.38, ProxLoss=0.0000
2026-03-19 00:51:56,593 - Server_DefaultID - INFO - Training client 11 (4/30)...
2026-03-19 00:51:58,369 - Server_DefaultID - INFO - Client 11: Acc=58.65, Loss=-327.6806, NLL=-1112.3200, KL=13.7549, AvgS=478.63, ProxLoss=0.0000
2026-03-19 00:51:58,369 - Server_DefaultID - INFO - Training client 47 (5/30)...
2026-03-19 00:52:00,111 - Server_DefaultID - INFO - Client 47: Acc=49.17, Loss=-345.6736, NLL=-1161.5346, KL=13.9627, AvgS=499.90, ProxLoss=0.0000
2026-03-19 00:52:00,111 - Server_DefaultID - INFO - Training client 6 (6/30)...
2026-03-19 00:52:01,044 - Server_DefaultID - INFO - Client 6: Acc=46.04, Loss=-131.1395, NLL=-454.7124, KL=9.6551, AvgS=194.94, ProxLoss=0.0000
2026-03-19 00:52:01,045 - Server_DefaultID - INFO - Training client 10 (7/30)...
2026-03-19 00:52:02,290 - Server_DefaultID - INFO - Client 10: Acc=34.84, Loss=-345.5045, NLL=-1160.9325, KL=13.9603, AvgS=499.64, ProxLoss=0.0000
2026-03-19 00:52:02,293 - Server_DefaultID - INFO - Training client 50 (8/30)...
2026-03-19 00:52:07,304 - Server_DefaultID - INFO - Client 50: Acc=96.99, Loss=-335.5848, NLL=-1142.7625, KL=13.8863, AvgS=491.79, ProxLoss=0.0000
2026-03-19 00:52:07,304 - Server_DefaultID - INFO - Training client 75 (9/30)...
2026-03-19 00:52:09,558 - Server_DefaultID - INFO - Client 75: Acc=84.65, Loss=-343.3400, NLL=-1161.6156, KL=13.9630, AvgS=499.93, ProxLoss=0.0000
2026-03-19 00:52:09,558 - Server_DefaultID - INFO - Training client 46 (10/30)...
2026-03-19 00:52:11,893 - Server_DefaultID - INFO - Client 46: Acc=57.07, Loss=-291.6418, NLL=-995.6577, KL=13.2242, AvgS=428.21, ProxLoss=0.0000
2026-03-19 00:52:11,893 - Server_DefaultID - INFO - Training client 68 (11/30)...
2026-03-19 00:52:14,349 - Server_DefaultID - INFO - Client 68: Acc=68.06, Loss=-342.7281, NLL=-1161.2208, KL=13.9614, AvgS=499.76, ProxLoss=0.0000
2026-03-19 00:52:14,350 - Server_DefaultID - INFO - Training client 86 (12/30)...
2026-03-19 00:52:16,753 - Server_DefaultID - INFO - Client 86: Acc=68.69, Loss=-164.5783, NLL=-564.8118, KL=10.6571, AvgS=242.34, ProxLoss=0.0000
2026-03-19 00:52:16,753 - Server_DefaultID - INFO - Training client 91 (13/30)...
2026-03-19 00:52:17,781 - Server_DefaultID - INFO - Client 91: Acc=60.52, Loss=-196.5737, NLL=-675.7560, KL=11.4343, AvgS=290.14, ProxLoss=0.0000
2026-03-19 00:52:17,781 - Server_DefaultID - INFO - Training client 67 (14/30)...
2026-03-19 00:52:19,506 - Server_DefaultID - INFO - Client 67: Acc=59.17, Loss=-204.2839, NLL=-696.2456, KL=11.6034, AvgS=298.99, ProxLoss=0.0000
2026-03-19 00:52:19,506 - Server_DefaultID - INFO - Training client 1 (15/30)...
2026-03-19 00:52:20,203 - Server_DefaultID - INFO - Client 1: Acc=55.16, Loss=-52.4643, NLL=-183.0343, KL=5.8838, AvgS=78.97, ProxLoss=0.0000
2026-03-19 00:52:20,203 - Server_DefaultID - INFO - Training client 72 (16/30)...
2026-03-19 00:52:21,383 - Server_DefaultID - INFO - Client 72: Acc=84.22, Loss=-288.8061, NLL=-985.0005, KL=13.1459, AvgS=423.61, ProxLoss=0.0000
2026-03-19 00:52:21,383 - Server_DefaultID - INFO - Training client 89 (17/30)...
2026-03-19 00:52:25,215 - Server_DefaultID - INFO - Client 89: Acc=98.55, Loss=-342.9609, NLL=-1161.6639, KL=13.9632, AvgS=499.95, ProxLoss=0.0000
2026-03-19 00:52:25,215 - Server_DefaultID - INFO - Training client 41 (18/30)...
2026-03-19 00:52:27,556 - Server_DefaultID - INFO - Client 41: Acc=57.54, Loss=-343.6916, NLL=-1161.6761, KL=13.9633, AvgS=499.96, ProxLoss=0.0000
2026-03-19 00:52:27,556 - Server_DefaultID - INFO - Training client 81 (19/30)...
2026-03-19 00:52:29,511 - Server_DefaultID - INFO - Client 81: Acc=75.45, Loss=-344.1942, NLL=-1161.3010, KL=13.9618, AvgS=499.80, ProxLoss=0.0000
2026-03-19 00:52:29,511 - Server_DefaultID - INFO - Training client 25 (20/30)...
2026-03-19 00:52:30,210 - Server_DefaultID - INFO - Client 25: Acc=86.56, Loss=-81.0112, NLL=-281.4833, KL=7.5080, AvgS=120.69, ProxLoss=0.0000
2026-03-19 00:52:30,210 - Server_DefaultID - INFO - Training client 20 (21/30)...
2026-03-19 00:52:31,997 - Server_DefaultID - INFO - Client 20: Acc=51.93, Loss=-346.0467, NLL=-1160.7774, KL=13.9597, AvgS=499.57, ProxLoss=0.0000
2026-03-19 00:52:31,997 - Server_DefaultID - INFO - Training client 49 (22/30)...
2026-03-19 00:52:34,016 - Server_DefaultID - INFO - Client 49: Acc=70.98, Loss=-344.1095, NLL=-1161.5830, KL=13.9629, AvgS=499.92, ProxLoss=0.0000
2026-03-19 00:52:34,017 - Server_DefaultID - INFO - Training client 39 (23/30)...
2026-03-19 00:52:38,182 - Server_DefaultID - INFO - Client 39: Acc=67.83, Loss=-344.4153, NLL=-1161.6985, KL=13.9633, AvgS=499.97, ProxLoss=0.0000
2026-03-19 00:52:38,182 - Server_DefaultID - INFO - Training client 94 (24/30)...
2026-03-19 00:52:41,180 - Server_DefaultID - INFO - Client 94: Acc=66.02, Loss=-205.9360, NLL=-705.1760, KL=11.6444, AvgS=302.82, ProxLoss=0.0000
2026-03-19 00:52:41,181 - Server_DefaultID - INFO - Training client 8 (25/30)...
2026-03-19 00:52:41,830 - Server_DefaultID - INFO - Client 8: Acc=60.62, Loss=-51.5676, NLL=-181.1886, KL=5.6959, AvgS=78.02, ProxLoss=0.0000
2026-03-19 00:52:41,830 - Server_DefaultID - INFO - Training client 3 (26/30)...
2026-03-19 00:52:43,549 - Server_DefaultID - INFO - Client 3: Acc=46.67, Loss=-336.1060, NLL=-1134.2925, KL=13.8495, AvgS=488.13, ProxLoss=0.0000
2026-03-19 00:52:43,549 - Server_DefaultID - INFO - Training client 33 (27/30)...
2026-03-19 00:52:45,441 - Server_DefaultID - INFO - Client 33: Acc=57.63, Loss=-345.8804, NLL=-1161.7237, KL=13.9634, AvgS=499.98, ProxLoss=0.0000
2026-03-19 00:52:45,441 - Server_DefaultID - INFO - Training client 80 (28/30)...
2026-03-19 00:52:46,002 - Server_DefaultID - INFO - Client 80: Acc=67.50, Loss=-37.8393, NLL=-131.6869, KL=4.6371, AvgS=57.36, ProxLoss=0.0000
2026-03-19 00:52:46,002 - Server_DefaultID - INFO - Training client 5 (29/30)...
2026-03-19 00:52:46,418 - Server_DefaultID - INFO - Client 5: Acc=68.12, Loss=-14.6648, NLL=-53.2404, KL=1.8858, AvgS=24.95, ProxLoss=0.0000
2026-03-19 00:52:46,418 - Server_DefaultID - INFO - Training client 87 (30/30)...
2026-03-19 00:52:48,524 - Server_DefaultID - INFO - Client 87: Acc=38.57, Loss=-346.1621, NLL=-1161.3757, KL=13.9620, AvgS=499.83, ProxLoss=0.0000
2026-03-19 00:52:49,814 - Server_DefaultID - WARNING - Global prior extremely imbalanced (max/min=1.0), applied adaptive smoothing lam=0.10.
2026-03-19 00:52:49,814 - Server_DefaultID - INFO - Round [9/200] Summary | Avg Client Train Stats:	Loss [-301.8024]	 Acc [70.49]	NLL [-1021.5189]	 KL [13.0228]	AvgS [439.55]	 ProxLoss [0.0000]
GlobalPriorAlpha (first 10): [5.001999855041504, 4.997799873352051, 4.9928998947143555, 5.026100158691406, 5.008800029754639, 5.005899906158447, 4.9704999923706055, 5.007999897003174, 4.981900215148926, 5.006199836730957]
Round Time: 63.10s
2026-03-19 00:52:49,816 - Server_DefaultID - INFO - --- Global Round 10/200 ---
2026-03-19 00:52:49,817 - Server_DefaultID - INFO - Selected 30 active clients for round 10.
2026-03-19 00:52:49,817 - Server_DefaultID - INFO - Training client 34 (1/30)...
2026-03-19 00:52:50,823 - Server_DefaultID - INFO - Client 34: Acc=33.23, Loss=-262.2068, NLL=-890.7968, KL=12.6820, AvgS=382.90, ProxLoss=0.0000
2026-03-19 00:52:50,823 - Server_DefaultID - INFO - Training client 48 (2/30)...
2026-03-19 00:52:55,308 - Server_DefaultID - INFO - Client 48: Acc=86.65, Loss=-344.5998, NLL=-1161.6842, KL=13.9633, AvgS=499.96, ProxLoss=0.0000
2026-03-19 00:52:55,308 - Server_DefaultID - INFO - Training client 70 (3/30)...
2026-03-19 00:52:56,812 - Server_DefaultID - INFO - Client 70: Acc=66.25, Loss=-339.0120, NLL=-1151.6817, KL=13.9230, AvgS=495.64, ProxLoss=0.0000
2026-03-19 00:52:56,812 - Server_DefaultID - INFO - Training client 16 (4/30)...
2026-03-19 00:52:57,559 - Server_DefaultID - INFO - Client 16: Acc=62.19, Loss=-115.9685, NLL=-400.7357, KL=9.0818, AvgS=171.85, ProxLoss=0.0000
2026-03-19 00:52:57,559 - Server_DefaultID - INFO - Training client 55 (5/30)...
2026-03-19 00:53:05,450 - Server_DefaultID - INFO - Client 55: Acc=84.58, Loss=-344.9259, NLL=-1161.6093, KL=13.9630, AvgS=499.93, ProxLoss=0.0000
2026-03-19 00:53:05,450 - Server_DefaultID - INFO - Training client 47 (6/30)...
2026-03-19 00:53:07,142 - Server_DefaultID - INFO - Client 47: Acc=49.38, Loss=-345.6396, NLL=-1161.5902, KL=13.9629, AvgS=499.92, ProxLoss=0.0000
2026-03-19 00:53:07,142 - Server_DefaultID - INFO - Training client 67 (7/30)...
2026-03-19 00:53:08,877 - Server_DefaultID - INFO - Client 67: Acc=55.31, Loss=-329.3419, NLL=-1115.6297, KL=13.7756, AvgS=480.07, ProxLoss=0.0000
2026-03-19 00:53:08,877 - Server_DefaultID - INFO - Training client 69 (8/30)...
2026-03-19 00:53:09,592 - Server_DefaultID - INFO - Client 69: Acc=29.22, Loss=-80.4012, NLL=-277.6007, KL=7.5895, AvgS=118.94, ProxLoss=0.0000
2026-03-19 00:53:09,592 - Server_DefaultID - INFO - Training client 98 (9/30)...
2026-03-19 00:53:10,497 - Server_DefaultID - INFO - Client 98: Acc=54.90, Loss=-197.0525, NLL=-678.6550, KL=11.4944, AvgS=291.37, ProxLoss=0.0000
2026-03-19 00:53:10,497 - Server_DefaultID - INFO - Training client 4 (10/30)...
2026-03-19 00:53:12,050 - Server_DefaultID - INFO - Client 4: Acc=57.08, Loss=-213.7619, NLL=-725.8117, KL=11.8116, AvgS=311.69, ProxLoss=0.0000
2026-03-19 00:53:12,051 - Server_DefaultID - INFO - Training client 22 (11/30)...
2026-03-19 00:53:12,630 - Server_DefaultID - INFO - Client 22: Acc=59.06, Loss=-50.0348, NLL=-175.4401, KL=5.6196, AvgS=75.56, ProxLoss=0.0000
2026-03-19 00:53:12,630 - Server_DefaultID - INFO - Training client 29 (12/30)...
2026-03-19 00:53:13,669 - Server_DefaultID - INFO - Client 29: Acc=48.05, Loss=-51.9470, NLL=-184.6811, KL=5.7534, AvgS=79.47, ProxLoss=0.0000
2026-03-19 00:53:13,669 - Server_DefaultID - INFO - Training client 45 (13/30)...
2026-03-19 00:53:15,543 - Server_DefaultID - INFO - Client 45: Acc=41.13, Loss=-300.8762, NLL=-1024.7822, KL=13.3562, AvgS=440.80, ProxLoss=0.0000
2026-03-19 00:53:15,544 - Server_DefaultID - INFO - Training client 63 (14/30)...
2026-03-19 00:53:16,701 - Server_DefaultID - INFO - Client 63: Acc=51.44, Loss=-337.0035, NLL=-1142.3806, KL=13.8828, AvgS=491.62, ProxLoss=0.0000
2026-03-19 00:53:16,701 - Server_DefaultID - INFO - Training client 86 (15/30)...
2026-03-19 00:53:17,861 - Server_DefaultID - INFO - Client 86: Acc=70.81, Loss=-281.1472, NLL=-957.0218, KL=13.0515, AvgS=411.55, ProxLoss=0.0000
2026-03-19 00:53:17,862 - Server_DefaultID - INFO - Training client 41 (16/30)...
2026-03-19 00:53:19,824 - Server_DefaultID - INFO - Client 41: Acc=62.66, Loss=-343.5032, NLL=-1161.5460, KL=13.9627, AvgS=499.90, ProxLoss=0.0000
2026-03-19 00:53:19,825 - Server_DefaultID - INFO - Training client 36 (17/30)...
2026-03-19 00:53:25,548 - Server_DefaultID - INFO - Client 36: Acc=81.89, Loss=-343.1925, NLL=-1161.7324, KL=13.9635, AvgS=499.98, ProxLoss=0.0000
2026-03-19 00:53:25,548 - Server_DefaultID - INFO - Training client 24 (18/30)...
2026-03-19 00:53:25,867 - Server_DefaultID - INFO - Client 24: Acc=53.44, Loss=-51.8418, NLL=-178.0660, KL=5.7456, AvgS=76.80, ProxLoss=0.0000
2026-03-19 00:53:25,867 - Server_DefaultID - INFO - Training client 66 (19/30)...
2026-03-19 00:53:27,446 - Server_DefaultID - INFO - Client 66: Acc=87.99, Loss=-344.1064, NLL=-1161.6953, KL=13.9633, AvgS=499.97, ProxLoss=0.0000
2026-03-19 00:53:27,446 - Server_DefaultID - INFO - Training client 3 (20/30)...
2026-03-19 00:53:28,828 - Server_DefaultID - INFO - Client 3: Acc=59.01, Loss=-345.9118, NLL=-1161.0569, KL=13.9608, AvgS=499.69, ProxLoss=0.0000
2026-03-19 00:53:28,828 - Server_DefaultID - INFO - Training client 94 (21/30)...
2026-03-19 00:53:31,197 - Server_DefaultID - INFO - Client 94: Acc=64.66, Loss=-343.3090, NLL=-1159.5374, KL=13.9548, AvgS=499.04, ProxLoss=0.0000
2026-03-19 00:53:31,197 - Server_DefaultID - INFO - Training client 64 (22/30)...
2026-03-19 00:53:31,575 - Server_DefaultID - INFO - Client 64: Acc=65.31, Loss=-37.3558, NLL=-131.1990, KL=4.5994, AvgS=57.17, ProxLoss=0.0000
2026-03-19 00:53:31,575 - Server_DefaultID - INFO - Training client 61 (23/30)...
2026-03-19 00:53:32,756 - Server_DefaultID - INFO - Client 61: Acc=50.19, Loss=-341.5793, NLL=-1150.2806, KL=13.9172, AvgS=495.04, ProxLoss=0.0000
2026-03-19 00:53:32,756 - Server_DefaultID - INFO - Training client 33 (24/30)...
2026-03-19 00:53:34,411 - Server_DefaultID - INFO - Client 33: Acc=57.41, Loss=-345.4911, NLL=-1161.1363, KL=13.9611, AvgS=499.73, ProxLoss=0.0000
2026-03-19 00:53:34,411 - Server_DefaultID - INFO - Training client 76 (25/30)...
2026-03-19 00:53:36,279 - Server_DefaultID - INFO - Client 76: Acc=51.80, Loss=-345.9060, NLL=-1161.6255, KL=13.9631, AvgS=499.94, ProxLoss=0.0000
2026-03-19 00:53:36,279 - Server_DefaultID - INFO - Training client 18 (26/30)...
2026-03-19 00:53:39,407 - Server_DefaultID - INFO - Client 18: Acc=84.60, Loss=-344.6350, NLL=-1161.5060, KL=13.9626, AvgS=499.89, ProxLoss=0.0000
2026-03-19 00:53:39,407 - Server_DefaultID - INFO - Training client 25 (27/30)...
2026-03-19 00:53:40,032 - Server_DefaultID - INFO - Client 25: Acc=82.81, Loss=-112.1886, NLL=-387.4063, KL=8.7825, AvgS=166.09, ProxLoss=0.0000
2026-03-19 00:53:40,032 - Server_DefaultID - INFO - Training client 11 (28/30)...
2026-03-19 00:53:41,452 - Server_DefaultID - INFO - Client 11: Acc=86.67, Loss=-344.0795, NLL=-1160.3246, KL=13.9578, AvgS=499.38, ProxLoss=0.0000
2026-03-19 00:53:41,452 - Server_DefaultID - INFO - Training client 99 (29/30)...
2026-03-19 00:53:41,865 - Server_DefaultID - INFO - Client 99: Acc=39.69, Loss=-25.2658, NLL=-88.8985, KL=3.2402, AvgS=39.52, ProxLoss=0.0000
2026-03-19 00:53:41,865 - Server_DefaultID - INFO - Training client 26 (30/30)...
2026-03-19 00:53:45,350 - Server_DefaultID - INFO - Client 26: Acc=94.14, Loss=-343.4487, NLL=-1161.6390, KL=13.9631, AvgS=499.94, ProxLoss=0.0000
2026-03-19 00:53:45,458 - Server_DefaultID - WARNING - Global prior extremely imbalanced (max/min=1.0), applied adaptive smoothing lam=0.10.
2026-03-19 00:53:45,458 - Server_DefaultID - INFO - Round [10/200] Summary | Avg Client Train Stats:	Loss [-310.4945]	 Acc [70.77]	NLL [-1049.2690]	 KL [13.1775]	AvgS [451.52]	 ProxLoss [0.0000]
GlobalPriorAlpha (first 10): [5.0, 5.0, 5.0, 5.0, 5.0, 5.0, 5.0, 5.0, 5.0, 5.0]
Round Time: 55.64s
2026-03-19 00:53:45,458 - Server_DefaultID - INFO - --- Evaluating models at round 10 ---
2026-03-19 00:54:52,559 - Server_DefaultID - INFO - Global Model Evaluation (Round 10): 
  Avg Test Acc: 59.19%
  Avg Test Acc Softmax: 59.19%
  Avg Test Loss: -732.2201
  Avg Test NLL: -741.3122
  Avg Test KL (vs flat prior): 10.6845
  Avg Test S: 319.02
2026-03-19 00:56:00,837 - Server_DefaultID - INFO - Personalized Model Evaluation (Round 10): 
  Avg Test Acc: 60.14%
  Avg Test Acc Softmax: 60.14%
  Avg Test Loss: -769.2603
  Avg Test NLL: -778.5759
  Avg Test KL (vs flat prior): 10.9157
  Avg Test S: 335.07
2026-03-19 00:56:00,837 - Server_DefaultID - INFO - [Metric 1] Personalized Brier Score | Mean: 0.5990
2026-03-19 00:56:00,837 - Server_DefaultID - INFO - [Metric 1] Personalized ECE | Mean: 0.1885
2026-03-19 00:56:00,837 - Server_DefaultID - INFO - [OOD Eval] OOD AUC-ROC (Epistemic): 0.2548
2026-03-19 00:56:00,837 - Server_DefaultID - INFO - [Metric 4] OOD FPR@95%TPR: 0.9361
2026-03-19 00:56:02,286 - Server_DefaultID - INFO - --- Global Round 11/200 ---
2026-03-19 00:56:02,287 - Server_DefaultID - INFO - Selected 30 active clients for round 11.
2026-03-19 00:56:02,287 - Server_DefaultID - INFO - Training client 81 (1/30)...
2026-03-19 00:56:04,209 - Server_DefaultID - INFO - Client 81: Acc=75.89, Loss=-344.2509, NLL=-1161.6280, KL=13.9631, AvgS=499.94, ProxLoss=0.0000
2026-03-19 00:56:04,209 - Server_DefaultID - INFO - Training client 45 (2/30)...
2026-03-19 00:56:06,364 - Server_DefaultID - INFO - Client 45: Acc=59.10, Loss=-343.7321, NLL=-1160.8886, KL=13.9602, AvgS=499.62, ProxLoss=0.0000
2026-03-19 00:56:06,364 - Server_DefaultID - INFO - Training client 99 (3/30)...
2026-03-19 00:56:06,845 - Server_DefaultID - INFO - Client 99: Acc=47.81, Loss=-38.9063, NLL=-134.4542, KL=4.6786, AvgS=58.42, ProxLoss=0.0000
2026-03-19 00:56:06,845 - Server_DefaultID - INFO - Training client 92 (4/30)...
2026-03-19 00:56:07,867 - Server_DefaultID - INFO - Client 92: Acc=95.16, Loss=-338.5819, NLL=-1145.4583, KL=13.8969, AvgS=492.95, ProxLoss=0.0000
2026-03-19 00:56:07,867 - Server_DefaultID - INFO - Training client 41 (5/30)...
2026-03-19 00:56:11,012 - Server_DefaultID - INFO - Client 41: Acc=60.62, Loss=-343.4746, NLL=-1161.5325, KL=13.9627, AvgS=499.90, ProxLoss=0.0000
2026-03-19 00:56:11,012 - Server_DefaultID - INFO - Training client 34 (6/30)...
2026-03-19 00:56:11,965 - Server_DefaultID - INFO - Client 34: Acc=56.98, Loss=-326.2555, NLL=-1104.9608, KL=13.7214, AvgS=475.44, ProxLoss=0.0000
2026-03-19 00:56:11,966 - Server_DefaultID - INFO - Training client 52 (7/30)...
2026-03-19 00:56:12,910 - Server_DefaultID - INFO - Client 52: Acc=65.52, Loss=-271.5414, NLL=-923.4930, KL=12.8715, AvgS=397.08, ProxLoss=0.0000
2026-03-19 00:56:12,910 - Server_DefaultID - INFO - Training client 88 (8/30)...
2026-03-19 00:56:14,736 - Server_DefaultID - INFO - Client 88: Acc=44.64, Loss=-330.0207, NLL=-1117.8102, KL=13.7759, AvgS=481.00, ProxLoss=0.0000
2026-03-19 00:56:14,736 - Server_DefaultID - INFO - Training client 37 (9/30)...
2026-03-19 00:56:15,872 - Server_DefaultID - INFO - Client 37: Acc=48.44, Loss=-202.6788, NLL=-689.5914, KL=11.5464, AvgS=296.07, ProxLoss=0.0000
2026-03-19 00:56:15,872 - Server_DefaultID - INFO - Training client 43 (10/30)...
2026-03-19 00:56:18,774 - Server_DefaultID - INFO - Client 43: Acc=71.22, Loss=-344.0021, NLL=-1161.5968, KL=13.9630, AvgS=499.93, ProxLoss=0.0000
2026-03-19 00:56:18,775 - Server_DefaultID - INFO - Training client 68 (11/30)...
2026-03-19 00:56:21,171 - Server_DefaultID - INFO - Client 68: Acc=72.15, Loss=-342.9060, NLL=-1161.6181, KL=13.9630, AvgS=499.93, ProxLoss=0.0000
2026-03-19 00:56:21,171 - Server_DefaultID - INFO - Training client 90 (12/30)...
2026-03-19 00:56:23,429 - Client_90 - WARNING - Client 90: Too few classes (1) or samples (592) for alpha report, returning uniform.
2026-03-19 00:56:23,429 - Server_DefaultID - INFO - Client 90: Acc=92.95, Loss=-328.5291, NLL=-1126.1886, KL=13.8176, AvgS=484.62, ProxLoss=0.0000
2026-03-19 00:56:23,429 - Server_DefaultID - INFO - Training client 55 (13/30)...
2026-03-19 00:56:30,819 - Server_DefaultID - INFO - Client 55: Acc=84.48, Loss=-344.9877, NLL=-1161.6500, KL=13.9632, AvgS=499.95, ProxLoss=0.0000
2026-03-19 00:56:30,819 - Server_DefaultID - INFO - Training client 16 (14/30)...
2026-03-19 00:56:31,526 - Server_DefaultID - INFO - Client 16: Acc=54.06, Loss=-339.2113, NLL=-1148.8694, KL=13.9047, AvgS=494.43, ProxLoss=0.0000
2026-03-19 00:56:31,526 - Server_DefaultID - INFO - Training client 12 (15/30)...
2026-03-19 00:56:32,877 - Server_DefaultID - INFO - Client 12: Acc=72.38, Loss=-345.7858, NLL=-1161.2143, KL=13.9613, AvgS=499.76, ProxLoss=0.0000
2026-03-19 00:56:32,877 - Server_DefaultID - INFO - Training client 35 (16/30)...
2026-03-19 00:56:33,813 - Server_DefaultID - INFO - Client 35: Acc=57.92, Loss=-201.8004, NLL=-685.6725, KL=11.5442, AvgS=294.43, ProxLoss=0.0000
2026-03-19 00:56:33,813 - Server_DefaultID - INFO - Training client 94 (17/30)...
2026-03-19 00:56:36,574 - Server_DefaultID - INFO - Client 94: Acc=65.68, Loss=-344.0262, NLL=-1161.4748, KL=13.9625, AvgS=499.87, ProxLoss=0.0000
2026-03-19 00:56:36,574 - Server_DefaultID - INFO - Training client 17 (18/30)...
2026-03-19 00:56:37,297 - Server_DefaultID - INFO - Client 17: Acc=75.62, Loss=-337.5759, NLL=-1138.8679, KL=13.8566, AvgS=490.11, ProxLoss=0.0000
2026-03-19 00:56:37,297 - Server_DefaultID - INFO - Training client 96 (19/30)...
2026-03-19 00:56:39,675 - Server_DefaultID - INFO - Client 96: Acc=59.72, Loss=-329.7815, NLL=-1123.5649, KL=13.8048, AvgS=483.49, ProxLoss=0.0000
2026-03-19 00:56:39,676 - Server_DefaultID - INFO - Training client 89 (20/30)...
2026-03-19 00:56:44,346 - Server_DefaultID - INFO - Client 89: Acc=98.57, Loss=-342.7889, NLL=-1161.7594, KL=13.9636, AvgS=500.00, ProxLoss=0.0000
2026-03-19 00:56:44,346 - Server_DefaultID - INFO - Training client 13 (21/30)...
2026-03-19 00:56:44,781 - Server_DefaultID - INFO - Client 13: Acc=50.00, Loss=-327.5165, NLL=-1110.2324, KL=13.6519, AvgS=477.77, ProxLoss=0.0000
2026-03-19 00:56:44,781 - Server_DefaultID - INFO - Training client 72 (22/30)...
2026-03-19 00:56:45,908 - Server_DefaultID - INFO - Client 72: Acc=95.08, Loss=-338.1598, NLL=-1146.7322, KL=13.9014, AvgS=493.50, ProxLoss=0.0000
2026-03-19 00:56:45,908 - Server_DefaultID - INFO - Training client 59 (23/30)...
2026-03-19 00:56:48,371 - Server_DefaultID - INFO - Client 59: Acc=63.06, Loss=-344.2325, NLL=-1161.5683, KL=13.9628, AvgS=499.91, ProxLoss=0.0000
2026-03-19 00:56:48,371 - Server_DefaultID - INFO - Training client 10 (24/30)...
2026-03-19 00:56:49,548 - Server_DefaultID - INFO - Client 10: Acc=31.80, Loss=-345.5368, NLL=-1161.3905, KL=13.9622, AvgS=499.84, ProxLoss=0.0000
2026-03-19 00:56:49,548 - Server_DefaultID - INFO - Training client 83 (25/30)...
2026-03-19 00:56:52,261 - Server_DefaultID - INFO - Client 83: Acc=99.72, Loss=-342.0735, NLL=-1161.6305, KL=13.9631, AvgS=499.94, ProxLoss=0.0000
2026-03-19 00:56:52,261 - Server_DefaultID - INFO - Training client 23 (26/30)...
2026-03-19 00:56:52,615 - Server_DefaultID - INFO - Client 23: Acc=76.61, Loss=-50.0705, NLL=-175.2450, KL=5.6730, AvgS=75.70, ProxLoss=0.0000
2026-03-19 00:56:52,615 - Server_DefaultID - INFO - Training client 20 (27/30)...
2026-03-19 00:56:54,152 - Server_DefaultID - INFO - Client 20: Acc=56.93, Loss=-346.4999, NLL=-1161.7059, KL=13.9634, AvgS=499.97, ProxLoss=0.0000
2026-03-19 00:56:54,152 - Server_DefaultID - INFO - Training client 75 (28/30)...
2026-03-19 00:56:56,203 - Server_DefaultID - INFO - Client 75: Acc=84.77, Loss=-343.2892, NLL=-1161.7135, KL=13.9634, AvgS=499.98, ProxLoss=0.0000
2026-03-19 00:56:56,203 - Server_DefaultID - INFO - Training client 14 (29/30)...
2026-03-19 00:56:58,696 - Server_DefaultID - INFO - Client 14: Acc=68.16, Loss=-342.9588, NLL=-1161.7454, KL=13.9635, AvgS=499.99, ProxLoss=0.0000
2026-03-19 00:56:58,696 - Server_DefaultID - INFO - Training client 95 (30/30)...
2026-03-19 00:57:01,012 - Server_DefaultID - INFO - Client 95: Acc=57.12, Loss=-342.9132, NLL=-1161.2054, KL=13.9614, AvgS=499.76, ProxLoss=0.0000
2026-03-19 00:57:01,333 - Server_DefaultID - WARNING - Global prior extremely imbalanced (max/min=1.0), applied adaptive smoothing lam=0.10.
2026-03-19 00:57:01,333 - Server_DefaultID - INFO - Round [11/200] Summary | Avg Client Train Stats:	Loss [-331.9901]	 Acc [72.44]	NLL [-1123.0016]	 KL [13.7315]	AvgS [483.28]	 ProxLoss [0.0000]
GlobalPriorAlpha (first 10): [5.0, 5.0, 5.0, 5.0, 5.0, 5.0, 5.0, 5.0, 5.0, 5.0]
Round Time: 59.05s
2026-03-19 00:57:01,336 - Server_DefaultID - INFO - --- Global Round 12/200 ---
2026-03-19 00:57:01,336 - Server_DefaultID - INFO - Selected 30 active clients for round 12.
2026-03-19 00:57:01,336 - Server_DefaultID - INFO - Training client 64 (1/30)...
2026-03-19 00:57:01,844 - Server_DefaultID - INFO - Client 64: Acc=64.06, Loss=-50.7326, NLL=-177.1223, KL=5.6997, AvgS=76.46, ProxLoss=0.0000
2026-03-19 00:57:01,844 - Server_DefaultID - INFO - Training client 65 (2/30)...
2026-03-19 00:57:02,315 - Server_DefaultID - INFO - Client 65: Acc=68.44, Loss=-25.1396, NLL=-88.4951, KL=3.3153, AvgS=39.45, ProxLoss=0.0000
2026-03-19 00:57:02,315 - Server_DefaultID - INFO - Training client 83 (3/30)...
2026-03-19 00:57:04,982 - Server_DefaultID - INFO - Client 83: Acc=99.78, Loss=-341.9713, NLL=-1161.5802, KL=13.9629, AvgS=499.92, ProxLoss=0.0000
2026-03-19 00:57:04,982 - Server_DefaultID - INFO - Training client 29 (4/30)...
2026-03-19 00:57:06,289 - Server_DefaultID - INFO - Client 29: Acc=44.14, Loss=-119.7631, NLL=-414.3142, KL=9.2429, AvgS=177.53, ProxLoss=0.0000
2026-03-19 00:57:06,289 - Server_DefaultID - INFO - Training client 58 (5/30)...
2026-03-19 00:57:08,210 - Server_DefaultID - INFO - Client 58: Acc=76.92, Loss=-342.9663, NLL=-1161.5736, KL=13.9629, AvgS=499.92, ProxLoss=0.0000
2026-03-19 00:57:08,210 - Server_DefaultID - INFO - Training client 76 (6/30)...
2026-03-19 00:57:10,430 - Server_DefaultID - INFO - Client 76: Acc=58.32, Loss=-345.7732, NLL=-1161.6564, KL=13.9632, AvgS=499.95, ProxLoss=0.0000
2026-03-19 00:57:10,430 - Server_DefaultID - INFO - Training client 94 (7/30)...
2026-03-19 00:57:13,472 - Server_DefaultID - INFO - Client 94: Acc=68.78, Loss=-344.0642, NLL=-1161.5944, KL=13.9629, AvgS=499.92, ProxLoss=0.0000
2026-03-19 00:57:13,472 - Server_DefaultID - INFO - Training client 25 (8/30)...
2026-03-19 00:57:14,244 - Server_DefaultID - INFO - Client 25: Acc=83.59, Loss=-151.1988, NLL=-518.0670, KL=10.1270, AvgS=222.21, ProxLoss=0.0000
2026-03-19 00:57:14,244 - Server_DefaultID - INFO - Training client 28 (9/30)...
2026-03-19 00:57:15,813 - Server_DefaultID - INFO - Client 28: Acc=59.06, Loss=-22.8236, NLL=-82.1377, KL=2.9046, AvgS=36.53, ProxLoss=0.0000
2026-03-19 00:57:15,813 - Server_DefaultID - INFO - Training client 18 (10/30)...
2026-03-19 00:57:19,798 - Server_DefaultID - INFO - Client 18: Acc=83.88, Loss=-344.5766, NLL=-1161.7164, KL=13.9634, AvgS=499.98, ProxLoss=0.0000
2026-03-19 00:57:19,799 - Server_DefaultID - INFO - Training client 85 (11/30)...
2026-03-19 00:57:23,059 - Server_DefaultID - INFO - Client 85: Acc=99.74, Loss=-342.0570, NLL=-1161.7571, KL=13.9636, AvgS=499.99, ProxLoss=0.0000
2026-03-19 00:57:23,059 - Server_DefaultID - INFO - Training client 72 (12/30)...
2026-03-19 00:57:24,354 - Server_DefaultID - INFO - Client 72: Acc=95.08, Loss=-342.8379, NLL=-1160.3676, KL=13.9581, AvgS=499.39, ProxLoss=0.0000
2026-03-19 00:57:24,354 - Server_DefaultID - INFO - Training client 62 (13/30)...
2026-03-19 00:57:24,984 - Server_DefaultID - INFO - Client 62: Acc=47.50, Loss=-22.7834, NLL=-82.5397, KL=2.9312, AvgS=36.62, ProxLoss=0.0000
2026-03-19 00:57:24,984 - Server_DefaultID - INFO - Training client 61 (14/30)...
2026-03-19 00:57:26,334 - Server_DefaultID - INFO - Client 61: Acc=51.81, Loss=-345.9358, NLL=-1160.9634, KL=13.9604, AvgS=499.65, ProxLoss=0.0000
2026-03-19 00:57:26,334 - Server_DefaultID - INFO - Training client 67 (15/30)...
2026-03-19 00:57:27,899 - Server_DefaultID - INFO - Client 67: Acc=58.54, Loss=-344.9475, NLL=-1161.1876, KL=13.9614, AvgS=499.75, ProxLoss=0.0000
2026-03-19 00:57:27,899 - Server_DefaultID - INFO - Training client 26 (16/30)...
2026-03-19 00:57:32,322 - Server_DefaultID - INFO - Client 26: Acc=94.23, Loss=-343.4422, NLL=-1161.7382, KL=13.9635, AvgS=499.99, ProxLoss=0.0000
2026-03-19 00:57:32,322 - Server_DefaultID - INFO - Training client 1 (17/30)...
2026-03-19 00:57:33,085 - Server_DefaultID - INFO - Client 1: Acc=42.97, Loss=-344.0936, NLL=-1160.3076, KL=13.9574, AvgS=499.37, ProxLoss=0.0000
2026-03-19 00:57:33,085 - Server_DefaultID - INFO - Training client 20 (18/30)...
2026-03-19 00:57:34,694 - Server_DefaultID - INFO - Client 20: Acc=56.51, Loss=-346.2408, NLL=-1161.3732, KL=13.9619, AvgS=499.83, ProxLoss=0.0000
2026-03-19 00:57:34,694 - Server_DefaultID - INFO - Training client 36 (19/30)...
2026-03-19 00:57:40,550 - Server_DefaultID - INFO - Client 36: Acc=85.82, Loss=-343.0835, NLL=-1161.6509, KL=13.9632, AvgS=499.95, ProxLoss=0.0000
2026-03-19 00:57:40,550 - Server_DefaultID - INFO - Training client 53 (20/30)...
2026-03-19 00:57:43,163 - Server_DefaultID - INFO - Client 53: Acc=95.97, Loss=-343.4902, NLL=-1161.3679, KL=13.9620, AvgS=499.83, ProxLoss=0.0000
2026-03-19 00:57:43,163 - Server_DefaultID - INFO - Training client 71 (21/30)...
2026-03-19 00:57:43,772 - Server_DefaultID - INFO - Client 71: Acc=62.03, Loss=-118.7746, NLL=-405.9773, KL=9.2432, AvgS=174.05, ProxLoss=0.0000
2026-03-19 00:57:43,772 - Server_DefaultID - INFO - Training client 55 (22/30)...
2026-03-19 00:57:52,632 - Server_DefaultID - INFO - Client 55: Acc=84.50, Loss=-344.9594, NLL=-1161.7091, KL=13.9634, AvgS=499.97, ProxLoss=0.0000
2026-03-19 00:57:52,632 - Server_DefaultID - INFO - Training client 15 (23/30)...
2026-03-19 00:57:53,461 - Server_DefaultID - INFO - Client 15: Acc=32.97, Loss=-340.3447, NLL=-1151.1784, KL=13.9126, AvgS=495.43, ProxLoss=0.0000
2026-03-19 00:57:53,461 - Server_DefaultID - INFO - Training client 57 (24/30)...
2026-03-19 00:57:57,971 - Server_DefaultID - INFO - Client 57: Acc=93.81, Loss=-344.0363, NLL=-1161.7533, KL=13.9636, AvgS=499.99, ProxLoss=0.0000
2026-03-19 00:57:57,971 - Server_DefaultID - INFO - Training client 87 (25/30)...
2026-03-19 00:57:59,749 - Server_DefaultID - INFO - Client 87: Acc=44.87, Loss=-346.1664, NLL=-1161.6773, KL=13.9633, AvgS=499.96, ProxLoss=0.0000
2026-03-19 00:57:59,749 - Server_DefaultID - INFO - Training client 40 (26/30)...
2026-03-19 00:58:01,357 - Server_DefaultID - INFO - Client 40: Acc=55.62, Loss=-333.7446, NLL=-1127.8569, KL=13.8231, AvgS=485.35, ProxLoss=0.0000
2026-03-19 00:58:01,357 - Server_DefaultID - INFO - Training client 59 (27/30)...
2026-03-19 00:58:03,683 - Server_DefaultID - INFO - Client 59: Acc=69.38, Loss=-344.1755, NLL=-1161.4920, KL=13.9625, AvgS=499.88, ProxLoss=0.0000
2026-03-19 00:58:03,683 - Server_DefaultID - INFO - Training client 39 (28/30)...
2026-03-19 00:58:07,848 - Server_DefaultID - INFO - Client 39: Acc=69.79, Loss=-344.3289, NLL=-1161.6571, KL=13.9632, AvgS=499.95, ProxLoss=0.0000
2026-03-19 00:58:07,848 - Server_DefaultID - INFO - Training client 60 (29/30)...
2026-03-19 00:58:08,732 - Server_DefaultID - INFO - Client 60: Acc=38.65, Loss=-190.0967, NLL=-653.4108, KL=11.2503, AvgS=280.45, ProxLoss=0.0000
2026-03-19 00:58:08,732 - Server_DefaultID - INFO - Training client 98 (30/30)...
2026-03-19 00:58:09,611 - Server_DefaultID - INFO - Client 98: Acc=57.19, Loss=-261.8103, NLL=-897.0168, KL=12.7479, AvgS=385.63, ProxLoss=0.0000
2026-03-19 00:58:09,855 - Server_DefaultID - WARNING - Global prior extremely imbalanced (max/min=1.0), applied adaptive smoothing lam=0.10.
2026-03-19 00:58:09,856 - Server_DefaultID - INFO - Round [12/200] Summary | Avg Client Train Stats:	Loss [-323.4311]	 Acc [77.17]	NLL [-1092.7937]	 KL [13.4471]	AvgS [470.29]	 ProxLoss [0.0000]
GlobalPriorAlpha (first 10): [5.0, 5.0, 5.0, 5.0, 5.0, 5.0, 5.0, 5.0, 5.0, 5.0]
Round Time: 68.52s
2026-03-19 00:58:09,859 - Server_DefaultID - INFO - --- Global Round 13/200 ---
2026-03-19 00:58:09,859 - Server_DefaultID - INFO - Selected 30 active clients for round 13.
2026-03-19 00:58:09,859 - Server_DefaultID - INFO - Training client 4 (1/30)...
2026-03-19 00:58:11,604 - Server_DefaultID - INFO - Client 4: Acc=67.97, Loss=-345.8203, NLL=-1161.7124, KL=13.9634, AvgS=499.98, ProxLoss=0.0000
2026-03-19 00:58:11,604 - Server_DefaultID - INFO - Training client 10 (2/30)...
2026-03-19 00:58:12,779 - Server_DefaultID - INFO - Client 10: Acc=44.77, Loss=-345.7472, NLL=-1161.7293, KL=13.9635, AvgS=499.98, ProxLoss=0.0000
2026-03-19 00:58:12,779 - Server_DefaultID - INFO - Training client 12 (3/30)...
2026-03-19 00:58:14,170 - Server_DefaultID - INFO - Client 12: Acc=72.81, Loss=-345.9086, NLL=-1161.6573, KL=13.9632, AvgS=499.95, ProxLoss=0.0000
2026-03-19 00:58:14,170 - Server_DefaultID - INFO - Training client 27 (4/30)...
2026-03-19 00:58:15,165 - Server_DefaultID - INFO - Client 27: Acc=53.96, Loss=-197.8186, NLL=-673.6826, KL=11.4356, AvgS=289.26, ProxLoss=0.0000
2026-03-19 00:58:15,165 - Server_DefaultID - INFO - Training client 65 (5/30)...
2026-03-19 00:58:15,680 - Server_DefaultID - INFO - Client 65: Acc=61.25, Loss=-37.0215, NLL=-129.3963, KL=4.4961, AvgS=56.39, ProxLoss=0.0000
2026-03-19 00:58:15,680 - Server_DefaultID - INFO - Training client 29 (6/30)...
2026-03-19 00:58:16,837 - Server_DefaultID - INFO - Client 29: Acc=43.44, Loss=-199.8741, NLL=-684.7414, KL=11.4307, AvgS=293.98, ProxLoss=0.0000
2026-03-19 00:58:16,837 - Server_DefaultID - INFO - Training client 50 (7/30)...
2026-03-19 00:58:22,824 - Server_DefaultID - INFO - Client 50: Acc=97.47, Loss=-343.1292, NLL=-1161.6443, KL=13.9631, AvgS=499.95, ProxLoss=0.0000
2026-03-19 00:58:22,824 - Server_DefaultID - INFO - Training client 17 (8/30)...
2026-03-19 00:58:23,587 - Server_DefaultID - INFO - Client 17: Acc=78.12, Loss=-345.2376, NLL=-1161.2440, KL=13.9614, AvgS=499.77, ProxLoss=0.0000
2026-03-19 00:58:23,587 - Server_DefaultID - INFO - Training client 94 (9/30)...
2026-03-19 00:58:26,705 - Server_DefaultID - INFO - Client 94: Acc=67.78, Loss=-344.0655, NLL=-1161.7179, KL=13.9634, AvgS=499.98, ProxLoss=0.0000
2026-03-19 00:58:26,705 - Server_DefaultID - INFO - Training client 87 (10/30)...
2026-03-19 00:58:28,670 - Server_DefaultID - INFO - Client 87: Acc=44.38, Loss=-346.0136, NLL=-1161.4472, KL=13.9623, AvgS=499.86, ProxLoss=0.0000
2026-03-19 00:58:28,670 - Server_DefaultID - INFO - Training client 70 (11/30)...
2026-03-19 00:58:30,170 - Server_DefaultID - INFO - Client 70: Acc=74.81, Loss=-343.0033, NLL=-1161.3612, KL=13.9620, AvgS=499.82, ProxLoss=0.0000
2026-03-19 00:58:30,170 - Server_DefaultID - INFO - Training client 0 (12/30)...
2026-03-19 00:58:30,603 - Server_DefaultID - INFO - Client 0: Acc=39.06, Loss=-341.3288, NLL=-1151.8545, KL=13.9168, AvgS=495.72, ProxLoss=0.0000
2026-03-19 00:58:30,603 - Server_DefaultID - INFO - Training client 43 (13/30)...
2026-03-19 00:58:33,470 - Server_DefaultID - INFO - Client 43: Acc=72.19, Loss=-343.9947, NLL=-1161.6999, KL=13.9634, AvgS=499.97, ProxLoss=0.0000
2026-03-19 00:58:33,470 - Server_DefaultID - INFO - Training client 14 (14/30)...
2026-03-19 00:58:35,800 - Server_DefaultID - INFO - Client 14: Acc=79.10, Loss=-342.9507, NLL=-1161.7259, KL=13.9634, AvgS=499.98, ProxLoss=0.0000
2026-03-19 00:58:35,800 - Server_DefaultID - INFO - Training client 74 (15/30)...
2026-03-19 00:58:36,978 - Server_DefaultID - INFO - Client 74: Acc=59.45, Loss=-207.4234, NLL=-708.0747, KL=11.6773, AvgS=304.03, ProxLoss=0.0000
2026-03-19 00:58:36,978 - Server_DefaultID - INFO - Training client 61 (16/30)...
2026-03-19 00:58:38,467 - Server_DefaultID - INFO - Client 61: Acc=57.69, Loss=-346.0416, NLL=-1161.5808, KL=13.9629, AvgS=499.92, ProxLoss=0.0000
2026-03-19 00:58:38,467 - Server_DefaultID - INFO - Training client 42 (17/30)...
2026-03-19 00:58:40,155 - Server_DefaultID - INFO - Client 42: Acc=51.72, Loss=-317.4374, NLL=-1081.9138, KL=13.6152, AvgS=465.48, ProxLoss=0.0000
2026-03-19 00:58:40,155 - Server_DefaultID - INFO - Training client 82 (18/30)...
2026-03-19 00:58:41,602 - Server_DefaultID - INFO - Client 82: Acc=86.31, Loss=-340.5642, NLL=-1153.9293, KL=13.9318, AvgS=496.61, ProxLoss=0.0000
2026-03-19 00:58:41,602 - Server_DefaultID - INFO - Training client 48 (19/30)...
2026-03-19 00:58:45,866 - Server_DefaultID - INFO - Client 48: Acc=86.88, Loss=-344.3813, NLL=-1161.5565, KL=13.9628, AvgS=499.91, ProxLoss=0.0000
2026-03-19 00:58:45,866 - Server_DefaultID - INFO - Training client 93 (20/30)...
2026-03-19 00:58:46,523 - Server_DefaultID - INFO - Client 93: Acc=39.53, Loss=-193.3958, NLL=-659.2119, KL=11.3372, AvgS=282.94, ProxLoss=0.0000
2026-03-19 00:58:46,523 - Server_DefaultID - INFO - Training client 31 (21/30)...
2026-03-19 00:58:48,998 - Server_DefaultID - INFO - Client 31: Acc=64.83, Loss=-343.9887, NLL=-1161.6229, KL=13.9631, AvgS=499.94, ProxLoss=0.0000
2026-03-19 00:58:48,998 - Server_DefaultID - INFO - Training client 19 (22/30)...
2026-03-19 00:58:52,771 - Server_DefaultID - INFO - Client 19: Acc=95.54, Loss=-342.9716, NLL=-1161.6388, KL=13.9631, AvgS=499.94, ProxLoss=0.0000
2026-03-19 00:58:52,772 - Server_DefaultID - INFO - Training client 33 (23/30)...
2026-03-19 00:58:55,941 - Server_DefaultID - INFO - Client 33: Acc=57.86, Loss=-345.7838, NLL=-1161.7046, KL=13.9634, AvgS=499.97, ProxLoss=0.0000
2026-03-19 00:58:55,941 - Server_DefaultID - INFO - Training client 79 (24/30)...
2026-03-19 00:58:57,480 - Server_DefaultID - INFO - Client 79: Acc=34.06, Loss=-153.9407, NLL=-534.0981, KL=10.4000, AvgS=229.01, ProxLoss=0.0000
2026-03-19 00:58:57,480 - Server_DefaultID - INFO - Training client 77 (25/30)...
2026-03-19 00:59:01,453 - Server_DefaultID - INFO - Client 77: Acc=90.75, Loss=-343.8811, NLL=-1161.4464, KL=13.9623, AvgS=499.86, ProxLoss=0.0000
2026-03-19 00:59:01,453 - Server_DefaultID - INFO - Training client 56 (26/30)...
2026-03-19 00:59:03,516 - Server_DefaultID - INFO - Client 56: Acc=62.38, Loss=-123.0042, NLL=-427.1445, KL=9.2761, AvgS=183.09, ProxLoss=0.0000
2026-03-19 00:59:03,517 - Server_DefaultID - INFO - Training client 75 (27/30)...
2026-03-19 00:59:05,757 - Server_DefaultID - INFO - Client 75: Acc=86.88, Loss=-343.1909, NLL=-1161.6793, KL=13.9633, AvgS=499.96, ProxLoss=0.0000
2026-03-19 00:59:05,757 - Server_DefaultID - INFO - Training client 15 (28/30)...
2026-03-19 00:59:06,451 - Server_DefaultID - INFO - Client 15: Acc=56.41, Loss=-344.4735, NLL=-1161.7557, KL=13.9636, AvgS=499.99, ProxLoss=0.0000
2026-03-19 00:59:06,451 - Server_DefaultID - INFO - Training client 69 (29/30)...
2026-03-19 00:59:07,151 - Server_DefaultID - INFO - Client 69: Acc=21.88, Loss=-112.3381, NLL=-385.6750, KL=8.9535, AvgS=165.23, ProxLoss=0.0000
2026-03-19 00:59:07,151 - Server_DefaultID - INFO - Training client 97 (30/30)...
2026-03-19 00:59:13,630 - Server_DefaultID - INFO - Client 97: Acc=99.56, Loss=-342.1498, NLL=-1161.7456, KL=13.9635, AvgS=499.99, ProxLoss=0.0000
2026-03-19 00:59:13,861 - Server_DefaultID - WARNING - Global prior extremely imbalanced (max/min=1.0), applied adaptive smoothing lam=0.10.
2026-03-19 00:59:13,862 - Server_DefaultID - INFO - Round [13/200] Summary | Avg Client Train Stats:	Loss [-317.7304]	 Acc [75.42]	NLL [-1074.9243]	 KL [13.4460]	AvgS [462.52]	 ProxLoss [0.0000]
GlobalPriorAlpha (first 10): [5.0, 5.0, 5.0, 5.0, 5.0, 5.0, 5.0, 5.0, 5.0, 5.0]
Round Time: 64.00s
2026-03-19 00:59:13,864 - Server_DefaultID - INFO - --- Global Round 14/200 ---
2026-03-19 00:59:13,864 - Server_DefaultID - INFO - Selected 30 active clients for round 14.
2026-03-19 00:59:13,864 - Server_DefaultID - INFO - Training client 98 (1/30)...
2026-03-19 00:59:14,821 - Server_DefaultID - INFO - Client 98: Acc=58.12, Loss=-325.0575, NLL=-1108.1262, KL=13.7439, AvgS=476.83, ProxLoss=0.0000
2026-03-19 00:59:14,821 - Server_DefaultID - INFO - Training client 32 (2/30)...
2026-03-19 00:59:16,426 - Server_DefaultID - INFO - Client 32: Acc=75.26, Loss=-344.2183, NLL=-1160.7671, KL=13.9596, AvgS=499.57, ProxLoss=0.0000
2026-03-19 00:59:16,426 - Server_DefaultID - INFO - Training client 36 (3/30)...
2026-03-19 00:59:22,426 - Server_DefaultID - INFO - Client 36: Acc=85.67, Loss=-343.0518, NLL=-1161.7218, KL=13.9634, AvgS=499.98, ProxLoss=0.0000
2026-03-19 00:59:22,426 - Server_DefaultID - INFO - Training client 31 (4/30)...
2026-03-19 00:59:24,958 - Server_DefaultID - INFO - Client 31: Acc=69.55, Loss=-344.0082, NLL=-1161.6391, KL=13.9631, AvgS=499.94, ProxLoss=0.0000
2026-03-19 00:59:24,959 - Server_DefaultID - INFO - Training client 66 (5/30)...
2026-03-19 00:59:27,048 - Server_DefaultID - INFO - Client 66: Acc=88.17, Loss=-343.9324, NLL=-1161.7453, KL=13.9635, AvgS=499.99, ProxLoss=0.0000
2026-03-19 00:59:27,048 - Server_DefaultID - INFO - Training client 4 (6/30)...
2026-03-19 00:59:29,967 - Server_DefaultID - INFO - Client 4: Acc=70.42, Loss=-345.8321, NLL=-1161.6797, KL=13.9633, AvgS=499.96, ProxLoss=0.0000
2026-03-19 00:59:29,967 - Server_DefaultID - INFO - Training client 7 (7/30)...
2026-03-19 00:59:31,701 - Server_DefaultID - INFO - Client 7: Acc=54.48, Loss=-344.2616, NLL=-1161.6169, KL=13.9630, AvgS=499.93, ProxLoss=0.0000
2026-03-19 00:59:31,701 - Server_DefaultID - INFO - Training client 17 (8/30)...
2026-03-19 00:59:32,394 - Server_DefaultID - INFO - Client 17: Acc=79.53, Loss=-345.3843, NLL=-1161.7552, KL=13.9636, AvgS=499.99, ProxLoss=0.0000
2026-03-19 00:59:32,394 - Server_DefaultID - INFO - Training client 0 (9/30)...
2026-03-19 00:59:32,847 - Server_DefaultID - INFO - Client 0: Acc=44.69, Loss=-344.4784, NLL=-1161.5589, KL=13.9628, AvgS=499.91, ProxLoss=0.0000
2026-03-19 00:59:32,847 - Server_DefaultID - INFO - Training client 80 (10/30)...
2026-03-19 00:59:33,433 - Server_DefaultID - INFO - Client 80: Acc=66.56, Loss=-51.2557, NLL=-178.5904, KL=5.7725, AvgS=77.09, ProxLoss=0.0000
2026-03-19 00:59:33,434 - Server_DefaultID - INFO - Training client 99 (11/30)...
2026-03-19 00:59:33,896 - Server_DefaultID - INFO - Client 99: Acc=43.75, Loss=-52.7112, NLL=-181.1284, KL=5.8298, AvgS=78.06, ProxLoss=0.0000
2026-03-19 00:59:33,896 - Server_DefaultID - INFO - Training client 73 (12/30)...
2026-03-19 00:59:37,454 - Server_DefaultID - INFO - Client 73: Acc=78.80, Loss=-343.2689, NLL=-1161.4601, KL=13.9624, AvgS=499.87, ProxLoss=0.0000
2026-03-19 00:59:37,454 - Server_DefaultID - INFO - Training client 60 (13/30)...
2026-03-19 00:59:38,513 - Server_DefaultID - INFO - Client 60: Acc=30.21, Loss=-262.8302, NLL=-897.9503, KL=12.7167, AvgS=385.99, ProxLoss=0.0000
2026-03-19 00:59:38,514 - Server_DefaultID - INFO - Training client 40 (14/30)...
2026-03-19 00:59:40,213 - Server_DefaultID - INFO - Client 40: Acc=54.06, Loss=-345.3057, NLL=-1161.0323, KL=13.9607, AvgS=499.68, ProxLoss=0.0000
2026-03-19 00:59:40,213 - Server_DefaultID - INFO - Training client 65 (15/30)...
2026-03-19 00:59:40,627 - Server_DefaultID - INFO - Client 65: Acc=64.06, Loss=-51.3536, NLL=-177.9149, KL=5.7497, AvgS=76.76, ProxLoss=0.0000
2026-03-19 00:59:40,627 - Server_DefaultID - INFO - Training client 39 (16/30)...
2026-03-19 00:59:44,649 - Server_DefaultID - INFO - Client 39: Acc=69.52, Loss=-344.2592, NLL=-1161.7073, KL=13.9634, AvgS=499.97, ProxLoss=0.0000
2026-03-19 00:59:44,649 - Server_DefaultID - INFO - Training client 72 (17/30)...
2026-03-19 00:59:45,779 - Server_DefaultID - INFO - Client 72: Acc=94.92, Loss=-343.4212, NLL=-1160.8447, KL=13.9598, AvgS=499.60, ProxLoss=0.0000
2026-03-19 00:59:45,779 - Server_DefaultID - INFO - Training client 57 (18/30)...
2026-03-19 00:59:50,066 - Server_DefaultID - INFO - Client 57: Acc=94.08, Loss=-343.9287, NLL=-1161.7277, KL=13.9635, AvgS=499.98, ProxLoss=0.0000
2026-03-19 00:59:50,067 - Server_DefaultID - INFO - Training client 81 (19/30)...
2026-03-19 00:59:51,996 - Server_DefaultID - INFO - Client 81: Acc=75.40, Loss=-344.1646, NLL=-1161.7128, KL=13.9634, AvgS=499.98, ProxLoss=0.0000
2026-03-19 00:59:51,996 - Server_DefaultID - INFO - Training client 6 (20/30)...
2026-03-19 00:59:52,953 - Server_DefaultID - INFO - Client 6: Acc=57.60, Loss=-344.0616, NLL=-1161.6336, KL=13.9631, AvgS=499.94, ProxLoss=0.0000
2026-03-19 00:59:52,953 - Server_DefaultID - INFO - Training client 16 (21/30)...
2026-03-19 00:59:53,710 - Server_DefaultID - INFO - Client 16: Acc=64.84, Loss=-343.7599, NLL=-1161.7079, KL=13.9634, AvgS=499.97, ProxLoss=0.0000
2026-03-19 00:59:53,710 - Server_DefaultID - INFO - Training client 51 (22/30)...
2026-03-19 00:59:54,468 - Server_DefaultID - INFO - Client 51: Acc=39.69, Loss=-116.3268, NLL=-397.1806, KL=9.0525, AvgS=170.20, ProxLoss=0.0000
2026-03-19 00:59:54,468 - Server_DefaultID - INFO - Training client 49 (23/30)...
2026-03-19 00:59:56,339 - Server_DefaultID - INFO - Client 49: Acc=71.16, Loss=-343.9482, NLL=-1161.7120, KL=13.9634, AvgS=499.98, ProxLoss=0.0000
2026-03-19 00:59:56,339 - Server_DefaultID - INFO - Training client 61 (24/30)...
2026-03-19 00:59:57,804 - Server_DefaultID - INFO - Client 61: Acc=58.00, Loss=-345.9764, NLL=-1161.6766, KL=13.9633, AvgS=499.96, ProxLoss=0.0000
2026-03-19 00:59:57,805 - Server_DefaultID - INFO - Training client 41 (25/30)...
2026-03-19 01:00:00,078 - Server_DefaultID - INFO - Client 41: Acc=61.56, Loss=-343.4405, NLL=-1161.6718, KL=13.9632, AvgS=499.96, ProxLoss=0.0000
2026-03-19 01:00:00,078 - Server_DefaultID - INFO - Training client 64 (26/30)...
2026-03-19 01:00:00,505 - Server_DefaultID - INFO - Client 64: Acc=63.12, Loss=-65.2952, NLL=-226.8870, KL=6.7000, AvgS=97.53, ProxLoss=0.0000
2026-03-19 01:00:00,505 - Server_DefaultID - INFO - Training client 35 (27/30)...
2026-03-19 01:00:01,401 - Server_DefaultID - INFO - Client 35: Acc=57.50, Loss=-271.9938, NLL=-921.3898, KL=12.8622, AvgS=396.18, ProxLoss=0.0000
2026-03-19 01:00:01,402 - Server_DefaultID - INFO - Training client 5 (28/30)...
2026-03-19 01:00:01,832 - Server_DefaultID - INFO - Client 5: Acc=51.88, Loss=-343.7990, NLL=-1156.7992, KL=13.9391, AvgS=497.85, ProxLoss=0.0000
2026-03-19 01:00:01,832 - Server_DefaultID - INFO - Training client 43 (29/30)...
2026-03-19 01:00:06,096 - Server_DefaultID - INFO - Client 43: Acc=71.36, Loss=-343.9481, NLL=-1161.7163, KL=13.9634, AvgS=499.98, ProxLoss=0.0000
2026-03-19 01:00:06,096 - Server_DefaultID - INFO - Training client 77 (30/30)...
2026-03-19 01:00:10,259 - Server_DefaultID - INFO - Client 77: Acc=90.81, Loss=-344.0248, NLL=-1161.7187, KL=13.9634, AvgS=499.98, ProxLoss=0.0000
2026-03-19 01:00:10,462 - Server_DefaultID - WARNING - Global prior extremely imbalanced (max/min=1.0), applied adaptive smoothing lam=0.10.
2026-03-19 01:00:10,462 - Server_DefaultID - INFO - Round [14/200] Summary | Avg Client Train Stats:	Loss [-330.1858]	 Acc [73.71]	NLL [-1115.5540]	 KL [13.6358]	AvgS [480.09]	 ProxLoss [0.0000]
GlobalPriorAlpha (first 10): [5.0, 5.0, 5.0, 5.0, 5.0, 5.0, 5.0, 5.0, 5.0, 5.0]
Round Time: 56.60s
2026-03-19 01:00:10,465 - Server_DefaultID - INFO - --- Global Round 15/200 ---
2026-03-19 01:00:10,466 - Server_DefaultID - INFO - Selected 30 active clients for round 15.
2026-03-19 01:00:10,466 - Server_DefaultID - INFO - Training client 58 (1/30)...
2026-03-19 01:00:12,399 - Server_DefaultID - INFO - Client 58: Acc=76.79, Loss=-342.8253, NLL=-1161.6297, KL=13.9631, AvgS=499.94, ProxLoss=0.0000
2026-03-19 01:00:12,399 - Server_DefaultID - INFO - Training client 37 (2/30)...
2026-03-19 01:00:13,570 - Server_DefaultID - INFO - Client 37: Acc=50.55, Loss=-294.9729, NLL=-999.5876, KL=13.2548, AvgS=429.91, ProxLoss=0.0000
2026-03-19 01:00:13,570 - Server_DefaultID - INFO - Training client 81 (3/30)...
2026-03-19 01:00:15,491 - Server_DefaultID - INFO - Client 81: Acc=75.89, Loss=-343.9390, NLL=-1161.4235, KL=13.9623, AvgS=499.85, ProxLoss=0.0000
2026-03-19 01:00:15,491 - Server_DefaultID - INFO - Training client 35 (4/30)...
2026-03-19 01:00:16,488 - Server_DefaultID - INFO - Client 35: Acc=56.35, Loss=-327.2132, NLL=-1106.2688, KL=13.7267, AvgS=476.02, ProxLoss=0.0000
2026-03-19 01:00:16,488 - Server_DefaultID - INFO - Training client 63 (5/30)...
2026-03-19 01:00:17,881 - Server_DefaultID - INFO - Client 63: Acc=49.94, Loss=-344.0402, NLL=-1161.3399, KL=13.9619, AvgS=499.81, ProxLoss=0.0000
2026-03-19 01:00:17,882 - Server_DefaultID - INFO - Training client 22 (6/30)...
2026-03-19 01:00:18,578 - Server_DefaultID - INFO - Client 22: Acc=51.56, Loss=-79.7972, NLL=-276.8382, KL=7.4760, AvgS=118.67, ProxLoss=0.0000
2026-03-19 01:00:18,578 - Server_DefaultID - INFO - Training client 93 (7/30)...
2026-03-19 01:00:19,233 - Server_DefaultID - INFO - Client 93: Acc=37.66, Loss=-239.1908, NLL=-812.1843, KL=12.2382, AvgS=348.97, ProxLoss=0.0000
2026-03-19 01:00:19,233 - Server_DefaultID - INFO - Training client 32 (8/30)...
2026-03-19 01:00:20,820 - Server_DefaultID - INFO - Client 32: Acc=74.64, Loss=-344.6835, NLL=-1161.7131, KL=13.9634, AvgS=499.98, ProxLoss=0.0000
2026-03-19 01:00:20,821 - Server_DefaultID - INFO - Training client 68 (9/30)...
2026-03-19 01:00:23,311 - Server_DefaultID - INFO - Client 68: Acc=73.02, Loss=-342.7354, NLL=-1161.5469, KL=13.9627, AvgS=499.90, ProxLoss=0.0000
2026-03-19 01:00:23,311 - Server_DefaultID - INFO - Training client 84 (10/30)...
2026-03-19 01:00:23,691 - Server_DefaultID - INFO - Client 84: Acc=68.30, Loss=-23.3342, NLL=-84.0470, KL=3.0419, AvgS=37.34, ProxLoss=0.0000
2026-03-19 01:00:23,691 - Server_DefaultID - INFO - Training client 74 (11/30)...
2026-03-19 01:00:24,825 - Server_DefaultID - INFO - Client 74: Acc=57.97, Loss=-302.5505, NLL=-1027.2413, KL=13.3810, AvgS=441.86, ProxLoss=0.0000
2026-03-19 01:00:24,825 - Server_DefaultID - INFO - Training client 91 (12/30)...
2026-03-19 01:00:25,756 - Server_DefaultID - INFO - Client 91: Acc=54.79, Loss=-266.0203, NLL=-910.2544, KL=12.8148, AvgS=391.34, ProxLoss=0.0000
2026-03-19 01:00:25,756 - Server_DefaultID - INFO - Training client 76 (13/30)...
2026-03-19 01:00:27,976 - Server_DefaultID - INFO - Client 76: Acc=61.33, Loss=-345.5614, NLL=-1161.5559, KL=13.9628, AvgS=499.91, ProxLoss=0.0000
2026-03-19 01:00:27,976 - Server_DefaultID - INFO - Training client 69 (14/30)...
2026-03-19 01:00:28,703 - Server_DefaultID - INFO - Client 69: Acc=25.62, Loss=-151.8339, NLL=-518.5777, KL=10.2954, AvgS=222.34, ProxLoss=0.0000
2026-03-19 01:00:28,703 - Server_DefaultID - INFO - Training client 13 (15/30)...
2026-03-19 01:00:29,126 - Server_DefaultID - INFO - Client 13: Acc=57.81, Loss=-343.0444, NLL=-1161.4120, KL=13.9622, AvgS=499.85, ProxLoss=0.0000
2026-03-19 01:00:29,126 - Server_DefaultID - INFO - Training client 90 (16/30)...
2026-03-19 01:00:31,495 - Client_90 - WARNING - Client 90: Too few classes (1) or samples (592) for alpha report, returning uniform.
2026-03-19 01:00:31,495 - Server_DefaultID - INFO - Client 90: Acc=100.00, Loss=-341.6921, NLL=-1161.6790, KL=13.9633, AvgS=499.96, ProxLoss=0.0000
2026-03-19 01:00:31,495 - Server_DefaultID - INFO - Training client 98 (17/30)...
2026-03-19 01:00:32,443 - Server_DefaultID - INFO - Client 98: Acc=72.60, Loss=-338.9097, NLL=-1152.8814, KL=13.9276, AvgS=496.16, ProxLoss=0.0000
2026-03-19 01:00:32,443 - Server_DefaultID - INFO - Training client 56 (18/30)...
2026-03-19 01:00:34,586 - Server_DefaultID - INFO - Client 56: Acc=73.87, Loss=-288.2317, NLL=-982.8953, KL=13.1613, AvgS=422.69, ProxLoss=0.0000
2026-03-19 01:00:34,586 - Server_DefaultID - INFO - Training client 67 (19/30)...
2026-03-19 01:00:37,346 - Server_DefaultID - INFO - Client 67: Acc=58.96, Loss=-344.7319, NLL=-1161.1074, KL=13.9609, AvgS=499.71, ProxLoss=0.0000
2026-03-19 01:00:37,346 - Server_DefaultID - INFO - Training client 80 (20/30)...
2026-03-19 01:00:37,827 - Server_DefaultID - INFO - Client 80: Acc=70.00, Loss=-66.8727, NLL=-230.4826, KL=6.8465, AvgS=99.05, ProxLoss=0.0000
2026-03-19 01:00:37,827 - Server_DefaultID - INFO - Training client 5 (21/30)...
2026-03-19 01:00:38,276 - Server_DefaultID - INFO - Client 5: Acc=70.31, Loss=-345.4719, NLL=-1161.6307, KL=13.9631, AvgS=499.94, ProxLoss=0.0000
2026-03-19 01:00:38,276 - Server_DefaultID - INFO - Training client 8 (22/30)...
2026-03-19 01:00:39,017 - Server_DefaultID - INFO - Client 8: Acc=86.25, Loss=-324.6253, NLL=-1098.9351, KL=13.6519, AvgS=472.87, ProxLoss=0.0000
2026-03-19 01:00:39,017 - Server_DefaultID - INFO - Training client 52 (23/30)...
2026-03-19 01:00:39,965 - Server_DefaultID - INFO - Client 52: Acc=61.15, Loss=-325.1287, NLL=-1103.9848, KL=13.7169, AvgS=475.03, ProxLoss=0.0000
2026-03-19 01:00:39,965 - Server_DefaultID - INFO - Training client 0 (24/30)...
2026-03-19 01:00:40,450 - Server_DefaultID - INFO - Client 0: Acc=46.88, Loss=-344.6613, NLL=-1161.7351, KL=13.9635, AvgS=499.99, ProxLoss=0.0000
2026-03-19 01:00:40,450 - Server_DefaultID - INFO - Training client 20 (25/30)...
2026-03-19 01:00:42,095 - Server_DefaultID - INFO - Client 20: Acc=57.40, Loss=-346.2402, NLL=-1161.5942, KL=13.9629, AvgS=499.92, ProxLoss=0.0000
2026-03-19 01:00:42,095 - Server_DefaultID - INFO - Training client 49 (26/30)...
2026-03-19 01:00:44,032 - Server_DefaultID - INFO - Client 49: Acc=74.38, Loss=-343.8131, NLL=-1161.4980, KL=13.9626, AvgS=499.88, ProxLoss=0.0000
2026-03-19 01:00:44,032 - Server_DefaultID - INFO - Training client 27 (27/30)...
2026-03-19 01:00:45,051 - Server_DefaultID - INFO - Client 27: Acc=55.94, Loss=-269.5538, NLL=-913.3041, KL=12.8082, AvgS=392.69, ProxLoss=0.0000
2026-03-19 01:00:45,052 - Server_DefaultID - INFO - Training client 62 (28/30)...
2026-03-19 01:00:45,733 - Server_DefaultID - INFO - Client 62: Acc=39.06, Loss=-47.7907, NLL=-169.5574, KL=5.4199, AvgS=73.06, ProxLoss=0.0000
2026-03-19 01:00:45,733 - Server_DefaultID - INFO - Training client 28 (29/30)...
2026-03-19 01:00:46,195 - Server_DefaultID - INFO - Client 28: Acc=57.50, Loss=-35.5307, NLL=-126.1562, KL=4.3471, AvgS=54.84, ProxLoss=0.0000
2026-03-19 01:00:46,195 - Server_DefaultID - INFO - Training client 31 (30/30)...
2026-03-19 01:00:48,620 - Server_DefaultID - INFO - Client 31: Acc=71.32, Loss=-344.0122, NLL=-1161.7382, KL=13.9635, AvgS=499.99, ProxLoss=0.0000
2026-03-19 01:00:48,813 - Server_DefaultID - WARNING - Global prior extremely imbalanced (max/min=1.0), applied adaptive smoothing lam=0.10.
2026-03-19 01:00:48,814 - Server_DefaultID - INFO - Round [15/200] Summary | Avg Client Train Stats:	Loss [-308.0536]	 Acc [66.67]	NLL [-1042.6918]	 KL [13.1590]	AvgS [448.67]	 ProxLoss [0.0000]
GlobalPriorAlpha (first 10): [5.0, 5.0, 5.0, 5.0, 5.0, 5.0, 5.0, 5.0, 5.0, 5.0]
Round Time: 38.35s
2026-03-19 01:00:48,817 - Server_DefaultID - INFO - --- Global Round 16/200 ---
2026-03-19 01:00:48,818 - Server_DefaultID - INFO - Selected 30 active clients for round 16.
2026-03-19 01:00:48,818 - Server_DefaultID - INFO - Training client 91 (1/30)...
2026-03-19 01:00:49,802 - Server_DefaultID - INFO - Client 91: Acc=66.25, Loss=-324.0056, NLL=-1103.9277, KL=13.7231, AvgS=475.01, ProxLoss=0.0000
2026-03-19 01:00:49,802 - Server_DefaultID - INFO - Training client 29 (2/30)...
2026-03-19 01:00:51,077 - Server_DefaultID - INFO - Client 29: Acc=56.64, Loss=-274.2343, NLL=-936.6787, KL=12.9274, AvgS=402.72, ProxLoss=0.0000
2026-03-19 01:00:51,077 - Server_DefaultID - INFO - Training client 83 (3/30)...
2026-03-19 01:00:53,755 - Server_DefaultID - INFO - Client 83: Acc=99.72, Loss=-341.8713, NLL=-1161.6972, KL=13.9633, AvgS=499.97, ProxLoss=0.0000
2026-03-19 01:00:53,755 - Server_DefaultID - INFO - Training client 94 (4/30)...
2026-03-19 01:00:56,744 - Server_DefaultID - INFO - Client 94: Acc=70.09, Loss=-344.1281, NLL=-1161.7576, KL=13.9636, AvgS=499.99, ProxLoss=0.0000
2026-03-19 01:00:56,744 - Server_DefaultID - INFO - Training client 64 (5/30)...
2026-03-19 01:00:57,193 - Server_DefaultID - INFO - Client 64: Acc=61.88, Loss=-82.2414, NLL=-284.2106, KL=7.6952, AvgS=121.91, ProxLoss=0.0000
2026-03-19 01:00:57,193 - Server_DefaultID - INFO - Training client 17 (6/30)...
2026-03-19 01:00:57,839 - Server_DefaultID - INFO - Client 17: Acc=79.84, Loss=-345.2579, NLL=-1161.7414, KL=13.9635, AvgS=499.99, ProxLoss=0.0000
2026-03-19 01:00:57,840 - Server_DefaultID - INFO - Training client 10 (7/30)...
2026-03-19 01:00:59,014 - Server_DefaultID - INFO - Client 10: Acc=48.36, Loss=-345.7274, NLL=-1161.7326, KL=13.9635, AvgS=499.98, ProxLoss=0.0000
2026-03-19 01:00:59,014 - Server_DefaultID - INFO - Training client 37 (8/30)...
2026-03-19 01:01:00,193 - Server_DefaultID - INFO - Client 37: Acc=78.75, Loss=-343.3149, NLL=-1156.8980, KL=13.9439, AvgS=497.90, ProxLoss=0.0000
2026-03-19 01:01:00,193 - Server_DefaultID - INFO - Training client 27 (9/30)...
2026-03-19 01:01:01,127 - Server_DefaultID - INFO - Client 27: Acc=56.98, Loss=-328.8365, NLL=-1112.4543, KL=13.7557, AvgS=478.70, ProxLoss=0.0000
2026-03-19 01:01:01,127 - Server_DefaultID - INFO - Training client 52 (10/30)...
2026-03-19 01:01:02,113 - Server_DefaultID - INFO - Client 52: Acc=67.40, Loss=-342.3092, NLL=-1157.1104, KL=13.9450, AvgS=497.99, ProxLoss=0.0000
2026-03-19 01:01:02,113 - Server_DefaultID - INFO - Training client 82 (11/30)...
2026-03-19 01:01:03,584 - Server_DefaultID - INFO - Client 82: Acc=86.06, Loss=-343.6959, NLL=-1161.0879, KL=13.9610, AvgS=499.71, ProxLoss=0.0000
2026-03-19 01:01:03,584 - Server_DefaultID - INFO - Training client 48 (12/30)...
2026-03-19 01:01:08,100 - Server_DefaultID - INFO - Client 48: Acc=86.76, Loss=-344.3192, NLL=-1161.7296, KL=13.9635, AvgS=499.98, ProxLoss=0.0000
2026-03-19 01:01:08,100 - Server_DefaultID - INFO - Training client 49 (13/30)...
2026-03-19 01:01:11,134 - Server_DefaultID - INFO - Client 49: Acc=75.58, Loss=-343.8434, NLL=-1161.5373, KL=13.9627, AvgS=499.90, ProxLoss=0.0000
2026-03-19 01:01:11,134 - Server_DefaultID - INFO - Training client 31 (14/30)...
2026-03-19 01:01:13,619 - Server_DefaultID - INFO - Client 31: Acc=73.12, Loss=-343.9798, NLL=-1161.6836, KL=13.9633, AvgS=499.96, ProxLoss=0.0000
2026-03-19 01:01:13,619 - Server_DefaultID - INFO - Training client 41 (15/30)...
2026-03-19 01:01:16,001 - Server_DefaultID - INFO - Client 41: Acc=64.14, Loss=-343.4228, NLL=-1161.6177, KL=13.9630, AvgS=499.93, ProxLoss=0.0000
2026-03-19 01:01:16,001 - Server_DefaultID - INFO - Training client 54 (16/30)...
2026-03-19 01:01:16,794 - Server_DefaultID - INFO - Client 54: Acc=70.31, Loss=-50.9274, NLL=-180.0734, KL=5.7996, AvgS=77.73, ProxLoss=0.0000
2026-03-19 01:01:16,795 - Server_DefaultID - INFO - Training client 38 (17/30)...
2026-03-19 01:01:17,486 - Server_DefaultID - INFO - Client 38: Acc=30.00, Loss=-194.9754, NLL=-661.4024, KL=11.3997, AvgS=283.88, ProxLoss=0.0000
2026-03-19 01:01:17,487 - Server_DefaultID - INFO - Training client 26 (18/30)...
2026-03-19 01:01:21,987 - Server_DefaultID - INFO - Client 26: Acc=94.26, Loss=-343.3659, NLL=-1161.7416, KL=13.9635, AvgS=499.99, ProxLoss=0.0000
2026-03-19 01:01:21,987 - Server_DefaultID - INFO - Training client 77 (19/30)...
2026-03-19 01:01:26,080 - Server_DefaultID - INFO - Client 77: Acc=90.69, Loss=-343.8755, NLL=-1161.7055, KL=13.9634, AvgS=499.97, ProxLoss=0.0000
2026-03-19 01:01:26,081 - Server_DefaultID - INFO - Training client 0 (20/30)...
2026-03-19 01:01:26,508 - Server_DefaultID - INFO - Client 0: Acc=47.81, Loss=-344.3814, NLL=-1161.2992, KL=13.9617, AvgS=499.80, ProxLoss=0.0000
2026-03-19 01:01:26,508 - Server_DefaultID - INFO - Training client 87 (21/30)...
2026-03-19 01:01:28,467 - Server_DefaultID - INFO - Client 87: Acc=46.38, Loss=-345.8488, NLL=-1161.7234, KL=13.9634, AvgS=499.98, ProxLoss=0.0000
2026-03-19 01:01:28,467 - Server_DefaultID - INFO - Training client 72 (22/30)...
2026-03-19 01:01:29,766 - Server_DefaultID - INFO - Client 72: Acc=95.00, Loss=-343.2816, NLL=-1161.4780, KL=13.9624, AvgS=499.87, ProxLoss=0.0000
2026-03-19 01:01:29,766 - Server_DefaultID - INFO - Training client 43 (23/30)...
2026-03-19 01:01:32,988 - Server_DefaultID - INFO - Client 43: Acc=72.93, Loss=-343.8462, NLL=-1161.6588, KL=13.9632, AvgS=499.95, ProxLoss=0.0000
2026-03-19 01:01:32,988 - Server_DefaultID - INFO - Training client 75 (24/30)...
2026-03-19 01:01:35,151 - Server_DefaultID - INFO - Client 75: Acc=86.76, Loss=-343.1160, NLL=-1161.7232, KL=13.9634, AvgS=499.98, ProxLoss=0.0000
2026-03-19 01:01:35,151 - Server_DefaultID - INFO - Training client 80 (25/30)...
2026-03-19 01:01:35,587 - Server_DefaultID - INFO - Client 80: Acc=64.69, Loss=-82.5623, NLL=-284.5268, KL=7.7196, AvgS=122.06, ProxLoss=0.0000
2026-03-19 01:01:35,587 - Server_DefaultID - INFO - Training client 3 (26/30)...
2026-03-19 01:01:37,458 - Server_DefaultID - INFO - Client 3: Acc=63.91, Loss=-346.0235, NLL=-1161.7482, KL=13.9635, AvgS=499.99, ProxLoss=0.0000
2026-03-19 01:01:37,458 - Server_DefaultID - INFO - Training client 32 (27/30)...
2026-03-19 01:01:39,265 - Server_DefaultID - INFO - Client 32: Acc=74.84, Loss=-344.7147, NLL=-1161.7360, KL=13.9635, AvgS=499.99, ProxLoss=0.0000
2026-03-19 01:01:39,265 - Server_DefaultID - INFO - Training client 53 (28/30)...
2026-03-19 01:01:43,115 - Server_DefaultID - INFO - Client 53: Acc=95.84, Loss=-343.5129, NLL=-1161.7037, KL=13.9634, AvgS=499.97, ProxLoss=0.0000
2026-03-19 01:01:43,115 - Server_DefaultID - INFO - Training client 35 (29/30)...
2026-03-19 01:01:44,046 - Server_DefaultID - INFO - Client 35: Acc=53.75, Loss=-343.4136, NLL=-1157.8783, KL=13.9481, AvgS=498.32, ProxLoss=0.0000
2026-03-19 01:01:44,047 - Server_DefaultID - INFO - Training client 57 (30/30)...
2026-03-19 01:01:48,752 - Server_DefaultID - INFO - Client 57: Acc=93.90, Loss=-343.8131, NLL=-1161.7135, KL=13.9634, AvgS=499.98, ProxLoss=0.0000
2026-03-19 01:01:49,049 - Server_DefaultID - WARNING - Global prior extremely imbalanced (max/min=1.0), applied adaptive smoothing lam=0.10.
2026-03-19 01:01:49,050 - Server_DefaultID - INFO - Round [16/200] Summary | Avg Client Train Stats:	Loss [-333.4698]	 Acc [78.88]	NLL [-1126.9264]	 KL [13.7332]	AvgS [484.98]	 ProxLoss [0.0000]
GlobalPriorAlpha (first 10): [5.0, 5.0, 5.0, 5.0, 5.0, 5.0, 5.0, 5.0, 5.0, 5.0]
Round Time: 60.23s
2026-03-19 01:01:49,052 - Server_DefaultID - INFO - --- Global Round 17/200 ---
2026-03-19 01:01:49,053 - Server_DefaultID - INFO - Selected 30 active clients for round 17.
2026-03-19 01:01:49,053 - Server_DefaultID - INFO - Training client 88 (1/30)...
2026-03-19 01:01:50,767 - Server_DefaultID - INFO - Client 88: Acc=56.82, Loss=-344.7068, NLL=-1161.2942, KL=13.9618, AvgS=499.79, ProxLoss=0.0000
2026-03-19 01:01:50,768 - Server_DefaultID - INFO - Training client 99 (2/30)...
2026-03-19 01:01:51,176 - Server_DefaultID - INFO - Client 99: Acc=45.94, Loss=-67.3098, NLL=-229.8719, KL=6.7367, AvgS=98.75, ProxLoss=0.0000
2026-03-19 01:01:51,176 - Server_DefaultID - INFO - Training client 20 (3/30)...
2026-03-19 01:01:52,943 - Server_DefaultID - INFO - Client 20: Acc=59.48, Loss=-346.1995, NLL=-1161.6847, KL=13.9633, AvgS=499.96, ProxLoss=0.0000
2026-03-19 01:01:52,943 - Server_DefaultID - INFO - Training client 10 (4/30)...
2026-03-19 01:01:54,163 - Server_DefaultID - INFO - Client 10: Acc=49.53, Loss=-345.6699, NLL=-1161.6785, KL=13.9633, AvgS=499.96, ProxLoss=0.0000
2026-03-19 01:01:54,163 - Server_DefaultID - INFO - Training client 45 (5/30)...
2026-03-19 01:01:56,506 - Server_DefaultID - INFO - Client 45: Acc=58.20, Loss=-343.7045, NLL=-1161.5099, KL=13.9626, AvgS=499.89, ProxLoss=0.0000
2026-03-19 01:01:56,506 - Server_DefaultID - INFO - Training client 51 (6/30)...
2026-03-19 01:01:57,271 - Server_DefaultID - INFO - Client 51: Acc=31.41, Loss=-153.6467, NLL=-523.1221, KL=10.2278, AvgS=224.35, ProxLoss=0.0000
2026-03-19 01:01:57,271 - Server_DefaultID - INFO - Training client 14 (7/30)...
2026-03-19 01:01:59,709 - Server_DefaultID - INFO - Client 14: Acc=84.65, Loss=-342.8036, NLL=-1161.7362, KL=13.9635, AvgS=499.99, ProxLoss=0.0000
2026-03-19 01:01:59,709 - Server_DefaultID - INFO - Training client 2 (8/30)...
2026-03-19 01:02:02,260 - Server_DefaultID - INFO - Client 2: Acc=79.34, Loss=-344.1259, NLL=-1161.7647, KL=13.9636, AvgS=500.00, ProxLoss=0.0000
2026-03-19 01:02:02,261 - Server_DefaultID - INFO - Training client 52 (9/30)...
2026-03-19 01:02:03,181 - Server_DefaultID - INFO - Client 52: Acc=68.65, Loss=-343.7845, NLL=-1160.4398, KL=13.9583, AvgS=499.43, ProxLoss=0.0000
2026-03-19 01:02:03,181 - Server_DefaultID - INFO - Training client 0 (10/30)...
2026-03-19 01:02:03,627 - Server_DefaultID - INFO - Client 0: Acc=51.88, Loss=-344.2142, NLL=-1160.8182, KL=13.9597, AvgS=499.59, ProxLoss=0.0000
2026-03-19 01:02:03,627 - Server_DefaultID - INFO - Training client 63 (11/30)...
2026-03-19 01:02:05,075 - Server_DefaultID - INFO - Client 63: Acc=49.31, Loss=-344.0641, NLL=-1161.5702, KL=13.9628, AvgS=499.91, ProxLoss=0.0000
2026-03-19 01:02:05,075 - Server_DefaultID - INFO - Training client 37 (12/30)...
2026-03-19 01:02:06,181 - Server_DefaultID - INFO - Client 37: Acc=78.75, Loss=-345.1287, NLL=-1161.4207, KL=13.9623, AvgS=499.85, ProxLoss=0.0000
2026-03-19 01:02:06,181 - Server_DefaultID - INFO - Training client 38 (13/30)...
2026-03-19 01:02:06,903 - Server_DefaultID - INFO - Client 38: Acc=27.03, Loss=-239.4288, NLL=-810.5121, KL=12.3005, AvgS=348.23, ProxLoss=0.0000
2026-03-19 01:02:06,903 - Server_DefaultID - INFO - Training client 96 (14/30)...
2026-03-19 01:02:09,325 - Server_DefaultID - INFO - Client 96: Acc=64.10, Loss=-343.8693, NLL=-1161.4400, KL=13.9623, AvgS=499.86, ProxLoss=0.0000
2026-03-19 01:02:09,325 - Server_DefaultID - INFO - Training client 78 (15/30)...
2026-03-19 01:02:18,434 - Server_DefaultID - INFO - Client 78: Acc=89.42, Loss=-344.1358, NLL=-1161.7013, KL=13.9634, AvgS=499.97, ProxLoss=0.0000
2026-03-19 01:02:18,434 - Server_DefaultID - INFO - Training client 93 (16/30)...
2026-03-19 01:02:19,112 - Server_DefaultID - INFO - Client 93: Acc=42.34, Loss=-284.6360, NLL=-963.9684, KL=13.0749, AvgS=414.51, ProxLoss=0.0000
2026-03-19 01:02:19,112 - Server_DefaultID - INFO - Training client 57 (17/30)...
2026-03-19 01:02:23,635 - Server_DefaultID - INFO - Client 57: Acc=94.06, Loss=-343.7976, NLL=-1161.6778, KL=13.9633, AvgS=499.96, ProxLoss=0.0000
2026-03-19 01:02:23,636 - Server_DefaultID - INFO - Training client 27 (18/30)...
2026-03-19 01:02:24,600 - Server_DefaultID - INFO - Client 27: Acc=55.10, Loss=-343.3337, NLL=-1157.3079, KL=13.9457, AvgS=498.07, ProxLoss=0.0000
2026-03-19 01:02:24,600 - Server_DefaultID - INFO - Training client 74 (19/30)...
2026-03-19 01:02:25,653 - Server_DefaultID - INFO - Client 74: Acc=55.62, Loss=-339.5768, NLL=-1150.5058, KL=13.9186, AvgS=495.14, ProxLoss=0.0000
2026-03-19 01:02:25,654 - Server_DefaultID - INFO - Training client 69 (20/30)...
2026-03-19 01:02:26,323 - Server_DefaultID - INFO - Client 69: Acc=22.81, Loss=-194.5271, NLL=-661.3617, KL=11.3472, AvgS=283.87, ProxLoss=0.0000
2026-03-19 01:02:26,323 - Server_DefaultID - INFO - Training client 41 (21/30)...
2026-03-19 01:02:28,766 - Server_DefaultID - INFO - Client 41: Acc=63.98, Loss=-343.3767, NLL=-1161.6005, KL=13.9629, AvgS=499.93, ProxLoss=0.0000
2026-03-19 01:02:28,766 - Server_DefaultID - INFO - Training client 89 (22/30)...
2026-03-19 01:02:32,555 - Server_DefaultID - INFO - Client 89: Acc=98.55, Loss=-342.6221, NLL=-1161.7494, KL=13.9635, AvgS=499.99, ProxLoss=0.0000
2026-03-19 01:02:32,555 - Server_DefaultID - INFO - Training client 61 (23/30)...
2026-03-19 01:02:34,021 - Server_DefaultID - INFO - Client 61: Acc=58.31, Loss=-345.9758, NLL=-1161.5879, KL=13.9629, AvgS=499.92, ProxLoss=0.0000
2026-03-19 01:02:34,021 - Server_DefaultID - INFO - Training client 47 (24/30)...
2026-03-19 01:02:35,733 - Server_DefaultID - INFO - Client 47: Acc=49.90, Loss=-345.4226, NLL=-1161.6926, KL=13.9633, AvgS=499.97, ProxLoss=0.0000
2026-03-19 01:02:35,733 - Server_DefaultID - INFO - Training client 77 (25/30)...
2026-03-19 01:02:39,647 - Server_DefaultID - INFO - Client 77: Acc=90.38, Loss=-343.7877, NLL=-1161.5915, KL=13.9629, AvgS=499.92, ProxLoss=0.0000
2026-03-19 01:02:39,647 - Server_DefaultID - INFO - Training client 13 (26/30)...
2026-03-19 01:02:40,095 - Server_DefaultID - INFO - Client 13: Acc=62.50, Loss=-343.3186, NLL=-1161.3859, KL=13.9621, AvgS=499.83, ProxLoss=0.0000
2026-03-19 01:02:40,095 - Server_DefaultID - INFO - Training client 64 (27/30)...
2026-03-19 01:02:40,546 - Server_DefaultID - INFO - Client 64: Acc=60.00, Loss=-99.2283, NLL=-342.1853, KL=8.4911, AvgS=146.69, ProxLoss=0.0000
2026-03-19 01:02:40,546 - Server_DefaultID - INFO - Training client 66 (28/30)...
2026-03-19 01:02:42,510 - Server_DefaultID - INFO - Client 66: Acc=88.26, Loss=-343.8146, NLL=-1161.7655, KL=13.9636, AvgS=500.00, ProxLoss=0.0000
2026-03-19 01:02:42,510 - Server_DefaultID - INFO - Training client 9 (29/30)...
2026-03-19 01:02:44,618 - Server_DefaultID - INFO - Client 9: Acc=97.46, Loss=-342.8417, NLL=-1161.6966, KL=13.9633, AvgS=499.97, ProxLoss=0.0000
2026-03-19 01:02:44,619 - Server_DefaultID - INFO - Training client 28 (30/30)...
2026-03-19 01:02:45,083 - Server_DefaultID - INFO - Client 28: Acc=55.31, Loss=-49.6023, NLL=-175.0565, KL=5.6449, AvgS=75.38, ProxLoss=0.0000
2026-03-19 01:02:45,294 - Server_DefaultID - WARNING - Global prior extremely imbalanced (max/min=1.0), applied adaptive smoothing lam=0.10.
2026-03-19 01:02:45,294 - Server_DefaultID - INFO - Round [17/200] Summary | Avg Client Train Stats:	Loss [-331.4575]	 Acc [74.66]	NLL [-1119.6188]	 KL [13.6873]	AvgS [481.82]	 ProxLoss [0.0000]
GlobalPriorAlpha (first 10): [5.0, 5.0, 5.0, 5.0, 5.0, 5.0, 5.0, 5.0, 5.0, 5.0]
Round Time: 56.24s
2026-03-19 01:02:45,297 - Server_DefaultID - INFO - --- Global Round 18/200 ---
2026-03-19 01:02:45,297 - Server_DefaultID - INFO - Selected 30 active clients for round 18.
2026-03-19 01:02:45,297 - Server_DefaultID - INFO - Training client 65 (1/30)...
2026-03-19 01:02:45,751 - Server_DefaultID - INFO - Client 65: Acc=66.88, Loss=-66.2207, NLL=-228.1189, KL=6.7719, AvgS=98.02, ProxLoss=0.0000
2026-03-19 01:02:45,751 - Server_DefaultID - INFO - Training client 88 (2/30)...
2026-03-19 01:02:47,519 - Server_DefaultID - INFO - Client 88: Acc=56.72, Loss=-344.6493, NLL=-1161.4253, KL=13.9623, AvgS=499.85, ProxLoss=0.0000
2026-03-19 01:02:47,519 - Server_DefaultID - INFO - Training client 34 (3/30)...
2026-03-19 01:02:48,652 - Server_DefaultID - INFO - Client 34: Acc=66.88, Loss=-342.9991, NLL=-1157.0237, KL=13.9445, AvgS=497.95, ProxLoss=0.0000
2026-03-19 01:02:48,652 - Server_DefaultID - INFO - Training client 35 (4/30)...
2026-03-19 01:02:50,580 - Server_DefaultID - INFO - Client 35: Acc=58.65, Loss=-344.9919, NLL=-1161.2110, KL=13.9615, AvgS=499.76, ProxLoss=0.0000
2026-03-19 01:02:50,580 - Server_DefaultID - INFO - Training client 63 (5/30)...
2026-03-19 01:02:52,093 - Server_DefaultID - INFO - Client 63: Acc=54.25, Loss=-343.8419, NLL=-1160.9093, KL=13.9600, AvgS=499.63, ProxLoss=0.0000
2026-03-19 01:02:52,093 - Server_DefaultID - INFO - Training client 19 (6/30)...
2026-03-19 01:02:56,022 - Server_DefaultID - INFO - Client 19: Acc=95.54, Loss=-342.8731, NLL=-1161.7538, KL=13.9636, AvgS=499.99, ProxLoss=0.0000
2026-03-19 01:02:56,022 - Server_DefaultID - INFO - Training client 62 (7/30)...
2026-03-19 01:02:56,758 - Server_DefaultID - INFO - Client 62: Acc=37.81, Loss=-78.5675, NLL=-273.0128, KL=7.4002, AvgS=117.02, ProxLoss=0.0000
2026-03-19 01:02:56,758 - Server_DefaultID - INFO - Training client 14 (8/30)...
2026-03-19 01:02:59,163 - Server_DefaultID - INFO - Client 14: Acc=85.21, Loss=-342.7338, NLL=-1161.6628, KL=13.9632, AvgS=499.95, ProxLoss=0.0000
2026-03-19 01:02:59,164 - Server_DefaultID - INFO - Training client 16 (9/30)...
2026-03-19 01:02:59,865 - Server_DefaultID - INFO - Client 16: Acc=71.72, Loss=-343.3808, NLL=-1160.6391, KL=13.9591, AvgS=499.52, ProxLoss=0.0000
2026-03-19 01:02:59,865 - Server_DefaultID - INFO - Training client 13 (10/30)...
2026-03-19 01:03:00,297 - Server_DefaultID - INFO - Client 13: Acc=54.38, Loss=-343.3541, NLL=-1161.4121, KL=13.9622, AvgS=499.85, ProxLoss=0.0000
2026-03-19 01:03:00,297 - Server_DefaultID - INFO - Training client 43 (11/30)...
2026-03-19 01:03:03,076 - Server_DefaultID - INFO - Client 43: Acc=75.43, Loss=-343.7930, NLL=-1161.6831, KL=13.9633, AvgS=499.96, ProxLoss=0.0000
2026-03-19 01:03:03,076 - Server_DefaultID - INFO - Training client 6 (12/30)...
2026-03-19 01:03:04,029 - Server_DefaultID - INFO - Client 6: Acc=62.92, Loss=-343.9152, NLL=-1161.7249, KL=13.9635, AvgS=499.98, ProxLoss=0.0000
2026-03-19 01:03:04,029 - Server_DefaultID - INFO - Training client 78 (13/30)...
2026-03-19 01:03:11,937 - Server_DefaultID - INFO - Client 78: Acc=91.38, Loss=-344.0681, NLL=-1161.7524, KL=13.9636, AvgS=499.99, ProxLoss=0.0000
2026-03-19 01:03:11,937 - Server_DefaultID - INFO - Training client 91 (14/30)...
2026-03-19 01:03:13,001 - Server_DefaultID - INFO - Client 91: Acc=79.38, Loss=-340.9835, NLL=-1157.2926, KL=13.9457, AvgS=498.07, ProxLoss=0.0000
2026-03-19 01:03:13,001 - Server_DefaultID - INFO - Training client 92 (15/30)...
2026-03-19 01:03:14,243 - Server_DefaultID - INFO - Client 92: Acc=95.23, Loss=-343.3618, NLL=-1160.1668, KL=13.9573, AvgS=499.31, ProxLoss=0.0000
2026-03-19 01:03:14,243 - Server_DefaultID - INFO - Training client 85 (16/30)...
2026-03-19 01:03:17,477 - Server_DefaultID - INFO - Client 85: Acc=99.74, Loss=-341.7372, NLL=-1161.6264, KL=13.9631, AvgS=499.94, ProxLoss=0.0000
2026-03-19 01:03:17,477 - Server_DefaultID - INFO - Training client 77 (17/30)...
2026-03-19 01:03:21,477 - Server_DefaultID - INFO - Client 77: Acc=90.58, Loss=-343.8384, NLL=-1161.6444, KL=13.9631, AvgS=499.95, ProxLoss=0.0000
2026-03-19 01:03:21,477 - Server_DefaultID - INFO - Training client 47 (18/30)...
2026-03-19 01:03:24,279 - Server_DefaultID - INFO - Client 47: Acc=52.19, Loss=-345.3835, NLL=-1161.6315, KL=13.9631, AvgS=499.94, ProxLoss=0.0000
2026-03-19 01:03:24,279 - Server_DefaultID - INFO - Training client 67 (19/30)...
2026-03-19 01:03:25,896 - Server_DefaultID - INFO - Client 67: Acc=61.93, Loss=-344.7279, NLL=-1161.5036, KL=13.9626, AvgS=499.89, ProxLoss=0.0000
2026-03-19 01:03:25,896 - Server_DefaultID - INFO - Training client 61 (20/30)...
2026-03-19 01:03:27,368 - Server_DefaultID - INFO - Client 61: Acc=60.31, Loss=-345.8748, NLL=-1161.6339, KL=13.9631, AvgS=499.94, ProxLoss=0.0000
2026-03-19 01:03:27,368 - Server_DefaultID - INFO - Training client 40 (21/30)...
2026-03-19 01:03:29,039 - Server_DefaultID - INFO - Client 40: Acc=57.66, Loss=-345.5268, NLL=-1161.5281, KL=13.9627, AvgS=499.90, ProxLoss=0.0000
2026-03-19 01:03:29,039 - Server_DefaultID - INFO - Training client 81 (22/30)...
2026-03-19 01:03:31,032 - Server_DefaultID - INFO - Client 81: Acc=75.31, Loss=-344.0001, NLL=-1161.6869, KL=13.9633, AvgS=499.96, ProxLoss=0.0000
2026-03-19 01:03:31,032 - Server_DefaultID - INFO - Training client 8 (23/30)...
2026-03-19 01:03:31,784 - Server_DefaultID - INFO - Client 8: Acc=87.34, Loss=-344.1317, NLL=-1161.5705, KL=13.9628, AvgS=499.91, ProxLoss=0.0000
2026-03-19 01:03:31,784 - Server_DefaultID - INFO - Training client 76 (24/30)...
2026-03-19 01:03:34,035 - Server_DefaultID - INFO - Client 76: Acc=63.87, Loss=-345.6024, NLL=-1161.6088, KL=13.9630, AvgS=499.93, ProxLoss=0.0000
2026-03-19 01:03:34,035 - Server_DefaultID - INFO - Training client 80 (25/30)...
2026-03-19 01:03:34,470 - Server_DefaultID - INFO - Client 80: Acc=64.38, Loss=-100.6277, NLL=-345.1058, KL=8.5919, AvgS=147.94, ProxLoss=0.0000
2026-03-19 01:03:34,470 - Server_DefaultID - INFO - Training client 55 (26/30)...
2026-03-19 01:03:42,468 - Server_DefaultID - INFO - Client 55: Acc=84.54, Loss=-344.6445, NLL=-1161.6908, KL=13.9633, AvgS=499.97, ProxLoss=0.0000
2026-03-19 01:03:42,468 - Server_DefaultID - INFO - Training client 15 (27/30)...
2026-03-19 01:03:43,130 - Server_DefaultID - INFO - Client 15: Acc=58.12, Loss=-343.8972, NLL=-1161.2531, KL=13.9616, AvgS=499.78, ProxLoss=0.0000
2026-03-19 01:03:43,131 - Server_DefaultID - INFO - Training client 24 (28/30)...
2026-03-19 01:03:43,602 - Server_DefaultID - INFO - Client 24: Acc=51.56, Loss=-66.7365, NLL=-228.8976, KL=6.7286, AvgS=98.36, ProxLoss=0.0000
2026-03-19 01:03:43,602 - Server_DefaultID - INFO - Training client 95 (29/30)...
2026-03-19 01:03:46,143 - Server_DefaultID - INFO - Client 95: Acc=55.66, Loss=-342.9764, NLL=-1161.6702, KL=13.9632, AvgS=499.96, ProxLoss=0.0000
2026-03-19 01:03:46,143 - Server_DefaultID - INFO - Training client 33 (30/30)...
2026-03-19 01:03:48,215 - Server_DefaultID - INFO - Client 33: Acc=57.90, Loss=-345.4406, NLL=-1161.6253, KL=13.9631, AvgS=499.94, ProxLoss=0.0000
2026-03-19 01:03:48,427 - Server_DefaultID - WARNING - Global prior extremely imbalanced (max/min=1.0), applied adaptive smoothing lam=0.10.
2026-03-19 01:03:48,428 - Server_DefaultID - INFO - Round [18/200] Summary | Avg Client Train Stats:	Loss [-336.3354]	 Acc [77.06]	NLL [-1135.8028]	 KL [13.7740]	AvgS [488.81]	 ProxLoss [0.0000]
GlobalPriorAlpha (first 10): [5.0, 5.0, 5.0, 5.0, 5.0, 5.0, 5.0, 5.0, 5.0, 5.0]
Round Time: 63.13s
2026-03-19 01:03:48,430 - Server_DefaultID - INFO - --- Global Round 19/200 ---
2026-03-19 01:03:48,430 - Server_DefaultID - INFO - Selected 30 active clients for round 19.
2026-03-19 01:03:48,430 - Server_DefaultID - INFO - Training client 52 (1/30)...
2026-03-19 01:03:49,363 - Server_DefaultID - INFO - Client 52: Acc=69.06, Loss=-343.8199, NLL=-1160.8987, KL=13.9602, AvgS=499.62, ProxLoss=0.0000
2026-03-19 01:03:49,363 - Server_DefaultID - INFO - Training client 76 (2/30)...
2026-03-19 01:03:51,553 - Server_DefaultID - INFO - Client 76: Acc=63.98, Loss=-345.6365, NLL=-1161.7197, KL=13.9634, AvgS=499.98, ProxLoss=0.0000
2026-03-19 01:03:51,553 - Server_DefaultID - INFO - Training client 73 (3/30)...
2026-03-19 01:03:56,263 - Server_DefaultID - INFO - Client 73: Acc=80.60, Loss=-343.2212, NLL=-1161.7042, KL=13.9634, AvgS=499.97, ProxLoss=0.0000
2026-03-19 01:03:56,263 - Server_DefaultID - INFO - Training client 0 (4/30)...
2026-03-19 01:03:56,757 - Server_DefaultID - INFO - Client 0: Acc=53.44, Loss=-344.5018, NLL=-1161.5014, KL=13.9626, AvgS=499.88, ProxLoss=0.0000
2026-03-19 01:03:56,757 - Server_DefaultID - INFO - Training client 83 (5/30)...
2026-03-19 01:03:59,511 - Server_DefaultID - INFO - Client 83: Acc=99.72, Loss=-341.7437, NLL=-1161.6218, KL=13.9630, AvgS=499.94, ProxLoss=0.0000
2026-03-19 01:03:59,511 - Server_DefaultID - INFO - Training client 49 (6/30)...
2026-03-19 01:04:01,457 - Server_DefaultID - INFO - Client 49: Acc=77.59, Loss=-343.7091, NLL=-1161.6142, KL=13.9630, AvgS=499.93, ProxLoss=0.0000
2026-03-19 01:04:01,457 - Server_DefaultID - INFO - Training client 18 (7/30)...
2026-03-19 01:04:05,460 - Server_DefaultID - INFO - Client 18: Acc=84.25, Loss=-344.3092, NLL=-1161.7040, KL=13.9634, AvgS=499.97, ProxLoss=0.0000
2026-03-19 01:04:05,461 - Server_DefaultID - INFO - Training client 22 (8/30)...
2026-03-19 01:04:06,105 - Server_DefaultID - INFO - Client 22: Acc=48.12, Loss=-112.0991, NLL=-387.2720, KL=8.9534, AvgS=165.93, ProxLoss=0.0000
2026-03-19 01:04:06,105 - Server_DefaultID - INFO - Training client 28 (9/30)...
2026-03-19 01:04:06,568 - Server_DefaultID - INFO - Client 28: Acc=52.81, Loss=-64.0951, NLL=-224.4356, KL=6.6067, AvgS=96.34, ProxLoss=0.0000
2026-03-19 01:04:06,568 - Server_DefaultID - INFO - Training client 15 (10/30)...
2026-03-19 01:04:07,206 - Server_DefaultID - INFO - Client 15: Acc=63.28, Loss=-344.2432, NLL=-1161.5280, KL=13.9627, AvgS=499.90, ProxLoss=0.0000
2026-03-19 01:04:07,206 - Server_DefaultID - INFO - Training client 40 (11/30)...
2026-03-19 01:04:08,914 - Server_DefaultID - INFO - Client 40: Acc=58.91, Loss=-345.2234, NLL=-1161.4502, KL=13.9623, AvgS=499.86, ProxLoss=0.0000
2026-03-19 01:04:08,914 - Server_DefaultID - INFO - Training client 23 (12/30)...
2026-03-19 01:04:09,369 - Server_DefaultID - INFO - Client 23: Acc=69.15, Loss=-65.0503, NLL=-227.4374, KL=6.7468, AvgS=97.77, ProxLoss=0.0000
2026-03-19 01:04:09,369 - Server_DefaultID - INFO - Training client 61 (13/30)...
2026-03-19 01:04:10,796 - Server_DefaultID - INFO - Client 61: Acc=58.69, Loss=-345.8123, NLL=-1161.5759, KL=13.9629, AvgS=499.92, ProxLoss=0.0000
2026-03-19 01:04:10,796 - Server_DefaultID - INFO - Training client 97 (14/30)...
2026-03-19 01:04:17,478 - Server_DefaultID - INFO - Client 97: Acc=99.56, Loss=-341.8536, NLL=-1161.7221, KL=13.9634, AvgS=499.98, ProxLoss=0.0000
2026-03-19 01:04:17,478 - Server_DefaultID - INFO - Training client 19 (15/30)...
2026-03-19 01:04:21,130 - Server_DefaultID - INFO - Client 19: Acc=95.31, Loss=-342.6519, NLL=-1161.6179, KL=13.9630, AvgS=499.93, ProxLoss=0.0000
2026-03-19 01:04:21,130 - Server_DefaultID - INFO - Training client 64 (16/30)...
2026-03-19 01:04:21,618 - Server_DefaultID - INFO - Client 64: Acc=62.19, Loss=-117.6621, NLL=-403.8865, KL=9.2484, AvgS=173.13, ProxLoss=0.0000
2026-03-19 01:04:21,618 - Server_DefaultID - INFO - Training client 27 (17/30)...
2026-03-19 01:04:22,464 - Server_DefaultID - INFO - Client 27: Acc=54.79, Loss=-344.7729, NLL=-1161.1699, KL=13.9613, AvgS=499.74, ProxLoss=0.0000
2026-03-19 01:04:22,465 - Server_DefaultID - INFO - Training client 51 (18/30)...
2026-03-19 01:04:23,162 - Server_DefaultID - INFO - Client 51: Acc=32.03, Loss=-194.3757, NLL=-659.8650, KL=11.2101, AvgS=283.29, ProxLoss=0.0000
2026-03-19 01:04:23,162 - Server_DefaultID - INFO - Training client 24 (19/30)...
2026-03-19 01:04:23,540 - Server_DefaultID - INFO - Client 24: Acc=54.06, Loss=-81.6849, NLL=-278.9583, KL=7.5511, AvgS=119.69, ProxLoss=0.0000
2026-03-19 01:04:23,541 - Server_DefaultID - INFO - Training client 30 (20/30)...
2026-03-19 01:04:25,431 - Server_DefaultID - INFO - Client 30: Acc=63.98, Loss=-342.2518, NLL=-1161.0674, KL=13.9609, AvgS=499.70, ProxLoss=0.0000
2026-03-19 01:04:25,431 - Server_DefaultID - INFO - Training client 98 (21/30)...
2026-03-19 01:04:26,279 - Server_DefaultID - INFO - Client 98: Acc=72.29, Loss=-342.3375, NLL=-1161.2975, KL=13.9618, AvgS=499.80, ProxLoss=0.0000
2026-03-19 01:04:26,279 - Server_DefaultID - INFO - Training client 86 (22/30)...
2026-03-19 01:04:27,463 - Server_DefaultID - INFO - Client 86: Acc=69.94, Loss=-341.2011, NLL=-1155.3546, KL=13.9378, AvgS=497.23, ProxLoss=0.0000
2026-03-19 01:04:27,463 - Server_DefaultID - INFO - Training client 53 (23/30)...
2026-03-19 01:04:30,827 - Server_DefaultID - INFO - Client 53: Acc=95.75, Loss=-343.3325, NLL=-1161.5610, KL=13.9628, AvgS=499.91, ProxLoss=0.0000
2026-03-19 01:04:30,827 - Server_DefaultID - INFO - Training client 91 (24/30)...
2026-03-19 01:04:31,619 - Server_DefaultID - INFO - Client 91: Acc=76.04, Loss=-342.3579, NLL=-1160.9592, KL=13.9603, AvgS=499.65, ProxLoss=0.0000
2026-03-19 01:04:31,619 - Server_DefaultID - INFO - Training client 32 (25/30)...
2026-03-19 01:04:33,101 - Server_DefaultID - INFO - Client 32: Acc=76.15, Loss=-344.5836, NLL=-1161.7689, KL=13.9636, AvgS=500.00, ProxLoss=0.0000
2026-03-19 01:04:33,101 - Server_DefaultID - INFO - Training client 58 (26/30)...
2026-03-19 01:04:34,684 - Server_DefaultID - INFO - Client 58: Acc=77.46, Loss=-342.7166, NLL=-1161.5272, KL=13.9627, AvgS=499.90, ProxLoss=0.0000
2026-03-19 01:04:34,684 - Server_DefaultID - INFO - Training client 9 (27/30)...
2026-03-19 01:04:36,182 - Server_DefaultID - INFO - Client 9: Acc=97.46, Loss=-342.7640, NLL=-1161.7039, KL=13.9634, AvgS=499.97, ProxLoss=0.0000
2026-03-19 01:04:36,182 - Server_DefaultID - INFO - Training client 41 (28/30)...
2026-03-19 01:04:37,889 - Server_DefaultID - INFO - Client 41: Acc=66.25, Loss=-343.1223, NLL=-1161.5453, KL=13.9627, AvgS=499.90, ProxLoss=0.0000
2026-03-19 01:04:37,889 - Server_DefaultID - INFO - Training client 72 (29/30)...
2026-03-19 01:04:38,871 - Server_DefaultID - INFO - Client 72: Acc=95.00, Loss=-343.2995, NLL=-1161.5638, KL=13.9628, AvgS=499.91, ProxLoss=0.0000
2026-03-19 01:04:38,872 - Server_DefaultID - INFO - Training client 59 (30/30)...
2026-03-19 01:04:40,835 - Server_DefaultID - INFO - Client 59: Acc=69.69, Loss=-344.0021, NLL=-1161.6955, KL=13.9633, AvgS=499.97, ProxLoss=0.0000
2026-03-19 01:04:40,927 - Server_DefaultID - WARNING - Global prior extremely imbalanced (max/min=1.0), applied adaptive smoothing lam=0.10.
2026-03-19 01:04:40,927 - Server_DefaultID - INFO - Round [19/200] Summary | Avg Client Train Stats:	Loss [-331.2419]	 Acc [79.83]	NLL [-1121.0733]	 KL [13.6854]	AvgS [482.46]	 ProxLoss [0.0000]
GlobalPriorAlpha (first 10): [5.0, 5.0, 5.0, 5.0, 5.0, 5.0, 5.0, 5.0, 5.0, 5.0]
Round Time: 52.50s
2026-03-19 01:04:40,929 - Server_DefaultID - INFO - --- Global Round 20/200 ---
2026-03-19 01:04:40,930 - Server_DefaultID - INFO - Selected 30 active clients for round 20.
2026-03-19 01:04:40,930 - Server_DefaultID - INFO - Training client 13 (1/30)...
2026-03-19 01:04:41,291 - Server_DefaultID - INFO - Client 13: Acc=60.94, Loss=-343.1196, NLL=-1161.5961, KL=13.9630, AvgS=499.93, ProxLoss=0.0000
2026-03-19 01:04:41,291 - Server_DefaultID - INFO - Training client 91 (2/30)...
2026-03-19 01:04:42,087 - Server_DefaultID - INFO - Client 91: Acc=76.98, Loss=-342.4680, NLL=-1161.3120, KL=13.9618, AvgS=499.80, ProxLoss=0.0000
2026-03-19 01:04:42,087 - Server_DefaultID - INFO - Training client 53 (3/30)...
2026-03-19 01:04:44,126 - Server_DefaultID - INFO - Client 53: Acc=96.03, Loss=-343.1994, NLL=-1161.5138, KL=13.9626, AvgS=499.89, ProxLoss=0.0000
2026-03-19 01:04:44,126 - Server_DefaultID - INFO - Training client 26 (4/30)...
2026-03-19 01:04:47,894 - Server_DefaultID - INFO - Client 26: Acc=94.80, Loss=-343.1149, NLL=-1161.7590, KL=13.9636, AvgS=500.00, ProxLoss=0.0000
2026-03-19 01:04:47,894 - Server_DefaultID - INFO - Training client 28 (5/30)...
2026-03-19 01:04:48,226 - Server_DefaultID - INFO - Client 28: Acc=51.25, Loss=-79.7068, NLL=-277.9090, KL=7.5204, AvgS=119.12, ProxLoss=0.0000
2026-03-19 01:04:48,226 - Server_DefaultID - INFO - Training client 7 (6/30)...
2026-03-19 01:04:49,532 - Server_DefaultID - INFO - Client 7: Acc=55.52, Loss=-344.0785, NLL=-1161.6493, KL=13.9632, AvgS=499.95, ProxLoss=0.0000
2026-03-19 01:04:49,532 - Server_DefaultID - INFO - Training client 49 (7/30)...
2026-03-19 01:04:51,107 - Server_DefaultID - INFO - Client 49: Acc=77.72, Loss=-343.7035, NLL=-1161.6475, KL=13.9632, AvgS=499.95, ProxLoss=0.0000
2026-03-19 01:04:51,107 - Server_DefaultID - INFO - Training client 58 (8/30)...
2026-03-19 01:04:52,627 - Server_DefaultID - INFO - Client 58: Acc=76.96, Loss=-342.7233, NLL=-1161.5847, KL=13.9629, AvgS=499.92, ProxLoss=0.0000
2026-03-19 01:04:52,627 - Server_DefaultID - INFO - Training client 86 (9/30)...
2026-03-19 01:04:53,826 - Server_DefaultID - INFO - Client 86: Acc=64.75, Loss=-343.8120, NLL=-1161.5124, KL=13.9626, AvgS=499.89, ProxLoss=0.0000
2026-03-19 01:04:53,827 - Server_DefaultID - INFO - Training client 46 (10/30)...
2026-03-19 01:04:55,533 - Server_DefaultID - INFO - Client 46: Acc=86.84, Loss=-343.8960, NLL=-1161.5643, KL=13.9628, AvgS=499.91, ProxLoss=0.0000
2026-03-19 01:04:55,533 - Server_DefaultID - INFO - Training client 80 (11/30)...
2026-03-19 01:04:55,852 - Server_DefaultID - INFO - Client 80: Acc=64.69, Loss=-118.3090, NLL=-404.5784, KL=9.2807, AvgS=173.43, ProxLoss=0.0000
2026-03-19 01:04:55,852 - Server_DefaultID - INFO - Training client 69 (12/30)...
2026-03-19 01:04:56,421 - Server_DefaultID - INFO - Client 69: Acc=23.44, Loss=-244.3589, NLL=-828.6557, KL=12.3704, AvgS=356.07, ProxLoss=0.0000
2026-03-19 01:04:56,421 - Server_DefaultID - INFO - Training client 67 (13/30)...
2026-03-19 01:04:57,818 - Server_DefaultID - INFO - Client 67: Acc=64.01, Loss=-344.8864, NLL=-1161.7121, KL=13.9634, AvgS=499.98, ProxLoss=0.0000
2026-03-19 01:04:57,818 - Server_DefaultID - INFO - Training client 20 (14/30)...
2026-03-19 01:04:59,168 - Server_DefaultID - INFO - Client 20: Acc=59.06, Loss=-346.1789, NLL=-1161.7103, KL=13.9634, AvgS=499.97, ProxLoss=0.0000
2026-03-19 01:04:59,168 - Server_DefaultID - INFO - Training client 8 (15/30)...
2026-03-19 01:04:59,730 - Server_DefaultID - INFO - Client 8: Acc=87.34, Loss=-344.1041, NLL=-1161.3505, KL=13.9620, AvgS=499.82, ProxLoss=0.0000
2026-03-19 01:04:59,731 - Server_DefaultID - INFO - Training client 59 (16/30)...
2026-03-19 01:05:01,680 - Server_DefaultID - INFO - Client 59: Acc=69.62, Loss=-343.9287, NLL=-1161.5991, KL=13.9630, AvgS=499.93, ProxLoss=0.0000
2026-03-19 01:05:01,680 - Server_DefaultID - INFO - Training client 79 (17/30)...
2026-03-19 01:05:03,929 - Server_DefaultID - INFO - Client 79: Acc=30.88, Loss=-266.6925, NLL=-914.6411, KL=12.8128, AvgS=393.19, ProxLoss=0.0000
2026-03-19 01:05:03,929 - Server_DefaultID - INFO - Training client 68 (18/30)...
2026-03-19 01:05:05,790 - Server_DefaultID - INFO - Client 68: Acc=77.47, Loss=-342.6298, NLL=-1161.7475, KL=13.9635, AvgS=499.99, ProxLoss=0.0000
2026-03-19 01:05:05,790 - Server_DefaultID - INFO - Training client 78 (19/30)...
2026-03-19 01:05:11,882 - Server_DefaultID - INFO - Client 78: Acc=91.39, Loss=-344.0057, NLL=-1161.7463, KL=13.9635, AvgS=499.99, ProxLoss=0.0000
2026-03-19 01:05:11,882 - Server_DefaultID - INFO - Training client 47 (20/30)...
2026-03-19 01:05:13,138 - Server_DefaultID - INFO - Client 47: Acc=50.99, Loss=-345.2515, NLL=-1161.7286, KL=13.9635, AvgS=499.98, ProxLoss=0.0000
2026-03-19 01:05:13,138 - Server_DefaultID - INFO - Training client 9 (21/30)...
2026-03-19 01:05:14,934 - Server_DefaultID - INFO - Client 9: Acc=97.46, Loss=-342.8404, NLL=-1161.7408, KL=13.9635, AvgS=499.99, ProxLoss=0.0000
2026-03-19 01:05:14,934 - Server_DefaultID - INFO - Training client 40 (22/30)...
2026-03-19 01:05:16,337 - Server_DefaultID - INFO - Client 40: Acc=61.25, Loss=-345.4087, NLL=-1161.7106, KL=13.9634, AvgS=499.97, ProxLoss=0.0000
2026-03-19 01:05:16,337 - Server_DefaultID - INFO - Training client 21 (23/30)...
2026-03-19 01:05:18,164 - Server_DefaultID - INFO - Client 21: Acc=51.25, Loss=-345.3803, NLL=-1161.7268, KL=13.9635, AvgS=499.98, ProxLoss=0.0000
2026-03-19 01:05:18,164 - Server_DefaultID - INFO - Training client 16 (24/30)...
2026-03-19 01:05:18,746 - Server_DefaultID - INFO - Client 16: Acc=70.31, Loss=-343.6003, NLL=-1161.7699, KL=13.9636, AvgS=500.00, ProxLoss=0.0000
2026-03-19 01:05:18,746 - Server_DefaultID - INFO - Training client 32 (25/30)...
2026-03-19 01:05:20,165 - Server_DefaultID - INFO - Client 32: Acc=76.98, Loss=-344.4851, NLL=-1161.6729, KL=13.9633, AvgS=499.96, ProxLoss=0.0000
2026-03-19 01:05:20,165 - Server_DefaultID - INFO - Training client 99 (26/30)...
2026-03-19 01:05:20,521 - Server_DefaultID - INFO - Client 99: Acc=45.31, Loss=-82.9540, NLL=-282.9253, KL=7.6077, AvgS=121.35, ProxLoss=0.0000
2026-03-19 01:05:20,521 - Server_DefaultID - INFO - Training client 30 (27/30)...
2026-03-19 01:05:22,322 - Server_DefaultID - INFO - Client 30: Acc=73.75, Loss=-342.5325, NLL=-1161.5733, KL=13.9628, AvgS=499.92, ProxLoss=0.0000
2026-03-19 01:05:22,323 - Server_DefaultID - INFO - Training client 57 (28/30)...
2026-03-19 01:05:26,047 - Server_DefaultID - INFO - Client 57: Acc=94.03, Loss=-343.6522, NLL=-1161.7537, KL=13.9636, AvgS=499.99, ProxLoss=0.0000
2026-03-19 01:05:26,048 - Server_DefaultID - INFO - Training client 50 (29/30)...
2026-03-19 01:05:30,037 - Server_DefaultID - INFO - Client 50: Acc=97.43, Loss=-342.9478, NLL=-1161.6585, KL=13.9632, AvgS=499.95, ProxLoss=0.0000
2026-03-19 01:05:30,037 - Server_DefaultID - INFO - Training client 34 (30/30)...
2026-03-19 01:05:30,815 - Server_DefaultID - INFO - Client 34: Acc=67.40, Loss=-344.0414, NLL=-1160.5661, KL=13.9588, AvgS=499.48, ProxLoss=0.0000
2026-03-19 01:05:30,951 - Server_DefaultID - WARNING - Global prior extremely imbalanced (max/min=1.0), applied adaptive smoothing lam=0.10.
2026-03-19 01:05:30,951 - Server_DefaultID - INFO - Round [20/200] Summary | Avg Client Train Stats:	Loss [-335.3821]	 Acc [78.48]	NLL [-1133.8534]	 KL [13.7915]	AvgS [487.96]	 ProxLoss [0.0000]
GlobalPriorAlpha (first 10): [5.0, 5.0, 5.0, 5.0, 5.0, 5.0, 5.0, 5.0, 5.0, 5.0]
Round Time: 50.02s
2026-03-19 01:05:30,951 - Server_DefaultID - INFO - --- Evaluating models at round 20 ---
2026-03-19 01:06:36,838 - Server_DefaultID - INFO - Global Model Evaluation (Round 20): 
  Avg Test Acc: 66.66%
  Avg Test Acc Softmax: 66.66%
  Avg Test Loss: -1010.3400
  Avg Test NLL: -1022.2318
  Avg Test KL (vs flat prior): 13.0236
  Avg Test S: 439.85
2026-03-19 01:07:46,557 - Server_DefaultID - INFO - Personalized Model Evaluation (Round 20): 
  Avg Test Acc: 67.71%
  Avg Test Acc Softmax: 67.71%
  Avg Test Loss: -1018.9814
  Avg Test NLL: -1030.9018
  Avg Test KL (vs flat prior): 13.0684
  Avg Test S: 443.59
2026-03-19 01:07:46,557 - Server_DefaultID - INFO - [Metric 1] Personalized Brier Score | Mean: 0.4853
2026-03-19 01:07:46,557 - Server_DefaultID - INFO - [Metric 1] Personalized ECE | Mean: 0.1592
2026-03-19 01:07:46,557 - Server_DefaultID - INFO - [OOD Eval] OOD AUC-ROC (Epistemic): 0.1158
2026-03-19 01:07:46,557 - Server_DefaultID - INFO - [Metric 4] OOD FPR@95%TPR: 0.9639
2026-03-19 01:07:47,976 - Server_DefaultID - INFO - --- Global Round 21/200 ---
2026-03-19 01:07:47,977 - Server_DefaultID - INFO - Selected 30 active clients for round 21.
2026-03-19 01:07:47,977 - Server_DefaultID - INFO - Training client 23 (1/30)...
2026-03-19 01:07:49,385 - Server_DefaultID - INFO - Client 23: Acc=70.85, Loss=-81.1592, NLL=-282.2398, KL=7.6746, AvgS=121.10, ProxLoss=0.0000
2026-03-19 01:07:49,385 - Server_DefaultID - INFO - Training client 31 (2/30)...
2026-03-19 01:07:51,995 - Server_DefaultID - INFO - Client 31: Acc=74.38, Loss=-343.7981, NLL=-1161.7620, KL=13.9636, AvgS=500.00, ProxLoss=0.0000
2026-03-19 01:07:51,995 - Server_DefaultID - INFO - Training client 54 (3/30)...
2026-03-19 01:07:52,639 - Server_DefaultID - INFO - Client 54: Acc=71.41, Loss=-81.0033, NLL=-282.9759, KL=7.6548, AvgS=121.43, ProxLoss=0.0000
2026-03-19 01:07:52,639 - Server_DefaultID - INFO - Training client 49 (4/30)...
2026-03-19 01:07:54,635 - Server_DefaultID - INFO - Client 49: Acc=77.46, Loss=-343.7114, NLL=-1161.7216, KL=13.9634, AvgS=499.98, ProxLoss=0.0000
2026-03-19 01:07:54,636 - Server_DefaultID - INFO - Training client 7 (5/30)...
2026-03-19 01:07:56,380 - Server_DefaultID - INFO - Client 7: Acc=46.82, Loss=-343.4430, NLL=-1160.6630, KL=13.9591, AvgS=499.52, ProxLoss=0.0000
2026-03-19 01:07:56,381 - Server_DefaultID - INFO - Training client 4 (6/30)...
2026-03-19 01:07:58,099 - Server_DefaultID - INFO - Client 4: Acc=67.24, Loss=-345.1394, NLL=-1161.3129, KL=13.9618, AvgS=499.80, ProxLoss=0.0000
2026-03-19 01:07:58,099 - Server_DefaultID - INFO - Training client 14 (7/30)...
2026-03-19 01:08:00,675 - Server_DefaultID - INFO - Client 14: Acc=68.82, Loss=-342.5115, NLL=-1161.6500, KL=13.9631, AvgS=499.95, ProxLoss=0.0000
2026-03-19 01:08:00,675 - Server_DefaultID - INFO - Training client 63 (8/30)...
2026-03-19 01:08:02,097 - Server_DefaultID - INFO - Client 63: Acc=55.94, Loss=-343.9749, NLL=-1161.5847, KL=13.9629, AvgS=499.92, ProxLoss=0.0000
2026-03-19 01:08:02,098 - Server_DefaultID - INFO - Training client 77 (9/30)...
2026-03-19 01:08:05,958 - Server_DefaultID - INFO - Client 77: Acc=90.54, Loss=-343.7778, NLL=-1161.7072, KL=13.9634, AvgS=499.97, ProxLoss=0.0000
2026-03-19 01:08:05,958 - Server_DefaultID - INFO - Training client 27 (10/30)...
2026-03-19 01:08:06,934 - Server_DefaultID - INFO - Client 27: Acc=58.33, Loss=-344.8599, NLL=-1161.5125, KL=13.9626, AvgS=499.89, ProxLoss=0.0000
2026-03-19 01:08:06,934 - Server_DefaultID - INFO - Training client 17 (11/30)...
2026-03-19 01:08:07,729 - Server_DefaultID - INFO - Client 17: Acc=75.47, Loss=-316.9620, NLL=-1070.7317, KL=13.5451, AvgS=460.70, ProxLoss=0.0000
2026-03-19 01:08:07,729 - Server_DefaultID - INFO - Training client 84 (12/30)...
2026-03-19 01:08:08,168 - Server_DefaultID - INFO - Client 84: Acc=53.21, Loss=-35.5863, NLL=-126.8865, KL=4.4080, AvgS=55.09, ProxLoss=0.0000
2026-03-19 01:08:08,168 - Server_DefaultID - INFO - Training client 44 (13/30)...
2026-03-19 01:08:10,482 - Server_DefaultID - INFO - Client 44: Acc=79.97, Loss=-343.4672, NLL=-1161.4382, KL=13.9623, AvgS=499.86, ProxLoss=0.0000
2026-03-19 01:08:10,482 - Server_DefaultID - INFO - Training client 15 (14/30)...
2026-03-19 01:08:11,289 - Server_DefaultID - INFO - Client 15: Acc=44.69, Loss=-323.9923, NLL=-1097.4339, KL=13.6114, AvgS=472.24, ProxLoss=0.0000
2026-03-19 01:08:11,289 - Server_DefaultID - INFO - Training client 50 (15/30)...
2026-03-19 01:08:16,457 - Server_DefaultID - INFO - Client 50: Acc=97.47, Loss=-342.7809, NLL=-1161.5419, KL=13.9627, AvgS=499.90, ProxLoss=0.0000
2026-03-19 01:08:16,457 - Server_DefaultID - INFO - Training client 51 (16/30)...
2026-03-19 01:08:17,132 - Server_DefaultID - INFO - Client 51: Acc=31.41, Loss=-243.4753, NLL=-824.3715, KL=12.3043, AvgS=354.24, ProxLoss=0.0000
2026-03-19 01:08:17,132 - Server_DefaultID - INFO - Training client 75 (17/30)...
2026-03-19 01:08:19,311 - Server_DefaultID - INFO - Client 75: Acc=88.36, Loss=-342.8988, NLL=-1161.6661, KL=13.9632, AvgS=499.96, ProxLoss=0.0000
2026-03-19 01:08:19,311 - Server_DefaultID - INFO - Training client 68 (18/30)...
2026-03-19 01:08:22,815 - Server_DefaultID - INFO - Client 68: Acc=74.17, Loss=-342.2441, NLL=-1161.0695, KL=13.9606, AvgS=499.70, ProxLoss=0.0000
2026-03-19 01:08:22,815 - Server_DefaultID - INFO - Training client 29 (19/30)...
2026-03-19 01:08:23,987 - Server_DefaultID - INFO - Client 29: Acc=81.56, Loss=-337.8686, NLL=-1146.6993, KL=13.8994, AvgS=493.49, ProxLoss=0.0000
2026-03-19 01:08:23,987 - Server_DefaultID - INFO - Training client 34 (20/30)...
2026-03-19 01:08:25,002 - Server_DefaultID - INFO - Client 34: Acc=68.65, Loss=-344.4801, NLL=-1160.8326, KL=13.9599, AvgS=499.60, ProxLoss=0.0000
2026-03-19 01:08:25,002 - Server_DefaultID - INFO - Training client 10 (21/30)...
2026-03-19 01:08:26,151 - Server_DefaultID - INFO - Client 10: Acc=30.39, Loss=-343.7527, NLL=-1158.9356, KL=13.9524, AvgS=498.78, ProxLoss=0.0000
2026-03-19 01:08:26,151 - Server_DefaultID - INFO - Training client 25 (22/30)...
2026-03-19 01:08:26,879 - Server_DefaultID - INFO - Client 25: Acc=85.00, Loss=-192.5949, NLL=-658.7434, KL=11.1879, AvgS=282.82, ProxLoss=0.0000
2026-03-19 01:08:26,879 - Server_DefaultID - INFO - Training client 33 (23/30)...
2026-03-19 01:08:28,961 - Server_DefaultID - INFO - Client 33: Acc=57.72, Loss=-345.3723, NLL=-1161.7243, KL=13.9634, AvgS=499.98, ProxLoss=0.0000
2026-03-19 01:08:28,961 - Server_DefaultID - INFO - Training client 18 (24/30)...
2026-03-19 01:08:33,052 - Server_DefaultID - INFO - Client 18: Acc=83.54, Loss=-344.1585, NLL=-1161.5837, KL=13.9629, AvgS=499.92, ProxLoss=0.0000
2026-03-19 01:08:33,052 - Server_DefaultID - INFO - Training client 96 (25/30)...
2026-03-19 01:08:35,635 - Server_DefaultID - INFO - Client 96: Acc=67.95, Loss=-343.9251, NLL=-1161.7325, KL=13.9635, AvgS=499.98, ProxLoss=0.0000
2026-03-19 01:08:35,635 - Server_DefaultID - INFO - Training client 62 (26/30)...
2026-03-19 01:08:36,349 - Server_DefaultID - INFO - Client 62: Acc=37.66, Loss=-113.4610, NLL=-391.0193, KL=8.9896, AvgS=167.52, ProxLoss=0.0000
2026-03-19 01:08:36,350 - Server_DefaultID - INFO - Training client 78 (27/30)...
2026-03-19 01:08:44,158 - Server_DefaultID - INFO - Client 78: Acc=91.92, Loss=-344.0136, NLL=-1161.7491, KL=13.9635, AvgS=499.99, ProxLoss=0.0000
2026-03-19 01:08:44,158 - Server_DefaultID - INFO - Training client 73 (28/30)...
2026-03-19 01:08:47,556 - Server_DefaultID - INFO - Client 73: Acc=79.57, Loss=-343.1247, NLL=-1161.6970, KL=13.9633, AvgS=499.97, ProxLoss=0.0000
2026-03-19 01:08:47,556 - Server_DefaultID - INFO - Training client 83 (29/30)...
2026-03-19 01:08:50,172 - Server_DefaultID - INFO - Client 83: Acc=99.69, Loss=-341.7249, NLL=-1161.7282, KL=13.9635, AvgS=499.98, ProxLoss=0.0000
2026-03-19 01:08:50,172 - Server_DefaultID - INFO - Training client 8 (30/30)...
2026-03-19 01:08:50,904 - Server_DefaultID - INFO - Client 8: Acc=87.19, Loss=-326.2001, NLL=-1106.4121, KL=13.7108, AvgS=476.10, ProxLoss=0.0000
2026-03-19 01:08:51,155 - Server_DefaultID - WARNING - Global prior extremely imbalanced (max/min=1.0), applied adaptive smoothing lam=0.10.
2026-03-19 01:08:51,155 - Server_DefaultID - INFO - Round [21/200] Summary | Avg Client Train Stats:	Loss [-333.1845]	 Acc [78.38]	NLL [-1126.9553]	 KL [13.7352]	AvgS [484.99]	 ProxLoss [0.0000]
GlobalPriorAlpha (first 10): [5.0, 5.0, 5.0, 5.0, 5.0, 5.0, 5.0, 5.0, 5.0, 5.0]
Round Time: 63.18s
2026-03-19 01:08:51,158 - Server_DefaultID - INFO - --- Global Round 22/200 ---
2026-03-19 01:08:51,158 - Server_DefaultID - INFO - Selected 30 active clients for round 22.
2026-03-19 01:08:51,158 - Server_DefaultID - INFO - Training client 80 (1/30)...
2026-03-19 01:08:51,581 - Server_DefaultID - INFO - Client 80: Acc=62.81, Loss=-137.2228, NLL=-468.0312, KL=9.9031, AvgS=200.68, ProxLoss=0.0000
2026-03-19 01:08:51,581 - Server_DefaultID - INFO - Training client 70 (2/30)...
2026-03-19 01:08:52,949 - Server_DefaultID - INFO - Client 70: Acc=75.94, Loss=-342.6872, NLL=-1161.2689, KL=13.9616, AvgS=499.78, ProxLoss=0.0000
2026-03-19 01:08:52,949 - Server_DefaultID - INFO - Training client 49 (3/30)...
2026-03-19 01:08:55,852 - Server_DefaultID - INFO - Client 49: Acc=77.99, Loss=-343.6535, NLL=-1161.6977, KL=13.9633, AvgS=499.97, ProxLoss=0.0000
2026-03-19 01:08:55,852 - Server_DefaultID - INFO - Training client 10 (4/30)...
2026-03-19 01:08:56,995 - Server_DefaultID - INFO - Client 10: Acc=36.25, Loss=-345.2312, NLL=-1161.4827, KL=13.9625, AvgS=499.88, ProxLoss=0.0000
2026-03-19 01:08:56,995 - Server_DefaultID - INFO - Training client 73 (5/30)...
2026-03-19 01:09:00,301 - Server_DefaultID - INFO - Client 73: Acc=80.34, Loss=-343.0786, NLL=-1161.6810, KL=13.9633, AvgS=499.96, ProxLoss=0.0000
2026-03-19 01:09:00,301 - Server_DefaultID - INFO - Training client 60 (6/30)...
2026-03-19 01:09:01,228 - Server_DefaultID - INFO - Client 60: Acc=48.85, Loss=-324.7355, NLL=-1106.1158, KL=13.7294, AvgS=475.94, ProxLoss=0.0000
2026-03-19 01:09:01,228 - Server_DefaultID - INFO - Training client 15 (7/30)...
2026-03-19 01:09:01,947 - Server_DefaultID - INFO - Client 15: Acc=47.50, Loss=-334.5273, NLL=-1131.5745, KL=13.8047, AvgS=486.96, ProxLoss=0.0000
2026-03-19 01:09:01,947 - Server_DefaultID - INFO - Training client 28 (8/30)...
2026-03-19 01:09:02,371 - Server_DefaultID - INFO - Client 28: Acc=60.31, Loss=-95.0994, NLL=-329.4658, KL=8.2896, AvgS=141.15, ProxLoss=0.0000
2026-03-19 01:09:02,371 - Server_DefaultID - INFO - Training client 36 (9/30)...
2026-03-19 01:09:07,979 - Server_DefaultID - INFO - Client 36: Acc=86.63, Loss=-342.7500, NLL=-1161.7623, KL=13.9636, AvgS=500.00, ProxLoss=0.0000
2026-03-19 01:09:07,979 - Server_DefaultID - INFO - Training client 69 (10/30)...
2026-03-19 01:09:08,624 - Server_DefaultID - INFO - Client 69: Acc=35.00, Loss=-288.4763, NLL=-976.4512, KL=13.1262, AvgS=419.91, ProxLoss=0.0000
2026-03-19 01:09:08,624 - Server_DefaultID - INFO - Training client 16 (11/30)...
2026-03-19 01:09:09,285 - Server_DefaultID - INFO - Client 16: Acc=54.84, Loss=-317.1865, NLL=-1077.5304, KL=13.4819, AvgS=463.65, ProxLoss=0.0000
2026-03-19 01:09:09,285 - Server_DefaultID - INFO - Training client 54 (12/30)...
2026-03-19 01:09:10,022 - Server_DefaultID - INFO - Client 54: Acc=64.84, Loss=-115.2295, NLL=-399.1226, KL=9.1043, AvgS=171.14, ProxLoss=0.0000
2026-03-19 01:09:10,022 - Server_DefaultID - INFO - Training client 99 (13/30)...
2026-03-19 01:09:10,462 - Server_DefaultID - INFO - Client 99: Acc=46.25, Loss=-99.8791, NLL=-339.6099, KL=8.4004, AvgS=145.57, ProxLoss=0.0000
2026-03-19 01:09:10,462 - Server_DefaultID - INFO - Training client 67 (14/30)...
2026-03-19 01:09:12,109 - Server_DefaultID - INFO - Client 67: Acc=63.54, Loss=-344.7613, NLL=-1161.7068, KL=13.9634, AvgS=499.97, ProxLoss=0.0000
2026-03-19 01:09:12,109 - Server_DefaultID - INFO - Training client 61 (15/30)...
2026-03-19 01:09:13,546 - Server_DefaultID - INFO - Client 61: Acc=59.75, Loss=-345.7373, NLL=-1161.6406, KL=13.9631, AvgS=499.94, ProxLoss=0.0000
2026-03-19 01:09:13,546 - Server_DefaultID - INFO - Training client 5 (16/30)...
2026-03-19 01:09:13,998 - Server_DefaultID - INFO - Client 5: Acc=66.88, Loss=-312.8400, NLL=-1055.3241, KL=13.4290, AvgS=454.06, ProxLoss=0.0000
2026-03-19 01:09:13,998 - Server_DefaultID - INFO - Training client 39 (17/30)...
2026-03-19 01:09:18,011 - Server_DefaultID - INFO - Client 39: Acc=71.00, Loss=-343.9710, NLL=-1161.7573, KL=13.9636, AvgS=499.99, ProxLoss=0.0000
2026-03-19 01:09:18,012 - Server_DefaultID - INFO - Training client 13 (18/30)...
2026-03-19 01:09:18,462 - Server_DefaultID - INFO - Client 13: Acc=56.88, Loss=-317.5736, NLL=-1076.7691, KL=13.5226, AvgS=463.31, ProxLoss=0.0000
2026-03-19 01:09:18,462 - Server_DefaultID - INFO - Training client 0 (19/30)...
2026-03-19 01:09:18,932 - Server_DefaultID - INFO - Client 0: Acc=30.62, Loss=-310.1856, NLL=-1048.8036, KL=13.4242, AvgS=451.25, ProxLoss=0.0000
2026-03-19 01:09:18,932 - Server_DefaultID - INFO - Training client 27 (20/30)...
2026-03-19 01:09:19,870 - Server_DefaultID - INFO - Client 27: Acc=57.92, Loss=-344.8271, NLL=-1161.4707, KL=13.9625, AvgS=499.87, ProxLoss=0.0000
2026-03-19 01:09:19,871 - Server_DefaultID - INFO - Training client 82 (21/30)...
2026-03-19 01:09:21,277 - Server_DefaultID - INFO - Client 82: Acc=85.50, Loss=-343.5295, NLL=-1161.4908, KL=13.9625, AvgS=499.88, ProxLoss=0.0000
2026-03-19 01:09:21,277 - Server_DefaultID - INFO - Training client 4 (22/30)...
2026-03-19 01:09:23,048 - Server_DefaultID - INFO - Client 4: Acc=71.61, Loss=-345.3974, NLL=-1161.6679, KL=13.9632, AvgS=499.96, ProxLoss=0.0000
2026-03-19 01:09:23,048 - Server_DefaultID - INFO - Training client 25 (23/30)...
2026-03-19 01:09:23,729 - Server_DefaultID - INFO - Client 25: Acc=83.75, Loss=-244.6244, NLL=-832.2329, KL=12.3027, AvgS=357.66, ProxLoss=0.0000
2026-03-19 01:09:23,729 - Server_DefaultID - INFO - Training client 48 (24/30)...
2026-03-19 01:09:29,150 - Server_DefaultID - INFO - Client 48: Acc=86.73, Loss=-344.0844, NLL=-1161.7651, KL=13.9636, AvgS=500.00, ProxLoss=0.0000
2026-03-19 01:09:29,150 - Server_DefaultID - INFO - Training client 42 (25/30)...
2026-03-19 01:09:30,840 - Server_DefaultID - INFO - Client 42: Acc=90.73, Loss=-343.1573, NLL=-1160.2638, KL=13.9576, AvgS=499.35, ProxLoss=0.0000
2026-03-19 01:09:30,840 - Server_DefaultID - INFO - Training client 31 (26/30)...
2026-03-19 01:09:33,358 - Server_DefaultID - INFO - Client 31: Acc=75.07, Loss=-343.7609, NLL=-1161.7630, KL=13.9636, AvgS=500.00, ProxLoss=0.0000
2026-03-19 01:09:33,358 - Server_DefaultID - INFO - Training client 6 (27/30)...
2026-03-19 01:09:34,304 - Server_DefaultID - INFO - Client 6: Acc=59.58, Loss=-335.3581, NLL=-1138.9216, KL=13.8668, AvgS=490.13, ProxLoss=0.0000
2026-03-19 01:09:34,304 - Server_DefaultID - INFO - Training client 43 (28/30)...
2026-03-19 01:09:37,269 - Server_DefaultID - INFO - Client 43: Acc=74.83, Loss=-343.6435, NLL=-1161.7041, KL=13.9634, AvgS=499.97, ProxLoss=0.0000
2026-03-19 01:09:37,270 - Server_DefaultID - INFO - Training client 98 (29/30)...
2026-03-19 01:09:38,179 - Server_DefaultID - INFO - Client 98: Acc=70.94, Loss=-342.2823, NLL=-1161.3373, KL=13.9619, AvgS=499.81, ProxLoss=0.0000
2026-03-19 01:09:38,179 - Server_DefaultID - INFO - Training client 87 (30/30)...
2026-03-19 01:09:40,104 - Server_DefaultID - INFO - Client 87: Acc=47.50, Loss=-345.6925, NLL=-1161.6784, KL=13.9633, AvgS=499.96, ProxLoss=0.0000
2026-03-19 01:09:40,351 - Server_DefaultID - WARNING - Global prior extremely imbalanced (max/min=1.0), applied adaptive smoothing lam=0.10.
2026-03-19 01:09:40,351 - Server_DefaultID - INFO - Round [22/200] Summary | Avg Client Train Stats:	Loss [-330.8459]	 Acc [72.18]	NLL [-1118.5712]	 KL [13.7043]	AvgS [481.36]	 ProxLoss [0.0000]
GlobalPriorAlpha (first 10): [5.0, 5.0, 5.0, 5.0, 5.0, 5.0, 5.0, 5.0, 5.0, 5.0]
Round Time: 49.19s
2026-03-19 01:09:40,354 - Server_DefaultID - INFO - --- Global Round 23/200 ---
2026-03-19 01:09:40,355 - Server_DefaultID - INFO - Selected 30 active clients for round 23.
2026-03-19 01:09:40,355 - Server_DefaultID - INFO - Training client 82 (1/30)...
2026-03-19 01:09:41,758 - Server_DefaultID - INFO - Client 82: Acc=85.81, Loss=-343.2587, NLL=-1160.9994, KL=13.9604, AvgS=499.67, ProxLoss=0.0000
2026-03-19 01:09:41,759 - Server_DefaultID - INFO - Training client 78 (2/30)...
2026-03-19 01:09:49,423 - Server_DefaultID - INFO - Client 78: Acc=92.21, Loss=-343.9059, NLL=-1161.7322, KL=13.9635, AvgS=499.98, ProxLoss=0.0000
2026-03-19 01:09:49,423 - Server_DefaultID - INFO - Training client 49 (3/30)...
2026-03-19 01:09:51,540 - Server_DefaultID - INFO - Client 49: Acc=77.01, Loss=-343.6581, NLL=-1161.7387, KL=13.9635, AvgS=499.99, ProxLoss=0.0000
2026-03-19 01:09:51,540 - Server_DefaultID - INFO - Training client 75 (4/30)...
2026-03-19 01:09:53,630 - Server_DefaultID - INFO - Client 75: Acc=88.01, Loss=-342.8377, NLL=-1161.6797, KL=13.9633, AvgS=499.96, ProxLoss=0.0000
2026-03-19 01:09:53,630 - Server_DefaultID - INFO - Training client 38 (5/30)...
2026-03-19 01:09:54,355 - Server_DefaultID - INFO - Client 38: Acc=24.06, Loss=-288.5339, NLL=-975.1829, KL=13.1522, AvgS=419.36, ProxLoss=0.0000
2026-03-19 01:09:54,356 - Server_DefaultID - INFO - Training client 91 (6/30)...
2026-03-19 01:09:55,359 - Server_DefaultID - INFO - Client 91: Acc=82.60, Loss=-342.4667, NLL=-1161.5466, KL=13.9628, AvgS=499.90, ProxLoss=0.0000
2026-03-19 01:09:55,359 - Server_DefaultID - INFO - Training client 41 (7/30)...
2026-03-19 01:09:57,508 - Server_DefaultID - INFO - Client 41: Acc=68.59, Loss=-343.1484, NLL=-1161.6599, KL=13.9632, AvgS=499.95, ProxLoss=0.0000
2026-03-19 01:09:57,508 - Server_DefaultID - INFO - Training client 5 (8/30)...
2026-03-19 01:09:57,892 - Server_DefaultID - INFO - Client 5: Acc=71.25, Loss=-327.3391, NLL=-1104.2456, KL=13.7102, AvgS=475.15, ProxLoss=0.0000
2026-03-19 01:09:57,892 - Server_DefaultID - INFO - Training client 86 (9/30)...
2026-03-19 01:09:59,274 - Server_DefaultID - INFO - Client 86: Acc=72.06, Loss=-343.6184, NLL=-1161.2030, KL=13.9614, AvgS=499.76, ProxLoss=0.0000
2026-03-19 01:09:59,274 - Server_DefaultID - INFO - Training client 88 (10/30)...
2026-03-19 01:10:00,949 - Server_DefaultID - INFO - Client 88: Acc=57.45, Loss=-344.7596, NLL=-1161.6647, KL=13.9632, AvgS=499.95, ProxLoss=0.0000
2026-03-19 01:10:00,949 - Server_DefaultID - INFO - Training client 93 (11/30)...
2026-03-19 01:10:01,611 - Server_DefaultID - INFO - Client 93: Acc=50.16, Loss=-323.8505, NLL=-1095.7352, KL=13.6831, AvgS=471.46, ProxLoss=0.0000
2026-03-19 01:10:01,611 - Server_DefaultID - INFO - Training client 9 (12/30)...
2026-03-19 01:10:03,516 - Server_DefaultID - INFO - Client 9: Acc=97.50, Loss=-342.4952, NLL=-1161.5078, KL=13.9626, AvgS=499.89, ProxLoss=0.0000
2026-03-19 01:10:03,516 - Server_DefaultID - INFO - Training client 43 (13/30)...
2026-03-19 01:10:06,332 - Server_DefaultID - INFO - Client 43: Acc=76.93, Loss=-343.6447, NLL=-1161.7440, KL=13.9635, AvgS=499.99, ProxLoss=0.0000
2026-03-19 01:10:06,332 - Server_DefaultID - INFO - Training client 13 (14/30)...
2026-03-19 01:10:06,779 - Server_DefaultID - INFO - Client 13: Acc=50.62, Loss=-321.2683, NLL=-1090.8670, KL=13.6161, AvgS=469.39, ProxLoss=0.0000
2026-03-19 01:10:06,779 - Server_DefaultID - INFO - Training client 71 (15/30)...
2026-03-19 01:10:07,432 - Server_DefaultID - INFO - Client 71: Acc=64.84, Loss=-159.6888, NLL=-544.7595, KL=10.5518, AvgS=233.70, ProxLoss=0.0000
2026-03-19 01:10:07,432 - Server_DefaultID - INFO - Training client 25 (16/30)...
2026-03-19 01:10:08,036 - Server_DefaultID - INFO - Client 25: Acc=92.03, Loss=-289.1418, NLL=-982.4983, KL=13.1039, AvgS=422.56, ProxLoss=0.0000
2026-03-19 01:10:08,036 - Server_DefaultID - INFO - Training client 19 (17/30)...
2026-03-19 01:10:11,754 - Server_DefaultID - INFO - Client 19: Acc=95.31, Loss=-342.5333, NLL=-1161.7148, KL=13.9634, AvgS=499.98, ProxLoss=0.0000
2026-03-19 01:10:11,754 - Server_DefaultID - INFO - Training client 92 (18/30)...
2026-03-19 01:10:12,916 - Server_DefaultID - INFO - Client 92: Acc=95.00, Loss=-343.6368, NLL=-1160.8208, KL=13.9596, AvgS=499.59, ProxLoss=0.0000
2026-03-19 01:10:12,917 - Server_DefaultID - INFO - Training client 40 (19/30)...
2026-03-19 01:10:14,615 - Server_DefaultID - INFO - Client 40: Acc=61.51, Loss=-345.2423, NLL=-1161.4954, KL=13.9625, AvgS=499.88, ProxLoss=0.0000
2026-03-19 01:10:14,615 - Server_DefaultID - INFO - Training client 60 (20/30)...
2026-03-19 01:10:15,626 - Server_DefaultID - INFO - Client 60: Acc=58.33, Loss=-339.9997, NLL=-1154.6928, KL=13.9348, AvgS=496.94, ProxLoss=0.0000
2026-03-19 01:10:15,626 - Server_DefaultID - INFO - Training client 59 (21/30)...
2026-03-19 01:10:19,493 - Server_DefaultID - INFO - Client 59: Acc=70.45, Loss=-343.8783, NLL=-1161.7118, KL=13.9634, AvgS=499.98, ProxLoss=0.0000
2026-03-19 01:10:19,494 - Server_DefaultID - INFO - Training client 14 (22/30)...
2026-03-19 01:10:22,017 - Server_DefaultID - INFO - Client 14: Acc=80.31, Loss=-342.4868, NLL=-1161.5586, KL=13.9628, AvgS=499.91, ProxLoss=0.0000
2026-03-19 01:10:22,017 - Server_DefaultID - INFO - Training client 28 (23/30)...
2026-03-19 01:10:22,447 - Server_DefaultID - INFO - Client 28: Acc=49.69, Loss=-112.9567, NLL=-389.2082, KL=8.8829, AvgS=166.81, ProxLoss=0.0000
2026-03-19 01:10:22,447 - Server_DefaultID - INFO - Training client 21 (24/30)...
2026-03-19 01:10:24,628 - Server_DefaultID - INFO - Client 21: Acc=51.91, Loss=-345.3114, NLL=-1161.7191, KL=13.9634, AvgS=499.98, ProxLoss=0.0000
2026-03-19 01:10:24,628 - Server_DefaultID - INFO - Training client 83 (25/30)...
2026-03-19 01:10:27,391 - Server_DefaultID - INFO - Client 83: Acc=99.72, Loss=-341.6258, NLL=-1161.7492, KL=13.9635, AvgS=499.99, ProxLoss=0.0000
2026-03-19 01:10:27,391 - Server_DefaultID - INFO - Training client 67 (26/30)...
2026-03-19 01:10:29,002 - Server_DefaultID - INFO - Client 67: Acc=65.52, Loss=-344.4622, NLL=-1161.4989, KL=13.9626, AvgS=499.88, ProxLoss=0.0000
2026-03-19 01:10:29,002 - Server_DefaultID - INFO - Training client 47 (27/30)...
2026-03-19 01:10:30,634 - Server_DefaultID - INFO - Client 47: Acc=52.76, Loss=-345.1546, NLL=-1161.6664, KL=13.9632, AvgS=499.96, ProxLoss=0.0000
2026-03-19 01:10:30,635 - Server_DefaultID - INFO - Training client 51 (28/30)...
2026-03-19 01:10:31,323 - Server_DefaultID - INFO - Client 51: Acc=32.66, Loss=-287.1307, NLL=-970.3766, KL=13.0627, AvgS=417.30, ProxLoss=0.0000
2026-03-19 01:10:31,323 - Server_DefaultID - INFO - Training client 6 (29/30)...
2026-03-19 01:10:32,376 - Server_DefaultID - INFO - Client 6: Acc=57.60, Loss=-343.0542, NLL=-1160.3526, KL=13.9579, AvgS=499.39, ProxLoss=0.0000
2026-03-19 01:10:32,376 - Server_DefaultID - INFO - Training client 64 (30/30)...
2026-03-19 01:10:32,840 - Server_DefaultID - INFO - Client 64: Acc=62.19, Loss=-135.2702, NLL=-463.6632, KL=9.7842, AvgS=198.83, ProxLoss=0.0000
2026-03-19 01:10:33,062 - Server_DefaultID - WARNING - Global prior extremely imbalanced (max/min=1.0), applied adaptive smoothing lam=0.10.
2026-03-19 01:10:33,063 - Server_DefaultID - INFO - Round [23/200] Summary | Avg Client Train Stats:	Loss [-334.4379]	 Acc [77.15]	NLL [-1131.2239]	 KL [13.7927]	AvgS [486.82]	 ProxLoss [0.0000]
GlobalPriorAlpha (first 10): [5.0, 5.0, 5.0, 5.0, 5.0, 5.0, 5.0, 5.0, 5.0, 5.0]
Round Time: 52.71s
2026-03-19 01:10:33,065 - Server_DefaultID - INFO - --- Global Round 24/200 ---
2026-03-19 01:10:33,066 - Server_DefaultID - INFO - Selected 30 active clients for round 24.
2026-03-19 01:10:33,066 - Server_DefaultID - INFO - Training client 11 (1/30)...
2026-03-19 01:10:34,786 - Server_DefaultID - INFO - Client 11: Acc=86.88, Loss=-343.9743, NLL=-1161.5047, KL=13.9626, AvgS=499.89, ProxLoss=0.0000
2026-03-19 01:10:34,786 - Server_DefaultID - INFO - Training client 85 (2/30)...
2026-03-19 01:10:37,894 - Server_DefaultID - INFO - Client 85: Acc=99.74, Loss=-341.5530, NLL=-1161.7348, KL=13.9635, AvgS=499.98, ProxLoss=0.0000
2026-03-19 01:10:37,894 - Server_DefaultID - INFO - Training client 29 (3/30)...
2026-03-19 01:10:39,091 - Server_DefaultID - INFO - Client 29: Acc=81.48, Loss=-342.7817, NLL=-1159.6698, KL=13.9552, AvgS=499.09, ProxLoss=0.0000
2026-03-19 01:10:39,091 - Server_DefaultID - INFO - Training client 6 (4/30)...
2026-03-19 01:10:39,990 - Server_DefaultID - INFO - Client 6: Acc=56.98, Loss=-343.4297, NLL=-1161.4502, KL=13.9624, AvgS=499.86, ProxLoss=0.0000
2026-03-19 01:10:39,990 - Server_DefaultID - INFO - Training client 43 (5/30)...
2026-03-19 01:10:42,797 - Server_DefaultID - INFO - Client 43: Acc=76.19, Loss=-343.6133, NLL=-1161.7699, KL=13.9636, AvgS=500.00, ProxLoss=0.0000
2026-03-19 01:10:42,797 - Server_DefaultID - INFO - Training client 62 (6/30)...
2026-03-19 01:10:43,585 - Server_DefaultID - INFO - Client 62: Acc=38.75, Loss=-148.3662, NLL=-509.5802, KL=10.1024, AvgS=218.50, ProxLoss=0.0000
2026-03-19 01:10:43,585 - Server_DefaultID - INFO - Training client 33 (7/30)...
2026-03-19 01:10:45,515 - Server_DefaultID - INFO - Client 33: Acc=57.37, Loss=-345.3156, NLL=-1161.6509, KL=13.9631, AvgS=499.95, ProxLoss=0.0000
2026-03-19 01:10:45,516 - Server_DefaultID - INFO - Training client 60 (8/30)...
2026-03-19 01:10:46,392 - Server_DefaultID - INFO - Client 60: Acc=58.54, Loss=-341.8810, NLL=-1158.7946, KL=13.9515, AvgS=498.72, ProxLoss=0.0000
2026-03-19 01:10:46,393 - Server_DefaultID - INFO - Training client 84 (9/30)...
2026-03-19 01:10:46,856 - Server_DefaultID - INFO - Client 84: Acc=50.94, Loss=-49.2532, NLL=-174.0661, KL=5.6335, AvgS=74.93, ProxLoss=0.0000
2026-03-19 01:10:46,857 - Server_DefaultID - INFO - Training client 28 (10/30)...
2026-03-19 01:10:47,290 - Server_DefaultID - INFO - Client 28: Acc=49.69, Loss=-133.3181, NLL=-457.6120, KL=9.6752, AvgS=196.15, ProxLoss=0.0000
2026-03-19 01:10:47,290 - Server_DefaultID - INFO - Training client 92 (11/30)...
2026-03-19 01:10:48,524 - Server_DefaultID - INFO - Client 92: Acc=95.23, Loss=-343.4575, NLL=-1161.3264, KL=13.9619, AvgS=499.81, ProxLoss=0.0000
2026-03-19 01:10:48,524 - Server_DefaultID - INFO - Training client 16 (12/30)...
2026-03-19 01:10:49,209 - Server_DefaultID - INFO - Client 16: Acc=53.44, Loss=-334.7733, NLL=-1135.6155, KL=13.8354, AvgS=488.71, ProxLoss=0.0000
2026-03-19 01:10:49,209 - Server_DefaultID - INFO - Training client 67 (13/30)...
2026-03-19 01:10:52,111 - Server_DefaultID - INFO - Client 67: Acc=66.41, Loss=-344.6748, NLL=-1161.7430, KL=13.9635, AvgS=499.99, ProxLoss=0.0000
2026-03-19 01:10:52,111 - Server_DefaultID - INFO - Training client 96 (14/30)...
2026-03-19 01:10:54,636 - Server_DefaultID - INFO - Client 96: Acc=71.88, Loss=-343.6513, NLL=-1161.6801, KL=13.9633, AvgS=499.96, ProxLoss=0.0000
2026-03-19 01:10:54,637 - Server_DefaultID - INFO - Training client 74 (15/30)...
2026-03-19 01:10:55,794 - Server_DefaultID - INFO - Client 74: Acc=57.73, Loss=-343.5805, NLL=-1161.0572, KL=13.9608, AvgS=499.69, ProxLoss=0.0000
2026-03-19 01:10:55,794 - Server_DefaultID - INFO - Training client 23 (16/30)...
2026-03-19 01:10:56,247 - Server_DefaultID - INFO - Client 23: Acc=66.78, Loss=-95.0212, NLL=-329.7103, KL=8.2572, AvgS=141.41, ProxLoss=0.0000
2026-03-19 01:10:56,248 - Server_DefaultID - INFO - Training client 39 (17/30)...
2026-03-19 01:11:00,203 - Server_DefaultID - INFO - Client 39: Acc=72.67, Loss=-343.7942, NLL=-1161.7023, KL=13.9634, AvgS=499.97, ProxLoss=0.0000
2026-03-19 01:11:00,203 - Server_DefaultID - INFO - Training client 4 (18/30)...
2026-03-19 01:11:01,912 - Server_DefaultID - INFO - Client 4: Acc=73.44, Loss=-345.4363, NLL=-1161.6069, KL=13.9630, AvgS=499.93, ProxLoss=0.0000
2026-03-19 01:11:01,912 - Server_DefaultID - INFO - Training client 93 (19/30)...
2026-03-19 01:11:02,597 - Server_DefaultID - INFO - Client 93: Acc=47.50, Loss=-340.1943, NLL=-1149.6192, KL=13.9145, AvgS=494.75, ProxLoss=0.0000
2026-03-19 01:11:02,597 - Server_DefaultID - INFO - Training client 73 (20/30)...
2026-03-19 01:11:05,978 - Server_DefaultID - INFO - Client 73: Acc=79.59, Loss=-343.0564, NLL=-1161.7329, KL=13.9635, AvgS=499.98, ProxLoss=0.0000
2026-03-19 01:11:05,978 - Server_DefaultID - INFO - Training client 79 (21/30)...
2026-03-19 01:11:07,446 - Server_DefaultID - INFO - Client 79: Acc=93.56, Loss=-337.9391, NLL=-1150.9099, KL=13.9197, AvgS=495.31, ProxLoss=0.0000
2026-03-19 01:11:07,447 - Server_DefaultID - INFO - Training client 66 (22/30)...
2026-03-19 01:11:09,530 - Server_DefaultID - INFO - Client 66: Acc=88.17, Loss=-343.4148, NLL=-1161.7485, KL=13.9635, AvgS=499.99, ProxLoss=0.0000
2026-03-19 01:11:09,531 - Server_DefaultID - INFO - Training client 24 (23/30)...
2026-03-19 01:11:09,959 - Server_DefaultID - INFO - Client 24: Acc=49.69, Loss=-98.9742, NLL=-337.7874, KL=8.3959, AvgS=144.81, ProxLoss=0.0000
2026-03-19 01:11:09,960 - Server_DefaultID - INFO - Training client 51 (24/30)...
2026-03-19 01:11:10,645 - Server_DefaultID - INFO - Client 51: Acc=34.22, Loss=-323.2857, NLL=-1090.4661, KL=13.6584, AvgS=469.18, ProxLoss=0.0000
2026-03-19 01:11:10,645 - Server_DefaultID - INFO - Training client 83 (25/30)...
2026-03-19 01:11:13,541 - Server_DefaultID - INFO - Client 83: Acc=99.72, Loss=-341.5542, NLL=-1161.7470, KL=13.9635, AvgS=499.99, ProxLoss=0.0000
2026-03-19 01:11:13,541 - Server_DefaultID - INFO - Training client 89 (26/30)...
2026-03-19 01:11:17,395 - Server_DefaultID - INFO - Client 89: Acc=98.55, Loss=-342.2560, NLL=-1161.6987, KL=13.9633, AvgS=499.97, ProxLoss=0.0000
2026-03-19 01:11:17,395 - Server_DefaultID - INFO - Training client 69 (27/30)...
2026-03-19 01:11:18,103 - Server_DefaultID - INFO - Client 69: Acc=47.81, Loss=-325.3981, NLL=-1099.9673, KL=13.7068, AvgS=473.29, ProxLoss=0.0000
2026-03-19 01:11:18,103 - Server_DefaultID - INFO - Training client 27 (28/30)...
2026-03-19 01:11:19,084 - Server_DefaultID - INFO - Client 27: Acc=61.35, Loss=-344.6409, NLL=-1161.0357, KL=13.9607, AvgS=499.68, ProxLoss=0.0000
2026-03-19 01:11:19,084 - Server_DefaultID - INFO - Training client 36 (29/30)...
2026-03-19 01:11:26,257 - Server_DefaultID - INFO - Client 36: Acc=87.01, Loss=-342.6593, NLL=-1161.7275, KL=13.9635, AvgS=499.98, ProxLoss=0.0000
2026-03-19 01:11:26,257 - Server_DefaultID - INFO - Training client 72 (30/30)...
2026-03-19 01:11:27,585 - Server_DefaultID - INFO - Client 72: Acc=95.00, Loss=-343.1268, NLL=-1161.4785, KL=13.9625, AvgS=499.87, ProxLoss=0.0000
2026-03-19 01:11:27,788 - Server_DefaultID - WARNING - Global prior extremely imbalanced (max/min=1.0), applied adaptive smoothing lam=0.10.
2026-03-19 01:11:27,789 - Server_DefaultID - INFO - Round [24/200] Summary | Avg Client Train Stats:	Loss [-333.7331]	 Acc [78.90]	NLL [-1129.9434]	 KL [13.7589]	AvgS [486.27]	 ProxLoss [0.0000]
GlobalPriorAlpha (first 10): [5.0, 5.0, 5.0, 5.0, 5.0, 5.0, 5.0, 5.0, 5.0, 5.0]
Round Time: 54.72s
2026-03-19 01:11:27,792 - Server_DefaultID - INFO - --- Global Round 25/200 ---
2026-03-19 01:11:27,793 - Server_DefaultID - INFO - Selected 30 active clients for round 25.
2026-03-19 01:11:27,793 - Server_DefaultID - INFO - Training client 80 (1/30)...
2026-03-19 01:11:28,254 - Server_DefaultID - INFO - Client 80: Acc=60.00, Loss=-158.0101, NLL=-538.4234, KL=10.5125, AvgS=230.96, ProxLoss=0.0000
2026-03-19 01:11:28,254 - Server_DefaultID - INFO - Training client 57 (2/30)...
2026-03-19 01:11:32,949 - Server_DefaultID - INFO - Client 57: Acc=94.14, Loss=-343.4322, NLL=-1161.7622, KL=13.9636, AvgS=500.00, ProxLoss=0.0000
2026-03-19 01:11:32,949 - Server_DefaultID - INFO - Training client 35 (3/30)...
2026-03-19 01:11:33,937 - Server_DefaultID - INFO - Client 35: Acc=58.44, Loss=-344.6195, NLL=-1160.8733, KL=13.9600, AvgS=499.61, ProxLoss=0.0000
2026-03-19 01:11:33,937 - Server_DefaultID - INFO - Training client 49 (4/30)...
2026-03-19 01:11:35,985 - Server_DefaultID - INFO - Client 49: Acc=78.75, Loss=-343.5159, NLL=-1161.6252, KL=13.9631, AvgS=499.94, ProxLoss=0.0000
2026-03-19 01:11:35,985 - Server_DefaultID - INFO - Training client 46 (5/30)...
2026-03-19 01:11:38,221 - Server_DefaultID - INFO - Client 46: Acc=86.99, Loss=-343.7539, NLL=-1161.4942, KL=13.9626, AvgS=499.88, ProxLoss=0.0000
2026-03-19 01:11:38,221 - Server_DefaultID - INFO - Training client 78 (6/30)...
2026-03-19 01:11:46,032 - Server_DefaultID - INFO - Client 78: Acc=92.18, Loss=-343.7947, NLL=-1161.7550, KL=13.9636, AvgS=499.99, ProxLoss=0.0000
2026-03-19 01:11:46,032 - Server_DefaultID - INFO - Training client 66 (7/30)...
2026-03-19 01:11:47,898 - Server_DefaultID - INFO - Client 66: Acc=88.21, Loss=-343.4170, NLL=-1161.7127, KL=13.9634, AvgS=499.98, ProxLoss=0.0000
2026-03-19 01:11:47,898 - Server_DefaultID - INFO - Training client 42 (8/30)...
2026-03-19 01:11:49,510 - Server_DefaultID - INFO - Client 42: Acc=90.68, Loss=-343.6595, NLL=-1161.4923, KL=13.9625, AvgS=499.88, ProxLoss=0.0000
2026-03-19 01:11:49,510 - Server_DefaultID - INFO - Training client 74 (9/30)...
2026-03-19 01:11:50,648 - Server_DefaultID - INFO - Client 74: Acc=57.34, Loss=-343.7763, NLL=-1161.4334, KL=13.9623, AvgS=499.85, ProxLoss=0.0000
2026-03-19 01:11:50,648 - Server_DefaultID - INFO - Training client 22 (10/30)...
2026-03-19 01:11:51,350 - Server_DefaultID - INFO - Client 22: Acc=49.53, Loss=-149.8116, NLL=-514.2147, KL=10.1943, AvgS=220.49, ProxLoss=0.0000
2026-03-19 01:11:51,350 - Server_DefaultID - INFO - Training client 50 (11/30)...
2026-03-19 01:11:56,485 - Server_DefaultID - INFO - Client 50: Acc=97.50, Loss=-342.5848, NLL=-1161.5843, KL=13.9629, AvgS=499.92, ProxLoss=0.0000
2026-03-19 01:11:56,485 - Server_DefaultID - INFO - Training client 99 (12/30)...
2026-03-19 01:11:57,977 - Server_DefaultID - INFO - Client 99: Acc=45.94, Loss=-118.8593, NLL=-403.3590, KL=9.1737, AvgS=172.89, ProxLoss=0.0000
2026-03-19 01:11:57,977 - Server_DefaultID - INFO - Training client 44 (13/30)...
2026-03-19 01:12:00,439 - Server_DefaultID - INFO - Client 44: Acc=84.62, Loss=-343.2993, NLL=-1161.4611, KL=13.9624, AvgS=499.87, ProxLoss=0.0000
2026-03-19 01:12:00,439 - Server_DefaultID - INFO - Training client 33 (14/30)...
2026-03-19 01:12:02,438 - Server_DefaultID - INFO - Client 33: Acc=58.12, Loss=-345.2509, NLL=-1161.6804, KL=13.9633, AvgS=499.96, ProxLoss=0.0000
2026-03-19 01:12:02,438 - Server_DefaultID - INFO - Training client 71 (15/30)...
2026-03-19 01:12:03,155 - Server_DefaultID - INFO - Client 71: Acc=64.38, Loss=-202.9754, NLL=-691.0899, KL=11.5945, AvgS=296.76, ProxLoss=0.0000
2026-03-19 01:12:03,155 - Server_DefaultID - INFO - Training client 89 (16/30)...
2026-03-19 01:12:06,903 - Server_DefaultID - INFO - Client 89: Acc=98.55, Loss=-342.3024, NLL=-1161.7579, KL=13.9636, AvgS=499.99, ProxLoss=0.0000
2026-03-19 01:12:06,903 - Server_DefaultID - INFO - Training client 0 (17/30)...
2026-03-19 01:12:07,363 - Server_DefaultID - INFO - Client 0: Acc=25.62, Loss=-328.1852, NLL=-1109.5256, KL=13.7112, AvgS=477.44, ProxLoss=0.0000
2026-03-19 01:12:07,363 - Server_DefaultID - INFO - Training client 96 (18/30)...
2026-03-19 01:12:09,793 - Server_DefaultID - INFO - Client 96: Acc=74.51, Loss=-343.6938, NLL=-1161.6991, KL=13.9634, AvgS=499.97, ProxLoss=0.0000
2026-03-19 01:12:09,793 - Server_DefaultID - INFO - Training client 3 (19/30)...
2026-03-19 01:12:11,545 - Server_DefaultID - INFO - Client 3: Acc=61.98, Loss=-345.1509, NLL=-1160.8494, KL=13.9599, AvgS=499.60, ProxLoss=0.0000
2026-03-19 01:12:11,545 - Server_DefaultID - INFO - Training client 27 (20/30)...
2026-03-19 01:12:12,464 - Server_DefaultID - INFO - Client 27: Acc=60.10, Loss=-344.7840, NLL=-1161.6512, KL=13.9632, AvgS=499.95, ProxLoss=0.0000
2026-03-19 01:12:12,464 - Server_DefaultID - INFO - Training client 86 (21/30)...
2026-03-19 01:12:13,966 - Server_DefaultID - INFO - Client 86: Acc=73.00, Loss=-343.5510, NLL=-1161.6035, KL=13.9630, AvgS=499.93, ProxLoss=0.0000
2026-03-19 01:12:13,966 - Server_DefaultID - INFO - Training client 36 (22/30)...
2026-03-19 01:12:20,025 - Server_DefaultID - INFO - Client 36: Acc=87.69, Loss=-342.6302, NLL=-1161.7629, KL=13.9636, AvgS=500.00, ProxLoss=0.0000
2026-03-19 01:12:20,026 - Server_DefaultID - INFO - Training client 23 (23/30)...
2026-03-19 01:12:20,506 - Server_DefaultID - INFO - Client 23: Acc=73.90, Loss=-114.5344, NLL=-395.4598, KL=9.0849, AvgS=169.58, ProxLoss=0.0000
2026-03-19 01:12:20,506 - Server_DefaultID - INFO - Training client 53 (24/30)...
2026-03-19 01:12:23,354 - Server_DefaultID - INFO - Client 53: Acc=96.00, Loss=-343.2716, NLL=-1161.7514, KL=13.9636, AvgS=499.99, ProxLoss=0.0000
2026-03-19 01:12:23,354 - Server_DefaultID - INFO - Training client 25 (25/30)...
2026-03-19 01:12:24,018 - Server_DefaultID - INFO - Client 25: Acc=95.62, Loss=-325.3507, NLL=-1103.6724, KL=13.7077, AvgS=474.90, ProxLoss=0.0000
2026-03-19 01:12:24,018 - Server_DefaultID - INFO - Training client 91 (26/30)...
2026-03-19 01:12:24,931 - Server_DefaultID - INFO - Client 91: Acc=82.08, Loss=-342.3388, NLL=-1161.4903, KL=13.9625, AvgS=499.88, ProxLoss=0.0000
2026-03-19 01:12:24,931 - Server_DefaultID - INFO - Training client 92 (27/30)...
2026-03-19 01:12:26,141 - Server_DefaultID - INFO - Client 92: Acc=95.08, Loss=-343.6369, NLL=-1161.4373, KL=13.9623, AvgS=499.86, ProxLoss=0.0000
2026-03-19 01:12:26,141 - Server_DefaultID - INFO - Training client 18 (28/30)...
2026-03-19 01:12:31,407 - Server_DefaultID - INFO - Client 18: Acc=84.81, Loss=-344.1188, NLL=-1161.7356, KL=13.9635, AvgS=499.99, ProxLoss=0.0000
2026-03-19 01:12:31,407 - Server_DefaultID - INFO - Training client 47 (29/30)...
2026-03-19 01:12:33,076 - Server_DefaultID - INFO - Client 47: Acc=53.23, Loss=-344.9131, NLL=-1161.4773, KL=13.9624, AvgS=499.87, ProxLoss=0.0000
2026-03-19 01:12:33,076 - Server_DefaultID - INFO - Training client 75 (30/30)...
2026-03-19 01:12:35,247 - Server_DefaultID - INFO - Client 75: Acc=88.40, Loss=-342.7552, NLL=-1161.7224, KL=13.9634, AvgS=499.98, ProxLoss=0.0000
2026-03-19 01:12:35,543 - Server_DefaultID - WARNING - Global prior extremely imbalanced (max/min=1.0), applied adaptive smoothing lam=0.10.
2026-03-19 01:12:35,544 - Server_DefaultID - INFO - Round [25/200] Summary | Avg Client Train Stats:	Loss [-335.9667]	 Acc [84.11]	NLL [-1136.4937]	 KL [13.8193]	AvgS [489.09]	 ProxLoss [0.0000]
GlobalPriorAlpha (first 10): [5.0, 5.0, 5.0, 5.0, 5.0, 5.0, 5.0, 5.0, 5.0, 5.0]
Round Time: 67.75s
2026-03-19 01:12:35,548 - Server_DefaultID - INFO - --- Global Round 26/200 ---
2026-03-19 01:12:35,549 - Server_DefaultID - INFO - Selected 30 active clients for round 26.
2026-03-19 01:12:35,549 - Server_DefaultID - INFO - Training client 89 (1/30)...
2026-03-19 01:12:39,360 - Server_DefaultID - INFO - Client 89: Acc=98.55, Loss=-342.2334, NLL=-1161.7579, KL=13.9636, AvgS=499.99, ProxLoss=0.0000
2026-03-19 01:12:39,361 - Server_DefaultID - INFO - Training client 46 (2/30)...
2026-03-19 01:12:41,672 - Server_DefaultID - INFO - Client 46: Acc=86.45, Loss=-343.7943, NLL=-1161.7306, KL=13.9635, AvgS=499.98, ProxLoss=0.0000
2026-03-19 01:12:41,672 - Server_DefaultID - INFO - Training client 3 (3/30)...
2026-03-19 01:12:43,412 - Server_DefaultID - INFO - Client 3: Acc=60.89, Loss=-345.2720, NLL=-1161.2055, KL=13.9614, AvgS=499.76, ProxLoss=0.0000
2026-03-19 01:12:43,412 - Server_DefaultID - INFO - Training client 97 (4/30)...
2026-03-19 01:12:49,940 - Server_DefaultID - INFO - Client 97: Acc=99.56, Loss=-341.5768, NLL=-1161.6864, KL=13.9633, AvgS=499.96, ProxLoss=0.0000
2026-03-19 01:12:49,940 - Server_DefaultID - INFO - Training client 14 (5/30)...
2026-03-19 01:12:52,389 - Server_DefaultID - INFO - Client 14: Acc=82.95, Loss=-342.4070, NLL=-1161.7058, KL=13.9634, AvgS=499.97, ProxLoss=0.0000
2026-03-19 01:12:52,389 - Server_DefaultID - INFO - Training client 85 (6/30)...
2026-03-19 01:12:55,597 - Server_DefaultID - INFO - Client 85: Acc=99.77, Loss=-341.4347, NLL=-1161.7428, KL=13.9635, AvgS=499.99, ProxLoss=0.0000
2026-03-19 01:12:55,597 - Server_DefaultID - INFO - Training client 48 (7/30)...
2026-03-19 01:13:00,044 - Server_DefaultID - INFO - Client 48: Acc=86.69, Loss=-343.9194, NLL=-1161.7206, KL=13.9634, AvgS=499.98, ProxLoss=0.0000
2026-03-19 01:13:00,045 - Server_DefaultID - INFO - Training client 99 (8/30)...
2026-03-19 01:13:00,465 - Server_DefaultID - INFO - Client 99: Acc=34.69, Loss=-132.8074, NLL=-450.9574, KL=9.6381, AvgS=193.32, ProxLoss=0.0000
2026-03-19 01:13:00,465 - Server_DefaultID - INFO - Training client 84 (9/30)...
2026-03-19 01:13:00,939 - Server_DefaultID - INFO - Client 84: Acc=49.81, Loss=-65.5324, NLL=-229.8063, KL=6.8151, AvgS=98.55, ProxLoss=0.0000
2026-03-19 01:13:00,939 - Server_DefaultID - INFO - Training client 49 (10/30)...
2026-03-19 01:13:02,879 - Server_DefaultID - INFO - Client 49: Acc=78.79, Loss=-343.5174, NLL=-1161.6987, KL=13.9633, AvgS=499.97, ProxLoss=0.0000
2026-03-19 01:13:02,879 - Server_DefaultID - INFO - Training client 26 (11/30)...
2026-03-19 01:13:08,435 - Server_DefaultID - INFO - Client 26: Acc=94.71, Loss=-342.8553, NLL=-1161.7201, KL=13.9634, AvgS=499.98, ProxLoss=0.0000
2026-03-19 01:13:08,435 - Server_DefaultID - INFO - Training client 31 (12/30)...
2026-03-19 01:13:10,922 - Server_DefaultID - INFO - Client 31: Acc=73.89, Loss=-343.5393, NLL=-1161.6208, KL=13.9630, AvgS=499.94, ProxLoss=0.0000
2026-03-19 01:13:10,923 - Server_DefaultID - INFO - Training client 57 (13/30)...
2026-03-19 01:13:15,393 - Server_DefaultID - INFO - Client 57: Acc=94.17, Loss=-343.3727, NLL=-1161.7328, KL=13.9635, AvgS=499.98, ProxLoss=0.0000
2026-03-19 01:13:15,393 - Server_DefaultID - INFO - Training client 91 (14/30)...
2026-03-19 01:13:16,443 - Server_DefaultID - INFO - Client 91: Acc=82.92, Loss=-342.3814, NLL=-1161.5969, KL=13.9629, AvgS=499.93, ProxLoss=0.0000
2026-03-19 01:13:16,444 - Server_DefaultID - INFO - Training client 19 (15/30)...
2026-03-19 01:13:20,043 - Server_DefaultID - INFO - Client 19: Acc=95.45, Loss=-342.5025, NLL=-1161.7318, KL=13.9635, AvgS=499.98, ProxLoss=0.0000
2026-03-19 01:13:20,044 - Server_DefaultID - INFO - Training client 80 (16/30)...
2026-03-19 01:13:20,455 - Server_DefaultID - INFO - Client 80: Acc=63.12, Loss=-177.8059, NLL=-604.7640, KL=11.0422, AvgS=259.52, ProxLoss=0.0000
2026-03-19 01:13:20,455 - Server_DefaultID - INFO - Training client 90 (17/30)...
2026-03-19 01:13:23,057 - Client_90 - WARNING - Client 90: Too few classes (1) or samples (592) for alpha report, returning uniform.
2026-03-19 01:13:23,058 - Server_DefaultID - INFO - Client 90: Acc=100.00, Loss=-340.6006, NLL=-1160.2098, KL=13.9569, AvgS=499.33, ProxLoss=0.0000
2026-03-19 01:13:23,058 - Server_DefaultID - INFO - Training client 16 (18/30)...
2026-03-19 01:13:23,741 - Server_DefaultID - INFO - Client 16: Acc=52.03, Loss=-341.8671, NLL=-1157.4917, KL=13.9455, AvgS=498.15, ProxLoss=0.0000
2026-03-19 01:13:23,741 - Server_DefaultID - INFO - Training client 23 (19/30)...
2026-03-19 01:13:24,356 - Server_DefaultID - INFO - Client 23: Acc=72.54, Loss=-133.7595, NLL=-460.4369, KL=9.7738, AvgS=197.46, ProxLoss=0.0000
2026-03-19 01:13:24,356 - Server_DefaultID - INFO - Training client 35 (20/30)...
2026-03-19 01:13:25,427 - Server_DefaultID - INFO - Client 35: Acc=58.12, Loss=-344.6603, NLL=-1161.5059, KL=13.9626, AvgS=499.89, ProxLoss=0.0000
2026-03-19 01:13:25,427 - Server_DefaultID - INFO - Training client 7 (21/30)...
2026-03-19 01:13:27,074 - Server_DefaultID - INFO - Client 7: Acc=47.19, Loss=-343.6693, NLL=-1161.2174, KL=13.9614, AvgS=499.76, ProxLoss=0.0000
2026-03-19 01:13:27,075 - Server_DefaultID - INFO - Training client 76 (22/30)...
2026-03-19 01:13:29,289 - Server_DefaultID - INFO - Client 76: Acc=65.04, Loss=-345.3566, NLL=-1161.7183, KL=13.9634, AvgS=499.98, ProxLoss=0.0000
2026-03-19 01:13:29,289 - Server_DefaultID - INFO - Training client 92 (23/30)...
2026-03-19 01:13:30,500 - Server_DefaultID - INFO - Client 92: Acc=95.23, Loss=-343.7695, NLL=-1161.6199, KL=13.9630, AvgS=499.94, ProxLoss=0.0000
2026-03-19 01:13:30,500 - Server_DefaultID - INFO - Training client 61 (24/30)...
2026-03-19 01:13:32,007 - Server_DefaultID - INFO - Client 61: Acc=58.56, Loss=-345.6253, NLL=-1161.7351, KL=13.9635, AvgS=499.99, ProxLoss=0.0000
2026-03-19 01:13:32,007 - Server_DefaultID - INFO - Training client 43 (25/30)...
2026-03-19 01:13:34,882 - Server_DefaultID - INFO - Client 43: Acc=78.04, Loss=-343.5440, NLL=-1161.7447, KL=13.9635, AvgS=499.99, ProxLoss=0.0000
2026-03-19 01:13:34,883 - Server_DefaultID - INFO - Training client 53 (26/30)...
2026-03-19 01:13:38,654 - Server_DefaultID - INFO - Client 53: Acc=95.97, Loss=-343.0124, NLL=-1161.5550, KL=13.9628, AvgS=499.91, ProxLoss=0.0000
2026-03-19 01:13:38,654 - Server_DefaultID - INFO - Training client 73 (27/30)...
2026-03-19 01:13:42,261 - Server_DefaultID - INFO - Client 73: Acc=81.37, Loss=-342.9334, NLL=-1161.7375, KL=13.9635, AvgS=499.99, ProxLoss=0.0000
2026-03-19 01:13:42,261 - Server_DefaultID - INFO - Training client 86 (28/30)...
2026-03-19 01:13:43,814 - Server_DefaultID - INFO - Client 86: Acc=74.12, Loss=-343.6776, NLL=-1161.5360, KL=13.9627, AvgS=499.90, ProxLoss=0.0000
2026-03-19 01:13:43,814 - Server_DefaultID - INFO - Training client 62 (29/30)...
2026-03-19 01:13:44,506 - Server_DefaultID - INFO - Client 62: Acc=36.72, Loss=-193.4015, NLL=-659.8746, KL=11.3064, AvgS=283.23, ProxLoss=0.0000
2026-03-19 01:13:44,506 - Server_DefaultID - INFO - Training client 95 (30/30)...
2026-03-19 01:13:47,092 - Server_DefaultID - INFO - Client 95: Acc=56.63, Loss=-342.6725, NLL=-1161.7278, KL=13.9635, AvgS=499.98, ProxLoss=0.0000
2026-03-19 01:13:47,365 - Server_DefaultID - WARNING - Global prior extremely imbalanced (max/min=1.0), applied adaptive smoothing lam=0.10.
2026-03-19 01:13:47,365 - Server_DefaultID - INFO - Round [26/200] Summary | Avg Client Train Stats:	Loss [-337.7277]	 Acc [84.03]	NLL [-1143.8595]	 KL [13.8572]	AvgS [492.27]	 ProxLoss [0.0000]
GlobalPriorAlpha (first 10): [5.0, 5.0, 5.0, 5.0, 5.0, 5.0, 5.0, 5.0, 5.0, 5.0]
Round Time: 71.82s
2026-03-19 01:13:47,369 - Server_DefaultID - INFO - --- Global Round 27/200 ---
2026-03-19 01:13:47,370 - Server_DefaultID - INFO - Selected 30 active clients for round 27.
2026-03-19 01:13:47,370 - Server_DefaultID - INFO - Training client 75 (1/30)...
2026-03-19 01:13:49,592 - Server_DefaultID - INFO - Client 75: Acc=89.30, Loss=-342.7073, NLL=-1161.7427, KL=13.9635, AvgS=499.99, ProxLoss=0.0000
2026-03-19 01:13:49,592 - Server_DefaultID - INFO - Training client 57 (2/30)...
2026-03-19 01:13:54,229 - Server_DefaultID - INFO - Client 57: Acc=94.34, Loss=-343.2496, NLL=-1161.7608, KL=13.9636, AvgS=500.00, ProxLoss=0.0000
2026-03-19 01:13:54,229 - Server_DefaultID - INFO - Training client 91 (3/30)...
2026-03-19 01:13:55,233 - Server_DefaultID - INFO - Client 91: Acc=86.56, Loss=-342.0936, NLL=-1160.7529, KL=13.9595, AvgS=499.56, ProxLoss=0.0000
2026-03-19 01:13:55,233 - Server_DefaultID - INFO - Training client 34 (4/30)...
2026-03-19 01:13:56,180 - Server_DefaultID - INFO - Client 34: Acc=66.67, Loss=-343.9998, NLL=-1161.3284, KL=13.9619, AvgS=499.81, ProxLoss=0.0000
2026-03-19 01:13:56,180 - Server_DefaultID - INFO - Training client 31 (5/30)...
2026-03-19 01:13:58,785 - Server_DefaultID - INFO - Client 31: Acc=74.34, Loss=-343.5394, NLL=-1161.6916, KL=13.9633, AvgS=499.97, ProxLoss=0.0000
2026-03-19 01:13:58,785 - Server_DefaultID - INFO - Training client 20 (6/30)...
2026-03-19 01:14:00,439 - Server_DefaultID - INFO - Client 20: Acc=60.21, Loss=-345.8630, NLL=-1161.6888, KL=13.9633, AvgS=499.97, ProxLoss=0.0000
2026-03-19 01:14:00,439 - Server_DefaultID - INFO - Training client 35 (7/30)...
2026-03-19 01:14:01,426 - Server_DefaultID - INFO - Client 35: Acc=60.00, Loss=-344.7977, NLL=-1161.7541, KL=13.9636, AvgS=499.99, ProxLoss=0.0000
2026-03-19 01:14:01,426 - Server_DefaultID - INFO - Training client 14 (8/30)...
2026-03-19 01:14:03,914 - Server_DefaultID - INFO - Client 14: Acc=85.00, Loss=-342.2891, NLL=-1161.4980, KL=13.9626, AvgS=499.88, ProxLoss=0.0000
2026-03-19 01:14:03,914 - Server_DefaultID - INFO - Training client 39 (9/30)...
2026-03-19 01:14:07,878 - Server_DefaultID - INFO - Client 39: Acc=73.42, Loss=-343.7704, NLL=-1161.7376, KL=13.9635, AvgS=499.99, ProxLoss=0.0000
2026-03-19 01:14:07,878 - Server_DefaultID - INFO - Training client 48 (10/30)...
2026-03-19 01:14:13,250 - Server_DefaultID - INFO - Client 48: Acc=86.78, Loss=-343.8117, NLL=-1161.7283, KL=13.9635, AvgS=499.98, ProxLoss=0.0000
2026-03-19 01:14:13,250 - Server_DefaultID - INFO - Training client 51 (11/30)...
2026-03-19 01:14:13,912 - Server_DefaultID - INFO - Client 51: Acc=42.03, Loss=-341.4486, NLL=-1150.2204, KL=13.9166, AvgS=495.01, ProxLoss=0.0000
2026-03-19 01:14:13,912 - Server_DefaultID - INFO - Training client 72 (12/30)...
2026-03-19 01:14:15,123 - Server_DefaultID - INFO - Client 72: Acc=95.23, Loss=-343.0536, NLL=-1161.6803, KL=13.9633, AvgS=499.96, ProxLoss=0.0000
2026-03-19 01:14:15,124 - Server_DefaultID - INFO - Training client 41 (13/30)...
2026-03-19 01:14:17,531 - Server_DefaultID - INFO - Client 41: Acc=63.44, Loss=-342.8158, NLL=-1161.5126, KL=13.9626, AvgS=499.89, ProxLoss=0.0000
2026-03-19 01:14:17,531 - Server_DefaultID - INFO - Training client 95 (14/30)...
2026-03-19 01:14:20,113 - Server_DefaultID - INFO - Client 95: Acc=60.56, Loss=-342.4614, NLL=-1161.5003, KL=13.9626, AvgS=499.88, ProxLoss=0.0000
2026-03-19 01:14:20,113 - Server_DefaultID - INFO - Training client 36 (15/30)...
2026-03-19 01:14:26,286 - Server_DefaultID - INFO - Client 36: Acc=88.38, Loss=-342.5548, NLL=-1161.7394, KL=13.9635, AvgS=499.99, ProxLoss=0.0000
2026-03-19 01:14:26,287 - Server_DefaultID - INFO - Training client 78 (16/30)...
2026-03-19 01:14:34,029 - Server_DefaultID - INFO - Client 78: Acc=92.48, Loss=-343.8249, NLL=-1161.7403, KL=13.9635, AvgS=499.99, ProxLoss=0.0000
2026-03-19 01:14:34,029 - Server_DefaultID - INFO - Training client 94 (17/30)...
2026-03-19 01:14:36,943 - Server_DefaultID - INFO - Client 94: Acc=70.28, Loss=-343.5300, NLL=-1161.6675, KL=13.9632, AvgS=499.96, ProxLoss=0.0000
2026-03-19 01:14:36,943 - Server_DefaultID - INFO - Training client 50 (18/30)...
2026-03-19 01:14:42,017 - Server_DefaultID - INFO - Client 50: Acc=97.52, Loss=-342.6758, NLL=-1161.7504, KL=13.9635, AvgS=499.99, ProxLoss=0.0000
2026-03-19 01:14:42,017 - Server_DefaultID - INFO - Training client 84 (19/30)...
2026-03-19 01:14:42,441 - Server_DefaultID - INFO - Client 84: Acc=47.17, Loss=-80.1369, NLL=-279.5072, KL=7.6094, AvgS=119.75, ProxLoss=0.0000
2026-03-19 01:14:42,441 - Server_DefaultID - INFO - Training client 58 (20/30)...
2026-03-19 01:14:45,443 - Server_DefaultID - INFO - Client 58: Acc=77.28, Loss=-342.4905, NLL=-1161.7633, KL=13.9636, AvgS=500.00, ProxLoss=0.0000
2026-03-19 01:14:45,443 - Server_DefaultID - INFO - Training client 44 (21/30)...
2026-03-19 01:14:48,011 - Server_DefaultID - INFO - Client 44: Acc=86.01, Loss=-343.4538, NLL=-1161.7205, KL=13.9634, AvgS=499.98, ProxLoss=0.0000
2026-03-19 01:14:48,011 - Server_DefaultID - INFO - Training client 30 (22/30)...
2026-03-19 01:14:50,214 - Server_DefaultID - INFO - Client 30: Acc=75.55, Loss=-342.2405, NLL=-1161.5943, KL=13.9629, AvgS=499.92, ProxLoss=0.0000
2026-03-19 01:14:50,214 - Server_DefaultID - INFO - Training client 38 (23/30)...
2026-03-19 01:14:51,046 - Server_DefaultID - INFO - Client 38: Acc=20.31, Loss=-325.6526, NLL=-1099.6974, KL=13.7073, AvgS=473.17, ProxLoss=0.0000
2026-03-19 01:14:51,046 - Server_DefaultID - INFO - Training client 71 (24/30)...
2026-03-19 01:14:51,791 - Server_DefaultID - INFO - Client 71: Acc=63.28, Loss=-248.9380, NLL=-845.1387, KL=12.4847, AvgS=363.25, ProxLoss=0.0000
2026-03-19 01:14:51,792 - Server_DefaultID - INFO - Training client 85 (25/30)...
2026-03-19 01:14:55,105 - Server_DefaultID - INFO - Client 85: Acc=99.79, Loss=-341.3800, NLL=-1161.7211, KL=13.9634, AvgS=499.98, ProxLoss=0.0000
2026-03-19 01:14:55,106 - Server_DefaultID - INFO - Training client 90 (26/30)...
2026-03-19 01:14:57,515 - Client_90 - WARNING - Client 90: Too few classes (1) or samples (592) for alpha report, returning uniform.
2026-03-19 01:14:57,515 - Server_DefaultID - INFO - Client 90: Acc=100.00, Loss=-341.1295, NLL=-1161.5743, KL=13.9628, AvgS=499.92, ProxLoss=0.0000
2026-03-19 01:14:57,515 - Server_DefaultID - INFO - Training client 98 (27/30)...
2026-03-19 01:14:58,494 - Server_DefaultID - INFO - Client 98: Acc=72.08, Loss=-342.1160, NLL=-1161.3078, KL=13.9618, AvgS=499.80, ProxLoss=0.0000
2026-03-19 01:14:58,494 - Server_DefaultID - INFO - Training client 77 (28/30)...
2026-03-19 01:15:02,640 - Server_DefaultID - INFO - Client 77: Acc=90.65, Loss=-343.5438, NLL=-1161.7255, KL=13.9635, AvgS=499.98, ProxLoss=0.0000
2026-03-19 01:15:02,640 - Server_DefaultID - INFO - Training client 15 (29/30)...
2026-03-19 01:15:03,355 - Server_DefaultID - INFO - Client 15: Acc=42.03, Loss=-332.9288, NLL=-1127.4035, KL=13.7853, AvgS=485.16, ProxLoss=0.0000
2026-03-19 01:15:03,355 - Server_DefaultID - INFO - Training client 16 (30/30)...
2026-03-19 01:15:04,078 - Server_DefaultID - INFO - Client 16: Acc=53.44, Loss=-342.2449, NLL=-1159.3853, KL=13.9537, AvgS=498.97, ProxLoss=0.0000
2026-03-19 01:15:04,354 - Server_DefaultID - WARNING - Global prior extremely imbalanced (max/min=1.0), applied adaptive smoothing lam=0.10.
2026-03-19 01:15:04,355 - Server_DefaultID - INFO - Round [27/200] Summary | Avg Client Train Stats:	Loss [-341.1033]	 Acc [82.71]	NLL [-1154.9858]	 KL [13.9257]	AvgS [497.07]	 ProxLoss [0.0000]
GlobalPriorAlpha (first 10): [5.0, 5.0, 5.0, 5.0, 5.0, 5.0, 5.0, 5.0, 5.0, 5.0]
Round Time: 76.98s
2026-03-19 01:15:04,357 - Server_DefaultID - INFO - --- Global Round 28/200 ---
2026-03-19 01:15:04,358 - Server_DefaultID - INFO - Selected 30 active clients for round 28.
2026-03-19 01:15:04,358 - Server_DefaultID - INFO - Training client 98 (1/30)...
2026-03-19 01:15:05,268 - Server_DefaultID - INFO - Client 98: Acc=72.50, Loss=-342.0828, NLL=-1161.4572, KL=13.9624, AvgS=499.87, ProxLoss=0.0000
2026-03-19 01:15:05,268 - Server_DefaultID - INFO - Training client 77 (2/30)...
2026-03-19 01:15:09,273 - Server_DefaultID - INFO - Client 77: Acc=90.69, Loss=-343.4118, NLL=-1161.7489, KL=13.9635, AvgS=499.99, ProxLoss=0.0000
2026-03-19 01:15:09,273 - Server_DefaultID - INFO - Training client 15 (3/30)...
2026-03-19 01:15:09,993 - Server_DefaultID - INFO - Client 15: Acc=45.16, Loss=-341.1798, NLL=-1154.4445, KL=13.9314, AvgS=496.83, ProxLoss=0.0000
2026-03-19 01:15:09,993 - Server_DefaultID - INFO - Training client 82 (4/30)...
2026-03-19 01:15:11,472 - Server_DefaultID - INFO - Client 82: Acc=86.62, Loss=-343.1495, NLL=-1161.2805, KL=13.9616, AvgS=499.79, ProxLoss=0.0000
2026-03-19 01:15:11,472 - Server_DefaultID - INFO - Training client 25 (5/30)...
2026-03-19 01:15:12,290 - Server_DefaultID - INFO - Client 25: Acc=94.84, Loss=-336.2967, NLL=-1140.4025, KL=13.8715, AvgS=490.77, ProxLoss=0.0000
2026-03-19 01:15:12,290 - Server_DefaultID - INFO - Training client 95 (6/30)...
2026-03-19 01:15:14,729 - Server_DefaultID - INFO - Client 95: Acc=64.31, Loss=-342.4947, NLL=-1161.5339, KL=13.9627, AvgS=499.90, ProxLoss=0.0000
2026-03-19 01:15:14,729 - Server_DefaultID - INFO - Training client 18 (7/30)...
2026-03-19 01:15:19,824 - Server_DefaultID - INFO - Client 18: Acc=85.71, Loss=-343.9743, NLL=-1161.7309, KL=13.9635, AvgS=499.98, ProxLoss=0.0000
2026-03-19 01:15:19,824 - Server_DefaultID - INFO - Training client 88 (8/30)...
2026-03-19 01:15:21,689 - Server_DefaultID - INFO - Client 88: Acc=57.60, Loss=-344.4638, NLL=-1161.2689, KL=13.9617, AvgS=499.78, ProxLoss=0.0000
2026-03-19 01:15:21,689 - Server_DefaultID - INFO - Training client 73 (9/30)...
2026-03-19 01:15:25,256 - Server_DefaultID - INFO - Client 73: Acc=83.00, Loss=-342.9382, NLL=-1161.7494, KL=13.9635, AvgS=499.99, ProxLoss=0.0000
2026-03-19 01:15:25,257 - Server_DefaultID - INFO - Training client 14 (10/30)...
2026-03-19 01:15:27,564 - Server_DefaultID - INFO - Client 14: Acc=84.48, Loss=-342.2602, NLL=-1161.5615, KL=13.9628, AvgS=499.91, ProxLoss=0.0000
2026-03-19 01:15:27,564 - Server_DefaultID - INFO - Training client 70 (11/30)...
2026-03-19 01:15:29,110 - Server_DefaultID - INFO - Client 70: Acc=77.69, Loss=-342.6844, NLL=-1161.6789, KL=13.9633, AvgS=499.96, ProxLoss=0.0000
2026-03-19 01:15:29,110 - Server_DefaultID - INFO - Training client 47 (12/30)...
2026-03-19 01:15:30,884 - Server_DefaultID - INFO - Client 47: Acc=51.72, Loss=-344.9353, NLL=-1161.7277, KL=13.9635, AvgS=499.98, ProxLoss=0.0000
2026-03-19 01:15:30,884 - Server_DefaultID - INFO - Training client 50 (13/30)...
2026-03-19 01:15:35,891 - Server_DefaultID - INFO - Client 50: Acc=97.55, Loss=-342.5196, NLL=-1161.7486, KL=13.9635, AvgS=499.99, ProxLoss=0.0000
2026-03-19 01:15:35,891 - Server_DefaultID - INFO - Training client 81 (14/30)...
2026-03-19 01:15:37,854 - Server_DefaultID - INFO - Client 81: Acc=75.67, Loss=-343.6824, NLL=-1161.7456, KL=13.9635, AvgS=499.99, ProxLoss=0.0000
2026-03-19 01:15:37,855 - Server_DefaultID - INFO - Training client 90 (15/30)...
2026-03-19 01:15:40,234 - Client_90 - WARNING - Client 90: Too few classes (1) or samples (592) for alpha report, returning uniform.
2026-03-19 01:15:40,235 - Server_DefaultID - INFO - Client 90: Acc=100.00, Loss=-341.1952, NLL=-1161.7699, KL=13.9636, AvgS=500.00, ProxLoss=0.0000
2026-03-19 01:15:40,235 - Server_DefaultID - INFO - Training client 65 (16/30)...
2026-03-19 01:15:40,727 - Server_DefaultID - INFO - Client 65: Acc=66.88, Loss=-81.5391, NLL=-280.8012, KL=7.6507, AvgS=120.45, ProxLoss=0.0000
2026-03-19 01:15:40,727 - Server_DefaultID - INFO - Training client 40 (17/30)...
2026-03-19 01:15:42,411 - Server_DefaultID - INFO - Client 40: Acc=62.60, Loss=-345.0912, NLL=-1161.5625, KL=13.9628, AvgS=499.91, ProxLoss=0.0000
2026-03-19 01:15:42,412 - Server_DefaultID - INFO - Training client 68 (18/30)...
2026-03-19 01:15:44,922 - Server_DefaultID - INFO - Client 68: Acc=76.98, Loss=-342.2359, NLL=-1161.6435, KL=13.9631, AvgS=499.95, ProxLoss=0.0000
2026-03-19 01:15:44,922 - Server_DefaultID - INFO - Training client 3 (19/30)...
2026-03-19 01:15:46,621 - Server_DefaultID - INFO - Client 3: Acc=63.12, Loss=-345.4788, NLL=-1161.6434, KL=13.9631, AvgS=499.95, ProxLoss=0.0000
2026-03-19 01:15:46,621 - Server_DefaultID - INFO - Training client 46 (20/30)...
2026-03-19 01:15:48,819 - Server_DefaultID - INFO - Client 46: Acc=86.52, Loss=-343.6689, NLL=-1161.6970, KL=13.9633, AvgS=499.97, ProxLoss=0.0000
2026-03-19 01:15:48,819 - Server_DefaultID - INFO - Training client 91 (21/30)...
2026-03-19 01:15:50,791 - Server_DefaultID - INFO - Client 91: Acc=86.46, Loss=-342.3893, NLL=-1161.7699, KL=13.9636, AvgS=500.00, ProxLoss=0.0000
2026-03-19 01:15:50,791 - Server_DefaultID - INFO - Training client 33 (22/30)...
2026-03-19 01:15:52,772 - Server_DefaultID - INFO - Client 33: Acc=58.17, Loss=-345.1166, NLL=-1161.5630, KL=13.9628, AvgS=499.91, ProxLoss=0.0000
2026-03-19 01:15:52,772 - Server_DefaultID - INFO - Training client 62 (23/30)...
2026-03-19 01:15:53,476 - Server_DefaultID - INFO - Client 62: Acc=37.19, Loss=-237.3188, NLL=-808.2788, KL=12.2422, AvgS=347.26, ProxLoss=0.0000
2026-03-19 01:15:53,476 - Server_DefaultID - INFO - Training client 74 (24/30)...
2026-03-19 01:15:54,706 - Server_DefaultID - INFO - Client 74: Acc=58.83, Loss=-343.4703, NLL=-1161.3744, KL=13.9621, AvgS=499.83, ProxLoss=0.0000
2026-03-19 01:15:54,706 - Server_DefaultID - INFO - Training client 28 (25/30)...
2026-03-19 01:15:55,242 - Server_DefaultID - INFO - Client 28: Acc=54.69, Loss=-153.6424, NLL=-528.4808, KL=10.3652, AvgS=226.61, ProxLoss=0.0000
2026-03-19 01:15:55,242 - Server_DefaultID - INFO - Training client 26 (26/30)...
2026-03-19 01:15:59,669 - Server_DefaultID - INFO - Client 26: Acc=95.17, Loss=-342.8247, NLL=-1161.7272, KL=13.9635, AvgS=499.98, ProxLoss=0.0000
2026-03-19 01:15:59,670 - Server_DefaultID - INFO - Training client 34 (27/30)...
2026-03-19 01:16:00,573 - Server_DefaultID - INFO - Client 34: Acc=67.40, Loss=-344.3502, NLL=-1161.5094, KL=13.9626, AvgS=499.89, ProxLoss=0.0000
2026-03-19 01:16:00,573 - Server_DefaultID - INFO - Training client 64 (28/30)...
2026-03-19 01:16:01,052 - Server_DefaultID - INFO - Client 64: Acc=66.56, Loss=-153.5729, NLL=-525.1616, KL=10.2453, AvgS=225.33, ProxLoss=0.0000
2026-03-19 01:16:01,052 - Server_DefaultID - INFO - Training client 66 (29/30)...
2026-03-19 01:16:02,846 - Server_DefaultID - INFO - Client 66: Acc=88.12, Loss=-343.3437, NLL=-1161.7233, KL=13.9634, AvgS=499.98, ProxLoss=0.0000
2026-03-19 01:16:02,846 - Server_DefaultID - INFO - Training client 42 (30/30)...
2026-03-19 01:16:04,331 - Server_DefaultID - INFO - Client 42: Acc=90.83, Loss=-343.4878, NLL=-1161.7054, KL=13.9634, AvgS=499.97, ProxLoss=0.0000
2026-03-19 01:16:04,439 - Server_DefaultID - WARNING - Global prior extremely imbalanced (max/min=1.0), applied adaptive smoothing lam=0.10.
2026-03-19 01:16:04,439 - Server_DefaultID - INFO - Round [28/200] Summary | Avg Client Train Stats:	Loss [-337.6961]	 Acc [80.24]	NLL [-1143.0498]	 KL [13.8540]	AvgS [491.92]	 ProxLoss [0.0000]
GlobalPriorAlpha (first 10): [5.0, 5.0, 5.0, 5.0, 5.0, 5.0, 5.0, 5.0, 5.0, 5.0]
Round Time: 60.08s
2026-03-19 01:16:04,442 - Server_DefaultID - INFO - --- Global Round 29/200 ---
2026-03-19 01:16:04,442 - Server_DefaultID - INFO - Selected 30 active clients for round 29.
2026-03-19 01:16:04,442 - Server_DefaultID - INFO - Training client 36 (1/30)...
2026-03-19 01:16:09,651 - Server_DefaultID - INFO - Client 36: Acc=88.64, Loss=-342.4678, NLL=-1161.7468, KL=13.9635, AvgS=499.99, ProxLoss=0.0000
2026-03-19 01:16:09,651 - Server_DefaultID - INFO - Training client 2 (2/30)...
2026-03-19 01:16:11,928 - Server_DefaultID - INFO - Client 2: Acc=79.41, Loss=-343.6785, NLL=-1161.7159, KL=13.9634, AvgS=499.98, ProxLoss=0.0000
2026-03-19 01:16:11,928 - Server_DefaultID - INFO - Training client 30 (3/30)...
2026-03-19 01:16:13,763 - Server_DefaultID - INFO - Client 30: Acc=81.56, Loss=-342.1974, NLL=-1161.5153, KL=13.9626, AvgS=499.89, ProxLoss=0.0000
2026-03-19 01:16:13,763 - Server_DefaultID - INFO - Training client 46 (4/30)...
2026-03-19 01:16:15,702 - Server_DefaultID - INFO - Client 46: Acc=86.76, Loss=-343.6532, NLL=-1161.5955, KL=13.9629, AvgS=499.92, ProxLoss=0.0000
2026-03-19 01:16:15,702 - Server_DefaultID - INFO - Training client 43 (5/30)...
2026-03-19 01:16:18,375 - Server_DefaultID - INFO - Client 43: Acc=78.18, Loss=-343.4281, NLL=-1161.7518, KL=13.9636, AvgS=499.99, ProxLoss=0.0000
2026-03-19 01:16:18,375 - Server_DefaultID - INFO - Training client 76 (6/30)...
2026-03-19 01:16:20,210 - Server_DefaultID - INFO - Client 76: Acc=64.53, Loss=-345.1831, NLL=-1161.6949, KL=13.9633, AvgS=499.97, ProxLoss=0.0000
2026-03-19 01:16:20,210 - Server_DefaultID - INFO - Training client 87 (7/30)...
2026-03-19 01:16:21,662 - Server_DefaultID - INFO - Client 87: Acc=45.76, Loss=-345.3209, NLL=-1161.6394, KL=13.9631, AvgS=499.94, ProxLoss=0.0000
2026-03-19 01:16:21,662 - Server_DefaultID - INFO - Training client 41 (8/30)...
2026-03-19 01:16:24,430 - Server_DefaultID - INFO - Client 41: Acc=68.44, Loss=-342.8306, NLL=-1161.6839, KL=13.9633, AvgS=499.96, ProxLoss=0.0000
2026-03-19 01:16:24,430 - Server_DefaultID - INFO - Training client 90 (9/30)...
2026-03-19 01:16:26,175 - Client_90 - WARNING - Client 90: Too few classes (1) or samples (592) for alpha report, returning uniform.
2026-03-19 01:16:26,175 - Server_DefaultID - INFO - Client 90: Acc=100.00, Loss=-341.1447, NLL=-1161.7513, KL=13.9636, AvgS=499.99, ProxLoss=0.0000
2026-03-19 01:16:26,175 - Server_DefaultID - INFO - Training client 84 (10/30)...
2026-03-19 01:16:26,539 - Server_DefaultID - INFO - Client 84: Acc=56.60, Loss=-96.4449, NLL=-334.8202, KL=8.3614, AvgS=143.42, ProxLoss=0.0000
2026-03-19 01:16:26,539 - Server_DefaultID - INFO - Training client 74 (11/30)...
2026-03-19 01:16:27,381 - Server_DefaultID - INFO - Client 74: Acc=58.12, Loss=-343.7961, NLL=-1161.7647, KL=13.9636, AvgS=500.00, ProxLoss=0.0000
2026-03-19 01:16:27,381 - Server_DefaultID - INFO - Training client 42 (12/30)...
2026-03-19 01:16:28,645 - Server_DefaultID - INFO - Client 42: Acc=90.68, Loss=-343.6545, NLL=-1161.6826, KL=13.9633, AvgS=499.96, ProxLoss=0.0000
2026-03-19 01:16:28,645 - Server_DefaultID - INFO - Training client 54 (13/30)...
2026-03-19 01:16:29,185 - Server_DefaultID - INFO - Client 54: Acc=69.22, Loss=-155.0283, NLL=-534.3561, KL=10.4391, AvgS=229.24, ProxLoss=0.0000
2026-03-19 01:16:29,185 - Server_DefaultID - INFO - Training client 16 (14/30)...
2026-03-19 01:16:29,760 - Server_DefaultID - INFO - Client 16: Acc=54.53, Loss=-342.5145, NLL=-1159.8063, KL=13.9552, AvgS=499.15, ProxLoss=0.0000
2026-03-19 01:16:29,760 - Server_DefaultID - INFO - Training client 38 (15/30)...
2026-03-19 01:16:30,352 - Server_DefaultID - INFO - Client 38: Acc=44.53, Loss=-341.6138, NLL=-1150.7051, KL=13.9193, AvgS=495.22, ProxLoss=0.0000
2026-03-19 01:16:30,352 - Server_DefaultID - INFO - Training client 24 (16/30)...
2026-03-19 01:16:30,737 - Server_DefaultID - INFO - Client 24: Acc=54.38, Loss=-115.3918, NLL=-393.3228, KL=9.0430, AvgS=168.62, ProxLoss=0.0000
2026-03-19 01:16:30,737 - Server_DefaultID - INFO - Training client 44 (17/30)...
2026-03-19 01:16:32,830 - Server_DefaultID - INFO - Client 44: Acc=88.26, Loss=-343.3419, NLL=-1161.7271, KL=13.9635, AvgS=499.98, ProxLoss=0.0000
2026-03-19 01:16:32,830 - Server_DefaultID - INFO - Training client 62 (18/30)...
2026-03-19 01:16:33,431 - Server_DefaultID - INFO - Client 62: Acc=50.78, Loss=-283.1733, NLL=-962.6588, KL=13.0364, AvgS=413.95, ProxLoss=0.0000
2026-03-19 01:16:33,431 - Server_DefaultID - INFO - Training client 69 (19/30)...
2026-03-19 01:16:34,024 - Server_DefaultID - INFO - Client 69: Acc=57.03, Loss=-339.7630, NLL=-1148.2426, KL=13.9085, AvgS=494.16, ProxLoss=0.0000
2026-03-19 01:16:34,024 - Server_DefaultID - INFO - Training client 58 (20/30)...
2026-03-19 01:16:35,702 - Server_DefaultID - INFO - Client 58: Acc=76.70, Loss=-342.3770, NLL=-1161.7458, KL=13.9635, AvgS=499.99, ProxLoss=0.0000
2026-03-19 01:16:35,702 - Server_DefaultID - INFO - Training client 6 (21/30)...
2026-03-19 01:16:36,479 - Server_DefaultID - INFO - Client 6: Acc=61.25, Loss=-342.9874, NLL=-1161.1201, KL=13.9610, AvgS=499.72, ProxLoss=0.0000
2026-03-19 01:16:36,479 - Server_DefaultID - INFO - Training client 39 (22/30)...
2026-03-19 01:16:39,697 - Server_DefaultID - INFO - Client 39: Acc=74.71, Loss=-343.6806, NLL=-1161.7169, KL=13.9634, AvgS=499.98, ProxLoss=0.0000
2026-03-19 01:16:39,697 - Server_DefaultID - INFO - Training client 4 (23/30)...
2026-03-19 01:16:40,998 - Server_DefaultID - INFO - Client 4: Acc=74.22, Loss=-345.3006, NLL=-1161.7195, KL=13.9634, AvgS=499.98, ProxLoss=0.0000
2026-03-19 01:16:40,998 - Server_DefaultID - INFO - Training client 60 (24/30)...
2026-03-19 01:16:41,732 - Server_DefaultID - INFO - Client 60: Acc=61.77, Loss=-342.9050, NLL=-1161.5518, KL=13.9628, AvgS=499.91, ProxLoss=0.0000
2026-03-19 01:16:41,732 - Server_DefaultID - INFO - Training client 13 (25/30)...
2026-03-19 01:16:42,073 - Server_DefaultID - INFO - Client 13: Acc=53.12, Loss=-331.8959, NLL=-1124.9779, KL=13.7906, AvgS=484.11, ProxLoss=0.0000
2026-03-19 01:16:42,073 - Server_DefaultID - INFO - Training client 67 (26/30)...
2026-03-19 01:16:43,367 - Server_DefaultID - INFO - Client 67: Acc=66.67, Loss=-344.4152, NLL=-1161.5678, KL=13.9628, AvgS=499.91, ProxLoss=0.0000
2026-03-19 01:16:43,367 - Server_DefaultID - INFO - Training client 50 (27/30)...
2026-03-19 01:16:47,082 - Server_DefaultID - INFO - Client 50: Acc=97.53, Loss=-342.5814, NLL=-1161.7314, KL=13.9635, AvgS=499.98, ProxLoss=0.0000
2026-03-19 01:16:47,082 - Server_DefaultID - INFO - Training client 64 (28/30)...
2026-03-19 01:16:47,407 - Server_DefaultID - INFO - Client 64: Acc=64.69, Loss=-177.5171, NLL=-606.5428, KL=10.9693, AvgS=260.33, ProxLoss=0.0000
2026-03-19 01:16:47,407 - Server_DefaultID - INFO - Training client 45 (29/30)...
2026-03-19 01:16:49,067 - Server_DefaultID - INFO - Client 45: Acc=61.72, Loss=-343.3433, NLL=-1161.7189, KL=13.9634, AvgS=499.98, ProxLoss=0.0000
2026-03-19 01:16:49,067 - Server_DefaultID - INFO - Training client 21 (30/30)...
2026-03-19 01:16:50,860 - Server_DefaultID - INFO - Client 21: Acc=54.38, Loss=-345.0992, NLL=-1161.6286, KL=13.9631, AvgS=499.94, ProxLoss=0.0000
2026-03-19 01:16:50,942 - Server_DefaultID - WARNING - Global prior extremely imbalanced (max/min=1.0), applied adaptive smoothing lam=0.10.
2026-03-19 01:16:50,942 - Server_DefaultID - INFO - Round [29/200] Summary | Avg Client Train Stats:	Loss [-336.9502]	 Acc [76.08]	NLL [-1140.2291]	 KL [13.8387]	AvgS [490.70]	 ProxLoss [0.0000]
GlobalPriorAlpha (first 10): [5.0, 5.0, 5.0, 5.0, 5.0, 5.0, 5.0, 5.0, 5.0, 5.0]
Round Time: 46.50s
2026-03-19 01:16:50,945 - Server_DefaultID - INFO - --- Global Round 30/200 ---
2026-03-19 01:16:50,946 - Server_DefaultID - INFO - Selected 30 active clients for round 30.
2026-03-19 01:16:50,946 - Server_DefaultID - INFO - Training client 5 (1/30)...
2026-03-19 01:16:51,346 - Server_DefaultID - INFO - Client 5: Acc=70.94, Loss=-336.5763, NLL=-1135.1795, KL=13.8523, AvgS=488.52, ProxLoss=0.0000
2026-03-19 01:16:51,346 - Server_DefaultID - INFO - Training client 81 (2/30)...
2026-03-19 01:16:52,915 - Server_DefaultID - INFO - Client 81: Acc=75.54, Loss=-343.4633, NLL=-1161.7083, KL=13.9634, AvgS=499.97, ProxLoss=0.0000
2026-03-19 01:16:52,915 - Server_DefaultID - INFO - Training client 11 (3/30)...
2026-03-19 01:16:54,201 - Server_DefaultID - INFO - Client 11: Acc=86.46, Loss=-343.8545, NLL=-1161.5181, KL=13.9627, AvgS=499.89, ProxLoss=0.0000
2026-03-19 01:16:54,201 - Server_DefaultID - INFO - Training client 30 (4/30)...
2026-03-19 01:16:55,827 - Server_DefaultID - INFO - Client 30: Acc=82.62, Loss=-342.2439, NLL=-1161.7442, KL=13.9635, AvgS=499.99, ProxLoss=0.0000
2026-03-19 01:16:55,827 - Server_DefaultID - INFO - Training client 76 (5/30)...
2026-03-19 01:16:58,532 - Server_DefaultID - INFO - Client 76: Acc=66.76, Loss=-345.3813, NLL=-1161.7492, KL=13.9635, AvgS=499.99, ProxLoss=0.0000
2026-03-19 01:16:58,532 - Server_DefaultID - INFO - Training client 36 (6/30)...
2026-03-19 01:17:03,115 - Server_DefaultID - INFO - Client 36: Acc=88.99, Loss=-342.4303, NLL=-1161.7653, KL=13.9636, AvgS=500.00, ProxLoss=0.0000
2026-03-19 01:17:03,116 - Server_DefaultID - INFO - Training client 33 (7/30)...
2026-03-19 01:17:04,687 - Server_DefaultID - INFO - Client 33: Acc=58.04, Loss=-345.0726, NLL=-1161.7307, KL=13.9635, AvgS=499.98, ProxLoss=0.0000
2026-03-19 01:17:04,687 - Server_DefaultID - INFO - Training client 43 (8/30)...
2026-03-19 01:17:06,931 - Server_DefaultID - INFO - Client 43: Acc=77.98, Loss=-343.3518, NLL=-1161.7165, KL=13.9634, AvgS=499.98, ProxLoss=0.0000
2026-03-19 01:17:06,931 - Server_DefaultID - INFO - Training client 90 (9/30)...
2026-03-19 01:17:08,734 - Client_90 - WARNING - Client 90: Too few classes (1) or samples (592) for alpha report, returning uniform.
2026-03-19 01:17:08,734 - Server_DefaultID - INFO - Client 90: Acc=100.00, Loss=-341.0559, NLL=-1161.6748, KL=13.9632, AvgS=499.96, ProxLoss=0.0000
2026-03-19 01:17:08,734 - Server_DefaultID - INFO - Training client 75 (10/30)...
2026-03-19 01:17:10,500 - Server_DefaultID - INFO - Client 75: Acc=88.95, Loss=-342.5584, NLL=-1161.7353, KL=13.9635, AvgS=499.99, ProxLoss=0.0000
2026-03-19 01:17:10,500 - Server_DefaultID - INFO - Training client 19 (11/30)...
2026-03-19 01:17:13,130 - Server_DefaultID - INFO - Client 19: Acc=95.45, Loss=-342.3242, NLL=-1161.7596, KL=13.9636, AvgS=500.00, ProxLoss=0.0000
2026-03-19 01:17:13,131 - Server_DefaultID - INFO - Training client 29 (12/30)...
2026-03-19 01:17:14,021 - Server_DefaultID - INFO - Client 29: Acc=81.02, Loss=-343.1062, NLL=-1161.3895, KL=13.9621, AvgS=499.84, ProxLoss=0.0000
2026-03-19 01:17:14,022 - Server_DefaultID - INFO - Training client 21 (13/30)...
2026-03-19 01:17:15,825 - Server_DefaultID - INFO - Client 21: Acc=52.85, Loss=-345.0153, NLL=-1161.7220, KL=13.9634, AvgS=499.98, ProxLoss=0.0000
2026-03-19 01:17:15,825 - Server_DefaultID - INFO - Training client 38 (14/30)...
2026-03-19 01:17:16,409 - Server_DefaultID - INFO - Client 38: Acc=48.59, Loss=-344.8512, NLL=-1159.9469, KL=13.9565, AvgS=499.21, ProxLoss=0.0000
2026-03-19 01:17:16,409 - Server_DefaultID - INFO - Training client 12 (15/30)...
2026-03-19 01:17:17,489 - Server_DefaultID - INFO - Client 12: Acc=72.00, Loss=-342.6126, NLL=-1156.4676, KL=13.9414, AvgS=497.71, ProxLoss=0.0000
2026-03-19 01:17:17,489 - Server_DefaultID - INFO - Training client 26 (16/30)...
2026-03-19 01:17:20,994 - Server_DefaultID - INFO - Client 26: Acc=95.48, Loss=-342.7457, NLL=-1161.7319, KL=13.9635, AvgS=499.98, ProxLoss=0.0000
2026-03-19 01:17:20,995 - Server_DefaultID - INFO - Training client 14 (17/30)...
2026-03-19 01:17:22,817 - Server_DefaultID - INFO - Client 14: Acc=86.84, Loss=-342.3117, NLL=-1161.7696, KL=13.9636, AvgS=500.00, ProxLoss=0.0000
2026-03-19 01:17:22,817 - Server_DefaultID - INFO - Training client 77 (18/30)...
2026-03-19 01:17:25,999 - Server_DefaultID - INFO - Client 77: Acc=90.88, Loss=-343.4057, NLL=-1161.7642, KL=13.9636, AvgS=500.00, ProxLoss=0.0000
2026-03-19 01:17:25,999 - Server_DefaultID - INFO - Training client 53 (19/30)...
2026-03-19 01:17:28,313 - Server_DefaultID - INFO - Client 53: Acc=96.28, Loss=-343.0179, NLL=-1161.7653, KL=13.9636, AvgS=500.00, ProxLoss=0.0000
2026-03-19 01:17:28,313 - Server_DefaultID - INFO - Training client 1 (20/30)...
2026-03-19 01:17:28,881 - Server_DefaultID - INFO - Client 1: Acc=41.56, Loss=-331.9172, NLL=-1123.8681, KL=13.7979, AvgS=483.63, ProxLoss=0.0000
2026-03-19 01:17:28,881 - Server_DefaultID - INFO - Training client 85 (21/30)...
2026-03-19 01:17:32,612 - Server_DefaultID - INFO - Client 85: Acc=99.77, Loss=-341.2602, NLL=-1161.7116, KL=13.9634, AvgS=499.97, ProxLoss=0.0000
2026-03-19 01:17:32,612 - Server_DefaultID - INFO - Training client 50 (22/30)...
2026-03-19 01:17:36,569 - Server_DefaultID - INFO - Client 50: Acc=97.42, Loss=-342.6465, NLL=-1161.7351, KL=13.9635, AvgS=499.98, ProxLoss=0.0000
2026-03-19 01:17:36,569 - Server_DefaultID - INFO - Training client 64 (23/30)...
2026-03-19 01:17:37,008 - Server_DefaultID - INFO - Client 64: Acc=65.31, Loss=-199.4461, NLL=-679.8244, KL=11.4752, AvgS=291.92, ProxLoss=0.0000
2026-03-19 01:17:37,008 - Server_DefaultID - INFO - Training client 37 (24/30)...
2026-03-19 01:17:38,000 - Server_DefaultID - INFO - Client 37: Acc=78.05, Loss=-344.2814, NLL=-1161.2427, KL=13.9615, AvgS=499.77, ProxLoss=0.0000
2026-03-19 01:17:38,000 - Server_DefaultID - INFO - Training client 51 (25/30)...
2026-03-19 01:17:38,601 - Server_DefaultID - INFO - Client 51: Acc=42.66, Loss=-344.5249, NLL=-1159.6705, KL=13.9552, AvgS=499.09, ProxLoss=0.0000
2026-03-19 01:17:38,601 - Server_DefaultID - INFO - Training client 10 (26/30)...
2026-03-19 01:17:39,679 - Server_DefaultID - INFO - Client 10: Acc=40.39, Loss=-344.8330, NLL=-1161.3591, KL=13.9620, AvgS=499.82, ProxLoss=0.0000
2026-03-19 01:17:39,679 - Server_DefaultID - INFO - Training client 2 (27/30)...
2026-03-19 01:17:41,577 - Server_DefaultID - INFO - Client 2: Acc=79.20, Loss=-343.5909, NLL=-1161.7403, KL=13.9635, AvgS=499.99, ProxLoss=0.0000
2026-03-19 01:17:41,577 - Server_DefaultID - INFO - Training client 70 (28/30)...
2026-03-19 01:17:42,654 - Server_DefaultID - INFO - Client 70: Acc=75.31, Loss=-342.6068, NLL=-1161.7440, KL=13.9635, AvgS=499.99, ProxLoss=0.0000
2026-03-19 01:17:42,654 - Server_DefaultID - INFO - Training client 6 (29/30)...
2026-03-19 01:17:43,393 - Server_DefaultID - INFO - Client 6: Acc=62.40, Loss=-343.3410, NLL=-1161.7442, KL=13.9635, AvgS=499.99, ProxLoss=0.0000
2026-03-19 01:17:43,393 - Server_DefaultID - INFO - Training client 16 (30/30)...
2026-03-19 01:17:43,952 - Server_DefaultID - INFO - Client 16: Acc=58.91, Loss=-343.0555, NLL=-1161.4476, KL=13.9624, AvgS=499.86, ProxLoss=0.0000
2026-03-19 01:17:44,092 - Server_DefaultID - WARNING - Global prior extremely imbalanced (max/min=1.0), applied adaptive smoothing lam=0.10.
2026-03-19 01:17:44,093 - Server_DefaultID - INFO - Round [30/200] Summary | Avg Client Train Stats:	Loss [-341.9519]	 Acc [83.21]	NLL [-1157.9082]	 KL [13.9443]	AvgS [498.33]	 ProxLoss [0.0000]
GlobalPriorAlpha (first 10): [5.0, 5.0, 5.0, 5.0, 5.0, 5.0, 5.0, 5.0, 5.0, 5.0]
Round Time: 53.15s
2026-03-19 01:17:44,093 - Server_DefaultID - INFO - --- Evaluating models at round 30 ---
2026-03-19 01:18:49,993 - Server_DefaultID - INFO - Global Model Evaluation (Round 30): 
  Avg Test Acc: 68.00%
  Avg Test Acc Softmax: 68.00%
  Avg Test Loss: -1067.4859
  Avg Test NLL: -1080.4568
  Avg Test KL (vs flat prior): 13.4793
  Avg Test S: 464.92
2026-03-19 01:20:00,454 - Server_DefaultID - INFO - Personalized Model Evaluation (Round 30): 
  Avg Test Acc: 68.56%
  Avg Test Acc Softmax: 68.56%
  Avg Test Loss: -1069.4993
  Avg Test NLL: -1082.4871
  Avg Test KL (vs flat prior): 13.4923
  Avg Test S: 465.79
2026-03-19 01:20:00,454 - Server_DefaultID - INFO - [Metric 1] Personalized Brier Score | Mean: 0.4723
2026-03-19 01:20:00,454 - Server_DefaultID - INFO - [Metric 1] Personalized ECE | Mean: 0.1517
2026-03-19 01:20:00,454 - Server_DefaultID - INFO - [OOD Eval] OOD AUC-ROC (Epistemic): 0.0795
2026-03-19 01:20:00,454 - Server_DefaultID - INFO - [Metric 4] OOD FPR@95%TPR: 0.9859
2026-03-19 01:20:02,044 - Server_DefaultID - INFO - --- Global Round 31/200 ---
2026-03-19 01:20:02,044 - Server_DefaultID - INFO - Selected 30 active clients for round 31.
2026-03-19 01:20:02,045 - Server_DefaultID - INFO - Training client 94 (1/30)...
2026-03-19 01:20:05,162 - Server_DefaultID - INFO - Client 94: Acc=70.11, Loss=-343.2769, NLL=-1161.6040, KL=13.9630, AvgS=499.93, ProxLoss=0.0000
2026-03-19 01:20:05,162 - Server_DefaultID - INFO - Training client 22 (2/30)...
2026-03-19 01:20:05,908 - Server_DefaultID - INFO - Client 22: Acc=50.78, Loss=-191.2403, NLL=-653.5827, KL=11.2890, AvgS=280.52, ProxLoss=0.0000
2026-03-19 01:20:05,908 - Server_DefaultID - INFO - Training client 34 (3/30)...
2026-03-19 01:20:06,868 - Server_DefaultID - INFO - Client 34: Acc=67.71, Loss=-344.0521, NLL=-1161.6426, KL=13.9631, AvgS=499.95, ProxLoss=0.0000
2026-03-19 01:20:06,868 - Server_DefaultID - INFO - Training client 11 (4/30)...
2026-03-19 01:20:08,587 - Server_DefaultID - INFO - Client 11: Acc=87.24, Loss=-344.0279, NLL=-1161.7167, KL=13.9634, AvgS=499.98, ProxLoss=0.0000
2026-03-19 01:20:08,587 - Server_DefaultID - INFO - Training client 67 (5/30)...
2026-03-19 01:20:10,384 - Server_DefaultID - INFO - Client 67: Acc=64.69, Loss=-344.2318, NLL=-1161.5262, KL=13.9626, AvgS=499.90, ProxLoss=0.0000
2026-03-19 01:20:10,384 - Server_DefaultID - INFO - Training client 26 (6/30)...
2026-03-19 01:20:15,164 - Server_DefaultID - INFO - Client 26: Acc=95.66, Loss=-342.6535, NLL=-1161.7440, KL=13.9635, AvgS=499.99, ProxLoss=0.0000
2026-03-19 01:20:15,164 - Server_DefaultID - INFO - Training client 39 (7/30)...
2026-03-19 01:20:20,771 - Server_DefaultID - INFO - Client 39: Acc=75.29, Loss=-343.6170, NLL=-1161.7306, KL=13.9635, AvgS=499.98, ProxLoss=0.0000
2026-03-19 01:20:20,771 - Server_DefaultID - INFO - Training client 6 (8/30)...
2026-03-19 01:20:21,872 - Server_DefaultID - INFO - Client 6: Acc=59.90, Loss=-343.4743, NLL=-1161.7642, KL=13.9636, AvgS=500.00, ProxLoss=0.0000
2026-03-19 01:20:21,872 - Server_DefaultID - INFO - Training client 73 (9/30)...
2026-03-19 01:20:25,601 - Server_DefaultID - INFO - Client 73: Acc=83.80, Loss=-342.8399, NLL=-1161.7670, KL=13.9636, AvgS=500.00, ProxLoss=0.0000
2026-03-19 01:20:25,601 - Server_DefaultID - INFO - Training client 87 (10/30)...
2026-03-19 01:20:27,599 - Server_DefaultID - INFO - Client 87: Acc=47.50, Loss=-345.3924, NLL=-1161.7123, KL=13.9634, AvgS=499.98, ProxLoss=0.0000
2026-03-19 01:20:27,599 - Server_DefaultID - INFO - Training client 81 (11/30)...
2026-03-19 01:20:29,494 - Server_DefaultID - INFO - Client 81: Acc=75.27, Loss=-343.5392, NLL=-1161.7156, KL=13.9634, AvgS=499.98, ProxLoss=0.0000
2026-03-19 01:20:29,494 - Server_DefaultID - INFO - Training client 18 (12/30)...
2026-03-19 01:20:33,655 - Server_DefaultID - INFO - Client 18: Acc=83.58, Loss=-343.8841, NLL=-1161.7619, KL=13.9636, AvgS=500.00, ProxLoss=0.0000
2026-03-19 01:20:33,655 - Server_DefaultID - INFO - Training client 93 (13/30)...
2026-03-19 01:20:34,420 - Server_DefaultID - INFO - Client 93: Acc=50.62, Loss=-342.8632, NLL=-1158.3943, KL=13.9497, AvgS=498.54, ProxLoss=0.0000
2026-03-19 01:20:34,420 - Server_DefaultID - INFO - Training client 3 (14/30)...
2026-03-19 01:20:36,280 - Server_DefaultID - INFO - Client 3: Acc=63.12, Loss=-345.2699, NLL=-1161.6859, KL=13.9633, AvgS=499.96, ProxLoss=0.0000
2026-03-19 01:20:36,280 - Server_DefaultID - INFO - Training client 13 (15/30)...
2026-03-19 01:20:36,781 - Server_DefaultID - INFO - Client 13: Acc=54.06, Loss=-334.9695, NLL=-1135.8374, KL=13.8289, AvgS=488.80, ProxLoss=0.0000
2026-03-19 01:20:36,782 - Server_DefaultID - INFO - Training client 70 (16/30)...
2026-03-19 01:20:38,421 - Server_DefaultID - INFO - Client 70: Acc=79.12, Loss=-342.5778, NLL=-1161.6647, KL=13.9632, AvgS=499.95, ProxLoss=0.0000
2026-03-19 01:20:38,421 - Server_DefaultID - INFO - Training client 92 (17/30)...
2026-03-19 01:20:39,680 - Server_DefaultID - INFO - Client 92: Acc=95.16, Loss=-343.4482, NLL=-1161.5927, KL=13.9629, AvgS=499.92, ProxLoss=0.0000
2026-03-19 01:20:39,680 - Server_DefaultID - INFO - Training client 44 (18/30)...
2026-03-19 01:20:42,286 - Server_DefaultID - INFO - Client 44: Acc=87.99, Loss=-343.2828, NLL=-1161.7698, KL=13.9636, AvgS=500.00, ProxLoss=0.0000
2026-03-19 01:20:42,286 - Server_DefaultID - INFO - Training client 80 (19/30)...
2026-03-19 01:20:42,832 - Server_DefaultID - INFO - Client 80: Acc=67.50, Loss=-200.8483, NLL=-682.2569, KL=11.5491, AvgS=292.94, ProxLoss=0.0000
2026-03-19 01:20:42,832 - Server_DefaultID - INFO - Training client 59 (20/30)...
2026-03-19 01:20:45,441 - Server_DefaultID - INFO - Client 59: Acc=71.91, Loss=-343.4834, NLL=-1161.6948, KL=13.9633, AvgS=499.97, ProxLoss=0.0000
2026-03-19 01:20:45,442 - Server_DefaultID - INFO - Training client 63 (21/30)...
2026-03-19 01:20:47,018 - Server_DefaultID - INFO - Client 63: Acc=60.38, Loss=-343.6830, NLL=-1161.6840, KL=13.9633, AvgS=499.96, ProxLoss=0.0000
2026-03-19 01:20:47,018 - Server_DefaultID - INFO - Training client 17 (22/30)...
2026-03-19 01:20:47,721 - Server_DefaultID - INFO - Client 17: Acc=78.91, Loss=-344.1488, NLL=-1160.5645, KL=13.9588, AvgS=499.48, ProxLoss=0.0000
2026-03-19 01:20:47,721 - Server_DefaultID - INFO - Training client 20 (23/30)...
2026-03-19 01:20:49,550 - Server_DefaultID - INFO - Client 20: Acc=57.50, Loss=-345.7215, NLL=-1161.7462, KL=13.9635, AvgS=499.99, ProxLoss=0.0000
2026-03-19 01:20:49,550 - Server_DefaultID - INFO - Training client 27 (24/30)...
2026-03-19 01:20:51,848 - Server_DefaultID - INFO - Client 27: Acc=59.69, Loss=-344.4642, NLL=-1161.4871, KL=13.9625, AvgS=499.88, ProxLoss=0.0000
2026-03-19 01:20:51,848 - Server_DefaultID - INFO - Training client 76 (25/30)...
2026-03-19 01:20:54,162 - Server_DefaultID - INFO - Client 76: Acc=68.55, Loss=-345.1388, NLL=-1161.6676, KL=13.9632, AvgS=499.96, ProxLoss=0.0000
2026-03-19 01:20:54,162 - Server_DefaultID - INFO - Training client 32 (26/30)...
2026-03-19 01:20:55,936 - Server_DefaultID - INFO - Client 32: Acc=79.43, Loss=-344.0087, NLL=-1161.6928, KL=13.9633, AvgS=499.97, ProxLoss=0.0000
2026-03-19 01:20:55,936 - Server_DefaultID - INFO - Training client 41 (27/30)...
2026-03-19 01:20:58,160 - Server_DefaultID - INFO - Client 41: Acc=68.87, Loss=-342.8446, NLL=-1161.7275, KL=13.9635, AvgS=499.98, ProxLoss=0.0000
2026-03-19 01:20:58,160 - Server_DefaultID - INFO - Training client 65 (28/30)...
2026-03-19 01:20:58,654 - Server_DefaultID - INFO - Client 65: Acc=53.75, Loss=-97.0045, NLL=-334.0458, KL=8.3754, AvgS=143.20, ProxLoss=0.0000
2026-03-19 01:20:58,654 - Server_DefaultID - INFO - Training client 10 (29/30)...
2026-03-19 01:20:59,904 - Server_DefaultID - INFO - Client 10: Acc=37.19, Loss=-344.9354, NLL=-1161.6756, KL=13.9633, AvgS=499.96, ProxLoss=0.0000
2026-03-19 01:20:59,904 - Server_DefaultID - INFO - Training client 50 (30/30)...
2026-03-19 01:21:05,009 - Server_DefaultID - INFO - Client 50: Acc=97.48, Loss=-342.5850, NLL=-1161.7473, KL=13.9635, AvgS=499.99, ProxLoss=0.0000
2026-03-19 01:21:05,137 - Server_DefaultID - WARNING - Global prior extremely imbalanced (max/min=1.0), applied adaptive smoothing lam=0.10.
2026-03-19 01:21:05,137 - Server_DefaultID - INFO - Round [31/200] Summary | Avg Client Train Stats:	Loss [-339.4199]	 Acc [75.96]	NLL [-1147.5955]	 KL [13.8840]	AvgS [493.88]	 ProxLoss [0.0000]
GlobalPriorAlpha (first 10): [5.0, 5.0, 5.0, 5.0, 5.0, 5.0, 5.0, 5.0, 5.0, 5.0]
Round Time: 63.09s
2026-03-19 01:21:05,139 - Server_DefaultID - INFO - --- Global Round 32/200 ---
2026-03-19 01:21:05,140 - Server_DefaultID - INFO - Selected 30 active clients for round 32.
2026-03-19 01:21:05,140 - Server_DefaultID - INFO - Training client 87 (1/30)...
2026-03-19 01:21:07,020 - Server_DefaultID - INFO - Client 87: Acc=47.86, Loss=-345.2835, NLL=-1161.6563, KL=13.9632, AvgS=499.95, ProxLoss=0.0000
2026-03-19 01:21:07,020 - Server_DefaultID - INFO - Training client 85 (2/30)...
2026-03-19 01:21:10,085 - Server_DefaultID - INFO - Client 85: Acc=99.77, Loss=-341.2129, NLL=-1161.7546, KL=13.9636, AvgS=499.99, ProxLoss=0.0000
2026-03-19 01:21:10,085 - Server_DefaultID - INFO - Training client 84 (3/30)...
2026-03-19 01:21:10,578 - Server_DefaultID - INFO - Client 84: Acc=55.09, Loss=-113.3461, NLL=-392.5619, KL=9.0506, AvgS=168.18, ProxLoss=0.0000
2026-03-19 01:21:10,578 - Server_DefaultID - INFO - Training client 27 (4/30)...
2026-03-19 01:21:11,529 - Server_DefaultID - INFO - Client 27: Acc=61.25, Loss=-344.5249, NLL=-1161.7343, KL=13.9635, AvgS=499.98, ProxLoss=0.0000
2026-03-19 01:21:11,529 - Server_DefaultID - INFO - Training client 5 (5/30)...
2026-03-19 01:21:11,925 - Server_DefaultID - INFO - Client 5: Acc=70.94, Loss=-340.9065, NLL=-1150.8456, KL=13.9152, AvgS=495.28, ProxLoss=0.0000
2026-03-19 01:21:11,925 - Server_DefaultID - INFO - Training client 11 (6/30)...
2026-03-19 01:21:13,624 - Server_DefaultID - INFO - Client 11: Acc=87.81, Loss=-343.9224, NLL=-1161.7698, KL=13.9636, AvgS=500.00, ProxLoss=0.0000
2026-03-19 01:21:13,624 - Server_DefaultID - INFO - Training client 33 (7/30)...
2026-03-19 01:21:15,626 - Server_DefaultID - INFO - Client 33: Acc=58.30, Loss=-344.8883, NLL=-1161.7207, KL=13.9634, AvgS=499.98, ProxLoss=0.0000
2026-03-19 01:21:15,626 - Server_DefaultID - INFO - Training client 6 (8/30)...
2026-03-19 01:21:16,640 - Server_DefaultID - INFO - Client 6: Acc=69.90, Loss=-343.4314, NLL=-1161.6580, KL=13.9632, AvgS=499.95, ProxLoss=0.0000
2026-03-19 01:21:16,640 - Server_DefaultID - INFO - Training client 63 (9/30)...
2026-03-19 01:21:18,263 - Server_DefaultID - INFO - Client 63: Acc=62.81, Loss=-343.6826, NLL=-1161.7198, KL=13.9634, AvgS=499.98, ProxLoss=0.0000
2026-03-19 01:21:18,264 - Server_DefaultID - INFO - Training client 79 (10/30)...
2026-03-19 01:21:19,759 - Server_DefaultID - INFO - Client 79: Acc=93.69, Loss=-341.8393, NLL=-1160.7900, KL=13.9598, AvgS=499.58, ProxLoss=0.0000
2026-03-19 01:21:19,759 - Server_DefaultID - INFO - Training client 47 (11/30)...
2026-03-19 01:21:21,510 - Server_DefaultID - INFO - Client 47: Acc=53.91, Loss=-344.9503, NLL=-1161.7259, KL=13.9635, AvgS=499.98, ProxLoss=0.0000
2026-03-19 01:21:21,510 - Server_DefaultID - INFO - Training client 38 (12/30)...
2026-03-19 01:21:22,232 - Server_DefaultID - INFO - Client 38: Acc=48.12, Loss=-344.7007, NLL=-1159.8084, KL=13.9557, AvgS=499.15, ProxLoss=0.0000
2026-03-19 01:21:22,232 - Server_DefaultID - INFO - Training client 67 (13/30)...
2026-03-19 01:21:25,228 - Server_DefaultID - INFO - Client 67: Acc=67.14, Loss=-344.2303, NLL=-1161.6186, KL=13.9630, AvgS=499.93, ProxLoss=0.0000
2026-03-19 01:21:25,228 - Server_DefaultID - INFO - Training client 72 (14/30)...
2026-03-19 01:21:26,622 - Server_DefaultID - INFO - Client 72: Acc=95.23, Loss=-342.8388, NLL=-1161.7228, KL=13.9634, AvgS=499.98, ProxLoss=0.0000
2026-03-19 01:21:26,622 - Server_DefaultID - INFO - Training client 97 (15/30)...
2026-03-19 01:21:33,423 - Server_DefaultID - INFO - Client 97: Acc=99.56, Loss=-341.3536, NLL=-1161.7578, KL=13.9636, AvgS=499.99, ProxLoss=0.0000
2026-03-19 01:21:33,423 - Server_DefaultID - INFO - Training client 89 (16/30)...
2026-03-19 01:21:37,291 - Server_DefaultID - INFO - Client 89: Acc=98.53, Loss=-341.8880, NLL=-1161.7689, KL=13.9636, AvgS=500.00, ProxLoss=0.0000
2026-03-19 01:21:37,291 - Server_DefaultID - INFO - Training client 16 (17/30)...
2026-03-19 01:21:38,124 - Server_DefaultID - INFO - Client 16: Acc=50.94, Loss=-339.3481, NLL=-1151.7616, KL=13.9191, AvgS=495.68, ProxLoss=0.0000
2026-03-19 01:21:38,124 - Server_DefaultID - INFO - Training client 45 (18/30)...
2026-03-19 01:21:40,373 - Server_DefaultID - INFO - Client 45: Acc=60.43, Loss=-343.1707, NLL=-1161.6001, KL=13.9630, AvgS=499.93, ProxLoss=0.0000
2026-03-19 01:21:40,376 - Server_DefaultID - INFO - Training client 31 (19/30)...
2026-03-19 01:21:42,783 - Server_DefaultID - INFO - Client 31: Acc=74.86, Loss=-343.3600, NLL=-1161.7436, KL=13.9635, AvgS=499.99, ProxLoss=0.0000
2026-03-19 01:21:42,783 - Server_DefaultID - INFO - Training client 98 (20/30)...
2026-03-19 01:21:43,713 - Server_DefaultID - INFO - Client 98: Acc=75.00, Loss=-342.0783, NLL=-1161.7675, KL=13.9636, AvgS=500.00, ProxLoss=0.0000
2026-03-19 01:21:43,713 - Server_DefaultID - INFO - Training client 60 (21/30)...
2026-03-19 01:21:44,743 - Server_DefaultID - INFO - Client 60: Acc=65.42, Loss=-342.7310, NLL=-1161.4379, KL=13.9623, AvgS=499.86, ProxLoss=0.0000
2026-03-19 01:21:44,743 - Server_DefaultID - INFO - Training client 35 (22/30)...
2026-03-19 01:21:45,739 - Server_DefaultID - INFO - Client 35: Acc=62.19, Loss=-344.3059, NLL=-1160.8487, KL=13.9593, AvgS=499.60, ProxLoss=0.0000
2026-03-19 01:21:45,739 - Server_DefaultID - INFO - Training client 80 (23/30)...
2026-03-19 01:21:46,203 - Server_DefaultID - INFO - Client 80: Acc=54.06, Loss=-221.4942, NLL=-753.3823, KL=12.0003, AvgS=323.61, ProxLoss=0.0000
2026-03-19 01:21:46,203 - Server_DefaultID - INFO - Training client 21 (24/30)...
2026-03-19 01:21:48,626 - Server_DefaultID - INFO - Client 21: Acc=55.16, Loss=-345.0087, NLL=-1161.7301, KL=13.9635, AvgS=499.98, ProxLoss=0.0000
2026-03-19 01:21:48,626 - Server_DefaultID - INFO - Training client 34 (25/30)...
2026-03-19 01:21:49,610 - Server_DefaultID - INFO - Client 34: Acc=69.58, Loss=-343.6076, NLL=-1160.8362, KL=13.9598, AvgS=499.60, ProxLoss=0.0000
2026-03-19 01:21:49,610 - Server_DefaultID - INFO - Training client 20 (26/30)...
2026-03-19 01:21:51,389 - Server_DefaultID - INFO - Client 20: Acc=60.42, Loss=-345.7112, NLL=-1161.7000, KL=13.9634, AvgS=499.97, ProxLoss=0.0000
2026-03-19 01:21:51,389 - Server_DefaultID - INFO - Training client 14 (27/30)...
2026-03-19 01:21:54,025 - Server_DefaultID - INFO - Client 14: Acc=72.71, Loss=-342.1339, NLL=-1161.7573, KL=13.9636, AvgS=499.99, ProxLoss=0.0000
2026-03-19 01:21:54,025 - Server_DefaultID - INFO - Training client 36 (28/30)...
2026-03-19 01:22:01,458 - Server_DefaultID - INFO - Client 36: Acc=89.71, Loss=-342.3328, NLL=-1161.6817, KL=13.9633, AvgS=499.96, ProxLoss=0.0000
2026-03-19 01:22:01,458 - Server_DefaultID - INFO - Training client 62 (29/30)...
2026-03-19 01:22:02,330 - Server_DefaultID - INFO - Client 62: Acc=85.00, Loss=-316.9848, NLL=-1075.0659, KL=13.5862, AvgS=462.53, ProxLoss=0.0000
2026-03-19 01:22:02,330 - Server_DefaultID - INFO - Training client 28 (30/30)...
2026-03-19 01:22:02,819 - Server_DefaultID - INFO - Client 28: Acc=54.69, Loss=-171.2669, NLL=-586.0609, KL=10.7263, AvgS=251.46, ProxLoss=0.0000
2026-03-19 01:22:03,100 - Server_DefaultID - WARNING - Global prior extremely imbalanced (max/min=1.0), applied adaptive smoothing lam=0.10.
2026-03-19 01:22:03,100 - Server_DefaultID - INFO - Round [32/200] Summary | Avg Client Train Stats:	Loss [-339.1148]	 Acc [77.75]	NLL [-1148.6049]	 KL [13.8917]	AvgS [494.32]	 ProxLoss [0.0000]
GlobalPriorAlpha (first 10): [5.0, 5.0, 5.0, 5.0, 5.0, 5.0, 5.0, 5.0, 5.0, 5.0]
Round Time: 57.96s
2026-03-19 01:22:03,102 - Server_DefaultID - INFO - --- Global Round 33/200 ---
2026-03-19 01:22:03,103 - Server_DefaultID - INFO - Selected 30 active clients for round 33.
2026-03-19 01:22:03,103 - Server_DefaultID - INFO - Training client 72 (1/30)...
2026-03-19 01:22:04,263 - Server_DefaultID - INFO - Client 72: Acc=95.23, Loss=-342.6743, NLL=-1161.7577, KL=13.9636, AvgS=499.99, ProxLoss=0.0000
2026-03-19 01:22:04,263 - Server_DefaultID - INFO - Training client 27 (2/30)...
2026-03-19 01:22:05,362 - Server_DefaultID - INFO - Client 27: Acc=65.00, Loss=-344.5513, NLL=-1161.7569, KL=13.9636, AvgS=499.99, ProxLoss=0.0000
2026-03-19 01:22:05,363 - Server_DefaultID - INFO - Training client 90 (3/30)...
2026-03-19 01:22:07,926 - Client_90 - WARNING - Client 90: Too few classes (1) or samples (592) for alpha report, returning uniform.
2026-03-19 01:22:07,926 - Server_DefaultID - INFO - Client 90: Acc=100.00, Loss=-340.9802, NLL=-1161.7642, KL=13.9636, AvgS=500.00, ProxLoss=0.0000
2026-03-19 01:22:07,927 - Server_DefaultID - INFO - Training client 25 (4/30)...
2026-03-19 01:22:08,709 - Server_DefaultID - INFO - Client 25: Acc=95.16, Loss=-341.6917, NLL=-1157.3368, KL=13.9454, AvgS=498.09, ProxLoss=0.0000
2026-03-19 01:22:08,709 - Server_DefaultID - INFO - Training client 81 (5/30)...
2026-03-19 01:22:10,678 - Server_DefaultID - INFO - Client 81: Acc=75.62, Loss=-343.4042, NLL=-1161.7261, KL=13.9635, AvgS=499.98, ProxLoss=0.0000
2026-03-19 01:22:10,678 - Server_DefaultID - INFO - Training client 1 (6/30)...
2026-03-19 01:22:11,436 - Server_DefaultID - INFO - Client 1: Acc=38.75, Loss=-337.6171, NLL=-1142.9318, KL=13.8752, AvgS=491.87, ProxLoss=0.0000
2026-03-19 01:22:11,436 - Server_DefaultID - INFO - Training client 63 (7/30)...
2026-03-19 01:22:12,845 - Server_DefaultID - INFO - Client 63: Acc=61.88, Loss=-343.6636, NLL=-1161.7311, KL=13.9635, AvgS=499.98, ProxLoss=0.0000
2026-03-19 01:22:12,846 - Server_DefaultID - INFO - Training client 3 (8/30)...
2026-03-19 01:22:14,576 - Server_DefaultID - INFO - Client 3: Acc=64.01, Loss=-345.1801, NLL=-1161.7463, KL=13.9635, AvgS=499.99, ProxLoss=0.0000
2026-03-19 01:22:14,576 - Server_DefaultID - INFO - Training client 59 (9/30)...
2026-03-19 01:22:17,129 - Server_DefaultID - INFO - Client 59: Acc=74.24, Loss=-343.4116, NLL=-1161.7050, KL=13.9634, AvgS=499.97, ProxLoss=0.0000
2026-03-19 01:22:17,129 - Server_DefaultID - INFO - Training client 41 (10/30)...
2026-03-19 01:22:19,326 - Server_DefaultID - INFO - Client 41: Acc=69.06, Loss=-342.7165, NLL=-1161.7699, KL=13.9636, AvgS=500.00, ProxLoss=0.0000
2026-03-19 01:22:19,326 - Server_DefaultID - INFO - Training client 49 (11/30)...
2026-03-19 01:22:21,503 - Server_DefaultID - INFO - Client 49: Acc=79.20, Loss=-343.1670, NLL=-1161.5638, KL=13.9628, AvgS=499.91, ProxLoss=0.0000
2026-03-19 01:22:21,503 - Server_DefaultID - INFO - Training client 7 (12/30)...
2026-03-19 01:22:23,367 - Server_DefaultID - INFO - Client 7: Acc=48.54, Loss=-342.2049, NLL=-1157.8477, KL=13.9459, AvgS=498.31, ProxLoss=0.0000
2026-03-19 01:22:23,368 - Server_DefaultID - INFO - Training client 75 (13/30)...
2026-03-19 01:22:25,789 - Server_DefaultID - INFO - Client 75: Acc=89.26, Loss=-342.4252, NLL=-1161.6788, KL=13.9633, AvgS=499.96, ProxLoss=0.0000
2026-03-19 01:22:25,789 - Server_DefaultID - INFO - Training client 39 (14/30)...
2026-03-19 01:22:30,005 - Server_DefaultID - INFO - Client 39: Acc=75.94, Loss=-343.4728, NLL=-1161.7475, KL=13.9635, AvgS=499.99, ProxLoss=0.0000
2026-03-19 01:22:30,006 - Server_DefaultID - INFO - Training client 32 (15/30)...
2026-03-19 01:22:31,938 - Server_DefaultID - INFO - Client 32: Acc=77.97, Loss=-344.0552, NLL=-1161.7582, KL=13.9636, AvgS=499.99, ProxLoss=0.0000
2026-03-19 01:22:31,938 - Server_DefaultID - INFO - Training client 64 (16/30)...
2026-03-19 01:22:32,418 - Server_DefaultID - INFO - Client 64: Acc=62.50, Loss=-221.7477, NLL=-755.7944, KL=11.9160, AvgS=324.71, ProxLoss=0.0000
2026-03-19 01:22:32,418 - Server_DefaultID - INFO - Training client 15 (17/30)...
2026-03-19 01:22:33,308 - Server_DefaultID - INFO - Client 15: Acc=62.03, Loss=-343.7127, NLL=-1161.7263, KL=13.9635, AvgS=499.98, ProxLoss=0.0000
2026-03-19 01:22:33,308 - Server_DefaultID - INFO - Training client 38 (18/30)...
2026-03-19 01:22:34,132 - Server_DefaultID - INFO - Client 38: Acc=46.41, Loss=-345.5055, NLL=-1161.4540, KL=13.9624, AvgS=499.86, ProxLoss=0.0000
2026-03-19 01:22:34,132 - Server_DefaultID - INFO - Training client 35 (19/30)...
2026-03-19 01:22:35,111 - Server_DefaultID - INFO - Client 35: Acc=62.40, Loss=-344.6239, NLL=-1161.6804, KL=13.9633, AvgS=499.96, ProxLoss=0.0000
2026-03-19 01:22:35,111 - Server_DefaultID - INFO - Training client 96 (20/30)...
2026-03-19 01:22:37,926 - Server_DefaultID - INFO - Client 96: Acc=76.53, Loss=-343.4242, NLL=-1161.7422, KL=13.9635, AvgS=499.99, ProxLoss=0.0000
2026-03-19 01:22:37,926 - Server_DefaultID - INFO - Training client 86 (21/30)...
2026-03-19 01:22:39,441 - Server_DefaultID - INFO - Client 86: Acc=77.62, Loss=-343.3038, NLL=-1161.7023, KL=13.9634, AvgS=499.97, ProxLoss=0.0000
2026-03-19 01:22:39,441 - Server_DefaultID - INFO - Training client 55 (22/30)...
2026-03-19 01:22:49,737 - Server_DefaultID - INFO - Client 55: Acc=84.38, Loss=-344.1475, NLL=-1161.7134, KL=13.9634, AvgS=499.98, ProxLoss=0.0000
2026-03-19 01:22:49,737 - Server_DefaultID - INFO - Training client 67 (23/30)...
2026-03-19 01:22:51,925 - Server_DefaultID - INFO - Client 67: Acc=67.34, Loss=-344.2509, NLL=-1161.6618, KL=13.9632, AvgS=499.95, ProxLoss=0.0000
2026-03-19 01:22:51,925 - Server_DefaultID - INFO - Training client 95 (24/30)...
2026-03-19 01:22:54,883 - Server_DefaultID - INFO - Client 95: Acc=62.92, Loss=-342.4552, NLL=-1161.7073, KL=13.9634, AvgS=499.97, ProxLoss=0.0000
2026-03-19 01:22:54,883 - Server_DefaultID - INFO - Training client 33 (25/30)...
2026-03-19 01:22:57,225 - Server_DefaultID - INFO - Client 33: Acc=58.12, Loss=-344.9540, NLL=-1161.7305, KL=13.9635, AvgS=499.98, ProxLoss=0.0000
2026-03-19 01:22:57,225 - Server_DefaultID - INFO - Training client 71 (26/30)...
2026-03-19 01:22:57,976 - Server_DefaultID - INFO - Client 71: Acc=58.28, Loss=-296.8422, NLL=-1007.0250, KL=13.2863, AvgS=433.16, ProxLoss=0.0000
2026-03-19 01:22:57,976 - Server_DefaultID - INFO - Training client 22 (27/30)...
2026-03-19 01:22:58,781 - Server_DefaultID - INFO - Client 22: Acc=50.16, Loss=-237.8872, NLL=-810.5340, KL=12.2574, AvgS=348.25, ProxLoss=0.0000
2026-03-19 01:22:58,784 - Server_DefaultID - INFO - Training client 30 (28/30)...
2026-03-19 01:23:01,284 - Server_DefaultID - INFO - Client 30: Acc=85.47, Loss=-342.0233, NLL=-1161.5285, KL=13.9627, AvgS=499.90, ProxLoss=0.0000
2026-03-19 01:23:01,284 - Server_DefaultID - INFO - Training client 12 (29/30)...
2026-03-19 01:23:03,031 - Server_DefaultID - INFO - Client 12: Acc=72.06, Loss=-345.1103, NLL=-1161.7176, KL=13.9634, AvgS=499.98, ProxLoss=0.0000
2026-03-19 01:23:03,031 - Server_DefaultID - INFO - Training client 88 (30/30)...
2026-03-19 01:23:04,780 - Server_DefaultID - INFO - Client 88: Acc=58.75, Loss=-344.4284, NLL=-1161.7399, KL=13.9635, AvgS=499.99, ProxLoss=0.0000
2026-03-19 01:23:05,033 - Server_DefaultID - WARNING - Global prior extremely imbalanced (max/min=1.0), applied adaptive smoothing lam=0.10.
2026-03-19 01:23:05,033 - Server_DefaultID - INFO - Round [33/200] Summary | Avg Client Train Stats:	Loss [-340.4553]	 Acc [73.98]	NLL [-1151.5006]	 KL [13.9143]	AvgS [495.56]	 ProxLoss [0.0000]
GlobalPriorAlpha (first 10): [5.0, 5.0, 5.0, 5.0, 5.0, 5.0, 5.0, 5.0, 5.0, 5.0]
Round Time: 61.93s
2026-03-19 01:23:05,035 - Server_DefaultID - INFO - --- Global Round 34/200 ---
2026-03-19 01:23:05,035 - Server_DefaultID - INFO - Selected 30 active clients for round 34.
2026-03-19 01:23:05,036 - Server_DefaultID - INFO - Training client 98 (1/30)...
2026-03-19 01:23:05,972 - Server_DefaultID - INFO - Client 98: Acc=79.17, Loss=-341.5729, NLL=-1161.0582, KL=13.9608, AvgS=499.69, ProxLoss=0.0000
2026-03-19 01:23:05,972 - Server_DefaultID - INFO - Training client 31 (2/30)...
2026-03-19 01:23:08,596 - Server_DefaultID - INFO - Client 31: Acc=75.38, Loss=-343.2866, NLL=-1161.7529, KL=13.9636, AvgS=499.99, ProxLoss=0.0000
2026-03-19 01:23:08,596 - Server_DefaultID - INFO - Training client 86 (3/30)...
2026-03-19 01:23:10,186 - Server_DefaultID - INFO - Client 86: Acc=76.00, Loss=-343.2806, NLL=-1161.7477, KL=13.9635, AvgS=499.99, ProxLoss=0.0000
2026-03-19 01:23:10,186 - Server_DefaultID - INFO - Training client 13 (4/30)...
2026-03-19 01:23:10,684 - Server_DefaultID - INFO - Client 13: Acc=49.38, Loss=-341.5451, NLL=-1157.5189, KL=13.9440, AvgS=498.16, ProxLoss=0.0000
2026-03-19 01:23:10,684 - Server_DefaultID - INFO - Training client 16 (5/30)...
2026-03-19 01:23:11,428 - Server_DefaultID - INFO - Client 16: Acc=50.47, Loss=-342.5053, NLL=-1160.6715, KL=13.9592, AvgS=499.53, ProxLoss=0.0000
2026-03-19 01:23:11,428 - Server_DefaultID - INFO - Training client 55 (6/30)...
2026-03-19 01:23:21,058 - Server_DefaultID - INFO - Client 55: Acc=84.46, Loss=-343.9850, NLL=-1161.7176, KL=13.9634, AvgS=499.98, ProxLoss=0.0000
2026-03-19 01:23:21,058 - Server_DefaultID - INFO - Training client 15 (7/30)...
2026-03-19 01:23:21,818 - Server_DefaultID - INFO - Client 15: Acc=65.31, Loss=-343.6237, NLL=-1161.6332, KL=13.9631, AvgS=499.94, ProxLoss=0.0000
2026-03-19 01:23:21,818 - Server_DefaultID - INFO - Training client 32 (8/30)...
2026-03-19 01:23:23,788 - Server_DefaultID - INFO - Client 32: Acc=79.32, Loss=-343.9317, NLL=-1161.7285, KL=13.9635, AvgS=499.98, ProxLoss=0.0000
2026-03-19 01:23:23,788 - Server_DefaultID - INFO - Training client 82 (9/30)...
2026-03-19 01:23:25,371 - Server_DefaultID - INFO - Client 82: Acc=86.50, Loss=-343.1593, NLL=-1161.7548, KL=13.9636, AvgS=499.99, ProxLoss=0.0000
2026-03-19 01:23:25,372 - Server_DefaultID - INFO - Training client 3 (10/30)...
2026-03-19 01:23:27,327 - Server_DefaultID - INFO - Client 3: Acc=64.69, Loss=-345.2651, NLL=-1161.7547, KL=13.9636, AvgS=499.99, ProxLoss=0.0000
2026-03-19 01:23:27,327 - Server_DefaultID - INFO - Training client 61 (11/30)...
2026-03-19 01:23:28,859 - Server_DefaultID - INFO - Client 61: Acc=61.69, Loss=-345.3362, NLL=-1161.6406, KL=13.9631, AvgS=499.94, ProxLoss=0.0000
2026-03-19 01:23:28,859 - Server_DefaultID - INFO - Training client 93 (12/30)...
2026-03-19 01:23:29,559 - Server_DefaultID - INFO - Client 93: Acc=51.25, Loss=-342.8923, NLL=-1158.5625, KL=13.9508, AvgS=498.62, ProxLoss=0.0000
2026-03-19 01:23:29,559 - Server_DefaultID - INFO - Training client 38 (13/30)...
2026-03-19 01:23:30,280 - Server_DefaultID - INFO - Client 38: Acc=51.88, Loss=-345.4505, NLL=-1161.0092, KL=13.9606, AvgS=499.67, ProxLoss=0.0000
2026-03-19 01:23:30,280 - Server_DefaultID - INFO - Training client 74 (14/30)...
2026-03-19 01:23:31,576 - Server_DefaultID - INFO - Client 74: Acc=60.47, Loss=-343.5049, NLL=-1161.6634, KL=13.9632, AvgS=499.95, ProxLoss=0.0000
2026-03-19 01:23:31,576 - Server_DefaultID - INFO - Training client 21 (15/30)...
2026-03-19 01:23:33,713 - Server_DefaultID - INFO - Client 21: Acc=56.05, Loss=-344.9503, NLL=-1161.7066, KL=13.9634, AvgS=499.97, ProxLoss=0.0000
2026-03-19 01:23:33,714 - Server_DefaultID - INFO - Training client 46 (16/30)...
2026-03-19 01:23:35,971 - Server_DefaultID - INFO - Client 46: Acc=87.42, Loss=-343.4918, NLL=-1161.6675, KL=13.9632, AvgS=499.96, ProxLoss=0.0000
2026-03-19 01:23:35,971 - Server_DefaultID - INFO - Training client 65 (17/30)...
2026-03-19 01:23:36,514 - Server_DefaultID - INFO - Client 65: Acc=38.44, Loss=-112.9130, NLL=-388.9931, KL=9.0036, AvgS=166.73, ProxLoss=0.0000
2026-03-19 01:23:36,514 - Server_DefaultID - INFO - Training client 96 (18/30)...
2026-03-19 01:23:39,013 - Server_DefaultID - INFO - Client 96: Acc=77.81, Loss=-343.2990, NLL=-1161.5786, KL=13.9629, AvgS=499.92, ProxLoss=0.0000
2026-03-19 01:23:39,013 - Server_DefaultID - INFO - Training client 63 (19/30)...
2026-03-19 01:23:40,494 - Server_DefaultID - INFO - Client 63: Acc=67.00, Loss=-343.5797, NLL=-1161.6691, KL=13.9632, AvgS=499.96, ProxLoss=0.0000
2026-03-19 01:23:40,494 - Server_DefaultID - INFO - Training client 22 (20/30)...
2026-03-19 01:23:41,148 - Server_DefaultID - INFO - Client 22: Acc=52.50, Loss=-291.3381, NLL=-989.1784, KL=13.1932, AvgS=425.41, ProxLoss=0.0000
2026-03-19 01:23:41,148 - Server_DefaultID - INFO - Training client 91 (21/30)...
2026-03-19 01:23:42,168 - Server_DefaultID - INFO - Client 91: Acc=86.56, Loss=-342.0126, NLL=-1161.5159, KL=13.9626, AvgS=499.89, ProxLoss=0.0000
2026-03-19 01:23:42,168 - Server_DefaultID - INFO - Training client 99 (22/30)...
2026-03-19 01:23:42,561 - Server_DefaultID - INFO - Client 99: Acc=26.56, Loss=-154.7158, NLL=-525.9403, KL=10.3244, AvgS=225.55, ProxLoss=0.0000
2026-03-19 01:23:42,561 - Server_DefaultID - INFO - Training client 64 (23/30)...
2026-03-19 01:23:43,060 - Server_DefaultID - INFO - Client 64: Acc=65.62, Loss=-246.8378, NLL=-839.9380, KL=12.4589, AvgS=361.01, ProxLoss=0.0000
2026-03-19 01:23:43,060 - Server_DefaultID - INFO - Training client 27 (24/30)...
2026-03-19 01:23:44,083 - Server_DefaultID - INFO - Client 27: Acc=65.73, Loss=-344.2727, NLL=-1161.2408, KL=13.9613, AvgS=499.77, ProxLoss=0.0000
2026-03-19 01:23:44,083 - Server_DefaultID - INFO - Training client 58 (25/30)...
2026-03-19 01:23:46,233 - Server_DefaultID - INFO - Client 58: Acc=77.72, Loss=-342.1510, NLL=-1161.6753, KL=13.9633, AvgS=499.96, ProxLoss=0.0000
2026-03-19 01:23:46,233 - Server_DefaultID - INFO - Training client 44 (26/30)...
2026-03-19 01:23:48,757 - Server_DefaultID - INFO - Client 44: Acc=87.19, Loss=-342.9635, NLL=-1161.4514, KL=13.9624, AvgS=499.86, ProxLoss=0.0000
2026-03-19 01:23:48,758 - Server_DefaultID - INFO - Training client 52 (27/30)...
2026-03-19 01:23:49,789 - Server_DefaultID - INFO - Client 52: Acc=68.12, Loss=-343.2652, NLL=-1161.2348, KL=13.9615, AvgS=499.77, ProxLoss=0.0000
2026-03-19 01:23:49,789 - Server_DefaultID - INFO - Training client 83 (28/30)...
2026-03-19 01:23:53,622 - Server_DefaultID - INFO - Client 83: Acc=99.72, Loss=-341.1344, NLL=-1161.7374, KL=13.9635, AvgS=499.99, ProxLoss=0.0000
2026-03-19 01:23:53,622 - Server_DefaultID - INFO - Training client 29 (29/30)...
2026-03-19 01:23:54,865 - Server_DefaultID - INFO - Client 29: Acc=81.25, Loss=-343.0883, NLL=-1161.6727, KL=13.9633, AvgS=499.96, ProxLoss=0.0000
2026-03-19 01:23:54,865 - Server_DefaultID - INFO - Training client 49 (30/30)...
2026-03-19 01:23:57,048 - Server_DefaultID - INFO - Client 49: Acc=79.46, Loss=-343.1928, NLL=-1161.7350, KL=13.9635, AvgS=499.98, ProxLoss=0.0000
2026-03-19 01:23:57,370 - Server_DefaultID - WARNING - Global prior extremely imbalanced (max/min=1.0), applied adaptive smoothing lam=0.10.
2026-03-19 01:23:57,370 - Server_DefaultID - INFO - Round [34/200] Summary | Avg Client Train Stats:	Loss [-338.7608]	 Acc [75.85]	NLL [-1145.9460]	 KL [13.8766]	AvgS [493.17]	 ProxLoss [0.0000]
GlobalPriorAlpha (first 10): [5.0, 5.0, 5.0, 5.0, 5.0, 5.0, 5.0, 5.0, 5.0, 5.0]
Round Time: 52.33s
2026-03-19 01:23:57,373 - Server_DefaultID - INFO - --- Global Round 35/200 ---
2026-03-19 01:23:57,373 - Server_DefaultID - INFO - Selected 30 active clients for round 35.
2026-03-19 01:23:57,373 - Server_DefaultID - INFO - Training client 76 (1/30)...
2026-03-19 01:23:59,851 - Server_DefaultID - INFO - Client 76: Acc=68.98, Loss=-345.1310, NLL=-1161.7465, KL=13.9635, AvgS=499.99, ProxLoss=0.0000
2026-03-19 01:23:59,851 - Server_DefaultID - INFO - Training client 47 (2/30)...
2026-03-19 01:24:01,667 - Server_DefaultID - INFO - Client 47: Acc=53.23, Loss=-344.6585, NLL=-1161.6613, KL=13.9632, AvgS=499.95, ProxLoss=0.0000
2026-03-19 01:24:01,667 - Server_DefaultID - INFO - Training client 34 (3/30)...
2026-03-19 01:24:02,562 - Server_DefaultID - INFO - Client 34: Acc=68.65, Loss=-344.2419, NLL=-1161.6345, KL=13.9631, AvgS=499.94, ProxLoss=0.0000
2026-03-19 01:24:02,562 - Server_DefaultID - INFO - Training client 20 (4/30)...
2026-03-19 01:24:04,227 - Server_DefaultID - INFO - Client 20: Acc=60.78, Loss=-345.4294, NLL=-1161.6300, KL=13.9631, AvgS=499.94, ProxLoss=0.0000
2026-03-19 01:24:04,227 - Server_DefaultID - INFO - Training client 5 (5/30)...
2026-03-19 01:24:04,648 - Server_DefaultID - INFO - Client 5: Acc=67.50, Loss=-344.5029, NLL=-1160.8280, KL=13.9599, AvgS=499.59, ProxLoss=0.0000
2026-03-19 01:24:04,649 - Server_DefaultID - INFO - Training client 78 (6/30)...
2026-03-19 01:24:12,800 - Server_DefaultID - INFO - Client 78: Acc=91.97, Loss=-343.3848, NLL=-1161.7503, KL=13.9635, AvgS=499.99, ProxLoss=0.0000
2026-03-19 01:24:12,800 - Server_DefaultID - INFO - Training client 31 (7/30)...
2026-03-19 01:24:15,303 - Server_DefaultID - INFO - Client 31: Acc=75.17, Loss=-343.2154, NLL=-1161.7372, KL=13.9635, AvgS=499.99, ProxLoss=0.0000
2026-03-19 01:24:15,303 - Server_DefaultID - INFO - Training client 55 (8/30)...
2026-03-19 01:24:23,301 - Server_DefaultID - INFO - Client 55: Acc=84.55, Loss=-344.0288, NLL=-1161.7580, KL=13.9636, AvgS=499.99, ProxLoss=0.0000
2026-03-19 01:24:23,301 - Server_DefaultID - INFO - Training client 94 (9/30)...
2026-03-19 01:24:27,442 - Server_DefaultID - INFO - Client 94: Acc=71.08, Loss=-343.2697, NLL=-1161.7516, KL=13.9636, AvgS=499.99, ProxLoss=0.0000
2026-03-19 01:24:27,442 - Server_DefaultID - INFO - Training client 7 (10/30)...
2026-03-19 01:24:29,420 - Server_DefaultID - INFO - Client 7: Acc=47.86, Loss=-343.3906, NLL=-1161.1043, KL=13.9606, AvgS=499.71, ProxLoss=0.0000
2026-03-19 01:24:29,420 - Server_DefaultID - INFO - Training client 71 (11/30)...
2026-03-19 01:24:30,168 - Server_DefaultID - INFO - Client 71: Acc=62.66, Loss=-333.6743, NLL=-1129.8043, KL=13.8330, AvgS=486.20, ProxLoss=0.0000
2026-03-19 01:24:30,168 - Server_DefaultID - INFO - Training client 67 (12/30)...
2026-03-19 01:24:32,101 - Server_DefaultID - INFO - Client 67: Acc=69.58, Loss=-344.2452, NLL=-1161.7301, KL=13.9635, AvgS=499.98, ProxLoss=0.0000
2026-03-19 01:24:32,101 - Server_DefaultID - INFO - Training client 24 (13/30)...
2026-03-19 01:24:32,532 - Server_DefaultID - INFO - Client 24: Acc=51.25, Loss=-136.8540, NLL=-465.3273, KL=9.7640, AvgS=199.55, ProxLoss=0.0000
2026-03-19 01:24:32,532 - Server_DefaultID - INFO - Training client 28 (14/30)...
2026-03-19 01:24:32,972 - Server_DefaultID - INFO - Client 28: Acc=47.50, Loss=-192.1844, NLL=-659.7371, KL=11.2563, AvgS=283.21, ProxLoss=0.0000
2026-03-19 01:24:32,972 - Server_DefaultID - INFO - Training client 63 (15/30)...
2026-03-19 01:24:34,531 - Server_DefaultID - INFO - Client 63: Acc=65.06, Loss=-343.6007, NLL=-1161.7650, KL=13.9636, AvgS=500.00, ProxLoss=0.0000
2026-03-19 01:24:34,531 - Server_DefaultID - INFO - Training client 25 (16/30)...
2026-03-19 01:24:35,257 - Server_DefaultID - INFO - Client 25: Acc=94.69, Loss=-343.1516, NLL=-1160.8050, KL=13.9598, AvgS=499.58, ProxLoss=0.0000
2026-03-19 01:24:35,257 - Server_DefaultID - INFO - Training client 87 (17/30)...
2026-03-19 01:24:37,129 - Server_DefaultID - INFO - Client 87: Acc=47.59, Loss=-345.2701, NLL=-1161.7577, KL=13.9636, AvgS=499.99, ProxLoss=0.0000
2026-03-19 01:24:37,129 - Server_DefaultID - INFO - Training client 99 (18/30)...
2026-03-19 01:24:37,552 - Server_DefaultID - INFO - Client 99: Acc=30.94, Loss=-176.9863, NLL=-599.5684, KL=10.9241, AvgS=257.26, ProxLoss=0.0000
2026-03-19 01:24:37,552 - Server_DefaultID - INFO - Training client 85 (19/30)...
2026-03-19 01:24:40,787 - Server_DefaultID - INFO - Client 85: Acc=99.74, Loss=-341.1050, NLL=-1161.7294, KL=13.9635, AvgS=499.98, ProxLoss=0.0000
2026-03-19 01:24:40,787 - Server_DefaultID - INFO - Training client 42 (20/30)...
2026-03-19 01:24:42,645 - Server_DefaultID - INFO - Client 42: Acc=90.73, Loss=-343.3181, NLL=-1161.7561, KL=13.9636, AvgS=499.99, ProxLoss=0.0000
2026-03-19 01:24:42,645 - Server_DefaultID - INFO - Training client 12 (21/30)...
2026-03-19 01:24:44,102 - Server_DefaultID - INFO - Client 12: Acc=73.06, Loss=-345.1144, NLL=-1161.7496, KL=13.9635, AvgS=499.99, ProxLoss=0.0000
2026-03-19 01:24:44,102 - Server_DefaultID - INFO - Training client 74 (22/30)...
2026-03-19 01:24:45,247 - Server_DefaultID - INFO - Client 74: Acc=60.00, Loss=-343.4824, NLL=-1161.6856, KL=13.9633, AvgS=499.96, ProxLoss=0.0000
2026-03-19 01:24:45,247 - Server_DefaultID - INFO - Training client 1 (23/30)...
2026-03-19 01:24:45,988 - Server_DefaultID - INFO - Client 1: Acc=36.41, Loss=-343.6534, NLL=-1161.3274, KL=13.9618, AvgS=499.81, ProxLoss=0.0000
2026-03-19 01:24:45,988 - Server_DefaultID - INFO - Training client 40 (24/30)...
2026-03-19 01:24:47,834 - Server_DefaultID - INFO - Client 40: Acc=62.86, Loss=-344.8966, NLL=-1161.7233, KL=13.9634, AvgS=499.98, ProxLoss=0.0000
2026-03-19 01:24:47,834 - Server_DefaultID - INFO - Training client 9 (25/30)...
2026-03-19 01:24:49,989 - Server_DefaultID - INFO - Client 9: Acc=97.59, Loss=-342.1930, NLL=-1161.6689, KL=13.9632, AvgS=499.96, ProxLoss=0.0000
2026-03-19 01:24:49,989 - Server_DefaultID - INFO - Training client 95 (26/30)...
2026-03-19 01:24:52,607 - Server_DefaultID - INFO - Client 95: Acc=63.65, Loss=-342.3406, NLL=-1161.7397, KL=13.9635, AvgS=499.99, ProxLoss=0.0000
2026-03-19 01:24:52,607 - Server_DefaultID - INFO - Training client 6 (27/30)...
2026-03-19 01:24:53,583 - Server_DefaultID - INFO - Client 6: Acc=70.10, Loss=-343.1163, NLL=-1161.7040, KL=13.9634, AvgS=499.97, ProxLoss=0.0000
2026-03-19 01:24:53,583 - Server_DefaultID - INFO - Training client 97 (28/30)...
2026-03-19 01:25:01,699 - Server_DefaultID - INFO - Client 97: Acc=99.58, Loss=-341.2103, NLL=-1161.7628, KL=13.9636, AvgS=500.00, ProxLoss=0.0000
2026-03-19 01:25:01,699 - Server_DefaultID - INFO - Training client 33 (29/30)...
2026-03-19 01:25:03,831 - Server_DefaultID - INFO - Client 33: Acc=58.97, Loss=-344.8893, NLL=-1161.7615, KL=13.9636, AvgS=500.00, ProxLoss=0.0000
2026-03-19 01:25:03,831 - Server_DefaultID - INFO - Training client 96 (30/30)...
2026-03-19 01:25:06,513 - Server_DefaultID - INFO - Client 96: Acc=78.65, Loss=-343.4441, NLL=-1161.6511, KL=13.9632, AvgS=499.95, ProxLoss=0.0000
2026-03-19 01:25:06,738 - Server_DefaultID - WARNING - Global prior extremely imbalanced (max/min=1.0), applied adaptive smoothing lam=0.10.
2026-03-19 01:25:06,739 - Server_DefaultID - INFO - Round [35/200] Summary | Avg Client Train Stats:	Loss [-339.7889]	 Acc [77.56]	NLL [-1149.5744]	 KL [13.8957]	AvgS [494.74]	 ProxLoss [0.0000]
GlobalPriorAlpha (first 10): [5.0, 5.0, 5.0, 5.0, 5.0, 5.0, 5.0, 5.0, 5.0, 5.0]
Round Time: 69.37s
2026-03-19 01:25:06,741 - Server_DefaultID - INFO - --- Global Round 36/200 ---
2026-03-19 01:25:06,742 - Server_DefaultID - INFO - Selected 30 active clients for round 36.
2026-03-19 01:25:06,742 - Server_DefaultID - INFO - Training client 88 (1/30)...
2026-03-19 01:25:08,469 - Server_DefaultID - INFO - Client 88: Acc=59.06, Loss=-344.2308, NLL=-1161.6730, KL=13.9632, AvgS=499.96, ProxLoss=0.0000
2026-03-19 01:25:08,469 - Server_DefaultID - INFO - Training client 62 (2/30)...
2026-03-19 01:25:09,204 - Server_DefaultID - INFO - Client 62: Acc=89.84, Loss=-337.2155, NLL=-1141.6631, KL=13.8813, AvgS=491.31, ProxLoss=0.0000
2026-03-19 01:25:09,205 - Server_DefaultID - INFO - Training client 20 (3/30)...
2026-03-19 01:25:10,983 - Server_DefaultID - INFO - Client 20: Acc=62.34, Loss=-345.5156, NLL=-1161.7107, KL=13.9634, AvgS=499.97, ProxLoss=0.0000
2026-03-19 01:25:10,983 - Server_DefaultID - INFO - Training client 36 (4/30)...
2026-03-19 01:25:16,969 - Server_DefaultID - INFO - Client 36: Acc=90.16, Loss=-342.2070, NLL=-1161.7578, KL=13.9636, AvgS=499.99, ProxLoss=0.0000
2026-03-19 01:25:16,970 - Server_DefaultID - INFO - Training client 98 (5/30)...
2026-03-19 01:25:17,953 - Server_DefaultID - INFO - Client 98: Acc=79.90, Loss=-341.8612, NLL=-1161.7143, KL=13.9634, AvgS=499.98, ProxLoss=0.0000
2026-03-19 01:25:17,953 - Server_DefaultID - INFO - Training client 4 (6/30)...
2026-03-19 01:25:19,672 - Server_DefaultID - INFO - Client 4: Acc=67.55, Loss=-344.9356, NLL=-1161.7530, KL=13.9636, AvgS=499.99, ProxLoss=0.0000
2026-03-19 01:25:19,672 - Server_DefaultID - INFO - Training client 32 (7/30)...
2026-03-19 01:25:21,481 - Server_DefaultID - INFO - Client 32: Acc=78.44, Loss=-343.9781, NLL=-1161.7129, KL=13.9634, AvgS=499.98, ProxLoss=0.0000
2026-03-19 01:25:21,481 - Server_DefaultID - INFO - Training client 10 (8/30)...
2026-03-19 01:25:22,737 - Server_DefaultID - INFO - Client 10: Acc=41.56, Loss=-344.7298, NLL=-1161.6513, KL=13.9631, AvgS=499.95, ProxLoss=0.0000
2026-03-19 01:25:22,737 - Server_DefaultID - INFO - Training client 80 (9/30)...
2026-03-19 01:25:23,205 - Server_DefaultID - INFO - Client 80: Acc=59.69, Loss=-247.4578, NLL=-839.6152, KL=12.4775, AvgS=360.84, ProxLoss=0.0000
2026-03-19 01:25:23,205 - Server_DefaultID - INFO - Training client 43 (10/30)...
2026-03-19 01:25:26,292 - Server_DefaultID - INFO - Client 43: Acc=80.71, Loss=-343.1634, NLL=-1161.7537, KL=13.9636, AvgS=499.99, ProxLoss=0.0000
2026-03-19 01:25:26,292 - Server_DefaultID - INFO - Training client 40 (11/30)...
2026-03-19 01:25:28,072 - Server_DefaultID - INFO - Client 40: Acc=63.85, Loss=-344.8078, NLL=-1161.6617, KL=13.9632, AvgS=499.95, ProxLoss=0.0000
2026-03-19 01:25:28,072 - Server_DefaultID - INFO - Training client 17 (12/30)...
2026-03-19 01:25:28,726 - Server_DefaultID - INFO - Client 17: Acc=80.47, Loss=-343.7857, NLL=-1160.0708, KL=13.9564, AvgS=499.27, ProxLoss=0.0000
2026-03-19 01:25:28,726 - Server_DefaultID - INFO - Training client 99 (13/30)...
2026-03-19 01:25:29,240 - Server_DefaultID - INFO - Client 99: Acc=35.31, Loss=-201.0498, NLL=-680.2298, KL=11.4727, AvgS=292.04, ProxLoss=0.0000
2026-03-19 01:25:29,240 - Server_DefaultID - INFO - Training client 65 (14/30)...
2026-03-19 01:25:29,688 - Server_DefaultID - INFO - Client 65: Acc=61.56, Loss=-134.3411, NLL=-459.5108, KL=9.7864, AvgS=197.00, ProxLoss=0.0000
2026-03-19 01:25:29,688 - Server_DefaultID - INFO - Training client 78 (15/30)...
2026-03-19 01:25:37,730 - Server_DefaultID - INFO - Client 78: Acc=92.11, Loss=-343.3185, NLL=-1161.7498, KL=13.9635, AvgS=499.99, ProxLoss=0.0000
2026-03-19 01:25:37,730 - Server_DefaultID - INFO - Training client 90 (16/30)...
2026-03-19 01:25:40,358 - Client_90 - WARNING - Client 90: Too few classes (1) or samples (592) for alpha report, returning uniform.
2026-03-19 01:25:40,358 - Server_DefaultID - INFO - Client 90: Acc=100.00, Loss=-340.8242, NLL=-1161.7140, KL=13.9634, AvgS=499.98, ProxLoss=0.0000
2026-03-19 01:25:40,358 - Server_DefaultID - INFO - Training client 22 (17/30)...
2026-03-19 01:25:41,098 - Server_DefaultID - INFO - Client 22: Acc=64.06, Loss=-323.7631, NLL=-1099.3742, KL=13.6982, AvgS=473.03, ProxLoss=0.0000
2026-03-19 01:25:41,099 - Server_DefaultID - INFO - Training client 69 (18/30)...
2026-03-19 01:25:41,868 - Server_DefaultID - INFO - Client 69: Acc=58.12, Loss=-343.6900, NLL=-1159.9184, KL=13.9563, AvgS=499.20, ProxLoss=0.0000
2026-03-19 01:25:41,868 - Server_DefaultID - INFO - Training client 85 (19/30)...
2026-03-19 01:25:45,447 - Server_DefaultID - INFO - Client 85: Acc=99.74, Loss=-341.0786, NLL=-1161.7664, KL=13.9636, AvgS=500.00, ProxLoss=0.0000
2026-03-19 01:25:45,447 - Server_DefaultID - INFO - Training client 83 (20/30)...
2026-03-19 01:25:49,558 - Server_DefaultID - INFO - Client 83: Acc=99.75, Loss=-341.0507, NLL=-1161.7439, KL=13.9635, AvgS=499.99, ProxLoss=0.0000
2026-03-19 01:25:49,558 - Server_DefaultID - INFO - Training client 35 (21/30)...
2026-03-19 01:25:50,563 - Server_DefaultID - INFO - Client 35: Acc=63.54, Loss=-344.4242, NLL=-1161.6891, KL=13.9633, AvgS=499.97, ProxLoss=0.0000
2026-03-19 01:25:50,563 - Server_DefaultID - INFO - Training client 89 (22/30)...
2026-03-19 01:25:54,754 - Server_DefaultID - INFO - Client 89: Acc=98.53, Loss=-341.8108, NLL=-1161.7490, KL=13.9635, AvgS=499.99, ProxLoss=0.0000
2026-03-19 01:25:54,754 - Server_DefaultID - INFO - Training client 75 (23/30)...
2026-03-19 01:25:56,931 - Server_DefaultID - INFO - Client 75: Acc=90.00, Loss=-342.3248, NLL=-1161.6836, KL=13.9633, AvgS=499.96, ProxLoss=0.0000
2026-03-19 01:25:56,931 - Server_DefaultID - INFO - Training client 56 (24/30)...
2026-03-19 01:25:59,074 - Server_DefaultID - INFO - Client 56: Acc=84.61, Loss=-342.8067, NLL=-1160.8731, KL=13.9601, AvgS=499.61, ProxLoss=0.0000
2026-03-19 01:25:59,074 - Server_DefaultID - INFO - Training client 3 (25/30)...
2026-03-19 01:26:00,840 - Server_DefaultID - INFO - Client 3: Acc=66.41, Loss=-345.1189, NLL=-1161.7409, KL=13.9635, AvgS=499.99, ProxLoss=0.0000
2026-03-19 01:26:00,841 - Server_DefaultID - INFO - Training client 55 (26/30)...
2026-03-19 01:26:08,481 - Server_DefaultID - INFO - Client 55: Acc=84.98, Loss=-343.9835, NLL=-1161.7324, KL=13.9635, AvgS=499.98, ProxLoss=0.0000
2026-03-19 01:26:08,482 - Server_DefaultID - INFO - Training client 29 (27/30)...
2026-03-19 01:26:09,678 - Server_DefaultID - INFO - Client 29: Acc=81.25, Loss=-342.8707, NLL=-1161.4036, KL=13.9622, AvgS=499.84, ProxLoss=0.0000
2026-03-19 01:26:09,678 - Server_DefaultID - INFO - Training client 58 (28/30)...
2026-03-19 01:26:11,664 - Server_DefaultID - INFO - Client 58: Acc=77.54, Loss=-341.9686, NLL=-1161.5779, KL=13.9629, AvgS=499.92, ProxLoss=0.0000
2026-03-19 01:26:11,664 - Server_DefaultID - INFO - Training client 12 (29/30)...
2026-03-19 01:26:13,209 - Server_DefaultID - INFO - Client 12: Acc=72.44, Loss=-345.0640, NLL=-1161.7303, KL=13.9635, AvgS=499.98, ProxLoss=0.0000
2026-03-19 01:26:13,209 - Server_DefaultID - INFO - Training client 28 (30/30)...
2026-03-19 01:26:13,705 - Server_DefaultID - INFO - Client 28: Acc=49.69, Loss=-220.1795, NLL=-752.8901, KL=11.9479, AvgS=323.35, ProxLoss=0.0000
2026-03-19 01:26:13,992 - Server_DefaultID - WARNING - Global prior extremely imbalanced (max/min=1.0), applied adaptive smoothing lam=0.10.
2026-03-19 01:26:13,992 - Server_DefaultID - INFO - Round [36/200] Summary | Avg Client Train Stats:	Loss [-339.3958]	 Acc [82.99]	NLL [-1149.3381]	 KL [13.8999]	AvgS [494.63]	 ProxLoss [0.0000]
GlobalPriorAlpha (first 10): [5.0, 5.0, 5.0, 5.0, 5.0, 5.0, 5.0, 5.0, 5.0, 5.0]
Round Time: 67.25s
2026-03-19 01:26:13,995 - Server_DefaultID - INFO - --- Global Round 37/200 ---
2026-03-19 01:26:13,995 - Server_DefaultID - INFO - Selected 30 active clients for round 37.
2026-03-19 01:26:13,995 - Server_DefaultID - INFO - Training client 92 (1/30)...
2026-03-19 01:26:15,200 - Server_DefaultID - INFO - Client 92: Acc=95.23, Loss=-343.2272, NLL=-1161.7303, KL=13.9635, AvgS=499.98, ProxLoss=0.0000
2026-03-19 01:26:15,200 - Server_DefaultID - INFO - Training client 85 (2/30)...
2026-03-19 01:26:18,553 - Server_DefaultID - INFO - Client 85: Acc=99.77, Loss=-340.9808, NLL=-1161.7559, KL=13.9636, AvgS=499.99, ProxLoss=0.0000
2026-03-19 01:26:18,553 - Server_DefaultID - INFO - Training client 32 (3/30)...
2026-03-19 01:26:20,303 - Server_DefaultID - INFO - Client 32: Acc=79.11, Loss=-343.7429, NLL=-1161.5234, KL=13.9627, AvgS=499.89, ProxLoss=0.0000
2026-03-19 01:26:20,303 - Server_DefaultID - INFO - Training client 83 (4/30)...
2026-03-19 01:26:23,796 - Client_83 - WARNING - Client 83: Too few classes (1) or samples (694) for alpha report, returning uniform.
2026-03-19 01:26:23,796 - Server_DefaultID - INFO - Client 83: Acc=99.69, Loss=-341.0394, NLL=-1161.7145, KL=13.9634, AvgS=499.98, ProxLoss=0.0000
2026-03-19 01:26:23,796 - Server_DefaultID - INFO - Training client 46 (5/30)...
2026-03-19 01:26:25,963 - Server_DefaultID - INFO - Client 46: Acc=86.80, Loss=-343.2801, NLL=-1161.7532, KL=13.9636, AvgS=499.99, ProxLoss=0.0000
2026-03-19 01:26:25,963 - Server_DefaultID - INFO - Training client 15 (6/30)...
2026-03-19 01:26:26,674 - Server_DefaultID - INFO - Client 15: Acc=66.09, Loss=-343.4824, NLL=-1161.5734, KL=13.9629, AvgS=499.92, ProxLoss=0.0000
2026-03-19 01:26:26,674 - Server_DefaultID - INFO - Training client 25 (7/30)...
2026-03-19 01:26:27,440 - Server_DefaultID - INFO - Client 25: Acc=95.47, Loss=-343.0901, NLL=-1161.3945, KL=13.9622, AvgS=499.84, ProxLoss=0.0000
2026-03-19 01:26:27,441 - Server_DefaultID - INFO - Training client 59 (8/30)...
2026-03-19 01:26:29,906 - Server_DefaultID - INFO - Client 59: Acc=72.95, Loss=-343.3052, NLL=-1161.6986, KL=13.9633, AvgS=499.97, ProxLoss=0.0000
2026-03-19 01:26:29,906 - Server_DefaultID - INFO - Training client 68 (9/30)...
2026-03-19 01:26:32,264 - Server_DefaultID - INFO - Client 68: Acc=77.15, Loss=-341.8842, NLL=-1161.6672, KL=13.9632, AvgS=499.96, ProxLoss=0.0000
2026-03-19 01:26:32,264 - Server_DefaultID - INFO - Training client 89 (10/30)...
2026-03-19 01:26:35,851 - Server_DefaultID - INFO - Client 89: Acc=98.53, Loss=-341.7747, NLL=-1161.7699, KL=13.9636, AvgS=500.00, ProxLoss=0.0000
2026-03-19 01:26:35,851 - Server_DefaultID - INFO - Training client 7 (11/30)...
2026-03-19 01:26:37,529 - Server_DefaultID - INFO - Client 7: Acc=49.17, Loss=-343.4131, NLL=-1161.7366, KL=13.9635, AvgS=499.99, ProxLoss=0.0000
2026-03-19 01:26:37,530 - Server_DefaultID - INFO - Training client 41 (12/30)...
2026-03-19 01:26:39,789 - Server_DefaultID - INFO - Client 41: Acc=71.21, Loss=-342.5724, NLL=-1161.7607, KL=13.9636, AvgS=500.00, ProxLoss=0.0000
2026-03-19 01:26:39,789 - Server_DefaultID - INFO - Training client 1 (13/30)...
2026-03-19 01:26:40,474 - Server_DefaultID - INFO - Client 1: Acc=49.84, Loss=-343.5678, NLL=-1161.2275, KL=13.9615, AvgS=499.77, ProxLoss=0.0000
2026-03-19 01:26:40,474 - Server_DefaultID - INFO - Training client 66 (14/30)...
2026-03-19 01:26:42,434 - Server_DefaultID - INFO - Client 66: Acc=88.08, Loss=-342.8287, NLL=-1161.6183, KL=13.9630, AvgS=499.93, ProxLoss=0.0000
2026-03-19 01:26:42,434 - Server_DefaultID - INFO - Training client 39 (15/30)...
2026-03-19 01:26:46,565 - Server_DefaultID - INFO - Client 39: Acc=75.62, Loss=-343.3916, NLL=-1161.7145, KL=13.9634, AvgS=499.98, ProxLoss=0.0000
2026-03-19 01:26:46,565 - Server_DefaultID - INFO - Training client 90 (16/30)...
2026-03-19 01:26:49,212 - Client_90 - WARNING - Client 90: Too few classes (1) or samples (592) for alpha report, returning uniform.
2026-03-19 01:26:49,212 - Server_DefaultID - INFO - Client 90: Acc=100.00, Loss=-340.7796, NLL=-1161.7026, KL=13.9634, AvgS=499.97, ProxLoss=0.0000
2026-03-19 01:26:49,212 - Server_DefaultID - INFO - Training client 13 (17/30)...
2026-03-19 01:26:49,702 - Server_DefaultID - INFO - Client 13: Acc=58.12, Loss=-342.4753, NLL=-1160.4881, KL=13.9584, AvgS=499.45, ProxLoss=0.0000
2026-03-19 01:26:49,702 - Server_DefaultID - INFO - Training client 77 (18/30)...
2026-03-19 01:26:53,881 - Server_DefaultID - INFO - Client 77: Acc=90.54, Loss=-343.0790, NLL=-1161.7374, KL=13.9635, AvgS=499.99, ProxLoss=0.0000
2026-03-19 01:26:53,881 - Server_DefaultID - INFO - Training client 73 (19/30)...
2026-03-19 01:26:58,513 - Server_DefaultID - INFO - Client 73: Acc=84.01, Loss=-342.5138, NLL=-1161.7493, KL=13.9635, AvgS=499.99, ProxLoss=0.0000
2026-03-19 01:26:58,513 - Server_DefaultID - INFO - Training client 12 (20/30)...
2026-03-19 01:26:59,935 - Server_DefaultID - INFO - Client 12: Acc=74.94, Loss=-345.0004, NLL=-1161.7609, KL=13.9636, AvgS=500.00, ProxLoss=0.0000
2026-03-19 01:26:59,936 - Server_DefaultID - INFO - Training client 2 (21/30)...
2026-03-19 01:27:02,604 - Server_DefaultID - INFO - Client 2: Acc=79.69, Loss=-343.2952, NLL=-1161.7438, KL=13.9635, AvgS=499.99, ProxLoss=0.0000
2026-03-19 01:27:02,604 - Server_DefaultID - INFO - Training client 76 (22/30)...
2026-03-19 01:27:04,764 - Server_DefaultID - INFO - Client 76: Acc=69.30, Loss=-344.9910, NLL=-1161.7377, KL=13.9635, AvgS=499.99, ProxLoss=0.0000
2026-03-19 01:27:04,764 - Server_DefaultID - INFO - Training client 16 (23/30)...
2026-03-19 01:27:05,444 - Server_DefaultID - INFO - Client 16: Acc=62.34, Loss=-342.7915, NLL=-1161.2271, KL=13.9614, AvgS=499.77, ProxLoss=0.0000
2026-03-19 01:27:05,444 - Server_DefaultID - INFO - Training client 24 (24/30)...
2026-03-19 01:27:05,902 - Server_DefaultID - INFO - Client 24: Acc=52.81, Loss=-157.0188, NLL=-533.3280, KL=10.4134, AvgS=228.77, ProxLoss=0.0000
2026-03-19 01:27:05,905 - Server_DefaultID - INFO - Training client 10 (25/30)...
2026-03-19 01:27:07,132 - Server_DefaultID - INFO - Client 10: Acc=48.52, Loss=-344.7954, NLL=-1161.7659, KL=13.9636, AvgS=500.00, ProxLoss=0.0000
2026-03-19 01:27:07,132 - Server_DefaultID - INFO - Training client 40 (26/30)...
2026-03-19 01:27:08,683 - Server_DefaultID - INFO - Client 40: Acc=63.65, Loss=-344.8021, NLL=-1161.6852, KL=13.9633, AvgS=499.96, ProxLoss=0.0000
2026-03-19 01:27:08,683 - Server_DefaultID - INFO - Training client 57 (27/30)...
2026-03-19 01:27:13,309 - Server_DefaultID - INFO - Client 57: Acc=94.30, Loss=-342.9899, NLL=-1161.7627, KL=13.9636, AvgS=500.00, ProxLoss=0.0000
2026-03-19 01:27:13,309 - Server_DefaultID - INFO - Training client 78 (28/30)...
2026-03-19 01:27:21,588 - Server_DefaultID - INFO - Client 78: Acc=92.77, Loss=-343.3275, NLL=-1161.7640, KL=13.9636, AvgS=500.00, ProxLoss=0.0000
2026-03-19 01:27:21,588 - Server_DefaultID - INFO - Training client 63 (29/30)...
2026-03-19 01:27:23,046 - Server_DefaultID - INFO - Client 63: Acc=66.38, Loss=-343.3045, NLL=-1161.3929, KL=13.9621, AvgS=499.84, ProxLoss=0.0000
2026-03-19 01:27:23,046 - Server_DefaultID - INFO - Training client 21 (30/30)...
2026-03-19 01:27:25,304 - Server_DefaultID - INFO - Client 21: Acc=55.31, Loss=-344.8399, NLL=-1161.7433, KL=13.9635, AvgS=499.99, ProxLoss=0.0000
2026-03-19 01:27:25,637 - Server_DefaultID - WARNING - Global prior extremely imbalanced (max/min=1.0), applied adaptive smoothing lam=0.10.
2026-03-19 01:27:25,637 - Server_DefaultID - INFO - Round [37/200] Summary | Avg Client Train Stats:	Loss [-341.9135]	 Acc [82.51]	NLL [-1158.1144]	 KL [13.9431]	AvgS [498.42]	 ProxLoss [0.0000]
GlobalPriorAlpha (first 10): [5.0, 5.0, 5.0, 5.0, 5.0, 5.0, 5.0, 5.0, 5.0, 5.0]
Round Time: 71.64s
2026-03-19 01:27:25,640 - Server_DefaultID - INFO - --- Global Round 38/200 ---
2026-03-19 01:27:25,640 - Server_DefaultID - INFO - Selected 30 active clients for round 38.
2026-03-19 01:27:25,641 - Server_DefaultID - INFO - Training client 51 (1/30)...
2026-03-19 01:27:26,406 - Server_DefaultID - INFO - Client 51: Acc=43.75, Loss=-344.7675, NLL=-1161.1573, KL=13.9613, AvgS=499.74, ProxLoss=0.0000
2026-03-19 01:27:26,406 - Server_DefaultID - INFO - Training client 43 (2/30)...
2026-03-19 01:27:29,583 - Server_DefaultID - INFO - Client 43: Acc=80.51, Loss=-343.0533, NLL=-1161.7169, KL=13.9634, AvgS=499.98, ProxLoss=0.0000
2026-03-19 01:27:29,583 - Server_DefaultID - INFO - Training client 74 (3/30)...
2026-03-19 01:27:30,854 - Server_DefaultID - INFO - Client 74: Acc=62.81, Loss=-343.2220, NLL=-1161.3474, KL=13.9620, AvgS=499.82, ProxLoss=0.0000
2026-03-19 01:27:30,854 - Server_DefaultID - INFO - Training client 88 (4/30)...
2026-03-19 01:27:32,806 - Server_DefaultID - INFO - Client 88: Acc=58.33, Loss=-343.9761, NLL=-1161.6055, KL=13.9630, AvgS=499.93, ProxLoss=0.0000
2026-03-19 01:27:32,806 - Server_DefaultID - INFO - Training client 38 (5/30)...
2026-03-19 01:27:33,549 - Server_DefaultID - INFO - Client 38: Acc=48.75, Loss=-345.1989, NLL=-1161.2476, KL=13.9616, AvgS=499.77, ProxLoss=0.0000
2026-03-19 01:27:33,549 - Server_DefaultID - INFO - Training client 87 (6/30)...
2026-03-19 01:27:35,586 - Server_DefaultID - INFO - Client 87: Acc=51.29, Loss=-345.0838, NLL=-1161.7259, KL=13.9635, AvgS=499.98, ProxLoss=0.0000
2026-03-19 01:27:35,586 - Server_DefaultID - INFO - Training client 72 (7/30)...
2026-03-19 01:27:36,925 - Server_DefaultID - INFO - Client 72: Acc=95.39, Loss=-342.4148, NLL=-1161.5590, KL=13.9627, AvgS=499.91, ProxLoss=0.0000
2026-03-19 01:27:36,925 - Server_DefaultID - INFO - Training client 75 (8/30)...
2026-03-19 01:27:39,347 - Server_DefaultID - INFO - Client 75: Acc=89.84, Loss=-342.2817, NLL=-1161.7453, KL=13.9635, AvgS=499.99, ProxLoss=0.0000
2026-03-19 01:27:39,348 - Server_DefaultID - INFO - Training client 39 (9/30)...
2026-03-19 01:27:43,024 - Server_DefaultID - INFO - Client 39: Acc=77.06, Loss=-343.3855, NLL=-1161.7500, KL=13.9635, AvgS=499.99, ProxLoss=0.0000
2026-03-19 01:27:43,024 - Server_DefaultID - INFO - Training client 15 (10/30)...
2026-03-19 01:27:43,641 - Server_DefaultID - INFO - Client 15: Acc=64.06, Loss=-343.5237, NLL=-1161.7069, KL=13.9634, AvgS=499.97, ProxLoss=0.0000
2026-03-19 01:27:43,641 - Server_DefaultID - INFO - Training client 30 (11/30)...
2026-03-19 01:27:45,722 - Server_DefaultID - INFO - Client 30: Acc=85.90, Loss=-341.9336, NLL=-1161.7394, KL=13.9635, AvgS=499.99, ProxLoss=0.0000
2026-03-19 01:27:45,722 - Server_DefaultID - INFO - Training client 44 (12/30)...
2026-03-19 01:27:47,914 - Server_DefaultID - INFO - Client 44: Acc=88.16, Loss=-343.0165, NLL=-1161.7068, KL=13.9634, AvgS=499.97, ProxLoss=0.0000
2026-03-19 01:27:47,915 - Server_DefaultID - INFO - Training client 57 (13/30)...
2026-03-19 01:27:51,991 - Server_DefaultID - INFO - Client 57: Acc=94.76, Loss=-342.9453, NLL=-1161.7573, KL=13.9636, AvgS=499.99, ProxLoss=0.0000
2026-03-19 01:27:51,991 - Server_DefaultID - INFO - Training client 27 (14/30)...
2026-03-19 01:27:52,809 - Server_DefaultID - INFO - Client 27: Acc=63.23, Loss=-344.3583, NLL=-1161.7286, KL=13.9635, AvgS=499.98, ProxLoss=0.0000
2026-03-19 01:27:52,810 - Server_DefaultID - INFO - Training client 94 (15/30)...
2026-03-19 01:27:55,523 - Server_DefaultID - INFO - Client 94: Acc=70.48, Loss=-343.1586, NLL=-1161.7323, KL=13.9635, AvgS=499.98, ProxLoss=0.0000
2026-03-19 01:27:55,523 - Server_DefaultID - INFO - Training client 97 (16/30)...
2026-03-19 01:28:01,266 - Server_DefaultID - INFO - Client 97: Acc=99.56, Loss=-341.1408, NLL=-1161.7667, KL=13.9636, AvgS=500.00, ProxLoss=0.0000
2026-03-19 01:28:01,266 - Server_DefaultID - INFO - Training client 41 (17/30)...
2026-03-19 01:28:03,975 - Server_DefaultID - INFO - Client 41: Acc=75.31, Loss=-342.6025, NLL=-1161.7186, KL=13.9634, AvgS=499.98, ProxLoss=0.0000
2026-03-19 01:28:03,975 - Server_DefaultID - INFO - Training client 18 (18/30)...
2026-03-19 01:28:07,559 - Server_DefaultID - INFO - Client 18: Acc=85.92, Loss=-343.5373, NLL=-1161.7017, KL=13.9634, AvgS=499.97, ProxLoss=0.0000
2026-03-19 01:28:07,559 - Server_DefaultID - INFO - Training client 22 (19/30)...
2026-03-19 01:28:08,144 - Server_DefaultID - INFO - Client 22: Acc=91.72, Loss=-337.2430, NLL=-1142.8940, KL=13.8857, AvgS=491.85, ProxLoss=0.0000
2026-03-19 01:28:08,144 - Server_DefaultID - INFO - Training client 81 (20/30)...
2026-03-19 01:28:09,820 - Server_DefaultID - INFO - Client 81: Acc=75.54, Loss=-343.1142, NLL=-1161.5508, KL=13.9627, AvgS=499.91, ProxLoss=0.0000
2026-03-19 01:28:09,821 - Server_DefaultID - INFO - Training client 62 (21/30)...
2026-03-19 01:28:10,337 - Server_DefaultID - INFO - Client 62: Acc=89.06, Loss=-342.4546, NLL=-1157.9054, KL=13.9482, AvgS=498.33, ProxLoss=0.0000
2026-03-19 01:28:10,337 - Server_DefaultID - INFO - Training client 86 (22/30)...
2026-03-19 01:28:11,594 - Server_DefaultID - INFO - Client 86: Acc=74.75, Loss=-343.2476, NLL=-1161.4925, KL=13.9625, AvgS=499.88, ProxLoss=0.0000
2026-03-19 01:28:11,594 - Server_DefaultID - INFO - Training client 6 (23/30)...
2026-03-19 01:28:12,400 - Server_DefaultID - INFO - Client 6: Acc=74.27, Loss=-343.1404, NLL=-1161.7409, KL=13.9635, AvgS=499.99, ProxLoss=0.0000
2026-03-19 01:28:12,400 - Server_DefaultID - INFO - Training client 42 (24/30)...
2026-03-19 01:28:13,958 - Server_DefaultID - INFO - Client 42: Acc=90.83, Loss=-343.1560, NLL=-1161.6382, KL=13.9631, AvgS=499.94, ProxLoss=0.0000
2026-03-19 01:28:13,958 - Server_DefaultID - INFO - Training client 80 (25/30)...
2026-03-19 01:28:14,348 - Server_DefaultID - INFO - Client 80: Acc=64.38, Loss=-273.5775, NLL=-928.4535, KL=12.9410, AvgS=399.22, ProxLoss=0.0000
2026-03-19 01:28:14,348 - Server_DefaultID - INFO - Training client 98 (26/30)...
2026-03-19 01:28:15,192 - Server_DefaultID - INFO - Client 98: Acc=73.12, Loss=-341.7972, NLL=-1161.6632, KL=13.9632, AvgS=499.95, ProxLoss=0.0000
2026-03-19 01:28:15,192 - Server_DefaultID - INFO - Training client 5 (27/30)...
2026-03-19 01:28:15,624 - Server_DefaultID - INFO - Client 5: Acc=73.12, Loss=-344.0767, NLL=-1159.4744, KL=13.9547, AvgS=499.01, ProxLoss=0.0000
2026-03-19 01:28:15,624 - Server_DefaultID - INFO - Training client 55 (28/30)...
2026-03-19 01:28:21,702 - Server_DefaultID - INFO - Client 55: Acc=85.10, Loss=-343.8836, NLL=-1161.7443, KL=13.9635, AvgS=499.99, ProxLoss=0.0000
2026-03-19 01:28:21,702 - Server_DefaultID - INFO - Training client 37 (29/30)...
2026-03-19 01:28:22,689 - Server_DefaultID - INFO - Client 37: Acc=77.50, Loss=-344.2501, NLL=-1161.2677, KL=13.9617, AvgS=499.78, ProxLoss=0.0000
2026-03-19 01:28:22,689 - Server_DefaultID - INFO - Training client 13 (30/30)...
2026-03-19 01:28:23,080 - Server_DefaultID - INFO - Client 13: Acc=55.94, Loss=-342.0007, NLL=-1161.3755, KL=13.9621, AvgS=499.83, ProxLoss=0.0000
2026-03-19 01:28:23,190 - Server_DefaultID - WARNING - Global prior extremely imbalanced (max/min=1.0), applied adaptive smoothing lam=0.10.
2026-03-19 01:28:23,191 - Server_DefaultID - INFO - Round [38/200] Summary | Avg Client Train Stats:	Loss [-342.5208]	 Acc [81.44]	NLL [-1159.8038]	 KL [13.9551]	AvgS [499.15]	 ProxLoss [0.0000]
GlobalPriorAlpha (first 10): [5.0, 5.0, 5.0, 5.0, 5.0, 5.0, 5.0, 5.0, 5.0, 5.0]
Round Time: 57.55s
2026-03-19 01:28:23,193 - Server_DefaultID - INFO - --- Global Round 39/200 ---
2026-03-19 01:28:23,193 - Server_DefaultID - INFO - Selected 30 active clients for round 39.
2026-03-19 01:28:23,193 - Server_DefaultID - INFO - Training client 55 (1/30)...
2026-03-19 01:28:29,466 - Server_DefaultID - INFO - Client 55: Acc=84.93, Loss=-343.8865, NLL=-1161.7490, KL=13.9635, AvgS=499.99, ProxLoss=0.0000
2026-03-19 01:28:29,466 - Server_DefaultID - INFO - Training client 1 (2/30)...
2026-03-19 01:28:30,157 - Server_DefaultID - INFO - Client 1: Acc=52.97, Loss=-343.7338, NLL=-1161.7699, KL=13.9636, AvgS=500.00, ProxLoss=0.0000
2026-03-19 01:28:30,157 - Server_DefaultID - INFO - Training client 58 (3/30)...
2026-03-19 01:28:31,835 - Server_DefaultID - INFO - Client 58: Acc=77.37, Loss=-341.8343, NLL=-1161.6279, KL=13.9631, AvgS=499.94, ProxLoss=0.0000
2026-03-19 01:28:31,835 - Server_DefaultID - INFO - Training client 68 (4/30)...
2026-03-19 01:28:33,878 - Server_DefaultID - INFO - Client 68: Acc=77.36, Loss=-341.8416, NLL=-1161.7585, KL=13.9636, AvgS=500.00, ProxLoss=0.0000
2026-03-19 01:28:33,878 - Server_DefaultID - INFO - Training client 94 (5/30)...
2026-03-19 01:28:36,332 - Server_DefaultID - INFO - Client 94: Acc=71.65, Loss=-343.0891, NLL=-1161.6527, KL=13.9632, AvgS=499.95, ProxLoss=0.0000
2026-03-19 01:28:36,332 - Server_DefaultID - INFO - Training client 75 (6/30)...
2026-03-19 01:28:38,114 - Server_DefaultID - INFO - Client 75: Acc=88.59, Loss=-342.1680, NLL=-1161.7621, KL=13.9636, AvgS=500.00, ProxLoss=0.0000
2026-03-19 01:28:38,114 - Server_DefaultID - INFO - Training client 42 (7/30)...
2026-03-19 01:28:39,470 - Server_DefaultID - INFO - Client 42: Acc=90.62, Loss=-343.3001, NLL=-1161.7235, KL=13.9634, AvgS=499.98, ProxLoss=0.0000
2026-03-19 01:28:39,470 - Server_DefaultID - INFO - Training client 64 (8/30)...
2026-03-19 01:28:39,766 - Server_DefaultID - INFO - Client 64: Acc=65.00, Loss=-270.9682, NLL=-920.9763, KL=12.8893, AvgS=396.00, ProxLoss=0.0000
2026-03-19 01:28:39,766 - Server_DefaultID - INFO - Training client 7 (9/30)...
2026-03-19 01:28:41,084 - Server_DefaultID - INFO - Client 7: Acc=48.96, Loss=-343.3778, NLL=-1161.7482, KL=13.9635, AvgS=499.99, ProxLoss=0.0000
2026-03-19 01:28:41,084 - Server_DefaultID - INFO - Training client 36 (10/30)...
2026-03-19 01:28:45,836 - Server_DefaultID - INFO - Client 36: Acc=90.01, Loss=-342.0770, NLL=-1161.7633, KL=13.9636, AvgS=500.00, ProxLoss=0.0000
2026-03-19 01:28:45,837 - Server_DefaultID - INFO - Training client 71 (11/30)...
2026-03-19 01:28:46,403 - Server_DefaultID - INFO - Client 71: Acc=66.72, Loss=-342.4008, NLL=-1156.4886, KL=13.9425, AvgS=497.72, ProxLoss=0.0000
2026-03-19 01:28:46,403 - Server_DefaultID - INFO - Training client 84 (12/30)...
2026-03-19 01:28:46,766 - Server_DefaultID - INFO - Client 84: Acc=52.83, Loss=-132.1450, NLL=-456.4823, KL=9.7117, AvgS=195.63, ProxLoss=0.0000
2026-03-19 01:28:46,766 - Server_DefaultID - INFO - Training client 60 (13/30)...
2026-03-19 01:28:47,711 - Server_DefaultID - INFO - Client 60: Acc=58.02, Loss=-342.2025, NLL=-1161.1326, KL=13.9610, AvgS=499.73, ProxLoss=0.0000
2026-03-19 01:28:47,712 - Server_DefaultID - INFO - Training client 45 (14/30)...
2026-03-19 01:28:49,389 - Server_DefaultID - INFO - Client 45: Acc=62.11, Loss=-342.9719, NLL=-1161.7346, KL=13.9635, AvgS=499.98, ProxLoss=0.0000
2026-03-19 01:28:49,389 - Server_DefaultID - INFO - Training client 49 (15/30)...
2026-03-19 01:28:50,893 - Server_DefaultID - INFO - Client 49: Acc=80.09, Loss=-343.0364, NLL=-1161.7621, KL=13.9636, AvgS=500.00, ProxLoss=0.0000
2026-03-19 01:28:50,893 - Server_DefaultID - INFO - Training client 40 (16/30)...
2026-03-19 01:28:52,393 - Server_DefaultID - INFO - Client 40: Acc=65.26, Loss=-344.7731, NLL=-1161.5896, KL=13.9629, AvgS=499.92, ProxLoss=0.0000
2026-03-19 01:28:52,393 - Server_DefaultID - INFO - Training client 11 (17/30)...
2026-03-19 01:28:53,801 - Server_DefaultID - INFO - Client 11: Acc=86.67, Loss=-343.4687, NLL=-1161.7250, KL=13.9635, AvgS=499.98, ProxLoss=0.0000
2026-03-19 01:28:53,801 - Server_DefaultID - INFO - Training client 15 (18/30)...
2026-03-19 01:28:54,425 - Server_DefaultID - INFO - Client 15: Acc=64.69, Loss=-343.6988, NLL=-1161.4898, KL=13.9626, AvgS=499.88, ProxLoss=0.0000
2026-03-19 01:28:54,425 - Server_DefaultID - INFO - Training client 65 (19/30)...
2026-03-19 01:28:54,830 - Server_DefaultID - INFO - Client 65: Acc=54.38, Loss=-152.1209, NLL=-519.8889, KL=10.3144, AvgS=222.96, ProxLoss=0.0000
2026-03-19 01:28:54,830 - Server_DefaultID - INFO - Training client 21 (20/30)...
2026-03-19 01:28:56,806 - Server_DefaultID - INFO - Client 21: Acc=57.27, Loss=-344.7413, NLL=-1161.7447, KL=13.9635, AvgS=499.99, ProxLoss=0.0000
2026-03-19 01:28:56,806 - Server_DefaultID - INFO - Training client 31 (21/30)...
2026-03-19 01:28:58,969 - Server_DefaultID - INFO - Client 31: Acc=75.83, Loss=-343.0719, NLL=-1161.7466, KL=13.9635, AvgS=499.99, ProxLoss=0.0000
2026-03-19 01:28:58,969 - Server_DefaultID - INFO - Training client 9 (22/30)...
2026-03-19 01:29:00,488 - Server_DefaultID - INFO - Client 9: Acc=97.50, Loss=-341.9635, NLL=-1161.6965, KL=13.9633, AvgS=499.97, ProxLoss=0.0000
2026-03-19 01:29:00,488 - Server_DefaultID - INFO - Training client 13 (23/30)...
2026-03-19 01:29:00,891 - Server_DefaultID - INFO - Client 13: Acc=57.50, Loss=-341.9198, NLL=-1161.3057, KL=13.9618, AvgS=499.80, ProxLoss=0.0000
2026-03-19 01:29:00,891 - Server_DefaultID - INFO - Training client 24 (24/30)...
2026-03-19 01:29:01,299 - Server_DefaultID - INFO - Client 24: Acc=56.56, Loss=-177.8531, NLL=-603.3034, KL=10.9651, AvgS=258.91, ProxLoss=0.0000
2026-03-19 01:29:01,299 - Server_DefaultID - INFO - Training client 92 (25/30)...
2026-03-19 01:29:02,392 - Server_DefaultID - INFO - Client 92: Acc=95.23, Loss=-343.2324, NLL=-1161.7427, KL=13.9635, AvgS=499.99, ProxLoss=0.0000
2026-03-19 01:29:02,393 - Server_DefaultID - INFO - Training client 82 (26/30)...
2026-03-19 01:29:03,680 - Server_DefaultID - INFO - Client 82: Acc=85.62, Loss=-342.8197, NLL=-1161.6478, KL=13.9631, AvgS=499.95, ProxLoss=0.0000
2026-03-19 01:29:03,680 - Server_DefaultID - INFO - Training client 38 (27/30)...
2026-03-19 01:29:04,386 - Server_DefaultID - INFO - Client 38: Acc=53.28, Loss=-345.1827, NLL=-1161.6479, KL=13.9632, AvgS=499.95, ProxLoss=0.0000
2026-03-19 01:29:04,386 - Server_DefaultID - INFO - Training client 76 (28/30)...
2026-03-19 01:29:06,296 - Server_DefaultID - INFO - Client 76: Acc=69.77, Loss=-344.9366, NLL=-1161.6423, KL=13.9631, AvgS=499.95, ProxLoss=0.0000
2026-03-19 01:29:06,296 - Server_DefaultID - INFO - Training client 26 (29/30)...
2026-03-19 01:29:09,844 - Server_DefaultID - INFO - Client 26: Acc=95.64, Loss=-342.3655, NLL=-1161.7330, KL=13.9635, AvgS=499.98, ProxLoss=0.0000
2026-03-19 01:29:09,844 - Server_DefaultID - INFO - Training client 46 (30/30)...
2026-03-19 01:29:11,714 - Server_DefaultID - INFO - Client 46: Acc=85.98, Loss=-343.1861, NLL=-1161.5914, KL=13.9629, AvgS=499.92, ProxLoss=0.0000
2026-03-19 01:29:11,815 - Server_DefaultID - WARNING - Global prior extremely imbalanced (max/min=1.0), applied adaptive smoothing lam=0.10.
2026-03-19 01:29:11,815 - Server_DefaultID - INFO - Round [39/200] Summary | Avg Client Train Stats:	Loss [-339.7627]	 Acc [79.05]	NLL [-1150.5254]	 KL [13.9024]	AvgS [495.15]	 ProxLoss [0.0000]
GlobalPriorAlpha (first 10): [5.0, 5.0, 5.0, 5.0, 5.0, 5.0, 5.0, 5.0, 5.0, 5.0]
Round Time: 48.62s
2026-03-19 01:29:11,818 - Server_DefaultID - INFO - --- Global Round 40/200 ---
2026-03-19 01:29:11,818 - Server_DefaultID - INFO - Selected 30 active clients for round 40.
2026-03-19 01:29:11,818 - Server_DefaultID - INFO - Training client 71 (1/30)...
2026-03-19 01:29:12,424 - Server_DefaultID - INFO - Client 71: Acc=66.41, Loss=-343.9429, NLL=-1160.7437, KL=13.9596, AvgS=499.56, ProxLoss=0.0000
2026-03-19 01:29:12,425 - Server_DefaultID - INFO - Training client 66 (2/30)...
2026-03-19 01:29:13,931 - Server_DefaultID - INFO - Client 66: Acc=88.12, Loss=-342.7285, NLL=-1161.7390, KL=13.9635, AvgS=499.99, ProxLoss=0.0000
2026-03-19 01:29:13,931 - Server_DefaultID - INFO - Training client 81 (3/30)...
2026-03-19 01:29:15,489 - Server_DefaultID - INFO - Client 81: Acc=76.07, Loss=-343.1233, NLL=-1161.7699, KL=13.9636, AvgS=500.00, ProxLoss=0.0000
2026-03-19 01:29:15,489 - Server_DefaultID - INFO - Training client 62 (4/30)...
2026-03-19 01:29:16,001 - Server_DefaultID - INFO - Client 62: Acc=90.47, Loss=-342.9658, NLL=-1160.2532, KL=13.9576, AvgS=499.35, ProxLoss=0.0000
2026-03-19 01:29:16,001 - Server_DefaultID - INFO - Training client 11 (5/30)...
2026-03-19 01:29:17,468 - Server_DefaultID - INFO - Client 11: Acc=89.53, Loss=-343.6524, NLL=-1161.7147, KL=13.9634, AvgS=499.98, ProxLoss=0.0000
2026-03-19 01:29:17,469 - Server_DefaultID - INFO - Training client 55 (6/30)...
2026-03-19 01:29:23,680 - Server_DefaultID - INFO - Client 55: Acc=85.26, Loss=-343.8826, NLL=-1161.7569, KL=13.9636, AvgS=499.99, ProxLoss=0.0000
2026-03-19 01:29:23,680 - Server_DefaultID - INFO - Training client 60 (7/30)...
2026-03-19 01:29:24,469 - Server_DefaultID - INFO - Client 60: Acc=62.81, Loss=-342.2203, NLL=-1161.4908, KL=13.9625, AvgS=499.88, ProxLoss=0.0000
2026-03-19 01:29:24,469 - Server_DefaultID - INFO - Training client 84 (8/30)...
2026-03-19 01:29:24,844 - Server_DefaultID - INFO - Client 84: Acc=58.87, Loss=-151.2895, NLL=-521.2899, KL=10.3048, AvgS=223.51, ProxLoss=0.0000
2026-03-19 01:29:24,844 - Server_DefaultID - INFO - Training client 80 (9/30)...
2026-03-19 01:29:25,263 - Server_DefaultID - INFO - Client 80: Acc=60.94, Loss=-293.9293, NLL=-996.1210, KL=13.2536, AvgS=428.45, ProxLoss=0.0000
2026-03-19 01:29:25,263 - Server_DefaultID - INFO - Training client 9 (10/30)...
2026-03-19 01:29:26,900 - Server_DefaultID - INFO - Client 9: Acc=97.63, Loss=-342.0313, NLL=-1161.7594, KL=13.9636, AvgS=500.00, ProxLoss=0.0000
2026-03-19 01:29:26,900 - Server_DefaultID - INFO - Training client 22 (11/30)...
2026-03-19 01:29:27,566 - Server_DefaultID - INFO - Client 22: Acc=93.44, Loss=-342.5255, NLL=-1159.7706, KL=13.9557, AvgS=499.14, ProxLoss=0.0000
2026-03-19 01:29:27,566 - Server_DefaultID - INFO - Training client 34 (12/30)...
2026-03-19 01:29:28,351 - Server_DefaultID - INFO - Client 34: Acc=68.85, Loss=-343.6162, NLL=-1161.3479, KL=13.9619, AvgS=499.82, ProxLoss=0.0000
2026-03-19 01:29:28,351 - Server_DefaultID - INFO - Training client 99 (13/30)...
2026-03-19 01:29:28,787 - Server_DefaultID - INFO - Client 99: Acc=25.00, Loss=-221.2491, NLL=-748.6408, KL=11.9143, AvgS=321.54, ProxLoss=0.0000
2026-03-19 01:29:28,787 - Server_DefaultID - INFO - Training client 2 (14/30)...
2026-03-19 01:29:30,665 - Server_DefaultID - INFO - Client 2: Acc=79.34, Loss=-343.1065, NLL=-1161.7699, KL=13.9636, AvgS=500.00, ProxLoss=0.0000
2026-03-19 01:29:30,665 - Server_DefaultID - INFO - Training client 78 (15/30)...
2026-03-19 01:29:37,256 - Server_DefaultID - INFO - Client 78: Acc=92.43, Loss=-343.1620, NLL=-1161.7304, KL=13.9635, AvgS=499.98, ProxLoss=0.0000
2026-03-19 01:29:37,256 - Server_DefaultID - INFO - Training client 47 (16/30)...
2026-03-19 01:29:38,847 - Server_DefaultID - INFO - Client 47: Acc=52.19, Loss=-344.5346, NLL=-1161.6349, KL=13.9631, AvgS=499.94, ProxLoss=0.0000
2026-03-19 01:29:38,847 - Server_DefaultID - INFO - Training client 18 (17/30)...
2026-03-19 01:29:42,933 - Server_DefaultID - INFO - Client 18: Acc=86.98, Loss=-343.5295, NLL=-1161.7623, KL=13.9636, AvgS=500.00, ProxLoss=0.0000
2026-03-19 01:29:42,933 - Server_DefaultID - INFO - Training client 38 (18/30)...
2026-03-19 01:29:43,479 - Server_DefaultID - INFO - Client 38: Acc=48.75, Loss=-344.9917, NLL=-1161.5985, KL=13.9630, AvgS=499.93, ProxLoss=0.0000
2026-03-19 01:29:43,479 - Server_DefaultID - INFO - Training client 13 (19/30)...
2026-03-19 01:29:43,832 - Server_DefaultID - INFO - Client 13: Acc=52.50, Loss=-341.5584, NLL=-1159.1488, KL=13.9516, AvgS=498.87, ProxLoss=0.0000
2026-03-19 01:29:43,832 - Server_DefaultID - INFO - Training client 17 (20/30)...
2026-03-19 01:29:44,486 - Server_DefaultID - INFO - Client 17: Acc=82.19, Loss=-344.3534, NLL=-1161.7326, KL=13.9635, AvgS=499.98, ProxLoss=0.0000
2026-03-19 01:29:44,486 - Server_DefaultID - INFO - Training client 65 (21/30)...
2026-03-19 01:29:44,887 - Server_DefaultID - INFO - Client 65: Acc=55.94, Loss=-170.7295, NLL=-582.8158, KL=10.8110, AvgS=250.06, ProxLoss=0.0000
2026-03-19 01:29:44,887 - Server_DefaultID - INFO - Training client 83 (22/30)...
2026-03-19 01:29:47,243 - Server_DefaultID - INFO - Client 83: Acc=99.72, Loss=-340.8945, NLL=-1161.7586, KL=13.9636, AvgS=500.00, ProxLoss=0.0000
2026-03-19 01:29:47,243 - Server_DefaultID - INFO - Training client 6 (23/30)...
2026-03-19 01:29:48,164 - Server_DefaultID - INFO - Client 6: Acc=73.85, Loss=-342.9421, NLL=-1161.7221, KL=13.9634, AvgS=499.98, ProxLoss=0.0000
2026-03-19 01:29:48,164 - Server_DefaultID - INFO - Training client 58 (24/30)...
2026-03-19 01:29:49,879 - Server_DefaultID - INFO - Client 58: Acc=79.11, Loss=-341.8272, NLL=-1161.4793, KL=13.9625, AvgS=499.87, ProxLoss=0.0000
2026-03-19 01:29:49,879 - Server_DefaultID - INFO - Training client 48 (25/30)...
2026-03-19 01:29:53,634 - Server_DefaultID - INFO - Client 48: Acc=86.73, Loss=-343.3079, NLL=-1161.7664, KL=13.9636, AvgS=500.00, ProxLoss=0.0000
2026-03-19 01:29:53,634 - Server_DefaultID - INFO - Training client 16 (26/30)...
2026-03-19 01:29:54,264 - Server_DefaultID - INFO - Client 16: Acc=67.66, Loss=-342.7166, NLL=-1161.2839, KL=13.9617, AvgS=499.79, ProxLoss=0.0000
2026-03-19 01:29:54,264 - Server_DefaultID - INFO - Training client 92 (27/30)...
2026-03-19 01:29:55,366 - Server_DefaultID - INFO - Client 92: Acc=95.23, Loss=-342.9388, NLL=-1161.7401, KL=13.9635, AvgS=499.99, ProxLoss=0.0000
2026-03-19 01:29:55,366 - Server_DefaultID - INFO - Training client 56 (28/30)...
2026-03-19 01:29:57,356 - Server_DefaultID - INFO - Client 56: Acc=84.41, Loss=-342.9723, NLL=-1161.5671, KL=13.9628, AvgS=499.91, ProxLoss=0.0000
2026-03-19 01:29:57,356 - Server_DefaultID - INFO - Training client 95 (29/30)...
2026-03-19 01:29:59,728 - Server_DefaultID - INFO - Client 95: Acc=64.65, Loss=-342.1393, NLL=-1161.6680, KL=13.9632, AvgS=499.96, ProxLoss=0.0000
2026-03-19 01:29:59,728 - Server_DefaultID - INFO - Training client 31 (30/30)...
2026-03-19 01:30:01,817 - Server_DefaultID - INFO - Client 31: Acc=75.62, Loss=-343.0121, NLL=-1161.7140, KL=13.9634, AvgS=499.98, ProxLoss=0.0000
2026-03-19 01:30:02,016 - Server_DefaultID - WARNING - Global prior extremely imbalanced (max/min=1.0), applied adaptive smoothing lam=0.10.
2026-03-19 01:30:02,016 - Server_DefaultID - INFO - Round [40/200] Summary | Avg Client Train Stats:	Loss [-340.3174]	 Acc [82.36]	NLL [-1152.3471]	 KL [13.9147]	AvgS [495.93]	 ProxLoss [0.0000]
GlobalPriorAlpha (first 10): [5.0, 5.0, 5.0, 5.0, 5.0, 5.0, 5.0, 5.0, 5.0, 5.0]
Round Time: 50.20s
2026-03-19 01:30:02,016 - Server_DefaultID - INFO - --- Evaluating models at round 40 ---
2026-03-19 01:31:10,371 - Server_DefaultID - INFO - Global Model Evaluation (Round 40): 
  Avg Test Acc: 66.27%
  Avg Test Acc Softmax: 66.27%
  Avg Test Loss: -1103.4280
  Avg Test NLL: -1117.2858
  Avg Test KL (vs flat prior): 13.7277
  Avg Test S: 480.79
2026-03-19 01:32:19,961 - Server_DefaultID - INFO - Personalized Model Evaluation (Round 40): 
  Avg Test Acc: 69.46%
  Avg Test Acc Softmax: 69.46%
  Avg Test Loss: -1103.9188
  Avg Test NLL: -1117.7885
  Avg Test KL (vs flat prior): 13.7289
  Avg Test S: 481.01
2026-03-19 01:32:19,961 - Server_DefaultID - INFO - [Metric 1] Personalized Brier Score | Mean: 0.4477
2026-03-19 01:32:19,961 - Server_DefaultID - INFO - [Metric 1] Personalized ECE | Mean: 0.1375
2026-03-19 01:32:19,961 - Server_DefaultID - INFO - [OOD Eval] OOD AUC-ROC (Epistemic): 0.0483
2026-03-19 01:32:19,961 - Server_DefaultID - INFO - [Metric 4] OOD FPR@95%TPR: 0.9849
2026-03-19 01:32:21,452 - Server_DefaultID - INFO - --- Global Round 41/200 ---
2026-03-19 01:32:21,453 - Server_DefaultID - INFO - Selected 30 active clients for round 41.
2026-03-19 01:32:21,453 - Server_DefaultID - INFO - Training client 34 (1/30)...
2026-03-19 01:32:22,399 - Server_DefaultID - INFO - Client 34: Acc=71.67, Loss=-343.7634, NLL=-1161.5643, KL=13.9628, AvgS=499.91, ProxLoss=0.0000
2026-03-19 01:32:22,399 - Server_DefaultID - INFO - Training client 23 (2/30)...
2026-03-19 01:32:22,865 - Server_DefaultID - INFO - Client 23: Acc=71.86, Loss=-153.2510, NLL=-527.8253, KL=10.3988, AvgS=226.43, ProxLoss=0.0000
2026-03-19 01:32:22,865 - Server_DefaultID - INFO - Training client 64 (3/30)...
2026-03-19 01:32:23,280 - Server_DefaultID - INFO - Client 64: Acc=66.56, Loss=-294.2455, NLL=-998.9502, KL=13.2342, AvgS=429.69, ProxLoss=0.0000
2026-03-19 01:32:23,280 - Server_DefaultID - INFO - Training client 56 (4/30)...
2026-03-19 01:32:25,565 - Server_DefaultID - INFO - Client 56: Acc=85.23, Loss=-342.9865, NLL=-1161.5737, KL=13.9629, AvgS=499.92, ProxLoss=0.0000
2026-03-19 01:32:25,565 - Server_DefaultID - INFO - Training client 77 (5/30)...
2026-03-19 01:32:29,560 - Server_DefaultID - INFO - Client 77: Acc=90.71, Loss=-342.8805, NLL=-1161.7426, KL=13.9635, AvgS=499.99, ProxLoss=0.0000
2026-03-19 01:32:29,561 - Server_DefaultID - INFO - Training client 82 (6/30)...
2026-03-19 01:32:31,007 - Server_DefaultID - INFO - Client 82: Acc=86.19, Loss=-342.8818, NLL=-1161.6723, KL=13.9632, AvgS=499.96, ProxLoss=0.0000
2026-03-19 01:32:31,007 - Server_DefaultID - INFO - Training client 54 (7/30)...
2026-03-19 01:32:31,800 - Server_DefaultID - INFO - Client 54: Acc=69.22, Loss=-198.6698, NLL=-683.1923, KL=11.5339, AvgS=293.36, ProxLoss=0.0000
2026-03-19 01:32:31,800 - Server_DefaultID - INFO - Training client 13 (8/30)...
2026-03-19 01:32:32,207 - Server_DefaultID - INFO - Client 13: Acc=53.75, Loss=-340.4613, NLL=-1154.9154, KL=13.9348, AvgS=497.04, ProxLoss=0.0000
2026-03-19 01:32:32,207 - Server_DefaultID - INFO - Training client 19 (9/30)...
2026-03-19 01:32:35,941 - Server_DefaultID - INFO - Client 19: Acc=95.42, Loss=-341.9061, NLL=-1161.7167, KL=13.9634, AvgS=499.98, ProxLoss=0.0000
2026-03-19 01:32:35,941 - Server_DefaultID - INFO - Training client 4 (10/30)...
2026-03-19 01:32:37,530 - Server_DefaultID - INFO - Client 4: Acc=67.03, Loss=-344.5781, NLL=-1161.6471, KL=13.9632, AvgS=499.95, ProxLoss=0.0000
2026-03-19 01:32:37,530 - Server_DefaultID - INFO - Training client 87 (11/30)...
2026-03-19 01:32:39,406 - Server_DefaultID - INFO - Client 87: Acc=50.98, Loss=-344.9702, NLL=-1161.7439, KL=13.9635, AvgS=499.99, ProxLoss=0.0000
2026-03-19 01:32:39,406 - Server_DefaultID - INFO - Training client 57 (12/30)...
2026-03-19 01:32:44,742 - Server_DefaultID - INFO - Client 57: Acc=94.67, Loss=-342.8924, NLL=-1161.7504, KL=13.9635, AvgS=499.99, ProxLoss=0.0000
2026-03-19 01:32:44,742 - Server_DefaultID - INFO - Training client 75 (13/30)...
2026-03-19 01:32:46,853 - Server_DefaultID - INFO - Client 75: Acc=90.66, Loss=-342.1375, NLL=-1161.7267, KL=13.9635, AvgS=499.98, ProxLoss=0.0000
2026-03-19 01:32:46,853 - Server_DefaultID - INFO - Training client 41 (14/30)...
2026-03-19 01:32:49,110 - Server_DefaultID - INFO - Client 41: Acc=74.18, Loss=-342.4666, NLL=-1161.7426, KL=13.9635, AvgS=499.99, ProxLoss=0.0000
2026-03-19 01:32:49,110 - Server_DefaultID - INFO - Training client 47 (15/30)...
2026-03-19 01:32:50,920 - Server_DefaultID - INFO - Client 47: Acc=53.91, Loss=-344.4736, NLL=-1161.6335, KL=13.9631, AvgS=499.94, ProxLoss=0.0000
2026-03-19 01:32:50,920 - Server_DefaultID - INFO - Training client 17 (16/30)...
2026-03-19 01:32:51,656 - Server_DefaultID - INFO - Client 17: Acc=80.78, Loss=-341.7477, NLL=-1155.1554, KL=13.9348, AvgS=497.14, ProxLoss=0.0000
2026-03-19 01:32:51,656 - Server_DefaultID - INFO - Training client 90 (17/30)...
2026-03-19 01:32:53,917 - Client_90 - WARNING - Client 90: Too few classes (1) or samples (592) for alpha report, returning uniform.
2026-03-19 01:32:53,917 - Server_DefaultID - INFO - Client 90: Acc=100.00, Loss=-340.6158, NLL=-1161.7128, KL=13.9634, AvgS=499.98, ProxLoss=0.0000
2026-03-19 01:32:53,917 - Server_DefaultID - INFO - Training client 25 (18/30)...
2026-03-19 01:32:54,587 - Server_DefaultID - INFO - Client 25: Acc=96.25, Loss=-342.2875, NLL=-1160.4162, KL=13.9580, AvgS=499.42, ProxLoss=0.0000
2026-03-19 01:32:54,588 - Server_DefaultID - INFO - Training client 59 (19/30)...
2026-03-19 01:32:57,189 - Server_DefaultID - INFO - Client 59: Acc=76.39, Loss=-343.1441, NLL=-1161.6898, KL=13.9633, AvgS=499.97, ProxLoss=0.0000
2026-03-19 01:32:57,189 - Server_DefaultID - INFO - Training client 38 (20/30)...
2026-03-19 01:32:57,954 - Server_DefaultID - INFO - Client 38: Acc=51.56, Loss=-344.9959, NLL=-1161.2544, KL=13.9616, AvgS=499.78, ProxLoss=0.0000
2026-03-19 01:32:57,954 - Server_DefaultID - INFO - Training client 74 (21/30)...
2026-03-19 01:32:59,189 - Server_DefaultID - INFO - Client 74: Acc=62.89, Loss=-343.4068, NLL=-1161.6633, KL=13.9632, AvgS=499.95, ProxLoss=0.0000
2026-03-19 01:32:59,189 - Server_DefaultID - INFO - Training client 63 (22/30)...
2026-03-19 01:33:00,727 - Server_DefaultID - INFO - Client 63: Acc=67.94, Loss=-343.2939, NLL=-1161.6708, KL=13.9632, AvgS=499.96, ProxLoss=0.0000
2026-03-19 01:33:00,727 - Server_DefaultID - INFO - Training client 16 (23/30)...
2026-03-19 01:33:01,436 - Server_DefaultID - INFO - Client 16: Acc=56.88, Loss=-342.0585, NLL=-1160.4563, KL=13.9582, AvgS=499.43, ProxLoss=0.0000
2026-03-19 01:33:01,436 - Server_DefaultID - INFO - Training client 37 (24/30)...
2026-03-19 01:33:02,705 - Server_DefaultID - INFO - Client 37: Acc=79.61, Loss=-344.1586, NLL=-1161.6318, KL=13.9631, AvgS=499.94, ProxLoss=0.0000
2026-03-19 01:33:02,705 - Server_DefaultID - INFO - Training client 18 (25/30)...
2026-03-19 01:33:06,821 - Server_DefaultID - INFO - Client 18: Acc=84.00, Loss=-343.3692, NLL=-1161.6599, KL=13.9632, AvgS=499.95, ProxLoss=0.0000
2026-03-19 01:33:06,821 - Server_DefaultID - INFO - Training client 28 (26/30)...
2026-03-19 01:33:07,279 - Server_DefaultID - INFO - Client 28: Acc=45.94, Loss=-241.3736, NLL=-823.4521, KL=12.2779, AvgS=353.85, ProxLoss=0.0000
2026-03-19 01:33:07,279 - Server_DefaultID - INFO - Training client 67 (27/30)...
2026-03-19 01:33:09,021 - Server_DefaultID - INFO - Client 67: Acc=70.73, Loss=-343.9954, NLL=-1161.7182, KL=13.9634, AvgS=499.98, ProxLoss=0.0000
2026-03-19 01:33:09,021 - Server_DefaultID - INFO - Training client 3 (28/30)...
2026-03-19 01:33:10,720 - Server_DefaultID - INFO - Client 3: Acc=61.98, Loss=-344.8345, NLL=-1161.5730, KL=13.9628, AvgS=499.92, ProxLoss=0.0000
2026-03-19 01:33:10,720 - Server_DefaultID - INFO - Training client 29 (29/30)...
2026-03-19 01:33:11,882 - Server_DefaultID - INFO - Client 29: Acc=80.94, Loss=-342.7566, NLL=-1161.5195, KL=13.9627, AvgS=499.89, ProxLoss=0.0000
2026-03-19 01:33:11,882 - Server_DefaultID - INFO - Training client 98 (30/30)...
2026-03-19 01:33:12,826 - Server_DefaultID - INFO - Client 98: Acc=82.50, Loss=-341.7653, NLL=-1161.7496, KL=13.9635, AvgS=499.99, ProxLoss=0.0000
2026-03-19 01:33:13,074 - Server_DefaultID - WARNING - Global prior extremely imbalanced (max/min=1.0), applied adaptive smoothing lam=0.10.
2026-03-19 01:33:13,074 - Server_DefaultID - INFO - Round [41/200] Summary | Avg Client Train Stats:	Loss [-339.1451]	 Acc [79.74]	NLL [-1148.6402]	 KL [13.8967]	AvgS [494.33]	 ProxLoss [0.0000]
GlobalPriorAlpha (first 10): [5.0, 5.0, 5.0, 5.0, 5.0, 5.0, 5.0, 5.0, 5.0, 5.0]
Round Time: 51.62s
2026-03-19 01:33:13,076 - Server_DefaultID - INFO - --- Global Round 42/200 ---
2026-03-19 01:33:13,077 - Server_DefaultID - INFO - Selected 30 active clients for round 42.
2026-03-19 01:33:13,077 - Server_DefaultID - INFO - Training client 82 (1/30)...
2026-03-19 01:33:15,426 - Server_DefaultID - INFO - Client 82: Acc=86.31, Loss=-342.7234, NLL=-1161.6398, KL=13.9631, AvgS=499.94, ProxLoss=0.0000
2026-03-19 01:33:15,426 - Server_DefaultID - INFO - Training client 20 (2/30)...
2026-03-19 01:33:17,178 - Server_DefaultID - INFO - Client 20: Acc=61.61, Loss=-345.2439, NLL=-1161.6171, KL=13.9630, AvgS=499.93, ProxLoss=0.0000
2026-03-19 01:33:17,178 - Server_DefaultID - INFO - Training client 62 (3/30)...
2026-03-19 01:33:17,912 - Server_DefaultID - INFO - Client 62: Acc=90.00, Loss=-343.7382, NLL=-1161.4754, KL=13.9625, AvgS=499.87, ProxLoss=0.0000
2026-03-19 01:33:17,912 - Server_DefaultID - INFO - Training client 76 (4/30)...
2026-03-19 01:33:20,417 - Server_DefaultID - INFO - Client 76: Acc=69.65, Loss=-344.7427, NLL=-1161.7393, KL=13.9635, AvgS=499.99, ProxLoss=0.0000
2026-03-19 01:33:20,418 - Server_DefaultID - INFO - Training client 12 (5/30)...
2026-03-19 01:33:21,891 - Server_DefaultID - INFO - Client 12: Acc=71.38, Loss=-344.6985, NLL=-1161.6843, KL=13.9633, AvgS=499.96, ProxLoss=0.0000
2026-03-19 01:33:21,891 - Server_DefaultID - INFO - Training client 6 (6/30)...
2026-03-19 01:33:22,802 - Server_DefaultID - INFO - Client 6: Acc=58.54, Loss=-342.1061, NLL=-1159.8466, KL=13.9561, AvgS=499.17, ProxLoss=0.0000
2026-03-19 01:33:22,802 - Server_DefaultID - INFO - Training client 66 (7/30)...
2026-03-19 01:33:24,818 - Server_DefaultID - INFO - Client 66: Acc=88.17, Loss=-342.6038, NLL=-1161.6916, KL=13.9633, AvgS=499.97, ProxLoss=0.0000
2026-03-19 01:33:24,818 - Server_DefaultID - INFO - Training client 81 (8/30)...
2026-03-19 01:33:26,696 - Server_DefaultID - INFO - Client 81: Acc=75.89, Loss=-343.1284, NLL=-1161.7549, KL=13.9636, AvgS=499.99, ProxLoss=0.0000
2026-03-19 01:33:26,697 - Server_DefaultID - INFO - Training client 95 (9/30)...
2026-03-19 01:33:29,358 - Server_DefaultID - INFO - Client 95: Acc=63.82, Loss=-342.0201, NLL=-1161.7186, KL=13.9634, AvgS=499.98, ProxLoss=0.0000
2026-03-19 01:33:29,358 - Server_DefaultID - INFO - Training client 9 (10/30)...
2026-03-19 01:33:31,263 - Server_DefaultID - INFO - Client 9: Acc=97.54, Loss=-341.7067, NLL=-1161.7530, KL=13.9636, AvgS=499.99, ProxLoss=0.0000
2026-03-19 01:33:31,263 - Server_DefaultID - INFO - Training client 58 (11/30)...
2026-03-19 01:33:33,225 - Server_DefaultID - INFO - Client 58: Acc=79.02, Loss=-341.8682, NLL=-1161.7436, KL=13.9635, AvgS=499.99, ProxLoss=0.0000
2026-03-19 01:33:33,225 - Server_DefaultID - INFO - Training client 59 (12/30)...
2026-03-19 01:33:35,781 - Server_DefaultID - INFO - Client 59: Acc=78.82, Loss=-343.1620, NLL=-1161.7510, KL=13.9636, AvgS=499.99, ProxLoss=0.0000
2026-03-19 01:33:35,781 - Server_DefaultID - INFO - Training client 27 (13/30)...
2026-03-19 01:33:36,729 - Server_DefaultID - INFO - Client 27: Acc=66.88, Loss=-344.1057, NLL=-1161.4938, KL=13.9626, AvgS=499.88, ProxLoss=0.0000
2026-03-19 01:33:36,729 - Server_DefaultID - INFO - Training client 92 (14/30)...
2026-03-19 01:33:38,079 - Server_DefaultID - INFO - Client 92: Acc=95.00, Loss=-342.9962, NLL=-1161.7671, KL=13.9636, AvgS=500.00, ProxLoss=0.0000
2026-03-19 01:33:38,079 - Server_DefaultID - INFO - Training client 19 (15/30)...
2026-03-19 01:33:41,862 - Server_DefaultID - INFO - Client 19: Acc=95.45, Loss=-341.7601, NLL=-1161.7472, KL=13.9635, AvgS=499.99, ProxLoss=0.0000
2026-03-19 01:33:41,862 - Server_DefaultID - INFO - Training client 71 (16/30)...
2026-03-19 01:33:42,565 - Server_DefaultID - INFO - Client 71: Acc=66.56, Loss=-343.3276, NLL=-1159.8603, KL=13.9561, AvgS=499.18, ProxLoss=0.0000
2026-03-19 01:33:42,565 - Server_DefaultID - INFO - Training client 1 (17/30)...
2026-03-19 01:33:43,227 - Server_DefaultID - INFO - Client 1: Acc=38.44, Loss=-342.8993, NLL=-1160.8326, KL=13.9600, AvgS=499.60, ProxLoss=0.0000
2026-03-19 01:33:43,227 - Server_DefaultID - INFO - Training client 48 (18/30)...
2026-03-19 01:33:48,493 - Server_DefaultID - INFO - Client 48: Acc=86.65, Loss=-343.2670, NLL=-1161.7671, KL=13.9636, AvgS=500.00, ProxLoss=0.0000
2026-03-19 01:33:48,493 - Server_DefaultID - INFO - Training client 69 (19/30)...
2026-03-19 01:33:49,266 - Server_DefaultID - INFO - Client 69: Acc=55.47, Loss=-343.5592, NLL=-1160.2031, KL=13.9574, AvgS=499.32, ProxLoss=0.0000
2026-03-19 01:33:49,266 - Server_DefaultID - INFO - Training client 40 (20/30)...
2026-03-19 01:33:50,946 - Server_DefaultID - INFO - Client 40: Acc=66.98, Loss=-344.6129, NLL=-1161.6979, KL=13.9633, AvgS=499.97, ProxLoss=0.0000
2026-03-19 01:33:50,946 - Server_DefaultID - INFO - Training client 38 (21/30)...
2026-03-19 01:33:51,662 - Server_DefaultID - INFO - Client 38: Acc=53.28, Loss=-345.3967, NLL=-1161.5554, KL=13.9628, AvgS=499.91, ProxLoss=0.0000
2026-03-19 01:33:51,662 - Server_DefaultID - INFO - Training client 68 (22/30)...
2026-03-19 01:33:54,175 - Server_DefaultID - INFO - Client 68: Acc=78.75, Loss=-341.7282, NLL=-1161.7655, KL=13.9636, AvgS=500.00, ProxLoss=0.0000
2026-03-19 01:33:54,176 - Server_DefaultID - INFO - Training client 30 (23/30)...
2026-03-19 01:33:56,512 - Server_DefaultID - INFO - Client 30: Acc=86.48, Loss=-341.7724, NLL=-1161.7167, KL=13.9634, AvgS=499.98, ProxLoss=0.0000
2026-03-19 01:33:56,512 - Server_DefaultID - INFO - Training client 88 (24/30)...
2026-03-19 01:33:58,202 - Server_DefaultID - INFO - Client 88: Acc=59.17, Loss=-343.9760, NLL=-1161.7504, KL=13.9635, AvgS=499.99, ProxLoss=0.0000
2026-03-19 01:33:58,202 - Server_DefaultID - INFO - Training client 72 (25/30)...
2026-03-19 01:33:59,427 - Server_DefaultID - INFO - Client 72: Acc=94.92, Loss=-341.9722, NLL=-1160.6588, KL=13.9589, AvgS=499.52, ProxLoss=0.0000
2026-03-19 01:33:59,427 - Server_DefaultID - INFO - Training client 57 (26/30)...
2026-03-19 01:34:04,061 - Server_DefaultID - INFO - Client 57: Acc=94.45, Loss=-342.7910, NLL=-1161.7494, KL=13.9635, AvgS=499.99, ProxLoss=0.0000
2026-03-19 01:34:04,061 - Server_DefaultID - INFO - Training client 85 (27/30)...
2026-03-19 01:34:07,437 - Server_DefaultID - INFO - Client 85: Acc=99.74, Loss=-340.8007, NLL=-1161.7540, KL=13.9636, AvgS=499.99, ProxLoss=0.0000
2026-03-19 01:34:07,437 - Server_DefaultID - INFO - Training client 22 (28/30)...
2026-03-19 01:34:08,125 - Server_DefaultID - INFO - Client 22: Acc=91.56, Loss=-342.3204, NLL=-1158.4812, KL=13.9498, AvgS=498.58, ProxLoss=0.0000
2026-03-19 01:34:08,125 - Server_DefaultID - INFO - Training client 44 (29/30)...
2026-03-19 01:34:10,671 - Server_DefaultID - INFO - Client 44: Acc=89.76, Loss=-342.8405, NLL=-1161.7609, KL=13.9636, AvgS=500.00, ProxLoss=0.0000
2026-03-19 01:34:10,671 - Server_DefaultID - INFO - Training client 29 (30/30)...
2026-03-19 01:34:11,926 - Server_DefaultID - INFO - Client 29: Acc=81.41, Loss=-342.7350, NLL=-1161.6318, KL=13.9631, AvgS=499.94, ProxLoss=0.0000
2026-03-19 01:34:12,135 - Server_DefaultID - WARNING - Global prior extremely imbalanced (max/min=1.0), applied adaptive smoothing lam=0.10.
2026-03-19 01:34:12,135 - Server_DefaultID - INFO - Round [42/200] Summary | Avg Client Train Stats:	Loss [-342.8084]	 Acc [81.57]	NLL [-1161.5792]	 KL [13.9629]	AvgS [499.92]	 ProxLoss [0.0000]
GlobalPriorAlpha (first 10): [5.0, 5.0, 5.0, 5.0, 5.0, 5.0, 5.0, 5.0, 5.0, 5.0]
Round Time: 59.06s
2026-03-19 01:34:12,138 - Server_DefaultID - INFO - --- Global Round 43/200 ---
2026-03-19 01:34:12,138 - Server_DefaultID - INFO - Selected 30 active clients for round 43.
2026-03-19 01:34:12,138 - Server_DefaultID - INFO - Training client 6 (1/30)...
2026-03-19 01:34:13,182 - Server_DefaultID - INFO - Client 6: Acc=58.12, Loss=-342.6331, NLL=-1161.5881, KL=13.9629, AvgS=499.92, ProxLoss=0.0000
2026-03-19 01:34:13,182 - Server_DefaultID - INFO - Training client 40 (2/30)...
2026-03-19 01:34:14,949 - Server_DefaultID - INFO - Client 40: Acc=67.19, Loss=-344.5469, NLL=-1161.6630, KL=13.9632, AvgS=499.95, ProxLoss=0.0000
2026-03-19 01:34:14,949 - Server_DefaultID - INFO - Training client 23 (3/30)...
2026-03-19 01:34:15,371 - Server_DefaultID - INFO - Client 23: Acc=70.85, Loss=-173.3441, NLL=-595.9249, KL=10.9068, AvgS=255.77, ProxLoss=0.0000
2026-03-19 01:34:15,371 - Server_DefaultID - INFO - Training client 87 (4/30)...
2026-03-19 01:34:17,426 - Server_DefaultID - INFO - Client 87: Acc=50.76, Loss=-344.8451, NLL=-1161.7247, KL=13.9634, AvgS=499.98, ProxLoss=0.0000
2026-03-19 01:34:17,426 - Server_DefaultID - INFO - Training client 5 (5/30)...
2026-03-19 01:34:17,890 - Server_DefaultID - INFO - Client 5: Acc=71.25, Loss=-343.7273, NLL=-1160.4507, KL=13.9585, AvgS=499.43, ProxLoss=0.0000
2026-03-19 01:34:17,890 - Server_DefaultID - INFO - Training client 10 (6/30)...
2026-03-19 01:34:19,097 - Server_DefaultID - INFO - Client 10: Acc=36.33, Loss=-344.3896, NLL=-1161.4736, KL=13.9625, AvgS=499.87, ProxLoss=0.0000
2026-03-19 01:34:19,097 - Server_DefaultID - INFO - Training client 48 (7/30)...
2026-03-19 01:34:24,565 - Server_DefaultID - INFO - Client 48: Acc=86.67, Loss=-343.1873, NLL=-1161.7597, KL=13.9636, AvgS=500.00, ProxLoss=0.0000
2026-03-19 01:34:24,565 - Server_DefaultID - INFO - Training client 26 (8/30)...
2026-03-19 01:34:28,905 - Server_DefaultID - INFO - Client 26: Acc=95.64, Loss=-342.1752, NLL=-1161.7477, KL=13.9635, AvgS=499.99, ProxLoss=0.0000
2026-03-19 01:34:28,905 - Server_DefaultID - INFO - Training client 22 (9/30)...
2026-03-19 01:34:29,647 - Server_DefaultID - INFO - Client 22: Acc=91.09, Loss=-343.3898, NLL=-1161.6117, KL=13.9630, AvgS=499.93, ProxLoss=0.0000
2026-03-19 01:34:29,647 - Server_DefaultID - INFO - Training client 94 (10/30)...
2026-03-19 01:34:32,598 - Server_DefaultID - INFO - Client 94: Acc=70.14, Loss=-342.9259, NLL=-1161.7659, KL=13.9636, AvgS=500.00, ProxLoss=0.0000
2026-03-19 01:34:32,598 - Server_DefaultID - INFO - Training client 50 (11/30)...
2026-03-19 01:34:37,795 - Server_DefaultID - INFO - Client 50: Acc=97.52, Loss=-342.0673, NLL=-1161.7655, KL=13.9636, AvgS=500.00, ProxLoss=0.0000
2026-03-19 01:34:37,795 - Server_DefaultID - INFO - Training client 89 (12/30)...
2026-03-19 01:34:41,532 - Server_DefaultID - INFO - Client 89: Acc=98.53, Loss=-341.5346, NLL=-1161.7506, KL=13.9635, AvgS=499.99, ProxLoss=0.0000
2026-03-19 01:34:41,532 - Server_DefaultID - INFO - Training client 57 (13/30)...
2026-03-19 01:34:46,221 - Server_DefaultID - INFO - Client 57: Acc=94.98, Loss=-342.7591, NLL=-1161.7672, KL=13.9636, AvgS=500.00, ProxLoss=0.0000
2026-03-19 01:34:46,221 - Server_DefaultID - INFO - Training client 47 (14/30)...
2026-03-19 01:34:48,015 - Server_DefaultID - INFO - Client 47: Acc=55.42, Loss=-344.3865, NLL=-1161.6633, KL=13.9632, AvgS=499.95, ProxLoss=0.0000
2026-03-19 01:34:48,015 - Server_DefaultID - INFO - Training client 69 (15/30)...
2026-03-19 01:34:48,749 - Server_DefaultID - INFO - Client 69: Acc=56.88, Loss=-343.7334, NLL=-1160.9032, KL=13.9603, AvgS=499.63, ProxLoss=0.0000
2026-03-19 01:34:48,749 - Server_DefaultID - INFO - Training client 92 (16/30)...
2026-03-19 01:34:49,962 - Server_DefaultID - INFO - Client 92: Acc=95.16, Loss=-343.0455, NLL=-1161.7203, KL=13.9634, AvgS=499.98, ProxLoss=0.0000
2026-03-19 01:34:49,962 - Server_DefaultID - INFO - Training client 36 (17/30)...
2026-03-19 01:34:56,947 - Server_DefaultID - INFO - Client 36: Acc=90.64, Loss=-341.9126, NLL=-1161.7527, KL=13.9636, AvgS=499.99, ProxLoss=0.0000
2026-03-19 01:34:56,948 - Server_DefaultID - INFO - Training client 8 (18/30)...
2026-03-19 01:34:57,692 - Server_DefaultID - INFO - Client 8: Acc=87.19, Loss=-341.9343, NLL=-1158.3147, KL=13.9493, AvgS=498.51, ProxLoss=0.0000
2026-03-19 01:34:57,692 - Server_DefaultID - INFO - Training client 21 (19/30)...
2026-03-19 01:34:59,791 - Server_DefaultID - INFO - Client 21: Acc=57.27, Loss=-344.6264, NLL=-1161.7604, KL=13.9636, AvgS=500.00, ProxLoss=0.0000
2026-03-19 01:34:59,791 - Server_DefaultID - INFO - Training client 35 (20/30)...
2026-03-19 01:35:00,800 - Server_DefaultID - INFO - Client 35: Acc=64.79, Loss=-343.9612, NLL=-1161.3134, KL=13.9618, AvgS=499.80, ProxLoss=0.0000
2026-03-19 01:35:00,800 - Server_DefaultID - INFO - Training client 7 (21/30)...
2026-03-19 01:35:02,582 - Server_DefaultID - INFO - Client 7: Acc=49.01, Loss=-343.0910, NLL=-1161.4348, KL=13.9623, AvgS=499.86, ProxLoss=0.0000
2026-03-19 01:35:02,582 - Server_DefaultID - INFO - Training client 32 (22/30)...
2026-03-19 01:35:04,380 - Server_DefaultID - INFO - Client 32: Acc=79.06, Loss=-343.5981, NLL=-1161.6779, KL=13.9633, AvgS=499.96, ProxLoss=0.0000
2026-03-19 01:35:04,380 - Server_DefaultID - INFO - Training client 64 (23/30)...
2026-03-19 01:35:04,852 - Server_DefaultID - INFO - Client 64: Acc=64.38, Loss=-310.9316, NLL=-1055.4334, KL=13.5045, AvgS=454.07, ProxLoss=0.0000
2026-03-19 01:35:04,852 - Server_DefaultID - INFO - Training client 25 (24/30)...
2026-03-19 01:35:05,546 - Server_DefaultID - INFO - Client 25: Acc=95.00, Loss=-343.1271, NLL=-1161.4867, KL=13.9625, AvgS=499.88, ProxLoss=0.0000
2026-03-19 01:35:05,547 - Server_DefaultID - INFO - Training client 91 (25/30)...
2026-03-19 01:35:06,557 - Server_DefaultID - INFO - Client 91: Acc=87.40, Loss=-341.6985, NLL=-1161.6871, KL=13.9633, AvgS=499.96, ProxLoss=0.0000
2026-03-19 01:35:06,557 - Server_DefaultID - INFO - Training client 72 (26/30)...
2026-03-19 01:35:07,694 - Server_DefaultID - INFO - Client 72: Acc=95.16, Loss=-342.4258, NLL=-1161.6577, KL=13.9632, AvgS=499.95, ProxLoss=0.0000
2026-03-19 01:35:07,694 - Server_DefaultID - INFO - Training client 85 (27/30)...
2026-03-19 01:35:10,926 - Server_DefaultID - INFO - Client 85: Acc=99.74, Loss=-340.7845, NLL=-1161.7636, KL=13.9636, AvgS=500.00, ProxLoss=0.0000
2026-03-19 01:35:10,927 - Server_DefaultID - INFO - Training client 53 (28/30)...
2026-03-19 01:35:13,475 - Server_DefaultID - INFO - Client 53: Acc=96.16, Loss=-342.4418, NLL=-1161.7501, KL=13.9635, AvgS=499.99, ProxLoss=0.0000
2026-03-19 01:35:13,475 - Server_DefaultID - INFO - Training client 62 (29/30)...
2026-03-19 01:35:14,083 - Server_DefaultID - INFO - Client 62: Acc=89.38, Loss=-343.4917, NLL=-1160.9849, KL=13.9605, AvgS=499.66, ProxLoss=0.0000
2026-03-19 01:35:14,083 - Server_DefaultID - INFO - Training client 0 (30/30)...
2026-03-19 01:35:14,538 - Server_DefaultID - INFO - Client 0: Acc=33.75, Loss=-341.2126, NLL=-1155.1690, KL=13.9363, AvgS=497.15, ProxLoss=0.0000
2026-03-19 01:35:14,791 - Server_DefaultID - WARNING - Global prior extremely imbalanced (max/min=1.0), applied adaptive smoothing lam=0.10.
2026-03-19 01:35:14,791 - Server_DefaultID - INFO - Round [43/200] Summary | Avg Client Train Stats:	Loss [-341.7951]	 Acc [83.38]	NLL [-1158.5416]	 KL [13.9472]	AvgS [498.61]	 ProxLoss [0.0000]
GlobalPriorAlpha (first 10): [5.0, 5.0, 5.0, 5.0, 5.0, 5.0, 5.0, 5.0, 5.0, 5.0]
Round Time: 62.65s
2026-03-19 01:35:14,793 - Server_DefaultID - INFO - --- Global Round 44/200 ---
2026-03-19 01:35:14,794 - Server_DefaultID - INFO - Selected 30 active clients for round 44.
2026-03-19 01:35:14,794 - Server_DefaultID - INFO - Training client 51 (1/30)...
2026-03-19 01:35:15,445 - Server_DefaultID - INFO - Client 51: Acc=39.53, Loss=-344.1840, NLL=-1160.7444, KL=13.9596, AvgS=499.56, ProxLoss=0.0000
2026-03-19 01:35:15,445 - Server_DefaultID - INFO - Training client 86 (2/30)...
2026-03-19 01:35:16,912 - Server_DefaultID - INFO - Client 86: Acc=74.06, Loss=-343.1211, NLL=-1161.7055, KL=13.9634, AvgS=499.97, ProxLoss=0.0000
2026-03-19 01:35:16,912 - Server_DefaultID - INFO - Training client 4 (3/30)...
2026-03-19 01:35:18,577 - Server_DefaultID - INFO - Client 4: Acc=72.55, Loss=-344.6980, NLL=-1161.7447, KL=13.9635, AvgS=499.99, ProxLoss=0.0000
2026-03-19 01:35:18,577 - Server_DefaultID - INFO - Training client 50 (4/30)...
2026-03-19 01:35:23,490 - Server_DefaultID - INFO - Client 50: Acc=97.43, Loss=-341.9842, NLL=-1161.7416, KL=13.9635, AvgS=499.99, ProxLoss=0.0000
2026-03-19 01:35:23,490 - Server_DefaultID - INFO - Training client 54 (5/30)...
2026-03-19 01:35:24,213 - Server_DefaultID - INFO - Client 54: Acc=72.50, Loss=-243.2824, NLL=-833.8688, KL=12.4274, AvgS=358.39, ProxLoss=0.0000
2026-03-19 01:35:24,213 - Server_DefaultID - INFO - Training client 79 (6/30)...
2026-03-19 01:35:25,740 - Server_DefaultID - INFO - Client 79: Acc=94.00, Loss=-341.3871, NLL=-1161.0495, KL=13.9607, AvgS=499.69, ProxLoss=0.0000
2026-03-19 01:35:25,740 - Server_DefaultID - INFO - Training client 75 (7/30)...
2026-03-19 01:35:28,877 - Server_DefaultID - INFO - Client 75: Acc=89.73, Loss=-341.9985, NLL=-1161.6879, KL=13.9633, AvgS=499.96, ProxLoss=0.0000
2026-03-19 01:35:28,877 - Server_DefaultID - INFO - Training client 41 (8/30)...
2026-03-19 01:35:31,005 - Server_DefaultID - INFO - Client 41: Acc=75.86, Loss=-342.3058, NLL=-1161.7295, KL=13.9635, AvgS=499.98, ProxLoss=0.0000
2026-03-19 01:35:31,005 - Server_DefaultID - INFO - Training client 61 (9/30)...
2026-03-19 01:35:32,460 - Server_DefaultID - INFO - Client 61: Acc=62.94, Loss=-344.9316, NLL=-1161.6295, KL=13.9631, AvgS=499.94, ProxLoss=0.0000
2026-03-19 01:35:32,460 - Server_DefaultID - INFO - Training client 7 (10/30)...
2026-03-19 01:35:34,186 - Server_DefaultID - INFO - Client 7: Acc=52.81, Loss=-343.1146, NLL=-1161.7049, KL=13.9634, AvgS=499.97, ProxLoss=0.0000
2026-03-19 01:35:34,186 - Server_DefaultID - INFO - Training client 24 (11/30)...
2026-03-19 01:35:34,689 - Server_DefaultID - INFO - Client 24: Acc=54.06, Loss=-200.8934, NLL=-680.7577, KL=11.5148, AvgS=292.30, ProxLoss=0.0000
2026-03-19 01:35:34,689 - Server_DefaultID - INFO - Training client 48 (12/30)...
2026-03-19 01:35:39,381 - Server_DefaultID - INFO - Client 48: Acc=86.71, Loss=-343.2055, NLL=-1161.7466, KL=13.9635, AvgS=499.99, ProxLoss=0.0000
2026-03-19 01:35:39,381 - Server_DefaultID - INFO - Training client 0 (13/30)...
2026-03-19 01:35:39,789 - Server_DefaultID - INFO - Client 0: Acc=34.69, Loss=-341.8648, NLL=-1157.3377, KL=13.9452, AvgS=498.08, ProxLoss=0.0000
2026-03-19 01:35:39,789 - Server_DefaultID - INFO - Training client 85 (14/30)...
2026-03-19 01:35:43,135 - Server_DefaultID - INFO - Client 85: Acc=99.74, Loss=-340.7389, NLL=-1161.7531, KL=13.9636, AvgS=499.99, ProxLoss=0.0000
2026-03-19 01:35:43,135 - Server_DefaultID - INFO - Training client 84 (15/30)...
2026-03-19 01:35:43,787 - Server_DefaultID - INFO - Client 84: Acc=59.62, Loss=-173.4729, NLL=-596.4372, KL=10.9234, AvgS=255.86, ProxLoss=0.0000
2026-03-19 01:35:43,787 - Server_DefaultID - INFO - Training client 47 (16/30)...
2026-03-19 01:35:45,471 - Server_DefaultID - INFO - Client 47: Acc=55.21, Loss=-344.3565, NLL=-1161.7513, KL=13.9636, AvgS=499.99, ProxLoss=0.0000
2026-03-19 01:35:45,471 - Server_DefaultID - INFO - Training client 52 (17/30)...
2026-03-19 01:35:46,417 - Server_DefaultID - INFO - Client 52: Acc=65.62, Loss=-343.0746, NLL=-1161.4171, KL=13.9623, AvgS=499.85, ProxLoss=0.0000
2026-03-19 01:35:46,417 - Server_DefaultID - INFO - Training client 5 (18/30)...
2026-03-19 01:35:46,900 - Server_DefaultID - INFO - Client 5: Acc=70.31, Loss=-344.2102, NLL=-1161.2790, KL=13.9617, AvgS=499.79, ProxLoss=0.0000
2026-03-19 01:35:46,900 - Server_DefaultID - INFO - Training client 49 (19/30)...
2026-03-19 01:35:48,829 - Server_DefaultID - INFO - Client 49: Acc=79.46, Loss=-342.8161, NLL=-1161.7332, KL=13.9635, AvgS=499.98, ProxLoss=0.0000
2026-03-19 01:35:48,829 - Server_DefaultID - INFO - Training client 36 (20/30)...
2026-03-19 01:35:54,872 - Server_DefaultID - INFO - Client 36: Acc=90.76, Loss=-341.8609, NLL=-1161.7651, KL=13.9636, AvgS=500.00, ProxLoss=0.0000
2026-03-19 01:35:54,872 - Server_DefaultID - INFO - Training client 45 (21/30)...
2026-03-19 01:35:57,065 - Server_DefaultID - INFO - Client 45: Acc=63.16, Loss=-342.6841, NLL=-1161.6470, KL=13.9632, AvgS=499.95, ProxLoss=0.0000
2026-03-19 01:35:57,065 - Server_DefaultID - INFO - Training client 90 (22/30)...
2026-03-19 01:35:59,469 - Client_90 - WARNING - Client 90: Too few classes (1) or samples (592) for alpha report, returning uniform.
2026-03-19 01:35:59,470 - Server_DefaultID - INFO - Client 90: Acc=100.00, Loss=-340.5027, NLL=-1161.7591, KL=13.9636, AvgS=500.00, ProxLoss=0.0000
2026-03-19 01:35:59,470 - Server_DefaultID - INFO - Training client 16 (23/30)...
2026-03-19 01:36:01,111 - Server_DefaultID - INFO - Client 16: Acc=55.16, Loss=-341.8253, NLL=-1160.6350, KL=13.9591, AvgS=499.51, ProxLoss=0.0000
2026-03-19 01:36:01,111 - Server_DefaultID - INFO - Training client 3 (24/30)...
2026-03-19 01:36:02,773 - Server_DefaultID - INFO - Client 3: Acc=63.70, Loss=-344.7920, NLL=-1161.7165, KL=13.9634, AvgS=499.98, ProxLoss=0.0000
2026-03-19 01:36:02,773 - Server_DefaultID - INFO - Training client 98 (25/30)...
2026-03-19 01:36:03,711 - Server_DefaultID - INFO - Client 98: Acc=84.27, Loss=-341.5740, NLL=-1161.4587, KL=13.9623, AvgS=499.87, ProxLoss=0.0000
2026-03-19 01:36:03,711 - Server_DefaultID - INFO - Training client 29 (26/30)...
2026-03-19 01:36:04,930 - Server_DefaultID - INFO - Client 29: Acc=80.86, Loss=-342.7497, NLL=-1161.7699, KL=13.9636, AvgS=500.00, ProxLoss=0.0000
2026-03-19 01:36:04,930 - Server_DefaultID - INFO - Training client 77 (27/30)...
2026-03-19 01:36:09,142 - Server_DefaultID - INFO - Client 77: Acc=90.81, Loss=-342.7456, NLL=-1161.7041, KL=13.9634, AvgS=499.97, ProxLoss=0.0000
2026-03-19 01:36:09,142 - Server_DefaultID - INFO - Training client 58 (28/30)...
2026-03-19 01:36:11,080 - Server_DefaultID - INFO - Client 58: Acc=79.78, Loss=-341.7972, NLL=-1161.7377, KL=13.9635, AvgS=499.99, ProxLoss=0.0000
2026-03-19 01:36:11,080 - Server_DefaultID - INFO - Training client 81 (29/30)...
2026-03-19 01:36:12,954 - Server_DefaultID - INFO - Client 81: Acc=76.52, Loss=-343.0134, NLL=-1161.7603, KL=13.9636, AvgS=500.00, ProxLoss=0.0000
2026-03-19 01:36:12,954 - Server_DefaultID - INFO - Training client 95 (30/30)...
2026-03-19 01:36:15,517 - Server_DefaultID - INFO - Client 95: Acc=64.93, Loss=-341.7914, NLL=-1161.3150, KL=13.9618, AvgS=499.80, ProxLoss=0.0000
2026-03-19 01:36:15,808 - Server_DefaultID - WARNING - Global prior extremely imbalanced (max/min=1.0), applied adaptive smoothing lam=0.10.
2026-03-19 01:36:15,809 - Server_DefaultID - INFO - Round [44/200] Summary | Avg Client Train Stats:	Loss [-340.0075]	 Acc [80.93]	NLL [-1153.3409]	 KL [13.9214]	AvgS [496.36]	 ProxLoss [0.0000]
GlobalPriorAlpha (first 10): [5.0, 5.0, 5.0, 5.0, 5.0, 5.0, 5.0, 5.0, 5.0, 5.0]
Round Time: 61.01s
2026-03-19 01:36:15,811 - Server_DefaultID - INFO - --- Global Round 45/200 ---
2026-03-19 01:36:15,812 - Server_DefaultID - INFO - Selected 30 active clients for round 45.
2026-03-19 01:36:15,812 - Server_DefaultID - INFO - Training client 57 (1/30)...
2026-03-19 01:36:20,585 - Server_DefaultID - INFO - Client 57: Acc=94.74, Loss=-342.6651, NLL=-1161.7367, KL=13.9635, AvgS=499.99, ProxLoss=0.0000
2026-03-19 01:36:20,585 - Server_DefaultID - INFO - Training client 75 (2/30)...
2026-03-19 01:36:22,848 - Server_DefaultID - INFO - Client 75: Acc=90.55, Loss=-341.9953, NLL=-1161.7432, KL=13.9635, AvgS=499.99, ProxLoss=0.0000
2026-03-19 01:36:22,848 - Server_DefaultID - INFO - Training client 25 (3/30)...
2026-03-19 01:36:23,541 - Server_DefaultID - INFO - Client 25: Acc=95.78, Loss=-343.1678, NLL=-1161.5846, KL=13.9629, AvgS=499.92, ProxLoss=0.0000
2026-03-19 01:36:23,541 - Server_DefaultID - INFO - Training client 99 (4/30)...
2026-03-19 01:36:23,940 - Server_DefaultID - INFO - Client 99: Acc=25.00, Loss=-245.2398, NLL=-829.4828, KL=12.3551, AvgS=356.45, ProxLoss=0.0000
2026-03-19 01:36:23,940 - Server_DefaultID - INFO - Training client 31 (5/30)...
2026-03-19 01:36:26,470 - Server_DefaultID - INFO - Client 31: Acc=76.60, Loss=-342.8578, NLL=-1161.7512, KL=13.9636, AvgS=499.99, ProxLoss=0.0000
2026-03-19 01:36:26,471 - Server_DefaultID - INFO - Training client 35 (6/30)...
2026-03-19 01:36:27,405 - Server_DefaultID - INFO - Client 35: Acc=63.44, Loss=-343.9708, NLL=-1161.4990, KL=13.9626, AvgS=499.88, ProxLoss=0.0000
2026-03-19 01:36:27,405 - Server_DefaultID - INFO - Training client 14 (7/30)...
2026-03-19 01:36:29,959 - Server_DefaultID - INFO - Client 14: Acc=70.00, Loss=-341.5611, NLL=-1161.7338, KL=13.9635, AvgS=499.98, ProxLoss=0.0000
2026-03-19 01:36:29,959 - Server_DefaultID - INFO - Training client 84 (8/30)...
2026-03-19 01:36:30,366 - Server_DefaultID - INFO - Client 84: Acc=58.87, Loss=-192.0609, NLL=-659.0943, KL=11.3307, AvgS=282.89, ProxLoss=0.0000
2026-03-19 01:36:30,366 - Server_DefaultID - INFO - Training client 88 (9/30)...
2026-03-19 01:36:32,137 - Server_DefaultID - INFO - Client 88: Acc=58.70, Loss=-343.8039, NLL=-1161.5204, KL=13.9626, AvgS=499.89, ProxLoss=0.0000
2026-03-19 01:36:32,137 - Server_DefaultID - INFO - Training client 46 (10/30)...
2026-03-19 01:36:35,143 - Server_DefaultID - INFO - Client 46: Acc=86.60, Loss=-342.9972, NLL=-1161.7063, KL=13.9634, AvgS=499.97, ProxLoss=0.0000
2026-03-19 01:36:35,143 - Server_DefaultID - INFO - Training client 90 (11/30)...
2026-03-19 01:36:37,543 - Client_90 - WARNING - Client 90: Too few classes (1) or samples (592) for alpha report, returning uniform.
2026-03-19 01:36:37,543 - Server_DefaultID - INFO - Client 90: Acc=100.00, Loss=-340.4571, NLL=-1161.7344, KL=13.9635, AvgS=499.98, ProxLoss=0.0000
2026-03-19 01:36:37,543 - Server_DefaultID - INFO - Training client 12 (12/30)...
2026-03-19 01:36:38,926 - Server_DefaultID - INFO - Client 12: Acc=71.31, Loss=-344.5810, NLL=-1161.7506, KL=13.9636, AvgS=499.99, ProxLoss=0.0000
2026-03-19 01:36:38,927 - Server_DefaultID - INFO - Training client 60 (13/30)...
2026-03-19 01:36:39,959 - Server_DefaultID - INFO - Client 60: Acc=63.33, Loss=-342.3714, NLL=-1161.5699, KL=13.9628, AvgS=499.91, ProxLoss=0.0000
2026-03-19 01:36:39,959 - Server_DefaultID - INFO - Training client 39 (14/30)...
2026-03-19 01:36:43,928 - Server_DefaultID - INFO - Client 39: Acc=77.77, Loss=-343.1012, NLL=-1161.7570, KL=13.9636, AvgS=499.99, ProxLoss=0.0000
2026-03-19 01:36:43,928 - Server_DefaultID - INFO - Training client 17 (15/30)...
2026-03-19 01:36:44,591 - Server_DefaultID - INFO - Client 17: Acc=78.59, Loss=-342.6893, NLL=-1158.9788, KL=13.9515, AvgS=498.79, ProxLoss=0.0000
2026-03-19 01:36:44,591 - Server_DefaultID - INFO - Training client 89 (16/30)...
2026-03-19 01:36:48,334 - Server_DefaultID - INFO - Client 89: Acc=98.57, Loss=-341.3445, NLL=-1161.7546, KL=13.9636, AvgS=499.99, ProxLoss=0.0000
2026-03-19 01:36:48,334 - Server_DefaultID - INFO - Training client 58 (17/30)...
2026-03-19 01:36:50,181 - Server_DefaultID - INFO - Client 58: Acc=79.46, Loss=-341.7452, NLL=-1161.7352, KL=13.9635, AvgS=499.99, ProxLoss=0.0000
2026-03-19 01:36:50,181 - Server_DefaultID - INFO - Training client 7 (18/30)...
2026-03-19 01:36:51,924 - Server_DefaultID - INFO - Client 7: Acc=56.56, Loss=-343.0888, NLL=-1161.7162, KL=13.9634, AvgS=499.98, ProxLoss=0.0000
2026-03-19 01:36:51,925 - Server_DefaultID - INFO - Training client 98 (19/30)...
2026-03-19 01:36:53,001 - Server_DefaultID - INFO - Client 98: Acc=85.62, Loss=-341.5815, NLL=-1161.6311, KL=13.9631, AvgS=499.94, ProxLoss=0.0000
2026-03-19 01:36:53,001 - Server_DefaultID - INFO - Training client 33 (20/30)...
2026-03-19 01:36:54,927 - Server_DefaultID - INFO - Client 33: Acc=58.53, Loss=-344.4608, NLL=-1161.7284, KL=13.9635, AvgS=499.98, ProxLoss=0.0000
2026-03-19 01:36:54,927 - Server_DefaultID - INFO - Training client 52 (21/30)...
2026-03-19 01:36:55,972 - Server_DefaultID - INFO - Client 52: Acc=67.71, Loss=-342.9335, NLL=-1161.6377, KL=13.9631, AvgS=499.94, ProxLoss=0.0000
2026-03-19 01:36:55,972 - Server_DefaultID - INFO - Training client 8 (22/30)...
2026-03-19 01:36:56,651 - Server_DefaultID - INFO - Client 8: Acc=87.66, Loss=-342.8598, NLL=-1161.1948, KL=13.9613, AvgS=499.75, ProxLoss=0.0000
2026-03-19 01:36:56,651 - Server_DefaultID - INFO - Training client 77 (23/30)...
2026-03-19 01:37:00,748 - Server_DefaultID - INFO - Client 77: Acc=91.27, Loss=-342.7208, NLL=-1161.7369, KL=13.9635, AvgS=499.99, ProxLoss=0.0000
2026-03-19 01:37:00,749 - Server_DefaultID - INFO - Training client 37 (24/30)...
2026-03-19 01:37:02,061 - Server_DefaultID - INFO - Client 37: Acc=78.67, Loss=-344.0217, NLL=-1161.6787, KL=13.9633, AvgS=499.96, ProxLoss=0.0000
2026-03-19 01:37:02,061 - Server_DefaultID - INFO - Training client 67 (25/30)...
2026-03-19 01:37:03,780 - Server_DefaultID - INFO - Client 67: Acc=71.46, Loss=-343.8248, NLL=-1161.7211, KL=13.9634, AvgS=499.98, ProxLoss=0.0000
2026-03-19 01:37:03,780 - Server_DefaultID - INFO - Training client 72 (26/30)...
2026-03-19 01:37:05,096 - Server_DefaultID - INFO - Client 72: Acc=95.16, Loss=-342.3789, NLL=-1161.6700, KL=13.9632, AvgS=499.96, ProxLoss=0.0000
2026-03-19 01:37:05,096 - Server_DefaultID - INFO - Training client 68 (27/30)...
2026-03-19 01:37:08,628 - Server_DefaultID - INFO - Client 68: Acc=78.58, Loss=-341.5695, NLL=-1161.6986, KL=13.9633, AvgS=499.97, ProxLoss=0.0000
2026-03-19 01:37:08,628 - Server_DefaultID - INFO - Training client 86 (28/30)...
2026-03-19 01:37:10,205 - Server_DefaultID - INFO - Client 86: Acc=76.25, Loss=-342.9697, NLL=-1161.7151, KL=13.9634, AvgS=499.98, ProxLoss=0.0000
2026-03-19 01:37:10,206 - Server_DefaultID - INFO - Training client 54 (29/30)...
2026-03-19 01:37:10,951 - Server_DefaultID - INFO - Client 54: Acc=70.78, Loss=-294.2453, NLL=-1005.0222, KL=13.2840, AvgS=432.31, ProxLoss=0.0000
2026-03-19 01:37:10,952 - Server_DefaultID - INFO - Training client 83 (30/30)...
2026-03-19 01:37:13,759 - Server_DefaultID - INFO - Client 83: Acc=99.72, Loss=-340.6765, NLL=-1161.7275, KL=13.9635, AvgS=499.98, ProxLoss=0.0000
2026-03-19 01:37:14,050 - Server_DefaultID - WARNING - Global prior extremely imbalanced (max/min=1.0), applied adaptive smoothing lam=0.10.
2026-03-19 01:37:14,051 - Server_DefaultID - INFO - Round [45/200] Summary | Avg Client Train Stats:	Loss [-340.7351]	 Acc [81.53]	NLL [-1155.7136]	 KL [13.9343]	AvgS [497.38]	 ProxLoss [0.0000]
GlobalPriorAlpha (first 10): [5.0, 5.0, 5.0, 5.0, 5.0, 5.0, 5.0, 5.0, 5.0, 5.0]
Round Time: 58.24s
2026-03-19 01:37:14,053 - Server_DefaultID - INFO - --- Global Round 46/200 ---
2026-03-19 01:37:14,053 - Server_DefaultID - INFO - Selected 30 active clients for round 46.
2026-03-19 01:37:14,054 - Server_DefaultID - INFO - Training client 51 (1/30)...
2026-03-19 01:37:14,759 - Server_DefaultID - INFO - Client 51: Acc=43.75, Loss=-344.5877, NLL=-1161.1891, KL=13.9614, AvgS=499.75, ProxLoss=0.0000
2026-03-19 01:37:14,759 - Server_DefaultID - INFO - Training client 84 (2/30)...
2026-03-19 01:37:15,313 - Server_DefaultID - INFO - Client 84: Acc=58.49, Loss=-219.4410, NLL=-751.3153, KL=11.9763, AvgS=322.65, ProxLoss=0.0000
2026-03-19 01:37:15,314 - Server_DefaultID - INFO - Training client 87 (3/30)...
2026-03-19 01:37:17,150 - Server_DefaultID - INFO - Client 87: Acc=51.34, Loss=-344.7442, NLL=-1161.7014, KL=13.9634, AvgS=499.97, ProxLoss=0.0000
2026-03-19 01:37:17,150 - Server_DefaultID - INFO - Training client 80 (4/30)...
2026-03-19 01:37:17,610 - Server_DefaultID - INFO - Client 80: Acc=57.19, Loss=-317.8807, NLL=-1077.6801, KL=13.6150, AvgS=463.68, ProxLoss=0.0000
2026-03-19 01:37:17,610 - Server_DefaultID - INFO - Training client 82 (5/30)...
2026-03-19 01:37:19,098 - Server_DefaultID - INFO - Client 82: Acc=86.56, Loss=-342.7389, NLL=-1161.7266, KL=13.9635, AvgS=499.98, ProxLoss=0.0000
2026-03-19 01:37:19,098 - Server_DefaultID - INFO - Training client 64 (6/30)...
2026-03-19 01:37:19,531 - Server_DefaultID - INFO - Client 64: Acc=56.88, Loss=-325.4497, NLL=-1105.5209, KL=13.7255, AvgS=475.70, ProxLoss=0.0000
2026-03-19 01:37:19,531 - Server_DefaultID - INFO - Training client 66 (7/30)...
2026-03-19 01:37:21,345 - Server_DefaultID - INFO - Client 66: Acc=88.04, Loss=-342.5542, NLL=-1161.7078, KL=13.9634, AvgS=499.97, ProxLoss=0.0000
2026-03-19 01:37:21,345 - Server_DefaultID - INFO - Training client 5 (8/30)...
2026-03-19 01:37:21,826 - Server_DefaultID - INFO - Client 5: Acc=71.88, Loss=-344.2568, NLL=-1161.4952, KL=13.9626, AvgS=499.88, ProxLoss=0.0000
2026-03-19 01:37:21,826 - Server_DefaultID - INFO - Training client 16 (9/30)...
2026-03-19 01:37:22,560 - Server_DefaultID - INFO - Client 16: Acc=55.62, Loss=-341.8579, NLL=-1160.1353, KL=13.9569, AvgS=499.29, ProxLoss=0.0000
2026-03-19 01:37:22,560 - Server_DefaultID - INFO - Training client 0 (10/30)...
2026-03-19 01:37:22,991 - Server_DefaultID - INFO - Client 0: Acc=33.44, Loss=-342.9557, NLL=-1161.2804, KL=13.9617, AvgS=499.79, ProxLoss=0.0000
2026-03-19 01:37:22,991 - Server_DefaultID - INFO - Training client 69 (11/30)...
2026-03-19 01:37:23,659 - Server_DefaultID - INFO - Client 69: Acc=57.34, Loss=-343.7200, NLL=-1161.2381, KL=13.9616, AvgS=499.77, ProxLoss=0.0000
2026-03-19 01:37:23,659 - Server_DefaultID - INFO - Training client 54 (12/30)...
2026-03-19 01:37:24,394 - Server_DefaultID - INFO - Client 54: Acc=68.12, Loss=-329.3736, NLL=-1121.8561, KL=13.7981, AvgS=482.76, ProxLoss=0.0000
2026-03-19 01:37:24,394 - Server_DefaultID - INFO - Training client 57 (13/30)...
2026-03-19 01:37:28,839 - Server_DefaultID - INFO - Client 57: Acc=94.71, Loss=-342.5457, NLL=-1161.7371, KL=13.9635, AvgS=499.99, ProxLoss=0.0000
2026-03-19 01:37:28,839 - Server_DefaultID - INFO - Training client 86 (14/30)...
2026-03-19 01:37:30,377 - Server_DefaultID - INFO - Client 86: Acc=77.38, Loss=-342.9934, NLL=-1161.6423, KL=13.9631, AvgS=499.95, ProxLoss=0.0000
2026-03-19 01:37:30,378 - Server_DefaultID - INFO - Training client 85 (15/30)...
2026-03-19 01:37:33,595 - Server_DefaultID - INFO - Client 85: Acc=99.77, Loss=-340.6355, NLL=-1161.7605, KL=13.9636, AvgS=500.00, ProxLoss=0.0000
2026-03-19 01:37:33,595 - Server_DefaultID - INFO - Training client 28 (16/30)...
2026-03-19 01:37:34,066 - Server_DefaultID - INFO - Client 28: Acc=50.31, Loss=-262.8320, NLL=-897.4364, KL=12.6853, AvgS=385.79, ProxLoss=0.0000
2026-03-19 01:37:34,066 - Server_DefaultID - INFO - Training client 93 (17/30)...
2026-03-19 01:37:34,751 - Server_DefaultID - INFO - Client 93: Acc=55.62, Loss=-343.1190, NLL=-1160.5255, KL=13.9585, AvgS=499.46, ProxLoss=0.0000
2026-03-19 01:37:34,751 - Server_DefaultID - INFO - Training client 35 (18/30)...
2026-03-19 01:37:35,731 - Server_DefaultID - INFO - Client 35: Acc=67.81, Loss=-344.1229, NLL=-1161.6635, KL=13.9632, AvgS=499.95, ProxLoss=0.0000
2026-03-19 01:37:35,731 - Server_DefaultID - INFO - Training client 48 (19/30)...
2026-03-19 01:37:41,177 - Server_DefaultID - INFO - Client 48: Acc=86.60, Loss=-343.0851, NLL=-1161.7417, KL=13.9635, AvgS=499.99, ProxLoss=0.0000
2026-03-19 01:37:41,177 - Server_DefaultID - INFO - Training client 31 (20/30)...
2026-03-19 01:37:43,626 - Server_DefaultID - INFO - Client 31: Acc=77.22, Loss=-342.8175, NLL=-1161.7538, KL=13.9636, AvgS=499.99, ProxLoss=0.0000
2026-03-19 01:37:43,627 - Server_DefaultID - INFO - Training client 89 (21/30)...
2026-03-19 01:37:47,485 - Server_DefaultID - INFO - Client 89: Acc=98.55, Loss=-341.4088, NLL=-1161.7588, KL=13.9636, AvgS=500.00, ProxLoss=0.0000
2026-03-19 01:37:47,485 - Server_DefaultID - INFO - Training client 37 (22/30)...
2026-03-19 01:37:48,695 - Server_DefaultID - INFO - Client 37: Acc=80.39, Loss=-344.1730, NLL=-1161.7178, KL=13.9634, AvgS=499.98, ProxLoss=0.0000
2026-03-19 01:37:48,696 - Server_DefaultID - INFO - Training client 8 (23/30)...
2026-03-19 01:37:49,373 - Server_DefaultID - INFO - Client 8: Acc=87.81, Loss=-342.4861, NLL=-1161.4806, KL=13.9625, AvgS=499.88, ProxLoss=0.0000
2026-03-19 01:37:49,373 - Server_DefaultID - INFO - Training client 95 (24/30)...
2026-03-19 01:37:51,831 - Server_DefaultID - INFO - Client 95: Acc=62.29, Loss=-341.8104, NLL=-1161.6665, KL=13.9632, AvgS=499.96, ProxLoss=0.0000
2026-03-19 01:37:51,832 - Server_DefaultID - INFO - Training client 42 (25/30)...
2026-03-19 01:37:53,407 - Server_DefaultID - INFO - Client 42: Acc=90.73, Loss=-342.7988, NLL=-1161.6379, KL=13.9631, AvgS=499.94, ProxLoss=0.0000
2026-03-19 01:37:53,407 - Server_DefaultID - INFO - Training client 60 (26/30)...
2026-03-19 01:37:54,472 - Server_DefaultID - INFO - Client 60: Acc=62.81, Loss=-342.3194, NLL=-1161.7680, KL=13.9636, AvgS=500.00, ProxLoss=0.0000
2026-03-19 01:37:54,472 - Server_DefaultID - INFO - Training client 12 (27/30)...
2026-03-19 01:37:56,011 - Server_DefaultID - INFO - Client 12: Acc=73.62, Loss=-344.6313, NLL=-1161.6614, KL=13.9632, AvgS=499.95, ProxLoss=0.0000
2026-03-19 01:37:56,011 - Server_DefaultID - INFO - Training client 11 (28/30)...
2026-03-19 01:37:57,757 - Server_DefaultID - INFO - Client 11: Acc=86.93, Loss=-343.2644, NLL=-1161.7559, KL=13.9636, AvgS=499.99, ProxLoss=0.0000
2026-03-19 01:37:57,757 - Server_DefaultID - INFO - Training client 1 (29/30)...
2026-03-19 01:37:58,453 - Server_DefaultID - INFO - Client 1: Acc=44.38, Loss=-342.4529, NLL=-1159.5829, KL=13.9546, AvgS=499.06, ProxLoss=0.0000
2026-03-19 01:37:58,453 - Server_DefaultID - INFO - Training client 32 (30/30)...
2026-03-19 01:38:00,202 - Server_DefaultID - INFO - Client 32: Acc=80.21, Loss=-343.5187, NLL=-1161.7376, KL=13.9635, AvgS=499.99, ProxLoss=0.0000
2026-03-19 01:38:00,453 - Server_DefaultID - WARNING - Global prior extremely imbalanced (max/min=1.0), applied adaptive smoothing lam=0.10.
2026-03-19 01:38:00,454 - Server_DefaultID - INFO - Round [46/200] Summary | Avg Client Train Stats:	Loss [-340.6641]	 Acc [79.89]	NLL [-1154.8290]	 KL [13.9314]	AvgS [497.00]	 ProxLoss [0.0000]
GlobalPriorAlpha (first 10): [5.0, 5.0, 5.0, 5.0, 5.0, 5.0, 5.0, 5.0, 5.0, 5.0]
Round Time: 46.40s
2026-03-19 01:38:00,456 - Server_DefaultID - INFO - --- Global Round 47/200 ---
2026-03-19 01:38:00,457 - Server_DefaultID - INFO - Selected 30 active clients for round 47.
2026-03-19 01:38:00,457 - Server_DefaultID - INFO - Training client 19 (1/30)...
2026-03-19 01:38:04,216 - Server_DefaultID - INFO - Client 19: Acc=95.71, Loss=-341.5777, NLL=-1161.7581, KL=13.9636, AvgS=499.99, ProxLoss=0.0000
2026-03-19 01:38:04,216 - Server_DefaultID - INFO - Training client 90 (2/30)...
2026-03-19 01:38:06,700 - Client_90 - WARNING - Client 90: Too few classes (1) or samples (592) for alpha report, returning uniform.
2026-03-19 01:38:06,700 - Server_DefaultID - INFO - Client 90: Acc=100.00, Loss=-340.3907, NLL=-1161.7561, KL=13.9636, AvgS=499.99, ProxLoss=0.0000
2026-03-19 01:38:06,700 - Server_DefaultID - INFO - Training client 4 (3/30)...
2026-03-19 01:38:08,512 - Server_DefaultID - INFO - Client 4: Acc=74.95, Loss=-344.3662, NLL=-1161.7268, KL=13.9635, AvgS=499.98, ProxLoss=0.0000
2026-03-19 01:38:08,512 - Server_DefaultID - INFO - Training client 46 (4/30)...
2026-03-19 01:38:10,879 - Server_DefaultID - INFO - Client 46: Acc=86.76, Loss=-342.9169, NLL=-1161.7193, KL=13.9634, AvgS=499.98, ProxLoss=0.0000
2026-03-19 01:38:10,879 - Server_DefaultID - INFO - Training client 97 (5/30)...
2026-03-19 01:38:18,475 - Server_DefaultID - INFO - Client 97: Acc=99.58, Loss=-340.7101, NLL=-1161.7698, KL=13.9636, AvgS=500.00, ProxLoss=0.0000
2026-03-19 01:38:18,475 - Server_DefaultID - INFO - Training client 6 (6/30)...
2026-03-19 01:38:19,478 - Server_DefaultID - INFO - Client 6: Acc=58.23, Loss=-342.8036, NLL=-1161.7602, KL=13.9636, AvgS=500.00, ProxLoss=0.0000
2026-03-19 01:38:19,478 - Server_DefaultID - INFO - Training client 96 (7/30)...
2026-03-19 01:38:22,019 - Server_DefaultID - INFO - Client 96: Acc=78.78, Loss=-342.8885, NLL=-1161.7067, KL=13.9634, AvgS=499.97, ProxLoss=0.0000
2026-03-19 01:38:22,020 - Server_DefaultID - INFO - Training client 62 (8/30)...
2026-03-19 01:38:22,725 - Server_DefaultID - INFO - Client 62: Acc=90.78, Loss=-343.5566, NLL=-1161.5863, KL=13.9629, AvgS=499.92, ProxLoss=0.0000
2026-03-19 01:38:22,726 - Server_DefaultID - INFO - Training client 63 (9/30)...
2026-03-19 01:38:24,130 - Server_DefaultID - INFO - Client 63: Acc=67.56, Loss=-343.0548, NLL=-1161.6352, KL=13.9631, AvgS=499.94, ProxLoss=0.0000
2026-03-19 01:38:24,130 - Server_DefaultID - INFO - Training client 64 (10/30)...
2026-03-19 01:38:24,551 - Server_DefaultID - INFO - Client 64: Acc=61.25, Loss=-333.4003, NLL=-1130.8789, KL=13.8338, AvgS=486.65, ProxLoss=0.0000
2026-03-19 01:38:24,551 - Server_DefaultID - INFO - Training client 8 (11/30)...
2026-03-19 01:38:25,280 - Server_DefaultID - INFO - Client 8: Acc=86.88, Loss=-342.6935, NLL=-1161.6434, KL=13.9631, AvgS=499.95, ProxLoss=0.0000
2026-03-19 01:38:25,280 - Server_DefaultID - INFO - Training client 67 (12/30)...
2026-03-19 01:38:26,927 - Server_DefaultID - INFO - Client 67: Acc=70.47, Loss=-343.6198, NLL=-1161.7150, KL=13.9634, AvgS=499.98, ProxLoss=0.0000
2026-03-19 01:38:26,927 - Server_DefaultID - INFO - Training client 51 (13/30)...
2026-03-19 01:38:27,609 - Server_DefaultID - INFO - Client 51: Acc=48.59, Loss=-344.0897, NLL=-1160.4246, KL=13.9583, AvgS=499.42, ProxLoss=0.0000
2026-03-19 01:38:27,610 - Server_DefaultID - INFO - Training client 71 (14/30)...
2026-03-19 01:38:28,270 - Server_DefaultID - INFO - Client 71: Acc=69.06, Loss=-343.7823, NLL=-1161.7231, KL=13.9634, AvgS=499.98, ProxLoss=0.0000
2026-03-19 01:38:28,270 - Server_DefaultID - INFO - Training client 39 (15/30)...
2026-03-19 01:38:32,375 - Server_DefaultID - INFO - Client 39: Acc=77.65, Loss=-342.9017, NLL=-1161.7090, KL=13.9634, AvgS=499.97, ProxLoss=0.0000
2026-03-19 01:38:32,375 - Server_DefaultID - INFO - Training client 24 (16/30)...
2026-03-19 01:38:32,791 - Server_DefaultID - INFO - Client 24: Acc=53.12, Loss=-223.7014, NLL=-757.9014, KL=11.9726, AvgS=325.58, ProxLoss=0.0000
2026-03-19 01:38:32,792 - Server_DefaultID - INFO - Training client 44 (17/30)...
2026-03-19 01:38:35,370 - Server_DefaultID - INFO - Client 44: Acc=89.17, Loss=-342.6525, NLL=-1161.6709, KL=13.9632, AvgS=499.96, ProxLoss=0.0000
2026-03-19 01:38:35,371 - Server_DefaultID - INFO - Training client 91 (18/30)...
2026-03-19 01:38:36,245 - Server_DefaultID - INFO - Client 91: Acc=87.81, Loss=-341.5264, NLL=-1161.5315, KL=13.9626, AvgS=499.90, ProxLoss=0.0000
2026-03-19 01:38:36,245 - Server_DefaultID - INFO - Training client 9 (19/30)...
2026-03-19 01:38:38,018 - Server_DefaultID - INFO - Client 9: Acc=97.63, Loss=-341.5745, NLL=-1161.7465, KL=13.9635, AvgS=499.99, ProxLoss=0.0000
2026-03-19 01:38:38,018 - Server_DefaultID - INFO - Training client 61 (20/30)...
2026-03-19 01:38:39,397 - Server_DefaultID - INFO - Client 61: Acc=66.19, Loss=-344.9293, NLL=-1161.7256, KL=13.9635, AvgS=499.98, ProxLoss=0.0000
2026-03-19 01:38:39,397 - Server_DefaultID - INFO - Training client 32 (21/30)...
2026-03-19 01:38:40,950 - Server_DefaultID - INFO - Client 32: Acc=80.36, Loss=-343.3659, NLL=-1161.4952, KL=13.9626, AvgS=499.88, ProxLoss=0.0000
2026-03-19 01:38:40,950 - Server_DefaultID - INFO - Training client 22 (22/30)...
2026-03-19 01:38:41,574 - Server_DefaultID - INFO - Client 22: Acc=92.19, Loss=-343.0520, NLL=-1161.3227, KL=13.9619, AvgS=499.81, ProxLoss=0.0000
2026-03-19 01:38:41,574 - Server_DefaultID - INFO - Training client 65 (23/30)...
2026-03-19 01:38:41,957 - Server_DefaultID - INFO - Client 65: Acc=48.44, Loss=-195.1213, NLL=-665.6207, KL=11.4530, AvgS=285.72, ProxLoss=0.0000
2026-03-19 01:38:41,957 - Server_DefaultID - INFO - Training client 57 (24/30)...
2026-03-19 01:38:45,907 - Server_DefaultID - INFO - Client 57: Acc=94.74, Loss=-342.6156, NLL=-1161.7640, KL=13.9636, AvgS=500.00, ProxLoss=0.0000
2026-03-19 01:38:45,907 - Server_DefaultID - INFO - Training client 83 (25/30)...
2026-03-19 01:38:49,543 - Server_DefaultID - INFO - Client 83: Acc=99.75, Loss=-340.6021, NLL=-1161.7576, KL=13.9636, AvgS=499.99, ProxLoss=0.0000
2026-03-19 01:38:49,543 - Server_DefaultID - INFO - Training client 5 (26/30)...
2026-03-19 01:38:49,941 - Server_DefaultID - INFO - Client 5: Acc=70.62, Loss=-344.1117, NLL=-1161.5187, KL=13.9627, AvgS=499.89, ProxLoss=0.0000
2026-03-19 01:38:49,941 - Server_DefaultID - INFO - Training client 34 (27/30)...
2026-03-19 01:38:50,903 - Server_DefaultID - INFO - Client 34: Acc=71.67, Loss=-343.7948, NLL=-1161.6503, KL=13.9632, AvgS=499.95, ProxLoss=0.0000
2026-03-19 01:38:50,903 - Server_DefaultID - INFO - Training client 3 (28/30)...
2026-03-19 01:38:52,516 - Server_DefaultID - INFO - Client 3: Acc=64.64, Loss=-344.6214, NLL=-1161.7424, KL=13.9635, AvgS=499.99, ProxLoss=0.0000
2026-03-19 01:38:52,517 - Server_DefaultID - INFO - Training client 42 (29/30)...
2026-03-19 01:38:53,986 - Server_DefaultID - INFO - Client 42: Acc=90.16, Loss=-342.9433, NLL=-1161.6579, KL=13.9632, AvgS=499.95, ProxLoss=0.0000
2026-03-19 01:38:53,986 - Server_DefaultID - INFO - Training client 82 (30/30)...
2026-03-19 01:38:55,183 - Server_DefaultID - INFO - Client 82: Acc=86.12, Loss=-342.4046, NLL=-1161.6042, KL=13.9630, AvgS=499.93, ProxLoss=0.0000
2026-03-19 01:38:55,328 - Server_DefaultID - WARNING - Global prior extremely imbalanced (max/min=1.0), applied adaptive smoothing lam=0.10.
2026-03-19 01:38:55,328 - Server_DefaultID - INFO - Round [47/200] Summary | Avg Client Train Stats:	Loss [-340.7214]	 Acc [85.66]	NLL [-1155.9345]	 KL [13.9348]	AvgS [497.48]	 ProxLoss [0.0000]
GlobalPriorAlpha (first 10): [5.0, 5.0, 5.0, 5.0, 5.0, 5.0, 5.0, 5.0, 5.0, 5.0]
Round Time: 54.87s
2026-03-19 01:38:55,331 - Server_DefaultID - INFO - --- Global Round 48/200 ---
2026-03-19 01:38:55,332 - Server_DefaultID - INFO - Selected 30 active clients for round 48.
2026-03-19 01:38:55,332 - Server_DefaultID - INFO - Training client 72 (1/30)...
2026-03-19 01:38:56,519 - Server_DefaultID - INFO - Client 72: Acc=94.92, Loss=-341.9618, NLL=-1161.7161, KL=13.9634, AvgS=499.98, ProxLoss=0.0000
2026-03-19 01:38:56,519 - Server_DefaultID - INFO - Training client 15 (2/30)...
2026-03-19 01:38:57,183 - Server_DefaultID - INFO - Client 15: Acc=44.69, Loss=-342.7035, NLL=-1160.8699, KL=13.9601, AvgS=499.61, ProxLoss=0.0000
2026-03-19 01:38:57,183 - Server_DefaultID - INFO - Training client 19 (3/30)...
2026-03-19 01:39:00,486 - Server_DefaultID - INFO - Client 19: Acc=95.78, Loss=-341.5732, NLL=-1161.7384, KL=13.9635, AvgS=499.99, ProxLoss=0.0000
2026-03-19 01:39:00,486 - Server_DefaultID - INFO - Training client 21 (4/30)...
2026-03-19 01:39:02,436 - Server_DefaultID - INFO - Client 21: Acc=59.57, Loss=-344.3867, NLL=-1161.7032, KL=13.9634, AvgS=499.97, ProxLoss=0.0000
2026-03-19 01:39:02,437 - Server_DefaultID - INFO - Training client 47 (5/30)...
2026-03-19 01:39:03,883 - Server_DefaultID - INFO - Client 47: Acc=57.08, Loss=-344.2048, NLL=-1161.7354, KL=13.9635, AvgS=499.99, ProxLoss=0.0000
2026-03-19 01:39:03,883 - Server_DefaultID - INFO - Training client 10 (6/30)...
2026-03-19 01:39:04,879 - Server_DefaultID - INFO - Client 10: Acc=36.41, Loss=-344.2609, NLL=-1161.6199, KL=13.9630, AvgS=499.94, ProxLoss=0.0000
2026-03-19 01:39:04,879 - Server_DefaultID - INFO - Training client 26 (7/30)...
2026-03-19 01:39:08,624 - Server_DefaultID - INFO - Client 26: Acc=96.12, Loss=-342.0019, NLL=-1161.7354, KL=13.9635, AvgS=499.99, ProxLoss=0.0000
2026-03-19 01:39:08,624 - Server_DefaultID - INFO - Training client 43 (8/30)...
2026-03-19 01:39:10,903 - Server_DefaultID - INFO - Client 43: Acc=81.19, Loss=-342.6258, NLL=-1161.6773, KL=13.9633, AvgS=499.96, ProxLoss=0.0000
2026-03-19 01:39:10,903 - Server_DefaultID - INFO - Training client 8 (9/30)...
2026-03-19 01:39:11,441 - Server_DefaultID - INFO - Client 8: Acc=87.03, Loss=-342.6408, NLL=-1161.2015, KL=13.9614, AvgS=499.75, ProxLoss=0.0000
2026-03-19 01:39:11,441 - Server_DefaultID - INFO - Training client 53 (10/30)...
2026-03-19 01:39:13,796 - Server_DefaultID - INFO - Client 53: Acc=96.25, Loss=-342.2405, NLL=-1161.7538, KL=13.9636, AvgS=499.99, ProxLoss=0.0000
2026-03-19 01:39:13,796 - Server_DefaultID - INFO - Training client 97 (11/30)...
2026-03-19 01:39:18,999 - Server_DefaultID - INFO - Client 97: Acc=99.58, Loss=-340.6919, NLL=-1161.7689, KL=13.9636, AvgS=500.00, ProxLoss=0.0000
2026-03-19 01:39:18,999 - Server_DefaultID - INFO - Training client 96 (12/30)...
2026-03-19 01:39:22,219 - Server_DefaultID - INFO - Client 96: Acc=79.93, Loss=-342.8394, NLL=-1161.7277, KL=13.9635, AvgS=499.98, ProxLoss=0.0000
2026-03-19 01:39:22,220 - Server_DefaultID - INFO - Training client 31 (13/30)...
2026-03-19 01:39:24,146 - Server_DefaultID - INFO - Client 31: Acc=77.08, Loss=-342.7262, NLL=-1161.7228, KL=13.9634, AvgS=499.98, ProxLoss=0.0000
2026-03-19 01:39:24,146 - Server_DefaultID - INFO - Training client 82 (14/30)...
2026-03-19 01:39:25,294 - Server_DefaultID - INFO - Client 82: Acc=87.06, Loss=-342.5429, NLL=-1161.7694, KL=13.9636, AvgS=500.00, ProxLoss=0.0000
2026-03-19 01:39:25,294 - Server_DefaultID - INFO - Training client 83 (15/30)...
2026-03-19 01:39:27,761 - Server_DefaultID - INFO - Client 83: Acc=99.69, Loss=-340.5902, NLL=-1161.7693, KL=13.9636, AvgS=500.00, ProxLoss=0.0000
2026-03-19 01:39:27,761 - Server_DefaultID - INFO - Training client 59 (16/30)...
2026-03-19 01:39:29,900 - Server_DefaultID - INFO - Client 59: Acc=79.62, Loss=-342.9324, NLL=-1161.7587, KL=13.9636, AvgS=500.00, ProxLoss=0.0000
2026-03-19 01:39:29,900 - Server_DefaultID - INFO - Training client 68 (17/30)...
2026-03-19 01:39:31,829 - Server_DefaultID - INFO - Client 68: Acc=77.36, Loss=-341.4652, NLL=-1161.7422, KL=13.9635, AvgS=499.99, ProxLoss=0.0000
2026-03-19 01:39:31,829 - Server_DefaultID - INFO - Training client 38 (18/30)...
2026-03-19 01:39:32,356 - Server_DefaultID - INFO - Client 38: Acc=55.16, Loss=-344.9970, NLL=-1161.7446, KL=13.9635, AvgS=499.99, ProxLoss=0.0000
2026-03-19 01:39:32,356 - Server_DefaultID - INFO - Training client 49 (19/30)...
2026-03-19 01:39:33,976 - Server_DefaultID - INFO - Client 49: Acc=80.62, Loss=-342.6422, NLL=-1161.7349, KL=13.9635, AvgS=499.98, ProxLoss=0.0000
2026-03-19 01:39:33,976 - Server_DefaultID - INFO - Training client 89 (20/30)...
2026-03-19 01:39:37,129 - Server_DefaultID - INFO - Client 89: Acc=98.55, Loss=-341.3356, NLL=-1161.7372, KL=13.9635, AvgS=499.99, ProxLoss=0.0000
2026-03-19 01:39:37,129 - Server_DefaultID - INFO - Training client 7 (21/30)...
2026-03-19 01:39:38,525 - Server_DefaultID - INFO - Client 7: Acc=57.71, Loss=-343.0341, NLL=-1161.7476, KL=13.9635, AvgS=499.99, ProxLoss=0.0000
2026-03-19 01:39:38,525 - Server_DefaultID - INFO - Training client 84 (22/30)...
2026-03-19 01:39:38,930 - Server_DefaultID - INFO - Client 84: Acc=60.00, Loss=-241.9897, NLL=-827.3955, KL=12.3846, AvgS=355.51, ProxLoss=0.0000
2026-03-19 01:39:38,930 - Server_DefaultID - INFO - Training client 42 (23/30)...
2026-03-19 01:39:40,299 - Server_DefaultID - INFO - Client 42: Acc=90.47, Loss=-342.6974, NLL=-1161.7475, KL=13.9635, AvgS=499.99, ProxLoss=0.0000
2026-03-19 01:39:40,299 - Server_DefaultID - INFO - Training client 55 (24/30)...
2026-03-19 01:39:46,420 - Server_DefaultID - INFO - Client 55: Acc=85.17, Loss=-343.5009, NLL=-1161.7260, KL=13.9635, AvgS=499.98, ProxLoss=0.0000
2026-03-19 01:39:46,420 - Server_DefaultID - INFO - Training client 51 (25/30)...
2026-03-19 01:39:47,058 - Server_DefaultID - INFO - Client 51: Acc=47.03, Loss=-344.7298, NLL=-1161.6123, KL=13.9630, AvgS=499.93, ProxLoss=0.0000
2026-03-19 01:39:47,058 - Server_DefaultID - INFO - Training client 88 (26/30)...
2026-03-19 01:39:48,511 - Server_DefaultID - INFO - Client 88: Acc=57.92, Loss=-343.4717, NLL=-1161.3936, KL=13.9621, AvgS=499.84, ProxLoss=0.0000
2026-03-19 01:39:48,512 - Server_DefaultID - INFO - Training client 71 (27/30)...
2026-03-19 01:39:49,131 - Server_DefaultID - INFO - Client 71: Acc=65.94, Loss=-343.7258, NLL=-1161.3243, KL=13.9619, AvgS=499.81, ProxLoss=0.0000
2026-03-19 01:39:49,131 - Server_DefaultID - INFO - Training client 12 (28/30)...
2026-03-19 01:39:50,328 - Server_DefaultID - INFO - Client 12: Acc=73.81, Loss=-344.3270, NLL=-1161.7557, KL=13.9636, AvgS=499.99, ProxLoss=0.0000
2026-03-19 01:39:50,329 - Server_DefaultID - INFO - Training client 69 (29/30)...
2026-03-19 01:39:50,864 - Server_DefaultID - INFO - Client 69: Acc=55.00, Loss=-343.2132, NLL=-1160.8928, KL=13.9601, AvgS=499.62, ProxLoss=0.0000
2026-03-19 01:39:50,864 - Server_DefaultID - INFO - Training client 95 (30/30)...
2026-03-19 01:39:54,313 - Server_DefaultID - INFO - Client 95: Acc=65.10, Loss=-341.8006, NLL=-1161.7556, KL=13.9636, AvgS=499.99, ProxLoss=0.0000
2026-03-19 01:39:54,483 - Server_DefaultID - WARNING - Global prior extremely imbalanced (max/min=1.0), applied adaptive smoothing lam=0.10.
2026-03-19 01:39:54,483 - Server_DefaultID - INFO - Round [48/200] Summary | Avg Client Train Stats:	Loss [-342.1432]	 Acc [82.41]	NLL [-1160.6420]	 KL [13.9584]	AvgS [499.51]	 ProxLoss [0.0000]
GlobalPriorAlpha (first 10): [5.0, 5.0, 5.0, 5.0, 5.0, 5.0, 5.0, 5.0, 5.0, 5.0]
Round Time: 59.15s
2026-03-19 01:39:54,486 - Server_DefaultID - INFO - --- Global Round 49/200 ---
2026-03-19 01:39:54,486 - Server_DefaultID - INFO - Selected 30 active clients for round 49.
2026-03-19 01:39:54,487 - Server_DefaultID - INFO - Training client 98 (1/30)...
2026-03-19 01:39:55,249 - Server_DefaultID - INFO - Client 98: Acc=86.98, Loss=-341.4419, NLL=-1161.6594, KL=13.9632, AvgS=499.95, ProxLoss=0.0000
2026-03-19 01:39:55,249 - Server_DefaultID - INFO - Training client 61 (2/30)...
2026-03-19 01:39:56,574 - Server_DefaultID - INFO - Client 61: Acc=64.25, Loss=-344.6897, NLL=-1161.6456, KL=13.9631, AvgS=499.95, ProxLoss=0.0000
2026-03-19 01:39:56,574 - Server_DefaultID - INFO - Training client 71 (3/30)...
2026-03-19 01:39:57,153 - Server_DefaultID - INFO - Client 71: Acc=62.97, Loss=-343.6226, NLL=-1161.6459, KL=13.9632, AvgS=499.95, ProxLoss=0.0000
2026-03-19 01:39:57,154 - Server_DefaultID - INFO - Training client 36 (4/30)...
2026-03-19 01:40:02,161 - Server_DefaultID - INFO - Client 36: Acc=90.95, Loss=-341.6532, NLL=-1161.7598, KL=13.9636, AvgS=500.00, ProxLoss=0.0000
2026-03-19 01:40:02,161 - Server_DefaultID - INFO - Training client 2 (5/30)...
2026-03-19 01:40:04,034 - Server_DefaultID - INFO - Client 2: Acc=79.27, Loss=-342.7205, NLL=-1161.2171, KL=13.9614, AvgS=499.76, ProxLoss=0.0000
2026-03-19 01:40:04,034 - Server_DefaultID - INFO - Training client 45 (6/30)...
2026-03-19 01:40:05,563 - Server_DefaultID - INFO - Client 45: Acc=64.38, Loss=-342.4471, NLL=-1161.5434, KL=13.9627, AvgS=499.90, ProxLoss=0.0000
2026-03-19 01:40:05,563 - Server_DefaultID - INFO - Training client 62 (7/30)...
2026-03-19 01:40:06,116 - Server_DefaultID - INFO - Client 62: Acc=88.12, Loss=-343.6777, NLL=-1161.6727, KL=13.9633, AvgS=499.96, ProxLoss=0.0000
2026-03-19 01:40:06,116 - Server_DefaultID - INFO - Training client 88 (8/30)...
2026-03-19 01:40:07,422 - Server_DefaultID - INFO - Client 88: Acc=58.44, Loss=-343.6684, NLL=-1161.6595, KL=13.9632, AvgS=499.95, ProxLoss=0.0000
2026-03-19 01:40:07,422 - Server_DefaultID - INFO - Training client 35 (9/30)...
2026-03-19 01:40:08,178 - Server_DefaultID - INFO - Client 35: Acc=68.12, Loss=-343.8649, NLL=-1161.4037, KL=13.9622, AvgS=499.84, ProxLoss=0.0000
2026-03-19 01:40:08,178 - Server_DefaultID - INFO - Training client 9 (10/30)...
2026-03-19 01:40:09,759 - Server_DefaultID - INFO - Client 9: Acc=97.54, Loss=-341.4985, NLL=-1161.7602, KL=13.9636, AvgS=500.00, ProxLoss=0.0000
2026-03-19 01:40:09,759 - Server_DefaultID - INFO - Training client 94 (11/30)...
2026-03-19 01:40:12,084 - Server_DefaultID - INFO - Client 94: Acc=72.44, Loss=-342.6892, NLL=-1161.7172, KL=13.9634, AvgS=499.98, ProxLoss=0.0000
2026-03-19 01:40:12,084 - Server_DefaultID - INFO - Training client 22 (12/30)...
2026-03-19 01:40:12,713 - Server_DefaultID - INFO - Client 22: Acc=92.19, Loss=-343.3473, NLL=-1161.5057, KL=13.9626, AvgS=499.89, ProxLoss=0.0000
2026-03-19 01:40:12,713 - Server_DefaultID - INFO - Training client 84 (13/30)...
2026-03-19 01:40:13,115 - Server_DefaultID - INFO - Client 84: Acc=51.70, Loss=-265.3698, NLL=-905.9969, KL=12.7921, AvgS=389.46, ProxLoss=0.0000
2026-03-19 01:40:13,115 - Server_DefaultID - INFO - Training client 70 (14/30)...
2026-03-19 01:40:14,371 - Server_DefaultID - INFO - Client 70: Acc=76.44, Loss=-341.8416, NLL=-1161.7086, KL=13.9634, AvgS=499.97, ProxLoss=0.0000
2026-03-19 01:40:14,371 - Server_DefaultID - INFO - Training client 66 (15/30)...
2026-03-19 01:40:15,947 - Server_DefaultID - INFO - Client 66: Acc=88.12, Loss=-342.3752, NLL=-1161.6581, KL=13.9632, AvgS=499.95, ProxLoss=0.0000
2026-03-19 01:40:15,947 - Server_DefaultID - INFO - Training client 93 (16/30)...
2026-03-19 01:40:16,541 - Server_DefaultID - INFO - Client 93: Acc=52.50, Loss=-343.4435, NLL=-1161.3384, KL=13.9619, AvgS=499.81, ProxLoss=0.0000
2026-03-19 01:40:16,541 - Server_DefaultID - INFO - Training client 53 (17/30)...
2026-03-19 01:40:18,703 - Server_DefaultID - INFO - Client 53: Acc=96.38, Loss=-342.1965, NLL=-1161.7695, KL=13.9636, AvgS=500.00, ProxLoss=0.0000
2026-03-19 01:40:18,703 - Server_DefaultID - INFO - Training client 0 (18/30)...
2026-03-19 01:40:19,085 - Server_DefaultID - INFO - Client 0: Acc=35.94, Loss=-343.1085, NLL=-1161.5343, KL=13.9627, AvgS=499.90, ProxLoss=0.0000
2026-03-19 01:40:19,086 - Server_DefaultID - INFO - Training client 52 (19/30)...
2026-03-19 01:40:19,887 - Server_DefaultID - INFO - Client 52: Acc=69.79, Loss=-342.7476, NLL=-1161.3961, KL=13.9622, AvgS=499.84, ProxLoss=0.0000
2026-03-19 01:40:19,887 - Server_DefaultID - INFO - Training client 42 (20/30)...
2026-03-19 01:40:21,352 - Server_DefaultID - INFO - Client 42: Acc=90.36, Loss=-342.7140, NLL=-1161.7523, KL=13.9636, AvgS=499.99, ProxLoss=0.0000
2026-03-19 01:40:21,353 - Server_DefaultID - INFO - Training client 30 (21/30)...
2026-03-19 01:40:23,072 - Server_DefaultID - INFO - Client 30: Acc=86.37, Loss=-341.4579, NLL=-1161.6667, KL=13.9632, AvgS=499.96, ProxLoss=0.0000
2026-03-19 01:40:23,073 - Server_DefaultID - INFO - Training client 13 (22/30)...
2026-03-19 01:40:23,478 - Server_DefaultID - INFO - Client 13: Acc=49.38, Loss=-341.9898, NLL=-1160.5766, KL=13.9589, AvgS=499.48, ProxLoss=0.0000
2026-03-19 01:40:23,478 - Server_DefaultID - INFO - Training client 76 (23/30)...
2026-03-19 01:40:25,228 - Server_DefaultID - INFO - Client 76: Acc=71.84, Loss=-344.5309, NLL=-1161.7312, KL=13.9635, AvgS=499.98, ProxLoss=0.0000
2026-03-19 01:40:25,228 - Server_DefaultID - INFO - Training client 83 (24/30)...
2026-03-19 01:40:28,849 - Server_DefaultID - INFO - Client 83: Acc=99.72, Loss=-340.5201, NLL=-1161.7274, KL=13.9635, AvgS=499.98, ProxLoss=0.0000
2026-03-19 01:40:28,849 - Server_DefaultID - INFO - Training client 28 (25/30)...
2026-03-19 01:40:29,262 - Server_DefaultID - INFO - Client 28: Acc=51.25, Loss=-289.8526, NLL=-986.8020, KL=13.1591, AvgS=424.39, ProxLoss=0.0000
2026-03-19 01:40:29,262 - Server_DefaultID - INFO - Training client 27 (26/30)...
2026-03-19 01:40:30,119 - Server_DefaultID - INFO - Client 27: Acc=68.02, Loss=-343.9353, NLL=-1161.6842, KL=13.9633, AvgS=499.96, ProxLoss=0.0000
2026-03-19 01:40:30,119 - Server_DefaultID - INFO - Training client 86 (27/30)...
2026-03-19 01:40:31,390 - Server_DefaultID - INFO - Client 86: Acc=77.25, Loss=-342.8535, NLL=-1161.7296, KL=13.9635, AvgS=499.98, ProxLoss=0.0000
2026-03-19 01:40:31,390 - Server_DefaultID - INFO - Training client 44 (28/30)...
2026-03-19 01:40:33,652 - Server_DefaultID - INFO - Client 44: Acc=89.90, Loss=-342.5119, NLL=-1161.7074, KL=13.9634, AvgS=499.97, ProxLoss=0.0000
2026-03-19 01:40:33,652 - Server_DefaultID - INFO - Training client 72 (29/30)...
2026-03-19 01:40:34,773 - Server_DefaultID - INFO - Client 72: Acc=95.00, Loss=-342.2693, NLL=-1161.7699, KL=13.9636, AvgS=500.00, ProxLoss=0.0000
2026-03-19 01:40:34,773 - Server_DefaultID - INFO - Training client 26 (30/30)...
2026-03-19 01:40:38,231 - Server_DefaultID - INFO - Client 26: Acc=96.03, Loss=-341.9590, NLL=-1161.7549, KL=13.9636, AvgS=499.99, ProxLoss=0.0000
2026-03-19 01:40:38,304 - Server_DefaultID - WARNING - Global prior extremely imbalanced (max/min=1.0), applied adaptive smoothing lam=0.10.
2026-03-19 01:40:38,305 - Server_DefaultID - INFO - Round [49/200] Summary | Avg Client Train Stats:	Loss [-341.6122]	 Acc [82.50]	NLL [-1158.9319]	 KL [13.9507]	AvgS [498.77]	 ProxLoss [0.0000]
GlobalPriorAlpha (first 10): [5.0, 5.0, 5.0, 5.0, 5.0, 5.0, 5.0, 5.0, 5.0, 5.0]
Round Time: 43.82s
2026-03-19 01:40:38,307 - Server_DefaultID - INFO - --- Global Round 50/200 ---
2026-03-19 01:40:38,307 - Server_DefaultID - INFO - Selected 30 active clients for round 50.
2026-03-19 01:40:38,307 - Server_DefaultID - INFO - Training client 51 (1/30)...
2026-03-19 01:40:38,906 - Server_DefaultID - INFO - Client 51: Acc=43.91, Loss=-344.0836, NLL=-1161.2515, KL=13.9616, AvgS=499.78, ProxLoss=0.0000
2026-03-19 01:40:38,906 - Server_DefaultID - INFO - Training client 43 (2/30)...
2026-03-19 01:40:41,457 - Server_DefaultID - INFO - Client 43: Acc=81.11, Loss=-342.5635, NLL=-1161.7158, KL=13.9634, AvgS=499.98, ProxLoss=0.0000
2026-03-19 01:40:41,458 - Server_DefaultID - INFO - Training client 76 (3/30)...
2026-03-19 01:40:43,211 - Server_DefaultID - INFO - Client 76: Acc=70.94, Loss=-344.4014, NLL=-1161.7418, KL=13.9635, AvgS=499.99, ProxLoss=0.0000
2026-03-19 01:40:43,211 - Server_DefaultID - INFO - Training client 81 (4/30)...
2026-03-19 01:40:44,853 - Server_DefaultID - INFO - Client 81: Acc=76.34, Loss=-342.6348, NLL=-1161.6714, KL=13.9632, AvgS=499.96, ProxLoss=0.0000
2026-03-19 01:40:44,853 - Server_DefaultID - INFO - Training client 36 (5/30)...
2026-03-19 01:40:49,564 - Server_DefaultID - INFO - Client 36: Acc=91.68, Loss=-341.6137, NLL=-1161.7502, KL=13.9635, AvgS=499.99, ProxLoss=0.0000
2026-03-19 01:40:49,564 - Server_DefaultID - INFO - Training client 40 (6/30)...
2026-03-19 01:40:50,996 - Server_DefaultID - INFO - Client 40: Acc=68.23, Loss=-344.2759, NLL=-1161.6779, KL=13.9633, AvgS=499.96, ProxLoss=0.0000
2026-03-19 01:40:50,996 - Server_DefaultID - INFO - Training client 16 (7/30)...
2026-03-19 01:40:51,656 - Server_DefaultID - INFO - Client 16: Acc=54.69, Loss=-342.2034, NLL=-1161.6020, KL=13.9630, AvgS=499.93, ProxLoss=0.0000
2026-03-19 01:40:51,656 - Server_DefaultID - INFO - Training client 48 (8/30)...
2026-03-19 01:40:55,665 - Server_DefaultID - INFO - Client 48: Acc=86.67, Loss=-342.9576, NLL=-1161.7436, KL=13.9635, AvgS=499.99, ProxLoss=0.0000
2026-03-19 01:40:55,665 - Server_DefaultID - INFO - Training client 47 (9/30)...
2026-03-19 01:40:57,185 - Server_DefaultID - INFO - Client 47: Acc=57.81, Loss=-344.1691, NLL=-1161.6845, KL=13.9633, AvgS=499.96, ProxLoss=0.0000
2026-03-19 01:40:57,185 - Server_DefaultID - INFO - Training client 77 (10/30)...
2026-03-19 01:41:01,901 - Server_DefaultID - INFO - Client 77: Acc=91.17, Loss=-342.5067, NLL=-1161.6800, KL=13.9633, AvgS=499.96, ProxLoss=0.0000
2026-03-19 01:41:01,901 - Server_DefaultID - INFO - Training client 30 (11/30)...
2026-03-19 01:41:03,997 - Server_DefaultID - INFO - Client 30: Acc=87.46, Loss=-341.4472, NLL=-1161.7313, KL=13.9635, AvgS=499.98, ProxLoss=0.0000
2026-03-19 01:41:03,997 - Server_DefaultID - INFO - Training client 41 (12/30)...
2026-03-19 01:41:06,026 - Server_DefaultID - INFO - Client 41: Acc=75.98, Loss=-342.1161, NLL=-1161.7518, KL=13.9636, AvgS=499.99, ProxLoss=0.0000
2026-03-19 01:41:06,026 - Server_DefaultID - INFO - Training client 39 (13/30)...
2026-03-19 01:41:09,594 - Server_DefaultID - INFO - Client 39: Acc=78.56, Loss=-342.8765, NLL=-1161.7253, KL=13.9635, AvgS=499.98, ProxLoss=0.0000
2026-03-19 01:41:09,594 - Server_DefaultID - INFO - Training client 14 (14/30)...
2026-03-19 01:41:11,598 - Server_DefaultID - INFO - Client 14: Acc=82.64, Loss=-341.4221, NLL=-1161.7256, KL=13.9635, AvgS=499.98, ProxLoss=0.0000
2026-03-19 01:41:11,598 - Server_DefaultID - INFO - Training client 7 (15/30)...
2026-03-19 01:41:13,001 - Server_DefaultID - INFO - Client 7: Acc=59.43, Loss=-342.8524, NLL=-1161.6587, KL=13.9632, AvgS=499.95, ProxLoss=0.0000
2026-03-19 01:41:13,001 - Server_DefaultID - INFO - Training client 44 (16/30)...
2026-03-19 01:41:15,144 - Server_DefaultID - INFO - Client 44: Acc=89.27, Loss=-342.4842, NLL=-1161.7008, KL=13.9634, AvgS=499.97, ProxLoss=0.0000
2026-03-19 01:41:15,144 - Server_DefaultID - INFO - Training client 89 (17/30)...
2026-03-19 01:41:18,538 - Server_DefaultID - INFO - Client 89: Acc=98.55, Loss=-341.2725, NLL=-1161.7643, KL=13.9636, AvgS=500.00, ProxLoss=0.0000
2026-03-19 01:41:18,538 - Server_DefaultID - INFO - Training client 88 (18/30)...
2026-03-19 01:41:20,096 - Server_DefaultID - INFO - Client 88: Acc=58.75, Loss=-343.6631, NLL=-1161.6014, KL=13.9630, AvgS=499.93, ProxLoss=0.0000
2026-03-19 01:41:20,096 - Server_DefaultID - INFO - Training client 69 (19/30)...
2026-03-19 01:41:20,711 - Server_DefaultID - INFO - Client 69: Acc=59.06, Loss=-343.6517, NLL=-1161.1032, KL=13.9609, AvgS=499.71, ProxLoss=0.0000
2026-03-19 01:41:20,711 - Server_DefaultID - INFO - Training client 62 (20/30)...
2026-03-19 01:41:21,335 - Server_DefaultID - INFO - Client 62: Acc=90.31, Loss=-342.8979, NLL=-1160.8795, KL=13.9600, AvgS=499.62, ProxLoss=0.0000
2026-03-19 01:41:21,335 - Server_DefaultID - INFO - Training client 80 (21/30)...
2026-03-19 01:41:21,734 - Server_DefaultID - INFO - Client 80: Acc=63.12, Loss=-331.7674, NLL=-1124.3154, KL=13.8110, AvgS=483.83, ProxLoss=0.0000
2026-03-19 01:41:21,734 - Server_DefaultID - INFO - Training client 12 (22/30)...
2026-03-19 01:41:23,028 - Server_DefaultID - INFO - Client 12: Acc=74.31, Loss=-344.4184, NLL=-1161.7385, KL=13.9635, AvgS=499.99, ProxLoss=0.0000
2026-03-19 01:41:23,028 - Server_DefaultID - INFO - Training client 94 (23/30)...
2026-03-19 01:41:25,874 - Server_DefaultID - INFO - Client 94: Acc=71.99, Loss=-342.6418, NLL=-1161.7077, KL=13.9634, AvgS=499.97, ProxLoss=0.0000
2026-03-19 01:41:25,874 - Server_DefaultID - INFO - Training client 63 (24/30)...
2026-03-19 01:41:27,346 - Server_DefaultID - INFO - Client 63: Acc=69.56, Loss=-342.8864, NLL=-1161.6550, KL=13.9632, AvgS=499.95, ProxLoss=0.0000
2026-03-19 01:41:27,346 - Server_DefaultID - INFO - Training client 10 (25/30)...
2026-03-19 01:41:28,581 - Server_DefaultID - INFO - Client 10: Acc=36.25, Loss=-344.1153, NLL=-1161.4040, KL=13.9622, AvgS=499.84, ProxLoss=0.0000
2026-03-19 01:41:28,581 - Server_DefaultID - INFO - Training client 31 (26/30)...
2026-03-19 01:41:31,105 - Server_DefaultID - INFO - Client 31: Acc=77.15, Loss=-342.6409, NLL=-1161.7383, KL=13.9635, AvgS=499.99, ProxLoss=0.0000
2026-03-19 01:41:31,105 - Server_DefaultID - INFO - Training client 54 (27/30)...
2026-03-19 01:41:31,945 - Server_DefaultID - INFO - Client 54: Acc=73.59, Loss=-339.1962, NLL=-1154.1776, KL=13.9335, AvgS=496.72, ProxLoss=0.0000
2026-03-19 01:41:31,946 - Server_DefaultID - INFO - Training client 1 (28/30)...
2026-03-19 01:41:32,754 - Server_DefaultID - INFO - Client 1: Acc=39.84, Loss=-342.9742, NLL=-1161.2673, KL=13.9616, AvgS=499.78, ProxLoss=0.0000
2026-03-19 01:41:32,754 - Server_DefaultID - INFO - Training client 22 (29/30)...
2026-03-19 01:41:34,706 - Server_DefaultID - INFO - Client 22: Acc=91.09, Loss=-343.6469, NLL=-1161.7210, KL=13.9634, AvgS=499.98, ProxLoss=0.0000
2026-03-19 01:41:34,706 - Server_DefaultID - INFO - Training client 67 (30/30)...
2026-03-19 01:41:36,472 - Server_DefaultID - INFO - Client 67: Acc=70.89, Loss=-343.6338, NLL=-1161.6330, KL=13.9631, AvgS=499.94, ProxLoss=0.0000
2026-03-19 01:41:36,761 - Server_DefaultID - WARNING - Global prior extremely imbalanced (max/min=1.0), applied adaptive smoothing lam=0.10.
2026-03-19 01:41:36,761 - Server_DefaultID - INFO - Round [50/200] Summary | Avg Client Train Stats:	Loss [-342.5882]	 Acc [78.38]	NLL [-1161.3628]	 KL [13.9620]	AvgS [499.82]	 ProxLoss [0.0000]
GlobalPriorAlpha (first 10): [5.0, 5.0, 5.0, 5.0, 5.0, 5.0, 5.0, 5.0, 5.0, 5.0]
Round Time: 58.45s
2026-03-19 01:41:36,761 - Server_DefaultID - INFO - --- Evaluating models at round 50 ---
2026-03-19 01:42:45,880 - Server_DefaultID - INFO - Global Model Evaluation (Round 50): 
  Avg Test Acc: 68.16%
  Avg Test Acc Softmax: 68.16%
  Avg Test Loss: -1119.2589
  Avg Test NLL: -1133.9582
  Avg Test KL (vs flat prior): 13.8135
  Avg Test S: 487.99
2026-03-19 01:43:55,300 - Server_DefaultID - INFO - Personalized Model Evaluation (Round 50): 
  Avg Test Acc: 69.00%
  Avg Test Acc Softmax: 69.00%
  Avg Test Loss: -1122.7348
  Avg Test NLL: -1137.4621
  Avg Test KL (vs flat prior): 13.8409
  Avg Test S: 489.50
2026-03-19 01:43:55,300 - Server_DefaultID - INFO - [Metric 1] Personalized Brier Score | Mean: 0.4523
2026-03-19 01:43:55,300 - Server_DefaultID - INFO - [Metric 1] Personalized ECE | Mean: 0.1515
2026-03-19 01:43:55,300 - Server_DefaultID - INFO - [OOD Eval] OOD AUC-ROC (Epistemic): 0.0422
2026-03-19 01:43:55,300 - Server_DefaultID - INFO - [Metric 4] OOD FPR@95%TPR: 0.9881
2026-03-19 01:43:56,770 - Server_DefaultID - INFO - --- Global Round 51/200 ---
2026-03-19 01:43:56,770 - Server_DefaultID - INFO - Selected 30 active clients for round 51.
2026-03-19 01:43:56,771 - Server_DefaultID - INFO - Training client 79 (1/30)...
2026-03-19 01:43:58,199 - Server_DefaultID - INFO - Client 79: Acc=94.19, Loss=-341.1828, NLL=-1161.2580, KL=13.9615, AvgS=499.78, ProxLoss=0.0000
2026-03-19 01:43:58,200 - Server_DefaultID - INFO - Training client 22 (2/30)...
2026-03-19 01:43:58,980 - Server_DefaultID - INFO - Client 22: Acc=92.66, Loss=-343.0791, NLL=-1161.5751, KL=13.9629, AvgS=499.92, ProxLoss=0.0000
2026-03-19 01:43:58,980 - Server_DefaultID - INFO - Training client 8 (3/30)...
2026-03-19 01:43:59,747 - Server_DefaultID - INFO - Client 8: Acc=87.34, Loss=-340.6868, NLL=-1156.9172, KL=13.9426, AvgS=497.90, ProxLoss=0.0000
2026-03-19 01:43:59,747 - Server_DefaultID - INFO - Training client 74 (4/30)...
2026-03-19 01:44:00,945 - Server_DefaultID - INFO - Client 74: Acc=63.75, Loss=-342.7428, NLL=-1161.4323, KL=13.9623, AvgS=499.85, ProxLoss=0.0000
2026-03-19 01:44:00,945 - Server_DefaultID - INFO - Training client 63 (5/30)...
2026-03-19 01:44:02,390 - Server_DefaultID - INFO - Client 63: Acc=70.06, Loss=-342.9276, NLL=-1161.6029, KL=13.9630, AvgS=499.93, ProxLoss=0.0000
2026-03-19 01:44:02,390 - Server_DefaultID - INFO - Training client 25 (6/30)...
2026-03-19 01:44:03,055 - Server_DefaultID - INFO - Client 25: Acc=95.00, Loss=-342.7406, NLL=-1161.0672, KL=13.9608, AvgS=499.70, ProxLoss=0.0000
2026-03-19 01:44:03,055 - Server_DefaultID - INFO - Training client 57 (7/30)...
2026-03-19 01:44:07,505 - Server_DefaultID - INFO - Client 57: Acc=94.72, Loss=-342.4476, NLL=-1161.7404, KL=13.9635, AvgS=499.99, ProxLoss=0.0000
2026-03-19 01:44:07,505 - Server_DefaultID - INFO - Training client 82 (8/30)...
2026-03-19 01:44:09,040 - Server_DefaultID - INFO - Client 82: Acc=88.62, Loss=-342.4212, NLL=-1161.6758, KL=13.9633, AvgS=499.96, ProxLoss=0.0000
2026-03-19 01:44:09,041 - Server_DefaultID - INFO - Training client 15 (9/30)...
2026-03-19 01:44:09,728 - Server_DefaultID - INFO - Client 15: Acc=49.53, Loss=-341.9766, NLL=-1159.9148, KL=13.9558, AvgS=499.20, ProxLoss=0.0000
2026-03-19 01:44:09,728 - Server_DefaultID - INFO - Training client 5 (10/30)...
2026-03-19 01:44:10,230 - Server_DefaultID - INFO - Client 5: Acc=69.06, Loss=-338.3899, NLL=-1143.4681, KL=13.8801, AvgS=492.10, ProxLoss=0.0000
2026-03-19 01:44:10,230 - Server_DefaultID - INFO - Training client 32 (11/30)...
2026-03-19 01:44:11,994 - Server_DefaultID - INFO - Client 32: Acc=82.19, Loss=-343.1933, NLL=-1161.7293, KL=13.9635, AvgS=499.98, ProxLoss=0.0000
2026-03-19 01:44:11,994 - Server_DefaultID - INFO - Training client 66 (12/30)...
2026-03-19 01:44:14,162 - Server_DefaultID - INFO - Client 66: Acc=88.21, Loss=-342.4080, NLL=-1161.7699, KL=13.9636, AvgS=500.00, ProxLoss=0.0000
2026-03-19 01:44:14,162 - Server_DefaultID - INFO - Training client 50 (13/30)...
2026-03-19 01:44:19,225 - Server_DefaultID - INFO - Client 50: Acc=97.43, Loss=-341.5604, NLL=-1161.7694, KL=13.9636, AvgS=500.00, ProxLoss=0.0000
2026-03-19 01:44:19,226 - Server_DefaultID - INFO - Training client 2 (14/30)...
2026-03-19 01:44:22,792 - Server_DefaultID - INFO - Client 2: Acc=79.06, Loss=-342.6301, NLL=-1161.4540, KL=13.9624, AvgS=499.86, ProxLoss=0.0000
2026-03-19 01:44:22,792 - Server_DefaultID - INFO - Training client 48 (15/30)...
2026-03-19 01:44:27,354 - Server_DefaultID - INFO - Client 48: Acc=86.62, Loss=-342.9647, NLL=-1161.7592, KL=13.9636, AvgS=500.00, ProxLoss=0.0000
2026-03-19 01:44:27,354 - Server_DefaultID - INFO - Training client 0 (16/30)...
2026-03-19 01:44:27,760 - Server_DefaultID - INFO - Client 0: Acc=32.50, Loss=-342.1789, NLL=-1159.7601, KL=13.9553, AvgS=499.13, ProxLoss=0.0000
2026-03-19 01:44:27,760 - Server_DefaultID - INFO - Training client 16 (17/30)...
2026-03-19 01:44:28,452 - Server_DefaultID - INFO - Client 16: Acc=52.03, Loss=-341.4553, NLL=-1160.0884, KL=13.9567, AvgS=499.27, ProxLoss=0.0000
2026-03-19 01:44:28,452 - Server_DefaultID - INFO - Training client 89 (18/30)...
2026-03-19 01:44:32,211 - Server_DefaultID - INFO - Client 89: Acc=98.55, Loss=-341.1992, NLL=-1161.7603, KL=13.9636, AvgS=500.00, ProxLoss=0.0000
2026-03-19 01:44:32,211 - Server_DefaultID - INFO - Training client 38 (19/30)...
2026-03-19 01:44:32,936 - Server_DefaultID - INFO - Client 38: Acc=53.59, Loss=-344.7117, NLL=-1161.5557, KL=13.9628, AvgS=499.91, ProxLoss=0.0000
2026-03-19 01:44:32,936 - Server_DefaultID - INFO - Training client 14 (20/30)...
2026-03-19 01:44:35,508 - Server_DefaultID - INFO - Client 14: Acc=69.34, Loss=-341.2658, NLL=-1161.7388, KL=13.9635, AvgS=499.99, ProxLoss=0.0000
2026-03-19 01:44:35,508 - Server_DefaultID - INFO - Training client 91 (21/30)...
2026-03-19 01:44:36,494 - Server_DefaultID - INFO - Client 91: Acc=87.81, Loss=-341.2114, NLL=-1161.2034, KL=13.9613, AvgS=499.76, ProxLoss=0.0000
2026-03-19 01:44:36,494 - Server_DefaultID - INFO - Training client 12 (22/30)...
2026-03-19 01:44:38,065 - Server_DefaultID - INFO - Client 12: Acc=72.44, Loss=-344.1994, NLL=-1161.5555, KL=13.9627, AvgS=499.91, ProxLoss=0.0000
2026-03-19 01:44:38,065 - Server_DefaultID - INFO - Training client 28 (23/30)...
2026-03-19 01:44:38,568 - Server_DefaultID - INFO - Client 28: Acc=57.19, Loss=-307.6833, NLL=-1047.3445, KL=13.4440, AvgS=450.55, ProxLoss=0.0000
2026-03-19 01:44:38,568 - Server_DefaultID - INFO - Training client 49 (24/30)...
2026-03-19 01:44:40,498 - Server_DefaultID - INFO - Client 49: Acc=80.09, Loss=-342.5348, NLL=-1161.7683, KL=13.9636, AvgS=500.00, ProxLoss=0.0000
2026-03-19 01:44:40,498 - Server_DefaultID - INFO - Training client 78 (25/30)...
2026-03-19 01:44:48,145 - Server_DefaultID - INFO - Client 78: Acc=93.14, Loss=-342.7491, NLL=-1161.7599, KL=13.9636, AvgS=500.00, ProxLoss=0.0000
2026-03-19 01:44:48,145 - Server_DefaultID - INFO - Training client 84 (26/30)...
2026-03-19 01:44:48,589 - Server_DefaultID - INFO - Client 84: Acc=61.51, Loss=-293.5142, NLL=-1000.5894, KL=13.2528, AvgS=430.34, ProxLoss=0.0000
2026-03-19 01:44:48,589 - Server_DefaultID - INFO - Training client 30 (27/30)...
2026-03-19 01:44:50,793 - Server_DefaultID - INFO - Client 30: Acc=88.20, Loss=-341.3859, NLL=-1161.6930, KL=13.9633, AvgS=499.97, ProxLoss=0.0000
2026-03-19 01:44:50,793 - Server_DefaultID - INFO - Training client 76 (28/30)...
2026-03-19 01:44:53,029 - Server_DefaultID - INFO - Client 76: Acc=73.01, Loss=-344.4131, NLL=-1161.7445, KL=13.9635, AvgS=499.99, ProxLoss=0.0000
2026-03-19 01:44:53,029 - Server_DefaultID - INFO - Training client 87 (29/30)...
2026-03-19 01:44:56,253 - Server_DefaultID - INFO - Client 87: Acc=54.20, Loss=-344.4941, NLL=-1161.7469, KL=13.9635, AvgS=499.99, ProxLoss=0.0000
2026-03-19 01:44:56,253 - Server_DefaultID - INFO - Training client 7 (30/30)...
2026-03-19 01:44:57,931 - Server_DefaultID - INFO - Client 7: Acc=48.28, Loss=-342.9226, NLL=-1161.7282, KL=13.9635, AvgS=499.98, ProxLoss=0.0000
2026-03-19 01:44:58,168 - Server_DefaultID - WARNING - Global prior extremely imbalanced (max/min=1.0), applied adaptive smoothing lam=0.10.
2026-03-19 01:44:58,168 - Server_DefaultID - INFO - Round [51/200] Summary | Avg Client Train Stats:	Loss [-341.9785]	 Acc [83.14]	NLL [-1159.9045]	 KL [13.9553]	AvgS [499.19]	 ProxLoss [0.0000]
GlobalPriorAlpha (first 10): [5.0, 5.0, 5.0, 5.0, 5.0, 5.0, 5.0, 5.0, 5.0, 5.0]
Round Time: 61.40s
2026-03-19 01:44:58,171 - Server_DefaultID - INFO - --- Global Round 52/200 ---
2026-03-19 01:44:58,171 - Server_DefaultID - INFO - Selected 30 active clients for round 52.
2026-03-19 01:44:58,171 - Server_DefaultID - INFO - Training client 50 (1/30)...
2026-03-19 01:45:03,147 - Server_DefaultID - INFO - Client 50: Acc=97.47, Loss=-341.6001, NLL=-1161.7638, KL=13.9636, AvgS=500.00, ProxLoss=0.0000
2026-03-19 01:45:03,147 - Server_DefaultID - INFO - Training client 17 (2/30)...
2026-03-19 01:45:03,854 - Server_DefaultID - INFO - Client 17: Acc=79.06, Loss=-343.0519, NLL=-1160.0454, KL=13.9566, AvgS=499.26, ProxLoss=0.0000
2026-03-19 01:45:03,855 - Server_DefaultID - INFO - Training client 32 (3/30)...
2026-03-19 01:45:05,475 - Server_DefaultID - INFO - Client 32: Acc=81.98, Loss=-343.3101, NLL=-1161.7693, KL=13.9636, AvgS=500.00, ProxLoss=0.0000
2026-03-19 01:45:05,475 - Server_DefaultID - INFO - Training client 31 (4/30)...
2026-03-19 01:45:07,849 - Server_DefaultID - INFO - Client 31: Acc=78.75, Loss=-342.5571, NLL=-1161.7583, KL=13.9636, AvgS=500.00, ProxLoss=0.0000
2026-03-19 01:45:07,849 - Server_DefaultID - INFO - Training client 59 (5/30)...
2026-03-19 01:45:10,365 - Server_DefaultID - INFO - Client 59: Acc=80.52, Loss=-342.7663, NLL=-1161.6926, KL=13.9633, AvgS=499.97, ProxLoss=0.0000
2026-03-19 01:45:10,365 - Server_DefaultID - INFO - Training client 78 (6/30)...
2026-03-19 01:45:18,180 - Server_DefaultID - INFO - Client 78: Acc=93.14, Loss=-342.7002, NLL=-1161.7406, KL=13.9635, AvgS=499.99, ProxLoss=0.0000
2026-03-19 01:45:18,180 - Server_DefaultID - INFO - Training client 4 (7/30)...
2026-03-19 01:45:19,900 - Server_DefaultID - INFO - Client 4: Acc=67.40, Loss=-344.2469, NLL=-1161.7608, KL=13.9636, AvgS=500.00, ProxLoss=0.0000
2026-03-19 01:45:19,900 - Server_DefaultID - INFO - Training client 39 (8/30)...
2026-03-19 01:45:23,834 - Server_DefaultID - INFO - Client 39: Acc=77.94, Loss=-342.8588, NLL=-1161.7533, KL=13.9636, AvgS=499.99, ProxLoss=0.0000
2026-03-19 01:45:23,835 - Server_DefaultID - INFO - Training client 68 (9/30)...
2026-03-19 01:45:26,343 - Server_DefaultID - INFO - Client 68: Acc=78.92, Loss=-341.2932, NLL=-1161.7219, KL=13.9634, AvgS=499.98, ProxLoss=0.0000
2026-03-19 01:45:26,343 - Server_DefaultID - INFO - Training client 94 (10/30)...
2026-03-19 01:45:29,205 - Server_DefaultID - INFO - Client 94: Acc=72.07, Loss=-342.4882, NLL=-1161.7531, KL=13.9636, AvgS=499.99, ProxLoss=0.0000
2026-03-19 01:45:29,205 - Server_DefaultID - INFO - Training client 83 (11/30)...
2026-03-19 01:45:31,877 - Server_DefaultID - INFO - Client 83: Acc=99.72, Loss=-340.3942, NLL=-1161.6851, KL=13.9633, AvgS=499.96, ProxLoss=0.0000
2026-03-19 01:45:31,877 - Server_DefaultID - INFO - Training client 42 (12/30)...
2026-03-19 01:45:33,522 - Server_DefaultID - INFO - Client 42: Acc=90.73, Loss=-342.7082, NLL=-1161.6616, KL=13.9632, AvgS=499.95, ProxLoss=0.0000
2026-03-19 01:45:33,522 - Server_DefaultID - INFO - Training client 14 (13/30)...
2026-03-19 01:45:36,042 - Server_DefaultID - INFO - Client 14: Acc=81.39, Loss=-341.3322, NLL=-1161.7370, KL=13.9635, AvgS=499.99, ProxLoss=0.0000
2026-03-19 01:45:36,042 - Server_DefaultID - INFO - Training client 7 (14/30)...
2026-03-19 01:45:37,812 - Server_DefaultID - INFO - Client 7: Acc=48.23, Loss=-342.8614, NLL=-1161.7470, KL=13.9635, AvgS=499.99, ProxLoss=0.0000
2026-03-19 01:45:37,812 - Server_DefaultID - INFO - Training client 1 (15/30)...
2026-03-19 01:45:38,552 - Server_DefaultID - INFO - Client 1: Acc=43.28, Loss=-342.4302, NLL=-1160.3076, KL=13.9576, AvgS=499.37, ProxLoss=0.0000
2026-03-19 01:45:38,552 - Server_DefaultID - INFO - Training client 57 (16/30)...
2026-03-19 01:45:44,791 - Server_DefaultID - INFO - Client 57: Acc=94.47, Loss=-342.2963, NLL=-1161.7423, KL=13.9635, AvgS=499.99, ProxLoss=0.0000
2026-03-19 01:45:44,792 - Server_DefaultID - INFO - Training client 41 (17/30)...
2026-03-19 01:45:47,017 - Server_DefaultID - INFO - Client 41: Acc=78.12, Loss=-342.0060, NLL=-1161.7336, KL=13.9635, AvgS=499.98, ProxLoss=0.0000
2026-03-19 01:45:47,017 - Server_DefaultID - INFO - Training client 46 (18/30)...
2026-03-19 01:45:49,374 - Server_DefaultID - INFO - Client 46: Acc=86.84, Loss=-342.7013, NLL=-1161.7655, KL=13.9636, AvgS=500.00, ProxLoss=0.0000
2026-03-19 01:45:49,374 - Server_DefaultID - INFO - Training client 12 (19/30)...
2026-03-19 01:45:50,816 - Server_DefaultID - INFO - Client 12: Acc=72.81, Loss=-344.2514, NLL=-1161.7407, KL=13.9635, AvgS=499.99, ProxLoss=0.0000
2026-03-19 01:45:50,816 - Server_DefaultID - INFO - Training client 87 (20/30)...
2026-03-19 01:45:52,797 - Server_DefaultID - INFO - Client 87: Acc=51.56, Loss=-344.5565, NLL=-1161.7536, KL=13.9636, AvgS=499.99, ProxLoss=0.0000
2026-03-19 01:45:52,798 - Server_DefaultID - INFO - Training client 24 (21/30)...
2026-03-19 01:45:53,255 - Server_DefaultID - INFO - Client 24: Acc=51.56, Loss=-248.4615, NLL=-841.5331, KL=12.4570, AvgS=361.68, ProxLoss=0.0000
2026-03-19 01:45:53,255 - Server_DefaultID - INFO - Training client 89 (22/30)...
2026-03-19 01:45:56,927 - Server_DefaultID - INFO - Client 89: Acc=98.44, Loss=-341.0801, NLL=-1161.7553, KL=13.9636, AvgS=499.99, ProxLoss=0.0000
2026-03-19 01:45:56,927 - Server_DefaultID - INFO - Training client 28 (23/30)...
2026-03-19 01:45:57,373 - Server_DefaultID - INFO - Client 28: Acc=63.12, Loss=-325.6764, NLL=-1106.6245, KL=13.7196, AvgS=476.17, ProxLoss=0.0000
2026-03-19 01:45:57,373 - Server_DefaultID - INFO - Training client 38 (24/30)...
2026-03-19 01:45:58,095 - Server_DefaultID - INFO - Client 38: Acc=55.16, Loss=-344.7973, NLL=-1161.6791, KL=13.9633, AvgS=499.96, ProxLoss=0.0000
2026-03-19 01:45:58,096 - Server_DefaultID - INFO - Training client 2 (25/30)...
2026-03-19 01:46:00,542 - Server_DefaultID - INFO - Client 2: Acc=79.06, Loss=-342.6111, NLL=-1161.6598, KL=13.9632, AvgS=499.95, ProxLoss=0.0000
2026-03-19 01:46:00,542 - Server_DefaultID - INFO - Training client 91 (26/30)...
2026-03-19 01:46:01,544 - Server_DefaultID - INFO - Client 91: Acc=88.65, Loss=-341.3166, NLL=-1161.6013, KL=13.9630, AvgS=499.93, ProxLoss=0.0000
2026-03-19 01:46:01,544 - Server_DefaultID - INFO - Training client 37 (27/30)...
2026-03-19 01:46:02,701 - Server_DefaultID - INFO - Client 37: Acc=79.69, Loss=-343.9084, NLL=-1161.7101, KL=13.9634, AvgS=499.97, ProxLoss=0.0000
2026-03-19 01:46:02,701 - Server_DefaultID - INFO - Training client 43 (28/30)...
2026-03-19 01:46:05,701 - Server_DefaultID - INFO - Client 43: Acc=82.93, Loss=-342.5038, NLL=-1161.7325, KL=13.9635, AvgS=499.98, ProxLoss=0.0000
2026-03-19 01:46:05,701 - Server_DefaultID - INFO - Training client 30 (29/30)...
2026-03-19 01:46:07,874 - Server_DefaultID - INFO - Client 30: Acc=89.38, Loss=-341.3925, NLL=-1161.7341, KL=13.9635, AvgS=499.98, ProxLoss=0.0000
2026-03-19 01:46:07,874 - Server_DefaultID - INFO - Training client 72 (30/30)...
2026-03-19 01:46:09,126 - Server_DefaultID - INFO - Client 72: Acc=95.00, Loss=-341.8591, NLL=-1161.6724, KL=13.9632, AvgS=499.96, ProxLoss=0.0000
2026-03-19 01:46:09,428 - Server_DefaultID - WARNING - Global prior extremely imbalanced (max/min=1.0), applied adaptive smoothing lam=0.10.
2026-03-19 01:46:09,428 - Server_DefaultID - INFO - Round [52/200] Summary | Avg Client Train Stats:	Loss [-341.7279]	 Acc [83.42]	NLL [-1159.5055]	 KL [13.9531]	AvgS [499.02]	 ProxLoss [0.0000]
GlobalPriorAlpha (first 10): [5.0, 5.0, 5.0, 5.0, 5.0, 5.0, 5.0, 5.0, 5.0, 5.0]
Round Time: 71.26s
2026-03-19 01:46:09,430 - Server_DefaultID - INFO - --- Global Round 53/200 ---
2026-03-19 01:46:09,431 - Server_DefaultID - INFO - Selected 30 active clients for round 53.
2026-03-19 01:46:09,431 - Server_DefaultID - INFO - Training client 32 (1/30)...
2026-03-19 01:46:11,123 - Server_DefaultID - INFO - Client 32: Acc=83.07, Loss=-343.1482, NLL=-1161.7672, KL=13.9636, AvgS=500.00, ProxLoss=0.0000
2026-03-19 01:46:11,124 - Server_DefaultID - INFO - Training client 31 (2/30)...
2026-03-19 01:46:13,730 - Server_DefaultID - INFO - Client 31: Acc=78.96, Loss=-342.5447, NLL=-1161.7585, KL=13.9636, AvgS=500.00, ProxLoss=0.0000
2026-03-19 01:46:13,731 - Server_DefaultID - INFO - Training client 45 (3/30)...
2026-03-19 01:46:15,944 - Server_DefaultID - INFO - Client 45: Acc=64.38, Loss=-342.3987, NLL=-1161.7521, KL=13.9636, AvgS=499.99, ProxLoss=0.0000
2026-03-19 01:46:15,944 - Server_DefaultID - INFO - Training client 14 (4/30)...
2026-03-19 01:46:19,525 - Server_DefaultID - INFO - Client 14: Acc=83.47, Loss=-341.3001, NLL=-1161.7234, KL=13.9634, AvgS=499.98, ProxLoss=0.0000
2026-03-19 01:46:19,525 - Server_DefaultID - INFO - Training client 59 (5/30)...
2026-03-19 01:46:21,878 - Server_DefaultID - INFO - Client 59: Acc=81.49, Loss=-342.6655, NLL=-1161.6625, KL=13.9632, AvgS=499.95, ProxLoss=0.0000
2026-03-19 01:46:21,878 - Server_DefaultID - INFO - Training client 47 (6/30)...
2026-03-19 01:46:23,538 - Server_DefaultID - INFO - Client 47: Acc=57.81, Loss=-344.0460, NLL=-1161.7559, KL=13.9636, AvgS=499.99, ProxLoss=0.0000
2026-03-19 01:46:23,538 - Server_DefaultID - INFO - Training client 80 (7/30)...
2026-03-19 01:46:23,964 - Server_DefaultID - INFO - Client 80: Acc=59.69, Loss=-335.8859, NLL=-1138.1374, KL=13.8674, AvgS=489.79, ProxLoss=0.0000
2026-03-19 01:46:23,965 - Server_DefaultID - INFO - Training client 85 (8/30)...
2026-03-19 01:46:27,091 - Server_DefaultID - INFO - Client 85: Acc=99.77, Loss=-340.3178, NLL=-1161.7555, KL=13.9636, AvgS=499.99, ProxLoss=0.0000
2026-03-19 01:46:27,091 - Server_DefaultID - INFO - Training client 89 (9/30)...
2026-03-19 01:46:30,803 - Server_DefaultID - INFO - Client 89: Acc=98.53, Loss=-341.1462, NLL=-1161.7609, KL=13.9636, AvgS=500.00, ProxLoss=0.0000
2026-03-19 01:46:30,804 - Server_DefaultID - INFO - Training client 19 (10/30)...
2026-03-19 01:46:34,594 - Server_DefaultID - INFO - Client 19: Acc=95.54, Loss=-341.3253, NLL=-1161.6627, KL=13.9632, AvgS=499.95, ProxLoss=0.0000
2026-03-19 01:46:34,594 - Server_DefaultID - INFO - Training client 43 (11/30)...
2026-03-19 01:46:37,585 - Server_DefaultID - INFO - Client 43: Acc=82.70, Loss=-342.4483, NLL=-1161.6919, KL=13.9633, AvgS=499.97, ProxLoss=0.0000
2026-03-19 01:46:37,586 - Server_DefaultID - INFO - Training client 21 (12/30)...
2026-03-19 01:46:39,919 - Server_DefaultID - INFO - Client 21: Acc=61.68, Loss=-344.1976, NLL=-1161.7342, KL=13.9635, AvgS=499.98, ProxLoss=0.0000
2026-03-19 01:46:39,920 - Server_DefaultID - INFO - Training client 23 (13/30)...
2026-03-19 01:46:40,332 - Server_DefaultID - INFO - Client 23: Acc=69.83, Loss=-196.2058, NLL=-674.2170, KL=11.4824, AvgS=289.50, ProxLoss=0.0000
2026-03-19 01:46:40,333 - Server_DefaultID - INFO - Training client 76 (14/30)...
2026-03-19 01:46:42,494 - Server_DefaultID - INFO - Client 76: Acc=73.01, Loss=-344.3405, NLL=-1161.6778, KL=13.9633, AvgS=499.96, ProxLoss=0.0000
2026-03-19 01:46:42,494 - Server_DefaultID - INFO - Training client 22 (15/30)...
2026-03-19 01:46:43,330 - Server_DefaultID - INFO - Client 22: Acc=91.56, Loss=-343.3713, NLL=-1161.5036, KL=13.9626, AvgS=499.89, ProxLoss=0.0000
2026-03-19 01:46:43,330 - Server_DefaultID - INFO - Training client 72 (16/30)...
2026-03-19 01:46:44,516 - Server_DefaultID - INFO - Client 72: Acc=95.00, Loss=-341.9601, NLL=-1161.6947, KL=13.9633, AvgS=499.97, ProxLoss=0.0000
2026-03-19 01:46:44,516 - Server_DefaultID - INFO - Training client 33 (17/30)...
2026-03-19 01:46:46,475 - Server_DefaultID - INFO - Client 33: Acc=58.35, Loss=-344.1303, NLL=-1161.7441, KL=13.9635, AvgS=499.99, ProxLoss=0.0000
2026-03-19 01:46:46,475 - Server_DefaultID - INFO - Training client 29 (18/30)...
2026-03-19 01:46:47,783 - Server_DefaultID - INFO - Client 29: Acc=81.25, Loss=-342.2418, NLL=-1161.6200, KL=13.9630, AvgS=499.94, ProxLoss=0.0000
2026-03-19 01:46:47,783 - Server_DefaultID - INFO - Training client 42 (19/30)...
2026-03-19 01:46:49,469 - Server_DefaultID - INFO - Client 42: Acc=90.52, Loss=-342.6434, NLL=-1161.7371, KL=13.9635, AvgS=499.99, ProxLoss=0.0000
2026-03-19 01:46:49,469 - Server_DefaultID - INFO - Training client 79 (20/30)...
2026-03-19 01:46:52,086 - Server_DefaultID - INFO - Client 79: Acc=93.75, Loss=-341.2710, NLL=-1161.5085, KL=13.9626, AvgS=499.89, ProxLoss=0.0000
2026-03-19 01:46:52,086 - Server_DefaultID - INFO - Training client 60 (21/30)...
2026-03-19 01:46:53,067 - Server_DefaultID - INFO - Client 60: Acc=67.40, Loss=-341.9727, NLL=-1161.6190, KL=13.9630, AvgS=499.93, ProxLoss=0.0000
2026-03-19 01:46:53,067 - Server_DefaultID - INFO - Training client 8 (22/30)...
2026-03-19 01:46:53,809 - Server_DefaultID - INFO - Client 8: Acc=87.03, Loss=-342.1756, NLL=-1160.7160, KL=13.9594, AvgS=499.54, ProxLoss=0.0000
2026-03-19 01:46:53,809 - Server_DefaultID - INFO - Training client 5 (23/30)...
2026-03-19 01:46:54,378 - Server_DefaultID - INFO - Client 5: Acc=69.69, Loss=-341.8202, NLL=-1155.4410, KL=13.9366, AvgS=497.27, ProxLoss=0.0000
2026-03-19 01:46:54,378 - Server_DefaultID - INFO - Training client 67 (24/30)...
2026-03-19 01:46:56,183 - Server_DefaultID - INFO - Client 67: Acc=71.35, Loss=-343.5008, NLL=-1161.7053, KL=13.9634, AvgS=499.97, ProxLoss=0.0000
2026-03-19 01:46:56,183 - Server_DefaultID - INFO - Training client 69 (25/30)...
2026-03-19 01:46:56,869 - Server_DefaultID - INFO - Client 69: Acc=57.81, Loss=-343.4951, NLL=-1160.9559, KL=13.9599, AvgS=499.65, ProxLoss=0.0000
2026-03-19 01:46:56,869 - Server_DefaultID - INFO - Training client 49 (26/30)...
2026-03-19 01:46:58,893 - Server_DefaultID - INFO - Client 49: Acc=80.62, Loss=-342.4400, NLL=-1161.6981, KL=13.9633, AvgS=499.97, ProxLoss=0.0000
2026-03-19 01:46:58,893 - Server_DefaultID - INFO - Training client 4 (27/30)...
2026-03-19 01:47:00,596 - Server_DefaultID - INFO - Client 4: Acc=71.35, Loss=-344.3067, NLL=-1161.7218, KL=13.9634, AvgS=499.98, ProxLoss=0.0000
2026-03-19 01:47:00,596 - Server_DefaultID - INFO - Training client 36 (28/30)...
2026-03-19 01:47:06,722 - Server_DefaultID - INFO - Client 36: Acc=91.25, Loss=-341.4976, NLL=-1161.7595, KL=13.9636, AvgS=500.00, ProxLoss=0.0000
2026-03-19 01:47:06,722 - Server_DefaultID - INFO - Training client 2 (29/30)...
2026-03-19 01:47:09,169 - Server_DefaultID - INFO - Client 2: Acc=79.38, Loss=-342.6842, NLL=-1161.7656, KL=13.9636, AvgS=500.00, ProxLoss=0.0000
2026-03-19 01:47:09,169 - Server_DefaultID - INFO - Training client 20 (30/30)...
2026-03-19 01:47:10,907 - Server_DefaultID - INFO - Client 20: Acc=61.56, Loss=-344.7185, NLL=-1161.6346, KL=13.9631, AvgS=499.94, ProxLoss=0.0000
2026-03-19 01:47:11,210 - Server_DefaultID - WARNING - Global prior extremely imbalanced (max/min=1.0), applied adaptive smoothing lam=0.10.
2026-03-19 01:47:11,210 - Server_DefaultID - INFO - Round [53/200] Summary | Avg Client Train Stats:	Loss [-341.7758]	 Acc [81.39]	NLL [-1159.4804]	 KL [13.9523]	AvgS [499.01]	 ProxLoss [0.0000]
GlobalPriorAlpha (first 10): [5.0, 5.0, 5.0, 5.0, 5.0, 5.0, 5.0, 5.0, 5.0, 5.0]
Round Time: 61.78s
2026-03-19 01:47:11,213 - Server_DefaultID - INFO - --- Global Round 54/200 ---
2026-03-19 01:47:11,213 - Server_DefaultID - INFO - Selected 30 active clients for round 54.
2026-03-19 01:47:11,213 - Server_DefaultID - INFO - Training client 7 (1/30)...
2026-03-19 01:47:12,870 - Server_DefaultID - INFO - Client 7: Acc=48.18, Loss=-342.7289, NLL=-1161.6958, KL=13.9633, AvgS=499.97, ProxLoss=0.0000
2026-03-19 01:47:12,870 - Server_DefaultID - INFO - Training client 89 (2/30)...
2026-03-19 01:47:16,472 - Server_DefaultID - INFO - Client 89: Acc=98.44, Loss=-341.0802, NLL=-1161.7384, KL=13.9635, AvgS=499.99, ProxLoss=0.0000
2026-03-19 01:47:16,472 - Server_DefaultID - INFO - Training client 11 (3/30)...
2026-03-19 01:47:18,109 - Server_DefaultID - INFO - Client 11: Acc=86.98, Loss=-342.8066, NLL=-1161.6559, KL=13.9632, AvgS=499.95, ProxLoss=0.0000
2026-03-19 01:47:18,109 - Server_DefaultID - INFO - Training client 0 (4/30)...
2026-03-19 01:47:18,531 - Server_DefaultID - INFO - Client 0: Acc=32.50, Loss=-342.6933, NLL=-1160.9591, KL=13.9604, AvgS=499.65, ProxLoss=0.0000
2026-03-19 01:47:18,531 - Server_DefaultID - INFO - Training client 86 (5/30)...
2026-03-19 01:47:19,988 - Server_DefaultID - INFO - Client 86: Acc=76.50, Loss=-342.6574, NLL=-1161.7383, KL=13.9635, AvgS=499.99, ProxLoss=0.0000
2026-03-19 01:47:19,989 - Server_DefaultID - INFO - Training client 22 (6/30)...
2026-03-19 01:47:20,676 - Server_DefaultID - INFO - Client 22: Acc=92.66, Loss=-342.8717, NLL=-1161.4224, KL=13.9623, AvgS=499.85, ProxLoss=0.0000
2026-03-19 01:47:20,677 - Server_DefaultID - INFO - Training client 67 (7/30)...
2026-03-19 01:47:22,416 - Server_DefaultID - INFO - Client 67: Acc=71.56, Loss=-343.4199, NLL=-1161.7534, KL=13.9636, AvgS=499.99, ProxLoss=0.0000
2026-03-19 01:47:22,416 - Server_DefaultID - INFO - Training client 61 (8/30)...
2026-03-19 01:47:24,996 - Server_DefaultID - INFO - Client 61: Acc=66.38, Loss=-344.5636, NLL=-1161.7426, KL=13.9635, AvgS=499.99, ProxLoss=0.0000
2026-03-19 01:47:24,996 - Server_DefaultID - INFO - Training client 74 (9/30)...
2026-03-19 01:47:26,252 - Server_DefaultID - INFO - Client 74: Acc=65.00, Loss=-342.6796, NLL=-1161.7633, KL=13.9636, AvgS=500.00, ProxLoss=0.0000
2026-03-19 01:47:26,252 - Server_DefaultID - INFO - Training client 30 (10/30)...
2026-03-19 01:47:28,516 - Server_DefaultID - INFO - Client 30: Acc=89.30, Loss=-341.3055, NLL=-1161.7231, KL=13.9634, AvgS=499.98, ProxLoss=0.0000
2026-03-19 01:47:28,516 - Server_DefaultID - INFO - Training client 55 (11/30)...
2026-03-19 01:47:36,293 - Server_DefaultID - INFO - Client 55: Acc=85.74, Loss=-343.2407, NLL=-1161.7629, KL=13.9636, AvgS=500.00, ProxLoss=0.0000
2026-03-19 01:47:36,293 - Server_DefaultID - INFO - Training client 76 (12/30)...
2026-03-19 01:47:38,505 - Server_DefaultID - INFO - Client 76: Acc=74.84, Loss=-344.4068, NLL=-1161.7648, KL=13.9636, AvgS=500.00, ProxLoss=0.0000
2026-03-19 01:47:38,506 - Server_DefaultID - INFO - Training client 82 (13/30)...
2026-03-19 01:47:39,938 - Server_DefaultID - INFO - Client 82: Acc=87.81, Loss=-342.4384, NLL=-1161.7078, KL=13.9634, AvgS=499.97, ProxLoss=0.0000
2026-03-19 01:47:39,938 - Server_DefaultID - INFO - Training client 45 (14/30)...
2026-03-19 01:47:42,254 - Server_DefaultID - INFO - Client 45: Acc=65.00, Loss=-342.3309, NLL=-1161.7397, KL=13.9635, AvgS=499.99, ProxLoss=0.0000
2026-03-19 01:47:42,254 - Server_DefaultID - INFO - Training client 79 (15/30)...
2026-03-19 01:47:43,688 - Server_DefaultID - INFO - Client 79: Acc=94.00, Loss=-341.2657, NLL=-1161.7359, KL=13.9635, AvgS=499.99, ProxLoss=0.0000
2026-03-19 01:47:43,688 - Server_DefaultID - INFO - Training client 62 (16/30)...
2026-03-19 01:47:44,418 - Server_DefaultID - INFO - Client 62: Acc=89.84, Loss=-343.0874, NLL=-1161.5969, KL=13.9630, AvgS=499.93, ProxLoss=0.0000
2026-03-19 01:47:44,418 - Server_DefaultID - INFO - Training client 12 (17/30)...
2026-03-19 01:47:45,870 - Server_DefaultID - INFO - Client 12: Acc=73.69, Loss=-344.4361, NLL=-1161.7462, KL=13.9635, AvgS=499.99, ProxLoss=0.0000
2026-03-19 01:47:45,870 - Server_DefaultID - INFO - Training client 1 (18/30)...
2026-03-19 01:47:46,627 - Server_DefaultID - INFO - Client 1: Acc=51.72, Loss=-343.0418, NLL=-1161.6605, KL=13.9632, AvgS=499.95, ProxLoss=0.0000
2026-03-19 01:47:46,627 - Server_DefaultID - INFO - Training client 48 (19/30)...
2026-03-19 01:47:51,462 - Server_DefaultID - INFO - Client 48: Acc=86.82, Loss=-342.8619, NLL=-1161.7389, KL=13.9635, AvgS=499.99, ProxLoss=0.0000
2026-03-19 01:47:51,463 - Server_DefaultID - INFO - Training client 19 (20/30)...
2026-03-19 01:47:55,134 - Server_DefaultID - INFO - Client 19: Acc=95.36, Loss=-341.3102, NLL=-1161.7388, KL=13.9635, AvgS=499.99, ProxLoss=0.0000
2026-03-19 01:47:55,135 - Server_DefaultID - INFO - Training client 29 (21/30)...
2026-03-19 01:47:56,364 - Server_DefaultID - INFO - Client 29: Acc=81.41, Loss=-342.2277, NLL=-1161.5657, KL=13.9628, AvgS=499.91, ProxLoss=0.0000
2026-03-19 01:47:56,364 - Server_DefaultID - INFO - Training client 27 (22/30)...
2026-03-19 01:47:58,592 - Server_DefaultID - INFO - Client 27: Acc=66.77, Loss=-343.4778, NLL=-1161.3678, KL=13.9620, AvgS=499.83, ProxLoss=0.0000
2026-03-19 01:47:58,592 - Server_DefaultID - INFO - Training client 60 (23/30)...
2026-03-19 01:47:59,561 - Server_DefaultID - INFO - Client 60: Acc=72.19, Loss=-341.7618, NLL=-1161.4801, KL=13.9625, AvgS=499.88, ProxLoss=0.0000
2026-03-19 01:47:59,561 - Server_DefaultID - INFO - Training client 47 (24/30)...
2026-03-19 01:48:01,319 - Server_DefaultID - INFO - Client 47: Acc=60.00, Loss=-343.8581, NLL=-1161.7565, KL=13.9636, AvgS=499.99, ProxLoss=0.0000
2026-03-19 01:48:01,319 - Server_DefaultID - INFO - Training client 84 (25/30)...
2026-03-19 01:48:01,733 - Server_DefaultID - INFO - Client 84: Acc=73.21, Loss=-310.4078, NLL=-1057.4279, KL=13.5195, AvgS=454.90, ProxLoss=0.0000
2026-03-19 01:48:01,733 - Server_DefaultID - INFO - Training client 99 (26/30)...
2026-03-19 01:48:02,192 - Server_DefaultID - INFO - Client 99: Acc=35.62, Loss=-271.0408, NLL=-916.7184, KL=12.8246, AvgS=394.13, ProxLoss=0.0000
2026-03-19 01:48:02,192 - Server_DefaultID - INFO - Training client 26 (27/30)...
2026-03-19 01:48:06,721 - Server_DefaultID - INFO - Client 26: Acc=95.90, Loss=-341.7763, NLL=-1161.7679, KL=13.9636, AvgS=500.00, ProxLoss=0.0000
2026-03-19 01:48:06,721 - Server_DefaultID - INFO - Training client 54 (28/30)...
2026-03-19 01:48:07,392 - Server_DefaultID - INFO - Client 54: Acc=75.16, Loss=-340.8388, NLL=-1157.9922, KL=13.9486, AvgS=498.37, ProxLoss=0.0000
2026-03-19 01:48:07,392 - Server_DefaultID - INFO - Training client 36 (29/30)...
2026-03-19 01:48:13,398 - Server_DefaultID - INFO - Client 36: Acc=91.47, Loss=-341.4443, NLL=-1161.7414, KL=13.9635, AvgS=499.99, ProxLoss=0.0000
2026-03-19 01:48:13,398 - Server_DefaultID - INFO - Training client 17 (30/30)...
2026-03-19 01:48:14,115 - Server_DefaultID - INFO - Client 17: Acc=76.25, Loss=-343.4184, NLL=-1161.3367, KL=13.9619, AvgS=499.81, ProxLoss=0.0000
2026-03-19 01:48:14,370 - Server_DefaultID - WARNING - Global prior extremely imbalanced (max/min=1.0), applied adaptive smoothing lam=0.10.
2026-03-19 01:48:14,370 - Server_DefaultID - INFO - Round [54/200] Summary | Avg Client Train Stats:	Loss [-341.8807]	 Acc [82.61]	NLL [-1159.6207]	 KL [13.9538]	AvgS [499.07]	 ProxLoss [0.0000]
GlobalPriorAlpha (first 10): [5.0, 5.0, 5.0, 5.0, 5.0, 5.0, 5.0, 5.0, 5.0, 5.0]
Round Time: 63.16s
2026-03-19 01:48:14,373 - Server_DefaultID - INFO - --- Global Round 55/200 ---
2026-03-19 01:48:14,373 - Server_DefaultID - INFO - Selected 30 active clients for round 55.
2026-03-19 01:48:14,373 - Server_DefaultID - INFO - Training client 56 (1/30)...
2026-03-19 01:48:16,543 - Server_DefaultID - INFO - Client 56: Acc=86.48, Loss=-342.3273, NLL=-1161.5396, KL=13.9627, AvgS=499.90, ProxLoss=0.0000
2026-03-19 01:48:16,543 - Server_DefaultID - INFO - Training client 33 (2/30)...
2026-03-19 01:48:18,514 - Server_DefaultID - INFO - Client 33: Acc=59.51, Loss=-344.0734, NLL=-1161.7120, KL=13.9634, AvgS=499.98, ProxLoss=0.0000
2026-03-19 01:48:18,514 - Server_DefaultID - INFO - Training client 10 (3/30)...
2026-03-19 01:48:19,791 - Server_DefaultID - INFO - Client 10: Acc=34.22, Loss=-343.8666, NLL=-1161.5754, KL=13.9629, AvgS=499.92, ProxLoss=0.0000
2026-03-19 01:48:19,791 - Server_DefaultID - INFO - Training client 0 (4/30)...
2026-03-19 01:48:20,234 - Server_DefaultID - INFO - Client 0: Acc=39.06, Loss=-342.9714, NLL=-1161.7682, KL=13.9636, AvgS=500.00, ProxLoss=0.0000
2026-03-19 01:48:20,234 - Server_DefaultID - INFO - Training client 43 (5/30)...
2026-03-19 01:48:23,233 - Server_DefaultID - INFO - Client 43: Acc=81.79, Loss=-342.3728, NLL=-1161.7413, KL=13.9635, AvgS=499.99, ProxLoss=0.0000
2026-03-19 01:48:23,234 - Server_DefaultID - INFO - Training client 13 (6/30)...
2026-03-19 01:48:23,675 - Server_DefaultID - INFO - Client 13: Acc=57.19, Loss=-339.7813, NLL=-1154.2848, KL=13.9312, AvgS=496.77, ProxLoss=0.0000
2026-03-19 01:48:23,675 - Server_DefaultID - INFO - Training client 11 (7/30)...
2026-03-19 01:48:25,395 - Server_DefaultID - INFO - Client 11: Acc=87.34, Loss=-343.0418, NLL=-1161.6090, KL=13.9630, AvgS=499.93, ProxLoss=0.0000
2026-03-19 01:48:25,395 - Server_DefaultID - INFO - Training client 44 (8/30)...
2026-03-19 01:48:27,862 - Server_DefaultID - INFO - Client 44: Acc=89.79, Loss=-342.3821, NLL=-1161.7692, KL=13.9636, AvgS=500.00, ProxLoss=0.0000
2026-03-19 01:48:27,862 - Server_DefaultID - INFO - Training client 22 (9/30)...
2026-03-19 01:48:28,501 - Server_DefaultID - INFO - Client 22: Acc=91.72, Loss=-343.2623, NLL=-1161.6890, KL=13.9633, AvgS=499.97, ProxLoss=0.0000
2026-03-19 01:48:28,501 - Server_DefaultID - INFO - Training client 82 (10/30)...
2026-03-19 01:48:29,972 - Server_DefaultID - INFO - Client 82: Acc=89.50, Loss=-342.2972, NLL=-1161.6832, KL=13.9633, AvgS=499.96, ProxLoss=0.0000
2026-03-19 01:48:29,972 - Server_DefaultID - INFO - Training client 42 (11/30)...
2026-03-19 01:48:33,009 - Server_DefaultID - INFO - Client 42: Acc=90.57, Loss=-342.4360, NLL=-1161.7148, KL=13.9634, AvgS=499.98, ProxLoss=0.0000
2026-03-19 01:48:33,009 - Server_DefaultID - INFO - Training client 47 (12/30)...
2026-03-19 01:48:34,710 - Server_DefaultID - INFO - Client 47: Acc=59.79, Loss=-343.8983, NLL=-1161.7389, KL=13.9635, AvgS=499.99, ProxLoss=0.0000
2026-03-19 01:48:34,710 - Server_DefaultID - INFO - Training client 1 (13/30)...
2026-03-19 01:48:35,486 - Server_DefaultID - INFO - Client 1: Acc=57.66, Loss=-343.0658, NLL=-1161.6779, KL=13.9633, AvgS=499.96, ProxLoss=0.0000
2026-03-19 01:48:35,486 - Server_DefaultID - INFO - Training client 86 (14/30)...
2026-03-19 01:48:36,901 - Server_DefaultID - INFO - Client 86: Acc=75.94, Loss=-342.4194, NLL=-1161.5457, KL=13.9627, AvgS=499.90, ProxLoss=0.0000
2026-03-19 01:48:36,901 - Server_DefaultID - INFO - Training client 30 (15/30)...
2026-03-19 01:48:38,944 - Server_DefaultID - INFO - Client 30: Acc=89.14, Loss=-341.2808, NLL=-1161.7324, KL=13.9635, AvgS=499.98, ProxLoss=0.0000
2026-03-19 01:48:38,944 - Server_DefaultID - INFO - Training client 97 (16/30)...
2026-03-19 01:48:45,392 - Server_DefaultID - INFO - Client 97: Acc=99.58, Loss=-340.3874, NLL=-1161.7695, KL=13.9636, AvgS=500.00, ProxLoss=0.0000
2026-03-19 01:48:45,392 - Server_DefaultID - INFO - Training client 7 (17/30)...
2026-03-19 01:48:47,076 - Server_DefaultID - INFO - Client 7: Acc=48.12, Loss=-342.6426, NLL=-1161.7249, KL=13.9634, AvgS=499.98, ProxLoss=0.0000
2026-03-19 01:48:47,076 - Server_DefaultID - INFO - Training client 58 (18/30)...
2026-03-19 01:48:49,055 - Server_DefaultID - INFO - Client 58: Acc=79.60, Loss=-341.2076, NLL=-1161.6028, KL=13.9630, AvgS=499.93, ProxLoss=0.0000
2026-03-19 01:48:49,055 - Server_DefaultID - INFO - Training client 93 (19/30)...
2026-03-19 01:48:49,725 - Server_DefaultID - INFO - Client 93: Acc=53.44, Loss=-343.3166, NLL=-1161.4733, KL=13.9625, AvgS=499.87, ProxLoss=0.0000
2026-03-19 01:48:49,725 - Server_DefaultID - INFO - Training client 99 (20/30)...
2026-03-19 01:48:50,175 - Server_DefaultID - INFO - Client 99: Acc=28.44, Loss=-294.7791, NLL=-996.0935, KL=13.2210, AvgS=428.41, ProxLoss=0.0000
2026-03-19 01:48:50,175 - Server_DefaultID - INFO - Training client 70 (21/30)...
2026-03-19 01:48:51,687 - Server_DefaultID - INFO - Client 70: Acc=79.06, Loss=-341.5643, NLL=-1161.6859, KL=13.9633, AvgS=499.96, ProxLoss=0.0000
2026-03-19 01:48:51,687 - Server_DefaultID - INFO - Training client 71 (22/30)...
2026-03-19 01:48:52,355 - Server_DefaultID - INFO - Client 71: Acc=68.12, Loss=-343.4936, NLL=-1161.4796, KL=13.9625, AvgS=499.87, ProxLoss=0.0000
2026-03-19 01:48:52,355 - Server_DefaultID - INFO - Training client 39 (23/30)...
2026-03-19 01:48:56,533 - Server_DefaultID - INFO - Client 39: Acc=78.27, Loss=-342.6797, NLL=-1161.7501, KL=13.9635, AvgS=499.99, ProxLoss=0.0000
2026-03-19 01:48:56,533 - Server_DefaultID - INFO - Training client 38 (24/30)...
2026-03-19 01:48:57,214 - Server_DefaultID - INFO - Client 38: Acc=54.53, Loss=-344.5809, NLL=-1161.6183, KL=13.9631, AvgS=499.93, ProxLoss=0.0000
2026-03-19 01:48:57,214 - Server_DefaultID - INFO - Training client 57 (25/30)...
2026-03-19 01:49:01,984 - Server_DefaultID - INFO - Client 57: Acc=94.91, Loss=-342.2732, NLL=-1161.7489, KL=13.9635, AvgS=499.99, ProxLoss=0.0000
2026-03-19 01:49:01,984 - Server_DefaultID - INFO - Training client 67 (26/30)...
2026-03-19 01:49:03,613 - Server_DefaultID - INFO - Client 67: Acc=71.30, Loss=-343.4417, NLL=-1161.7595, KL=13.9636, AvgS=500.00, ProxLoss=0.0000
2026-03-19 01:49:03,613 - Server_DefaultID - INFO - Training client 35 (27/30)...
2026-03-19 01:49:04,578 - Server_DefaultID - INFO - Client 35: Acc=70.73, Loss=-343.8876, NLL=-1161.6629, KL=13.9632, AvgS=499.95, ProxLoss=0.0000
2026-03-19 01:49:04,578 - Server_DefaultID - INFO - Training client 40 (28/30)...
2026-03-19 01:49:06,272 - Server_DefaultID - INFO - Client 40: Acc=67.29, Loss=-344.0834, NLL=-1161.6787, KL=13.9633, AvgS=499.96, ProxLoss=0.0000
2026-03-19 01:49:06,272 - Server_DefaultID - INFO - Training client 23 (29/30)...
2026-03-19 01:49:06,722 - Server_DefaultID - INFO - Client 23: Acc=70.85, Loss=-217.5160, NLL=-746.0486, KL=11.9266, AvgS=320.49, ProxLoss=0.0000
2026-03-19 01:49:06,722 - Server_DefaultID - INFO - Training client 19 (30/30)...
2026-03-19 01:49:10,585 - Server_DefaultID - INFO - Client 19: Acc=95.62, Loss=-341.3041, NLL=-1161.7628, KL=13.9636, AvgS=500.00, ProxLoss=0.0000
2026-03-19 01:49:10,861 - Server_DefaultID - WARNING - Global prior extremely imbalanced (max/min=1.0), applied adaptive smoothing lam=0.10.
2026-03-19 01:49:10,861 - Server_DefaultID - INFO - Round [55/200] Summary | Avg Client Train Stats:	Loss [-341.3743]	 Acc [80.65]	NLL [-1158.5342]	 KL [13.9484]	AvgS [498.60]	 ProxLoss [0.0000]
GlobalPriorAlpha (first 10): [5.0, 5.0, 5.0, 5.0, 5.0, 5.0, 5.0, 5.0, 5.0, 5.0]
Round Time: 56.49s
2026-03-19 01:49:10,864 - Server_DefaultID - INFO - --- Global Round 56/200 ---
2026-03-19 01:49:10,864 - Server_DefaultID - INFO - Selected 30 active clients for round 56.
2026-03-19 01:49:10,864 - Server_DefaultID - INFO - Training client 98 (1/30)...
2026-03-19 01:49:11,889 - Server_DefaultID - INFO - Client 98: Acc=88.44, Loss=-341.0023, NLL=-1161.2122, KL=13.9613, AvgS=499.76, ProxLoss=0.0000
2026-03-19 01:49:11,889 - Server_DefaultID - INFO - Training client 51 (2/30)...
2026-03-19 01:49:12,607 - Server_DefaultID - INFO - Client 51: Acc=50.78, Loss=-344.1186, NLL=-1161.0714, KL=13.9608, AvgS=499.70, ProxLoss=0.0000
2026-03-19 01:49:12,607 - Server_DefaultID - INFO - Training client 55 (3/30)...
2026-03-19 01:49:22,026 - Server_DefaultID - INFO - Client 55: Acc=85.71, Loss=-343.1608, NLL=-1161.7250, KL=13.9635, AvgS=499.98, ProxLoss=0.0000
2026-03-19 01:49:22,026 - Server_DefaultID - INFO - Training client 60 (4/30)...
2026-03-19 01:49:22,967 - Server_DefaultID - INFO - Client 60: Acc=66.25, Loss=-341.6698, NLL=-1161.3874, KL=13.9621, AvgS=499.84, ProxLoss=0.0000
2026-03-19 01:49:22,967 - Server_DefaultID - INFO - Training client 20 (5/30)...
2026-03-19 01:49:24,606 - Server_DefaultID - INFO - Client 20: Acc=61.41, Loss=-344.5903, NLL=-1161.6834, KL=13.9633, AvgS=499.96, ProxLoss=0.0000
2026-03-19 01:49:24,606 - Server_DefaultID - INFO - Training client 63 (6/30)...
2026-03-19 01:49:26,134 - Server_DefaultID - INFO - Client 63: Acc=70.50, Loss=-342.6991, NLL=-1161.7188, KL=13.9634, AvgS=499.98, ProxLoss=0.0000
2026-03-19 01:49:26,134 - Server_DefaultID - INFO - Training client 3 (7/30)...
2026-03-19 01:49:28,049 - Server_DefaultID - INFO - Client 3: Acc=62.34, Loss=-344.1942, NLL=-1161.7677, KL=13.9636, AvgS=500.00, ProxLoss=0.0000
2026-03-19 01:49:28,049 - Server_DefaultID - INFO - Training client 71 (8/30)...
2026-03-19 01:49:28,813 - Server_DefaultID - INFO - Client 71: Acc=71.41, Loss=-343.6138, NLL=-1161.7443, KL=13.9635, AvgS=499.99, ProxLoss=0.0000
2026-03-19 01:49:28,813 - Server_DefaultID - INFO - Training client 44 (9/30)...
2026-03-19 01:49:31,380 - Server_DefaultID - INFO - Client 44: Acc=90.52, Loss=-342.2630, NLL=-1161.7067, KL=13.9634, AvgS=499.97, ProxLoss=0.0000
2026-03-19 01:49:31,380 - Server_DefaultID - INFO - Training client 0 (10/30)...
2026-03-19 01:49:31,883 - Server_DefaultID - INFO - Client 0: Acc=37.50, Loss=-342.8209, NLL=-1161.5613, KL=13.9628, AvgS=499.91, ProxLoss=0.0000
2026-03-19 01:49:31,883 - Server_DefaultID - INFO - Training client 6 (11/30)...
2026-03-19 01:49:32,761 - Server_DefaultID - INFO - Client 6: Acc=56.98, Loss=-341.7803, NLL=-1160.3772, KL=13.9579, AvgS=499.40, ProxLoss=0.0000
2026-03-19 01:49:32,761 - Server_DefaultID - INFO - Training client 47 (12/30)...
2026-03-19 01:49:34,377 - Server_DefaultID - INFO - Client 47: Acc=56.88, Loss=-343.9275, NLL=-1161.7405, KL=13.9635, AvgS=499.99, ProxLoss=0.0000
2026-03-19 01:49:34,377 - Server_DefaultID - INFO - Training client 91 (13/30)...
2026-03-19 01:49:35,308 - Server_DefaultID - INFO - Client 91: Acc=87.92, Loss=-341.1770, NLL=-1161.6834, KL=13.9633, AvgS=499.96, ProxLoss=0.0000
2026-03-19 01:49:35,308 - Server_DefaultID - INFO - Training client 65 (14/30)...
2026-03-19 01:49:35,752 - Server_DefaultID - INFO - Client 65: Acc=63.44, Loss=-219.2799, NLL=-747.2607, KL=11.9648, AvgS=320.96, ProxLoss=0.0000
2026-03-19 01:49:35,752 - Server_DefaultID - INFO - Training client 50 (15/30)...
2026-03-19 01:49:40,722 - Server_DefaultID - INFO - Client 50: Acc=97.47, Loss=-341.3868, NLL=-1161.7651, KL=13.9636, AvgS=500.00, ProxLoss=0.0000
2026-03-19 01:49:40,722 - Server_DefaultID - INFO - Training client 58 (16/30)...
2026-03-19 01:49:42,755 - Server_DefaultID - INFO - Client 58: Acc=79.78, Loss=-341.2576, NLL=-1161.6910, KL=13.9633, AvgS=499.97, ProxLoss=0.0000
2026-03-19 01:49:42,756 - Server_DefaultID - INFO - Training client 33 (17/30)...
2026-03-19 01:49:44,700 - Server_DefaultID - INFO - Client 33: Acc=59.55, Loss=-344.0293, NLL=-1161.7139, KL=13.9634, AvgS=499.98, ProxLoss=0.0000
2026-03-19 01:49:44,700 - Server_DefaultID - INFO - Training client 96 (18/30)...
2026-03-19 01:49:47,254 - Server_DefaultID - INFO - Client 96: Acc=81.18, Loss=-342.5507, NLL=-1161.7138, KL=13.9634, AvgS=499.98, ProxLoss=0.0000
2026-03-19 01:49:47,254 - Server_DefaultID - INFO - Training client 9 (19/30)...
2026-03-19 01:49:49,304 - Server_DefaultID - INFO - Client 9: Acc=97.41, Loss=-341.2790, NLL=-1161.7092, KL=13.9634, AvgS=499.97, ProxLoss=0.0000
2026-03-19 01:49:49,304 - Server_DefaultID - INFO - Training client 76 (20/30)...
2026-03-19 01:49:51,480 - Server_DefaultID - INFO - Client 76: Acc=74.92, Loss=-344.2324, NLL=-1161.7277, KL=13.9635, AvgS=499.98, ProxLoss=0.0000
2026-03-19 01:49:51,480 - Server_DefaultID - INFO - Training client 12 (21/30)...
2026-03-19 01:49:52,981 - Server_DefaultID - INFO - Client 12: Acc=73.81, Loss=-344.0956, NLL=-1161.6963, KL=13.9633, AvgS=499.97, ProxLoss=0.0000
2026-03-19 01:49:52,981 - Server_DefaultID - INFO - Training client 82 (22/30)...
2026-03-19 01:49:54,406 - Server_DefaultID - INFO - Client 82: Acc=89.62, Loss=-342.3183, NLL=-1161.7300, KL=13.9635, AvgS=499.98, ProxLoss=0.0000
2026-03-19 01:49:54,407 - Server_DefaultID - INFO - Training client 59 (23/30)...
2026-03-19 01:49:56,947 - Server_DefaultID - INFO - Client 59: Acc=80.87, Loss=-342.5943, NLL=-1161.7309, KL=13.9635, AvgS=499.98, ProxLoss=0.0000
2026-03-19 01:49:56,947 - Server_DefaultID - INFO - Training client 53 (24/30)...
2026-03-19 01:49:59,595 - Server_DefaultID - INFO - Client 53: Acc=96.56, Loss=-341.8311, NLL=-1161.7606, KL=13.9636, AvgS=500.00, ProxLoss=0.0000
2026-03-19 01:49:59,596 - Server_DefaultID - INFO - Training client 72 (25/30)...
2026-03-19 01:50:00,763 - Server_DefaultID - INFO - Client 72: Acc=94.84, Loss=-341.7849, NLL=-1161.7697, KL=13.9636, AvgS=500.00, ProxLoss=0.0000
2026-03-19 01:50:00,763 - Server_DefaultID - INFO - Training client 46 (26/30)...
2026-03-19 01:50:03,009 - Server_DefaultID - INFO - Client 46: Acc=86.88, Loss=-342.4448, NLL=-1161.6193, KL=13.9630, AvgS=499.94, ProxLoss=0.0000
2026-03-19 01:50:03,010 - Server_DefaultID - INFO - Training client 8 (27/30)...
2026-03-19 01:50:03,685 - Server_DefaultID - INFO - Client 8: Acc=87.03, Loss=-341.9289, NLL=-1160.1280, KL=13.9570, AvgS=499.29, ProxLoss=0.0000
2026-03-19 01:50:03,685 - Server_DefaultID - INFO - Training client 43 (28/30)...
2026-03-19 01:50:06,346 - Server_DefaultID - INFO - Client 43: Acc=81.96, Loss=-342.3398, NLL=-1161.7607, KL=13.9636, AvgS=500.00, ProxLoss=0.0000
2026-03-19 01:50:06,346 - Server_DefaultID - INFO - Training client 80 (29/30)...
2026-03-19 01:50:06,691 - Server_DefaultID - INFO - Client 80: Acc=62.19, Loss=-341.5952, NLL=-1155.7196, KL=13.9395, AvgS=497.39, ProxLoss=0.0000
2026-03-19 01:50:06,691 - Server_DefaultID - INFO - Training client 7 (30/30)...
2026-03-19 01:50:08,170 - Server_DefaultID - INFO - Client 7: Acc=59.43, Loss=-342.7041, NLL=-1161.7654, KL=13.9636, AvgS=500.00, ProxLoss=0.0000
2026-03-19 01:50:08,335 - Server_DefaultID - WARNING - Global prior extremely imbalanced (max/min=1.0), applied adaptive smoothing lam=0.10.
2026-03-19 01:50:08,336 - Server_DefaultID - INFO - Round [56/200] Summary | Avg Client Train Stats:	Loss [-341.9942]	 Acc [80.71]	NLL [-1159.5531]	 KL [13.9531]	AvgS [499.04]	 ProxLoss [0.0000]
GlobalPriorAlpha (first 10): [5.0, 5.0, 5.0, 5.0, 5.0, 5.0, 5.0, 5.0, 5.0, 5.0]
Round Time: 57.47s
2026-03-19 01:50:08,338 - Server_DefaultID - INFO - --- Global Round 57/200 ---
2026-03-19 01:50:08,339 - Server_DefaultID - INFO - Selected 30 active clients for round 57.
2026-03-19 01:50:08,339 - Server_DefaultID - INFO - Training client 92 (1/30)...
2026-03-19 01:50:10,885 - Server_DefaultID - INFO - Client 92: Acc=95.23, Loss=-342.3107, NLL=-1161.4998, KL=13.9626, AvgS=499.88, ProxLoss=0.0000
2026-03-19 01:50:10,885 - Server_DefaultID - INFO - Training client 40 (2/30)...
2026-03-19 01:50:12,317 - Server_DefaultID - INFO - Client 40: Acc=68.18, Loss=-344.0836, NLL=-1161.7509, KL=13.9636, AvgS=499.99, ProxLoss=0.0000
2026-03-19 01:50:12,317 - Server_DefaultID - INFO - Training client 50 (3/30)...
2026-03-19 01:50:16,619 - Server_DefaultID - INFO - Client 50: Acc=97.52, Loss=-341.3238, NLL=-1161.7641, KL=13.9636, AvgS=500.00, ProxLoss=0.0000
2026-03-19 01:50:16,619 - Server_DefaultID - INFO - Training client 9 (4/30)...
2026-03-19 01:50:18,313 - Server_DefaultID - INFO - Client 9: Acc=97.46, Loss=-341.2132, NLL=-1161.6744, KL=13.9632, AvgS=499.96, ProxLoss=0.0000
2026-03-19 01:50:18,313 - Server_DefaultID - INFO - Training client 7 (5/30)...
2026-03-19 01:50:19,916 - Server_DefaultID - INFO - Client 7: Acc=58.91, Loss=-342.5800, NLL=-1161.6547, KL=13.9632, AvgS=499.95, ProxLoss=0.0000
2026-03-19 01:50:19,916 - Server_DefaultID - INFO - Training client 94 (6/30)...
2026-03-19 01:50:22,382 - Server_DefaultID - INFO - Client 94: Acc=73.04, Loss=-342.3650, NLL=-1161.7433, KL=13.9635, AvgS=499.99, ProxLoss=0.0000
2026-03-19 01:50:22,382 - Server_DefaultID - INFO - Training client 77 (7/30)...
2026-03-19 01:50:25,832 - Server_DefaultID - INFO - Client 77: Acc=91.40, Loss=-342.2153, NLL=-1161.7663, KL=13.9636, AvgS=500.00, ProxLoss=0.0000
2026-03-19 01:50:25,832 - Server_DefaultID - INFO - Training client 81 (8/30)...
2026-03-19 01:50:27,575 - Server_DefaultID - INFO - Client 81: Acc=77.10, Loss=-342.4804, NLL=-1161.7569, KL=13.9636, AvgS=499.99, ProxLoss=0.0000
2026-03-19 01:50:27,575 - Server_DefaultID - INFO - Training client 30 (9/30)...
2026-03-19 01:50:29,508 - Server_DefaultID - INFO - Client 30: Acc=89.77, Loss=-341.2014, NLL=-1161.7670, KL=13.9636, AvgS=500.00, ProxLoss=0.0000
2026-03-19 01:50:29,508 - Server_DefaultID - INFO - Training client 97 (10/30)...
2026-03-19 01:50:35,246 - Server_DefaultID - INFO - Client 97: Acc=99.56, Loss=-340.3097, NLL=-1161.7604, KL=13.9636, AvgS=500.00, ProxLoss=0.0000
2026-03-19 01:50:35,246 - Server_DefaultID - INFO - Training client 4 (11/30)...
2026-03-19 01:50:36,633 - Server_DefaultID - INFO - Client 4: Acc=74.43, Loss=-344.0661, NLL=-1161.7123, KL=13.9634, AvgS=499.98, ProxLoss=0.0000
2026-03-19 01:50:36,633 - Server_DefaultID - INFO - Training client 42 (12/30)...
2026-03-19 01:50:38,098 - Server_DefaultID - INFO - Client 42: Acc=90.89, Loss=-342.3348, NLL=-1161.5254, KL=13.9627, AvgS=499.89, ProxLoss=0.0000
2026-03-19 01:50:38,098 - Server_DefaultID - INFO - Training client 72 (13/30)...
2026-03-19 01:50:39,092 - Server_DefaultID - INFO - Client 72: Acc=94.92, Loss=-341.8001, NLL=-1161.7618, KL=13.9636, AvgS=500.00, ProxLoss=0.0000
2026-03-19 01:50:39,092 - Server_DefaultID - INFO - Training client 23 (14/30)...
2026-03-19 01:50:39,556 - Server_DefaultID - INFO - Client 23: Acc=69.15, Loss=-241.8320, NLL=-828.2163, KL=12.3500, AvgS=355.98, ProxLoss=0.0000
2026-03-19 01:50:39,556 - Server_DefaultID - INFO - Training client 93 (15/30)...
2026-03-19 01:50:40,175 - Server_DefaultID - INFO - Client 93: Acc=52.03, Loss=-343.0891, NLL=-1161.1111, KL=13.9611, AvgS=499.72, ProxLoss=0.0000
2026-03-19 01:50:40,175 - Server_DefaultID - INFO - Training client 76 (16/30)...
2026-03-19 01:50:41,900 - Server_DefaultID - INFO - Client 76: Acc=73.59, Loss=-344.1442, NLL=-1161.7625, KL=13.9636, AvgS=500.00, ProxLoss=0.0000
2026-03-19 01:50:41,900 - Server_DefaultID - INFO - Training client 38 (17/30)...
2026-03-19 01:50:43,530 - Server_DefaultID - INFO - Client 38: Acc=55.47, Loss=-344.7719, NLL=-1161.6384, KL=13.9631, AvgS=499.94, ProxLoss=0.0000
2026-03-19 01:50:43,530 - Server_DefaultID - INFO - Training client 53 (18/30)...
2026-03-19 01:50:45,851 - Server_DefaultID - INFO - Client 53: Acc=96.66, Loss=-341.9005, NLL=-1161.7665, KL=13.9636, AvgS=500.00, ProxLoss=0.0000
2026-03-19 01:50:45,851 - Server_DefaultID - INFO - Training client 24 (19/30)...
2026-03-19 01:50:46,236 - Server_DefaultID - INFO - Client 24: Acc=52.19, Loss=-274.1086, NLL=-927.9597, KL=12.9144, AvgS=399.00, ProxLoss=0.0000
2026-03-19 01:50:46,236 - Server_DefaultID - INFO - Training client 15 (20/30)...
2026-03-19 01:50:46,852 - Server_DefaultID - INFO - Client 15: Acc=57.34, Loss=-342.2677, NLL=-1160.1729, KL=13.9571, AvgS=499.31, ProxLoss=0.0000
2026-03-19 01:50:46,853 - Server_DefaultID - INFO - Training client 85 (21/30)...
2026-03-19 01:50:49,365 - Server_DefaultID - INFO - Client 85: Acc=99.77, Loss=-340.1793, NLL=-1161.7693, KL=13.9636, AvgS=500.00, ProxLoss=0.0000
2026-03-19 01:50:49,365 - Server_DefaultID - INFO - Training client 22 (22/30)...
2026-03-19 01:50:49,917 - Server_DefaultID - INFO - Client 22: Acc=91.88, Loss=-343.0512, NLL=-1161.4634, KL=13.9625, AvgS=499.87, ProxLoss=0.0000
2026-03-19 01:50:49,918 - Server_DefaultID - INFO - Training client 18 (23/30)...
2026-03-19 01:50:53,256 - Server_DefaultID - INFO - Client 18: Acc=83.98, Loss=-342.6605, NLL=-1161.6169, KL=13.9630, AvgS=499.93, ProxLoss=0.0000
2026-03-19 01:50:53,256 - Server_DefaultID - INFO - Training client 21 (24/30)...
2026-03-19 01:50:54,926 - Server_DefaultID - INFO - Client 21: Acc=59.38, Loss=-344.0410, NLL=-1161.7489, KL=13.9635, AvgS=499.99, ProxLoss=0.0000
2026-03-19 01:50:54,926 - Server_DefaultID - INFO - Training client 11 (25/30)...
2026-03-19 01:50:56,397 - Server_DefaultID - INFO - Client 11: Acc=87.92, Loss=-342.8285, NLL=-1161.7584, KL=13.9636, AvgS=500.00, ProxLoss=0.0000
2026-03-19 01:50:56,397 - Server_DefaultID - INFO - Training client 29 (26/30)...
2026-03-19 01:50:57,353 - Server_DefaultID - INFO - Client 29: Acc=82.11, Loss=-342.1422, NLL=-1161.6269, KL=13.9631, AvgS=499.94, ProxLoss=0.0000
2026-03-19 01:50:57,353 - Server_DefaultID - INFO - Training client 60 (27/30)...
2026-03-19 01:50:58,191 - Server_DefaultID - INFO - Client 60: Acc=69.48, Loss=-341.7241, NLL=-1161.6445, KL=13.9631, AvgS=499.95, ProxLoss=0.0000
2026-03-19 01:50:58,191 - Server_DefaultID - INFO - Training client 28 (28/30)...
2026-03-19 01:50:58,617 - Server_DefaultID - INFO - Client 28: Acc=90.00, Loss=-332.9024, NLL=-1129.8491, KL=13.8291, AvgS=486.21, ProxLoss=0.0000
2026-03-19 01:50:58,618 - Server_DefaultID - INFO - Training client 14 (29/30)...
2026-03-19 01:51:00,731 - Server_DefaultID - INFO - Client 14: Acc=85.66, Loss=-341.1385, NLL=-1161.7157, KL=13.9634, AvgS=499.98, ProxLoss=0.0000
2026-03-19 01:51:00,732 - Server_DefaultID - INFO - Training client 83 (30/30)...
2026-03-19 01:51:02,995 - Server_DefaultID - INFO - Client 83: Acc=99.69, Loss=-340.2119, NLL=-1161.7276, KL=13.9635, AvgS=499.98, ProxLoss=0.0000
2026-03-19 01:51:03,098 - Server_DefaultID - WARNING - Global prior extremely imbalanced (max/min=1.0), applied adaptive smoothing lam=0.10.
2026-03-19 01:51:03,098 - Server_DefaultID - INFO - Round [57/200] Summary | Avg Client Train Stats:	Loss [-341.0440]	 Acc [86.19]	NLL [-1158.6312]	 KL [13.9492]	AvgS [498.64]	 ProxLoss [0.0000]
GlobalPriorAlpha (first 10): [5.0, 5.0, 5.0, 5.0, 5.0, 5.0, 5.0, 5.0, 5.0, 5.0]
Round Time: 54.76s
2026-03-19 01:51:03,101 - Server_DefaultID - INFO - --- Global Round 58/200 ---
2026-03-19 01:51:03,101 - Server_DefaultID - INFO - Selected 30 active clients for round 58.
2026-03-19 01:51:03,101 - Server_DefaultID - INFO - Training client 89 (1/30)...
2026-03-19 01:51:06,061 - Server_DefaultID - INFO - Client 89: Acc=98.55, Loss=-340.8696, NLL=-1161.7581, KL=13.9636, AvgS=499.99, ProxLoss=0.0000
2026-03-19 01:51:06,062 - Server_DefaultID - INFO - Training client 14 (2/30)...
2026-03-19 01:51:08,132 - Server_DefaultID - INFO - Client 14: Acc=86.53, Loss=-341.0952, NLL=-1161.7088, KL=13.9634, AvgS=499.97, ProxLoss=0.0000
2026-03-19 01:51:08,132 - Server_DefaultID - INFO - Training client 3 (3/30)...
2026-03-19 01:51:09,483 - Server_DefaultID - INFO - Client 3: Acc=65.26, Loss=-344.2252, NLL=-1161.7510, KL=13.9636, AvgS=499.99, ProxLoss=0.0000
2026-03-19 01:51:09,483 - Server_DefaultID - INFO - Training client 74 (4/30)...
2026-03-19 01:51:10,428 - Server_DefaultID - INFO - Client 74: Acc=62.89, Loss=-342.4247, NLL=-1161.6010, KL=13.9630, AvgS=499.93, ProxLoss=0.0000
2026-03-19 01:51:10,428 - Server_DefaultID - INFO - Training client 52 (5/30)...
2026-03-19 01:51:11,186 - Server_DefaultID - INFO - Client 52: Acc=71.46, Loss=-342.6810, NLL=-1161.7632, KL=13.9636, AvgS=500.00, ProxLoss=0.0000
2026-03-19 01:51:11,186 - Server_DefaultID - INFO - Training client 68 (6/30)...
2026-03-19 01:51:13,054 - Server_DefaultID - INFO - Client 68: Acc=78.92, Loss=-341.0320, NLL=-1161.7197, KL=13.9634, AvgS=499.98, ProxLoss=0.0000
2026-03-19 01:51:13,054 - Server_DefaultID - INFO - Training client 67 (7/30)...
2026-03-19 01:51:14,451 - Server_DefaultID - INFO - Client 67: Acc=73.39, Loss=-343.2909, NLL=-1161.6961, KL=13.9633, AvgS=499.97, ProxLoss=0.0000
2026-03-19 01:51:14,451 - Server_DefaultID - INFO - Training client 75 (8/30)...
2026-03-19 01:51:17,354 - Server_DefaultID - INFO - Client 75: Acc=90.66, Loss=-341.4551, NLL=-1161.7492, KL=13.9635, AvgS=499.99, ProxLoss=0.0000
2026-03-19 01:51:17,354 - Server_DefaultID - INFO - Training client 64 (9/30)...
2026-03-19 01:51:17,758 - Server_DefaultID - INFO - Client 64: Acc=63.12, Loss=-339.3881, NLL=-1150.9001, KL=13.9192, AvgS=495.31, ProxLoss=0.0000
2026-03-19 01:51:17,758 - Server_DefaultID - INFO - Training client 79 (10/30)...
2026-03-19 01:51:19,012 - Server_DefaultID - INFO - Client 79: Acc=94.19, Loss=-341.1676, NLL=-1161.7642, KL=13.9636, AvgS=500.00, ProxLoss=0.0000
2026-03-19 01:51:19,012 - Server_DefaultID - INFO - Training client 82 (11/30)...
2026-03-19 01:51:20,248 - Server_DefaultID - INFO - Client 82: Acc=90.31, Loss=-342.1262, NLL=-1161.4688, KL=13.9624, AvgS=499.87, ProxLoss=0.0000
2026-03-19 01:51:20,248 - Server_DefaultID - INFO - Training client 5 (12/30)...
2026-03-19 01:51:20,581 - Server_DefaultID - INFO - Client 5: Acc=69.69, Loss=-341.7377, NLL=-1156.5921, KL=13.9405, AvgS=497.76, ProxLoss=0.0000
2026-03-19 01:51:20,581 - Server_DefaultID - INFO - Training client 71 (13/30)...
2026-03-19 01:51:21,234 - Server_DefaultID - INFO - Client 71: Acc=67.97, Loss=-343.1200, NLL=-1161.2458, KL=13.9616, AvgS=499.77, ProxLoss=0.0000
2026-03-19 01:51:21,234 - Server_DefaultID - INFO - Training client 4 (14/30)...
2026-03-19 01:51:22,653 - Server_DefaultID - INFO - Client 4: Acc=75.31, Loss=-344.1802, NLL=-1161.7515, KL=13.9636, AvgS=499.99, ProxLoss=0.0000
2026-03-19 01:51:22,654 - Server_DefaultID - INFO - Training client 29 (15/30)...
2026-03-19 01:51:23,611 - Server_DefaultID - INFO - Client 29: Acc=81.80, Loss=-342.1498, NLL=-1161.7214, KL=13.9634, AvgS=499.98, ProxLoss=0.0000
2026-03-19 01:51:23,611 - Server_DefaultID - INFO - Training client 21 (16/30)...
2026-03-19 01:51:25,238 - Server_DefaultID - INFO - Client 21: Acc=61.91, Loss=-343.9855, NLL=-1161.7437, KL=13.9635, AvgS=499.99, ProxLoss=0.0000
2026-03-19 01:51:25,238 - Server_DefaultID - INFO - Training client 94 (17/30)...
2026-03-19 01:51:27,792 - Server_DefaultID - INFO - Client 94: Acc=75.97, Loss=-342.3522, NLL=-1161.7497, KL=13.9635, AvgS=499.99, ProxLoss=0.0000
2026-03-19 01:51:27,792 - Server_DefaultID - INFO - Training client 40 (18/30)...
2026-03-19 01:51:29,271 - Server_DefaultID - INFO - Client 40: Acc=68.18, Loss=-343.9945, NLL=-1161.7162, KL=13.9634, AvgS=499.98, ProxLoss=0.0000
2026-03-19 01:51:29,271 - Server_DefaultID - INFO - Training client 20 (19/30)...
2026-03-19 01:51:30,747 - Server_DefaultID - INFO - Client 20: Acc=62.97, Loss=-344.6500, NLL=-1161.6624, KL=13.9632, AvgS=499.95, ProxLoss=0.0000
2026-03-19 01:51:30,747 - Server_DefaultID - INFO - Training client 54 (20/30)...
2026-03-19 01:51:31,409 - Server_DefaultID - INFO - Client 54: Acc=68.91, Loss=-341.1306, NLL=-1159.7963, KL=13.9552, AvgS=499.15, ProxLoss=0.0000
2026-03-19 01:51:31,409 - Server_DefaultID - INFO - Training client 42 (21/30)...
2026-03-19 01:51:32,885 - Server_DefaultID - INFO - Client 42: Acc=90.57, Loss=-342.3413, NLL=-1161.7290, KL=13.9635, AvgS=499.98, ProxLoss=0.0000
2026-03-19 01:51:32,885 - Server_DefaultID - INFO - Training client 76 (22/30)...
2026-03-19 01:51:34,690 - Server_DefaultID - INFO - Client 76: Acc=75.27, Loss=-344.0998, NLL=-1161.7381, KL=13.9635, AvgS=499.99, ProxLoss=0.0000
2026-03-19 01:51:34,690 - Server_DefaultID - INFO - Training client 26 (23/30)...
2026-03-19 01:51:38,262 - Server_DefaultID - INFO - Client 26: Acc=96.18, Loss=-341.5634, NLL=-1161.7402, KL=13.9635, AvgS=499.99, ProxLoss=0.0000
2026-03-19 01:51:38,262 - Server_DefaultID - INFO - Training client 34 (24/30)...
2026-03-19 01:51:39,191 - Server_DefaultID - INFO - Client 34: Acc=74.06, Loss=-343.2364, NLL=-1161.3513, KL=13.9620, AvgS=499.82, ProxLoss=0.0000
2026-03-19 01:51:39,191 - Server_DefaultID - INFO - Training client 17 (25/30)...
2026-03-19 01:51:39,875 - Server_DefaultID - INFO - Client 17: Acc=77.66, Loss=-343.3175, NLL=-1161.6670, KL=13.9632, AvgS=499.96, ProxLoss=0.0000
2026-03-19 01:51:39,875 - Server_DefaultID - INFO - Training client 7 (26/30)...
2026-03-19 01:51:41,371 - Server_DefaultID - INFO - Client 7: Acc=59.90, Loss=-342.6902, NLL=-1161.7493, KL=13.9635, AvgS=499.99, ProxLoss=0.0000
2026-03-19 01:51:41,372 - Server_DefaultID - INFO - Training client 46 (27/30)...
2026-03-19 01:51:43,334 - Server_DefaultID - INFO - Client 46: Acc=86.64, Loss=-342.3919, NLL=-1161.5325, KL=13.9627, AvgS=499.90, ProxLoss=0.0000
2026-03-19 01:51:43,335 - Server_DefaultID - INFO - Training client 78 (28/30)...
2026-03-19 01:51:50,573 - Server_DefaultID - INFO - Client 78: Acc=93.44, Loss=-342.3959, NLL=-1161.7304, KL=13.9635, AvgS=499.98, ProxLoss=0.0000
2026-03-19 01:51:50,573 - Server_DefaultID - INFO - Training client 19 (29/30)...
2026-03-19 01:51:53,653 - Server_DefaultID - INFO - Client 19: Acc=95.62, Loss=-341.1357, NLL=-1161.7491, KL=13.9635, AvgS=499.99, ProxLoss=0.0000
2026-03-19 01:51:53,654 - Server_DefaultID - INFO - Training client 8 (30/30)...
2026-03-19 01:51:54,161 - Server_DefaultID - INFO - Client 8: Acc=87.34, Loss=-342.2592, NLL=-1161.5615, KL=13.9628, AvgS=499.91, ProxLoss=0.0000
2026-03-19 01:51:54,270 - Server_DefaultID - WARNING - Global prior extremely imbalanced (max/min=1.0), applied adaptive smoothing lam=0.10.
2026-03-19 01:51:54,270 - Server_DefaultID - INFO - Round [58/200] Summary | Avg Client Train Stats:	Loss [-342.3272]	 Acc [82.92]	NLL [-1161.5785]	 KL [13.9628]	AvgS [499.92]	 ProxLoss [0.0000]
GlobalPriorAlpha (first 10): [5.0, 5.0, 5.0, 5.0, 5.0, 5.0, 5.0, 5.0, 5.0, 5.0]
Round Time: 51.17s
2026-03-19 01:51:54,272 - Server_DefaultID - INFO - --- Global Round 59/200 ---
2026-03-19 01:51:54,273 - Server_DefaultID - INFO - Selected 30 active clients for round 59.
2026-03-19 01:51:54,273 - Server_DefaultID - INFO - Training client 39 (1/30)...
2026-03-19 01:51:57,315 - Server_DefaultID - INFO - Client 39: Acc=78.98, Loss=-342.5191, NLL=-1161.7504, KL=13.9635, AvgS=499.99, ProxLoss=0.0000
2026-03-19 01:51:57,316 - Server_DefaultID - INFO - Training client 71 (2/30)...
2026-03-19 01:51:57,919 - Server_DefaultID - INFO - Client 71: Acc=70.31, Loss=-343.6063, NLL=-1161.7699, KL=13.9636, AvgS=500.00, ProxLoss=0.0000
2026-03-19 01:51:57,919 - Server_DefaultID - INFO - Training client 12 (3/30)...
2026-03-19 01:51:59,188 - Server_DefaultID - INFO - Client 12: Acc=73.94, Loss=-344.1188, NLL=-1161.7471, KL=13.9635, AvgS=499.99, ProxLoss=0.0000
2026-03-19 01:51:59,188 - Server_DefaultID - INFO - Training client 0 (4/30)...
2026-03-19 01:51:59,571 - Server_DefaultID - INFO - Client 0: Acc=44.38, Loss=-342.6513, NLL=-1161.1709, KL=13.9613, AvgS=499.74, ProxLoss=0.0000
2026-03-19 01:51:59,571 - Server_DefaultID - INFO - Training client 41 (5/30)...
2026-03-19 01:52:01,463 - Server_DefaultID - INFO - Client 41: Acc=76.76, Loss=-341.6734, NLL=-1161.7504, KL=13.9635, AvgS=499.99, ProxLoss=0.0000
2026-03-19 01:52:01,463 - Server_DefaultID - INFO - Training client 11 (6/30)...
2026-03-19 01:52:02,750 - Server_DefaultID - INFO - Client 11: Acc=88.65, Loss=-342.8158, NLL=-1161.7602, KL=13.9636, AvgS=500.00, ProxLoss=0.0000
2026-03-19 01:52:02,750 - Server_DefaultID - INFO - Training client 62 (7/30)...
2026-03-19 01:52:03,283 - Server_DefaultID - INFO - Client 62: Acc=89.22, Loss=-342.7318, NLL=-1161.2503, KL=13.9616, AvgS=499.78, ProxLoss=0.0000
2026-03-19 01:52:03,283 - Server_DefaultID - INFO - Training client 73 (8/30)...
2026-03-19 01:52:05,989 - Server_DefaultID - INFO - Client 73: Acc=85.62, Loss=-341.6655, NLL=-1161.7133, KL=13.9634, AvgS=499.98, ProxLoss=0.0000
2026-03-19 01:52:05,990 - Server_DefaultID - INFO - Training client 91 (9/30)...
2026-03-19 01:52:06,750 - Server_DefaultID - INFO - Client 91: Acc=86.04, Loss=-341.0783, NLL=-1161.7533, KL=13.9636, AvgS=499.99, ProxLoss=0.0000
2026-03-19 01:52:06,751 - Server_DefaultID - INFO - Training client 93 (10/30)...
2026-03-19 01:52:07,380 - Server_DefaultID - INFO - Client 93: Acc=54.84, Loss=-342.9824, NLL=-1160.9726, KL=13.9605, AvgS=499.66, ProxLoss=0.0000
2026-03-19 01:52:07,380 - Server_DefaultID - INFO - Training client 64 (11/30)...
2026-03-19 01:52:07,757 - Server_DefaultID - INFO - Client 64: Acc=62.50, Loss=-341.5574, NLL=-1158.3334, KL=13.9499, AvgS=498.52, ProxLoss=0.0000
2026-03-19 01:52:07,757 - Server_DefaultID - INFO - Training client 33 (12/30)...
2026-03-19 01:52:09,303 - Server_DefaultID - INFO - Client 33: Acc=58.71, Loss=-343.8786, NLL=-1161.7038, KL=13.9634, AvgS=499.97, ProxLoss=0.0000
2026-03-19 01:52:09,303 - Server_DefaultID - INFO - Training client 79 (13/30)...
2026-03-19 01:52:10,476 - Server_DefaultID - INFO - Client 79: Acc=93.88, Loss=-341.0113, NLL=-1161.6691, KL=13.9632, AvgS=499.96, ProxLoss=0.0000
2026-03-19 01:52:10,477 - Server_DefaultID - INFO - Training client 61 (14/30)...
2026-03-19 01:52:11,761 - Server_DefaultID - INFO - Client 61: Acc=67.12, Loss=-344.3283, NLL=-1161.6514, KL=13.9632, AvgS=499.95, ProxLoss=0.0000
2026-03-19 01:52:11,761 - Server_DefaultID - INFO - Training client 18 (15/30)...
2026-03-19 01:52:14,892 - Server_DefaultID - INFO - Client 18: Acc=86.02, Loss=-342.6912, NLL=-1161.7396, KL=13.9635, AvgS=499.99, ProxLoss=0.0000
2026-03-19 01:52:14,892 - Server_DefaultID - INFO - Training client 80 (16/30)...
2026-03-19 01:52:15,270 - Server_DefaultID - INFO - Client 80: Acc=63.12, Loss=-342.4366, NLL=-1158.2764, KL=13.9498, AvgS=498.49, ProxLoss=0.0000
2026-03-19 01:52:15,270 - Server_DefaultID - INFO - Training client 90 (17/30)...
2026-03-19 01:52:17,188 - Client_90 - WARNING - Client 90: Too few classes (1) or samples (592) for alpha report, returning uniform.
2026-03-19 01:52:17,188 - Server_DefaultID - INFO - Client 90: Acc=100.00, Loss=-339.8532, NLL=-1161.6846, KL=13.9633, AvgS=499.96, ProxLoss=0.0000
2026-03-19 01:52:17,188 - Server_DefaultID - INFO - Training client 2 (18/30)...
2026-03-19 01:52:19,199 - Server_DefaultID - INFO - Client 2: Acc=79.41, Loss=-342.4606, NLL=-1161.7620, KL=13.9636, AvgS=500.00, ProxLoss=0.0000
2026-03-19 01:52:19,199 - Server_DefaultID - INFO - Training client 86 (19/30)...
2026-03-19 01:52:20,423 - Server_DefaultID - INFO - Client 86: Acc=77.38, Loss=-342.2448, NLL=-1161.3750, KL=13.9620, AvgS=499.83, ProxLoss=0.0000
2026-03-19 01:52:20,423 - Server_DefaultID - INFO - Training client 56 (20/30)...
2026-03-19 01:52:23,638 - Server_DefaultID - INFO - Client 56: Acc=86.56, Loss=-342.3360, NLL=-1161.7316, KL=13.9635, AvgS=499.98, ProxLoss=0.0000
2026-03-19 01:52:23,638 - Server_DefaultID - INFO - Training client 1 (21/30)...
2026-03-19 01:52:24,332 - Server_DefaultID - INFO - Client 1: Acc=62.03, Loss=-342.9577, NLL=-1161.6309, KL=13.9631, AvgS=499.94, ProxLoss=0.0000
2026-03-19 01:52:24,332 - Server_DefaultID - INFO - Training client 58 (22/30)...
2026-03-19 01:52:26,218 - Server_DefaultID - INFO - Client 58: Acc=79.51, Loss=-341.1702, NLL=-1161.7576, KL=13.9636, AvgS=499.99, ProxLoss=0.0000
2026-03-19 01:52:26,218 - Server_DefaultID - INFO - Training client 89 (23/30)...
2026-03-19 01:52:29,596 - Server_DefaultID - INFO - Client 89: Acc=98.55, Loss=-340.7790, NLL=-1161.7188, KL=13.9634, AvgS=499.98, ProxLoss=0.0000
2026-03-19 01:52:29,596 - Server_DefaultID - INFO - Training client 57 (24/30)...
2026-03-19 01:52:33,461 - Server_DefaultID - INFO - Client 57: Acc=94.54, Loss=-342.0692, NLL=-1161.7631, KL=13.9636, AvgS=500.00, ProxLoss=0.0000
2026-03-19 01:52:33,461 - Server_DefaultID - INFO - Training client 36 (25/30)...
2026-03-19 01:52:38,739 - Server_DefaultID - INFO - Client 36: Acc=91.74, Loss=-341.2350, NLL=-1161.7469, KL=13.9635, AvgS=499.99, ProxLoss=0.0000
2026-03-19 01:52:38,739 - Server_DefaultID - INFO - Training client 4 (26/30)...
2026-03-19 01:52:40,244 - Server_DefaultID - INFO - Client 4: Acc=76.56, Loss=-344.0819, NLL=-1161.7521, KL=13.9636, AvgS=499.99, ProxLoss=0.0000
2026-03-19 01:52:40,244 - Server_DefaultID - INFO - Training client 52 (27/30)...
2026-03-19 01:52:41,153 - Server_DefaultID - INFO - Client 52: Acc=70.42, Loss=-342.3268, NLL=-1161.1157, KL=13.9609, AvgS=499.72, ProxLoss=0.0000
2026-03-19 01:52:41,153 - Server_DefaultID - INFO - Training client 92 (28/30)...
2026-03-19 01:52:42,250 - Server_DefaultID - INFO - Client 92: Acc=95.55, Loss=-342.1840, NLL=-1161.6474, KL=13.9631, AvgS=499.95, ProxLoss=0.0000
2026-03-19 01:52:42,251 - Server_DefaultID - INFO - Training client 48 (29/30)...
2026-03-19 01:52:46,241 - Server_DefaultID - INFO - Client 48: Acc=86.62, Loss=-342.6016, NLL=-1161.7460, KL=13.9635, AvgS=499.99, ProxLoss=0.0000
2026-03-19 01:52:46,241 - Server_DefaultID - INFO - Training client 45 (30/30)...
2026-03-19 01:52:48,232 - Server_DefaultID - INFO - Client 45: Acc=65.35, Loss=-342.1250, NLL=-1161.7567, KL=13.9636, AvgS=499.99, ProxLoss=0.0000
2026-03-19 01:52:48,358 - Server_DefaultID - WARNING - Global prior extremely imbalanced (max/min=1.0), applied adaptive smoothing lam=0.10.
2026-03-19 01:52:48,358 - Server_DefaultID - INFO - Round [59/200] Summary | Avg Client Train Stats:	Loss [-342.1446]	 Acc [83.42]	NLL [-1161.6542]	 KL [13.9632]	AvgS [499.95]	 ProxLoss [0.0000]
GlobalPriorAlpha (first 10): [5.0, 5.0, 5.0, 5.0, 5.0, 5.0, 5.0, 5.0, 5.0, 5.0]
Round Time: 54.09s
2026-03-19 01:52:48,361 - Server_DefaultID - INFO - --- Global Round 60/200 ---
2026-03-19 01:52:48,361 - Server_DefaultID - INFO - Selected 30 active clients for round 60.
2026-03-19 01:52:48,361 - Server_DefaultID - INFO - Training client 74 (1/30)...
2026-03-19 01:52:49,483 - Server_DefaultID - INFO - Client 74: Acc=60.78, Loss=-342.4271, NLL=-1161.2883, KL=13.9617, AvgS=499.79, ProxLoss=0.0000
2026-03-19 01:52:49,483 - Server_DefaultID - INFO - Training client 73 (2/30)...
2026-03-19 01:52:52,446 - Server_DefaultID - INFO - Client 73: Acc=85.67, Loss=-341.5886, NLL=-1161.7522, KL=13.9636, AvgS=499.99, ProxLoss=0.0000
2026-03-19 01:52:52,446 - Server_DefaultID - INFO - Training client 66 (3/30)...
2026-03-19 01:52:54,159 - Server_DefaultID - INFO - Client 66: Acc=88.26, Loss=-341.9902, NLL=-1161.7699, KL=13.9636, AvgS=500.00, ProxLoss=0.0000
2026-03-19 01:52:54,159 - Server_DefaultID - INFO - Training client 86 (4/30)...
2026-03-19 01:52:55,404 - Server_DefaultID - INFO - Client 86: Acc=78.81, Loss=-342.4379, NLL=-1161.7211, KL=13.9634, AvgS=499.98, ProxLoss=0.0000
2026-03-19 01:52:55,404 - Server_DefaultID - INFO - Training client 39 (5/30)...
2026-03-19 01:53:00,692 - Server_DefaultID - INFO - Client 39: Acc=79.15, Loss=-342.4766, NLL=-1161.7559, KL=13.9636, AvgS=499.99, ProxLoss=0.0000
2026-03-19 01:53:00,692 - Server_DefaultID - INFO - Training client 58 (6/30)...
2026-03-19 01:53:02,595 - Server_DefaultID - INFO - Client 58: Acc=80.85, Loss=-341.0744, NLL=-1161.6922, KL=13.9633, AvgS=499.97, ProxLoss=0.0000
2026-03-19 01:53:02,595 - Server_DefaultID - INFO - Training client 12 (7/30)...
2026-03-19 01:53:03,930 - Server_DefaultID - INFO - Client 12: Acc=73.31, Loss=-344.0227, NLL=-1161.7335, KL=13.9635, AvgS=499.98, ProxLoss=0.0000
2026-03-19 01:53:03,930 - Server_DefaultID - INFO - Training client 10 (8/30)...
2026-03-19 01:53:05,198 - Server_DefaultID - INFO - Client 10: Acc=39.61, Loss=-343.6924, NLL=-1161.4721, KL=13.9624, AvgS=499.87, ProxLoss=0.0000
2026-03-19 01:53:05,198 - Server_DefaultID - INFO - Training client 37 (9/30)...
2026-03-19 01:53:06,426 - Server_DefaultID - INFO - Client 37: Acc=79.61, Loss=-343.2513, NLL=-1161.4190, KL=13.9622, AvgS=499.85, ProxLoss=0.0000
2026-03-19 01:53:06,426 - Server_DefaultID - INFO - Training client 3 (10/30)...
2026-03-19 01:53:08,137 - Server_DefaultID - INFO - Client 3: Acc=64.95, Loss=-344.2258, NLL=-1161.7545, KL=13.9636, AvgS=499.99, ProxLoss=0.0000
2026-03-19 01:53:08,137 - Server_DefaultID - INFO - Training client 52 (11/30)...
2026-03-19 01:53:09,064 - Server_DefaultID - INFO - Client 52: Acc=69.69, Loss=-342.3336, NLL=-1161.7170, KL=13.9634, AvgS=499.98, ProxLoss=0.0000
2026-03-19 01:53:09,064 - Server_DefaultID - INFO - Training client 67 (12/30)...
2026-03-19 01:53:10,843 - Server_DefaultID - INFO - Client 67: Acc=74.90, Loss=-343.2336, NLL=-1161.7229, KL=13.9634, AvgS=499.98, ProxLoss=0.0000
2026-03-19 01:53:10,843 - Server_DefaultID - INFO - Training client 29 (13/30)...
2026-03-19 01:53:11,996 - Server_DefaultID - INFO - Client 29: Acc=80.94, Loss=-341.9100, NLL=-1161.4847, KL=13.9625, AvgS=499.88, ProxLoss=0.0000
2026-03-19 01:53:11,996 - Server_DefaultID - INFO - Training client 76 (14/30)...
2026-03-19 01:53:14,050 - Server_DefaultID - INFO - Client 76: Acc=75.47, Loss=-344.0663, NLL=-1161.7420, KL=13.9635, AvgS=499.99, ProxLoss=0.0000
2026-03-19 01:53:14,050 - Server_DefaultID - INFO - Training client 61 (15/30)...
2026-03-19 01:53:15,569 - Server_DefaultID - INFO - Client 61: Acc=68.38, Loss=-344.2989, NLL=-1161.6513, KL=13.9632, AvgS=499.95, ProxLoss=0.0000
2026-03-19 01:53:15,569 - Server_DefaultID - INFO - Training client 92 (16/30)...
2026-03-19 01:53:16,819 - Server_DefaultID - INFO - Client 92: Acc=95.23, Loss=-342.3096, NLL=-1161.7699, KL=13.9636, AvgS=500.00, ProxLoss=0.0000
2026-03-19 01:53:16,819 - Server_DefaultID - INFO - Training client 42 (17/30)...
2026-03-19 01:53:18,546 - Server_DefaultID - INFO - Client 42: Acc=90.73, Loss=-342.3243, NLL=-1161.6428, KL=13.9631, AvgS=499.95, ProxLoss=0.0000
2026-03-19 01:53:18,546 - Server_DefaultID - INFO - Training client 84 (18/30)...
2026-03-19 01:53:19,042 - Server_DefaultID - INFO - Client 84: Acc=81.13, Loss=-323.4250, NLL=-1101.5378, KL=13.7097, AvgS=473.96, ProxLoss=0.0000
2026-03-19 01:53:19,043 - Server_DefaultID - INFO - Training client 8 (19/30)...
2026-03-19 01:53:19,725 - Server_DefaultID - INFO - Client 8: Acc=86.09, Loss=-342.6383, NLL=-1161.7699, KL=13.9636, AvgS=500.00, ProxLoss=0.0000
2026-03-19 01:53:19,725 - Server_DefaultID - INFO - Training client 24 (20/30)...
2026-03-19 01:53:20,149 - Server_DefaultID - INFO - Client 24: Acc=52.19, Loss=-297.6921, NLL=-1006.8765, KL=13.2863, AvgS=433.09, ProxLoss=0.0000
2026-03-19 01:53:20,149 - Server_DefaultID - INFO - Training client 49 (21/30)...
2026-03-19 01:53:22,067 - Server_DefaultID - INFO - Client 49: Acc=80.18, Loss=-342.1589, NLL=-1161.7573, KL=13.9636, AvgS=499.99, ProxLoss=0.0000
2026-03-19 01:53:22,067 - Server_DefaultID - INFO - Training client 28 (22/30)...
2026-03-19 01:53:22,538 - Server_DefaultID - INFO - Client 28: Acc=93.12, Loss=-334.2556, NLL=-1138.0593, KL=13.8650, AvgS=489.76, ProxLoss=0.0000
2026-03-19 01:53:22,538 - Server_DefaultID - INFO - Training client 38 (23/30)...
2026-03-19 01:53:23,263 - Server_DefaultID - INFO - Client 38: Acc=56.09, Loss=-344.5984, NLL=-1161.5778, KL=13.9629, AvgS=499.92, ProxLoss=0.0000
2026-03-19 01:53:23,263 - Server_DefaultID - INFO - Training client 82 (24/30)...
2026-03-19 01:53:24,667 - Server_DefaultID - INFO - Client 82: Acc=90.69, Loss=-342.0122, NLL=-1161.7699, KL=13.9636, AvgS=500.00, ProxLoss=0.0000
2026-03-19 01:53:24,667 - Server_DefaultID - INFO - Training client 22 (25/30)...
2026-03-19 01:53:25,424 - Server_DefaultID - INFO - Client 22: Acc=90.94, Loss=-343.1793, NLL=-1161.7543, KL=13.9636, AvgS=499.99, ProxLoss=0.0000
2026-03-19 01:53:25,424 - Server_DefaultID - INFO - Training client 57 (26/30)...
2026-03-19 01:53:31,301 - Server_DefaultID - INFO - Client 57: Acc=94.78, Loss=-342.0393, NLL=-1161.7618, KL=13.9636, AvgS=500.00, ProxLoss=0.0000
2026-03-19 01:53:31,301 - Server_DefaultID - INFO - Training client 34 (27/30)...
2026-03-19 01:53:32,265 - Server_DefaultID - INFO - Client 34: Acc=75.62, Loss=-343.3144, NLL=-1161.6890, KL=13.9633, AvgS=499.97, ProxLoss=0.0000
2026-03-19 01:53:32,265 - Server_DefaultID - INFO - Training client 94 (28/30)...
2026-03-19 01:53:35,430 - Server_DefaultID - INFO - Client 94: Acc=75.68, Loss=-342.2656, NLL=-1161.7409, KL=13.9635, AvgS=499.99, ProxLoss=0.0000
2026-03-19 01:53:35,430 - Server_DefaultID - INFO - Training client 95 (29/30)...
2026-03-19 01:53:37,890 - Server_DefaultID - INFO - Client 95: Acc=65.66, Loss=-341.2908, NLL=-1161.7456, KL=13.9635, AvgS=499.99, ProxLoss=0.0000
2026-03-19 01:53:37,890 - Server_DefaultID - INFO - Training client 77 (30/30)...
2026-03-19 01:53:41,897 - Server_DefaultID - INFO - Client 77: Acc=91.62, Loss=-342.1150, NLL=-1161.7476, KL=13.9635, AvgS=499.99, ProxLoss=0.0000
2026-03-19 01:53:42,170 - Server_DefaultID - WARNING - Global prior extremely imbalanced (max/min=1.0), applied adaptive smoothing lam=0.10.
2026-03-19 01:53:42,170 - Server_DefaultID - INFO - Round [60/200] Summary | Avg Client Train Stats:	Loss [-342.0110]	 Acc [79.65]	NLL [-1160.0547]	 KL [13.9562]	AvgS [499.26]	 ProxLoss [0.0000]
GlobalPriorAlpha (first 10): [5.0, 5.0, 5.0, 5.0, 5.0, 5.0, 5.0, 5.0, 5.0, 5.0]
Round Time: 53.81s
2026-03-19 01:53:42,170 - Server_DefaultID - INFO - --- Evaluating models at round 60 ---
2026-03-19 01:54:51,655 - Server_DefaultID - INFO - Global Model Evaluation (Round 60): 
  Avg Test Acc: 67.49%
  Avg Test Acc Softmax: 67.49%
  Avg Test Loss: -1126.7311
  Avg Test NLL: -1142.1829
  Avg Test KL (vs flat prior): 13.8631
  Avg Test S: 491.54
2026-03-19 01:56:00,862 - Server_DefaultID - INFO - Personalized Model Evaluation (Round 60): 
  Avg Test Acc: 69.36%
  Avg Test Acc Softmax: 69.36%
  Avg Test Loss: -1131.6969
  Avg Test NLL: -1147.1783
  Avg Test KL (vs flat prior): 13.8906
  Avg Test S: 493.70
2026-03-19 01:56:00,862 - Server_DefaultID - INFO - [Metric 1] Personalized Brier Score | Mean: 0.4473
2026-03-19 01:56:00,862 - Server_DefaultID - INFO - [Metric 1] Personalized ECE | Mean: 0.1467
2026-03-19 01:56:00,862 - Server_DefaultID - INFO - [OOD Eval] OOD AUC-ROC (Epistemic): 0.0243
2026-03-19 01:56:00,862 - Server_DefaultID - INFO - [Metric 4] OOD FPR@95%TPR: 0.9941
2026-03-19 01:56:02,405 - Server_DefaultID - INFO - --- Global Round 61/200 ---
2026-03-19 01:56:02,406 - Server_DefaultID - INFO - Selected 30 active clients for round 61.
2026-03-19 01:56:02,406 - Server_DefaultID - INFO - Training client 51 (1/30)...
2026-03-19 01:56:03,159 - Server_DefaultID - INFO - Client 51: Acc=53.28, Loss=-343.9571, NLL=-1161.2217, KL=13.9614, AvgS=499.76, ProxLoss=0.0000
2026-03-19 01:56:03,159 - Server_DefaultID - INFO - Training client 69 (2/30)...
2026-03-19 01:56:03,888 - Server_DefaultID - INFO - Client 69: Acc=60.00, Loss=-343.0346, NLL=-1161.0919, KL=13.9610, AvgS=499.71, ProxLoss=0.0000
2026-03-19 01:56:03,888 - Server_DefaultID - INFO - Training client 95 (3/30)...
2026-03-19 01:56:06,299 - Server_DefaultID - INFO - Client 95: Acc=65.59, Loss=-341.1808, NLL=-1161.7026, KL=13.9634, AvgS=499.97, ProxLoss=0.0000
2026-03-19 01:56:06,299 - Server_DefaultID - INFO - Training client 19 (4/30)...
2026-03-19 01:56:10,166 - Server_DefaultID - INFO - Client 19: Acc=95.33, Loss=-341.0275, NLL=-1161.7698, KL=13.9636, AvgS=500.00, ProxLoss=0.0000
2026-03-19 01:56:10,166 - Server_DefaultID - INFO - Training client 41 (5/30)...
2026-03-19 01:56:12,510 - Server_DefaultID - INFO - Client 41: Acc=75.94, Loss=-341.7388, NLL=-1161.7699, KL=13.9636, AvgS=500.00, ProxLoss=0.0000
2026-03-19 01:56:12,510 - Server_DefaultID - INFO - Training client 16 (6/30)...
2026-03-19 01:56:13,256 - Server_DefaultID - INFO - Client 16: Acc=55.31, Loss=-341.4883, NLL=-1161.0715, KL=13.9609, AvgS=499.70, ProxLoss=0.0000
2026-03-19 01:56:13,256 - Server_DefaultID - INFO - Training client 20 (7/30)...
2026-03-19 01:56:15,051 - Server_DefaultID - INFO - Client 20: Acc=62.92, Loss=-344.5544, NLL=-1161.7599, KL=13.9636, AvgS=500.00, ProxLoss=0.0000
2026-03-19 01:56:15,051 - Server_DefaultID - INFO - Training client 47 (8/30)...
2026-03-19 01:56:16,812 - Server_DefaultID - INFO - Client 47: Acc=60.36, Loss=-343.7102, NLL=-1161.7646, KL=13.9636, AvgS=500.00, ProxLoss=0.0000
2026-03-19 01:56:16,812 - Server_DefaultID - INFO - Training client 45 (9/30)...
2026-03-19 01:56:20,157 - Server_DefaultID - INFO - Client 45: Acc=66.29, Loss=-342.0822, NLL=-1161.7160, KL=13.9634, AvgS=499.98, ProxLoss=0.0000
2026-03-19 01:56:20,158 - Server_DefaultID - INFO - Training client 93 (10/30)...
2026-03-19 01:56:20,887 - Server_DefaultID - INFO - Client 93: Acc=55.00, Loss=-343.0249, NLL=-1161.7175, KL=13.9634, AvgS=499.98, ProxLoss=0.0000
2026-03-19 01:56:20,887 - Server_DefaultID - INFO - Training client 9 (11/30)...
2026-03-19 01:56:22,752 - Server_DefaultID - INFO - Client 9: Acc=97.50, Loss=-341.0657, NLL=-1161.6658, KL=13.9632, AvgS=499.96, ProxLoss=0.0000
2026-03-19 01:56:22,753 - Server_DefaultID - INFO - Training client 7 (12/30)...
2026-03-19 01:56:24,372 - Server_DefaultID - INFO - Client 7: Acc=50.42, Loss=-342.4645, NLL=-1161.7179, KL=13.9634, AvgS=499.98, ProxLoss=0.0000
2026-03-19 01:56:24,372 - Server_DefaultID - INFO - Training client 56 (13/30)...
2026-03-19 01:56:26,668 - Server_DefaultID - INFO - Client 56: Acc=86.76, Loss=-342.1697, NLL=-1161.6549, KL=13.9632, AvgS=499.95, ProxLoss=0.0000
2026-03-19 01:56:26,669 - Server_DefaultID - INFO - Training client 17 (14/30)...
2026-03-19 01:56:27,349 - Server_DefaultID - INFO - Client 17: Acc=81.09, Loss=-343.0180, NLL=-1160.6481, KL=13.9590, AvgS=499.52, ProxLoss=0.0000
2026-03-19 01:56:27,349 - Server_DefaultID - INFO - Training client 1 (15/30)...
2026-03-19 01:56:28,062 - Server_DefaultID - INFO - Client 1: Acc=43.12, Loss=-342.6668, NLL=-1161.5665, KL=13.9628, AvgS=499.91, ProxLoss=0.0000
2026-03-19 01:56:28,063 - Server_DefaultID - INFO - Training client 13 (16/30)...
2026-03-19 01:56:28,497 - Server_DefaultID - INFO - Client 13: Acc=55.94, Loss=-340.9509, NLL=-1161.1148, KL=13.9611, AvgS=499.72, ProxLoss=0.0000
2026-03-19 01:56:28,498 - Server_DefaultID - INFO - Training client 14 (17/30)...
2026-03-19 01:56:30,932 - Server_DefaultID - INFO - Client 14: Acc=71.63, Loss=-340.7900, NLL=-1161.6554, KL=13.9632, AvgS=499.95, ProxLoss=0.0000
2026-03-19 01:56:30,932 - Server_DefaultID - INFO - Training client 6 (18/30)...
2026-03-19 01:56:31,833 - Server_DefaultID - INFO - Client 6: Acc=56.77, Loss=-341.6211, NLL=-1161.3657, KL=13.9620, AvgS=499.83, ProxLoss=0.0000
2026-03-19 01:56:31,833 - Server_DefaultID - INFO - Training client 81 (19/30)...
2026-03-19 01:56:33,702 - Server_DefaultID - INFO - Client 81: Acc=76.65, Loss=-342.2804, NLL=-1161.7353, KL=13.9635, AvgS=499.99, ProxLoss=0.0000
2026-03-19 01:56:33,702 - Server_DefaultID - INFO - Training client 30 (20/30)...
2026-03-19 01:56:35,938 - Server_DefaultID - INFO - Client 30: Acc=90.35, Loss=-341.0308, NLL=-1161.7375, KL=13.9635, AvgS=499.99, ProxLoss=0.0000
2026-03-19 01:56:35,938 - Server_DefaultID - INFO - Training client 97 (21/30)...
2026-03-19 01:56:42,515 - Server_DefaultID - INFO - Client 97: Acc=99.58, Loss=-340.1773, NLL=-1161.7637, KL=13.9636, AvgS=500.00, ProxLoss=0.0000
2026-03-19 01:56:42,515 - Server_DefaultID - INFO - Training client 73 (22/30)...
2026-03-19 01:56:45,945 - Server_DefaultID - INFO - Client 73: Acc=87.02, Loss=-341.6370, NLL=-1161.7534, KL=13.9636, AvgS=499.99, ProxLoss=0.0000
2026-03-19 01:56:45,945 - Server_DefaultID - INFO - Training client 60 (23/30)...
2026-03-19 01:56:46,991 - Server_DefaultID - INFO - Client 60: Acc=68.96, Loss=-341.6813, NLL=-1161.6444, KL=13.9631, AvgS=499.95, ProxLoss=0.0000
2026-03-19 01:56:46,991 - Server_DefaultID - INFO - Training client 27 (24/30)...
2026-03-19 01:56:47,896 - Server_DefaultID - INFO - Client 27: Acc=66.88, Loss=-343.3331, NLL=-1161.5184, KL=13.9626, AvgS=499.89, ProxLoss=0.0000
2026-03-19 01:56:47,896 - Server_DefaultID - INFO - Training client 52 (25/30)...
2026-03-19 01:56:48,855 - Server_DefaultID - INFO - Client 52: Acc=70.10, Loss=-342.1431, NLL=-1161.5994, KL=13.9630, AvgS=499.93, ProxLoss=0.0000
2026-03-19 01:56:48,855 - Server_DefaultID - INFO - Training client 2 (26/30)...
2026-03-19 01:56:52,646 - Server_DefaultID - INFO - Client 2: Acc=79.31, Loss=-342.2132, NLL=-1161.5836, KL=13.9629, AvgS=499.92, ProxLoss=0.0000
2026-03-19 01:56:52,646 - Server_DefaultID - INFO - Training client 50 (27/30)...
2026-03-19 01:56:57,600 - Server_DefaultID - INFO - Client 50: Acc=97.52, Loss=-341.3403, NLL=-1161.7624, KL=13.9636, AvgS=500.00, ProxLoss=0.0000
2026-03-19 01:56:57,600 - Server_DefaultID - INFO - Training client 15 (28/30)...
2026-03-19 01:56:58,324 - Server_DefaultID - INFO - Client 15: Acc=52.66, Loss=-342.4003, NLL=-1161.1597, KL=13.9612, AvgS=499.74, ProxLoss=0.0000
2026-03-19 01:56:58,324 - Server_DefaultID - INFO - Training client 49 (29/30)...
2026-03-19 01:57:00,270 - Server_DefaultID - INFO - Client 49: Acc=81.65, Loss=-342.1265, NLL=-1161.7237, KL=13.9634, AvgS=499.98, ProxLoss=0.0000
2026-03-19 01:57:00,270 - Server_DefaultID - INFO - Training client 38 (30/30)...
2026-03-19 01:57:01,021 - Server_DefaultID - INFO - Client 38: Acc=56.88, Loss=-344.4200, NLL=-1161.4523, KL=13.9623, AvgS=499.86, ProxLoss=0.0000
2026-03-19 01:57:01,179 - Server_DefaultID - WARNING - Global prior extremely imbalanced (max/min=1.0), applied adaptive smoothing lam=0.10.
2026-03-19 01:57:01,180 - Server_DefaultID - INFO - Round [61/200] Summary | Avg Client Train Stats:	Loss [-341.7217]	 Acc [79.81]	NLL [-1161.6664]	 KL [13.9632]	AvgS [499.96]	 ProxLoss [0.0000]
GlobalPriorAlpha (first 10): [5.0, 5.0, 5.0, 5.0, 5.0, 5.0, 5.0, 5.0, 5.0, 5.0]
Round Time: 58.77s
2026-03-19 01:57:01,182 - Server_DefaultID - INFO - --- Global Round 62/200 ---
2026-03-19 01:57:01,182 - Server_DefaultID - INFO - Selected 30 active clients for round 62.
2026-03-19 01:57:01,183 - Server_DefaultID - INFO - Training client 88 (1/30)...
2026-03-19 01:57:02,904 - Server_DefaultID - INFO - Client 88: Acc=58.44, Loss=-343.1038, NLL=-1161.5838, KL=13.9629, AvgS=499.92, ProxLoss=0.0000
2026-03-19 01:57:02,904 - Server_DefaultID - INFO - Training client 99 (2/30)...
2026-03-19 01:57:03,462 - Server_DefaultID - INFO - Client 99: Acc=33.44, Loss=-311.7116, NLL=-1052.9979, KL=13.4977, AvgS=452.99, ProxLoss=0.0000
2026-03-19 01:57:03,462 - Server_DefaultID - INFO - Training client 54 (3/30)...
2026-03-19 01:57:04,176 - Server_DefaultID - INFO - Client 54: Acc=76.41, Loss=-340.9812, NLL=-1160.8892, KL=13.9602, AvgS=499.62, ProxLoss=0.0000
2026-03-19 01:57:04,176 - Server_DefaultID - INFO - Training client 29 (4/30)...
2026-03-19 01:57:05,476 - Server_DefaultID - INFO - Client 29: Acc=81.25, Loss=-342.0155, NLL=-1161.7699, KL=13.9636, AvgS=500.00, ProxLoss=0.0000
2026-03-19 01:57:05,477 - Server_DefaultID - INFO - Training client 27 (5/30)...
2026-03-19 01:57:06,693 - Server_DefaultID - INFO - Client 27: Acc=70.31, Loss=-343.4194, NLL=-1161.7225, KL=13.9634, AvgS=499.98, ProxLoss=0.0000
2026-03-19 01:57:06,694 - Server_DefaultID - INFO - Training client 80 (6/30)...
2026-03-19 01:57:07,301 - Server_DefaultID - INFO - Client 80: Acc=63.12, Loss=-342.7552, NLL=-1159.7066, KL=13.9555, AvgS=499.11, ProxLoss=0.0000
2026-03-19 01:57:07,301 - Server_DefaultID - INFO - Training client 50 (7/30)...
2026-03-19 01:57:12,355 - Server_DefaultID - INFO - Client 50: Acc=97.53, Loss=-341.1434, NLL=-1161.7552, KL=13.9636, AvgS=499.99, ProxLoss=0.0000
2026-03-19 01:57:12,355 - Server_DefaultID - INFO - Training client 41 (8/30)...
2026-03-19 01:57:14,539 - Server_DefaultID - INFO - Client 41: Acc=78.44, Loss=-341.5388, NLL=-1161.7597, KL=13.9636, AvgS=500.00, ProxLoss=0.0000
2026-03-19 01:57:14,539 - Server_DefaultID - INFO - Training client 98 (9/30)...
2026-03-19 01:57:15,477 - Server_DefaultID - INFO - Client 98: Acc=88.44, Loss=-340.5184, NLL=-1160.8456, KL=13.9599, AvgS=499.60, ProxLoss=0.0000
2026-03-19 01:57:15,477 - Server_DefaultID - INFO - Training client 11 (10/30)...
2026-03-19 01:57:17,152 - Server_DefaultID - INFO - Client 11: Acc=86.98, Loss=-342.6626, NLL=-1161.7275, KL=13.9635, AvgS=499.98, ProxLoss=0.0000
2026-03-19 01:57:17,152 - Server_DefaultID - INFO - Training client 36 (11/30)...
2026-03-19 01:57:22,981 - Server_DefaultID - INFO - Client 36: Acc=91.88, Loss=-341.1262, NLL=-1161.7599, KL=13.9636, AvgS=500.00, ProxLoss=0.0000
2026-03-19 01:57:22,981 - Server_DefaultID - INFO - Training client 5 (12/30)...
2026-03-19 01:57:23,479 - Server_DefaultID - INFO - Client 5: Acc=70.62, Loss=-343.1521, NLL=-1161.4813, KL=13.9625, AvgS=499.88, ProxLoss=0.0000
2026-03-19 01:57:23,479 - Server_DefaultID - INFO - Training client 73 (13/30)...
2026-03-19 01:57:28,284 - Server_DefaultID - INFO - Client 73: Acc=86.15, Loss=-341.6197, NLL=-1161.7667, KL=13.9636, AvgS=500.00, ProxLoss=0.0000
2026-03-19 01:57:28,284 - Server_DefaultID - INFO - Training client 78 (14/30)...
2026-03-19 01:57:36,215 - Server_DefaultID - INFO - Client 78: Acc=93.43, Loss=-342.3094, NLL=-1161.7514, KL=13.9636, AvgS=499.99, ProxLoss=0.0000
2026-03-19 01:57:36,215 - Server_DefaultID - INFO - Training client 62 (15/30)...
2026-03-19 01:57:36,927 - Server_DefaultID - INFO - Client 62: Acc=88.75, Loss=-343.1882, NLL=-1161.6880, KL=13.9633, AvgS=499.96, ProxLoss=0.0000
2026-03-19 01:57:36,927 - Server_DefaultID - INFO - Training client 83 (16/30)...
2026-03-19 01:57:39,634 - Server_DefaultID - INFO - Client 83: Acc=99.75, Loss=-339.9280, NLL=-1161.7302, KL=13.9635, AvgS=499.98, ProxLoss=0.0000
2026-03-19 01:57:39,634 - Server_DefaultID - INFO - Training client 22 (17/30)...
2026-03-19 01:57:40,336 - Server_DefaultID - INFO - Client 22: Acc=92.19, Loss=-342.5426, NLL=-1161.6749, KL=13.9633, AvgS=499.96, ProxLoss=0.0000
2026-03-19 01:57:40,336 - Server_DefaultID - INFO - Training client 91 (18/30)...
2026-03-19 01:57:41,280 - Server_DefaultID - INFO - Client 91: Acc=90.21, Loss=-340.9673, NLL=-1161.7450, KL=13.9635, AvgS=499.99, ProxLoss=0.0000
2026-03-19 01:57:41,281 - Server_DefaultID - INFO - Training client 37 (19/30)...
2026-03-19 01:57:42,581 - Server_DefaultID - INFO - Client 37: Acc=78.91, Loss=-343.3186, NLL=-1161.5852, KL=13.9629, AvgS=499.92, ProxLoss=0.0000
2026-03-19 01:57:42,581 - Server_DefaultID - INFO - Training client 39 (20/30)...
2026-03-19 01:57:46,575 - Server_DefaultID - INFO - Client 39: Acc=79.23, Loss=-342.3440, NLL=-1161.7000, KL=13.9634, AvgS=499.97, ProxLoss=0.0000
2026-03-19 01:57:46,575 - Server_DefaultID - INFO - Training client 81 (21/30)...
2026-03-19 01:57:48,589 - Server_DefaultID - INFO - Client 81: Acc=76.65, Loss=-342.2691, NLL=-1161.7182, KL=13.9634, AvgS=499.98, ProxLoss=0.0000
2026-03-19 01:57:48,590 - Server_DefaultID - INFO - Training client 43 (22/30)...
2026-03-19 01:57:51,675 - Server_DefaultID - INFO - Client 43: Acc=82.19, Loss=-342.0913, NLL=-1161.7336, KL=13.9635, AvgS=499.98, ProxLoss=0.0000
2026-03-19 01:57:51,675 - Server_DefaultID - INFO - Training client 52 (23/30)...
2026-03-19 01:57:52,596 - Server_DefaultID - INFO - Client 52: Acc=71.15, Loss=-342.1911, NLL=-1161.4730, KL=13.9625, AvgS=499.87, ProxLoss=0.0000
2026-03-19 01:57:52,596 - Server_DefaultID - INFO - Training client 2 (24/30)...
2026-03-19 01:57:55,143 - Server_DefaultID - INFO - Client 2: Acc=79.27, Loss=-342.2753, NLL=-1161.7488, KL=13.9635, AvgS=499.99, ProxLoss=0.0000
2026-03-19 01:57:55,143 - Server_DefaultID - INFO - Training client 72 (25/30)...
2026-03-19 01:57:56,363 - Server_DefaultID - INFO - Client 72: Acc=95.00, Loss=-341.6455, NLL=-1161.7462, KL=13.9635, AvgS=499.99, ProxLoss=0.0000
2026-03-19 01:57:56,363 - Server_DefaultID - INFO - Training client 26 (26/30)...
2026-03-19 01:58:02,072 - Server_DefaultID - INFO - Client 26: Acc=95.97, Loss=-341.4765, NLL=-1161.7567, KL=13.9636, AvgS=499.99, ProxLoss=0.0000
2026-03-19 01:58:02,072 - Server_DefaultID - INFO - Training client 75 (27/30)...
2026-03-19 01:58:04,324 - Server_DefaultID - INFO - Client 75: Acc=89.92, Loss=-341.2771, NLL=-1161.7396, KL=13.9635, AvgS=499.99, ProxLoss=0.0000
2026-03-19 01:58:04,325 - Server_DefaultID - INFO - Training client 31 (28/30)...
2026-03-19 01:58:06,782 - Server_DefaultID - INFO - Client 31: Acc=78.09, Loss=-342.1581, NLL=-1161.7670, KL=13.9636, AvgS=500.00, ProxLoss=0.0000
2026-03-19 01:58:06,782 - Server_DefaultID - INFO - Training client 95 (29/30)...
2026-03-19 01:58:09,363 - Server_DefaultID - INFO - Client 95: Acc=65.83, Loss=-341.2866, NLL=-1161.7270, KL=13.9635, AvgS=499.98, ProxLoss=0.0000
2026-03-19 01:58:09,363 - Server_DefaultID - INFO - Training client 1 (30/30)...
2026-03-19 01:58:10,102 - Server_DefaultID - INFO - Client 1: Acc=47.03, Loss=-342.4408, NLL=-1161.5139, KL=13.9626, AvgS=499.89, ProxLoss=0.0000
2026-03-19 01:58:10,417 - Server_DefaultID - WARNING - Global prior extremely imbalanced (max/min=1.0), applied adaptive smoothing lam=0.10.
2026-03-19 01:58:10,417 - Server_DefaultID - INFO - Round [62/200] Summary | Avg Client Train Stats:	Loss [-341.6059]	 Acc [85.34]	NLL [-1161.0111]	 KL [13.9604]	AvgS [499.67]	 ProxLoss [0.0000]
GlobalPriorAlpha (first 10): [5.0, 5.0, 5.0, 5.0, 5.0, 5.0, 5.0, 5.0, 5.0, 5.0]
Round Time: 69.23s
2026-03-19 01:58:10,419 - Server_DefaultID - INFO - --- Global Round 63/200 ---
2026-03-19 01:58:10,420 - Server_DefaultID - INFO - Selected 30 active clients for round 63.
2026-03-19 01:58:10,420 - Server_DefaultID - INFO - Training client 46 (1/30)...
2026-03-19 01:58:12,607 - Server_DefaultID - INFO - Client 46: Acc=86.72, Loss=-342.2548, NLL=-1161.7068, KL=13.9634, AvgS=499.97, ProxLoss=0.0000
2026-03-19 01:58:12,607 - Server_DefaultID - INFO - Training client 92 (2/30)...
2026-03-19 01:58:13,788 - Server_DefaultID - INFO - Client 92: Acc=95.16, Loss=-342.2229, NLL=-1161.7452, KL=13.9635, AvgS=499.99, ProxLoss=0.0000
2026-03-19 01:58:13,788 - Server_DefaultID - INFO - Training client 37 (3/30)...
2026-03-19 01:58:14,993 - Server_DefaultID - INFO - Client 37: Acc=78.59, Loss=-343.2826, NLL=-1161.6514, KL=13.9632, AvgS=499.95, ProxLoss=0.0000
2026-03-19 01:58:14,993 - Server_DefaultID - INFO - Training client 74 (4/30)...
2026-03-19 01:58:16,298 - Server_DefaultID - INFO - Client 74: Acc=63.75, Loss=-342.4672, NLL=-1161.7683, KL=13.9636, AvgS=500.00, ProxLoss=0.0000
2026-03-19 01:58:16,298 - Server_DefaultID - INFO - Training client 71 (5/30)...
2026-03-19 01:58:17,037 - Server_DefaultID - INFO - Client 71: Acc=72.34, Loss=-343.3490, NLL=-1161.5753, KL=13.9629, AvgS=499.92, ProxLoss=0.0000
2026-03-19 01:58:17,037 - Server_DefaultID - INFO - Training client 14 (6/30)...
2026-03-19 01:58:19,496 - Server_DefaultID - INFO - Client 14: Acc=81.08, Loss=-340.8250, NLL=-1161.6588, KL=13.9632, AvgS=499.95, ProxLoss=0.0000
2026-03-19 01:58:19,497 - Server_DefaultID - INFO - Training client 5 (7/30)...
2026-03-19 01:58:19,934 - Server_DefaultID - INFO - Client 5: Acc=72.19, Loss=-342.6315, NLL=-1159.8712, KL=13.9561, AvgS=499.18, ProxLoss=0.0000
2026-03-19 01:58:19,935 - Server_DefaultID - INFO - Training client 90 (8/30)...
2026-03-19 01:58:22,153 - Client_90 - WARNING - Client 90: Too few classes (1) or samples (592) for alpha report, returning uniform.
2026-03-19 01:58:22,153 - Server_DefaultID - INFO - Client 90: Acc=100.00, Loss=-339.7230, NLL=-1161.7594, KL=13.9636, AvgS=500.00, ProxLoss=0.0000
2026-03-19 01:58:22,153 - Server_DefaultID - INFO - Training client 29 (9/30)...
2026-03-19 01:58:23,433 - Server_DefaultID - INFO - Client 29: Acc=81.25, Loss=-341.8353, NLL=-1161.4936, KL=13.9625, AvgS=499.88, ProxLoss=0.0000
2026-03-19 01:58:23,433 - Server_DefaultID - INFO - Training client 59 (10/30)...
2026-03-19 01:58:25,711 - Server_DefaultID - INFO - Client 59: Acc=81.88, Loss=-342.3276, NLL=-1161.6648, KL=13.9632, AvgS=499.95, ProxLoss=0.0000
2026-03-19 01:58:25,711 - Server_DefaultID - INFO - Training client 39 (11/30)...
2026-03-19 01:58:29,596 - Server_DefaultID - INFO - Client 39: Acc=78.21, Loss=-342.3440, NLL=-1161.7608, KL=13.9636, AvgS=500.00, ProxLoss=0.0000
2026-03-19 01:58:29,597 - Server_DefaultID - INFO - Training client 88 (12/30)...
2026-03-19 01:58:31,369 - Server_DefaultID - INFO - Client 88: Acc=59.27, Loss=-343.2085, NLL=-1161.7506, KL=13.9635, AvgS=499.99, ProxLoss=0.0000
2026-03-19 01:58:31,369 - Server_DefaultID - INFO - Training client 40 (13/30)...
2026-03-19 01:58:34,552 - Server_DefaultID - INFO - Client 40: Acc=69.17, Loss=-343.7829, NLL=-1161.6059, KL=13.9630, AvgS=499.93, ProxLoss=0.0000
2026-03-19 01:58:34,552 - Server_DefaultID - INFO - Training client 77 (14/30)...
2026-03-19 01:58:38,553 - Server_DefaultID - INFO - Client 77: Acc=91.62, Loss=-341.9992, NLL=-1161.7596, KL=13.9636, AvgS=500.00, ProxLoss=0.0000
2026-03-19 01:58:38,554 - Server_DefaultID - INFO - Training client 15 (15/30)...
2026-03-19 01:58:39,296 - Server_DefaultID - INFO - Client 15: Acc=60.62, Loss=-342.4561, NLL=-1161.7697, KL=13.9636, AvgS=500.00, ProxLoss=0.0000
2026-03-19 01:58:39,297 - Server_DefaultID - INFO - Training client 72 (16/30)...
2026-03-19 01:58:40,582 - Server_DefaultID - INFO - Client 72: Acc=94.84, Loss=-341.4593, NLL=-1161.5435, KL=13.9627, AvgS=499.90, ProxLoss=0.0000
2026-03-19 01:58:40,582 - Server_DefaultID - INFO - Training client 10 (17/30)...
2026-03-19 01:58:41,941 - Server_DefaultID - INFO - Client 10: Acc=34.06, Loss=-343.6046, NLL=-1161.5634, KL=13.9628, AvgS=499.91, ProxLoss=0.0000
2026-03-19 01:58:41,941 - Server_DefaultID - INFO - Training client 53 (18/30)...
2026-03-19 01:58:44,682 - Server_DefaultID - INFO - Client 53: Acc=96.44, Loss=-341.6019, NLL=-1161.7536, KL=13.9636, AvgS=499.99, ProxLoss=0.0000
2026-03-19 01:58:44,682 - Server_DefaultID - INFO - Training client 31 (19/30)...
2026-03-19 01:58:47,318 - Server_DefaultID - INFO - Client 31: Acc=79.41, Loss=-342.1140, NLL=-1161.7479, KL=13.9635, AvgS=499.99, ProxLoss=0.0000
2026-03-19 01:58:47,318 - Server_DefaultID - INFO - Training client 21 (20/30)...
2026-03-19 01:58:49,672 - Server_DefaultID - INFO - Client 21: Acc=60.47, Loss=-343.7686, NLL=-1161.7378, KL=13.9635, AvgS=499.99, ProxLoss=0.0000
2026-03-19 01:58:49,672 - Server_DefaultID - INFO - Training client 19 (21/30)...
2026-03-19 01:58:53,590 - Server_DefaultID - INFO - Client 19: Acc=95.89, Loss=-340.9128, NLL=-1161.7159, KL=13.9634, AvgS=499.98, ProxLoss=0.0000
2026-03-19 01:58:53,590 - Server_DefaultID - INFO - Training client 80 (22/30)...
2026-03-19 01:58:54,050 - Server_DefaultID - INFO - Client 80: Acc=66.25, Loss=-342.6167, NLL=-1159.5822, KL=13.9551, AvgS=499.06, ProxLoss=0.0000
2026-03-19 01:58:54,050 - Server_DefaultID - INFO - Training client 20 (23/30)...
2026-03-19 01:58:55,856 - Server_DefaultID - INFO - Client 20: Acc=63.59, Loss=-344.3493, NLL=-1161.6996, KL=13.9634, AvgS=499.97, ProxLoss=0.0000
2026-03-19 01:58:55,856 - Server_DefaultID - INFO - Training client 75 (24/30)...
2026-03-19 01:58:58,199 - Server_DefaultID - INFO - Client 75: Acc=91.68, Loss=-341.2441, NLL=-1161.7436, KL=13.9635, AvgS=499.99, ProxLoss=0.0000
2026-03-19 01:58:58,199 - Server_DefaultID - INFO - Training client 36 (25/30)...
2026-03-19 01:59:04,282 - Server_DefaultID - INFO - Client 36: Acc=92.13, Loss=-341.0813, NLL=-1161.7579, KL=13.9636, AvgS=499.99, ProxLoss=0.0000
2026-03-19 01:59:04,283 - Server_DefaultID - INFO - Training client 91 (26/30)...
2026-03-19 01:59:06,394 - Server_DefaultID - INFO - Client 91: Acc=91.25, Loss=-340.7599, NLL=-1161.2553, KL=13.9616, AvgS=499.78, ProxLoss=0.0000
2026-03-19 01:59:06,395 - Server_DefaultID - INFO - Training client 55 (27/30)...
2026-03-19 01:59:14,489 - Server_DefaultID - INFO - Client 55: Acc=85.10, Loss=-342.9095, NLL=-1161.7535, KL=13.9636, AvgS=499.99, ProxLoss=0.0000
2026-03-19 01:59:14,489 - Server_DefaultID - INFO - Training client 64 (28/30)...
2026-03-19 01:59:15,048 - Server_DefaultID - INFO - Client 64: Acc=59.38, Loss=-341.4469, NLL=-1158.1100, KL=13.9490, AvgS=498.42, ProxLoss=0.0000
2026-03-19 01:59:15,048 - Server_DefaultID - INFO - Training client 66 (29/30)...
2026-03-19 01:59:16,926 - Server_DefaultID - INFO - Client 66: Acc=88.17, Loss=-341.7472, NLL=-1161.7668, KL=13.9636, AvgS=500.00, ProxLoss=0.0000
2026-03-19 01:59:16,926 - Server_DefaultID - INFO - Training client 42 (30/30)...
2026-03-19 01:59:18,680 - Server_DefaultID - INFO - Client 42: Acc=90.68, Loss=-342.2345, NLL=-1161.7422, KL=13.9635, AvgS=499.99, ProxLoss=0.0000
2026-03-19 01:59:18,978 - Server_DefaultID - WARNING - Global prior extremely imbalanced (max/min=1.0), applied adaptive smoothing lam=0.10.
2026-03-19 01:59:18,978 - Server_DefaultID - INFO - Round [63/200] Summary | Avg Client Train Stats:	Loss [-342.0945]	 Acc [83.05]	NLL [-1161.6675]	 KL [13.9632]	AvgS [499.96]	 ProxLoss [0.0000]
GlobalPriorAlpha (first 10): [5.0, 5.0, 5.0, 5.0, 5.0, 5.0, 5.0, 5.0, 5.0, 5.0]
Round Time: 68.56s
2026-03-19 01:59:18,981 - Server_DefaultID - INFO - --- Global Round 64/200 ---
2026-03-19 01:59:18,981 - Server_DefaultID - INFO - Selected 30 active clients for round 64.
2026-03-19 01:59:18,981 - Server_DefaultID - INFO - Training client 65 (1/30)...
2026-03-19 01:59:19,465 - Server_DefaultID - INFO - Client 65: Acc=50.94, Loss=-240.7737, NLL=-820.8458, KL=12.3739, AvgS=352.72, ProxLoss=0.0000
2026-03-19 01:59:19,465 - Server_DefaultID - INFO - Training client 60 (2/30)...
2026-03-19 01:59:20,498 - Server_DefaultID - INFO - Client 60: Acc=71.67, Loss=-341.0975, NLL=-1160.8745, KL=13.9601, AvgS=499.61, ProxLoss=0.0000
2026-03-19 01:59:20,498 - Server_DefaultID - INFO - Training client 14 (3/30)...
2026-03-19 01:59:23,047 - Server_DefaultID - INFO - Client 14: Acc=85.24, Loss=-340.8636, NLL=-1161.7567, KL=13.9636, AvgS=499.99, ProxLoss=0.0000
2026-03-19 01:59:23,047 - Server_DefaultID - INFO - Training client 30 (4/30)...
2026-03-19 01:59:25,454 - Server_DefaultID - INFO - Client 30: Acc=89.96, Loss=-340.8917, NLL=-1161.7181, KL=13.9634, AvgS=499.98, ProxLoss=0.0000
2026-03-19 01:59:25,454 - Server_DefaultID - INFO - Training client 32 (5/30)...
2026-03-19 01:59:27,156 - Server_DefaultID - INFO - Client 32: Acc=84.38, Loss=-342.7873, NLL=-1161.6680, KL=13.9632, AvgS=499.96, ProxLoss=0.0000
2026-03-19 01:59:27,157 - Server_DefaultID - INFO - Training client 9 (6/30)...
2026-03-19 01:59:29,138 - Server_DefaultID - INFO - Client 9: Acc=97.54, Loss=-340.8260, NLL=-1161.7475, KL=13.9635, AvgS=499.99, ProxLoss=0.0000
2026-03-19 01:59:29,138 - Server_DefaultID - INFO - Training client 56 (7/30)...
2026-03-19 01:59:31,224 - Server_DefaultID - INFO - Client 56: Acc=86.60, Loss=-342.1454, NLL=-1161.7519, KL=13.9636, AvgS=499.99, ProxLoss=0.0000
2026-03-19 01:59:31,224 - Server_DefaultID - INFO - Training client 10 (8/30)...
2026-03-19 01:59:32,614 - Server_DefaultID - INFO - Client 10: Acc=37.97, Loss=-343.5844, NLL=-1161.7357, KL=13.9635, AvgS=499.99, ProxLoss=0.0000
2026-03-19 01:59:32,614 - Server_DefaultID - INFO - Training client 68 (9/30)...
2026-03-19 01:59:35,107 - Server_DefaultID - INFO - Client 68: Acc=79.55, Loss=-340.7981, NLL=-1161.7396, KL=13.9635, AvgS=499.99, ProxLoss=0.0000
2026-03-19 01:59:35,107 - Server_DefaultID - INFO - Training client 95 (10/30)...
2026-03-19 01:59:37,658 - Server_DefaultID - INFO - Client 95: Acc=66.46, Loss=-341.1196, NLL=-1161.7619, KL=13.9636, AvgS=500.00, ProxLoss=0.0000
2026-03-19 01:59:37,659 - Server_DefaultID - INFO - Training client 45 (11/30)...
2026-03-19 01:59:41,065 - Server_DefaultID - INFO - Client 45: Acc=66.91, Loss=-341.9737, NLL=-1161.7416, KL=13.9635, AvgS=499.99, ProxLoss=0.0000
2026-03-19 01:59:41,065 - Server_DefaultID - INFO - Training client 67 (12/30)...
2026-03-19 01:59:42,839 - Server_DefaultID - INFO - Client 67: Acc=72.71, Loss=-343.1377, NLL=-1161.7508, KL=13.9636, AvgS=499.99, ProxLoss=0.0000
2026-03-19 01:59:42,839 - Server_DefaultID - INFO - Training client 21 (13/30)...
2026-03-19 01:59:45,086 - Server_DefaultID - INFO - Client 21: Acc=61.60, Loss=-343.7254, NLL=-1161.6988, KL=13.9634, AvgS=499.97, ProxLoss=0.0000
2026-03-19 01:59:45,086 - Server_DefaultID - INFO - Training client 39 (14/30)...
2026-03-19 01:59:49,181 - Server_DefaultID - INFO - Client 39: Acc=79.27, Loss=-342.2251, NLL=-1161.7504, KL=13.9635, AvgS=499.99, ProxLoss=0.0000
2026-03-19 01:59:49,182 - Server_DefaultID - INFO - Training client 16 (15/30)...
2026-03-19 01:59:49,995 - Server_DefaultID - INFO - Client 16: Acc=60.47, Loss=-341.7919, NLL=-1161.7496, KL=13.9635, AvgS=499.99, ProxLoss=0.0000
2026-03-19 01:59:49,995 - Server_DefaultID - INFO - Training client 92 (16/30)...
2026-03-19 01:59:51,237 - Server_DefaultID - INFO - Client 92: Acc=95.16, Loss=-342.1676, NLL=-1161.6940, KL=13.9633, AvgS=499.97, ProxLoss=0.0000
2026-03-19 01:59:51,237 - Server_DefaultID - INFO - Training client 73 (17/30)...
2026-03-19 01:59:54,852 - Server_DefaultID - INFO - Client 73: Acc=87.52, Loss=-341.4330, NLL=-1161.7112, KL=13.9634, AvgS=499.97, ProxLoss=0.0000
2026-03-19 01:59:54,852 - Server_DefaultID - INFO - Training client 33 (18/30)...
2026-03-19 01:59:57,043 - Server_DefaultID - INFO - Client 33: Acc=58.62, Loss=-343.6550, NLL=-1161.7062, KL=13.9634, AvgS=499.97, ProxLoss=0.0000
2026-03-19 01:59:57,043 - Server_DefaultID - INFO - Training client 38 (19/30)...
2026-03-19 01:59:57,951 - Server_DefaultID - INFO - Client 38: Acc=51.56, Loss=-344.1962, NLL=-1161.3787, KL=13.9621, AvgS=499.83, ProxLoss=0.0000
2026-03-19 01:59:57,952 - Server_DefaultID - INFO - Training client 36 (20/30)...
2026-03-19 02:00:04,267 - Server_DefaultID - INFO - Client 36: Acc=92.66, Loss=-341.0453, NLL=-1161.7554, KL=13.9636, AvgS=499.99, ProxLoss=0.0000
2026-03-19 02:00:04,267 - Server_DefaultID - INFO - Training client 63 (21/30)...
2026-03-19 02:00:05,686 - Server_DefaultID - INFO - Client 63: Acc=72.69, Loss=-342.4751, NLL=-1161.7421, KL=13.9635, AvgS=499.99, ProxLoss=0.0000
2026-03-19 02:00:05,686 - Server_DefaultID - INFO - Training client 97 (22/30)...
2026-03-19 02:00:13,763 - Server_DefaultID - INFO - Client 97: Acc=99.58, Loss=-340.0397, NLL=-1161.7594, KL=13.9636, AvgS=500.00, ProxLoss=0.0000
2026-03-19 02:00:13,764 - Server_DefaultID - INFO - Training client 8 (23/30)...
2026-03-19 02:00:14,545 - Server_DefaultID - INFO - Client 8: Acc=86.09, Loss=-341.7757, NLL=-1160.5972, KL=13.9587, AvgS=499.49, ProxLoss=0.0000
2026-03-19 02:00:14,545 - Server_DefaultID - INFO - Training client 83 (24/30)...
2026-03-19 02:00:17,516 - Server_DefaultID - INFO - Client 83: Acc=99.75, Loss=-339.8909, NLL=-1161.7584, KL=13.9636, AvgS=500.00, ProxLoss=0.0000
2026-03-19 02:00:17,516 - Server_DefaultID - INFO - Training client 6 (25/30)...
2026-03-19 02:00:18,487 - Server_DefaultID - INFO - Client 6: Acc=58.65, Loss=-341.8085, NLL=-1161.5934, KL=13.9629, AvgS=499.92, ProxLoss=0.0000
2026-03-19 02:00:18,487 - Server_DefaultID - INFO - Training client 72 (26/30)...
2026-03-19 02:00:19,728 - Server_DefaultID - INFO - Client 72: Acc=95.08, Loss=-341.5211, NLL=-1161.7556, KL=13.9636, AvgS=499.99, ProxLoss=0.0000
2026-03-19 02:00:19,728 - Server_DefaultID - INFO - Training client 57 (27/30)...
2026-03-19 02:00:24,459 - Server_DefaultID - INFO - Client 57: Acc=95.18, Loss=-341.9052, NLL=-1161.7501, KL=13.9635, AvgS=499.99, ProxLoss=0.0000
2026-03-19 02:00:24,459 - Server_DefaultID - INFO - Training client 48 (28/30)...
2026-03-19 02:00:28,875 - Server_DefaultID - INFO - Client 48: Acc=86.73, Loss=-342.3591, NLL=-1161.7149, KL=13.9634, AvgS=499.98, ProxLoss=0.0000
2026-03-19 02:00:28,875 - Server_DefaultID - INFO - Training client 79 (29/30)...
2026-03-19 02:00:30,376 - Server_DefaultID - INFO - Client 79: Acc=94.06, Loss=-340.8771, NLL=-1161.6615, KL=13.9632, AvgS=499.95, ProxLoss=0.0000
2026-03-19 02:00:30,377 - Server_DefaultID - INFO - Training client 19 (30/30)...
2026-03-19 02:00:34,345 - Server_DefaultID - INFO - Client 19: Acc=96.16, Loss=-340.9482, NLL=-1161.7679, KL=13.9636, AvgS=500.00, ProxLoss=0.0000
2026-03-19 02:00:34,588 - Server_DefaultID - WARNING - Global prior extremely imbalanced (max/min=1.0), applied adaptive smoothing lam=0.10.
2026-03-19 02:00:34,588 - Server_DefaultID - INFO - Round [64/200] Summary | Avg Client Train Stats:	Loss [-341.1715]	 Acc [84.35]	NLL [-1160.3632]	 KL [13.9571]	AvgS [499.39]	 ProxLoss [0.0000]
GlobalPriorAlpha (first 10): [5.0, 5.0, 5.0, 5.0, 5.0, 5.0, 5.0, 5.0, 5.0, 5.0]
Round Time: 75.61s
2026-03-19 02:00:34,591 - Server_DefaultID - INFO - --- Global Round 65/200 ---
2026-03-19 02:00:34,591 - Server_DefaultID - INFO - Selected 30 active clients for round 65.
2026-03-19 02:00:34,591 - Server_DefaultID - INFO - Training client 94 (1/30)...
2026-03-19 02:00:37,732 - Server_DefaultID - INFO - Client 94: Acc=76.70, Loss=-342.0651, NLL=-1161.7559, KL=13.9636, AvgS=499.99, ProxLoss=0.0000
2026-03-19 02:00:37,732 - Server_DefaultID - INFO - Training client 67 (2/30)...
2026-03-19 02:00:39,537 - Server_DefaultID - INFO - Client 67: Acc=74.27, Loss=-342.9892, NLL=-1161.7428, KL=13.9635, AvgS=499.99, ProxLoss=0.0000
2026-03-19 02:00:39,537 - Server_DefaultID - INFO - Training client 72 (3/30)...
2026-03-19 02:00:40,710 - Server_DefaultID - INFO - Client 72: Acc=95.00, Loss=-341.5393, NLL=-1161.7699, KL=13.9636, AvgS=500.00, ProxLoss=0.0000
2026-03-19 02:00:40,710 - Server_DefaultID - INFO - Training client 98 (4/30)...
2026-03-19 02:00:41,628 - Server_DefaultID - INFO - Client 98: Acc=89.58, Loss=-340.7976, NLL=-1161.6550, KL=13.9632, AvgS=499.95, ProxLoss=0.0000
2026-03-19 02:00:41,628 - Server_DefaultID - INFO - Training client 71 (5/30)...
2026-03-19 02:00:42,167 - Server_DefaultID - INFO - Client 71: Acc=74.38, Loss=-343.2639, NLL=-1161.6336, KL=13.9631, AvgS=499.94, ProxLoss=0.0000
2026-03-19 02:00:42,167 - Server_DefaultID - INFO - Training client 5 (6/30)...
2026-03-19 02:00:42,598 - Server_DefaultID - INFO - Client 5: Acc=70.94, Loss=-343.6279, NLL=-1161.7631, KL=13.9636, AvgS=500.00, ProxLoss=0.0000
2026-03-19 02:00:42,598 - Server_DefaultID - INFO - Training client 79 (7/30)...
2026-03-19 02:00:44,101 - Server_DefaultID - INFO - Client 79: Acc=93.81, Loss=-340.7874, NLL=-1161.6549, KL=13.9632, AvgS=499.95, ProxLoss=0.0000
2026-03-19 02:00:44,101 - Server_DefaultID - INFO - Training client 35 (8/30)...
2026-03-19 02:00:45,070 - Server_DefaultID - INFO - Client 35: Acc=71.56, Loss=-343.3786, NLL=-1161.7646, KL=13.9636, AvgS=500.00, ProxLoss=0.0000
2026-03-19 02:00:45,070 - Server_DefaultID - INFO - Training client 3 (9/30)...
2026-03-19 02:00:47,995 - Server_DefaultID - INFO - Client 3: Acc=63.18, Loss=-343.9022, NLL=-1161.7268, KL=13.9635, AvgS=499.98, ProxLoss=0.0000
2026-03-19 02:00:47,995 - Server_DefaultID - INFO - Training client 96 (10/30)...
2026-03-19 02:00:50,313 - Server_DefaultID - INFO - Client 96: Acc=81.91, Loss=-342.1842, NLL=-1161.7355, KL=13.9635, AvgS=499.99, ProxLoss=0.0000
2026-03-19 02:00:50,313 - Server_DefaultID - INFO - Training client 44 (11/30)...
2026-03-19 02:00:52,779 - Server_DefaultID - INFO - Client 44: Acc=90.56, Loss=-341.9435, NLL=-1161.7676, KL=13.9636, AvgS=500.00, ProxLoss=0.0000
2026-03-19 02:00:52,779 - Server_DefaultID - INFO - Training client 82 (12/30)...
2026-03-19 02:00:54,252 - Server_DefaultID - INFO - Client 82: Acc=91.31, Loss=-342.1952, NLL=-1161.7568, KL=13.9636, AvgS=499.99, ProxLoss=0.0000
2026-03-19 02:00:54,252 - Server_DefaultID - INFO - Training client 37 (13/30)...
2026-03-19 02:00:55,463 - Server_DefaultID - INFO - Client 37: Acc=79.77, Loss=-343.1573, NLL=-1161.2753, KL=13.9616, AvgS=499.79, ProxLoss=0.0000
2026-03-19 02:00:55,463 - Server_DefaultID - INFO - Training client 34 (14/30)...
2026-03-19 02:00:56,332 - Server_DefaultID - INFO - Client 34: Acc=72.81, Loss=-342.8674, NLL=-1161.7699, KL=13.9636, AvgS=500.00, ProxLoss=0.0000
2026-03-19 02:00:56,332 - Server_DefaultID - INFO - Training client 65 (15/30)...
2026-03-19 02:00:56,765 - Server_DefaultID - INFO - Client 65: Acc=60.94, Loss=-268.7769, NLL=-915.2628, KL=12.8814, AvgS=393.50, ProxLoss=0.0000
2026-03-19 02:00:56,765 - Server_DefaultID - INFO - Training client 27 (16/30)...
2026-03-19 02:00:57,741 - Server_DefaultID - INFO - Client 27: Acc=67.29, Loss=-343.2488, NLL=-1161.6358, KL=13.9631, AvgS=499.94, ProxLoss=0.0000
2026-03-19 02:00:57,741 - Server_DefaultID - INFO - Training client 81 (17/30)...
2026-03-19 02:00:59,593 - Server_DefaultID - INFO - Client 81: Acc=76.65, Loss=-342.1674, NLL=-1161.7238, KL=13.9634, AvgS=499.98, ProxLoss=0.0000
2026-03-19 02:00:59,593 - Server_DefaultID - INFO - Training client 92 (18/30)...
2026-03-19 02:01:00,725 - Server_DefaultID - INFO - Client 92: Acc=95.55, Loss=-341.8752, NLL=-1161.7500, KL=13.9635, AvgS=499.99, ProxLoss=0.0000
2026-03-19 02:01:00,725 - Server_DefaultID - INFO - Training client 17 (19/30)...
2026-03-19 02:01:01,372 - Server_DefaultID - INFO - Client 17: Acc=81.25, Loss=-343.2258, NLL=-1161.6906, KL=13.9633, AvgS=499.97, ProxLoss=0.0000
2026-03-19 02:01:01,372 - Server_DefaultID - INFO - Training client 30 (20/30)...
2026-03-19 02:01:03,454 - Server_DefaultID - INFO - Client 30: Acc=90.51, Loss=-340.8740, NLL=-1161.7534, KL=13.9636, AvgS=499.99, ProxLoss=0.0000
2026-03-19 02:01:03,455 - Server_DefaultID - INFO - Training client 87 (21/30)...
2026-03-19 02:01:05,366 - Server_DefaultID - INFO - Client 87: Acc=52.46, Loss=-343.9578, NLL=-1161.7494, KL=13.9635, AvgS=499.99, ProxLoss=0.0000
2026-03-19 02:01:05,366 - Server_DefaultID - INFO - Training client 45 (22/30)...
2026-03-19 02:01:07,478 - Server_DefaultID - INFO - Client 45: Acc=68.09, Loss=-341.9424, NLL=-1161.7336, KL=13.9635, AvgS=499.98, ProxLoss=0.0000
2026-03-19 02:01:07,478 - Server_DefaultID - INFO - Training client 70 (23/30)...
2026-03-19 02:01:08,941 - Server_DefaultID - INFO - Client 70: Acc=76.19, Loss=-341.1208, NLL=-1161.6623, KL=13.9632, AvgS=499.95, ProxLoss=0.0000
2026-03-19 02:01:08,941 - Server_DefaultID - INFO - Training client 75 (24/30)...
2026-03-19 02:01:11,209 - Server_DefaultID - INFO - Client 75: Acc=91.52, Loss=-341.1441, NLL=-1161.7501, KL=13.9635, AvgS=499.99, ProxLoss=0.0000
2026-03-19 02:01:11,209 - Server_DefaultID - INFO - Training client 63 (25/30)...
2026-03-19 02:01:12,692 - Server_DefaultID - INFO - Client 63: Acc=72.31, Loss=-342.3701, NLL=-1161.7286, KL=13.9635, AvgS=499.98, ProxLoss=0.0000
2026-03-19 02:01:12,692 - Server_DefaultID - INFO - Training client 2 (26/30)...
2026-03-19 02:01:15,174 - Server_DefaultID - INFO - Client 2: Acc=79.17, Loss=-342.1690, NLL=-1161.7352, KL=13.9635, AvgS=499.99, ProxLoss=0.0000
2026-03-19 02:01:15,174 - Server_DefaultID - INFO - Training client 93 (27/30)...
2026-03-19 02:01:15,864 - Server_DefaultID - INFO - Client 93: Acc=55.16, Loss=-342.9668, NLL=-1161.6124, KL=13.9630, AvgS=499.93, ProxLoss=0.0000
2026-03-19 02:01:15,864 - Server_DefaultID - INFO - Training client 26 (28/30)...
2026-03-19 02:01:20,087 - Server_DefaultID - INFO - Client 26: Acc=96.42, Loss=-341.3131, NLL=-1161.7588, KL=13.9636, AvgS=500.00, ProxLoss=0.0000
2026-03-19 02:01:20,087 - Server_DefaultID - INFO - Training client 52 (29/30)...
2026-03-19 02:01:21,091 - Server_DefaultID - INFO - Client 52: Acc=68.85, Loss=-342.1060, NLL=-1161.5817, KL=13.9629, AvgS=499.92, ProxLoss=0.0000
2026-03-19 02:01:21,091 - Server_DefaultID - INFO - Training client 7 (30/30)...
2026-03-19 02:01:22,880 - Server_DefaultID - INFO - Client 7: Acc=50.52, Loss=-342.3215, NLL=-1161.6728, KL=13.9633, AvgS=499.96, ProxLoss=0.0000
2026-03-19 02:01:23,051 - Server_DefaultID - WARNING - Global prior extremely imbalanced (max/min=1.0), applied adaptive smoothing lam=0.10.
2026-03-19 02:01:23,052 - Server_DefaultID - INFO - Round [65/200] Summary | Avg Client Train Stats:	Loss [-341.6894]	 Acc [79.43]	NLL [-1160.2528]	 KL [13.9570]	AvgS [499.34]	 ProxLoss [0.0000]
GlobalPriorAlpha (first 10): [5.0, 5.0, 5.0, 5.0, 5.0, 5.0, 5.0, 5.0, 5.0, 5.0]
Round Time: 48.46s
2026-03-19 02:01:23,054 - Server_DefaultID - INFO - --- Global Round 66/200 ---
2026-03-19 02:01:23,054 - Server_DefaultID - INFO - Selected 30 active clients for round 66.
2026-03-19 02:01:23,055 - Server_DefaultID - INFO - Training client 21 (1/30)...
2026-03-19 02:01:25,128 - Server_DefaultID - INFO - Client 21: Acc=63.16, Loss=-343.6725, NLL=-1161.7415, KL=13.9635, AvgS=499.99, ProxLoss=0.0000
2026-03-19 02:01:25,128 - Server_DefaultID - INFO - Training client 31 (2/30)...
2026-03-19 02:01:27,481 - Server_DefaultID - INFO - Client 31: Acc=79.13, Loss=-342.0009, NLL=-1161.7334, KL=13.9635, AvgS=499.98, ProxLoss=0.0000
2026-03-19 02:01:27,482 - Server_DefaultID - INFO - Training client 25 (3/30)...
2026-03-19 02:01:28,283 - Server_DefaultID - INFO - Client 25: Acc=95.62, Loss=-341.8606, NLL=-1161.4158, KL=13.9622, AvgS=499.85, ProxLoss=0.0000
2026-03-19 02:01:28,283 - Server_DefaultID - INFO - Training client 46 (4/30)...
2026-03-19 02:01:30,502 - Server_DefaultID - INFO - Client 46: Acc=86.21, Loss=-342.0333, NLL=-1161.6793, KL=13.9633, AvgS=499.96, ProxLoss=0.0000
2026-03-19 02:01:30,502 - Server_DefaultID - INFO - Training client 8 (5/30)...
2026-03-19 02:01:31,177 - Server_DefaultID - INFO - Client 8: Acc=88.12, Loss=-341.8682, NLL=-1161.6682, KL=13.9632, AvgS=499.96, ProxLoss=0.0000
2026-03-19 02:01:31,177 - Server_DefaultID - INFO - Training client 76 (6/30)...
2026-03-19 02:01:33,108 - Server_DefaultID - INFO - Client 76: Acc=75.20, Loss=-343.9016, NLL=-1161.7432, KL=13.9635, AvgS=499.99, ProxLoss=0.0000
2026-03-19 02:01:33,108 - Server_DefaultID - INFO - Training client 95 (7/30)...
2026-03-19 02:01:35,264 - Server_DefaultID - INFO - Client 95: Acc=66.91, Loss=-341.0639, NLL=-1161.7545, KL=13.9636, AvgS=499.99, ProxLoss=0.0000
2026-03-19 02:01:35,264 - Server_DefaultID - INFO - Training client 11 (8/30)...
2026-03-19 02:01:36,802 - Server_DefaultID - INFO - Client 11: Acc=86.88, Loss=-342.5661, NLL=-1161.7186, KL=13.9634, AvgS=499.98, ProxLoss=0.0000
2026-03-19 02:01:36,802 - Server_DefaultID - INFO - Training client 70 (9/30)...
2026-03-19 02:01:38,366 - Server_DefaultID - INFO - Client 70: Acc=80.69, Loss=-341.1562, NLL=-1161.7330, KL=13.9635, AvgS=499.98, ProxLoss=0.0000
2026-03-19 02:01:38,366 - Server_DefaultID - INFO - Training client 52 (10/30)...
2026-03-19 02:01:39,270 - Server_DefaultID - INFO - Client 52: Acc=74.17, Loss=-342.1686, NLL=-1161.6892, KL=13.9633, AvgS=499.97, ProxLoss=0.0000
2026-03-19 02:01:39,270 - Server_DefaultID - INFO - Training client 45 (11/30)...
2026-03-19 02:01:41,288 - Server_DefaultID - INFO - Client 45: Acc=68.28, Loss=-341.9157, NLL=-1161.7606, KL=13.9636, AvgS=500.00, ProxLoss=0.0000
2026-03-19 02:01:41,288 - Server_DefaultID - INFO - Training client 58 (12/30)...
2026-03-19 02:01:43,044 - Server_DefaultID - INFO - Client 58: Acc=80.22, Loss=-340.8706, NLL=-1161.7151, KL=13.9634, AvgS=499.98, ProxLoss=0.0000
2026-03-19 02:01:43,044 - Server_DefaultID - INFO - Training client 20 (13/30)...
2026-03-19 02:01:44,543 - Server_DefaultID - INFO - Client 20: Acc=63.44, Loss=-344.2813, NLL=-1161.7392, KL=13.9635, AvgS=499.99, ProxLoss=0.0000
2026-03-19 02:01:44,543 - Server_DefaultID - INFO - Training client 77 (14/30)...
2026-03-19 02:01:48,309 - Server_DefaultID - INFO - Client 77: Acc=91.73, Loss=-341.8333, NLL=-1161.7054, KL=13.9634, AvgS=499.97, ProxLoss=0.0000
2026-03-19 02:01:48,310 - Server_DefaultID - INFO - Training client 93 (15/30)...
2026-03-19 02:01:49,003 - Server_DefaultID - INFO - Client 93: Acc=53.91, Loss=-342.8746, NLL=-1161.6512, KL=13.9632, AvgS=499.95, ProxLoss=0.0000
2026-03-19 02:01:49,003 - Server_DefaultID - INFO - Training client 7 (16/30)...
2026-03-19 02:01:50,692 - Server_DefaultID - INFO - Client 7: Acc=52.34, Loss=-342.2184, NLL=-1161.7600, KL=13.9636, AvgS=500.00, ProxLoss=0.0000
2026-03-19 02:01:50,692 - Server_DefaultID - INFO - Training client 17 (17/30)...
2026-03-19 02:01:51,403 - Server_DefaultID - INFO - Client 17: Acc=81.56, Loss=-343.1307, NLL=-1161.4754, KL=13.9624, AvgS=499.87, ProxLoss=0.0000
2026-03-19 02:01:51,403 - Server_DefaultID - INFO - Training client 80 (18/30)...
2026-03-19 02:01:51,876 - Server_DefaultID - INFO - Client 80: Acc=60.62, Loss=-342.8619, NLL=-1160.6018, KL=13.9591, AvgS=499.50, ProxLoss=0.0000
2026-03-19 02:01:51,876 - Server_DefaultID - INFO - Training client 43 (19/30)...
2026-03-19 02:01:54,842 - Server_DefaultID - INFO - Client 43: Acc=83.32, Loss=-341.9361, NLL=-1161.7648, KL=13.9636, AvgS=500.00, ProxLoss=0.0000
2026-03-19 02:01:54,842 - Server_DefaultID - INFO - Training client 51 (20/30)...
2026-03-19 02:01:55,535 - Server_DefaultID - INFO - Client 51: Acc=45.62, Loss=-343.8948, NLL=-1161.3836, KL=13.9621, AvgS=499.83, ProxLoss=0.0000
2026-03-19 02:01:55,535 - Server_DefaultID - INFO - Training client 3 (21/30)...
2026-03-19 02:01:57,326 - Server_DefaultID - INFO - Client 3: Acc=65.05, Loss=-343.7761, NLL=-1161.7121, KL=13.9634, AvgS=499.98, ProxLoss=0.0000
2026-03-19 02:01:57,326 - Server_DefaultID - INFO - Training client 55 (22/30)...
2026-03-19 02:02:04,561 - Server_DefaultID - INFO - Client 55: Acc=85.79, Loss=-342.7624, NLL=-1161.7514, KL=13.9636, AvgS=499.99, ProxLoss=0.0000
2026-03-19 02:02:04,561 - Server_DefaultID - INFO - Training client 89 (23/30)...
2026-03-19 02:02:09,186 - Server_DefaultID - INFO - Client 89: Acc=98.48, Loss=-340.5387, NLL=-1161.7529, KL=13.9636, AvgS=499.99, ProxLoss=0.0000
2026-03-19 02:02:09,186 - Server_DefaultID - INFO - Training client 15 (24/30)...
2026-03-19 02:02:10,046 - Server_DefaultID - INFO - Client 15: Acc=61.56, Loss=-342.1228, NLL=-1161.0725, KL=13.9608, AvgS=499.70, ProxLoss=0.0000
2026-03-19 02:02:10,047 - Server_DefaultID - INFO - Training client 48 (25/30)...
2026-03-19 02:02:14,065 - Server_DefaultID - INFO - Client 48: Acc=86.97, Loss=-342.3148, NLL=-1161.7492, KL=13.9635, AvgS=499.99, ProxLoss=0.0000
2026-03-19 02:02:14,066 - Server_DefaultID - INFO - Training client 29 (26/30)...
2026-03-19 02:02:15,238 - Server_DefaultID - INFO - Client 29: Acc=81.33, Loss=-341.8393, NLL=-1161.7682, KL=13.9636, AvgS=500.00, ProxLoss=0.0000
2026-03-19 02:02:15,238 - Server_DefaultID - INFO - Training client 63 (27/30)...
2026-03-19 02:02:16,581 - Server_DefaultID - INFO - Client 63: Acc=74.62, Loss=-342.3396, NLL=-1161.6930, KL=13.9633, AvgS=499.97, ProxLoss=0.0000
2026-03-19 02:02:16,581 - Server_DefaultID - INFO - Training client 42 (28/30)...
2026-03-19 02:02:18,232 - Server_DefaultID - INFO - Client 42: Acc=91.09, Loss=-342.0436, NLL=-1161.7695, KL=13.9636, AvgS=500.00, ProxLoss=0.0000
2026-03-19 02:02:18,232 - Server_DefaultID - INFO - Training client 19 (29/30)...
2026-03-19 02:02:21,568 - Server_DefaultID - INFO - Client 19: Acc=96.50, Loss=-340.8085, NLL=-1161.7692, KL=13.9636, AvgS=500.00, ProxLoss=0.0000
2026-03-19 02:02:21,568 - Server_DefaultID - INFO - Training client 27 (30/30)...
2026-03-19 02:02:22,448 - Server_DefaultID - INFO - Client 27: Acc=71.46, Loss=-343.2149, NLL=-1161.5152, KL=13.9626, AvgS=499.89, ProxLoss=0.0000
2026-03-19 02:02:22,543 - Server_DefaultID - WARNING - Global prior extremely imbalanced (max/min=1.0), applied adaptive smoothing lam=0.10.
2026-03-19 02:02:22,543 - Server_DefaultID - INFO - Round [66/200] Summary | Avg Client Train Stats:	Loss [-342.1758]	 Acc [80.82]	NLL [-1161.7117]	 KL [13.9634]	AvgS [499.97]	 ProxLoss [0.0000]
GlobalPriorAlpha (first 10): [5.0, 5.0, 5.0, 5.0, 5.0, 5.0, 5.0, 5.0, 5.0, 5.0]
Round Time: 59.49s
2026-03-19 02:02:22,546 - Server_DefaultID - INFO - --- Global Round 67/200 ---
2026-03-19 02:02:22,546 - Server_DefaultID - INFO - Selected 30 active clients for round 67.
2026-03-19 02:02:22,546 - Server_DefaultID - INFO - Training client 42 (1/30)...
2026-03-19 02:02:24,078 - Server_DefaultID - INFO - Client 42: Acc=90.57, Loss=-342.0682, NLL=-1161.7474, KL=13.9635, AvgS=499.99, ProxLoss=0.0000
2026-03-19 02:02:24,078 - Server_DefaultID - INFO - Training client 14 (2/30)...
2026-03-19 02:02:26,105 - Server_DefaultID - INFO - Client 14: Acc=87.47, Loss=-340.7734, NLL=-1161.7667, KL=13.9636, AvgS=500.00, ProxLoss=0.0000
2026-03-19 02:02:26,105 - Server_DefaultID - INFO - Training client 98 (3/30)...
2026-03-19 02:02:26,881 - Server_DefaultID - INFO - Client 98: Acc=88.75, Loss=-340.6739, NLL=-1161.6102, KL=13.9630, AvgS=499.93, ProxLoss=0.0000
2026-03-19 02:02:26,881 - Server_DefaultID - INFO - Training client 68 (4/30)...
2026-03-19 02:02:28,754 - Server_DefaultID - INFO - Client 68: Acc=79.76, Loss=-340.6974, NLL=-1161.7629, KL=13.9636, AvgS=500.00, ProxLoss=0.0000
2026-03-19 02:02:28,754 - Server_DefaultID - INFO - Training client 31 (5/30)...
2026-03-19 02:02:30,624 - Server_DefaultID - INFO - Client 31: Acc=78.51, Loss=-341.9343, NLL=-1161.7537, KL=13.9636, AvgS=499.99, ProxLoss=0.0000
2026-03-19 02:02:30,624 - Server_DefaultID - INFO - Training client 21 (6/30)...
2026-03-19 02:02:32,487 - Server_DefaultID - INFO - Client 21: Acc=64.77, Loss=-343.6348, NLL=-1161.7482, KL=13.9635, AvgS=499.99, ProxLoss=0.0000
2026-03-19 02:02:32,488 - Server_DefaultID - INFO - Training client 46 (7/30)...
2026-03-19 02:02:34,400 - Server_DefaultID - INFO - Client 46: Acc=86.64, Loss=-342.1532, NLL=-1161.7546, KL=13.9636, AvgS=499.99, ProxLoss=0.0000
2026-03-19 02:02:34,400 - Server_DefaultID - INFO - Training client 4 (8/30)...
2026-03-19 02:02:35,812 - Server_DefaultID - INFO - Client 4: Acc=66.61, Loss=-343.6141, NLL=-1161.7301, KL=13.9635, AvgS=499.98, ProxLoss=0.0000
2026-03-19 02:02:35,812 - Server_DefaultID - INFO - Training client 7 (9/30)...
2026-03-19 02:02:37,281 - Server_DefaultID - INFO - Client 7: Acc=51.82, Loss=-342.1308, NLL=-1161.7594, KL=13.9636, AvgS=500.00, ProxLoss=0.0000
2026-03-19 02:02:37,281 - Server_DefaultID - INFO - Training client 6 (10/30)...
2026-03-19 02:02:38,067 - Server_DefaultID - INFO - Client 6: Acc=58.02, Loss=-341.7755, NLL=-1161.7279, KL=13.9635, AvgS=499.98, ProxLoss=0.0000
2026-03-19 02:02:38,067 - Server_DefaultID - INFO - Training client 76 (11/30)...
2026-03-19 02:02:40,928 - Server_DefaultID - INFO - Client 76: Acc=74.80, Loss=-343.8936, NLL=-1161.7267, KL=13.9635, AvgS=499.98, ProxLoss=0.0000
2026-03-19 02:02:40,928 - Server_DefaultID - INFO - Training client 85 (12/30)...
2026-03-19 02:02:43,763 - Server_DefaultID - INFO - Client 85: Acc=99.74, Loss=-339.7780, NLL=-1161.7563, KL=13.9636, AvgS=499.99, ProxLoss=0.0000
2026-03-19 02:02:43,763 - Server_DefaultID - INFO - Training client 73 (13/30)...
2026-03-19 02:02:46,632 - Server_DefaultID - INFO - Client 73: Acc=85.89, Loss=-341.3364, NLL=-1161.7323, KL=13.9635, AvgS=499.98, ProxLoss=0.0000
2026-03-19 02:02:46,632 - Server_DefaultID - INFO - Training client 19 (14/30)...
2026-03-19 02:02:49,724 - Server_DefaultID - INFO - Client 19: Acc=96.03, Loss=-340.7675, NLL=-1161.7365, KL=13.9635, AvgS=499.99, ProxLoss=0.0000
2026-03-19 02:02:49,724 - Server_DefaultID - INFO - Training client 65 (15/30)...
2026-03-19 02:02:50,119 - Server_DefaultID - INFO - Client 65: Acc=58.44, Loss=-290.4961, NLL=-987.6843, KL=13.2172, AvgS=424.79, ProxLoss=0.0000
2026-03-19 02:02:50,119 - Server_DefaultID - INFO - Training client 47 (16/30)...
2026-03-19 02:02:51,633 - Server_DefaultID - INFO - Client 47: Acc=60.05, Loss=-343.5173, NLL=-1161.7599, KL=13.9636, AvgS=500.00, ProxLoss=0.0000
2026-03-19 02:02:51,633 - Server_DefaultID - INFO - Training client 71 (17/30)...
2026-03-19 02:02:52,153 - Server_DefaultID - INFO - Client 71: Acc=72.19, Loss=-343.1298, NLL=-1161.5876, KL=13.9629, AvgS=499.92, ProxLoss=0.0000
2026-03-19 02:02:52,153 - Server_DefaultID - INFO - Training client 92 (18/30)...
2026-03-19 02:02:53,115 - Server_DefaultID - INFO - Client 92: Acc=95.70, Loss=-341.9344, NLL=-1161.7159, KL=13.9634, AvgS=499.98, ProxLoss=0.0000
2026-03-19 02:02:53,115 - Server_DefaultID - INFO - Training client 80 (19/30)...
2026-03-19 02:02:53,503 - Server_DefaultID - INFO - Client 80: Acc=68.75, Loss=-342.8396, NLL=-1161.1126, KL=13.9611, AvgS=499.72, ProxLoss=0.0000
2026-03-19 02:02:53,503 - Server_DefaultID - INFO - Training client 77 (20/30)...
2026-03-19 02:02:56,602 - Server_DefaultID - INFO - Client 77: Acc=91.92, Loss=-341.8412, NLL=-1161.7636, KL=13.9636, AvgS=500.00, ProxLoss=0.0000
2026-03-19 02:02:56,602 - Server_DefaultID - INFO - Training client 9 (21/30)...
2026-03-19 02:02:58,172 - Server_DefaultID - INFO - Client 9: Acc=97.63, Loss=-340.6076, NLL=-1161.7691, KL=13.9636, AvgS=500.00, ProxLoss=0.0000
2026-03-19 02:02:58,172 - Server_DefaultID - INFO - Training client 55 (22/30)...
2026-03-19 02:03:04,430 - Server_DefaultID - INFO - Client 55: Acc=85.98, Loss=-342.7565, NLL=-1161.7655, KL=13.9636, AvgS=500.00, ProxLoss=0.0000
2026-03-19 02:03:04,430 - Server_DefaultID - INFO - Training client 58 (23/30)...
2026-03-19 02:03:06,071 - Server_DefaultID - INFO - Client 58: Acc=79.69, Loss=-340.8098, NLL=-1161.7672, KL=13.9636, AvgS=500.00, ProxLoss=0.0000
2026-03-19 02:03:06,071 - Server_DefaultID - INFO - Training client 1 (24/30)...
2026-03-19 02:03:06,704 - Server_DefaultID - INFO - Client 1: Acc=55.00, Loss=-342.3154, NLL=-1161.4044, KL=13.9622, AvgS=499.84, ProxLoss=0.0000
2026-03-19 02:03:06,704 - Server_DefaultID - INFO - Training client 72 (25/30)...
2026-03-19 02:03:07,733 - Server_DefaultID - INFO - Client 72: Acc=95.23, Loss=-341.3035, NLL=-1161.7150, KL=13.9634, AvgS=499.98, ProxLoss=0.0000
2026-03-19 02:03:07,733 - Server_DefaultID - INFO - Training client 67 (26/30)...
2026-03-19 02:03:09,287 - Server_DefaultID - INFO - Client 67: Acc=76.41, Loss=-342.9170, NLL=-1161.7000, KL=13.9634, AvgS=499.97, ProxLoss=0.0000
2026-03-19 02:03:09,287 - Server_DefaultID - INFO - Training client 81 (27/30)...
2026-03-19 02:03:10,954 - Server_DefaultID - INFO - Client 81: Acc=77.46, Loss=-342.0108, NLL=-1161.7572, KL=13.9636, AvgS=499.99, ProxLoss=0.0000
2026-03-19 02:03:10,954 - Server_DefaultID - INFO - Training client 25 (28/30)...
2026-03-19 02:03:12,499 - Server_DefaultID - INFO - Client 25: Acc=95.47, Loss=-341.8737, NLL=-1161.5441, KL=13.9628, AvgS=499.90, ProxLoss=0.0000
2026-03-19 02:03:12,499 - Server_DefaultID - INFO - Training client 52 (29/30)...
2026-03-19 02:03:13,238 - Server_DefaultID - INFO - Client 52: Acc=69.69, Loss=-342.2845, NLL=-1161.7694, KL=13.9636, AvgS=500.00, ProxLoss=0.0000
2026-03-19 02:03:13,238 - Server_DefaultID - INFO - Training client 54 (30/30)...
2026-03-19 02:03:13,806 - Server_DefaultID - INFO - Client 54: Acc=69.84, Loss=-340.2840, NLL=-1159.8901, KL=13.9559, AvgS=499.19, ProxLoss=0.0000
2026-03-19 02:03:13,886 - Server_DefaultID - WARNING - Global prior extremely imbalanced (max/min=1.0), applied adaptive smoothing lam=0.10.
2026-03-19 02:03:13,887 - Server_DefaultID - INFO - Round [67/200] Summary | Avg Client Train Stats:	Loss [-341.6449]	 Acc [82.58]	NLL [-1160.9112]	 KL [13.9600]	AvgS [499.63]	 ProxLoss [0.0000]
GlobalPriorAlpha (first 10): [5.0, 5.0, 5.0, 5.0, 5.0, 5.0, 5.0, 5.0, 5.0, 5.0]
Round Time: 51.34s
2026-03-19 02:03:13,890 - Server_DefaultID - INFO - --- Global Round 68/200 ---
2026-03-19 02:03:13,890 - Server_DefaultID - INFO - Selected 30 active clients for round 68.
2026-03-19 02:03:13,891 - Server_DefaultID - INFO - Training client 63 (1/30)...
2026-03-19 02:03:15,079 - Server_DefaultID - INFO - Client 63: Acc=73.69, Loss=-342.3155, NLL=-1161.7677, KL=13.9636, AvgS=500.00, ProxLoss=0.0000
2026-03-19 02:03:15,079 - Server_DefaultID - INFO - Training client 8 (2/30)...
2026-03-19 02:03:15,669 - Server_DefaultID - INFO - Client 8: Acc=87.19, Loss=-341.7459, NLL=-1161.2010, KL=13.9614, AvgS=499.75, ProxLoss=0.0000
2026-03-19 02:03:15,670 - Server_DefaultID - INFO - Training client 17 (3/30)...
2026-03-19 02:03:16,275 - Server_DefaultID - INFO - Client 17: Acc=82.03, Loss=-343.0949, NLL=-1161.6083, KL=13.9630, AvgS=499.93, ProxLoss=0.0000
2026-03-19 02:03:16,276 - Server_DefaultID - INFO - Training client 78 (4/30)...
2026-03-19 02:03:22,388 - Server_DefaultID - INFO - Client 78: Acc=93.39, Loss=-342.0386, NLL=-1161.7412, KL=13.9635, AvgS=499.99, ProxLoss=0.0000
2026-03-19 02:03:22,388 - Server_DefaultID - INFO - Training client 0 (5/30)...
2026-03-19 02:03:22,775 - Server_DefaultID - INFO - Client 0: Acc=31.56, Loss=-342.1133, NLL=-1160.9730, KL=13.9604, AvgS=499.66, ProxLoss=0.0000
2026-03-19 02:03:22,775 - Server_DefaultID - INFO - Training client 9 (6/30)...
2026-03-19 02:03:24,354 - Server_DefaultID - INFO - Client 9: Acc=97.59, Loss=-340.8335, NLL=-1161.7699, KL=13.9636, AvgS=500.00, ProxLoss=0.0000
2026-03-19 02:03:24,354 - Server_DefaultID - INFO - Training client 53 (7/30)...
2026-03-19 02:03:26,448 - Server_DefaultID - INFO - Client 53: Acc=96.41, Loss=-341.3760, NLL=-1161.6699, KL=13.9632, AvgS=499.96, ProxLoss=0.0000
2026-03-19 02:03:26,448 - Server_DefaultID - INFO - Training client 80 (8/30)...
2026-03-19 02:03:26,882 - Server_DefaultID - INFO - Client 80: Acc=65.94, Loss=-342.8065, NLL=-1161.5125, KL=13.9626, AvgS=499.89, ProxLoss=0.0000
2026-03-19 02:03:26,882 - Server_DefaultID - INFO - Training client 50 (9/30)...
2026-03-19 02:03:30,999 - Server_DefaultID - INFO - Client 50: Acc=97.50, Loss=-340.9620, NLL=-1161.7537, KL=13.9636, AvgS=499.99, ProxLoss=0.0000
2026-03-19 02:03:30,999 - Server_DefaultID - INFO - Training client 46 (10/30)...
2026-03-19 02:03:32,763 - Server_DefaultID - INFO - Client 46: Acc=86.21, Loss=-341.9915, NLL=-1161.7540, KL=13.9636, AvgS=499.99, ProxLoss=0.0000
2026-03-19 02:03:32,763 - Server_DefaultID - INFO - Training client 41 (11/30)...
2026-03-19 02:03:34,592 - Server_DefaultID - INFO - Client 41: Acc=80.16, Loss=-341.3200, NLL=-1161.7465, KL=13.9635, AvgS=499.99, ProxLoss=0.0000
2026-03-19 02:03:34,592 - Server_DefaultID - INFO - Training client 40 (12/30)...
2026-03-19 02:03:36,067 - Server_DefaultID - INFO - Client 40: Acc=69.74, Loss=-343.6295, NLL=-1161.7164, KL=13.9634, AvgS=499.98, ProxLoss=0.0000
2026-03-19 02:03:36,067 - Server_DefaultID - INFO - Training client 93 (13/30)...
2026-03-19 02:03:36,630 - Server_DefaultID - INFO - Client 93: Acc=53.75, Loss=-342.7872, NLL=-1161.3996, KL=13.9622, AvgS=499.84, ProxLoss=0.0000
2026-03-19 02:03:36,630 - Server_DefaultID - INFO - Training client 32 (14/30)...
2026-03-19 02:03:38,126 - Server_DefaultID - INFO - Client 32: Acc=82.81, Loss=-342.4704, NLL=-1161.7324, KL=13.9635, AvgS=499.98, ProxLoss=0.0000
2026-03-19 02:03:38,126 - Server_DefaultID - INFO - Training client 64 (15/30)...
2026-03-19 02:03:38,593 - Server_DefaultID - INFO - Client 64: Acc=65.31, Loss=-341.8229, NLL=-1160.2214, KL=13.9574, AvgS=499.33, ProxLoss=0.0000
2026-03-19 02:03:38,593 - Server_DefaultID - INFO - Training client 66 (16/30)...
2026-03-19 02:03:40,208 - Server_DefaultID - INFO - Client 66: Acc=88.17, Loss=-341.6570, NLL=-1161.7648, KL=13.9636, AvgS=500.00, ProxLoss=0.0000
2026-03-19 02:03:40,208 - Server_DefaultID - INFO - Training client 13 (17/30)...
2026-03-19 02:03:40,544 - Server_DefaultID - INFO - Client 13: Acc=49.38, Loss=-341.3154, NLL=-1161.5676, KL=13.9628, AvgS=499.91, ProxLoss=0.0000
2026-03-19 02:03:40,545 - Server_DefaultID - INFO - Training client 76 (18/30)...
2026-03-19 02:03:42,489 - Server_DefaultID - INFO - Client 76: Acc=77.46, Loss=-343.7993, NLL=-1161.7428, KL=13.9635, AvgS=499.99, ProxLoss=0.0000
2026-03-19 02:03:42,489 - Server_DefaultID - INFO - Training client 39 (19/30)...
2026-03-19 02:03:46,661 - Server_DefaultID - INFO - Client 39: Acc=79.02, Loss=-342.1058, NLL=-1161.7642, KL=13.9636, AvgS=500.00, ProxLoss=0.0000
2026-03-19 02:03:46,661 - Server_DefaultID - INFO - Training client 67 (20/30)...
2026-03-19 02:03:48,171 - Server_DefaultID - INFO - Client 67: Acc=76.25, Loss=-342.8088, NLL=-1161.7375, KL=13.9635, AvgS=499.99, ProxLoss=0.0000
2026-03-19 02:03:48,171 - Server_DefaultID - INFO - Training client 60 (21/30)...
2026-03-19 02:03:49,011 - Server_DefaultID - INFO - Client 60: Acc=71.46, Loss=-341.2489, NLL=-1161.7426, KL=13.9635, AvgS=499.99, ProxLoss=0.0000
2026-03-19 02:03:49,011 - Server_DefaultID - INFO - Training client 99 (22/30)...
2026-03-19 02:03:49,404 - Server_DefaultID - INFO - Client 99: Acc=34.06, Loss=-330.5270, NLL=-1117.0516, KL=13.7799, AvgS=480.67, ProxLoss=0.0000
2026-03-19 02:03:49,404 - Server_DefaultID - INFO - Training client 35 (23/30)...
2026-03-19 02:03:50,173 - Server_DefaultID - INFO - Client 35: Acc=69.38, Loss=-343.2833, NLL=-1161.6956, KL=13.9633, AvgS=499.97, ProxLoss=0.0000
2026-03-19 02:03:50,173 - Server_DefaultID - INFO - Training client 11 (24/30)...
2026-03-19 02:03:51,706 - Server_DefaultID - INFO - Client 11: Acc=88.85, Loss=-342.3821, NLL=-1161.7651, KL=13.9636, AvgS=500.00, ProxLoss=0.0000
2026-03-19 02:03:51,706 - Server_DefaultID - INFO - Training client 77 (25/30)...
2026-03-19 02:03:55,532 - Server_DefaultID - INFO - Client 77: Acc=91.71, Loss=-341.8048, NLL=-1161.7433, KL=13.9635, AvgS=499.99, ProxLoss=0.0000
2026-03-19 02:03:55,533 - Server_DefaultID - INFO - Training client 15 (26/30)...
2026-03-19 02:03:56,176 - Server_DefaultID - INFO - Client 15: Acc=62.66, Loss=-342.2603, NLL=-1161.7549, KL=13.9636, AvgS=499.99, ProxLoss=0.0000
2026-03-19 02:03:56,177 - Server_DefaultID - INFO - Training client 72 (27/30)...
2026-03-19 02:03:57,285 - Server_DefaultID - INFO - Client 72: Acc=94.84, Loss=-341.4118, NLL=-1161.7525, KL=13.9636, AvgS=499.99, ProxLoss=0.0000
2026-03-19 02:03:57,285 - Server_DefaultID - INFO - Training client 27 (28/30)...
2026-03-19 02:03:58,074 - Server_DefaultID - INFO - Client 27: Acc=71.67, Loss=-343.1153, NLL=-1161.6265, KL=13.9631, AvgS=499.94, ProxLoss=0.0000
2026-03-19 02:03:58,074 - Server_DefaultID - INFO - Training client 24 (29/30)...
2026-03-19 02:03:58,423 - Server_DefaultID - INFO - Client 24: Acc=50.31, Loss=-313.0264, NLL=-1059.1913, KL=13.5195, AvgS=455.69, ProxLoss=0.0000
2026-03-19 02:03:58,423 - Server_DefaultID - INFO - Training client 52 (30/30)...
2026-03-19 02:03:59,248 - Server_DefaultID - INFO - Client 52: Acc=71.46, Loss=-342.2181, NLL=-1161.7017, KL=13.9634, AvgS=499.97, ProxLoss=0.0000
2026-03-19 02:03:59,440 - Server_DefaultID - WARNING - Global prior extremely imbalanced (max/min=1.0), applied adaptive smoothing lam=0.10.
2026-03-19 02:03:59,441 - Server_DefaultID - INFO - Round [68/200] Summary | Avg Client Train Stats:	Loss [-341.6992]	 Acc [84.36]	NLL [-1160.5934]	 KL [13.9586]	AvgS [499.49]	 ProxLoss [0.0000]
GlobalPriorAlpha (first 10): [5.0, 5.0, 5.0, 5.0, 5.0, 5.0, 5.0, 5.0, 5.0, 5.0]
Round Time: 45.55s
2026-03-19 02:03:59,443 - Server_DefaultID - INFO - --- Global Round 69/200 ---
2026-03-19 02:03:59,444 - Server_DefaultID - INFO - Selected 30 active clients for round 69.
2026-03-19 02:03:59,444 - Server_DefaultID - INFO - Training client 48 (1/30)...
2026-03-19 02:04:03,519 - Server_DefaultID - INFO - Client 48: Acc=86.76, Loss=-342.0527, NLL=-1161.7531, KL=13.9636, AvgS=499.99, ProxLoss=0.0000
2026-03-19 02:04:03,519 - Server_DefaultID - INFO - Training client 53 (2/30)...
2026-03-19 02:04:05,895 - Server_DefaultID - INFO - Client 53: Acc=96.44, Loss=-341.4597, NLL=-1161.7648, KL=13.9636, AvgS=500.00, ProxLoss=0.0000
2026-03-19 02:04:05,895 - Server_DefaultID - INFO - Training client 46 (3/30)...
2026-03-19 02:04:07,927 - Server_DefaultID - INFO - Client 46: Acc=86.48, Loss=-341.9459, NLL=-1161.7255, KL=13.9635, AvgS=499.98, ProxLoss=0.0000
2026-03-19 02:04:07,928 - Server_DefaultID - INFO - Training client 54 (4/30)...
2026-03-19 02:04:08,576 - Server_DefaultID - INFO - Client 54: Acc=76.88, Loss=-341.0719, NLL=-1161.4356, KL=13.9623, AvgS=499.86, ProxLoss=0.0000
2026-03-19 02:04:08,576 - Server_DefaultID - INFO - Training client 43 (5/30)...
2026-03-19 02:04:11,073 - Server_DefaultID - INFO - Client 43: Acc=82.98, Loss=-341.8116, NLL=-1161.7629, KL=13.9636, AvgS=500.00, ProxLoss=0.0000
2026-03-19 02:04:11,073 - Server_DefaultID - INFO - Training client 1 (6/30)...
2026-03-19 02:04:11,757 - Server_DefaultID - INFO - Client 1: Acc=58.59, Loss=-342.5082, NLL=-1161.6735, KL=13.9633, AvgS=499.96, ProxLoss=0.0000
2026-03-19 02:04:11,757 - Server_DefaultID - INFO - Training client 79 (7/30)...
2026-03-19 02:04:13,052 - Server_DefaultID - INFO - Client 79: Acc=93.44, Loss=-340.6252, NLL=-1161.7256, KL=13.9635, AvgS=499.98, ProxLoss=0.0000
2026-03-19 02:04:13,052 - Server_DefaultID - INFO - Training client 10 (8/30)...
2026-03-19 02:04:14,091 - Server_DefaultID - INFO - Client 10: Acc=41.48, Loss=-343.4079, NLL=-1161.6610, KL=13.9632, AvgS=499.95, ProxLoss=0.0000
2026-03-19 02:04:14,091 - Server_DefaultID - INFO - Training client 83 (9/30)...
2026-03-19 02:04:16,375 - Server_DefaultID - INFO - Client 83: Acc=99.69, Loss=-339.7049, NLL=-1161.7434, KL=13.9635, AvgS=499.99, ProxLoss=0.0000
2026-03-19 02:04:16,375 - Server_DefaultID - INFO - Training client 24 (10/30)...
2026-03-19 02:04:16,779 - Server_DefaultID - INFO - Client 24: Acc=51.25, Loss=-325.9006, NLL=-1101.8219, KL=13.7126, AvgS=474.10, ProxLoss=0.0000
2026-03-19 02:04:16,779 - Server_DefaultID - INFO - Training client 74 (11/30)...
2026-03-19 02:04:18,768 - Server_DefaultID - INFO - Client 74: Acc=63.28, Loss=-342.1377, NLL=-1161.6333, KL=13.9631, AvgS=499.94, ProxLoss=0.0000
2026-03-19 02:04:18,768 - Server_DefaultID - INFO - Training client 65 (12/30)...
2026-03-19 02:04:19,225 - Server_DefaultID - INFO - Client 65: Acc=57.19, Loss=-316.5782, NLL=-1075.0697, KL=13.6067, AvgS=462.55, ProxLoss=0.0000
2026-03-19 02:04:19,225 - Server_DefaultID - INFO - Training client 22 (13/30)...
2026-03-19 02:04:19,884 - Server_DefaultID - INFO - Client 22: Acc=92.97, Loss=-342.2588, NLL=-1161.3723, KL=13.9620, AvgS=499.83, ProxLoss=0.0000
2026-03-19 02:04:19,884 - Server_DefaultID - INFO - Training client 88 (14/30)...
2026-03-19 02:04:21,358 - Server_DefaultID - INFO - Client 88: Acc=59.48, Loss=-342.7653, NLL=-1161.7567, KL=13.9636, AvgS=499.99, ProxLoss=0.0000
2026-03-19 02:04:21,358 - Server_DefaultID - INFO - Training client 90 (15/30)...
2026-03-19 02:04:23,338 - Client_90 - WARNING - Client 90: Too few classes (1) or samples (592) for alpha report, returning uniform.
2026-03-19 02:04:23,338 - Server_DefaultID - INFO - Client 90: Acc=100.00, Loss=-339.4626, NLL=-1161.7428, KL=13.9635, AvgS=499.99, ProxLoss=0.0000
2026-03-19 02:04:23,338 - Server_DefaultID - INFO - Training client 47 (16/30)...
2026-03-19 02:04:24,746 - Server_DefaultID - INFO - Client 47: Acc=61.72, Loss=-343.3614, NLL=-1161.6994, KL=13.9634, AvgS=499.97, ProxLoss=0.0000
2026-03-19 02:04:24,746 - Server_DefaultID - INFO - Training client 39 (17/30)...
2026-03-19 02:04:28,282 - Server_DefaultID - INFO - Client 39: Acc=79.48, Loss=-342.0933, NLL=-1161.7550, KL=13.9636, AvgS=499.99, ProxLoss=0.0000
2026-03-19 02:04:28,282 - Server_DefaultID - INFO - Training client 77 (18/30)...
2026-03-19 02:04:32,244 - Server_DefaultID - INFO - Client 77: Acc=92.00, Loss=-341.7732, NLL=-1161.7671, KL=13.9636, AvgS=500.00, ProxLoss=0.0000
2026-03-19 02:04:32,244 - Server_DefaultID - INFO - Training client 28 (19/30)...
2026-03-19 02:04:32,674 - Server_DefaultID - INFO - Client 28: Acc=95.00, Loss=-339.3851, NLL=-1154.8462, KL=13.9354, AvgS=497.01, ProxLoss=0.0000
2026-03-19 02:04:32,674 - Server_DefaultID - INFO - Training client 51 (20/30)...
2026-03-19 02:04:33,373 - Server_DefaultID - INFO - Client 51: Acc=52.03, Loss=-343.7516, NLL=-1161.5638, KL=13.9628, AvgS=499.91, ProxLoss=0.0000
2026-03-19 02:04:33,373 - Server_DefaultID - INFO - Training client 36 (21/30)...
2026-03-19 02:04:39,489 - Server_DefaultID - INFO - Client 36: Acc=92.05, Loss=-340.8376, NLL=-1161.7699, KL=13.9636, AvgS=500.00, ProxLoss=0.0000
2026-03-19 02:04:39,489 - Server_DefaultID - INFO - Training client 86 (22/30)...
2026-03-19 02:04:40,843 - Server_DefaultID - INFO - Client 86: Acc=76.62, Loss=-342.0608, NLL=-1161.7378, KL=13.9635, AvgS=499.99, ProxLoss=0.0000
2026-03-19 02:04:40,843 - Server_DefaultID - INFO - Training client 61 (23/30)...
2026-03-19 02:04:42,417 - Server_DefaultID - INFO - Client 61: Acc=68.62, Loss=-343.8426, NLL=-1161.7668, KL=13.9636, AvgS=500.00, ProxLoss=0.0000
2026-03-19 02:04:42,417 - Server_DefaultID - INFO - Training client 71 (24/30)...
2026-03-19 02:04:43,175 - Server_DefaultID - INFO - Client 71: Acc=75.94, Loss=-343.1388, NLL=-1161.5954, KL=13.9630, AvgS=499.92, ProxLoss=0.0000
2026-03-19 02:04:43,175 - Server_DefaultID - INFO - Training client 32 (25/30)...
2026-03-19 02:04:45,076 - Server_DefaultID - INFO - Client 32: Acc=83.07, Loss=-342.5996, NLL=-1161.7690, KL=13.9636, AvgS=500.00, ProxLoss=0.0000
2026-03-19 02:04:45,076 - Server_DefaultID - INFO - Training client 70 (26/30)...
2026-03-19 02:04:46,658 - Server_DefaultID - INFO - Client 70: Acc=79.25, Loss=-340.9267, NLL=-1161.5084, KL=13.9626, AvgS=499.89, ProxLoss=0.0000
2026-03-19 02:04:46,658 - Server_DefaultID - INFO - Training client 34 (27/30)...
2026-03-19 02:04:47,606 - Server_DefaultID - INFO - Client 34: Acc=74.06, Loss=-342.8696, NLL=-1161.6288, KL=13.9631, AvgS=499.94, ProxLoss=0.0000
2026-03-19 02:04:47,606 - Server_DefaultID - INFO - Training client 72 (28/30)...
2026-03-19 02:04:48,853 - Server_DefaultID - INFO - Client 72: Acc=95.16, Loss=-341.2956, NLL=-1161.7233, KL=13.9634, AvgS=499.98, ProxLoss=0.0000
2026-03-19 02:04:48,853 - Server_DefaultID - INFO - Training client 96 (29/30)...
2026-03-19 02:04:52,222 - Server_DefaultID - INFO - Client 96: Acc=81.08, Loss=-342.0186, NLL=-1161.7593, KL=13.9636, AvgS=500.00, ProxLoss=0.0000
2026-03-19 02:04:52,222 - Server_DefaultID - INFO - Training client 14 (30/30)...
2026-03-19 02:04:54,569 - Server_DefaultID - INFO - Client 14: Acc=87.50, Loss=-340.6889, NLL=-1161.7692, KL=13.9636, AvgS=500.00, ProxLoss=0.0000
2026-03-19 02:04:54,810 - Server_DefaultID - WARNING - Global prior extremely imbalanced (max/min=1.0), applied adaptive smoothing lam=0.10.
2026-03-19 02:04:54,810 - Server_DefaultID - INFO - Round [69/200] Summary | Avg Client Train Stats:	Loss [-341.4286]	 Acc [83.38]	NLL [-1160.8344]	 KL [13.9598]	AvgS [499.60]	 ProxLoss [0.0000]
GlobalPriorAlpha (first 10): [5.0, 5.0, 5.0, 5.0, 5.0, 5.0, 5.0, 5.0, 5.0, 5.0]
Round Time: 55.37s
2026-03-19 02:04:54,813 - Server_DefaultID - INFO - --- Global Round 70/200 ---
2026-03-19 02:04:54,813 - Server_DefaultID - INFO - Selected 30 active clients for round 70.
2026-03-19 02:04:54,813 - Server_DefaultID - INFO - Training client 0 (1/30)...
2026-03-19 02:04:55,149 - Server_DefaultID - INFO - Client 0: Acc=35.62, Loss=-342.2428, NLL=-1161.5560, KL=13.9628, AvgS=499.91, ProxLoss=0.0000
2026-03-19 02:04:55,149 - Server_DefaultID - INFO - Training client 8 (2/30)...
2026-03-19 02:04:55,818 - Server_DefaultID - INFO - Client 8: Acc=88.28, Loss=-341.8203, NLL=-1161.7407, KL=13.9635, AvgS=499.99, ProxLoss=0.0000
2026-03-19 02:04:55,818 - Server_DefaultID - INFO - Training client 28 (3/30)...
2026-03-19 02:04:56,207 - Server_DefaultID - INFO - Client 28: Acc=93.44, Loss=-339.4124, NLL=-1155.4603, KL=13.9380, AvgS=497.28, ProxLoss=0.0000
2026-03-19 02:04:56,207 - Server_DefaultID - INFO - Training client 27 (4/30)...
2026-03-19 02:04:57,134 - Server_DefaultID - INFO - Client 27: Acc=70.21, Loss=-343.0424, NLL=-1161.5761, KL=13.9629, AvgS=499.92, ProxLoss=0.0000
2026-03-19 02:04:57,134 - Server_DefaultID - INFO - Training client 62 (5/30)...
2026-03-19 02:04:57,810 - Server_DefaultID - INFO - Client 62: Acc=90.16, Loss=-342.6749, NLL=-1161.7669, KL=13.9636, AvgS=500.00, ProxLoss=0.0000
2026-03-19 02:04:57,810 - Server_DefaultID - INFO - Training client 1 (6/30)...
2026-03-19 02:04:58,436 - Server_DefaultID - INFO - Client 1: Acc=62.03, Loss=-342.4348, NLL=-1161.5746, KL=13.9629, AvgS=499.92, ProxLoss=0.0000
2026-03-19 02:04:58,436 - Server_DefaultID - INFO - Training client 63 (7/30)...
2026-03-19 02:04:59,905 - Server_DefaultID - INFO - Client 63: Acc=72.19, Loss=-342.1074, NLL=-1161.7299, KL=13.9635, AvgS=499.98, ProxLoss=0.0000
2026-03-19 02:04:59,905 - Server_DefaultID - INFO - Training client 38 (8/30)...
2026-03-19 02:05:00,622 - Server_DefaultID - INFO - Client 38: Acc=53.91, Loss=-344.0981, NLL=-1161.7128, KL=13.9634, AvgS=499.98, ProxLoss=0.0000
2026-03-19 02:05:00,622 - Server_DefaultID - INFO - Training client 3 (9/30)...
2026-03-19 02:05:02,321 - Server_DefaultID - INFO - Client 3: Acc=66.56, Loss=-343.8998, NLL=-1161.7674, KL=13.9636, AvgS=500.00, ProxLoss=0.0000
2026-03-19 02:05:02,321 - Server_DefaultID - INFO - Training client 68 (10/30)...
2026-03-19 02:05:04,676 - Server_DefaultID - INFO - Client 68: Acc=80.07, Loss=-340.5709, NLL=-1161.7664, KL=13.9636, AvgS=500.00, ProxLoss=0.0000
2026-03-19 02:05:04,677 - Server_DefaultID - INFO - Training client 82 (11/30)...
2026-03-19 02:05:06,118 - Server_DefaultID - INFO - Client 82: Acc=90.56, Loss=-341.6288, NLL=-1161.6876, KL=13.9633, AvgS=499.96, ProxLoss=0.0000
2026-03-19 02:05:06,118 - Server_DefaultID - INFO - Training client 77 (12/30)...
2026-03-19 02:05:09,868 - Server_DefaultID - INFO - Client 77: Acc=92.46, Loss=-341.7129, NLL=-1161.7497, KL=13.9635, AvgS=499.99, ProxLoss=0.0000
2026-03-19 02:05:09,868 - Server_DefaultID - INFO - Training client 14 (13/30)...
2026-03-19 02:05:12,269 - Server_DefaultID - INFO - Client 14: Acc=87.53, Loss=-340.6289, NLL=-1161.7227, KL=13.9634, AvgS=499.98, ProxLoss=0.0000
2026-03-19 02:05:12,269 - Server_DefaultID - INFO - Training client 36 (14/30)...
2026-03-19 02:05:18,289 - Server_DefaultID - INFO - Client 36: Acc=92.79, Loss=-340.8024, NLL=-1161.7596, KL=13.9636, AvgS=500.00, ProxLoss=0.0000
2026-03-19 02:05:18,289 - Server_DefaultID - INFO - Training client 42 (15/30)...
2026-03-19 02:05:19,944 - Server_DefaultID - INFO - Client 42: Acc=90.52, Loss=-341.8521, NLL=-1161.6926, KL=13.9633, AvgS=499.97, ProxLoss=0.0000
2026-03-19 02:05:19,945 - Server_DefaultID - INFO - Training client 83 (16/30)...
2026-03-19 02:05:22,977 - Server_DefaultID - INFO - Client 83: Acc=99.72, Loss=-339.6549, NLL=-1161.7446, KL=13.9635, AvgS=499.99, ProxLoss=0.0000
2026-03-19 02:05:22,977 - Server_DefaultID - INFO - Training client 59 (17/30)...
2026-03-19 02:05:26,575 - Server_DefaultID - INFO - Client 59: Acc=82.99, Loss=-342.0244, NLL=-1161.7054, KL=13.9634, AvgS=499.97, ProxLoss=0.0000
2026-03-19 02:05:26,575 - Server_DefaultID - INFO - Training client 88 (18/30)...
2026-03-19 02:05:28,322 - Server_DefaultID - INFO - Client 88: Acc=59.06, Loss=-342.8581, NLL=-1161.7044, KL=13.9634, AvgS=499.97, ProxLoss=0.0000
2026-03-19 02:05:28,322 - Server_DefaultID - INFO - Training client 52 (19/30)...
2026-03-19 02:05:29,285 - Server_DefaultID - INFO - Client 52: Acc=72.92, Loss=-342.1765, NLL=-1161.7242, KL=13.9634, AvgS=499.98, ProxLoss=0.0000
2026-03-19 02:05:29,285 - Server_DefaultID - INFO - Training client 80 (20/30)...
2026-03-19 02:05:29,685 - Server_DefaultID - INFO - Client 80: Acc=67.50, Loss=-342.9327, NLL=-1161.0100, KL=13.9607, AvgS=499.67, ProxLoss=0.0000
2026-03-19 02:05:29,685 - Server_DefaultID - INFO - Training client 65 (21/30)...
2026-03-19 02:05:30,138 - Server_DefaultID - INFO - Client 65: Acc=46.88, Loss=-325.8962, NLL=-1106.9602, KL=13.7387, AvgS=476.32, ProxLoss=0.0000
2026-03-19 02:05:30,138 - Server_DefaultID - INFO - Training client 50 (22/30)...
2026-03-19 02:05:35,236 - Server_DefaultID - INFO - Client 50: Acc=97.47, Loss=-340.8925, NLL=-1161.7497, KL=13.9635, AvgS=499.99, ProxLoss=0.0000
2026-03-19 02:05:35,236 - Server_DefaultID - INFO - Training client 79 (23/30)...
2026-03-19 02:05:36,751 - Server_DefaultID - INFO - Client 79: Acc=94.38, Loss=-340.6317, NLL=-1161.6801, KL=13.9633, AvgS=499.96, ProxLoss=0.0000
2026-03-19 02:05:36,751 - Server_DefaultID - INFO - Training client 53 (24/30)...
2026-03-19 02:05:39,606 - Server_DefaultID - INFO - Client 53: Acc=96.66, Loss=-341.3800, NLL=-1161.7621, KL=13.9636, AvgS=500.00, ProxLoss=0.0000
2026-03-19 02:05:39,606 - Server_DefaultID - INFO - Training client 4 (25/30)...
2026-03-19 02:05:41,580 - Server_DefaultID - INFO - Client 4: Acc=74.90, Loss=-343.5457, NLL=-1161.7388, KL=13.9635, AvgS=499.99, ProxLoss=0.0000
2026-03-19 02:05:41,580 - Server_DefaultID - INFO - Training client 73 (26/30)...
2026-03-19 02:05:45,344 - Server_DefaultID - INFO - Client 73: Acc=88.37, Loss=-341.2278, NLL=-1161.7365, KL=13.9635, AvgS=499.99, ProxLoss=0.0000
2026-03-19 02:05:45,344 - Server_DefaultID - INFO - Training client 22 (27/30)...
2026-03-19 02:05:46,057 - Server_DefaultID - INFO - Client 22: Acc=92.34, Loss=-342.6535, NLL=-1161.7095, KL=13.9634, AvgS=499.97, ProxLoss=0.0000
2026-03-19 02:05:46,057 - Server_DefaultID - INFO - Training client 12 (28/30)...
2026-03-19 02:05:47,539 - Server_DefaultID - INFO - Client 12: Acc=72.62, Loss=-343.5127, NLL=-1161.7684, KL=13.9636, AvgS=500.00, ProxLoss=0.0000
2026-03-19 02:05:47,539 - Server_DefaultID - INFO - Training client 95 (29/30)...
2026-03-19 02:05:50,298 - Server_DefaultID - INFO - Client 95: Acc=66.53, Loss=-340.9299, NLL=-1161.7291, KL=13.9635, AvgS=499.98, ProxLoss=0.0000
2026-03-19 02:05:50,298 - Server_DefaultID - INFO - Training client 69 (30/30)...
2026-03-19 02:05:51,086 - Server_DefaultID - INFO - Client 69: Acc=55.78, Loss=-342.9821, NLL=-1161.7380, KL=13.9635, AvgS=499.99, ProxLoss=0.0000
2026-03-19 02:05:51,381 - Server_DefaultID - WARNING - Global prior extremely imbalanced (max/min=1.0), applied adaptive smoothing lam=0.10.
2026-03-19 02:05:51,381 - Server_DefaultID - INFO - Round [70/200] Summary | Avg Client Train Stats:	Loss [-341.4556]	 Acc [84.65]	NLL [-1161.3902]	 KL [13.9621]	AvgS [499.84]	 ProxLoss [0.0000]
GlobalPriorAlpha (first 10): [5.0, 5.0, 5.0, 5.0, 5.0, 5.0, 5.0, 5.0, 5.0, 5.0]
Round Time: 56.57s
2026-03-19 02:05:51,381 - Server_DefaultID - INFO - --- Evaluating models at round 70 ---
2026-03-19 02:07:03,114 - Server_DefaultID - INFO - Global Model Evaluation (Round 70): 
  Avg Test Acc: 67.56%
  Avg Test Acc Softmax: 67.56%
  Avg Test Loss: -1134.9721
  Avg Test NLL: -1151.1481
  Avg Test KL (vs flat prior): 13.9153
  Avg Test S: 495.41
2026-03-19 02:08:15,403 - Server_DefaultID - INFO - Personalized Model Evaluation (Round 70): 
  Avg Test Acc: 69.04%
  Avg Test Acc Softmax: 69.04%
  Avg Test Loss: -1139.2831
  Avg Test NLL: -1155.4846
  Avg Test KL (vs flat prior): 13.9357
  Avg Test S: 497.28
2026-03-19 02:08:15,404 - Server_DefaultID - INFO - [Metric 1] Personalized Brier Score | Mean: 0.4507
2026-03-19 02:08:15,404 - Server_DefaultID - INFO - [Metric 1] Personalized ECE | Mean: 0.1584
2026-03-19 02:08:15,404 - Server_DefaultID - INFO - [OOD Eval] OOD AUC-ROC (Epistemic): 0.0322
2026-03-19 02:08:15,404 - Server_DefaultID - INFO - [Metric 4] OOD FPR@95%TPR: 0.9968
2026-03-19 02:08:16,893 - Server_DefaultID - INFO - --- Global Round 71/200 ---
2026-03-19 02:08:16,893 - Server_DefaultID - INFO - Selected 30 active clients for round 71.
2026-03-19 02:08:16,893 - Server_DefaultID - INFO - Training client 37 (1/30)...
2026-03-19 02:08:18,157 - Server_DefaultID - INFO - Client 37: Acc=80.39, Loss=-342.9862, NLL=-1161.4465, KL=13.9623, AvgS=499.86, ProxLoss=0.0000
2026-03-19 02:08:18,157 - Server_DefaultID - INFO - Training client 79 (2/30)...
2026-03-19 02:08:19,823 - Server_DefaultID - INFO - Client 79: Acc=94.12, Loss=-340.5692, NLL=-1161.7538, KL=13.9636, AvgS=499.99, ProxLoss=0.0000
2026-03-19 02:08:19,823 - Server_DefaultID - INFO - Training client 14 (3/30)...
2026-03-19 02:08:22,330 - Server_DefaultID - INFO - Client 14: Acc=79.13, Loss=-340.5088, NLL=-1161.7102, KL=13.9634, AvgS=499.97, ProxLoss=0.0000
2026-03-19 02:08:22,330 - Server_DefaultID - INFO - Training client 11 (4/30)...
2026-03-19 02:08:23,897 - Server_DefaultID - INFO - Client 11: Acc=87.19, Loss=-342.1646, NLL=-1161.7666, KL=13.9636, AvgS=500.00, ProxLoss=0.0000
2026-03-19 02:08:23,897 - Server_DefaultID - INFO - Training client 45 (5/30)...
2026-03-19 02:08:26,295 - Server_DefaultID - INFO - Client 45: Acc=67.85, Loss=-341.6606, NLL=-1161.7275, KL=13.9635, AvgS=499.98, ProxLoss=0.0000
2026-03-19 02:08:26,295 - Server_DefaultID - INFO - Training client 17 (6/30)...
2026-03-19 02:08:27,068 - Server_DefaultID - INFO - Client 17: Acc=80.47, Loss=-342.8945, NLL=-1161.7460, KL=13.9635, AvgS=499.99, ProxLoss=0.0000
2026-03-19 02:08:27,068 - Server_DefaultID - INFO - Training client 73 (7/30)...
2026-03-19 02:08:30,667 - Server_DefaultID - INFO - Client 73: Acc=87.14, Loss=-341.1574, NLL=-1161.7104, KL=13.9634, AvgS=499.97, ProxLoss=0.0000
2026-03-19 02:08:30,668 - Server_DefaultID - INFO - Training client 23 (8/30)...
2026-03-19 02:08:31,072 - Server_DefaultID - INFO - Client 23: Acc=65.76, Loss=-266.0694, NLL=-911.9080, KL=12.8372, AvgS=392.09, ProxLoss=0.0000
2026-03-19 02:08:31,072 - Server_DefaultID - INFO - Training client 21 (9/30)...
2026-03-19 02:08:33,175 - Server_DefaultID - INFO - Client 21: Acc=65.55, Loss=-343.5001, NLL=-1161.7438, KL=13.9635, AvgS=499.99, ProxLoss=0.0000
2026-03-19 02:08:33,175 - Server_DefaultID - INFO - Training client 83 (10/30)...
2026-03-19 02:08:35,996 - Server_DefaultID - INFO - Client 83: Acc=99.69, Loss=-339.6200, NLL=-1161.7580, KL=13.9636, AvgS=499.99, ProxLoss=0.0000
2026-03-19 02:08:35,996 - Server_DefaultID - INFO - Training client 15 (11/30)...
2026-03-19 02:08:36,902 - Server_DefaultID - INFO - Client 15: Acc=51.09, Loss=-341.9687, NLL=-1161.5116, KL=13.9626, AvgS=499.89, ProxLoss=0.0000
2026-03-19 02:08:36,902 - Server_DefaultID - INFO - Training client 42 (12/30)...
2026-03-19 02:08:38,552 - Server_DefaultID - INFO - Client 42: Acc=90.21, Loss=-341.7492, NLL=-1161.7388, KL=13.9635, AvgS=499.99, ProxLoss=0.0000
2026-03-19 02:08:38,552 - Server_DefaultID - INFO - Training client 52 (13/30)...
2026-03-19 02:08:39,630 - Server_DefaultID - INFO - Client 52: Acc=73.75, Loss=-342.1217, NLL=-1161.6958, KL=13.9633, AvgS=499.97, ProxLoss=0.0000
2026-03-19 02:08:39,630 - Server_DefaultID - INFO - Training client 2 (14/30)...
2026-03-19 02:08:42,255 - Server_DefaultID - INFO - Client 2: Acc=79.41, Loss=-341.9114, NLL=-1161.7421, KL=13.9635, AvgS=499.99, ProxLoss=0.0000
2026-03-19 02:08:42,255 - Server_DefaultID - INFO - Training client 66 (15/30)...
2026-03-19 02:08:45,574 - Server_DefaultID - INFO - Client 66: Acc=88.12, Loss=-341.4938, NLL=-1161.7699, KL=13.9636, AvgS=500.00, ProxLoss=0.0000
2026-03-19 02:08:45,574 - Server_DefaultID - INFO - Training client 47 (16/30)...
2026-03-19 02:08:47,276 - Server_DefaultID - INFO - Client 47: Acc=62.14, Loss=-343.2488, NLL=-1161.7547, KL=13.9636, AvgS=499.99, ProxLoss=0.0000
2026-03-19 02:08:47,276 - Server_DefaultID - INFO - Training client 30 (17/30)...
2026-03-19 02:08:49,626 - Server_DefaultID - INFO - Client 30: Acc=90.82, Loss=-340.6227, NLL=-1161.7635, KL=13.9636, AvgS=500.00, ProxLoss=0.0000
2026-03-19 02:08:49,626 - Server_DefaultID - INFO - Training client 75 (18/30)...
2026-03-19 02:08:51,977 - Server_DefaultID - INFO - Client 75: Acc=91.13, Loss=-340.9131, NLL=-1161.7499, KL=13.9635, AvgS=499.99, ProxLoss=0.0000
2026-03-19 02:08:51,977 - Server_DefaultID - INFO - Training client 82 (19/30)...
2026-03-19 02:08:53,477 - Server_DefaultID - INFO - Client 82: Acc=91.44, Loss=-341.7643, NLL=-1161.7365, KL=13.9635, AvgS=499.99, ProxLoss=0.0000
2026-03-19 02:08:53,477 - Server_DefaultID - INFO - Training client 51 (20/30)...
2026-03-19 02:08:54,161 - Server_DefaultID - INFO - Client 51: Acc=47.97, Loss=-343.5099, NLL=-1161.3622, KL=13.9620, AvgS=499.82, ProxLoss=0.0000
2026-03-19 02:08:54,161 - Server_DefaultID - INFO - Training client 48 (21/30)...
2026-03-19 02:08:58,669 - Server_DefaultID - INFO - Client 48: Acc=86.43, Loss=-342.1422, NLL=-1161.7645, KL=13.9636, AvgS=500.00, ProxLoss=0.0000
2026-03-19 02:08:58,669 - Server_DefaultID - INFO - Training client 93 (22/30)...
2026-03-19 02:08:59,383 - Server_DefaultID - INFO - Client 93: Acc=52.97, Loss=-342.7819, NLL=-1161.7265, KL=13.9635, AvgS=499.98, ProxLoss=0.0000
2026-03-19 02:08:59,383 - Server_DefaultID - INFO - Training client 41 (23/30)...
2026-03-19 02:09:01,690 - Server_DefaultID - INFO - Client 41: Acc=79.45, Loss=-341.2945, NLL=-1161.7560, KL=13.9636, AvgS=499.99, ProxLoss=0.0000
2026-03-19 02:09:01,690 - Server_DefaultID - INFO - Training client 58 (24/30)...
2026-03-19 02:09:03,613 - Server_DefaultID - INFO - Client 58: Acc=80.04, Loss=-340.6674, NLL=-1161.7253, KL=13.9635, AvgS=499.98, ProxLoss=0.0000
2026-03-19 02:09:03,613 - Server_DefaultID - INFO - Training client 59 (25/30)...
2026-03-19 02:09:06,165 - Server_DefaultID - INFO - Client 59: Acc=82.81, Loss=-342.0146, NLL=-1161.7510, KL=13.9636, AvgS=499.99, ProxLoss=0.0000
2026-03-19 02:09:06,165 - Server_DefaultID - INFO - Training client 27 (26/30)...
2026-03-19 02:09:07,102 - Server_DefaultID - INFO - Client 27: Acc=70.83, Loss=-343.0722, NLL=-1161.7426, KL=13.9635, AvgS=499.99, ProxLoss=0.0000
2026-03-19 02:09:07,102 - Server_DefaultID - INFO - Training client 61 (27/30)...
2026-03-19 02:09:08,597 - Server_DefaultID - INFO - Client 61: Acc=69.81, Loss=-343.5850, NLL=-1161.5955, KL=13.9629, AvgS=499.92, ProxLoss=0.0000
2026-03-19 02:09:08,597 - Server_DefaultID - INFO - Training client 60 (28/30)...
2026-03-19 02:09:09,674 - Server_DefaultID - INFO - Client 60: Acc=69.06, Loss=-341.3965, NLL=-1161.7537, KL=13.9636, AvgS=499.99, ProxLoss=0.0000
2026-03-19 02:09:09,674 - Server_DefaultID - INFO - Training client 7 (29/30)...
2026-03-19 02:09:11,372 - Server_DefaultID - INFO - Client 7: Acc=48.07, Loss=-341.9678, NLL=-1161.7049, KL=13.9634, AvgS=499.97, ProxLoss=0.0000
2026-03-19 02:09:11,372 - Server_DefaultID - INFO - Training client 35 (30/30)...
2026-03-19 02:09:12,326 - Server_DefaultID - INFO - Client 35: Acc=69.90, Loss=-343.0353, NLL=-1161.4573, KL=13.9624, AvgS=499.87, ProxLoss=0.0000
2026-03-19 02:09:12,552 - Server_DefaultID - WARNING - Global prior extremely imbalanced (max/min=1.0), applied adaptive smoothing lam=0.10.
2026-03-19 02:09:12,552 - Server_DefaultID - INFO - Round [71/200] Summary | Avg Client Train Stats:	Loss [-341.3637]	 Acc [79.92]	NLL [-1160.5624]	 KL [13.9582]	AvgS [499.48]	 ProxLoss [0.0000]
GlobalPriorAlpha (first 10): [5.0, 5.0, 5.0, 5.0, 5.0, 5.0, 5.0, 5.0, 5.0, 5.0]
Round Time: 55.66s
2026-03-19 02:09:12,556 - Server_DefaultID - INFO - --- Global Round 72/200 ---
2026-03-19 02:09:12,557 - Server_DefaultID - INFO - Selected 30 active clients for round 72.
2026-03-19 02:09:12,557 - Server_DefaultID - INFO - Training client 91 (1/30)...
2026-03-19 02:09:13,598 - Server_DefaultID - INFO - Client 91: Acc=90.31, Loss=-340.5329, NLL=-1161.6375, KL=13.9631, AvgS=499.94, ProxLoss=0.0000
2026-03-19 02:09:13,599 - Server_DefaultID - INFO - Training client 68 (2/30)...
2026-03-19 02:09:16,146 - Server_DefaultID - INFO - Client 68: Acc=78.61, Loss=-340.4734, NLL=-1161.7368, KL=13.9635, AvgS=499.99, ProxLoss=0.0000
2026-03-19 02:09:16,146 - Server_DefaultID - INFO - Training client 34 (3/30)...
2026-03-19 02:09:17,096 - Server_DefaultID - INFO - Client 34: Acc=73.02, Loss=-342.6970, NLL=-1161.7669, KL=13.9636, AvgS=500.00, ProxLoss=0.0000
2026-03-19 02:09:17,096 - Server_DefaultID - INFO - Training client 51 (4/30)...
2026-03-19 02:09:18,869 - Server_DefaultID - INFO - Client 51: Acc=52.81, Loss=-343.6980, NLL=-1161.3256, KL=13.9619, AvgS=499.81, ProxLoss=0.0000
2026-03-19 02:09:18,869 - Server_DefaultID - INFO - Training client 78 (5/30)...
2026-03-19 02:09:26,485 - Server_DefaultID - INFO - Client 78: Acc=93.71, Loss=-341.8439, NLL=-1161.7473, KL=13.9635, AvgS=499.99, ProxLoss=0.0000
2026-03-19 02:09:26,486 - Server_DefaultID - INFO - Training client 50 (6/30)...
2026-03-19 02:09:31,209 - Server_DefaultID - INFO - Client 50: Acc=97.47, Loss=-340.7768, NLL=-1161.7337, KL=13.9635, AvgS=499.98, ProxLoss=0.0000
2026-03-19 02:09:31,209 - Server_DefaultID - INFO - Training client 63 (7/30)...
2026-03-19 02:09:32,738 - Server_DefaultID - INFO - Client 63: Acc=74.81, Loss=-342.0423, NLL=-1161.6829, KL=13.9633, AvgS=499.96, ProxLoss=0.0000
2026-03-19 02:09:32,738 - Server_DefaultID - INFO - Training client 66 (8/30)...
2026-03-19 02:09:34,716 - Server_DefaultID - INFO - Client 66: Acc=88.08, Loss=-341.4280, NLL=-1161.7377, KL=13.9635, AvgS=499.99, ProxLoss=0.0000
2026-03-19 02:09:34,716 - Server_DefaultID - INFO - Training client 79 (9/30)...
2026-03-19 02:09:36,231 - Server_DefaultID - INFO - Client 79: Acc=94.44, Loss=-340.4931, NLL=-1161.6039, KL=13.9630, AvgS=499.93, ProxLoss=0.0000
2026-03-19 02:09:36,232 - Server_DefaultID - INFO - Training client 83 (10/30)...
2026-03-19 02:09:39,009 - Server_DefaultID - INFO - Client 83: Acc=99.69, Loss=-339.6145, NLL=-1161.7684, KL=13.9636, AvgS=500.00, ProxLoss=0.0000
2026-03-19 02:09:39,009 - Server_DefaultID - INFO - Training client 70 (11/30)...
2026-03-19 02:09:40,485 - Server_DefaultID - INFO - Client 70: Acc=77.31, Loss=-340.8968, NLL=-1161.6769, KL=13.9633, AvgS=499.96, ProxLoss=0.0000
2026-03-19 02:09:40,485 - Server_DefaultID - INFO - Training client 59 (12/30)...
2026-03-19 02:09:42,865 - Server_DefaultID - INFO - Client 59: Acc=82.92, Loss=-341.9942, NLL=-1161.7694, KL=13.9636, AvgS=500.00, ProxLoss=0.0000
2026-03-19 02:09:42,865 - Server_DefaultID - INFO - Training client 52 (13/30)...
2026-03-19 02:09:43,845 - Server_DefaultID - INFO - Client 52: Acc=71.25, Loss=-342.0486, NLL=-1161.6307, KL=13.9631, AvgS=499.94, ProxLoss=0.0000
2026-03-19 02:09:43,845 - Server_DefaultID - INFO - Training client 23 (14/30)...
2026-03-19 02:09:44,366 - Server_DefaultID - INFO - Client 23: Acc=69.83, Loss=-290.0738, NLL=-992.1958, KL=13.2297, AvgS=426.77, ProxLoss=0.0000
2026-03-19 02:09:44,366 - Server_DefaultID - INFO - Training client 17 (15/30)...
2026-03-19 02:09:45,064 - Server_DefaultID - INFO - Client 17: Acc=80.31, Loss=-342.3998, NLL=-1160.1143, KL=13.9560, AvgS=499.29, ProxLoss=0.0000
2026-03-19 02:09:45,064 - Server_DefaultID - INFO - Training client 15 (16/30)...
2026-03-19 02:09:45,719 - Server_DefaultID - INFO - Client 15: Acc=62.03, Loss=-342.0329, NLL=-1161.6107, KL=13.9630, AvgS=499.93, ProxLoss=0.0000
2026-03-19 02:09:45,719 - Server_DefaultID - INFO - Training client 40 (17/30)...
2026-03-19 02:09:47,408 - Server_DefaultID - INFO - Client 40: Acc=69.58, Loss=-343.3391, NLL=-1161.7488, KL=13.9635, AvgS=499.99, ProxLoss=0.0000
2026-03-19 02:09:47,408 - Server_DefaultID - INFO - Training client 32 (18/30)...
2026-03-19 02:09:49,081 - Server_DefaultID - INFO - Client 32: Acc=84.17, Loss=-342.5145, NLL=-1161.7262, KL=13.9635, AvgS=499.98, ProxLoss=0.0000
2026-03-19 02:09:49,081 - Server_DefaultID - INFO - Training client 98 (19/30)...
2026-03-19 02:09:50,060 - Server_DefaultID - INFO - Client 98: Acc=88.85, Loss=-340.3942, NLL=-1161.5122, KL=13.9626, AvgS=499.89, ProxLoss=0.0000
2026-03-19 02:09:50,060 - Server_DefaultID - INFO - Training client 58 (20/30)...
2026-03-19 02:09:53,187 - Server_DefaultID - INFO - Client 58: Acc=80.49, Loss=-340.6004, NLL=-1161.6759, KL=13.9633, AvgS=499.96, ProxLoss=0.0000
2026-03-19 02:09:53,187 - Server_DefaultID - INFO - Training client 61 (21/30)...
2026-03-19 02:09:54,740 - Server_DefaultID - INFO - Client 61: Acc=69.88, Loss=-343.8579, NLL=-1161.7473, KL=13.9635, AvgS=499.99, ProxLoss=0.0000
2026-03-19 02:09:54,741 - Server_DefaultID - INFO - Training client 28 (22/30)...
2026-03-19 02:09:55,176 - Server_DefaultID - INFO - Client 28: Acc=92.81, Loss=-339.7822, NLL=-1156.4434, KL=13.9413, AvgS=497.70, ProxLoss=0.0000
2026-03-19 02:09:55,176 - Server_DefaultID - INFO - Training client 41 (23/30)...
2026-03-19 02:09:57,517 - Server_DefaultID - INFO - Client 41: Acc=80.35, Loss=-341.1806, NLL=-1161.7169, KL=13.9634, AvgS=499.98, ProxLoss=0.0000
2026-03-19 02:09:57,517 - Server_DefaultID - INFO - Training client 14 (24/30)...
2026-03-19 02:09:59,896 - Server_DefaultID - INFO - Client 14: Acc=83.75, Loss=-340.5106, NLL=-1161.7422, KL=13.9635, AvgS=499.99, ProxLoss=0.0000
2026-03-19 02:09:59,896 - Server_DefaultID - INFO - Training client 56 (25/30)...
2026-03-19 02:10:01,867 - Server_DefaultID - INFO - Client 56: Acc=86.72, Loss=-341.7033, NLL=-1161.6730, KL=13.9633, AvgS=499.96, ProxLoss=0.0000
2026-03-19 02:10:01,867 - Server_DefaultID - INFO - Training client 22 (26/30)...
2026-03-19 02:10:02,561 - Server_DefaultID - INFO - Client 22: Acc=91.72, Loss=-342.0643, NLL=-1161.4979, KL=13.9626, AvgS=499.88, ProxLoss=0.0000
2026-03-19 02:10:02,561 - Server_DefaultID - INFO - Training client 33 (27/30)...
2026-03-19 02:10:04,470 - Server_DefaultID - INFO - Client 33: Acc=58.79, Loss=-343.2458, NLL=-1161.7261, KL=13.9635, AvgS=499.98, ProxLoss=0.0000
2026-03-19 02:10:04,470 - Server_DefaultID - INFO - Training client 0 (28/30)...
2026-03-19 02:10:04,989 - Server_DefaultID - INFO - Client 0: Acc=33.12, Loss=-341.4561, NLL=-1159.7831, KL=13.9553, AvgS=499.14, ProxLoss=0.0000
2026-03-19 02:10:04,989 - Server_DefaultID - INFO - Training client 77 (29/30)...
2026-03-19 02:10:09,159 - Server_DefaultID - INFO - Client 77: Acc=92.35, Loss=-341.6358, NLL=-1161.7608, KL=13.9636, AvgS=500.00, ProxLoss=0.0000
2026-03-19 02:10:09,159 - Server_DefaultID - INFO - Training client 20 (30/30)...
2026-03-19 02:10:10,923 - Server_DefaultID - INFO - Client 20: Acc=63.91, Loss=-344.0332, NLL=-1161.7249, KL=13.9635, AvgS=499.98, ProxLoss=0.0000
2026-03-19 02:10:11,128 - Server_DefaultID - WARNING - Global prior extremely imbalanced (max/min=1.0), applied adaptive smoothing lam=0.10.
2026-03-19 02:10:11,128 - Server_DefaultID - INFO - Round [72/200] Summary | Avg Client Train Stats:	Loss [-341.3393]	 Acc [84.38]	NLL [-1160.9149]	 KL [13.9600]	AvgS [499.63]	 ProxLoss [0.0000]
GlobalPriorAlpha (first 10): [5.0, 5.0, 5.0, 5.0, 5.0, 5.0, 5.0, 5.0, 5.0, 5.0]
Round Time: 58.57s
2026-03-19 02:10:11,130 - Server_DefaultID - INFO - --- Global Round 73/200 ---
2026-03-19 02:10:11,131 - Server_DefaultID - INFO - Selected 30 active clients for round 73.
2026-03-19 02:10:11,131 - Server_DefaultID - INFO - Training client 92 (1/30)...
2026-03-19 02:10:12,475 - Server_DefaultID - INFO - Client 92: Acc=95.23, Loss=-341.7535, NLL=-1161.6790, KL=13.9633, AvgS=499.96, ProxLoss=0.0000
2026-03-19 02:10:12,475 - Server_DefaultID - INFO - Training client 77 (2/30)...
2026-03-19 02:10:16,657 - Server_DefaultID - INFO - Client 77: Acc=92.71, Loss=-341.5635, NLL=-1161.7547, KL=13.9636, AvgS=499.99, ProxLoss=0.0000
2026-03-19 02:10:16,657 - Server_DefaultID - INFO - Training client 95 (3/30)...
2026-03-19 02:10:19,064 - Server_DefaultID - INFO - Client 95: Acc=66.77, Loss=-340.7668, NLL=-1161.7561, KL=13.9636, AvgS=499.99, ProxLoss=0.0000
2026-03-19 02:10:19,064 - Server_DefaultID - INFO - Training client 20 (4/30)...
2026-03-19 02:10:20,736 - Server_DefaultID - INFO - Client 20: Acc=63.75, Loss=-344.1211, NLL=-1161.7334, KL=13.9635, AvgS=499.98, ProxLoss=0.0000
2026-03-19 02:10:20,736 - Server_DefaultID - INFO - Training client 43 (5/30)...
2026-03-19 02:10:23,524 - Server_DefaultID - INFO - Client 43: Acc=82.98, Loss=-341.6291, NLL=-1161.7265, KL=13.9635, AvgS=499.98, ProxLoss=0.0000
2026-03-19 02:10:23,524 - Server_DefaultID - INFO - Training client 89 (6/30)...
2026-03-19 02:10:28,336 - Server_DefaultID - INFO - Client 89: Acc=98.57, Loss=-340.2724, NLL=-1161.7616, KL=13.9636, AvgS=500.00, ProxLoss=0.0000
2026-03-19 02:10:28,336 - Server_DefaultID - INFO - Training client 51 (7/30)...
2026-03-19 02:10:29,067 - Server_DefaultID - INFO - Client 51: Acc=52.97, Loss=-343.8593, NLL=-1161.4118, KL=13.9622, AvgS=499.85, ProxLoss=0.0000
2026-03-19 02:10:29,067 - Server_DefaultID - INFO - Training client 85 (8/30)...
2026-03-19 02:10:32,308 - Server_DefaultID - INFO - Client 85: Acc=99.77, Loss=-339.4930, NLL=-1161.7475, KL=13.9635, AvgS=499.99, ProxLoss=0.0000
2026-03-19 02:10:32,308 - Server_DefaultID - INFO - Training client 53 (9/30)...
2026-03-19 02:10:34,849 - Server_DefaultID - INFO - Client 53: Acc=96.94, Loss=-341.0675, NLL=-1161.7543, KL=13.9636, AvgS=499.99, ProxLoss=0.0000
2026-03-19 02:10:34,849 - Server_DefaultID - INFO - Training client 49 (10/30)...
2026-03-19 02:10:36,604 - Server_DefaultID - INFO - Client 49: Acc=80.58, Loss=-341.6057, NLL=-1161.7257, KL=13.9635, AvgS=499.98, ProxLoss=0.0000
2026-03-19 02:10:36,604 - Server_DefaultID - INFO - Training client 2 (11/30)...
2026-03-19 02:10:38,950 - Server_DefaultID - INFO - Client 2: Acc=79.55, Loss=-341.7840, NLL=-1161.7523, KL=13.9636, AvgS=499.99, ProxLoss=0.0000
2026-03-19 02:10:38,950 - Server_DefaultID - INFO - Training client 94 (12/30)...
2026-03-19 02:10:41,892 - Server_DefaultID - INFO - Client 94: Acc=79.26, Loss=-341.7153, NLL=-1161.7271, KL=13.9635, AvgS=499.98, ProxLoss=0.0000
2026-03-19 02:10:41,892 - Server_DefaultID - INFO - Training client 44 (13/30)...
2026-03-19 02:10:44,443 - Server_DefaultID - INFO - Client 44: Acc=90.73, Loss=-341.5817, NLL=-1161.7456, KL=13.9635, AvgS=499.99, ProxLoss=0.0000
2026-03-19 02:10:44,443 - Server_DefaultID - INFO - Training client 38 (14/30)...
2026-03-19 02:10:45,295 - Server_DefaultID - INFO - Client 38: Acc=57.19, Loss=-343.9364, NLL=-1161.7292, KL=13.9635, AvgS=499.98, ProxLoss=0.0000
2026-03-19 02:10:45,295 - Server_DefaultID - INFO - Training client 70 (15/30)...
2026-03-19 02:10:46,708 - Server_DefaultID - INFO - Client 70: Acc=79.50, Loss=-340.8387, NLL=-1161.6713, KL=13.9632, AvgS=499.96, ProxLoss=0.0000
2026-03-19 02:10:46,708 - Server_DefaultID - INFO - Training client 47 (16/30)...
2026-03-19 02:10:48,468 - Server_DefaultID - INFO - Client 47: Acc=63.28, Loss=-343.2662, NLL=-1161.7678, KL=13.9636, AvgS=500.00, ProxLoss=0.0000
2026-03-19 02:10:48,468 - Server_DefaultID - INFO - Training client 68 (17/30)...
2026-03-19 02:10:51,067 - Server_DefaultID - INFO - Client 68: Acc=80.00, Loss=-340.4245, NLL=-1161.7041, KL=13.9634, AvgS=499.97, ProxLoss=0.0000
2026-03-19 02:10:51,067 - Server_DefaultID - INFO - Training client 73 (18/30)...
2026-03-19 02:10:54,675 - Server_DefaultID - INFO - Client 73: Acc=87.31, Loss=-341.0738, NLL=-1161.7469, KL=13.9635, AvgS=499.99, ProxLoss=0.0000
2026-03-19 02:10:54,675 - Server_DefaultID - INFO - Training client 91 (19/30)...
2026-03-19 02:10:55,576 - Server_DefaultID - INFO - Client 91: Acc=90.73, Loss=-340.3561, NLL=-1161.3870, KL=13.9621, AvgS=499.84, ProxLoss=0.0000
2026-03-19 02:10:55,576 - Server_DefaultID - INFO - Training client 41 (20/30)...
2026-03-19 02:10:59,162 - Server_DefaultID - INFO - Client 41: Acc=79.80, Loss=-341.0913, NLL=-1161.7290, KL=13.9635, AvgS=499.98, ProxLoss=0.0000
2026-03-19 02:10:59,162 - Server_DefaultID - INFO - Training client 17 (21/30)...
2026-03-19 02:10:59,907 - Server_DefaultID - INFO - Client 17: Acc=80.00, Loss=-342.8300, NLL=-1161.5308, KL=13.9627, AvgS=499.90, ProxLoss=0.0000
2026-03-19 02:10:59,907 - Server_DefaultID - INFO - Training client 93 (22/30)...
2026-03-19 02:11:00,701 - Server_DefaultID - INFO - Client 93: Acc=56.09, Loss=-342.6578, NLL=-1161.6163, KL=13.9630, AvgS=499.93, ProxLoss=0.0000
2026-03-19 02:11:00,701 - Server_DefaultID - INFO - Training client 19 (23/30)...
2026-03-19 02:11:04,478 - Server_DefaultID - INFO - Client 19: Acc=95.51, Loss=-340.5293, NLL=-1161.7624, KL=13.9636, AvgS=500.00, ProxLoss=0.0000
2026-03-19 02:11:04,478 - Server_DefaultID - INFO - Training client 3 (24/30)...
2026-03-19 02:11:06,225 - Server_DefaultID - INFO - Client 3: Acc=60.16, Loss=-343.1793, NLL=-1160.8566, KL=13.9599, AvgS=499.61, ProxLoss=0.0000
2026-03-19 02:11:06,225 - Server_DefaultID - INFO - Training client 12 (25/30)...
2026-03-19 02:11:07,625 - Server_DefaultID - INFO - Client 12: Acc=71.56, Loss=-343.4950, NLL=-1161.7613, KL=13.9636, AvgS=500.00, ProxLoss=0.0000
2026-03-19 02:11:07,625 - Server_DefaultID - INFO - Training client 42 (26/30)...
2026-03-19 02:11:09,277 - Server_DefaultID - INFO - Client 42: Acc=90.89, Loss=-341.6058, NLL=-1161.7331, KL=13.9635, AvgS=499.98, ProxLoss=0.0000
2026-03-19 02:11:09,277 - Server_DefaultID - INFO - Training client 80 (27/30)...
2026-03-19 02:11:09,715 - Server_DefaultID - INFO - Client 80: Acc=61.56, Loss=-342.4589, NLL=-1161.0634, KL=13.9609, AvgS=499.70, ProxLoss=0.0000
2026-03-19 02:11:09,715 - Server_DefaultID - INFO - Training client 71 (28/30)...
2026-03-19 02:11:10,318 - Server_DefaultID - INFO - Client 71: Acc=72.66, Loss=-342.7862, NLL=-1161.4615, KL=13.9624, AvgS=499.87, ProxLoss=0.0000
2026-03-19 02:11:10,318 - Server_DefaultID - INFO - Training client 39 (29/30)...
2026-03-19 02:11:14,241 - Server_DefaultID - INFO - Client 39: Acc=79.77, Loss=-341.9296, NLL=-1161.7632, KL=13.9636, AvgS=500.00, ProxLoss=0.0000
2026-03-19 02:11:14,241 - Server_DefaultID - INFO - Training client 96 (30/30)...
2026-03-19 02:11:16,732 - Server_DefaultID - INFO - Client 96: Acc=82.12, Loss=-341.8749, NLL=-1161.7020, KL=13.9634, AvgS=499.97, ProxLoss=0.0000
2026-03-19 02:11:16,881 - Server_DefaultID - WARNING - Global prior extremely imbalanced (max/min=1.0), applied adaptive smoothing lam=0.10.
2026-03-19 02:11:16,882 - Server_DefaultID - INFO - Round [73/200] Summary | Avg Client Train Stats:	Loss [-341.4778]	 Acc [83.37]	NLL [-1161.6997]	 KL [13.9633]	AvgS [499.97]	 ProxLoss [0.0000]
GlobalPriorAlpha (first 10): [5.0, 5.0, 5.0, 5.0, 5.0, 5.0, 5.0, 5.0, 5.0, 5.0]
Round Time: 65.75s
2026-03-19 02:11:16,885 - Server_DefaultID - INFO - --- Global Round 74/200 ---
2026-03-19 02:11:16,886 - Server_DefaultID - INFO - Selected 30 active clients for round 74.
2026-03-19 02:11:16,886 - Server_DefaultID - INFO - Training client 72 (1/30)...
2026-03-19 02:11:18,165 - Server_DefaultID - INFO - Client 72: Acc=94.84, Loss=-341.1109, NLL=-1161.6991, KL=13.9634, AvgS=499.97, ProxLoss=0.0000
2026-03-19 02:11:18,165 - Server_DefaultID - INFO - Training client 82 (2/30)...
2026-03-19 02:11:19,676 - Server_DefaultID - INFO - Client 82: Acc=90.75, Loss=-341.5027, NLL=-1161.6587, KL=13.9632, AvgS=499.95, ProxLoss=0.0000
2026-03-19 02:11:19,676 - Server_DefaultID - INFO - Training client 66 (3/30)...
2026-03-19 02:11:21,734 - Server_DefaultID - INFO - Client 66: Acc=88.26, Loss=-341.3561, NLL=-1161.7261, KL=13.9635, AvgS=499.98, ProxLoss=0.0000
2026-03-19 02:11:21,734 - Server_DefaultID - INFO - Training client 12 (4/30)...
2026-03-19 02:11:23,185 - Server_DefaultID - INFO - Client 12: Acc=73.94, Loss=-343.4144, NLL=-1161.6747, KL=13.9633, AvgS=499.96, ProxLoss=0.0000
2026-03-19 02:11:23,185 - Server_DefaultID - INFO - Training client 84 (5/30)...
2026-03-19 02:11:23,619 - Server_DefaultID - INFO - Client 84: Acc=86.79, Loss=-336.0556, NLL=-1144.7890, KL=13.8948, AvgS=492.67, ProxLoss=0.0000
2026-03-19 02:11:23,619 - Server_DefaultID - INFO - Training client 6 (6/30)...
2026-03-19 02:11:24,571 - Server_DefaultID - INFO - Client 6: Acc=56.77, Loss=-341.6254, NLL=-1161.7456, KL=13.9635, AvgS=499.99, ProxLoss=0.0000
2026-03-19 02:11:24,571 - Server_DefaultID - INFO - Training client 24 (7/30)...
2026-03-19 02:11:25,020 - Server_DefaultID - INFO - Client 24: Acc=51.25, Loss=-337.6467, NLL=-1142.1254, KL=13.8852, AvgS=491.52, ProxLoss=0.0000
2026-03-19 02:11:25,020 - Server_DefaultID - INFO - Training client 45 (8/30)...
2026-03-19 02:11:27,092 - Server_DefaultID - INFO - Client 45: Acc=69.06, Loss=-341.5591, NLL=-1161.7481, KL=13.9635, AvgS=499.99, ProxLoss=0.0000
2026-03-19 02:11:27,092 - Server_DefaultID - INFO - Training client 38 (9/30)...
2026-03-19 02:11:27,779 - Server_DefaultID - INFO - Client 38: Acc=55.47, Loss=-343.8526, NLL=-1161.6430, KL=13.9631, AvgS=499.95, ProxLoss=0.0000
2026-03-19 02:11:27,779 - Server_DefaultID - INFO - Training client 1 (10/30)...
2026-03-19 02:11:28,500 - Server_DefaultID - INFO - Client 1: Acc=49.22, Loss=-342.1449, NLL=-1161.6791, KL=13.9633, AvgS=499.96, ProxLoss=0.0000
2026-03-19 02:11:28,500 - Server_DefaultID - INFO - Training client 78 (11/30)...
2026-03-19 02:11:37,604 - Server_DefaultID - INFO - Client 78: Acc=93.90, Loss=-341.7562, NLL=-1161.7438, KL=13.9635, AvgS=499.99, ProxLoss=0.0000
2026-03-19 02:11:37,604 - Server_DefaultID - INFO - Training client 85 (12/30)...
2026-03-19 02:11:40,841 - Server_DefaultID - INFO - Client 85: Acc=99.74, Loss=-339.4869, NLL=-1161.7657, KL=13.9636, AvgS=500.00, ProxLoss=0.0000
2026-03-19 02:11:40,841 - Server_DefaultID - INFO - Training client 19 (13/30)...
2026-03-19 02:11:44,635 - Server_DefaultID - INFO - Client 19: Acc=95.47, Loss=-340.4835, NLL=-1161.7673, KL=13.9636, AvgS=500.00, ProxLoss=0.0000
2026-03-19 02:11:44,635 - Server_DefaultID - INFO - Training client 75 (14/30)...
2026-03-19 02:11:46,868 - Server_DefaultID - INFO - Client 75: Acc=91.33, Loss=-340.7978, NLL=-1161.7677, KL=13.9636, AvgS=500.00, ProxLoss=0.0000
2026-03-19 02:11:46,868 - Server_DefaultID - INFO - Training client 59 (15/30)...
2026-03-19 02:11:49,230 - Server_DefaultID - INFO - Client 59: Acc=83.40, Loss=-341.8841, NLL=-1161.7267, KL=13.9635, AvgS=499.98, ProxLoss=0.0000
2026-03-19 02:11:49,231 - Server_DefaultID - INFO - Training client 48 (16/30)...
2026-03-19 02:11:53,550 - Server_DefaultID - INFO - Client 48: Acc=86.89, Loss=-341.9897, NLL=-1161.7512, KL=13.9636, AvgS=499.99, ProxLoss=0.0000
2026-03-19 02:11:53,550 - Server_DefaultID - INFO - Training client 0 (17/30)...
2026-03-19 02:11:53,969 - Server_DefaultID - INFO - Client 0: Acc=27.81, Loss=-341.5991, NLL=-1160.5226, KL=13.9586, AvgS=499.46, ProxLoss=0.0000
2026-03-19 02:11:53,969 - Server_DefaultID - INFO - Training client 20 (18/30)...
2026-03-19 02:11:55,658 - Server_DefaultID - INFO - Client 20: Acc=64.06, Loss=-343.9554, NLL=-1161.7402, KL=13.9635, AvgS=499.99, ProxLoss=0.0000
2026-03-19 02:11:55,658 - Server_DefaultID - INFO - Training client 91 (19/30)...
2026-03-19 02:11:56,548 - Server_DefaultID - INFO - Client 91: Acc=91.15, Loss=-340.3173, NLL=-1161.3798, KL=13.9621, AvgS=499.83, ProxLoss=0.0000
2026-03-19 02:11:56,548 - Server_DefaultID - INFO - Training client 92 (20/30)...
2026-03-19 02:11:57,733 - Server_DefaultID - INFO - Client 92: Acc=95.39, Loss=-341.4973, NLL=-1161.6458, KL=13.9631, AvgS=499.95, ProxLoss=0.0000
2026-03-19 02:11:57,733 - Server_DefaultID - INFO - Training client 77 (21/30)...
2026-03-19 02:12:01,833 - Server_DefaultID - INFO - Client 77: Acc=92.27, Loss=-341.5062, NLL=-1161.7492, KL=13.9635, AvgS=499.99, ProxLoss=0.0000
2026-03-19 02:12:01,833 - Server_DefaultID - INFO - Training client 25 (22/30)...
2026-03-19 02:12:02,497 - Server_DefaultID - INFO - Client 25: Acc=95.00, Loss=-341.7711, NLL=-1161.2247, KL=13.9615, AvgS=499.76, ProxLoss=0.0000
2026-03-19 02:12:02,497 - Server_DefaultID - INFO - Training client 90 (23/30)...
2026-03-19 02:12:06,210 - Client_90 - WARNING - Client 90: Too few classes (1) or samples (592) for alpha report, returning uniform.
2026-03-19 02:12:06,210 - Server_DefaultID - INFO - Client 90: Acc=100.00, Loss=-339.2548, NLL=-1161.7243, KL=13.9634, AvgS=499.98, ProxLoss=0.0000
2026-03-19 02:12:06,210 - Server_DefaultID - INFO - Training client 87 (24/30)...
2026-03-19 02:12:08,251 - Server_DefaultID - INFO - Client 87: Acc=53.44, Loss=-343.5958, NLL=-1161.7072, KL=13.9634, AvgS=499.97, ProxLoss=0.0000
2026-03-19 02:12:08,251 - Server_DefaultID - INFO - Training client 88 (25/30)...
2026-03-19 02:12:09,950 - Server_DefaultID - INFO - Client 88: Acc=58.39, Loss=-342.7528, NLL=-1161.7409, KL=13.9635, AvgS=499.99, ProxLoss=0.0000
2026-03-19 02:12:09,951 - Server_DefaultID - INFO - Training client 11 (26/30)...
2026-03-19 02:12:11,744 - Server_DefaultID - INFO - Client 11: Acc=88.07, Loss=-342.0780, NLL=-1161.7233, KL=13.9634, AvgS=499.98, ProxLoss=0.0000
2026-03-19 02:12:11,744 - Server_DefaultID - INFO - Training client 16 (27/30)...
2026-03-19 02:12:12,481 - Server_DefaultID - INFO - Client 16: Acc=53.91, Loss=-340.4870, NLL=-1160.1889, KL=13.9574, AvgS=499.32, ProxLoss=0.0000
2026-03-19 02:12:12,481 - Server_DefaultID - INFO - Training client 76 (28/30)...
2026-03-19 02:12:14,609 - Server_DefaultID - INFO - Client 76: Acc=76.95, Loss=-343.5026, NLL=-1161.7340, KL=13.9635, AvgS=499.98, ProxLoss=0.0000
2026-03-19 02:12:14,609 - Server_DefaultID - INFO - Training client 55 (29/30)...
2026-03-19 02:12:22,083 - Server_DefaultID - INFO - Client 55: Acc=85.81, Loss=-342.4816, NLL=-1161.7534, KL=13.9636, AvgS=499.99, ProxLoss=0.0000
2026-03-19 02:12:22,083 - Server_DefaultID - INFO - Training client 95 (30/30)...
2026-03-19 02:12:24,479 - Server_DefaultID - INFO - Client 95: Acc=67.88, Loss=-340.7057, NLL=-1161.7540, KL=13.9636, AvgS=499.99, ProxLoss=0.0000
2026-03-19 02:12:24,723 - Server_DefaultID - WARNING - Global prior extremely imbalanced (max/min=1.0), applied adaptive smoothing lam=0.10.
2026-03-19 02:12:24,724 - Server_DefaultID - INFO - Round [74/200] Summary | Avg Client Train Stats:	Loss [-341.6430]	 Acc [84.00]	NLL [-1161.5308]	 KL [13.9627]	AvgS [499.90]	 ProxLoss [0.0000]
GlobalPriorAlpha (first 10): [5.0, 5.0, 5.0, 5.0, 5.0, 5.0, 5.0, 5.0, 5.0, 5.0]
Round Time: 67.84s
2026-03-19 02:12:24,726 - Server_DefaultID - INFO - --- Global Round 75/200 ---
2026-03-19 02:12:24,727 - Server_DefaultID - INFO - Selected 30 active clients for round 75.
2026-03-19 02:12:24,727 - Server_DefaultID - INFO - Training client 62 (1/30)...
2026-03-19 02:12:25,418 - Server_DefaultID - INFO - Client 62: Acc=90.16, Loss=-342.1352, NLL=-1161.1745, KL=13.9613, AvgS=499.74, ProxLoss=0.0000
2026-03-19 02:12:25,418 - Server_DefaultID - INFO - Training client 27 (2/30)...
2026-03-19 02:12:26,395 - Server_DefaultID - INFO - Client 27: Acc=71.88, Loss=-342.8632, NLL=-1161.7277, KL=13.9635, AvgS=499.98, ProxLoss=0.0000
2026-03-19 02:12:26,395 - Server_DefaultID - INFO - Training client 70 (3/30)...
2026-03-19 02:12:27,881 - Server_DefaultID - INFO - Client 70: Acc=82.69, Loss=-340.7935, NLL=-1161.6533, KL=13.9632, AvgS=499.95, ProxLoss=0.0000
2026-03-19 02:12:27,881 - Server_DefaultID - INFO - Training client 14 (4/30)...
2026-03-19 02:12:30,404 - Server_DefaultID - INFO - Client 14: Acc=85.35, Loss=-340.4116, NLL=-1161.7634, KL=13.9636, AvgS=500.00, ProxLoss=0.0000
2026-03-19 02:12:30,404 - Server_DefaultID - INFO - Training client 77 (5/30)...
2026-03-19 02:12:34,444 - Server_DefaultID - INFO - Client 77: Acc=92.65, Loss=-341.5411, NLL=-1161.7593, KL=13.9636, AvgS=500.00, ProxLoss=0.0000
2026-03-19 02:12:34,444 - Server_DefaultID - INFO - Training client 81 (6/30)...
2026-03-19 02:12:36,323 - Server_DefaultID - INFO - Client 81: Acc=76.92, Loss=-341.6981, NLL=-1161.7530, KL=13.9636, AvgS=499.99, ProxLoss=0.0000
2026-03-19 02:12:36,323 - Server_DefaultID - INFO - Training client 80 (7/30)...
2026-03-19 02:12:36,781 - Server_DefaultID - INFO - Client 80: Acc=65.94, Loss=-342.0275, NLL=-1160.7834, KL=13.9598, AvgS=499.58, ProxLoss=0.0000
2026-03-19 02:12:36,781 - Server_DefaultID - INFO - Training client 79 (8/30)...
2026-03-19 02:12:39,753 - Server_DefaultID - INFO - Client 79: Acc=94.06, Loss=-340.3996, NLL=-1161.6639, KL=13.9632, AvgS=499.95, ProxLoss=0.0000
2026-03-19 02:12:39,754 - Server_DefaultID - INFO - Training client 72 (9/30)...
2026-03-19 02:12:40,916 - Server_DefaultID - INFO - Client 72: Acc=95.23, Loss=-340.9508, NLL=-1161.7699, KL=13.9636, AvgS=500.00, ProxLoss=0.0000
2026-03-19 02:12:40,916 - Server_DefaultID - INFO - Training client 8 (10/30)...
2026-03-19 02:12:41,573 - Server_DefaultID - INFO - Client 8: Acc=87.66, Loss=-341.3955, NLL=-1160.9002, KL=13.9600, AvgS=499.62, ProxLoss=0.0000
2026-03-19 02:12:41,573 - Server_DefaultID - INFO - Training client 73 (11/30)...
2026-03-19 02:12:44,718 - Server_DefaultID - INFO - Client 73: Acc=87.50, Loss=-341.0185, NLL=-1161.7267, KL=13.9635, AvgS=499.98, ProxLoss=0.0000
2026-03-19 02:12:44,718 - Server_DefaultID - INFO - Training client 20 (12/30)...
2026-03-19 02:12:46,264 - Server_DefaultID - INFO - Client 20: Acc=63.91, Loss=-343.9667, NLL=-1161.7043, KL=13.9634, AvgS=499.97, ProxLoss=0.0000
2026-03-19 02:12:46,264 - Server_DefaultID - INFO - Training client 24 (13/30)...
2026-03-19 02:12:46,620 - Server_DefaultID - INFO - Client 24: Acc=50.62, Loss=-341.1746, NLL=-1153.4088, KL=13.9299, AvgS=496.39, ProxLoss=0.0000
2026-03-19 02:12:46,621 - Server_DefaultID - INFO - Training client 13 (14/30)...
2026-03-19 02:12:47,024 - Server_DefaultID - INFO - Client 13: Acc=49.06, Loss=-340.2057, NLL=-1160.1126, KL=13.9570, AvgS=499.29, ProxLoss=0.0000
2026-03-19 02:12:47,024 - Server_DefaultID - INFO - Training client 12 (15/30)...
2026-03-19 02:12:48,322 - Server_DefaultID - INFO - Client 12: Acc=73.44, Loss=-343.4610, NLL=-1161.7689, KL=13.9636, AvgS=500.00, ProxLoss=0.0000
2026-03-19 02:12:48,322 - Server_DefaultID - INFO - Training client 33 (16/30)...
2026-03-19 02:12:49,932 - Server_DefaultID - INFO - Client 33: Acc=59.42, Loss=-343.1853, NLL=-1161.7076, KL=13.9634, AvgS=499.97, ProxLoss=0.0000
2026-03-19 02:12:49,932 - Server_DefaultID - INFO - Training client 25 (17/30)...
2026-03-19 02:12:50,548 - Server_DefaultID - INFO - Client 25: Acc=95.62, Loss=-341.4904, NLL=-1161.6333, KL=13.9631, AvgS=499.94, ProxLoss=0.0000
2026-03-19 02:12:50,548 - Server_DefaultID - INFO - Training client 97 (18/30)...
2026-03-19 02:12:56,068 - Server_DefaultID - INFO - Client 97: Acc=99.58, Loss=-339.5663, NLL=-1161.7609, KL=13.9636, AvgS=500.00, ProxLoss=0.0000
2026-03-19 02:12:56,068 - Server_DefaultID - INFO - Training client 41 (19/30)...
2026-03-19 02:12:57,950 - Server_DefaultID - INFO - Client 41: Acc=81.29, Loss=-340.9637, NLL=-1161.7628, KL=13.9636, AvgS=500.00, ProxLoss=0.0000
2026-03-19 02:12:57,950 - Server_DefaultID - INFO - Training client 11 (20/30)...
2026-03-19 02:12:59,374 - Server_DefaultID - INFO - Client 11: Acc=89.48, Loss=-342.1663, NLL=-1161.7694, KL=13.9636, AvgS=500.00, ProxLoss=0.0000
2026-03-19 02:12:59,374 - Server_DefaultID - INFO - Training client 16 (21/30)...
2026-03-19 02:13:00,008 - Server_DefaultID - INFO - Client 16: Acc=51.56, Loss=-341.1559, NLL=-1161.5521, KL=13.9628, AvgS=499.91, ProxLoss=0.0000
2026-03-19 02:13:00,008 - Server_DefaultID - INFO - Training client 52 (22/30)...
2026-03-19 02:13:00,828 - Server_DefaultID - INFO - Client 52: Acc=73.96, Loss=-341.7957, NLL=-1161.5688, KL=13.9628, AvgS=499.91, ProxLoss=0.0000
2026-03-19 02:13:00,828 - Server_DefaultID - INFO - Training client 98 (23/30)...
2026-03-19 02:13:01,599 - Server_DefaultID - INFO - Client 98: Acc=89.48, Loss=-340.4005, NLL=-1161.7598, KL=13.9636, AvgS=500.00, ProxLoss=0.0000
2026-03-19 02:13:01,599 - Server_DefaultID - INFO - Training client 61 (24/30)...
2026-03-19 02:13:02,998 - Server_DefaultID - INFO - Client 61: Acc=70.50, Loss=-343.5577, NLL=-1161.7066, KL=13.9634, AvgS=499.97, ProxLoss=0.0000
2026-03-19 02:13:02,998 - Server_DefaultID - INFO - Training client 49 (25/30)...
2026-03-19 02:13:04,799 - Server_DefaultID - INFO - Client 49: Acc=81.03, Loss=-341.5573, NLL=-1161.7699, KL=13.9636, AvgS=500.00, ProxLoss=0.0000
2026-03-19 02:13:04,799 - Server_DefaultID - INFO - Training client 48 (26/30)...
2026-03-19 02:13:08,710 - Server_DefaultID - INFO - Client 48: Acc=86.80, Loss=-341.8680, NLL=-1161.7678, KL=13.9636, AvgS=500.00, ProxLoss=0.0000
2026-03-19 02:13:08,710 - Server_DefaultID - INFO - Training client 47 (27/30)...
2026-03-19 02:13:10,163 - Server_DefaultID - INFO - Client 47: Acc=62.40, Loss=-343.1488, NLL=-1161.7436, KL=13.9635, AvgS=499.99, ProxLoss=0.0000
2026-03-19 02:13:10,163 - Server_DefaultID - INFO - Training client 85 (28/30)...
2026-03-19 02:13:14,170 - Server_DefaultID - INFO - Client 85: Acc=99.74, Loss=-339.4464, NLL=-1161.7691, KL=13.9636, AvgS=500.00, ProxLoss=0.0000
2026-03-19 02:13:14,170 - Server_DefaultID - INFO - Training client 46 (29/30)...
2026-03-19 02:13:16,101 - Server_DefaultID - INFO - Client 46: Acc=86.64, Loss=-341.7612, NLL=-1161.7633, KL=13.9636, AvgS=500.00, ProxLoss=0.0000
2026-03-19 02:13:16,101 - Server_DefaultID - INFO - Training client 1 (30/30)...
2026-03-19 02:13:16,735 - Server_DefaultID - INFO - Client 1: Acc=59.69, Loss=-342.1877, NLL=-1161.5963, KL=13.9630, AvgS=499.93, ProxLoss=0.0000
2026-03-19 02:13:16,935 - Server_DefaultID - WARNING - Global prior extremely imbalanced (max/min=1.0), applied adaptive smoothing lam=0.10.
2026-03-19 02:13:16,935 - Server_DefaultID - INFO - Round [75/200] Summary | Avg Client Train Stats:	Loss [-341.3526]	 Acc [84.20]	NLL [-1161.6423]	 KL [13.9631]	AvgS [499.94]	 ProxLoss [0.0000]
GlobalPriorAlpha (first 10): [5.0, 5.0, 5.0, 5.0, 5.0, 5.0, 5.0, 5.0, 5.0, 5.0]
Round Time: 52.21s
2026-03-19 02:13:16,938 - Server_DefaultID - INFO - --- Global Round 76/200 ---
2026-03-19 02:13:16,939 - Server_DefaultID - INFO - Selected 30 active clients for round 76.
2026-03-19 02:13:16,940 - Server_DefaultID - INFO - Training client 32 (1/30)...
2026-03-19 02:13:18,506 - Server_DefaultID - INFO - Client 32: Acc=85.00, Loss=-342.1423, NLL=-1161.7305, KL=13.9635, AvgS=499.98, ProxLoss=0.0000
2026-03-19 02:13:18,506 - Server_DefaultID - INFO - Training client 8 (2/30)...
2026-03-19 02:13:19,084 - Server_DefaultID - INFO - Client 8: Acc=88.44, Loss=-341.7863, NLL=-1161.5443, KL=13.9627, AvgS=499.90, ProxLoss=0.0000
2026-03-19 02:13:19,085 - Server_DefaultID - INFO - Training client 54 (3/30)...
2026-03-19 02:13:19,717 - Server_DefaultID - INFO - Client 54: Acc=83.75, Loss=-340.6324, NLL=-1160.1922, KL=13.9572, AvgS=499.32, ProxLoss=0.0000
2026-03-19 02:13:19,717 - Server_DefaultID - INFO - Training client 92 (4/30)...
2026-03-19 02:13:20,651 - Server_DefaultID - INFO - Client 92: Acc=95.16, Loss=-341.7997, NLL=-1161.7662, KL=13.9636, AvgS=500.00, ProxLoss=0.0000
2026-03-19 02:13:20,651 - Server_DefaultID - INFO - Training client 2 (5/30)...
2026-03-19 02:13:22,459 - Server_DefaultID - INFO - Client 2: Acc=79.17, Loss=-341.7277, NLL=-1161.7353, KL=13.9635, AvgS=499.99, ProxLoss=0.0000
2026-03-19 02:13:22,459 - Server_DefaultID - INFO - Training client 73 (6/30)...
2026-03-19 02:13:24,913 - Server_DefaultID - INFO - Client 73: Acc=88.32, Loss=-340.9913, NLL=-1161.7603, KL=13.9636, AvgS=500.00, ProxLoss=0.0000
2026-03-19 02:13:24,913 - Server_DefaultID - INFO - Training client 76 (7/30)...
2026-03-19 02:13:26,634 - Server_DefaultID - INFO - Client 76: Acc=76.76, Loss=-343.3874, NLL=-1161.7446, KL=13.9635, AvgS=499.99, ProxLoss=0.0000
2026-03-19 02:13:26,634 - Server_DefaultID - INFO - Training client 87 (8/30)...
2026-03-19 02:13:28,126 - Server_DefaultID - INFO - Client 87: Acc=53.84, Loss=-343.4138, NLL=-1161.7235, KL=13.9634, AvgS=499.98, ProxLoss=0.0000
2026-03-19 02:13:28,127 - Server_DefaultID - INFO - Training client 66 (9/30)...
2026-03-19 02:13:29,569 - Server_DefaultID - INFO - Client 66: Acc=88.17, Loss=-341.2820, NLL=-1161.7592, KL=13.9636, AvgS=500.00, ProxLoss=0.0000
2026-03-19 02:13:29,569 - Server_DefaultID - INFO - Training client 86 (10/30)...
2026-03-19 02:13:30,715 - Server_DefaultID - INFO - Client 86: Acc=79.50, Loss=-341.6408, NLL=-1161.7216, KL=13.9634, AvgS=499.98, ProxLoss=0.0000
2026-03-19 02:13:30,716 - Server_DefaultID - INFO - Training client 24 (11/30)...
2026-03-19 02:13:31,153 - Server_DefaultID - INFO - Client 24: Acc=55.00, Loss=-342.9449, NLL=-1159.3425, KL=13.9541, AvgS=498.95, ProxLoss=0.0000
2026-03-19 02:13:31,153 - Server_DefaultID - INFO - Training client 77 (12/30)...
2026-03-19 02:13:34,197 - Server_DefaultID - INFO - Client 77: Acc=92.65, Loss=-341.4610, NLL=-1161.7688, KL=13.9636, AvgS=500.00, ProxLoss=0.0000
2026-03-19 02:13:34,197 - Server_DefaultID - INFO - Training client 71 (13/30)...
2026-03-19 02:13:34,788 - Server_DefaultID - INFO - Client 71: Acc=73.28, Loss=-342.7237, NLL=-1161.5544, KL=13.9628, AvgS=499.91, ProxLoss=0.0000
2026-03-19 02:13:34,788 - Server_DefaultID - INFO - Training client 13 (14/30)...
2026-03-19 02:13:35,181 - Server_DefaultID - INFO - Client 13: Acc=55.31, Loss=-340.3468, NLL=-1160.3234, KL=13.9578, AvgS=499.38, ProxLoss=0.0000
2026-03-19 02:13:35,182 - Server_DefaultID - INFO - Training client 5 (15/30)...
2026-03-19 02:13:35,526 - Server_DefaultID - INFO - Client 5: Acc=70.62, Loss=-341.2255, NLL=-1157.5550, KL=13.9462, AvgS=498.18, ProxLoss=0.0000
2026-03-19 02:13:35,526 - Server_DefaultID - INFO - Training client 30 (16/30)...
2026-03-19 02:13:37,367 - Server_DefaultID - INFO - Client 30: Acc=90.12, Loss=-340.4150, NLL=-1161.7599, KL=13.9636, AvgS=500.00, ProxLoss=0.0000
2026-03-19 02:13:37,367 - Server_DefaultID - INFO - Training client 29 (17/30)...
2026-03-19 02:13:38,387 - Server_DefaultID - INFO - Client 29: Acc=81.48, Loss=-341.3708, NLL=-1161.7523, KL=13.9636, AvgS=499.99, ProxLoss=0.0000
2026-03-19 02:13:38,387 - Server_DefaultID - INFO - Training client 6 (18/30)...
2026-03-19 02:13:39,157 - Server_DefaultID - INFO - Client 6: Acc=58.33, Loss=-341.1696, NLL=-1161.6404, KL=13.9631, AvgS=499.94, ProxLoss=0.0000
2026-03-19 02:13:39,158 - Server_DefaultID - INFO - Training client 42 (19/30)...
2026-03-19 02:13:40,545 - Server_DefaultID - INFO - Client 42: Acc=90.26, Loss=-341.5495, NLL=-1161.7362, KL=13.9635, AvgS=499.99, ProxLoss=0.0000
2026-03-19 02:13:40,545 - Server_DefaultID - INFO - Training client 98 (20/30)...
2026-03-19 02:13:41,343 - Server_DefaultID - INFO - Client 98: Acc=89.48, Loss=-340.3476, NLL=-1161.6701, KL=13.9632, AvgS=499.96, ProxLoss=0.0000
2026-03-19 02:13:41,343 - Server_DefaultID - INFO - Training client 68 (21/30)...
2026-03-19 02:13:43,237 - Server_DefaultID - INFO - Client 68: Acc=79.83, Loss=-340.3172, NLL=-1161.7677, KL=13.9636, AvgS=500.00, ProxLoss=0.0000
2026-03-19 02:13:43,237 - Server_DefaultID - INFO - Training client 20 (22/30)...
2026-03-19 02:13:44,573 - Server_DefaultID - INFO - Client 20: Acc=64.79, Loss=-343.9527, NLL=-1161.7676, KL=13.9636, AvgS=500.00, ProxLoss=0.0000
2026-03-19 02:13:44,573 - Server_DefaultID - INFO - Training client 31 (23/30)...
2026-03-19 02:13:47,990 - Server_DefaultID - INFO - Client 31: Acc=80.00, Loss=-341.5977, NLL=-1161.7497, KL=13.9635, AvgS=499.99, ProxLoss=0.0000
2026-03-19 02:13:47,990 - Server_DefaultID - INFO - Training client 15 (24/30)...
2026-03-19 02:13:48,560 - Server_DefaultID - INFO - Client 15: Acc=64.84, Loss=-341.5951, NLL=-1161.6836, KL=13.9633, AvgS=499.96, ProxLoss=0.0000
2026-03-19 02:13:48,560 - Server_DefaultID - INFO - Training client 57 (25/30)...
2026-03-19 02:13:52,267 - Server_DefaultID - INFO - Client 57: Acc=94.74, Loss=-341.3378, NLL=-1161.7580, KL=13.9636, AvgS=499.99, ProxLoss=0.0000
2026-03-19 02:13:52,267 - Server_DefaultID - INFO - Training client 83 (26/30)...
2026-03-19 02:13:54,311 - Server_DefaultID - INFO - Client 83: Acc=99.75, Loss=-339.3956, NLL=-1161.7699, KL=13.9636, AvgS=500.00, ProxLoss=0.0000
2026-03-19 02:13:54,311 - Server_DefaultID - INFO - Training client 28 (27/30)...
2026-03-19 02:13:54,678 - Server_DefaultID - INFO - Client 28: Acc=93.12, Loss=-341.3587, NLL=-1160.3437, KL=13.9580, AvgS=499.38, ProxLoss=0.0000
2026-03-19 02:13:54,678 - Server_DefaultID - INFO - Training client 67 (28/30)...
2026-03-19 02:13:56,060 - Server_DefaultID - INFO - Client 67: Acc=75.26, Loss=-342.6426, NLL=-1161.7580, KL=13.9636, AvgS=499.99, ProxLoss=0.0000
2026-03-19 02:13:56,060 - Server_DefaultID - INFO - Training client 7 (29/30)...
2026-03-19 02:13:57,364 - Server_DefaultID - INFO - Client 7: Acc=47.86, Loss=-341.8207, NLL=-1161.5973, KL=13.9629, AvgS=499.93, ProxLoss=0.0000
2026-03-19 02:13:57,364 - Server_DefaultID - INFO - Training client 84 (30/30)...
2026-03-19 02:13:57,680 - Server_DefaultID - INFO - Client 84: Acc=86.79, Loss=-338.9559, NLL=-1154.3753, KL=13.9340, AvgS=496.81, ProxLoss=0.0000
2026-03-19 02:13:57,842 - Server_DefaultID - WARNING - Global prior extremely imbalanced (max/min=1.0), applied adaptive smoothing lam=0.10.
2026-03-19 02:13:57,842 - Server_DefaultID - INFO - Round [76/200] Summary | Avg Client Train Stats:	Loss [-341.5252]	 Acc [82.12]	NLL [-1161.6171]	 KL [13.9630]	AvgS [499.93]	 ProxLoss [0.0000]
GlobalPriorAlpha (first 10): [5.0, 5.0, 5.0, 5.0, 5.0, 5.0, 5.0, 5.0, 5.0, 5.0]
Round Time: 40.90s
2026-03-19 02:13:57,844 - Server_DefaultID - INFO - --- Global Round 77/200 ---
2026-03-19 02:13:57,845 - Server_DefaultID - INFO - Selected 30 active clients for round 77.
2026-03-19 02:13:57,845 - Server_DefaultID - INFO - Training client 16 (1/30)...
2026-03-19 02:13:58,336 - Server_DefaultID - INFO - Client 16: Acc=55.47, Loss=-341.1572, NLL=-1161.7450, KL=13.9635, AvgS=499.99, ProxLoss=0.0000
2026-03-19 02:13:58,336 - Server_DefaultID - INFO - Training client 29 (2/30)...
2026-03-19 02:13:59,359 - Server_DefaultID - INFO - Client 29: Acc=81.02, Loss=-341.3771, NLL=-1161.7470, KL=13.9635, AvgS=499.99, ProxLoss=0.0000
2026-03-19 02:13:59,359 - Server_DefaultID - INFO - Training client 58 (3/30)...
2026-03-19 02:14:00,838 - Server_DefaultID - INFO - Client 58: Acc=80.31, Loss=-340.4040, NLL=-1161.7699, KL=13.9636, AvgS=500.00, ProxLoss=0.0000
2026-03-19 02:14:00,838 - Server_DefaultID - INFO - Training client 24 (4/30)...
2026-03-19 02:14:01,217 - Server_DefaultID - INFO - Client 24: Acc=57.81, Loss=-343.2296, NLL=-1159.9006, KL=13.9562, AvgS=499.19, ProxLoss=0.0000
2026-03-19 02:14:01,217 - Server_DefaultID - INFO - Training client 13 (5/30)...
2026-03-19 02:14:01,555 - Server_DefaultID - INFO - Client 13: Acc=56.88, Loss=-340.9910, NLL=-1161.6354, KL=13.9631, AvgS=499.94, ProxLoss=0.0000
2026-03-19 02:14:01,555 - Server_DefaultID - INFO - Training client 10 (6/30)...
2026-03-19 02:14:02,506 - Server_DefaultID - INFO - Client 10: Acc=36.64, Loss=-342.9350, NLL=-1161.4381, KL=13.9623, AvgS=499.86, ProxLoss=0.0000
2026-03-19 02:14:02,507 - Server_DefaultID - INFO - Training client 48 (7/30)...
2026-03-19 02:14:05,849 - Server_DefaultID - INFO - Client 48: Acc=87.02, Loss=-341.8038, NLL=-1161.7418, KL=13.9635, AvgS=499.99, ProxLoss=0.0000
2026-03-19 02:14:05,849 - Server_DefaultID - INFO - Training client 28 (8/30)...
2026-03-19 02:14:06,237 - Server_DefaultID - INFO - Client 28: Acc=94.06, Loss=-339.7204, NLL=-1156.8518, KL=13.9432, AvgS=497.88, ProxLoss=0.0000
2026-03-19 02:14:06,237 - Server_DefaultID - INFO - Training client 18 (9/30)...
2026-03-19 02:14:09,497 - Server_DefaultID - INFO - Client 18: Acc=85.42, Loss=-341.9069, NLL=-1161.7435, KL=13.9635, AvgS=499.99, ProxLoss=0.0000
2026-03-19 02:14:09,498 - Server_DefaultID - INFO - Training client 17 (10/30)...
2026-03-19 02:14:10,099 - Server_DefaultID - INFO - Client 17: Acc=81.72, Loss=-342.5489, NLL=-1161.3917, KL=13.9621, AvgS=499.84, ProxLoss=0.0000
2026-03-19 02:14:10,100 - Server_DefaultID - INFO - Training client 64 (11/30)...
2026-03-19 02:14:10,490 - Server_DefaultID - INFO - Client 64: Acc=63.12, Loss=-341.4114, NLL=-1159.6216, KL=13.9551, AvgS=499.07, ProxLoss=0.0000
2026-03-19 02:14:10,490 - Server_DefaultID - INFO - Training client 8 (12/30)...
2026-03-19 02:14:11,067 - Server_DefaultID - INFO - Client 8: Acc=87.34, Loss=-341.5205, NLL=-1161.3589, KL=13.9620, AvgS=499.82, ProxLoss=0.0000
2026-03-19 02:14:11,067 - Server_DefaultID - INFO - Training client 70 (13/30)...
2026-03-19 02:14:12,414 - Server_DefaultID - INFO - Client 70: Acc=81.88, Loss=-340.6489, NLL=-1161.6435, KL=13.9631, AvgS=499.95, ProxLoss=0.0000
2026-03-19 02:14:12,414 - Server_DefaultID - INFO - Training client 85 (14/30)...
2026-03-19 02:14:15,168 - Server_DefaultID - INFO - Client 85: Acc=99.77, Loss=-339.3377, NLL=-1161.7583, KL=13.9636, AvgS=500.00, ProxLoss=0.0000
2026-03-19 02:14:15,168 - Server_DefaultID - INFO - Training client 44 (15/30)...
2026-03-19 02:14:17,224 - Server_DefaultID - INFO - Client 44: Acc=90.94, Loss=-341.4231, NLL=-1161.7638, KL=13.9636, AvgS=500.00, ProxLoss=0.0000
2026-03-19 02:14:17,225 - Server_DefaultID - INFO - Training client 4 (16/30)...
2026-03-19 02:14:18,721 - Server_DefaultID - INFO - Client 4: Acc=71.30, Loss=-343.2896, NLL=-1161.7285, KL=13.9635, AvgS=499.98, ProxLoss=0.0000
2026-03-19 02:14:18,721 - Server_DefaultID - INFO - Training client 46 (17/30)...
2026-03-19 02:14:22,036 - Server_DefaultID - INFO - Client 46: Acc=86.91, Loss=-341.6816, NLL=-1161.7280, KL=13.9635, AvgS=499.98, ProxLoss=0.0000
2026-03-19 02:14:22,036 - Server_DefaultID - INFO - Training client 43 (18/30)...
2026-03-19 02:14:24,361 - Server_DefaultID - INFO - Client 43: Acc=83.35, Loss=-341.4774, NLL=-1161.7652, KL=13.9636, AvgS=500.00, ProxLoss=0.0000
2026-03-19 02:14:24,361 - Server_DefaultID - INFO - Training client 68 (19/30)...
2026-03-19 02:14:26,174 - Server_DefaultID - INFO - Client 68: Acc=80.66, Loss=-340.2726, NLL=-1161.7372, KL=13.9635, AvgS=499.99, ProxLoss=0.0000
2026-03-19 02:14:26,174 - Server_DefaultID - INFO - Training client 93 (20/30)...
2026-03-19 02:14:26,736 - Server_DefaultID - INFO - Client 93: Acc=55.78, Loss=-342.1556, NLL=-1161.4872, KL=13.9625, AvgS=499.88, ProxLoss=0.0000
2026-03-19 02:14:26,736 - Server_DefaultID - INFO - Training client 79 (21/30)...
2026-03-19 02:14:27,945 - Server_DefaultID - INFO - Client 79: Acc=93.69, Loss=-340.3463, NLL=-1161.7276, KL=13.9635, AvgS=499.98, ProxLoss=0.0000
2026-03-19 02:14:27,945 - Server_DefaultID - INFO - Training client 45 (22/30)...
2026-03-19 02:14:29,673 - Server_DefaultID - INFO - Client 45: Acc=68.24, Loss=-341.4368, NLL=-1161.7454, KL=13.9635, AvgS=499.99, ProxLoss=0.0000
2026-03-19 02:14:29,673 - Server_DefaultID - INFO - Training client 73 (23/30)...
2026-03-19 02:14:32,190 - Server_DefaultID - INFO - Client 73: Acc=88.17, Loss=-340.9031, NLL=-1161.7624, KL=13.9636, AvgS=500.00, ProxLoss=0.0000
2026-03-19 02:14:32,190 - Server_DefaultID - INFO - Training client 56 (24/30)...
2026-03-19 02:14:33,986 - Server_DefaultID - INFO - Client 56: Acc=85.23, Loss=-341.5013, NLL=-1161.6498, KL=13.9632, AvgS=499.95, ProxLoss=0.0000
2026-03-19 02:14:33,986 - Server_DefaultID - INFO - Training client 57 (25/30)...
2026-03-19 02:14:37,757 - Server_DefaultID - INFO - Client 57: Acc=95.11, Loss=-341.3095, NLL=-1161.7508, KL=13.9635, AvgS=499.99, ProxLoss=0.0000
2026-03-19 02:14:37,757 - Server_DefaultID - INFO - Training client 15 (26/30)...
2026-03-19 02:14:38,321 - Server_DefaultID - INFO - Client 15: Acc=64.22, Loss=-342.1071, NLL=-1161.6607, KL=13.9632, AvgS=499.95, ProxLoss=0.0000
2026-03-19 02:14:38,321 - Server_DefaultID - INFO - Training client 75 (27/30)...
2026-03-19 02:14:40,049 - Server_DefaultID - INFO - Client 75: Acc=91.84, Loss=-340.6487, NLL=-1161.7699, KL=13.9636, AvgS=500.00, ProxLoss=0.0000
2026-03-19 02:14:40,049 - Server_DefaultID - INFO - Training client 51 (28/30)...
2026-03-19 02:14:40,711 - Server_DefaultID - INFO - Client 51: Acc=54.06, Loss=-343.4850, NLL=-1161.2618, KL=13.9617, AvgS=499.78, ProxLoss=0.0000
2026-03-19 02:14:40,711 - Server_DefaultID - INFO - Training client 98 (29/30)...
2026-03-19 02:14:41,566 - Server_DefaultID - INFO - Client 98: Acc=89.17, Loss=-340.2581, NLL=-1161.6278, KL=13.9631, AvgS=499.94, ProxLoss=0.0000
2026-03-19 02:14:41,566 - Server_DefaultID - INFO - Training client 9 (30/30)...
2026-03-19 02:14:43,229 - Server_DefaultID - INFO - Client 9: Acc=97.46, Loss=-340.4824, NLL=-1161.7016, KL=13.9634, AvgS=499.97, ProxLoss=0.0000
2026-03-19 02:14:43,338 - Server_DefaultID - WARNING - Global prior extremely imbalanced (max/min=1.0), applied adaptive smoothing lam=0.10.
2026-03-19 02:14:43,338 - Server_DefaultID - INFO - Round [77/200] Summary | Avg Client Train Stats:	Loss [-341.2362]	 Acc [83.93]	NLL [-1161.6398]	 KL [13.9631]	AvgS [499.94]	 ProxLoss [0.0000]
GlobalPriorAlpha (first 10): [5.0, 5.0, 5.0, 5.0, 5.0, 5.0, 5.0, 5.0, 5.0, 5.0]
Round Time: 45.49s
2026-03-19 02:14:43,340 - Server_DefaultID - INFO - --- Global Round 78/200 ---
2026-03-19 02:14:43,341 - Server_DefaultID - INFO - Selected 30 active clients for round 78.
2026-03-19 02:14:43,341 - Server_DefaultID - INFO - Training client 71 (1/30)...
2026-03-19 02:14:43,941 - Server_DefaultID - INFO - Client 71: Acc=72.97, Loss=-342.5259, NLL=-1161.5685, KL=13.9629, AvgS=499.91, ProxLoss=0.0000
2026-03-19 02:14:43,941 - Server_DefaultID - INFO - Training client 49 (2/30)...
2026-03-19 02:14:45,562 - Server_DefaultID - INFO - Client 49: Acc=81.74, Loss=-341.4224, NLL=-1161.7629, KL=13.9636, AvgS=500.00, ProxLoss=0.0000
2026-03-19 02:14:45,562 - Server_DefaultID - INFO - Training client 15 (3/30)...
2026-03-19 02:14:46,153 - Server_DefaultID - INFO - Client 15: Acc=68.44, Loss=-341.9424, NLL=-1161.6606, KL=13.9632, AvgS=499.95, ProxLoss=0.0000
2026-03-19 02:14:46,153 - Server_DefaultID - INFO - Training client 95 (4/30)...
2026-03-19 02:14:48,151 - Server_DefaultID - INFO - Client 95: Acc=68.51, Loss=-340.6180, NLL=-1161.7429, KL=13.9635, AvgS=499.99, ProxLoss=0.0000
2026-03-19 02:14:48,151 - Server_DefaultID - INFO - Training client 45 (5/30)...
2026-03-19 02:14:49,832 - Server_DefaultID - INFO - Client 45: Acc=69.77, Loss=-341.4069, NLL=-1161.7612, KL=13.9636, AvgS=500.00, ProxLoss=0.0000
2026-03-19 02:14:49,832 - Server_DefaultID - INFO - Training client 20 (6/30)...
2026-03-19 02:14:51,074 - Server_DefaultID - INFO - Client 20: Acc=64.64, Loss=-343.8423, NLL=-1161.7399, KL=13.9635, AvgS=499.99, ProxLoss=0.0000
2026-03-19 02:14:51,074 - Server_DefaultID - INFO - Training client 67 (7/30)...
2026-03-19 02:14:52,394 - Server_DefaultID - INFO - Client 67: Acc=76.41, Loss=-342.5139, NLL=-1161.7256, KL=13.9635, AvgS=499.98, ProxLoss=0.0000
2026-03-19 02:14:52,394 - Server_DefaultID - INFO - Training client 30 (8/30)...
2026-03-19 02:14:55,546 - Server_DefaultID - INFO - Client 30: Acc=91.48, Loss=-340.3308, NLL=-1161.7350, KL=13.9635, AvgS=499.98, ProxLoss=0.0000
2026-03-19 02:14:55,547 - Server_DefaultID - INFO - Training client 48 (9/30)...
2026-03-19 02:14:59,336 - Server_DefaultID - INFO - Client 48: Acc=86.80, Loss=-341.8661, NLL=-1161.7664, KL=13.9636, AvgS=500.00, ProxLoss=0.0000
2026-03-19 02:14:59,336 - Server_DefaultID - INFO - Training client 74 (10/30)...
2026-03-19 02:15:00,420 - Server_DefaultID - INFO - Client 74: Acc=66.02, Loss=-341.6636, NLL=-1161.7046, KL=13.9634, AvgS=499.97, ProxLoss=0.0000
2026-03-19 02:15:00,420 - Server_DefaultID - INFO - Training client 19 (11/30)...
2026-03-19 02:15:03,562 - Server_DefaultID - INFO - Client 19: Acc=95.62, Loss=-340.2782, NLL=-1161.7416, KL=13.9635, AvgS=499.99, ProxLoss=0.0000
2026-03-19 02:15:03,562 - Server_DefaultID - INFO - Training client 62 (12/30)...
2026-03-19 02:15:04,250 - Server_DefaultID - INFO - Client 62: Acc=88.75, Loss=-342.4499, NLL=-1161.7394, KL=13.9635, AvgS=499.99, ProxLoss=0.0000
2026-03-19 02:15:04,250 - Server_DefaultID - INFO - Training client 64 (13/30)...
2026-03-19 02:15:04,592 - Server_DefaultID - INFO - Client 64: Acc=66.56, Loss=-341.1856, NLL=-1159.0494, KL=13.9526, AvgS=498.83, ProxLoss=0.0000
2026-03-19 02:15:04,592 - Server_DefaultID - INFO - Training client 79 (14/30)...
2026-03-19 02:15:05,925 - Server_DefaultID - INFO - Client 79: Acc=93.88, Loss=-340.2733, NLL=-1161.7642, KL=13.9636, AvgS=500.00, ProxLoss=0.0000
2026-03-19 02:15:05,925 - Server_DefaultID - INFO - Training client 77 (15/30)...
2026-03-19 02:15:09,401 - Server_DefaultID - INFO - Client 77: Acc=92.85, Loss=-341.3874, NLL=-1161.7129, KL=13.9634, AvgS=499.98, ProxLoss=0.0000
2026-03-19 02:15:09,401 - Server_DefaultID - INFO - Training client 24 (16/30)...
2026-03-19 02:15:09,847 - Server_DefaultID - INFO - Client 24: Acc=51.25, Loss=-343.0615, NLL=-1159.9083, KL=13.9562, AvgS=499.20, ProxLoss=0.0000
2026-03-19 02:15:09,847 - Server_DefaultID - INFO - Training client 28 (17/30)...
2026-03-19 02:15:10,230 - Server_DefaultID - INFO - Client 28: Acc=95.94, Loss=-340.2272, NLL=-1160.5779, KL=13.9589, AvgS=499.49, ProxLoss=0.0000
2026-03-19 02:15:10,230 - Server_DefaultID - INFO - Training client 80 (18/30)...
2026-03-19 02:15:10,605 - Server_DefaultID - INFO - Client 80: Acc=66.25, Loss=-342.5694, NLL=-1161.4733, KL=13.9625, AvgS=499.87, ProxLoss=0.0000
2026-03-19 02:15:10,605 - Server_DefaultID - INFO - Training client 53 (19/30)...
2026-03-19 02:15:13,025 - Server_DefaultID - INFO - Client 53: Acc=96.88, Loss=-341.0274, NLL=-1161.7664, KL=13.9636, AvgS=500.00, ProxLoss=0.0000
2026-03-19 02:15:13,025 - Server_DefaultID - INFO - Training client 68 (20/30)...
2026-03-19 02:15:15,233 - Server_DefaultID - INFO - Client 68: Acc=80.62, Loss=-340.2069, NLL=-1161.6650, KL=13.9632, AvgS=499.95, ProxLoss=0.0000
2026-03-19 02:15:15,233 - Server_DefaultID - INFO - Training client 72 (21/30)...
2026-03-19 02:15:16,345 - Server_DefaultID - INFO - Client 72: Acc=95.00, Loss=-340.8684, NLL=-1161.7355, KL=13.9635, AvgS=499.99, ProxLoss=0.0000
2026-03-19 02:15:16,345 - Server_DefaultID - INFO - Training client 56 (22/30)...
2026-03-19 02:15:18,192 - Server_DefaultID - INFO - Client 56: Acc=86.76, Loss=-341.5069, NLL=-1161.7215, KL=13.9634, AvgS=499.98, ProxLoss=0.0000
2026-03-19 02:15:18,192 - Server_DefaultID - INFO - Training client 44 (23/30)...
2026-03-19 02:15:20,235 - Server_DefaultID - INFO - Client 44: Acc=91.28, Loss=-341.3503, NLL=-1161.7553, KL=13.9636, AvgS=499.99, ProxLoss=0.0000
2026-03-19 02:15:20,235 - Server_DefaultID - INFO - Training client 3 (24/30)...
2026-03-19 02:15:21,676 - Server_DefaultID - INFO - Client 3: Acc=64.74, Loss=-343.4967, NLL=-1161.7433, KL=13.9635, AvgS=499.99, ProxLoss=0.0000
2026-03-19 02:15:21,677 - Server_DefaultID - INFO - Training client 93 (25/30)...
2026-03-19 02:15:22,290 - Server_DefaultID - INFO - Client 93: Acc=54.06, Loss=-342.3971, NLL=-1161.6573, KL=13.9632, AvgS=499.95, ProxLoss=0.0000
2026-03-19 02:15:22,290 - Server_DefaultID - INFO - Training client 84 (26/30)...
2026-03-19 02:15:22,653 - Server_DefaultID - INFO - Client 84: Acc=86.79, Loss=-339.7146, NLL=-1156.8603, KL=13.9440, AvgS=497.88, ProxLoss=0.0000
2026-03-19 02:15:22,653 - Server_DefaultID - INFO - Training client 38 (27/30)...
2026-03-19 02:15:23,322 - Server_DefaultID - INFO - Client 38: Acc=57.03, Loss=-343.6695, NLL=-1161.5606, KL=13.9628, AvgS=499.91, ProxLoss=0.0000
2026-03-19 02:15:23,322 - Server_DefaultID - INFO - Training client 76 (28/30)...
2026-03-19 02:15:25,342 - Server_DefaultID - INFO - Client 76: Acc=76.56, Loss=-343.3521, NLL=-1161.7510, KL=13.9636, AvgS=499.99, ProxLoss=0.0000
2026-03-19 02:15:25,342 - Server_DefaultID - INFO - Training client 63 (29/30)...
2026-03-19 02:15:27,756 - Server_DefaultID - INFO - Client 63: Acc=74.69, Loss=-341.6859, NLL=-1161.6946, KL=13.9633, AvgS=499.97, ProxLoss=0.0000
2026-03-19 02:15:27,756 - Server_DefaultID - INFO - Training client 78 (30/30)...
2026-03-19 02:15:34,301 - Server_DefaultID - INFO - Client 78: Acc=93.62, Loss=-341.6290, NLL=-1161.7399, KL=13.9635, AvgS=499.99, ProxLoss=0.0000
2026-03-19 02:15:34,479 - Server_DefaultID - WARNING - Global prior extremely imbalanced (max/min=1.0), applied adaptive smoothing lam=0.10.
2026-03-19 02:15:34,479 - Server_DefaultID - INFO - Round [78/200] Summary | Avg Client Train Stats:	Loss [-341.5357]	 Acc [83.81]	NLL [-1161.6692]	 KL [13.9632]	AvgS [499.96]	 ProxLoss [0.0000]
GlobalPriorAlpha (first 10): [5.0, 5.0, 5.0, 5.0, 5.0, 5.0, 5.0, 5.0, 5.0, 5.0]
Round Time: 51.14s
2026-03-19 02:15:34,482 - Server_DefaultID - INFO - --- Global Round 79/200 ---
2026-03-19 02:15:34,483 - Server_DefaultID - INFO - Selected 30 active clients for round 79.
2026-03-19 02:15:34,483 - Server_DefaultID - INFO - Training client 22 (1/30)...
2026-03-19 02:15:35,051 - Server_DefaultID - INFO - Client 22: Acc=92.03, Loss=-342.1188, NLL=-1161.7699, KL=13.9636, AvgS=500.00, ProxLoss=0.0000
2026-03-19 02:15:35,051 - Server_DefaultID - INFO - Training client 32 (2/30)...
2026-03-19 02:15:36,575 - Server_DefaultID - INFO - Client 32: Acc=85.21, Loss=-342.0787, NLL=-1161.6945, KL=13.9633, AvgS=499.97, ProxLoss=0.0000
2026-03-19 02:15:36,575 - Server_DefaultID - INFO - Training client 61 (3/30)...
2026-03-19 02:15:37,902 - Server_DefaultID - INFO - Client 61: Acc=71.31, Loss=-343.4065, NLL=-1161.6506, KL=13.9632, AvgS=499.95, ProxLoss=0.0000
2026-03-19 02:15:37,902 - Server_DefaultID - INFO - Training client 80 (4/30)...
2026-03-19 02:15:38,250 - Server_DefaultID - INFO - Client 80: Acc=68.12, Loss=-341.9565, NLL=-1161.5473, KL=13.9628, AvgS=499.90, ProxLoss=0.0000
2026-03-19 02:15:38,250 - Server_DefaultID - INFO - Training client 77 (5/30)...
2026-03-19 02:15:41,926 - Server_DefaultID - INFO - Client 77: Acc=92.44, Loss=-341.3031, NLL=-1161.7373, KL=13.9635, AvgS=499.99, ProxLoss=0.0000
2026-03-19 02:15:41,926 - Server_DefaultID - INFO - Training client 84 (6/30)...
2026-03-19 02:15:42,401 - Server_DefaultID - INFO - Client 84: Acc=86.79, Loss=-340.2581, NLL=-1159.3623, KL=13.9540, AvgS=498.96, ProxLoss=0.0000
2026-03-19 02:15:42,401 - Server_DefaultID - INFO - Training client 98 (7/30)...
2026-03-19 02:15:43,287 - Server_DefaultID - INFO - Client 98: Acc=90.42, Loss=-340.2206, NLL=-1161.6864, KL=13.9633, AvgS=499.96, ProxLoss=0.0000
2026-03-19 02:15:43,288 - Server_DefaultID - INFO - Training client 39 (8/30)...
2026-03-19 02:15:47,274 - Server_DefaultID - INFO - Client 39: Acc=78.73, Loss=-341.6472, NLL=-1161.7631, KL=13.9636, AvgS=500.00, ProxLoss=0.0000
2026-03-19 02:15:47,274 - Server_DefaultID - INFO - Training client 68 (9/30)...
2026-03-19 02:15:49,767 - Server_DefaultID - INFO - Client 68: Acc=81.32, Loss=-340.2087, NLL=-1161.7595, KL=13.9636, AvgS=500.00, ProxLoss=0.0000
2026-03-19 02:15:49,767 - Server_DefaultID - INFO - Training client 45 (10/30)...
2026-03-19 02:15:51,974 - Server_DefaultID - INFO - Client 45: Acc=68.75, Loss=-341.3455, NLL=-1161.7500, KL=13.9635, AvgS=499.99, ProxLoss=0.0000
2026-03-19 02:15:51,975 - Server_DefaultID - INFO - Training client 96 (11/30)...
2026-03-19 02:15:54,445 - Server_DefaultID - INFO - Client 96: Acc=81.67, Loss=-341.6514, NLL=-1161.7495, KL=13.9635, AvgS=499.99, ProxLoss=0.0000
2026-03-19 02:15:54,445 - Server_DefaultID - INFO - Training client 70 (12/30)...
2026-03-19 02:15:55,855 - Server_DefaultID - INFO - Client 70: Acc=80.81, Loss=-340.5003, NLL=-1161.4708, KL=13.9624, AvgS=499.87, ProxLoss=0.0000
2026-03-19 02:15:55,855 - Server_DefaultID - INFO - Training client 30 (13/30)...
2026-03-19 02:15:57,989 - Server_DefaultID - INFO - Client 30: Acc=91.88, Loss=-340.3043, NLL=-1161.7699, KL=13.9636, AvgS=500.00, ProxLoss=0.0000
2026-03-19 02:15:57,989 - Server_DefaultID - INFO - Training client 0 (14/30)...
2026-03-19 02:15:58,411 - Server_DefaultID - INFO - Client 0: Acc=34.38, Loss=-341.4466, NLL=-1160.5076, KL=13.9585, AvgS=499.46, ProxLoss=0.0000
2026-03-19 02:15:58,411 - Server_DefaultID - INFO - Training client 95 (15/30)...
2026-03-19 02:16:02,120 - Server_DefaultID - INFO - Client 95: Acc=69.20, Loss=-340.5349, NLL=-1161.7699, KL=13.9636, AvgS=500.00, ProxLoss=0.0000
2026-03-19 02:16:02,120 - Server_DefaultID - INFO - Training client 69 (16/30)...
2026-03-19 02:16:02,853 - Server_DefaultID - INFO - Client 69: Acc=56.41, Loss=-342.3125, NLL=-1160.9226, KL=13.9601, AvgS=499.63, ProxLoss=0.0000
2026-03-19 02:16:02,853 - Server_DefaultID - INFO - Training client 60 (17/30)...
2026-03-19 02:16:03,770 - Server_DefaultID - INFO - Client 60: Acc=72.29, Loss=-340.9325, NLL=-1161.7699, KL=13.9636, AvgS=500.00, ProxLoss=0.0000
2026-03-19 02:16:03,771 - Server_DefaultID - INFO - Training client 83 (18/30)...
2026-03-19 02:16:06,553 - Server_DefaultID - INFO - Client 83: Acc=99.69, Loss=-339.2949, NLL=-1161.7699, KL=13.9636, AvgS=500.00, ProxLoss=0.0000
2026-03-19 02:16:06,553 - Server_DefaultID - INFO - Training client 65 (19/30)...
2026-03-19 02:16:07,000 - Server_DefaultID - INFO - Client 65: Acc=34.69, Loss=-333.8714, NLL=-1134.5010, KL=13.8532, AvgS=488.21, ProxLoss=0.0000
2026-03-19 02:16:07,000 - Server_DefaultID - INFO - Training client 41 (20/30)...
2026-03-19 02:16:09,218 - Server_DefaultID - INFO - Client 41: Acc=80.90, Loss=-340.8853, NLL=-1161.7625, KL=13.9636, AvgS=500.00, ProxLoss=0.0000
2026-03-19 02:16:09,219 - Server_DefaultID - INFO - Training client 58 (21/30)...
2026-03-19 02:16:11,124 - Server_DefaultID - INFO - Client 58: Acc=79.33, Loss=-340.3373, NLL=-1161.7577, KL=13.9636, AvgS=499.99, ProxLoss=0.0000
2026-03-19 02:16:11,124 - Server_DefaultID - INFO - Training client 81 (22/30)...
2026-03-19 02:16:13,269 - Server_DefaultID - INFO - Client 81: Acc=77.14, Loss=-341.5287, NLL=-1161.7634, KL=13.9636, AvgS=500.00, ProxLoss=0.0000
2026-03-19 02:16:13,269 - Server_DefaultID - INFO - Training client 46 (23/30)...
2026-03-19 02:16:15,471 - Server_DefaultID - INFO - Client 46: Acc=86.72, Loss=-341.6415, NLL=-1161.7496, KL=13.9635, AvgS=499.99, ProxLoss=0.0000
2026-03-19 02:16:15,471 - Server_DefaultID - INFO - Training client 33 (24/30)...
2026-03-19 02:16:17,531 - Server_DefaultID - INFO - Client 33: Acc=59.64, Loss=-342.9844, NLL=-1161.7353, KL=13.9635, AvgS=499.99, ProxLoss=0.0000
2026-03-19 02:16:17,531 - Server_DefaultID - INFO - Training client 25 (25/30)...
2026-03-19 02:16:18,269 - Server_DefaultID - INFO - Client 25: Acc=95.31, Loss=-341.7870, NLL=-1161.5119, KL=13.9626, AvgS=499.89, ProxLoss=0.0000
2026-03-19 02:16:18,269 - Server_DefaultID - INFO - Training client 2 (26/30)...
2026-03-19 02:16:20,853 - Server_DefaultID - INFO - Client 2: Acc=79.38, Loss=-341.7049, NLL=-1161.7528, KL=13.9636, AvgS=499.99, ProxLoss=0.0000
2026-03-19 02:16:20,853 - Server_DefaultID - INFO - Training client 16 (27/30)...
2026-03-19 02:16:21,532 - Server_DefaultID - INFO - Client 16: Acc=55.78, Loss=-340.9182, NLL=-1161.0651, KL=13.9606, AvgS=499.70, ProxLoss=0.0000
2026-03-19 02:16:21,532 - Server_DefaultID - INFO - Training client 51 (28/30)...
2026-03-19 02:16:22,283 - Server_DefaultID - INFO - Client 51: Acc=55.16, Loss=-343.3788, NLL=-1161.6746, KL=13.9633, AvgS=499.96, ProxLoss=0.0000
2026-03-19 02:16:22,284 - Server_DefaultID - INFO - Training client 93 (29/30)...
2026-03-19 02:16:22,968 - Server_DefaultID - INFO - Client 93: Acc=56.25, Loss=-342.3501, NLL=-1161.5646, KL=13.9628, AvgS=499.91, ProxLoss=0.0000
2026-03-19 02:16:22,968 - Server_DefaultID - INFO - Training client 66 (30/30)...
2026-03-19 02:16:25,184 - Server_DefaultID - INFO - Client 66: Acc=88.08, Loss=-341.0039, NLL=-1161.6634, KL=13.9632, AvgS=499.95, ProxLoss=0.0000
2026-03-19 02:16:25,491 - Server_DefaultID - WARNING - Global prior extremely imbalanced (max/min=1.0), applied adaptive smoothing lam=0.10.
2026-03-19 02:16:25,491 - Server_DefaultID - INFO - Round [79/200] Summary | Avg Client Train Stats:	Loss [-341.1975]	 Acc [79.91]	NLL [-1161.5379]	 KL [13.9627]	AvgS [499.90]	 ProxLoss [0.0000]
GlobalPriorAlpha (first 10): [5.0, 5.0, 5.0, 5.0, 5.0, 5.0, 5.0, 5.0, 5.0, 5.0]
Round Time: 51.01s
2026-03-19 02:16:25,494 - Server_DefaultID - INFO - --- Global Round 80/200 ---
2026-03-19 02:16:25,494 - Server_DefaultID - INFO - Selected 30 active clients for round 80.
2026-03-19 02:16:25,494 - Server_DefaultID - INFO - Training client 82 (1/30)...
2026-03-19 02:16:26,964 - Server_DefaultID - INFO - Client 82: Acc=92.06, Loss=-341.3559, NLL=-1161.7682, KL=13.9636, AvgS=500.00, ProxLoss=0.0000
2026-03-19 02:16:26,964 - Server_DefaultID - INFO - Training client 71 (2/30)...
2026-03-19 02:16:27,618 - Server_DefaultID - INFO - Client 71: Acc=74.84, Loss=-342.6185, NLL=-1161.7262, KL=13.9635, AvgS=499.98, ProxLoss=0.0000
2026-03-19 02:16:27,618 - Server_DefaultID - INFO - Training client 12 (3/30)...
2026-03-19 02:16:29,096 - Server_DefaultID - INFO - Client 12: Acc=74.69, Loss=-343.1782, NLL=-1161.7669, KL=13.9636, AvgS=500.00, ProxLoss=0.0000
2026-03-19 02:16:29,096 - Server_DefaultID - INFO - Training client 38 (4/30)...
2026-03-19 02:16:29,720 - Server_DefaultID - INFO - Client 38: Acc=58.59, Loss=-343.6947, NLL=-1161.5465, KL=13.9628, AvgS=499.90, ProxLoss=0.0000
2026-03-19 02:16:29,720 - Server_DefaultID - INFO - Training client 51 (5/30)...
2026-03-19 02:16:30,413 - Server_DefaultID - INFO - Client 51: Acc=51.88, Loss=-343.2654, NLL=-1161.2754, KL=13.9616, AvgS=499.79, ProxLoss=0.0000
2026-03-19 02:16:30,413 - Server_DefaultID - INFO - Training client 80 (6/30)...
2026-03-19 02:16:30,841 - Server_DefaultID - INFO - Client 80: Acc=67.50, Loss=-342.0533, NLL=-1159.7549, KL=13.9550, AvgS=499.13, ProxLoss=0.0000
2026-03-19 02:16:30,841 - Server_DefaultID - INFO - Training client 85 (7/30)...
2026-03-19 02:16:35,396 - Server_DefaultID - INFO - Client 85: Acc=99.74, Loss=-339.1576, NLL=-1161.7330, KL=13.9635, AvgS=499.98, ProxLoss=0.0000
2026-03-19 02:16:35,396 - Server_DefaultID - INFO - Training client 74 (8/30)...
2026-03-19 02:16:36,508 - Server_DefaultID - INFO - Client 74: Acc=62.58, Loss=-341.7247, NLL=-1161.7289, KL=13.9635, AvgS=499.98, ProxLoss=0.0000
2026-03-19 02:16:36,508 - Server_DefaultID - INFO - Training client 26 (9/30)...
2026-03-19 02:16:40,926 - Server_DefaultID - INFO - Client 26: Acc=96.43, Loss=-340.7067, NLL=-1161.7481, KL=13.9635, AvgS=499.99, ProxLoss=0.0000
2026-03-19 02:16:40,926 - Server_DefaultID - INFO - Training client 33 (10/30)...
2026-03-19 02:16:42,936 - Server_DefaultID - INFO - Client 33: Acc=59.46, Loss=-343.0334, NLL=-1161.7663, KL=13.9636, AvgS=500.00, ProxLoss=0.0000
2026-03-19 02:16:42,936 - Server_DefaultID - INFO - Training client 6 (11/30)...
2026-03-19 02:16:43,897 - Server_DefaultID - INFO - Client 6: Acc=57.08, Loss=-341.3676, NLL=-1161.6960, KL=13.9633, AvgS=499.97, ProxLoss=0.0000
2026-03-19 02:16:43,897 - Server_DefaultID - INFO - Training client 21 (12/30)...
2026-03-19 02:16:46,003 - Server_DefaultID - INFO - Client 21: Acc=66.64, Loss=-343.1072, NLL=-1161.7570, KL=13.9636, AvgS=499.99, ProxLoss=0.0000
2026-03-19 02:16:46,003 - Server_DefaultID - INFO - Training client 56 (13/30)...
2026-03-19 02:16:48,154 - Server_DefaultID - INFO - Client 56: Acc=85.43, Loss=-341.3887, NLL=-1161.7157, KL=13.9634, AvgS=499.98, ProxLoss=0.0000
2026-03-19 02:16:48,154 - Server_DefaultID - INFO - Training client 63 (14/30)...
2026-03-19 02:16:49,703 - Server_DefaultID - INFO - Client 63: Acc=73.31, Loss=-341.7642, NLL=-1161.7490, KL=13.9635, AvgS=499.99, ProxLoss=0.0000
2026-03-19 02:16:49,703 - Server_DefaultID - INFO - Training client 29 (15/30)...
2026-03-19 02:16:50,833 - Server_DefaultID - INFO - Client 29: Acc=81.17, Loss=-341.2335, NLL=-1161.7290, KL=13.9635, AvgS=499.98, ProxLoss=0.0000
2026-03-19 02:16:50,834 - Server_DefaultID - INFO - Training client 78 (16/30)...
2026-03-19 02:16:58,567 - Server_DefaultID - INFO - Client 78: Acc=93.31, Loss=-341.5512, NLL=-1161.7566, KL=13.9636, AvgS=499.99, ProxLoss=0.0000
2026-03-19 02:16:58,567 - Server_DefaultID - INFO - Training client 23 (17/30)...
2026-03-19 02:16:59,087 - Server_DefaultID - INFO - Client 23: Acc=70.85, Loss=-310.8707, NLL=-1063.0141, KL=13.5482, AvgS=457.36, ProxLoss=0.0000
2026-03-19 02:16:59,087 - Server_DefaultID - INFO - Training client 5 (18/30)...
2026-03-19 02:16:59,528 - Server_DefaultID - INFO - Client 5: Acc=69.69, Loss=-342.2497, NLL=-1159.9698, KL=13.9566, AvgS=499.23, ProxLoss=0.0000
2026-03-19 02:16:59,528 - Server_DefaultID - INFO - Training client 81 (19/30)...
2026-03-19 02:17:01,571 - Server_DefaultID - INFO - Client 81: Acc=77.77, Loss=-341.5345, NLL=-1161.7529, KL=13.9636, AvgS=499.99, ProxLoss=0.0000
2026-03-19 02:17:01,571 - Server_DefaultID - INFO - Training client 8 (20/30)...
2026-03-19 02:17:02,316 - Server_DefaultID - INFO - Client 8: Acc=88.12, Loss=-341.2785, NLL=-1161.7203, KL=13.9634, AvgS=499.98, ProxLoss=0.0000
2026-03-19 02:17:02,316 - Server_DefaultID - INFO - Training client 34 (21/30)...
2026-03-19 02:17:03,278 - Server_DefaultID - INFO - Client 34: Acc=76.25, Loss=-341.9691, NLL=-1161.2297, KL=13.9614, AvgS=499.77, ProxLoss=0.0000
2026-03-19 02:17:03,278 - Server_DefaultID - INFO - Training client 41 (22/30)...
2026-03-19 02:17:05,555 - Server_DefaultID - INFO - Client 41: Acc=79.96, Loss=-340.8982, NLL=-1161.7699, KL=13.9636, AvgS=500.00, ProxLoss=0.0000
2026-03-19 02:17:05,555 - Server_DefaultID - INFO - Training client 40 (23/30)...
2026-03-19 02:17:08,491 - Server_DefaultID - INFO - Client 40: Acc=69.95, Loss=-343.0124, NLL=-1161.7296, KL=13.9635, AvgS=499.98, ProxLoss=0.0000
2026-03-19 02:17:08,491 - Server_DefaultID - INFO - Training client 20 (24/30)...
2026-03-19 02:17:10,267 - Server_DefaultID - INFO - Client 20: Acc=64.95, Loss=-343.7584, NLL=-1161.7445, KL=13.9635, AvgS=499.99, ProxLoss=0.0000
2026-03-19 02:17:10,267 - Server_DefaultID - INFO - Training client 70 (25/30)...
2026-03-19 02:17:11,757 - Server_DefaultID - INFO - Client 70: Acc=82.31, Loss=-340.5112, NLL=-1161.7079, KL=13.9634, AvgS=499.97, ProxLoss=0.0000
2026-03-19 02:17:11,757 - Server_DefaultID - INFO - Training client 73 (26/30)...
2026-03-19 02:17:15,138 - Server_DefaultID - INFO - Client 73: Acc=88.05, Loss=-340.8034, NLL=-1161.7456, KL=13.9635, AvgS=499.99, ProxLoss=0.0000
2026-03-19 02:17:15,138 - Server_DefaultID - INFO - Training client 18 (27/30)...
2026-03-19 02:17:19,072 - Server_DefaultID - INFO - Client 18: Acc=86.75, Loss=-341.8550, NLL=-1161.7659, KL=13.9636, AvgS=500.00, ProxLoss=0.0000
2026-03-19 02:17:19,072 - Server_DefaultID - INFO - Training client 92 (28/30)...
2026-03-19 02:17:20,247 - Server_DefaultID - INFO - Client 92: Acc=95.16, Loss=-341.4871, NLL=-1161.7075, KL=13.9634, AvgS=499.97, ProxLoss=0.0000
2026-03-19 02:17:20,248 - Server_DefaultID - INFO - Training client 95 (29/30)...
2026-03-19 02:17:22,674 - Server_DefaultID - INFO - Client 95: Acc=69.20, Loss=-340.5734, NLL=-1161.7067, KL=13.9634, AvgS=499.97, ProxLoss=0.0000
2026-03-19 02:17:22,674 - Server_DefaultID - INFO - Training client 46 (30/30)...
2026-03-19 02:17:24,886 - Server_DefaultID - INFO - Client 46: Acc=85.74, Loss=-341.5823, NLL=-1161.7211, KL=13.9634, AvgS=499.98, ProxLoss=0.0000
2026-03-19 02:17:25,159 - Server_DefaultID - WARNING - Global prior extremely imbalanced (max/min=1.0), applied adaptive smoothing lam=0.10.
2026-03-19 02:17:25,159 - Server_DefaultID - INFO - Round [80/200] Summary | Avg Client Train Stats:	Loss [-341.4026]	 Acc [82.23]	NLL [-1161.2857]	 KL [13.9616]	AvgS [499.79]	 ProxLoss [0.0000]
GlobalPriorAlpha (first 10): [5.0, 5.0, 5.0, 5.0, 5.0, 5.0, 5.0, 5.0, 5.0, 5.0]
Round Time: 59.67s
2026-03-19 02:17:25,159 - Server_DefaultID - INFO - --- Evaluating models at round 80 ---
2026-03-19 02:18:34,678 - Server_DefaultID - INFO - Global Model Evaluation (Round 80): 
  Avg Test Acc: 66.50%
  Avg Test Acc Softmax: 66.50%
  Avg Test Loss: -1139.7193
  Avg Test NLL: -1156.6213
  Avg Test KL (vs flat prior): 13.9407
  Avg Test S: 497.78
2026-03-19 02:19:43,010 - Server_DefaultID - INFO - Personalized Model Evaluation (Round 80): 
  Avg Test Acc: 67.40%
  Avg Test Acc Softmax: 67.40%
  Avg Test Loss: -1141.5002
  Avg Test NLL: -1158.4169
  Avg Test KL (vs flat prior): 13.9491
  Avg Test S: 498.55
2026-03-19 02:19:43,010 - Server_DefaultID - INFO - [Metric 1] Personalized Brier Score | Mean: 0.4706
2026-03-19 02:19:43,010 - Server_DefaultID - INFO - [Metric 1] Personalized ECE | Mean: 0.1602
2026-03-19 02:19:43,010 - Server_DefaultID - INFO - [OOD Eval] OOD AUC-ROC (Epistemic): 0.0104
2026-03-19 02:19:43,010 - Server_DefaultID - INFO - [Metric 4] OOD FPR@95%TPR: 0.9973
2026-03-19 02:19:44,449 - Server_DefaultID - INFO - --- Global Round 81/200 ---
2026-03-19 02:19:44,449 - Server_DefaultID - INFO - Selected 30 active clients for round 81.
2026-03-19 02:19:44,449 - Server_DefaultID - INFO - Training client 7 (1/30)...
2026-03-19 02:19:46,198 - Server_DefaultID - INFO - Client 7: Acc=48.23, Loss=-341.5866, NLL=-1161.7349, KL=13.9635, AvgS=499.98, ProxLoss=0.0000
2026-03-19 02:19:46,198 - Server_DefaultID - INFO - Training client 1 (2/30)...
2026-03-19 02:19:46,916 - Server_DefaultID - INFO - Client 1: Acc=44.69, Loss=-341.7872, NLL=-1161.5681, KL=13.9629, AvgS=499.91, ProxLoss=0.0000
2026-03-19 02:19:46,916 - Server_DefaultID - INFO - Training client 44 (3/30)...
2026-03-19 02:19:49,383 - Server_DefaultID - INFO - Client 44: Acc=90.31, Loss=-341.2852, NLL=-1161.7554, KL=13.9636, AvgS=499.99, ProxLoss=0.0000
2026-03-19 02:19:49,383 - Server_DefaultID - INFO - Training client 34 (4/30)...
2026-03-19 02:19:50,319 - Server_DefaultID - INFO - Client 34: Acc=76.88, Loss=-342.3578, NLL=-1161.7699, KL=13.9636, AvgS=500.00, ProxLoss=0.0000
2026-03-19 02:19:50,319 - Server_DefaultID - INFO - Training client 25 (5/30)...
2026-03-19 02:19:51,124 - Server_DefaultID - INFO - Client 25: Acc=95.31, Loss=-341.1094, NLL=-1161.1793, KL=13.9613, AvgS=499.75, ProxLoss=0.0000
2026-03-19 02:19:51,124 - Server_DefaultID - INFO - Training client 32 (6/30)...
2026-03-19 02:19:53,008 - Server_DefaultID - INFO - Client 32: Acc=85.31, Loss=-342.0618, NLL=-1161.7689, KL=13.9636, AvgS=500.00, ProxLoss=0.0000
2026-03-19 02:19:53,009 - Server_DefaultID - INFO - Training client 13 (7/30)...
2026-03-19 02:19:53,458 - Server_DefaultID - INFO - Client 13: Acc=50.94, Loss=-340.6626, NLL=-1161.5687, KL=13.9628, AvgS=499.91, ProxLoss=0.0000
2026-03-19 02:19:53,458 - Server_DefaultID - INFO - Training client 31 (8/30)...
2026-03-19 02:19:57,077 - Server_DefaultID - INFO - Client 31: Acc=81.32, Loss=-341.3822, NLL=-1161.7692, KL=13.9636, AvgS=500.00, ProxLoss=0.0000
2026-03-19 02:19:57,077 - Server_DefaultID - INFO - Training client 12 (9/30)...
2026-03-19 02:19:58,443 - Server_DefaultID - INFO - Client 12: Acc=72.94, Loss=-342.9668, NLL=-1161.6287, KL=13.9631, AvgS=499.94, ProxLoss=0.0000
2026-03-19 02:19:58,443 - Server_DefaultID - INFO - Training client 20 (10/30)...
2026-03-19 02:20:00,130 - Server_DefaultID - INFO - Client 20: Acc=64.95, Loss=-343.7587, NLL=-1161.7484, KL=13.9635, AvgS=499.99, ProxLoss=0.0000
2026-03-19 02:20:00,130 - Server_DefaultID - INFO - Training client 10 (11/30)...
2026-03-19 02:20:01,284 - Server_DefaultID - INFO - Client 10: Acc=33.75, Loss=-342.8778, NLL=-1161.7680, KL=13.9636, AvgS=500.00, ProxLoss=0.0000
2026-03-19 02:20:01,284 - Server_DefaultID - INFO - Training client 16 (12/30)...
2026-03-19 02:20:01,964 - Server_DefaultID - INFO - Client 16: Acc=54.69, Loss=-340.9369, NLL=-1161.4282, KL=13.9623, AvgS=499.85, ProxLoss=0.0000
2026-03-19 02:20:01,964 - Server_DefaultID - INFO - Training client 74 (13/30)...
2026-03-19 02:20:03,339 - Server_DefaultID - INFO - Client 74: Acc=66.17, Loss=-341.4824, NLL=-1161.3764, KL=13.9621, AvgS=499.83, ProxLoss=0.0000
2026-03-19 02:20:03,340 - Server_DefaultID - INFO - Training client 63 (14/30)...
2026-03-19 02:20:04,872 - Server_DefaultID - INFO - Client 63: Acc=74.25, Loss=-341.7603, NLL=-1161.7434, KL=13.9635, AvgS=499.99, ProxLoss=0.0000
2026-03-19 02:20:04,872 - Server_DefaultID - INFO - Training client 99 (15/30)...
2026-03-19 02:20:05,315 - Server_DefaultID - INFO - Client 99: Acc=35.00, Loss=-336.6334, NLL=-1138.1561, KL=13.8677, AvgS=489.80, ProxLoss=0.0000
2026-03-19 02:20:05,315 - Server_DefaultID - INFO - Training client 53 (16/30)...
2026-03-19 02:20:08,033 - Server_DefaultID - INFO - Client 53: Acc=96.94, Loss=-340.7798, NLL=-1161.7288, KL=13.9635, AvgS=499.98, ProxLoss=0.0000
2026-03-19 02:20:08,033 - Server_DefaultID - INFO - Training client 76 (17/30)...
2026-03-19 02:20:10,222 - Server_DefaultID - INFO - Client 76: Acc=76.99, Loss=-343.2849, NLL=-1161.7614, KL=13.9636, AvgS=500.00, ProxLoss=0.0000
2026-03-19 02:20:10,222 - Server_DefaultID - INFO - Training client 23 (18/30)...
2026-03-19 02:20:10,775 - Server_DefaultID - INFO - Client 23: Acc=68.81, Loss=-327.1877, NLL=-1118.2616, KL=13.7809, AvgS=481.21, ProxLoss=0.0000
2026-03-19 02:20:10,775 - Server_DefaultID - INFO - Training client 93 (19/30)...
2026-03-19 02:20:11,472 - Server_DefaultID - INFO - Client 93: Acc=53.12, Loss=-342.3047, NLL=-1161.7620, KL=13.9636, AvgS=500.00, ProxLoss=0.0000
2026-03-19 02:20:11,472 - Server_DefaultID - INFO - Training client 28 (20/30)...
2026-03-19 02:20:11,979 - Server_DefaultID - INFO - Client 28: Acc=92.50, Loss=-341.1566, NLL=-1161.1580, KL=13.9613, AvgS=499.74, ProxLoss=0.0000
2026-03-19 02:20:11,979 - Server_DefaultID - INFO - Training client 83 (21/30)...
2026-03-19 02:20:14,595 - Server_DefaultID - INFO - Client 83: Acc=99.78, Loss=-339.1322, NLL=-1161.7699, KL=13.9636, AvgS=500.00, ProxLoss=0.0000
2026-03-19 02:20:14,595 - Server_DefaultID - INFO - Training client 62 (22/30)...
2026-03-19 02:20:15,214 - Server_DefaultID - INFO - Client 62: Acc=89.06, Loss=-342.3557, NLL=-1161.7687, KL=13.9636, AvgS=500.00, ProxLoss=0.0000
2026-03-19 02:20:15,214 - Server_DefaultID - INFO - Training client 3 (23/30)...
2026-03-19 02:20:17,003 - Server_DefaultID - INFO - Client 3: Acc=64.74, Loss=-343.2750, NLL=-1161.7544, KL=13.9636, AvgS=499.99, ProxLoss=0.0000
2026-03-19 02:20:17,003 - Server_DefaultID - INFO - Training client 5 (24/30)...
2026-03-19 02:20:17,427 - Server_DefaultID - INFO - Client 5: Acc=70.94, Loss=-342.0355, NLL=-1159.5293, KL=13.9545, AvgS=499.03, ProxLoss=0.0000
2026-03-19 02:20:17,428 - Server_DefaultID - INFO - Training client 52 (25/30)...
2026-03-19 02:20:18,427 - Server_DefaultID - INFO - Client 52: Acc=75.00, Loss=-341.7031, NLL=-1161.6378, KL=13.9631, AvgS=499.94, ProxLoss=0.0000
2026-03-19 02:20:18,427 - Server_DefaultID - INFO - Training client 24 (26/30)...
2026-03-19 02:20:18,841 - Server_DefaultID - INFO - Client 24: Acc=58.75, Loss=-341.7242, NLL=-1156.7491, KL=13.9428, AvgS=497.83, ProxLoss=0.0000
2026-03-19 02:20:18,841 - Server_DefaultID - INFO - Training client 95 (27/30)...
2026-03-19 02:20:21,315 - Server_DefaultID - INFO - Client 95: Acc=69.24, Loss=-340.4830, NLL=-1161.7665, KL=13.9636, AvgS=500.00, ProxLoss=0.0000
2026-03-19 02:20:21,315 - Server_DefaultID - INFO - Training client 35 (28/30)...
2026-03-19 02:20:22,241 - Server_DefaultID - INFO - Client 35: Acc=73.44, Loss=-342.7421, NLL=-1161.5845, KL=13.9629, AvgS=499.92, ProxLoss=0.0000
2026-03-19 02:20:22,241 - Server_DefaultID - INFO - Training client 80 (29/30)...
2026-03-19 02:20:22,771 - Server_DefaultID - INFO - Client 80: Acc=60.31, Loss=-342.1889, NLL=-1160.8731, KL=13.9599, AvgS=499.61, ProxLoss=0.0000
2026-03-19 02:20:22,771 - Server_DefaultID - INFO - Training client 77 (30/30)...
2026-03-19 02:20:26,804 - Server_DefaultID - INFO - Client 77: Acc=92.92, Loss=-341.2478, NLL=-1161.7526, KL=13.9636, AvgS=499.99, ProxLoss=0.0000
2026-03-19 02:20:27,107 - Server_DefaultID - WARNING - Global prior extremely imbalanced (max/min=1.0), applied adaptive smoothing lam=0.10.
2026-03-19 02:20:27,108 - Server_DefaultID - INFO - Round [81/200] Summary | Avg Client Train Stats:	Loss [-341.5042]	 Acc [76.73]	NLL [-1161.1283]	 KL [13.9610]	AvgS [499.72]	 ProxLoss [0.0000]
GlobalPriorAlpha (first 10): [5.0, 5.0, 5.0, 5.0, 5.0, 5.0, 5.0, 5.0, 5.0, 5.0]
Round Time: 42.66s
2026-03-19 02:20:27,110 - Server_DefaultID - INFO - --- Global Round 82/200 ---
2026-03-19 02:20:27,111 - Server_DefaultID - INFO - Selected 30 active clients for round 82.
2026-03-19 02:20:27,111 - Server_DefaultID - INFO - Training client 54 (1/30)...
2026-03-19 02:20:29,096 - Server_DefaultID - INFO - Client 54: Acc=74.38, Loss=-340.6005, NLL=-1161.5062, KL=13.9626, AvgS=499.89, ProxLoss=0.0000
2026-03-19 02:20:29,097 - Server_DefaultID - INFO - Training client 31 (2/30)...
2026-03-19 02:20:31,546 - Server_DefaultID - INFO - Client 31: Acc=80.80, Loss=-341.3455, NLL=-1161.7298, KL=13.9635, AvgS=499.98, ProxLoss=0.0000
2026-03-19 02:20:31,546 - Server_DefaultID - INFO - Training client 89 (3/30)...
2026-03-19 02:20:35,421 - Server_DefaultID - INFO - Client 89: Acc=98.48, Loss=-339.8188, NLL=-1161.7380, KL=13.9635, AvgS=499.99, ProxLoss=0.0000
2026-03-19 02:20:35,421 - Server_DefaultID - INFO - Training client 33 (4/30)...
2026-03-19 02:20:37,385 - Server_DefaultID - INFO - Client 33: Acc=59.06, Loss=-342.8910, NLL=-1161.7528, KL=13.9636, AvgS=499.99, ProxLoss=0.0000
2026-03-19 02:20:37,385 - Server_DefaultID - INFO - Training client 55 (5/30)...
2026-03-19 02:20:45,194 - Server_DefaultID - INFO - Client 55: Acc=85.67, Loss=-342.1346, NLL=-1161.7628, KL=13.9636, AvgS=500.00, ProxLoss=0.0000
2026-03-19 02:20:45,194 - Server_DefaultID - INFO - Training client 3 (6/30)...
2026-03-19 02:20:46,850 - Server_DefaultID - INFO - Client 3: Acc=65.94, Loss=-343.3025, NLL=-1161.7504, KL=13.9635, AvgS=499.99, ProxLoss=0.0000
2026-03-19 02:20:46,850 - Server_DefaultID - INFO - Training client 97 (7/30)...
2026-03-19 02:20:53,029 - Server_DefaultID - INFO - Client 97: Acc=99.59, Loss=-339.2320, NLL=-1161.7658, KL=13.9636, AvgS=500.00, ProxLoss=0.0000
2026-03-19 02:20:53,029 - Server_DefaultID - INFO - Training client 52 (8/30)...
2026-03-19 02:20:53,969 - Server_DefaultID - INFO - Client 52: Acc=74.27, Loss=-341.3155, NLL=-1161.7152, KL=13.9634, AvgS=499.98, ProxLoss=0.0000
2026-03-19 02:20:53,969 - Server_DefaultID - INFO - Training client 82 (9/30)...
2026-03-19 02:20:55,412 - Server_DefaultID - INFO - Client 82: Acc=90.88, Loss=-341.3105, NLL=-1161.7696, KL=13.9636, AvgS=500.00, ProxLoss=0.0000
2026-03-19 02:20:55,412 - Server_DefaultID - INFO - Training client 11 (10/30)...
2026-03-19 02:20:57,077 - Server_DefaultID - INFO - Client 11: Acc=86.88, Loss=-341.7596, NLL=-1161.7047, KL=13.9634, AvgS=499.97, ProxLoss=0.0000
2026-03-19 02:20:57,077 - Server_DefaultID - INFO - Training client 28 (11/30)...
2026-03-19 02:20:57,516 - Server_DefaultID - INFO - Client 28: Acc=92.50, Loss=-340.7362, NLL=-1159.7239, KL=13.9556, AvgS=499.12, ProxLoss=0.0000
2026-03-19 02:20:57,516 - Server_DefaultID - INFO - Training client 70 (12/30)...
2026-03-19 02:20:59,106 - Server_DefaultID - INFO - Client 70: Acc=82.19, Loss=-340.4680, NLL=-1161.7677, KL=13.9636, AvgS=500.00, ProxLoss=0.0000
2026-03-19 02:20:59,107 - Server_DefaultID - INFO - Training client 56 (13/30)...
2026-03-19 02:21:02,535 - Server_DefaultID - INFO - Client 56: Acc=86.72, Loss=-341.3528, NLL=-1161.6712, KL=13.9632, AvgS=499.96, ProxLoss=0.0000
2026-03-19 02:21:02,535 - Server_DefaultID - INFO - Training client 72 (14/30)...
2026-03-19 02:21:03,710 - Server_DefaultID - INFO - Client 72: Acc=95.00, Loss=-340.5899, NLL=-1161.7535, KL=13.9636, AvgS=499.99, ProxLoss=0.0000
2026-03-19 02:21:03,710 - Server_DefaultID - INFO - Training client 85 (15/30)...
2026-03-19 02:21:06,828 - Server_DefaultID - INFO - Client 85: Acc=99.77, Loss=-339.1250, NLL=-1161.7506, KL=13.9635, AvgS=499.99, ProxLoss=0.0000
2026-03-19 02:21:06,828 - Server_DefaultID - INFO - Training client 12 (16/30)...
2026-03-19 02:21:08,445 - Server_DefaultID - INFO - Client 12: Acc=72.56, Loss=-343.0415, NLL=-1161.7418, KL=13.9635, AvgS=499.99, ProxLoss=0.0000
2026-03-19 02:21:08,445 - Server_DefaultID - INFO - Training client 67 (17/30)...
2026-03-19 02:21:10,136 - Server_DefaultID - INFO - Client 67: Acc=76.41, Loss=-342.3491, NLL=-1161.7363, KL=13.9635, AvgS=499.99, ProxLoss=0.0000
2026-03-19 02:21:10,137 - Server_DefaultID - INFO - Training client 24 (18/30)...
2026-03-19 02:21:10,585 - Server_DefaultID - INFO - Client 24: Acc=57.81, Loss=-343.6402, NLL=-1161.4185, KL=13.9623, AvgS=499.85, ProxLoss=0.0000
2026-03-19 02:21:10,585 - Server_DefaultID - INFO - Training client 6 (19/30)...
2026-03-19 02:21:11,603 - Server_DefaultID - INFO - Client 6: Acc=55.83, Loss=-341.0708, NLL=-1161.7053, KL=13.9634, AvgS=499.97, ProxLoss=0.0000
2026-03-19 02:21:11,603 - Server_DefaultID - INFO - Training client 77 (20/30)...
2026-03-19 02:21:15,613 - Server_DefaultID - INFO - Client 77: Acc=92.54, Loss=-341.1384, NLL=-1161.7599, KL=13.9636, AvgS=500.00, ProxLoss=0.0000
2026-03-19 02:21:15,613 - Server_DefaultID - INFO - Training client 4 (21/30)...
2026-03-19 02:21:17,318 - Server_DefaultID - INFO - Client 4: Acc=67.66, Loss=-343.0680, NLL=-1161.7532, KL=13.9636, AvgS=499.99, ProxLoss=0.0000
2026-03-19 02:21:17,318 - Server_DefaultID - INFO - Training client 43 (22/30)...
2026-03-19 02:21:20,287 - Server_DefaultID - INFO - Client 43: Acc=82.95, Loss=-341.2525, NLL=-1161.7488, KL=13.9635, AvgS=499.99, ProxLoss=0.0000
2026-03-19 02:21:20,287 - Server_DefaultID - INFO - Training client 63 (23/30)...
2026-03-19 02:21:21,832 - Server_DefaultID - INFO - Client 63: Acc=73.62, Loss=-341.6209, NLL=-1161.7648, KL=13.9636, AvgS=500.00, ProxLoss=0.0000
2026-03-19 02:21:21,833 - Server_DefaultID - INFO - Training client 96 (24/30)...
2026-03-19 02:21:24,102 - Server_DefaultID - INFO - Client 96: Acc=83.02, Loss=-341.4274, NLL=-1161.7600, KL=13.9636, AvgS=500.00, ProxLoss=0.0000
2026-03-19 02:21:24,103 - Server_DefaultID - INFO - Training client 22 (25/30)...
2026-03-19 02:21:24,837 - Server_DefaultID - INFO - Client 22: Acc=92.19, Loss=-341.8498, NLL=-1161.5382, KL=13.9627, AvgS=499.90, ProxLoss=0.0000
2026-03-19 02:21:24,837 - Server_DefaultID - INFO - Training client 91 (26/30)...
2026-03-19 02:21:25,966 - Server_DefaultID - INFO - Client 91: Acc=91.25, Loss=-340.1144, NLL=-1161.6474, KL=13.9631, AvgS=499.95, ProxLoss=0.0000
2026-03-19 02:21:25,966 - Server_DefaultID - INFO - Training client 92 (27/30)...
2026-03-19 02:21:27,155 - Server_DefaultID - INFO - Client 92: Acc=95.31, Loss=-341.2976, NLL=-1161.6818, KL=13.9633, AvgS=499.96, ProxLoss=0.0000
2026-03-19 02:21:27,155 - Server_DefaultID - INFO - Training client 10 (28/30)...
2026-03-19 02:21:28,339 - Server_DefaultID - INFO - Client 10: Acc=37.27, Loss=-342.7551, NLL=-1161.7101, KL=13.9634, AvgS=499.97, ProxLoss=0.0000
2026-03-19 02:21:28,339 - Server_DefaultID - INFO - Training client 25 (29/30)...
2026-03-19 02:21:29,002 - Server_DefaultID - INFO - Client 25: Acc=95.62, Loss=-341.3679, NLL=-1161.5008, KL=13.9626, AvgS=499.88, ProxLoss=0.0000
2026-03-19 02:21:29,003 - Server_DefaultID - INFO - Training client 95 (30/30)...
2026-03-19 02:21:31,277 - Server_DefaultID - INFO - Client 95: Acc=70.69, Loss=-340.3696, NLL=-1161.7699, KL=13.9636, AvgS=500.00, ProxLoss=0.0000
2026-03-19 02:21:31,570 - Server_DefaultID - WARNING - Global prior extremely imbalanced (max/min=1.0), applied adaptive smoothing lam=0.10.
2026-03-19 02:21:31,570 - Server_DefaultID - INFO - Round [82/200] Summary | Avg Client Train Stats:	Loss [-341.1685]	 Acc [84.39]	NLL [-1161.7202]	 KL [13.9634]	AvgS [499.98]	 ProxLoss [0.0000]
GlobalPriorAlpha (first 10): [5.0, 5.0, 5.0, 5.0, 5.0, 5.0, 5.0, 5.0, 5.0, 5.0]
Round Time: 64.46s
2026-03-19 02:21:31,573 - Server_DefaultID - INFO - --- Global Round 83/200 ---
2026-03-19 02:21:31,573 - Server_DefaultID - INFO - Selected 30 active clients for round 83.
2026-03-19 02:21:31,573 - Server_DefaultID - INFO - Training client 84 (1/30)...
2026-03-19 02:21:31,980 - Server_DefaultID - INFO - Client 84: Acc=86.79, Loss=-339.6056, NLL=-1157.3598, KL=13.9457, AvgS=498.10, ProxLoss=0.0000
2026-03-19 02:21:31,980 - Server_DefaultID - INFO - Training client 2 (2/30)...
2026-03-19 02:21:34,347 - Server_DefaultID - INFO - Client 2: Acc=79.83, Loss=-341.4800, NLL=-1161.7493, KL=13.9635, AvgS=499.99, ProxLoss=0.0000
2026-03-19 02:21:34,347 - Server_DefaultID - INFO - Training client 83 (3/30)...
2026-03-19 02:21:38,083 - Client_83 - WARNING - Client 83: Too few classes (1) or samples (694) for alpha report, returning uniform.
2026-03-19 02:21:38,083 - Server_DefaultID - INFO - Client 83: Acc=99.72, Loss=-339.1229, NLL=-1161.7579, KL=13.9636, AvgS=499.99, ProxLoss=0.0000
2026-03-19 02:21:38,083 - Server_DefaultID - INFO - Training client 36 (4/30)...
2026-03-19 02:21:43,883 - Server_DefaultID - INFO - Client 36: Acc=92.99, Loss=-340.2494, NLL=-1161.7460, KL=13.9635, AvgS=499.99, ProxLoss=0.0000
2026-03-19 02:21:43,883 - Server_DefaultID - INFO - Training client 38 (5/30)...
2026-03-19 02:21:44,576 - Server_DefaultID - INFO - Client 38: Acc=60.16, Loss=-343.2224, NLL=-1161.2377, KL=13.9614, AvgS=499.77, ProxLoss=0.0000
2026-03-19 02:21:44,576 - Server_DefaultID - INFO - Training client 59 (6/30)...
2026-03-19 02:21:47,115 - Server_DefaultID - INFO - Client 59: Acc=82.92, Loss=-341.4934, NLL=-1161.7216, KL=13.9634, AvgS=499.98, ProxLoss=0.0000
2026-03-19 02:21:47,115 - Server_DefaultID - INFO - Training client 85 (7/30)...
2026-03-19 02:21:50,399 - Server_DefaultID - INFO - Client 85: Acc=99.77, Loss=-339.0610, NLL=-1161.7551, KL=13.9636, AvgS=499.99, ProxLoss=0.0000
2026-03-19 02:21:50,399 - Server_DefaultID - INFO - Training client 14 (8/30)...
2026-03-19 02:21:52,845 - Server_DefaultID - INFO - Client 14: Acc=79.58, Loss=-339.9822, NLL=-1161.6829, KL=13.9633, AvgS=499.96, ProxLoss=0.0000
2026-03-19 02:21:52,845 - Server_DefaultID - INFO - Training client 6 (9/30)...
2026-03-19 02:21:53,765 - Server_DefaultID - INFO - Client 6: Acc=67.81, Loss=-341.0465, NLL=-1161.5561, KL=13.9627, AvgS=499.91, ProxLoss=0.0000
2026-03-19 02:21:53,765 - Server_DefaultID - INFO - Training client 20 (10/30)...
2026-03-19 02:21:55,418 - Server_DefaultID - INFO - Client 20: Acc=66.09, Loss=-343.6106, NLL=-1161.7411, KL=13.9635, AvgS=499.99, ProxLoss=0.0000
2026-03-19 02:21:55,418 - Server_DefaultID - INFO - Training client 49 (11/30)...
2026-03-19 02:21:57,464 - Server_DefaultID - INFO - Client 49: Acc=81.74, Loss=-341.2194, NLL=-1161.7605, KL=13.9636, AvgS=500.00, ProxLoss=0.0000
2026-03-19 02:21:57,464 - Server_DefaultID - INFO - Training client 4 (12/30)...
2026-03-19 02:21:59,200 - Server_DefaultID - INFO - Client 4: Acc=73.23, Loss=-343.0395, NLL=-1161.7558, KL=13.9636, AvgS=499.99, ProxLoss=0.0000
2026-03-19 02:21:59,200 - Server_DefaultID - INFO - Training client 31 (13/30)...
2026-03-19 02:22:01,732 - Server_DefaultID - INFO - Client 31: Acc=81.70, Loss=-341.3067, NLL=-1161.7688, KL=13.9636, AvgS=500.00, ProxLoss=0.0000
2026-03-19 02:22:01,732 - Server_DefaultID - INFO - Training client 79 (14/30)...
2026-03-19 02:22:03,171 - Server_DefaultID - INFO - Client 79: Acc=94.06, Loss=-340.0989, NLL=-1161.6940, KL=13.9633, AvgS=499.97, ProxLoss=0.0000
2026-03-19 02:22:03,171 - Server_DefaultID - INFO - Training client 98 (15/30)...
2026-03-19 02:22:04,049 - Server_DefaultID - INFO - Client 98: Acc=87.81, Loss=-339.9975, NLL=-1161.6081, KL=13.9630, AvgS=499.93, ProxLoss=0.0000
2026-03-19 02:22:04,049 - Server_DefaultID - INFO - Training client 66 (16/30)...
2026-03-19 02:22:05,936 - Server_DefaultID - INFO - Client 66: Acc=88.04, Loss=-340.9943, NLL=-1161.7644, KL=13.9636, AvgS=500.00, ProxLoss=0.0000
2026-03-19 02:22:05,936 - Server_DefaultID - INFO - Training client 50 (17/30)...
2026-03-19 02:22:12,031 - Server_DefaultID - INFO - Client 50: Acc=97.50, Loss=-340.2875, NLL=-1161.7412, KL=13.9635, AvgS=499.99, ProxLoss=0.0000
2026-03-19 02:22:12,031 - Server_DefaultID - INFO - Training client 41 (18/30)...
2026-03-19 02:22:14,211 - Server_DefaultID - INFO - Client 41: Acc=81.02, Loss=-340.6483, NLL=-1161.7528, KL=13.9636, AvgS=499.99, ProxLoss=0.0000
2026-03-19 02:22:14,211 - Server_DefaultID - INFO - Training client 65 (19/30)...
2026-03-19 02:22:14,708 - Server_DefaultID - INFO - Client 65: Acc=47.19, Loss=-338.7846, NLL=-1150.1435, KL=13.9173, AvgS=494.98, ProxLoss=0.0000
2026-03-19 02:22:14,709 - Server_DefaultID - INFO - Training client 86 (20/30)...
2026-03-19 02:22:16,177 - Server_DefaultID - INFO - Client 86: Acc=79.62, Loss=-341.4570, NLL=-1161.6038, KL=13.9630, AvgS=499.93, ProxLoss=0.0000
2026-03-19 02:22:16,177 - Server_DefaultID - INFO - Training client 5 (21/30)...
2026-03-19 02:22:16,610 - Server_DefaultID - INFO - Client 5: Acc=69.06, Loss=-342.7060, NLL=-1161.4199, KL=13.9623, AvgS=499.85, ProxLoss=0.0000
2026-03-19 02:22:16,610 - Server_DefaultID - INFO - Training client 72 (22/30)...
2026-03-19 02:22:17,935 - Server_DefaultID - INFO - Client 72: Acc=95.08, Loss=-340.5975, NLL=-1161.7326, KL=13.9635, AvgS=499.98, ProxLoss=0.0000
2026-03-19 02:22:17,935 - Server_DefaultID - INFO - Training client 54 (23/30)...
2026-03-19 02:22:18,641 - Server_DefaultID - INFO - Client 54: Acc=78.59, Loss=-340.4974, NLL=-1161.2891, KL=13.9618, AvgS=499.79, ProxLoss=0.0000
2026-03-19 02:22:18,641 - Server_DefaultID - INFO - Training client 17 (24/30)...
2026-03-19 02:22:19,302 - Server_DefaultID - INFO - Client 17: Acc=81.09, Loss=-341.8178, NLL=-1160.0445, KL=13.9565, AvgS=499.26, ProxLoss=0.0000
2026-03-19 02:22:19,303 - Server_DefaultID - INFO - Training client 48 (25/30)...
2026-03-19 02:22:23,725 - Server_DefaultID - INFO - Client 48: Acc=86.82, Loss=-341.6433, NLL=-1161.7467, KL=13.9635, AvgS=499.99, ProxLoss=0.0000
2026-03-19 02:22:23,725 - Server_DefaultID - INFO - Training client 11 (26/30)...
2026-03-19 02:22:25,435 - Server_DefaultID - INFO - Client 11: Acc=87.29, Loss=-341.7541, NLL=-1161.6068, KL=13.9630, AvgS=499.93, ProxLoss=0.0000
2026-03-19 02:22:25,436 - Server_DefaultID - INFO - Training client 88 (27/30)...
2026-03-19 02:22:26,998 - Server_DefaultID - INFO - Client 88: Acc=58.59, Loss=-342.2657, NLL=-1161.7406, KL=13.9635, AvgS=499.99, ProxLoss=0.0000
2026-03-19 02:22:26,998 - Server_DefaultID - INFO - Training client 16 (28/30)...
2026-03-19 02:22:27,631 - Server_DefaultID - INFO - Client 16: Acc=65.62, Loss=-340.8262, NLL=-1161.7684, KL=13.9636, AvgS=500.00, ProxLoss=0.0000
2026-03-19 02:22:27,632 - Server_DefaultID - INFO - Training client 51 (29/30)...
2026-03-19 02:22:28,276 - Server_DefaultID - INFO - Client 51: Acc=47.81, Loss=-343.1721, NLL=-1161.4527, KL=13.9624, AvgS=499.86, ProxLoss=0.0000
2026-03-19 02:22:28,276 - Server_DefaultID - INFO - Training client 13 (30/30)...
2026-03-19 02:22:28,818 - Server_DefaultID - INFO - Client 13: Acc=54.06, Loss=-339.9123, NLL=-1160.7940, KL=13.9597, AvgS=499.58, ProxLoss=0.0000
2026-03-19 02:22:29,038 - Server_DefaultID - WARNING - Global prior extremely imbalanced (max/min=1.0), applied adaptive smoothing lam=0.10.
2026-03-19 02:22:29,038 - Server_DefaultID - INFO - Round [83/200] Summary | Avg Client Train Stats:	Loss [-340.8961]	 Acc [84.82]	NLL [-1161.6167]	 KL [13.9630]	AvgS [499.93]	 ProxLoss [0.0000]
GlobalPriorAlpha (first 10): [5.0, 5.0, 5.0, 5.0, 5.0, 5.0, 5.0, 5.0, 5.0, 5.0]
Round Time: 57.47s
2026-03-19 02:22:29,041 - Server_DefaultID - INFO - --- Global Round 84/200 ---
2026-03-19 02:22:29,042 - Server_DefaultID - INFO - Selected 30 active clients for round 84.
2026-03-19 02:22:29,042 - Server_DefaultID - INFO - Training client 18 (1/30)...
2026-03-19 02:22:32,730 - Server_DefaultID - INFO - Client 18: Acc=86.12, Loss=-341.6678, NLL=-1161.7393, KL=13.9635, AvgS=499.99, ProxLoss=0.0000
2026-03-19 02:22:32,730 - Server_DefaultID - INFO - Training client 72 (2/30)...
2026-03-19 02:22:33,844 - Server_DefaultID - INFO - Client 72: Acc=95.00, Loss=-340.7277, NLL=-1161.7479, KL=13.9635, AvgS=499.99, ProxLoss=0.0000
2026-03-19 02:22:33,845 - Server_DefaultID - INFO - Training client 68 (3/30)...
2026-03-19 02:22:35,976 - Server_DefaultID - INFO - Client 68: Acc=80.28, Loss=-339.9907, NLL=-1161.7636, KL=13.9636, AvgS=500.00, ProxLoss=0.0000
2026-03-19 02:22:35,976 - Server_DefaultID - INFO - Training client 89 (4/30)...
2026-03-19 02:22:39,577 - Server_DefaultID - INFO - Client 89: Acc=98.55, Loss=-339.7748, NLL=-1161.7695, KL=13.9636, AvgS=500.00, ProxLoss=0.0000
2026-03-19 02:22:39,577 - Server_DefaultID - INFO - Training client 22 (5/30)...
2026-03-19 02:22:40,364 - Server_DefaultID - INFO - Client 22: Acc=89.53, Loss=-341.8525, NLL=-1161.4745, KL=13.9625, AvgS=499.87, ProxLoss=0.0000
2026-03-19 02:22:40,365 - Server_DefaultID - INFO - Training client 93 (6/30)...
2026-03-19 02:22:41,060 - Server_DefaultID - INFO - Client 93: Acc=56.56, Loss=-341.7983, NLL=-1161.1807, KL=13.9614, AvgS=499.75, ProxLoss=0.0000
2026-03-19 02:22:41,060 - Server_DefaultID - INFO - Training client 90 (7/30)...
2026-03-19 02:22:44,989 - Client_90 - WARNING - Client 90: Too few classes (1) or samples (592) for alpha report, returning uniform.
2026-03-19 02:22:44,989 - Server_DefaultID - INFO - Client 90: Acc=100.00, Loss=-338.8412, NLL=-1161.7528, KL=13.9636, AvgS=499.99, ProxLoss=0.0000
2026-03-19 02:22:44,989 - Server_DefaultID - INFO - Training client 61 (8/30)...
2026-03-19 02:22:46,508 - Server_DefaultID - INFO - Client 61: Acc=71.81, Loss=-343.3080, NLL=-1161.7360, KL=13.9635, AvgS=499.99, ProxLoss=0.0000
2026-03-19 02:22:46,508 - Server_DefaultID - INFO - Training client 77 (9/30)...
2026-03-19 02:22:50,373 - Server_DefaultID - INFO - Client 77: Acc=92.77, Loss=-341.0580, NLL=-1161.7626, KL=13.9636, AvgS=500.00, ProxLoss=0.0000
2026-03-19 02:22:50,373 - Server_DefaultID - INFO - Training client 63 (10/30)...
2026-03-19 02:22:51,773 - Server_DefaultID - INFO - Client 63: Acc=78.38, Loss=-341.6106, NLL=-1161.7594, KL=13.9636, AvgS=500.00, ProxLoss=0.0000
2026-03-19 02:22:51,773 - Server_DefaultID - INFO - Training client 56 (11/30)...
2026-03-19 02:22:53,880 - Server_DefaultID - INFO - Client 56: Acc=87.42, Loss=-341.2892, NLL=-1161.7295, KL=13.9635, AvgS=499.98, ProxLoss=0.0000
2026-03-19 02:22:53,880 - Server_DefaultID - INFO - Training client 29 (12/30)...
2026-03-19 02:22:55,152 - Server_DefaultID - INFO - Client 29: Acc=80.94, Loss=-340.8978, NLL=-1161.3340, KL=13.9618, AvgS=499.81, ProxLoss=0.0000
2026-03-19 02:22:55,152 - Server_DefaultID - INFO - Training client 60 (13/30)...
2026-03-19 02:22:56,093 - Server_DefaultID - INFO - Client 60: Acc=67.81, Loss=-340.6889, NLL=-1161.6946, KL=13.9633, AvgS=499.97, ProxLoss=0.0000
2026-03-19 02:22:56,093 - Server_DefaultID - INFO - Training client 41 (14/30)...
2026-03-19 02:22:58,370 - Server_DefaultID - INFO - Client 41: Acc=80.70, Loss=-340.6676, NLL=-1161.7295, KL=13.9635, AvgS=499.98, ProxLoss=0.0000
2026-03-19 02:22:58,370 - Server_DefaultID - INFO - Training client 11 (15/30)...
2026-03-19 02:23:00,022 - Server_DefaultID - INFO - Client 11: Acc=88.07, Loss=-341.7032, NLL=-1161.7447, KL=13.9635, AvgS=499.99, ProxLoss=0.0000
2026-03-19 02:23:00,022 - Server_DefaultID - INFO - Training client 36 (16/30)...
2026-03-19 02:23:06,031 - Server_DefaultID - INFO - Client 36: Acc=92.34, Loss=-340.2134, NLL=-1161.7642, KL=13.9636, AvgS=500.00, ProxLoss=0.0000
2026-03-19 02:23:06,031 - Server_DefaultID - INFO - Training client 6 (17/30)...
2026-03-19 02:23:07,050 - Server_DefaultID - INFO - Client 6: Acc=73.85, Loss=-341.2574, NLL=-1161.6916, KL=13.9633, AvgS=499.97, ProxLoss=0.0000
2026-03-19 02:23:07,050 - Server_DefaultID - INFO - Training client 33 (18/30)...
2026-03-19 02:23:08,912 - Server_DefaultID - INFO - Client 33: Acc=59.38, Loss=-342.7669, NLL=-1161.7480, KL=13.9635, AvgS=499.99, ProxLoss=0.0000
2026-03-19 02:23:08,912 - Server_DefaultID - INFO - Training client 62 (19/30)...
2026-03-19 02:23:09,624 - Server_DefaultID - INFO - Client 62: Acc=89.69, Loss=-342.1021, NLL=-1161.3117, KL=13.9619, AvgS=499.80, ProxLoss=0.0000
2026-03-19 02:23:09,624 - Server_DefaultID - INFO - Training client 86 (20/30)...
2026-03-19 02:23:11,115 - Server_DefaultID - INFO - Client 86: Acc=77.88, Loss=-341.2693, NLL=-1161.7699, KL=13.9636, AvgS=500.00, ProxLoss=0.0000
2026-03-19 02:23:11,115 - Server_DefaultID - INFO - Training client 1 (21/30)...
2026-03-19 02:23:11,917 - Server_DefaultID - INFO - Client 1: Acc=57.50, Loss=-341.8882, NLL=-1161.7691, KL=13.9636, AvgS=500.00, ProxLoss=0.0000
2026-03-19 02:23:11,917 - Server_DefaultID - INFO - Training client 81 (22/30)...
2026-03-19 02:23:13,776 - Server_DefaultID - INFO - Client 81: Acc=77.23, Loss=-341.3418, NLL=-1161.7557, KL=13.9636, AvgS=499.99, ProxLoss=0.0000
2026-03-19 02:23:13,776 - Server_DefaultID - INFO - Training client 67 (23/30)...
2026-03-19 02:23:16,751 - Server_DefaultID - INFO - Client 67: Acc=75.57, Loss=-342.2183, NLL=-1161.7152, KL=13.9634, AvgS=499.98, ProxLoss=0.0000
2026-03-19 02:23:16,751 - Server_DefaultID - INFO - Training client 52 (24/30)...
2026-03-19 02:23:17,685 - Server_DefaultID - INFO - Client 52: Acc=73.33, Loss=-341.4787, NLL=-1161.6555, KL=13.9632, AvgS=499.95, ProxLoss=0.0000
2026-03-19 02:23:17,685 - Server_DefaultID - INFO - Training client 69 (25/30)...
2026-03-19 02:23:18,448 - Server_DefaultID - INFO - Client 69: Acc=55.78, Loss=-342.1727, NLL=-1161.3410, KL=13.9620, AvgS=499.82, ProxLoss=0.0000
2026-03-19 02:23:18,448 - Server_DefaultID - INFO - Training client 99 (26/30)...
2026-03-19 02:23:18,864 - Server_DefaultID - INFO - Client 99: Acc=34.38, Loss=-340.5391, NLL=-1151.5581, KL=13.9224, AvgS=495.59, ProxLoss=0.0000
2026-03-19 02:23:18,864 - Server_DefaultID - INFO - Training client 98 (27/30)...
2026-03-19 02:23:19,676 - Server_DefaultID - INFO - Client 98: Acc=90.10, Loss=-340.0417, NLL=-1161.7574, KL=13.9636, AvgS=499.99, ProxLoss=0.0000
2026-03-19 02:23:19,677 - Server_DefaultID - INFO - Training client 87 (28/30)...
2026-03-19 02:23:21,489 - Server_DefaultID - INFO - Client 87: Acc=55.27, Loss=-343.2377, NLL=-1161.7628, KL=13.9636, AvgS=500.00, ProxLoss=0.0000
2026-03-19 02:23:21,489 - Server_DefaultID - INFO - Training client 73 (29/30)...
2026-03-19 02:23:24,543 - Server_DefaultID - INFO - Client 73: Acc=88.25, Loss=-340.7345, NLL=-1161.7614, KL=13.9636, AvgS=500.00, ProxLoss=0.0000
2026-03-19 02:23:24,543 - Server_DefaultID - INFO - Training client 94 (30/30)...
2026-03-19 02:23:27,176 - Server_DefaultID - INFO - Client 94: Acc=80.43, Loss=-341.3402, NLL=-1161.7318, KL=13.9635, AvgS=499.98, ProxLoss=0.0000
2026-03-19 02:23:27,333 - Server_DefaultID - WARNING - Global prior extremely imbalanced (max/min=1.0), applied adaptive smoothing lam=0.10.
2026-03-19 02:23:27,333 - Server_DefaultID - INFO - Round [84/200] Summary | Avg Client Train Stats:	Loss [-341.0703]	 Acc [82.96]	NLL [-1161.6476]	 KL [13.9631]	AvgS [499.95]	 ProxLoss [0.0000]
GlobalPriorAlpha (first 10): [5.0, 5.0, 5.0, 5.0, 5.0, 5.0, 5.0, 5.0, 5.0, 5.0]
Round Time: 58.29s
2026-03-19 02:23:27,336 - Server_DefaultID - INFO - --- Global Round 85/200 ---
2026-03-19 02:23:27,336 - Server_DefaultID - INFO - Selected 30 active clients for round 85.
2026-03-19 02:23:27,336 - Server_DefaultID - INFO - Training client 2 (1/30)...
2026-03-19 02:23:29,286 - Server_DefaultID - INFO - Client 2: Acc=79.58, Loss=-341.3188, NLL=-1161.7476, KL=13.9635, AvgS=499.99, ProxLoss=0.0000
2026-03-19 02:23:29,287 - Server_DefaultID - INFO - Training client 5 (2/30)...
2026-03-19 02:23:29,690 - Server_DefaultID - INFO - Client 5: Acc=71.25, Loss=-342.1931, NLL=-1160.6540, KL=13.9592, AvgS=499.52, ProxLoss=0.0000
2026-03-19 02:23:29,690 - Server_DefaultID - INFO - Training client 81 (3/30)...
2026-03-19 02:23:31,277 - Server_DefaultID - INFO - Client 81: Acc=77.77, Loss=-341.2693, NLL=-1161.7699, KL=13.9636, AvgS=500.00, ProxLoss=0.0000
2026-03-19 02:23:31,277 - Server_DefaultID - INFO - Training client 85 (4/30)...
2026-03-19 02:23:33,922 - Server_DefaultID - INFO - Client 85: Acc=99.74, Loss=-339.0250, NLL=-1161.7634, KL=13.9636, AvgS=500.00, ProxLoss=0.0000
2026-03-19 02:23:33,922 - Server_DefaultID - INFO - Training client 99 (5/30)...
2026-03-19 02:23:34,459 - Server_DefaultID - INFO - Client 99: Acc=42.19, Loss=-341.9981, NLL=-1156.5543, KL=13.9430, AvgS=497.75, ProxLoss=0.0000
2026-03-19 02:23:34,459 - Server_DefaultID - INFO - Training client 20 (6/30)...
2026-03-19 02:23:35,974 - Server_DefaultID - INFO - Client 20: Acc=66.04, Loss=-343.5773, NLL=-1161.7610, KL=13.9636, AvgS=500.00, ProxLoss=0.0000
2026-03-19 02:23:35,974 - Server_DefaultID - INFO - Training client 17 (7/30)...
2026-03-19 02:23:36,638 - Server_DefaultID - INFO - Client 17: Acc=81.25, Loss=-342.2893, NLL=-1161.3617, KL=13.9619, AvgS=499.82, ProxLoss=0.0000
2026-03-19 02:23:36,639 - Server_DefaultID - INFO - Training client 21 (8/30)...
2026-03-19 02:23:38,565 - Server_DefaultID - INFO - Client 21: Acc=67.34, Loss=-342.9069, NLL=-1161.7175, KL=13.9634, AvgS=499.98, ProxLoss=0.0000
2026-03-19 02:23:38,565 - Server_DefaultID - INFO - Training client 88 (9/30)...
2026-03-19 02:23:40,023 - Server_DefaultID - INFO - Client 88: Acc=58.96, Loss=-342.1516, NLL=-1161.7378, KL=13.9635, AvgS=499.99, ProxLoss=0.0000
2026-03-19 02:23:40,023 - Server_DefaultID - INFO - Training client 91 (10/30)...
2026-03-19 02:23:40,838 - Server_DefaultID - INFO - Client 91: Acc=89.38, Loss=-339.9848, NLL=-1161.6930, KL=13.9633, AvgS=499.97, ProxLoss=0.0000
2026-03-19 02:23:40,839 - Server_DefaultID - INFO - Training client 75 (11/30)...
2026-03-19 02:23:42,695 - Server_DefaultID - INFO - Client 75: Acc=92.23, Loss=-340.3199, NLL=-1161.7154, KL=13.9634, AvgS=499.98, ProxLoss=0.0000
2026-03-19 02:23:42,695 - Server_DefaultID - INFO - Training client 65 (12/30)...
2026-03-19 02:23:43,073 - Server_DefaultID - INFO - Client 65: Acc=42.50, Loss=-341.1893, NLL=-1158.0504, KL=13.9490, AvgS=498.39, ProxLoss=0.0000
2026-03-19 02:23:43,073 - Server_DefaultID - INFO - Training client 66 (13/30)...
2026-03-19 02:23:44,834 - Server_DefaultID - INFO - Client 66: Acc=88.08, Loss=-340.7748, NLL=-1161.7393, KL=13.9635, AvgS=499.99, ProxLoss=0.0000
2026-03-19 02:23:44,834 - Server_DefaultID - INFO - Training client 11 (14/30)...
2026-03-19 02:23:46,342 - Server_DefaultID - INFO - Client 11: Acc=88.44, Loss=-341.6390, NLL=-1161.7642, KL=13.9636, AvgS=500.00, ProxLoss=0.0000
2026-03-19 02:23:46,342 - Server_DefaultID - INFO - Training client 47 (15/30)...
2026-03-19 02:23:47,779 - Server_DefaultID - INFO - Client 47: Acc=61.98, Loss=-342.7289, NLL=-1161.7459, KL=13.9635, AvgS=499.99, ProxLoss=0.0000
2026-03-19 02:23:47,779 - Server_DefaultID - INFO - Training client 23 (16/30)...
2026-03-19 02:23:48,186 - Server_DefaultID - INFO - Client 23: Acc=69.15, Loss=-333.4926, NLL=-1139.2509, KL=13.8710, AvgS=490.27, ProxLoss=0.0000
2026-03-19 02:23:48,186 - Server_DefaultID - INFO - Training client 50 (17/30)...
2026-03-19 02:23:53,572 - Server_DefaultID - INFO - Client 50: Acc=97.40, Loss=-340.2014, NLL=-1161.7640, KL=13.9636, AvgS=500.00, ProxLoss=0.0000
2026-03-19 02:23:53,572 - Server_DefaultID - INFO - Training client 57 (18/30)...
2026-03-19 02:23:57,450 - Server_DefaultID - INFO - Client 57: Acc=94.91, Loss=-340.9182, NLL=-1161.7365, KL=13.9635, AvgS=499.99, ProxLoss=0.0000
2026-03-19 02:23:57,450 - Server_DefaultID - INFO - Training client 48 (19/30)...
2026-03-19 02:24:01,342 - Server_DefaultID - INFO - Client 48: Acc=86.88, Loss=-341.5131, NLL=-1161.7406, KL=13.9635, AvgS=499.99, ProxLoss=0.0000
2026-03-19 02:24:01,343 - Server_DefaultID - INFO - Training client 67 (20/30)...
2026-03-19 02:24:02,857 - Server_DefaultID - INFO - Client 67: Acc=75.47, Loss=-342.1698, NLL=-1161.7351, KL=13.9635, AvgS=499.99, ProxLoss=0.0000
2026-03-19 02:24:02,857 - Server_DefaultID - INFO - Training client 79 (21/30)...
2026-03-19 02:24:04,141 - Server_DefaultID - INFO - Client 79: Acc=94.19, Loss=-340.0331, NLL=-1161.7248, KL=13.9634, AvgS=499.98, ProxLoss=0.0000
2026-03-19 02:24:04,141 - Server_DefaultID - INFO - Training client 40 (22/30)...
2026-03-19 02:24:05,493 - Server_DefaultID - INFO - Client 40: Acc=70.21, Loss=-342.8631, NLL=-1161.7492, KL=13.9635, AvgS=499.99, ProxLoss=0.0000
2026-03-19 02:24:05,493 - Server_DefaultID - INFO - Training client 42 (23/30)...
2026-03-19 02:24:06,750 - Server_DefaultID - INFO - Client 42: Acc=90.68, Loss=-341.2754, NLL=-1161.7693, KL=13.9636, AvgS=500.00, ProxLoss=0.0000
2026-03-19 02:24:06,750 - Server_DefaultID - INFO - Training client 72 (24/30)...
2026-03-19 02:24:07,751 - Server_DefaultID - INFO - Client 72: Acc=95.00, Loss=-340.7019, NLL=-1161.6560, KL=13.9632, AvgS=499.95, ProxLoss=0.0000
2026-03-19 02:24:07,751 - Server_DefaultID - INFO - Training client 41 (25/30)...
2026-03-19 02:24:09,688 - Server_DefaultID - INFO - Client 41: Acc=81.33, Loss=-340.7432, NLL=-1161.7620, KL=13.9636, AvgS=500.00, ProxLoss=0.0000
2026-03-19 02:24:09,688 - Server_DefaultID - INFO - Training client 95 (26/30)...
2026-03-19 02:24:11,584 - Server_DefaultID - INFO - Client 95: Acc=68.89, Loss=-340.3001, NLL=-1161.7359, KL=13.9635, AvgS=499.99, ProxLoss=0.0000
2026-03-19 02:24:11,585 - Server_DefaultID - INFO - Training client 46 (27/30)...
2026-03-19 02:24:13,287 - Server_DefaultID - INFO - Client 46: Acc=87.03, Loss=-341.3577, NLL=-1161.7503, KL=13.9635, AvgS=499.99, ProxLoss=0.0000
2026-03-19 02:24:13,287 - Server_DefaultID - INFO - Training client 52 (28/30)...
2026-03-19 02:24:14,011 - Server_DefaultID - INFO - Client 52: Acc=73.12, Loss=-341.5604, NLL=-1161.6129, KL=13.9630, AvgS=499.93, ProxLoss=0.0000
2026-03-19 02:24:14,011 - Server_DefaultID - INFO - Training client 74 (29/30)...
2026-03-19 02:24:14,947 - Server_DefaultID - INFO - Client 74: Acc=62.50, Loss=-341.4050, NLL=-1161.7418, KL=13.9635, AvgS=499.99, ProxLoss=0.0000
2026-03-19 02:24:14,947 - Server_DefaultID - INFO - Training client 24 (30/30)...
2026-03-19 02:24:15,400 - Server_DefaultID - INFO - Client 24: Acc=53.44, Loss=-343.1554, NLL=-1160.4951, KL=13.9586, AvgS=499.45, ProxLoss=0.0000
2026-03-19 02:24:15,492 - Server_DefaultID - WARNING - Global prior extremely imbalanced (max/min=1.0), applied adaptive smoothing lam=0.10.
2026-03-19 02:24:15,492 - Server_DefaultID - INFO - Round [85/200] Summary | Avg Client Train Stats:	Loss [-341.1447]	 Acc [82.72]	NLL [-1161.5670]	 KL [13.9628]	AvgS [499.91]	 ProxLoss [0.0000]
GlobalPriorAlpha (first 10): [5.0, 5.0, 5.0, 5.0, 5.0, 5.0, 5.0, 5.0, 5.0, 5.0]
Round Time: 48.16s
2026-03-19 02:24:15,494 - Server_DefaultID - INFO - --- Global Round 86/200 ---
2026-03-19 02:24:15,495 - Server_DefaultID - INFO - Selected 30 active clients for round 86.
2026-03-19 02:24:15,495 - Server_DefaultID - INFO - Training client 71 (1/30)...
2026-03-19 02:24:16,114 - Server_DefaultID - INFO - Client 71: Acc=75.47, Loss=-342.3603, NLL=-1161.5459, KL=13.9628, AvgS=499.90, ProxLoss=0.0000
2026-03-19 02:24:16,114 - Server_DefaultID - INFO - Training client 53 (2/30)...
2026-03-19 02:24:18,545 - Server_DefaultID - INFO - Client 53: Acc=96.50, Loss=-340.6910, NLL=-1161.7397, KL=13.9635, AvgS=499.99, ProxLoss=0.0000
2026-03-19 02:24:18,545 - Server_DefaultID - INFO - Training client 21 (3/30)...
2026-03-19 02:24:20,334 - Server_DefaultID - INFO - Client 21: Acc=65.51, Loss=-342.8898, NLL=-1161.7567, KL=13.9636, AvgS=499.99, ProxLoss=0.0000
2026-03-19 02:24:20,334 - Server_DefaultID - INFO - Training client 92 (4/30)...
2026-03-19 02:24:21,342 - Server_DefaultID - INFO - Client 92: Acc=95.08, Loss=-341.3639, NLL=-1161.7589, KL=13.9636, AvgS=500.00, ProxLoss=0.0000
2026-03-19 02:24:21,342 - Server_DefaultID - INFO - Training client 56 (5/30)...
2026-03-19 02:24:24,453 - Server_DefaultID - INFO - Client 56: Acc=87.11, Loss=-341.2319, NLL=-1161.7464, KL=13.9635, AvgS=499.99, ProxLoss=0.0000
2026-03-19 02:24:24,454 - Server_DefaultID - INFO - Training client 24 (6/30)...
2026-03-19 02:24:24,859 - Server_DefaultID - INFO - Client 24: Acc=57.19, Loss=-343.3118, NLL=-1161.5599, KL=13.9628, AvgS=499.91, ProxLoss=0.0000
2026-03-19 02:24:24,859 - Server_DefaultID - INFO - Training client 14 (7/30)...
2026-03-19 02:24:26,830 - Server_DefaultID - INFO - Client 14: Acc=84.55, Loss=-339.9477, NLL=-1161.7699, KL=13.9636, AvgS=500.00, ProxLoss=0.0000
2026-03-19 02:24:26,830 - Server_DefaultID - INFO - Training client 73 (8/30)...
2026-03-19 02:24:29,706 - Server_DefaultID - INFO - Client 73: Acc=89.35, Loss=-340.5918, NLL=-1161.7336, KL=13.9635, AvgS=499.98, ProxLoss=0.0000
2026-03-19 02:24:29,706 - Server_DefaultID - INFO - Training client 51 (9/30)...
2026-03-19 02:24:30,256 - Server_DefaultID - INFO - Client 51: Acc=53.28, Loss=-343.2006, NLL=-1161.6776, KL=13.9633, AvgS=499.96, ProxLoss=0.0000
2026-03-19 02:24:30,256 - Server_DefaultID - INFO - Training client 33 (10/30)...
2026-03-19 02:24:31,899 - Server_DefaultID - INFO - Client 33: Acc=59.78, Loss=-342.7267, NLL=-1161.7533, KL=13.9636, AvgS=499.99, ProxLoss=0.0000
2026-03-19 02:24:31,899 - Server_DefaultID - INFO - Training client 75 (11/30)...
2026-03-19 02:24:33,730 - Server_DefaultID - INFO - Client 75: Acc=92.46, Loss=-340.2419, NLL=-1161.6922, KL=13.9633, AvgS=499.97, ProxLoss=0.0000
2026-03-19 02:24:33,730 - Server_DefaultID - INFO - Training client 3 (12/30)...
2026-03-19 02:24:34,970 - Server_DefaultID - INFO - Client 3: Acc=65.52, Loss=-343.0841, NLL=-1161.7358, KL=13.9635, AvgS=499.99, ProxLoss=0.0000
2026-03-19 02:24:34,970 - Server_DefaultID - INFO - Training client 57 (13/30)...
2026-03-19 02:24:38,458 - Server_DefaultID - INFO - Client 57: Acc=94.98, Loss=-340.9397, NLL=-1161.7445, KL=13.9635, AvgS=499.99, ProxLoss=0.0000
2026-03-19 02:24:38,458 - Server_DefaultID - INFO - Training client 2 (14/30)...
2026-03-19 02:24:40,361 - Server_DefaultID - INFO - Client 2: Acc=79.51, Loss=-341.2182, NLL=-1161.6398, KL=13.9631, AvgS=499.94, ProxLoss=0.0000
2026-03-19 02:24:40,361 - Server_DefaultID - INFO - Training client 27 (15/30)...
2026-03-19 02:24:41,267 - Server_DefaultID - INFO - Client 27: Acc=74.79, Loss=-342.4778, NLL=-1161.7119, KL=13.9634, AvgS=499.98, ProxLoss=0.0000
2026-03-19 02:24:41,267 - Server_DefaultID - INFO - Training client 23 (16/30)...
2026-03-19 02:24:41,603 - Server_DefaultID - INFO - Client 23: Acc=61.69, Loss=-337.9116, NLL=-1153.4954, KL=13.9298, AvgS=496.42, ProxLoss=0.0000
2026-03-19 02:24:41,603 - Server_DefaultID - INFO - Training client 70 (17/30)...
2026-03-19 02:24:42,850 - Server_DefaultID - INFO - Client 70: Acc=82.44, Loss=-340.3527, NLL=-1161.7639, KL=13.9636, AvgS=500.00, ProxLoss=0.0000
2026-03-19 02:24:42,850 - Server_DefaultID - INFO - Training client 62 (18/30)...
2026-03-19 02:24:43,407 - Server_DefaultID - INFO - Client 62: Acc=90.00, Loss=-342.0618, NLL=-1161.7171, KL=13.9634, AvgS=499.98, ProxLoss=0.0000
2026-03-19 02:24:43,407 - Server_DefaultID - INFO - Training client 44 (19/30)...
2026-03-19 02:24:45,412 - Server_DefaultID - INFO - Client 44: Acc=90.24, Loss=-341.0055, NLL=-1161.7381, KL=13.9635, AvgS=499.99, ProxLoss=0.0000
2026-03-19 02:24:45,412 - Server_DefaultID - INFO - Training client 15 (20/30)...
2026-03-19 02:24:45,981 - Server_DefaultID - INFO - Client 15: Acc=49.69, Loss=-341.3470, NLL=-1161.3944, KL=13.9622, AvgS=499.84, ProxLoss=0.0000
2026-03-19 02:24:45,981 - Server_DefaultID - INFO - Training client 55 (21/30)...
2026-03-19 02:24:52,140 - Server_DefaultID - INFO - Client 55: Acc=85.77, Loss=-341.9021, NLL=-1161.7639, KL=13.9636, AvgS=500.00, ProxLoss=0.0000
2026-03-19 02:24:52,140 - Server_DefaultID - INFO - Training client 7 (22/30)...
2026-03-19 02:24:53,509 - Server_DefaultID - INFO - Client 7: Acc=55.62, Loss=-341.3747, NLL=-1161.7458, KL=13.9635, AvgS=499.99, ProxLoss=0.0000
2026-03-19 02:24:53,509 - Server_DefaultID - INFO - Training client 12 (23/30)...
2026-03-19 02:24:54,699 - Server_DefaultID - INFO - Client 12: Acc=73.56, Loss=-342.9344, NLL=-1161.7622, KL=13.9636, AvgS=500.00, ProxLoss=0.0000
2026-03-19 02:24:54,699 - Server_DefaultID - INFO - Training client 47 (24/30)...
2026-03-19 02:24:57,366 - Server_DefaultID - INFO - Client 47: Acc=63.54, Loss=-342.6557, NLL=-1161.7296, KL=13.9635, AvgS=499.98, ProxLoss=0.0000
2026-03-19 02:24:57,366 - Server_DefaultID - INFO - Training client 86 (25/30)...
2026-03-19 02:24:58,539 - Server_DefaultID - INFO - Client 86: Acc=77.25, Loss=-341.2587, NLL=-1161.7699, KL=13.9636, AvgS=500.00, ProxLoss=0.0000
2026-03-19 02:24:58,539 - Server_DefaultID - INFO - Training client 36 (26/30)...
2026-03-19 02:25:03,146 - Server_DefaultID - INFO - Client 36: Acc=92.85, Loss=-340.1317, NLL=-1161.7532, KL=13.9636, AvgS=499.99, ProxLoss=0.0000
2026-03-19 02:25:03,147 - Server_DefaultID - INFO - Training client 89 (27/30)...
2026-03-19 02:25:06,062 - Server_DefaultID - INFO - Client 89: Acc=98.62, Loss=-339.7454, NLL=-1161.7687, KL=13.9636, AvgS=500.00, ProxLoss=0.0000
2026-03-19 02:25:06,062 - Server_DefaultID - INFO - Training client 48 (28/30)...
2026-03-19 02:25:09,654 - Server_DefaultID - INFO - Client 48: Acc=86.78, Loss=-341.4296, NLL=-1161.7472, KL=13.9635, AvgS=499.99, ProxLoss=0.0000
2026-03-19 02:25:09,654 - Server_DefaultID - INFO - Training client 65 (29/30)...
2026-03-19 02:25:10,011 - Server_DefaultID - INFO - Client 65: Acc=60.62, Loss=-342.3271, NLL=-1161.2871, KL=13.9618, AvgS=499.79, ProxLoss=0.0000
2026-03-19 02:25:10,011 - Server_DefaultID - INFO - Training client 81 (30/30)...
2026-03-19 02:25:11,723 - Server_DefaultID - INFO - Client 81: Acc=77.95, Loss=-341.3108, NLL=-1161.7673, KL=13.9636, AvgS=500.00, ProxLoss=0.0000
2026-03-19 02:25:11,837 - Server_DefaultID - WARNING - Global prior extremely imbalanced (max/min=1.0), applied adaptive smoothing lam=0.10.
2026-03-19 02:25:11,837 - Server_DefaultID - INFO - Round [86/200] Summary | Avg Client Train Stats:	Loss [-341.2403]	 Acc [83.59]	NLL [-1161.7059]	 KL [13.9634]	AvgS [499.97]	 ProxLoss [0.0000]
GlobalPriorAlpha (first 10): [5.0, 5.0, 5.0, 5.0, 5.0, 5.0, 5.0, 5.0, 5.0, 5.0]
Round Time: 56.34s
2026-03-19 02:25:11,841 - Server_DefaultID - INFO - --- Global Round 87/200 ---
2026-03-19 02:25:11,841 - Server_DefaultID - INFO - Selected 30 active clients for round 87.
2026-03-19 02:25:11,841 - Server_DefaultID - INFO - Training client 34 (1/30)...
2026-03-19 02:25:12,640 - Server_DefaultID - INFO - Client 34: Acc=75.73, Loss=-341.9662, NLL=-1161.6345, KL=13.9631, AvgS=499.94, ProxLoss=0.0000
2026-03-19 02:25:12,640 - Server_DefaultID - INFO - Training client 38 (2/30)...
2026-03-19 02:25:13,222 - Server_DefaultID - INFO - Client 38: Acc=54.22, Loss=-343.4272, NLL=-1161.7065, KL=13.9634, AvgS=499.97, ProxLoss=0.0000
2026-03-19 02:25:13,222 - Server_DefaultID - INFO - Training client 6 (3/30)...
2026-03-19 02:25:14,011 - Server_DefaultID - INFO - Client 6: Acc=78.23, Loss=-341.0555, NLL=-1161.7571, KL=13.9636, AvgS=499.99, ProxLoss=0.0000
2026-03-19 02:25:14,011 - Server_DefaultID - INFO - Training client 93 (4/30)...
2026-03-19 02:25:14,666 - Server_DefaultID - INFO - Client 93: Acc=56.09, Loss=-341.9855, NLL=-1161.7202, KL=13.9634, AvgS=499.98, ProxLoss=0.0000
2026-03-19 02:25:14,666 - Server_DefaultID - INFO - Training client 29 (5/30)...
2026-03-19 02:25:15,653 - Server_DefaultID - INFO - Client 29: Acc=81.64, Loss=-340.8981, NLL=-1161.6261, KL=13.9631, AvgS=499.94, ProxLoss=0.0000
2026-03-19 02:25:15,653 - Server_DefaultID - INFO - Training client 70 (6/30)...
2026-03-19 02:25:16,766 - Server_DefaultID - INFO - Client 70: Acc=83.69, Loss=-340.3134, NLL=-1161.7435, KL=13.9635, AvgS=499.99, ProxLoss=0.0000
2026-03-19 02:25:16,766 - Server_DefaultID - INFO - Training client 75 (7/30)...
2026-03-19 02:25:18,615 - Server_DefaultID - INFO - Client 75: Acc=91.68, Loss=-340.2574, NLL=-1161.7468, KL=13.9635, AvgS=499.99, ProxLoss=0.0000
2026-03-19 02:25:18,615 - Server_DefaultID - INFO - Training client 27 (8/30)...
2026-03-19 02:25:19,405 - Server_DefaultID - INFO - Client 27: Acc=73.23, Loss=-342.2471, NLL=-1161.4261, KL=13.9623, AvgS=499.85, ProxLoss=0.0000
2026-03-19 02:25:19,405 - Server_DefaultID - INFO - Training client 15 (9/30)...
2026-03-19 02:25:20,022 - Server_DefaultID - INFO - Client 15: Acc=56.56, Loss=-341.4156, NLL=-1161.5411, KL=13.9627, AvgS=499.90, ProxLoss=0.0000
2026-03-19 02:25:20,023 - Server_DefaultID - INFO - Training client 40 (10/30)...
2026-03-19 02:25:21,360 - Server_DefaultID - INFO - Client 40: Acc=72.29, Loss=-342.8554, NLL=-1161.7166, KL=13.9634, AvgS=499.98, ProxLoss=0.0000
2026-03-19 02:25:21,360 - Server_DefaultID - INFO - Training client 49 (11/30)...
2026-03-19 02:25:22,825 - Server_DefaultID - INFO - Client 49: Acc=81.52, Loss=-341.0112, NLL=-1161.6735, KL=13.9633, AvgS=499.96, ProxLoss=0.0000
2026-03-19 02:25:22,825 - Server_DefaultID - INFO - Training client 65 (12/30)...
2026-03-19 02:25:23,170 - Server_DefaultID - INFO - Client 65: Acc=55.62, Loss=-341.3908, NLL=-1158.8223, KL=13.9521, AvgS=498.73, ProxLoss=0.0000
2026-03-19 02:25:23,171 - Server_DefaultID - INFO - Training client 82 (13/30)...
2026-03-19 02:25:24,340 - Server_DefaultID - INFO - Client 82: Acc=92.50, Loss=-341.0977, NLL=-1161.6279, KL=13.9631, AvgS=499.94, ProxLoss=0.0000
2026-03-19 02:25:24,340 - Server_DefaultID - INFO - Training client 61 (14/30)...
2026-03-19 02:25:25,612 - Server_DefaultID - INFO - Client 61: Acc=70.69, Loss=-343.2456, NLL=-1161.6797, KL=13.9633, AvgS=499.96, ProxLoss=0.0000
2026-03-19 02:25:25,612 - Server_DefaultID - INFO - Training client 2 (15/30)...
2026-03-19 02:25:27,772 - Server_DefaultID - INFO - Client 2: Acc=79.86, Loss=-341.3272, NLL=-1161.7591, KL=13.9636, AvgS=500.00, ProxLoss=0.0000
2026-03-19 02:25:27,772 - Server_DefaultID - INFO - Training client 1 (16/30)...
2026-03-19 02:25:28,360 - Server_DefaultID - INFO - Client 1: Acc=62.19, Loss=-341.6691, NLL=-1161.6078, KL=13.9630, AvgS=499.93, ProxLoss=0.0000
2026-03-19 02:25:28,360 - Server_DefaultID - INFO - Training client 55 (17/30)...
2026-03-19 02:25:35,792 - Server_DefaultID - INFO - Client 55: Acc=85.70, Loss=-341.9220, NLL=-1161.7560, KL=13.9636, AvgS=499.99, ProxLoss=0.0000
2026-03-19 02:25:35,792 - Server_DefaultID - INFO - Training client 32 (18/30)...
2026-03-19 02:25:37,400 - Server_DefaultID - INFO - Client 32: Acc=84.58, Loss=-341.8477, NLL=-1161.7149, KL=13.9634, AvgS=499.98, ProxLoss=0.0000
2026-03-19 02:25:37,400 - Server_DefaultID - INFO - Training client 60 (19/30)...
2026-03-19 02:25:38,192 - Server_DefaultID - INFO - Client 60: Acc=69.58, Loss=-340.3108, NLL=-1161.4966, KL=13.9626, AvgS=499.88, ProxLoss=0.0000
2026-03-19 02:25:38,192 - Server_DefaultID - INFO - Training client 26 (20/30)...
2026-03-19 02:25:41,819 - Server_DefaultID - INFO - Client 26: Acc=96.82, Loss=-340.4012, NLL=-1161.7672, KL=13.9636, AvgS=500.00, ProxLoss=0.0000
2026-03-19 02:25:41,819 - Server_DefaultID - INFO - Training client 7 (21/30)...
2026-03-19 02:25:43,171 - Server_DefaultID - INFO - Client 7: Acc=59.01, Loss=-341.3545, NLL=-1161.7434, KL=13.9635, AvgS=499.99, ProxLoss=0.0000
2026-03-19 02:25:43,171 - Server_DefaultID - INFO - Training client 9 (22/30)...
2026-03-19 02:25:44,831 - Server_DefaultID - INFO - Client 9: Acc=97.54, Loss=-339.9165, NLL=-1161.7675, KL=13.9636, AvgS=500.00, ProxLoss=0.0000
2026-03-19 02:25:44,831 - Server_DefaultID - INFO - Training client 0 (23/30)...
2026-03-19 02:25:45,245 - Server_DefaultID - INFO - Client 0: Acc=32.81, Loss=-340.1503, NLL=-1157.9103, KL=13.9475, AvgS=498.33, ProxLoss=0.0000
2026-03-19 02:25:45,245 - Server_DefaultID - INFO - Training client 10 (24/30)...
2026-03-19 02:25:46,253 - Server_DefaultID - INFO - Client 10: Acc=48.36, Loss=-342.7167, NLL=-1161.6330, KL=13.9631, AvgS=499.94, ProxLoss=0.0000
2026-03-19 02:25:46,254 - Server_DefaultID - INFO - Training client 46 (25/30)...
2026-03-19 02:25:48,057 - Server_DefaultID - INFO - Client 46: Acc=86.68, Loss=-341.3465, NLL=-1161.7675, KL=13.9636, AvgS=500.00, ProxLoss=0.0000
2026-03-19 02:25:48,057 - Server_DefaultID - INFO - Training client 28 (26/30)...
2026-03-19 02:25:48,446 - Server_DefaultID - INFO - Client 28: Acc=94.06, Loss=-340.7191, NLL=-1160.8730, KL=13.9601, AvgS=499.61, ProxLoss=0.0000
2026-03-19 02:25:48,446 - Server_DefaultID - INFO - Training client 66 (27/30)...
2026-03-19 02:25:50,266 - Server_DefaultID - INFO - Client 66: Acc=88.04, Loss=-340.8298, NLL=-1161.7437, KL=13.9635, AvgS=499.99, ProxLoss=0.0000
2026-03-19 02:25:50,266 - Server_DefaultID - INFO - Training client 90 (28/30)...
2026-03-19 02:25:52,144 - Client_90 - WARNING - Client 90: Too few classes (1) or samples (592) for alpha report, returning uniform.
2026-03-19 02:25:52,144 - Server_DefaultID - INFO - Client 90: Acc=100.00, Loss=-338.7211, NLL=-1161.7646, KL=13.9636, AvgS=500.00, ProxLoss=0.0000
2026-03-19 02:25:52,144 - Server_DefaultID - INFO - Training client 62 (29/30)...
2026-03-19 02:25:52,740 - Server_DefaultID - INFO - Client 62: Acc=89.06, Loss=-342.1033, NLL=-1161.6682, KL=13.9632, AvgS=499.96, ProxLoss=0.0000
2026-03-19 02:25:52,740 - Server_DefaultID - INFO - Training client 44 (30/30)...
2026-03-19 02:25:54,889 - Server_DefaultID - INFO - Client 44: Acc=91.39, Loss=-340.9426, NLL=-1161.7460, KL=13.9635, AvgS=499.99, ProxLoss=0.0000
2026-03-19 02:25:55,030 - Server_DefaultID - WARNING - Global prior extremely imbalanced (max/min=1.0), applied adaptive smoothing lam=0.10.
2026-03-19 02:25:55,031 - Server_DefaultID - INFO - Round [87/200] Summary | Avg Client Train Stats:	Loss [-341.2139]	 Acc [82.81]	NLL [-1161.6732]	 KL [13.9632]	AvgS [499.96]	 ProxLoss [0.0000]
GlobalPriorAlpha (first 10): [5.0, 5.0, 5.0, 5.0, 5.0, 5.0, 5.0, 5.0, 5.0, 5.0]
Round Time: 43.19s
2026-03-19 02:25:55,034 - Server_DefaultID - INFO - --- Global Round 88/200 ---
2026-03-19 02:25:55,035 - Server_DefaultID - INFO - Selected 30 active clients for round 88.
2026-03-19 02:25:55,035 - Server_DefaultID - INFO - Training client 21 (1/30)...
2026-03-19 02:25:56,980 - Server_DefaultID - INFO - Client 21: Acc=66.84, Loss=-342.8025, NLL=-1161.7641, KL=13.9636, AvgS=500.00, ProxLoss=0.0000
2026-03-19 02:25:56,980 - Server_DefaultID - INFO - Training client 11 (2/30)...
2026-03-19 02:25:58,397 - Server_DefaultID - INFO - Client 11: Acc=90.73, Loss=-341.5259, NLL=-1161.7041, KL=13.9634, AvgS=499.97, ProxLoss=0.0000
2026-03-19 02:25:58,397 - Server_DefaultID - INFO - Training client 39 (3/30)...
